ISO-10303-21;
HEADER;
FILE_DESCRIPTION(('Open CASCADE Model'),'2;1');
FILE_NAME('Open CASCADE Shape Model','2026-09-26T13:03:43',('Author'),(
    'Open CASCADE'),'Open CASCADE STEP processor 8.0','Open CASCADE 8.0'
  ,'Unknown');
FILE_SCHEMA((
'AP242_MANAGED_MODEL_BASED_3D_ENGINEERING_MIM_LF {1 0 10303 442 1 1 4 }'
    ));
ENDSEC;
DATA;
#1 = APPLICATION_PROTOCOL_DEFINITION('international standard',
  'ap242_managed_model_based_3d_engineering',2013,#2);
#2 = APPLICATION_CONTEXT('Managed model based 3d engineering');
#3 = SHAPE_DEFINITION_REPRESENTATION(#4,#10);
#4 = PRODUCT_DEFINITION_SHAPE('','',#5);
#5 = PRODUCT_DEFINITION('design','',#6,#9);
#6 = PRODUCT_DEFINITION_FORMATION('','',#7);
#7 = PRODUCT('Mirror plate','Mirror plate','',(#8));
#8 = PRODUCT_CONTEXT('',#2,'mechanical');
#9 = PRODUCT_DEFINITION_CONTEXT('part definition',#2,'design');
#10 = ADVANCED_BREP_SHAPE_REPRESENTATION('',(#11,#15),#6520);
#11 = AXIS2_PLACEMENT_3D('',#12,#13,#14);
#12 = CARTESIAN_POINT('',(0.,0.,0.));
#13 = DIRECTION('',(0.,0.,1.));
#14 = DIRECTION('',(1.,0.,-0.));
#15 = MANIFOLD_SOLID_BREP('',#16);
#16 = CLOSED_SHELL('',(#17,#307,#446,#582,#1686,#1795,#1877,#1926,#1977,
    #1981,#2032,#2113,#2167,#2221,#2298,#2348,#2402,#2511,#2653,#2774,
    #2829,#2980,#3052,#3166,#3237,#3311,#3361,#3433,#3487,#3558,#3612,
    #3666,#3720,#3774,#3879,#3929,#4067,#4116,#4237,#4336,#4487,#4629,
    #4656,#4710,#4764,#4818,#4872,#4903,#5206,#5235,#5273,#5302,#5402,
    #5440,#5490,#5592,#5620,#5649,#5749,#5787,#5837,#5939,#5967,#6022,
    #6077,#6132,#6187,#6242,#6297,#6352,#6359,#6414,#6418,#6425,#6480,
    #6484,#6488,#6492,#6496,#6500,#6504,#6508,#6512,#6516));
#17 = ADVANCED_FACE('',(#18),#33,.F.);
#18 = FACE_BOUND('',#19,.T.);
#19 = EDGE_LOOP('',(#20,#56,#80,#180,#209));
#20 = ORIENTED_EDGE('',*,*,#21,.F.);
#21 = EDGE_CURVE('',#22,#24,#26,.T.);
#22 = VERTEX_POINT('',#23);
#23 = CARTESIAN_POINT('',(64.392317665924,-33.02,9.));
#24 = VERTEX_POINT('',#25);
#25 = CARTESIAN_POINT('',(61.360650754232,-38.89068984574,9.));
#26 = SURFACE_CURVE('',#27,(#32,#44),.PCURVE_S1.);
#27 = CIRCLE('',#28,7.2);
#28 = AXIS2_PLACEMENT_3D('',#29,#30,#31);
#29 = CARTESIAN_POINT('',(57.192317665924,-33.02,9.));
#30 = DIRECTION('',(0.,0.,1.));
#31 = DIRECTION('',(1.,0.,-0.));
#32 = PCURVE('',#33,#38);
#33 = TOROIDAL_SURFACE('',#34,9.2,2.);
#34 = AXIS2_PLACEMENT_3D('',#35,#36,#37);
#35 = CARTESIAN_POINT('',(57.192317665924,-33.02,9.));
#36 = DIRECTION('',(-0.,-0.,-1.));
#37 = DIRECTION('',(1.,0.,-0.));
#38 = DEFINITIONAL_REPRESENTATION('',(#39),#43);
#39 = LINE('',#40,#41);
#40 = CARTESIAN_POINT('',(-6.28318530718,3.14159265359));
#41 = VECTOR('',#42,1.);
#42 = DIRECTION('',(-1.,0.));
#43 = ( GEOMETRIC_REPRESENTATION_CONTEXT(2) 
PARAMETRIC_REPRESENTATION_CONTEXT() REPRESENTATION_CONTEXT('2D SPACE',''
  ) );
#44 = PCURVE('',#45,#50);
#45 = CYLINDRICAL_SURFACE('',#46,7.2);
#46 = AXIS2_PLACEMENT_3D('',#47,#48,#49);
#47 = CARTESIAN_POINT('',(57.192317665924,-33.02,0.));
#48 = DIRECTION('',(0.,0.,1.));
#49 = DIRECTION('',(1.,0.,-0.));
#50 = DEFINITIONAL_REPRESENTATION('',(#51),#55);
#51 = LINE('',#52,#53);
#52 = CARTESIAN_POINT('',(0.,9.));
#53 = VECTOR('',#54,1.);
#54 = DIRECTION('',(1.,0.));
#55 = ( GEOMETRIC_REPRESENTATION_CONTEXT(2) 
PARAMETRIC_REPRESENTATION_CONTEXT() REPRESENTATION_CONTEXT('2D SPACE',''
  ) );
#56 = ORIENTED_EDGE('',*,*,#57,.F.);
#57 = EDGE_CURVE('',#58,#22,#60,.T.);
#58 = VERTEX_POINT('',#59);
#59 = CARTESIAN_POINT('',(64.360650754232,-33.69453742303,9.));
#60 = SURFACE_CURVE('',#61,(#66,#73),.PCURVE_S1.);
#61 = CIRCLE('',#62,7.2);
#62 = AXIS2_PLACEMENT_3D('',#63,#64,#65);
#63 = CARTESIAN_POINT('',(57.192317665924,-33.02,9.));
#64 = DIRECTION('',(0.,0.,1.));
#65 = DIRECTION('',(1.,0.,-0.));
#66 = PCURVE('',#33,#67);
#67 = DEFINITIONAL_REPRESENTATION('',(#68),#72);
#68 = LINE('',#69,#70);
#69 = CARTESIAN_POINT('',(-0.,3.14159265359));
#70 = VECTOR('',#71,1.);
#71 = DIRECTION('',(-1.,0.));
#72 = ( GEOMETRIC_REPRESENTATION_CONTEXT(2) 
PARAMETRIC_REPRESENTATION_CONTEXT() REPRESENTATION_CONTEXT('2D SPACE',''
  ) );
#73 = PCURVE('',#45,#74);
#74 = DEFINITIONAL_REPRESENTATION('',(#75),#79);
#75 = LINE('',#76,#77);
#76 = CARTESIAN_POINT('',(0.,9.));
#77 = VECTOR('',#78,1.);
#78 = DIRECTION('',(1.,0.));
#79 = ( GEOMETRIC_REPRESENTATION_CONTEXT(2) 
PARAMETRIC_REPRESENTATION_CONTEXT() REPRESENTATION_CONTEXT('2D SPACE',''
  ) );
#80 = ORIENTED_EDGE('',*,*,#81,.T.);
#81 = EDGE_CURVE('',#58,#82,#84,.T.);
#82 = VERTEX_POINT('',#83);
#83 = CARTESIAN_POINT('',(66.380366708807,-32.55121989633,7.));
#84 = SURFACE_CURVE('',#85,(#113,#144),.PCURVE_S1.);
#85 = B_SPLINE_CURVE_WITH_KNOTS('',6,(#86,#87,#88,#89,#90,#91,#92,#93,
    #94,#95,#96,#97,#98,#99,#100,#101,#102,#103,#104,#105,#106,#107,#108
    ,#109,#110,#111,#112),.UNSPECIFIED.,.F.,.F.,(7,5,5,5,5,7),(0.,
    0.165424638309,0.33851974687,0.490506518769,0.901086516663,1.),
  .UNSPECIFIED.);
#86 = CARTESIAN_POINT('',(64.360650754232,-33.69453742303,9.));
#87 = CARTESIAN_POINT('',(64.360650754232,-33.69453742303,8.904207512511
    ));
#88 = CARTESIAN_POINT('',(64.36646350561,-33.69153556462,8.808401786989)
  );
#89 = CARTESIAN_POINT('',(64.378090749418,-33.68553150249,8.71323133745)
  );
#90 = CARTESIAN_POINT('',(64.395383449303,-33.6765874717,8.619284505425)
  );
#91 = CARTESIAN_POINT('',(64.41807751108,-33.66481427358,8.527085783756)
  );
#92 = CARTESIAN_POINT('',(64.474868308,-33.63522990178,8.342925638777));
#93 = CARTESIAN_POINT('',(64.509449529018,-33.61716179276,8.25115800847)
  );
#94 = CARTESIAN_POINT('',(64.549191872884,-33.59631361428,8.16228094272)
  );
#95 = CARTESIAN_POINT('',(64.593647212639,-33.5728737619,8.076652890104)
  );
#96 = CARTESIAN_POINT('',(64.642366733992,-33.54703236454,7.994530059535
    ));
#97 = CARTESIAN_POINT('',(64.741082691517,-33.49432839234,7.847212722049
    ));
#98 = CARTESIAN_POINT('',(64.790199017499,-33.46797460315,7.781175149753
    ));
#99 = CARTESIAN_POINT('',(64.841997641767,-33.44002742725,7.718088799226
    ));
#100 = CARTESIAN_POINT('',(64.896212392521,-33.41060159922,
    7.658029684948));
#101 = CARTESIAN_POINT('',(64.952598885653,-33.37980388987,7.60104612618
    ));
#102 = CARTESIAN_POINT('',(65.168549381816,-33.26108468323,7.40162056996
    ));
#103 = CARTESIAN_POINT('',(65.340279661914,-33.16520967977,7.27887472332
    ));
#104 = CARTESIAN_POINT('',(65.522099678316,-33.06187100134,
    7.179190159872));
#105 = CARTESIAN_POINT('',(65.710756398309,-32.95262562947,
    7.102869068332));
#106 = CARTESIAN_POINT('',(65.90351378261,-32.83896354021,7.050012923452
    ));
#107 = CARTESIAN_POINT('',(66.145063295403,-32.69406916278,
    7.014029593363));
#108 = CARTESIAN_POINT('',(66.192059865319,-32.66576410603,
    7.008429675668));
#109 = CARTESIAN_POINT('',(66.239123512073,-32.63730481964,
    7.004220959573));
#110 = CARTESIAN_POINT('',(66.286219264672,-32.60871282901,
    7.001409072355));
#111 = CARTESIAN_POINT('',(66.333312053199,-32.5800102715,6.99999998256)
  );
#112 = CARTESIAN_POINT('',(66.380366708807,-32.55121989633,7.));
#113 = PCURVE('',#33,#114);
#114 = DEFINITIONAL_REPRESENTATION('',(#115),#143);
#115 = B_SPLINE_CURVE_WITH_KNOTS('',6,(#116,#117,#118,#119,#120,#121,
    #122,#123,#124,#125,#126,#127,#128,#129,#130,#131,#132,#133,#134,
    #135,#136,#137,#138,#139,#140,#141,#142),.UNSPECIFIED.,.F.,.F.,(7,5,
    5,5,5,7),(0.,0.165424638309,0.33851974687,0.490506518769,
    0.901086516663,1.),.UNSPECIFIED.);
#116 = CARTESIAN_POINT('',(-6.189361962886,3.14159265359));
#117 = CARTESIAN_POINT('',(-6.189361962886,3.093696409845));
#118 = CARTESIAN_POINT('',(-6.189852640868,3.04579372487));
#119 = CARTESIAN_POINT('',(-6.190834306646,2.998010198302));
#120 = CARTESIAN_POINT('',(-6.192290275414,2.950443810826));
#121 = CARTESIAN_POINT('',(-6.194191192904,2.903176160478));
#122 = CARTESIAN_POINT('',(-6.198914554119,2.807216910548));
#123 = CARTESIAN_POINT('',(-6.20177604727,2.758552705138));
#124 = CARTESIAN_POINT('',(-6.205041804194,2.710360647598));
#125 = CARTESIAN_POINT('',(-6.208662433742,2.662672464891));
#126 = CARTESIAN_POINT('',(-6.212589168588,2.615498929472));
#127 = CARTESIAN_POINT('',(-6.220454187692,2.527852509316));
#128 = CARTESIAN_POINT('',(-6.224332686695,2.487264069835));
#129 = CARTESIAN_POINT('',(-6.228382329868,2.44705438275));
#130 = CARTESIAN_POINT('',(-6.232575129266,2.407206693384));
#131 = CARTESIAN_POINT('',(-6.236885966353,2.36769817243));
#132 = CARTESIAN_POINT('',(-6.253199196677,2.222609754677));
#133 = CARTESIAN_POINT('',(-6.265797490456,2.119085485295));
#134 = CARTESIAN_POINT('',(-6.278679073643,2.017176208425));
#135 = CARTESIAN_POINT('',(-6.291558880169,1.916373852872));
#136 = CARTESIAN_POINT('',(-6.304245361751,1.816168462305));
#137 = CARTESIAN_POINT('',(-6.319590828566,1.691732440199));
#138 = CARTESIAN_POINT('',(-6.322550909042,1.667574237573));
#139 = CARTESIAN_POINT('',(-6.325489881967,1.643408607946));
#140 = CARTESIAN_POINT('',(-6.328405850902,1.61922838396));
#141 = CARTESIAN_POINT('',(-6.331297029453,1.595026566921));
#142 = CARTESIAN_POINT('',(-6.334161741271,1.570796326795));
#143 = ( GEOMETRIC_REPRESENTATION_CONTEXT(2) 
PARAMETRIC_REPRESENTATION_CONTEXT() REPRESENTATION_CONTEXT('2D SPACE',''
  ) );
#144 = PCURVE('',#145,#150);
#145 = CYLINDRICAL_SURFACE('',#146,2.);
#146 = AXIS2_PLACEMENT_3D('',#147,#148,#149);
#147 = CARTESIAN_POINT('',(60.731548150466,-29.28987298107,9.));
#148 = DIRECTION('',(0.866025403784,-0.5,0.));
#149 = DIRECTION('',(0.,0.,1.));
#150 = DEFINITIONAL_REPRESENTATION('',(#151),#179);
#151 = B_SPLINE_CURVE_WITH_KNOTS('',6,(#152,#153,#154,#155,#156,#157,
    #158,#159,#160,#161,#162,#163,#164,#165,#166,#167,#168,#169,#170,
    #171,#172,#173,#174,#175,#176,#177,#178),.UNSPECIFIED.,.F.,.F.,(7,5,
    5,5,5,7),(0.,0.165424638309,0.33851974687,0.490506518769,
    0.901086516663,1.),.UNSPECIFIED.);
#152 = CARTESIAN_POINT('',(1.570796326795,5.345227268781));
#153 = CARTESIAN_POINT('',(1.618692570539,5.345227268781));
#154 = CARTESIAN_POINT('',(1.666595255515,5.348760329934));
#155 = CARTESIAN_POINT('',(1.714378782083,5.355827787383));
#156 = CARTESIAN_POINT('',(1.761945169558,5.366331689388));
#157 = CARTESIAN_POINT('',(1.809212819907,5.380098724342));
#158 = CARTESIAN_POINT('',(1.905172069837,5.414488811278));
#159 = CARTESIAN_POINT('',(1.953836275247,5.435402972663));
#160 = CARTESIAN_POINT('',(2.002028332787,5.459396762815));
#161 = CARTESIAN_POINT('',(2.049716515494,5.486176290187));
#162 = CARTESIAN_POINT('',(2.096890050913,5.515447934662));
#163 = CARTESIAN_POINT('',(2.184536471069,5.574586475533));
#164 = CARTESIAN_POINT('',(2.225124910549,5.603945566979));
#165 = CARTESIAN_POINT('',(2.265334597635,5.634830903529));
#166 = CARTESIAN_POINT('',(2.305182287001,5.667069340927));
#167 = CARTESIAN_POINT('',(2.344690807954,5.700502621731));
#168 = CARTESIAN_POINT('',(2.489779225707,5.828161634051));
#169 = CARTESIAN_POINT('',(2.59330349509,5.928946917486));
#170 = CARTESIAN_POINT('',(2.695212771959,6.034738331388));
#171 = CARTESIAN_POINT('',(2.796015127513,6.143497157565));
#172 = CARTESIAN_POINT('',(2.89622051808,6.253598904506));
#173 = CARTESIAN_POINT('',(3.020656540186,6.390339730142));
#174 = CARTESIAN_POINT('',(3.044814742811,6.416887425206));
#175 = CARTESIAN_POINT('',(3.068980372439,6.44341609569));
#176 = CARTESIAN_POINT('',(3.093160596425,6.469906218541));
#177 = CARTESIAN_POINT('',(3.117362413464,6.496338490984));
#178 = CARTESIAN_POINT('',(3.14159265359,6.522693830523));
#179 = ( GEOMETRIC_REPRESENTATION_CONTEXT(2) 
PARAMETRIC_REPRESENTATION_CONTEXT() REPRESENTATION_CONTEXT('2D SPACE',''
  ) );
#180 = ORIENTED_EDGE('',*,*,#181,.T.);
#181 = EDGE_CURVE('',#82,#182,#184,.T.);
#182 = VERTEX_POINT('',#183);
#183 = CARTESIAN_POINT('',(61.380366708806,-41.21147393418,7.));
#184 = SURFACE_CURVE('',#185,(#190,#197),.PCURVE_S1.);
#185 = CIRCLE('',#186,9.2);
#186 = AXIS2_PLACEMENT_3D('',#187,#188,#189);
#187 = CARTESIAN_POINT('',(57.192317665924,-33.02,7.));
#188 = DIRECTION('',(-0.,0.,1.));
#189 = DIRECTION('',(0.981731741637,-0.190270301052,0.));
#190 = PCURVE('',#33,#191);
#191 = DEFINITIONAL_REPRESENTATION('',(#192),#196);
#192 = LINE('',#193,#194);
#193 = CARTESIAN_POINT('',(-6.091747837123,1.570796326795));
#194 = VECTOR('',#195,1.);
#195 = DIRECTION('',(-1.,0.));
#196 = ( GEOMETRIC_REPRESENTATION_CONTEXT(2) 
PARAMETRIC_REPRESENTATION_CONTEXT() REPRESENTATION_CONTEXT('2D SPACE',''
  ) );
#197 = PCURVE('',#198,#203);
#198 = PLANE('',#199);
#199 = AXIS2_PLACEMENT_3D('',#200,#201,#202);
#200 = CARTESIAN_POINT('',(74.768615185359,-27.83980055541,7.));
#201 = DIRECTION('',(0.,0.,1.));
#202 = DIRECTION('',(0.866025403784,-0.5,0.));
#203 = DEFINITIONAL_REPRESENTATION('',(#204),#208);
#204 = CIRCLE('',#205,9.2);
#205 = AXIS2_PLACEMENT_2D('',#206,#207);
#206 = CARTESIAN_POINT('',(-12.631420434,-13.2743330754));
#207 = DIRECTION('',(0.945339778485,0.326086956522));
#208 = ( GEOMETRIC_REPRESENTATION_CONTEXT(2) 
PARAMETRIC_REPRESENTATION_CONTEXT() REPRESENTATION_CONTEXT('2D SPACE',''
  ) );
#209 = ORIENTED_EDGE('',*,*,#210,.F.);
#210 = EDGE_CURVE('',#24,#182,#211,.T.);
#211 = SURFACE_CURVE('',#212,(#240,#271),.PCURVE_S1.);
#212 = B_SPLINE_CURVE_WITH_KNOTS('',6,(#213,#214,#215,#216,#217,#218,
    #219,#220,#221,#222,#223,#224,#225,#226,#227,#228,#229,#230,#231,
    #232,#233,#234,#235,#236,#237,#238,#239),.UNSPECIFIED.,.F.,.F.,(7,5,
    5,5,5,7),(0.,0.165424638296,0.338519746861,0.490506518765,
    0.901086516672,1.),.UNSPECIFIED.);
#213 = CARTESIAN_POINT('',(61.360650754232,-38.89068984574,9.));
#214 = CARTESIAN_POINT('',(61.360650754232,-38.89068984574,
    8.904207512522));
#215 = CARTESIAN_POINT('',(61.360957444276,-38.8972247653,8.80840178701)
  );
#216 = CARTESIAN_POINT('',(61.361571395851,-38.91029628488,
    8.713231337482));
#217 = CARTESIAN_POINT('',(61.362471987915,-38.92974421767,
    8.619284505467));
#218 = CARTESIAN_POINT('',(61.363623130147,-38.95528445074,
    8.527085783808));
#219 = CARTESIAN_POINT('',(61.366397711078,-39.01925890946,
    8.342925638836));
#220 = CARTESIAN_POINT('',(61.368040880176,-39.05824117986,
    8.251158008529));
#221 = CARTESIAN_POINT('',(61.369856999919,-39.1030831485,8.162280942777
    ));
#222 = CARTESIAN_POINT('',(61.371785162175,-39.15330252824,8.07665289016
    ));
#223 = CARTESIAN_POINT('',(61.373765616273,-39.20841557007,7.99453005959
    ));
#224 = CARTESIAN_POINT('',(61.377480616222,-39.32025808315,
    7.847212722101));
#225 = CARTESIAN_POINT('',(61.379215728289,-39.37597096378,
    7.781175149803));
#226 = CARTESIAN_POINT('',(61.380912076134,-39.43480347622,
    7.718088799275));
#227 = CARTESIAN_POINT('',(61.382535936911,-39.49646774165,
    7.658029684995));
#228 = CARTESIAN_POINT('',(61.384057584795,-39.5606987318,7.601046126225
    ));
#229 = CARTESIAN_POINT('',(61.389218984014,-39.80707695075,
    7.401620569999));
#230 = CARTESIAN_POINT('',(61.392053935481,-40.00373723764,
    7.278874723353));
#231 = CARTESIAN_POINT('',(61.393470022963,-40.21286732998,
    7.179190159899));
#232 = CARTESIAN_POINT('',(61.39318911568,-40.43087152802,7.102869068353
    ));
#233 = CARTESIAN_POINT('',(61.391133551084,-40.65463536422,
    7.050012923467));
#234 = CARTESIAN_POINT('',(61.38642609576,-40.93627056727,7.014029593372
    ));
#235 = CARTESIAN_POINT('',(61.385411482719,-40.99112331901,
    7.008429675675));
#236 = CARTESIAN_POINT('',(61.384296841022,-41.04611127592,
    7.004220959578));
#237 = CARTESIAN_POINT('',(61.383083326741,-41.10119338952,
    7.001409072359));
#238 = CARTESIAN_POINT('',(61.381772576887,-41.15632821952,
    6.999999982562));
#239 = CARTESIAN_POINT('',(61.380366709404,-41.21147393387,7.));
#240 = PCURVE('',#33,#241);
#241 = DEFINITIONAL_REPRESENTATION('',(#242),#270);
#242 = B_SPLINE_CURVE_WITH_KNOTS('',6,(#243,#244,#245,#246,#247,#248,
    #249,#250,#251,#252,#253,#254,#255,#256,#257,#258,#259,#260,#261,
    #262,#263,#264,#265,#266,#267,#268,#269),.UNSPECIFIED.,.F.,.F.,(7,5,
    5,5,5,7),(0.,0.165424638296,0.338519746861,0.490506518765,
    0.901086516672,1.),.UNSPECIFIED.);
#243 = CARTESIAN_POINT('',(-11.61299640745,3.14159265359));
#244 = CARTESIAN_POINT('',(-11.61299640745,3.093696409851));
#245 = CARTESIAN_POINT('',(-11.61250572947,3.045793724881));
#246 = CARTESIAN_POINT('',(-11.61152406369,2.998010198318));
#247 = CARTESIAN_POINT('',(-11.61006809492,2.950443810848));
#248 = CARTESIAN_POINT('',(-11.60816717743,2.903176160505));
#249 = CARTESIAN_POINT('',(-11.60344381622,2.807216910579));
#250 = CARTESIAN_POINT('',(-11.60058232307,2.75855270517));
#251 = CARTESIAN_POINT('',(-11.59731656615,2.710360647629));
#252 = CARTESIAN_POINT('',(-11.5936959366,2.662672464922));
#253 = CARTESIAN_POINT('',(-11.58976920175,2.615498929503));
#254 = CARTESIAN_POINT('',(-11.58190418265,2.527852509348));
#255 = CARTESIAN_POINT('',(-11.57802568365,2.487264069867));
#256 = CARTESIAN_POINT('',(-11.57397604047,2.447054382781));
#257 = CARTESIAN_POINT('',(-11.56978324107,2.407206693416));
#258 = CARTESIAN_POINT('',(-11.56547240399,2.367698172462));
#259 = CARTESIAN_POINT('',(-11.54915917366,2.222609754709));
#260 = CARTESIAN_POINT('',(-11.53656087989,2.119085485326));
#261 = CARTESIAN_POINT('',(-11.5236792967,2.017176208456));
#262 = CARTESIAN_POINT('',(-11.51079949017,1.916373852903));
#263 = CARTESIAN_POINT('',(-11.49811300859,1.816168462336));
#264 = CARTESIAN_POINT('',(-11.48276754178,1.691732440233));
#265 = CARTESIAN_POINT('',(-11.47980746132,1.667574237594));
#266 = CARTESIAN_POINT('',(-11.47686848839,1.643408607972));
#267 = CARTESIAN_POINT('',(-11.47395251941,1.619228384013));
#268 = CARTESIAN_POINT('',(-11.47106134084,1.595026566988));
#269 = CARTESIAN_POINT('',(-11.46819662914,1.570796326795));
#270 = ( GEOMETRIC_REPRESENTATION_CONTEXT(2) 
PARAMETRIC_REPRESENTATION_CONTEXT() REPRESENTATION_CONTEXT('2D SPACE',''
  ) );
#271 = PCURVE('',#272,#277);
#272 = CYLINDRICAL_SURFACE('',#273,2.);
#273 = AXIS2_PLACEMENT_3D('',#274,#275,#276);
#274 = CARTESIAN_POINT('',(55.731548150466,-37.95012701892,9.));
#275 = DIRECTION('',(0.866025403784,-0.5,0.));
#276 = DIRECTION('',(0.,0.,1.));
#277 = DEFINITIONAL_REPRESENTATION('',(#278),#306);
#278 = B_SPLINE_CURVE_WITH_KNOTS('',6,(#279,#280,#281,#282,#283,#284,
    #285,#286,#287,#288,#289,#290,#291,#292,#293,#294,#295,#296,#297,
    #298,#299,#300,#301,#302,#303,#304,#305),.UNSPECIFIED.,.F.,.F.,(7,5,
    5,5,5,7),(0.,0.165424638296,0.338519746861,0.490506518765,
    0.901086516672,1.),.UNSPECIFIED.);
#279 = CARTESIAN_POINT('',(4.712388980385,5.345227268781));
#280 = CARTESIAN_POINT('',(4.664492736645,5.345227268781));
#281 = CARTESIAN_POINT('',(4.616590051676,5.348760329933));
#282 = CARTESIAN_POINT('',(4.568806525113,5.355827787381));
#283 = CARTESIAN_POINT('',(4.521240137643,5.366331689383));
#284 = CARTESIAN_POINT('',(4.473972487299,5.380098724334));
#285 = CARTESIAN_POINT('',(4.378013237374,5.414488811265));
#286 = CARTESIAN_POINT('',(4.329349031965,5.435402972648));
#287 = CARTESIAN_POINT('',(4.281156974424,5.459396762799));
#288 = CARTESIAN_POINT('',(4.233468791717,5.486176290169));
#289 = CARTESIAN_POINT('',(4.186295256298,5.515447934642));
#290 = CARTESIAN_POINT('',(4.098648836142,5.57458647551));
#291 = CARTESIAN_POINT('',(4.058060396662,5.603945566955));
#292 = CARTESIAN_POINT('',(4.017850709576,5.634830903504));
#293 = CARTESIAN_POINT('',(3.97800302021,5.667069340901));
#294 = CARTESIAN_POINT('',(3.938494499257,5.700502621704));
#295 = CARTESIAN_POINT('',(3.793406081504,5.828161634021));
#296 = CARTESIAN_POINT('',(3.689881812121,5.928946917454));
#297 = CARTESIAN_POINT('',(3.587972535251,6.034738331356));
#298 = CARTESIAN_POINT('',(3.487170179698,6.143497157531));
#299 = CARTESIAN_POINT('',(3.386964789131,6.253598904472));
#300 = CARTESIAN_POINT('',(3.262528767028,6.390339730104));
#301 = CARTESIAN_POINT('',(3.238370564389,6.416887425305));
#302 = CARTESIAN_POINT('',(3.214204934767,6.443416095734));
#303 = CARTESIAN_POINT('',(3.190024710808,6.469906218336));
#304 = CARTESIAN_POINT('',(3.165822893783,6.496338490667));
#305 = CARTESIAN_POINT('',(3.14159265359,6.522693830888));
#306 = ( GEOMETRIC_REPRESENTATION_CONTEXT(2) 
PARAMETRIC_REPRESENTATION_CONTEXT() REPRESENTATION_CONTEXT('2D SPACE',''
  ) );
#307 = ADVANCED_FACE('',(#308),#45,.T.);
#308 = FACE_BOUND('',#309,.T.);
#309 = EDGE_LOOP('',(#310,#338,#339,#362,#389,#390,#391,#419));
#310 = ORIENTED_EDGE('',*,*,#311,.F.);
#311 = EDGE_CURVE('',#58,#312,#314,.T.);
#312 = VERTEX_POINT('',#313);
#313 = CARTESIAN_POINT('',(64.360650754232,-33.69453742303,11.));
#314 = SURFACE_CURVE('',#315,(#319,#326),.PCURVE_S1.);
#315 = LINE('',#316,#317);
#316 = CARTESIAN_POINT('',(64.360650754232,-33.69453742303,0.));
#317 = VECTOR('',#318,1.);
#318 = DIRECTION('',(0.,0.,1.));
#319 = PCURVE('',#45,#320);
#320 = DEFINITIONAL_REPRESENTATION('',(#321),#325);
#321 = LINE('',#322,#323);
#322 = CARTESIAN_POINT('',(6.189361962886,0.));
#323 = VECTOR('',#324,1.);
#324 = DIRECTION('',(0.,1.));
#325 = ( GEOMETRIC_REPRESENTATION_CONTEXT(2) 
PARAMETRIC_REPRESENTATION_CONTEXT() REPRESENTATION_CONTEXT('2D SPACE',''
  ) );
#326 = PCURVE('',#327,#332);
#327 = PLANE('',#328);
#328 = AXIS2_PLACEMENT_3D('',#329,#330,#331);
#329 = CARTESIAN_POINT('',(90.137700077337,-48.57692378864,6.99));
#330 = DIRECTION('',(-0.5,-0.866025403784,0.));
#331 = DIRECTION('',(-0.866025403784,0.5,0.));
#332 = DEFINITIONAL_REPRESENTATION('',(#333),#337);
#333 = LINE('',#334,#335);
#334 = CARTESIAN_POINT('',(29.764772731219,6.99));
#335 = VECTOR('',#336,1.);
#336 = DIRECTION('',(0.,-1.));
#337 = ( GEOMETRIC_REPRESENTATION_CONTEXT(2) 
PARAMETRIC_REPRESENTATION_CONTEXT() REPRESENTATION_CONTEXT('2D SPACE',''
  ) );
#338 = ORIENTED_EDGE('',*,*,#57,.T.);
#339 = ORIENTED_EDGE('',*,*,#340,.T.);
#340 = EDGE_CURVE('',#22,#341,#343,.T.);
#341 = VERTEX_POINT('',#342);
#342 = CARTESIAN_POINT('',(64.392317665924,-33.02,16.));
#343 = SEAM_CURVE('',#344,(#348,#355),.PCURVE_S1.);
#344 = LINE('',#345,#346);
#345 = CARTESIAN_POINT('',(64.392317665924,-33.02,0.));
#346 = VECTOR('',#347,1.);
#347 = DIRECTION('',(0.,0.,1.));
#348 = PCURVE('',#45,#349);
#349 = DEFINITIONAL_REPRESENTATION('',(#350),#354);
#350 = LINE('',#351,#352);
#351 = CARTESIAN_POINT('',(0.,-0.));
#352 = VECTOR('',#353,1.);
#353 = DIRECTION('',(0.,1.));
#354 = ( GEOMETRIC_REPRESENTATION_CONTEXT(2) 
PARAMETRIC_REPRESENTATION_CONTEXT() REPRESENTATION_CONTEXT('2D SPACE',''
  ) );
#355 = PCURVE('',#45,#356);
#356 = DEFINITIONAL_REPRESENTATION('',(#357),#361);
#357 = LINE('',#358,#359);
#358 = CARTESIAN_POINT('',(6.28318530718,-0.));
#359 = VECTOR('',#360,1.);
#360 = DIRECTION('',(0.,1.));
#361 = ( GEOMETRIC_REPRESENTATION_CONTEXT(2) 
PARAMETRIC_REPRESENTATION_CONTEXT() REPRESENTATION_CONTEXT('2D SPACE',''
  ) );
#362 = ORIENTED_EDGE('',*,*,#363,.F.);
#363 = EDGE_CURVE('',#341,#341,#364,.T.);
#364 = SURFACE_CURVE('',#365,(#370,#377),.PCURVE_S1.);
#365 = CIRCLE('',#366,7.2);
#366 = AXIS2_PLACEMENT_3D('',#367,#368,#369);
#367 = CARTESIAN_POINT('',(57.192317665924,-33.02,16.));
#368 = DIRECTION('',(0.,0.,1.));
#369 = DIRECTION('',(1.,0.,-0.));
#370 = PCURVE('',#45,#371);
#371 = DEFINITIONAL_REPRESENTATION('',(#372),#376);
#372 = LINE('',#373,#374);
#373 = CARTESIAN_POINT('',(0.,16.));
#374 = VECTOR('',#375,1.);
#375 = DIRECTION('',(1.,0.));
#376 = ( GEOMETRIC_REPRESENTATION_CONTEXT(2) 
PARAMETRIC_REPRESENTATION_CONTEXT() REPRESENTATION_CONTEXT('2D SPACE',''
  ) );
#377 = PCURVE('',#378,#383);
#378 = PLANE('',#379);
#379 = AXIS2_PLACEMENT_3D('',#380,#381,#382);
#380 = CARTESIAN_POINT('',(57.192317665924,-33.02,16.));
#381 = DIRECTION('',(0.,0.,1.));
#382 = DIRECTION('',(1.,0.,-0.));
#383 = DEFINITIONAL_REPRESENTATION('',(#384),#388);
#384 = CIRCLE('',#385,7.2);
#385 = AXIS2_PLACEMENT_2D('',#386,#387);
#386 = CARTESIAN_POINT('',(0.,0.));
#387 = DIRECTION('',(1.,0.));
#388 = ( GEOMETRIC_REPRESENTATION_CONTEXT(2) 
PARAMETRIC_REPRESENTATION_CONTEXT() REPRESENTATION_CONTEXT('2D SPACE',''
  ) );
#389 = ORIENTED_EDGE('',*,*,#340,.F.);
#390 = ORIENTED_EDGE('',*,*,#21,.T.);
#391 = ORIENTED_EDGE('',*,*,#392,.T.);
#392 = EDGE_CURVE('',#24,#393,#395,.T.);
#393 = VERTEX_POINT('',#394);
#394 = CARTESIAN_POINT('',(61.360650754232,-38.89068984574,11.));
#395 = SURFACE_CURVE('',#396,(#400,#407),.PCURVE_S1.);
#396 = LINE('',#397,#398);
#397 = CARTESIAN_POINT('',(61.360650754232,-38.89068984574,0.));
#398 = VECTOR('',#399,1.);
#399 = DIRECTION('',(0.,0.,1.));
#400 = PCURVE('',#45,#401);
#401 = DEFINITIONAL_REPRESENTATION('',(#402),#406);
#402 = LINE('',#403,#404);
#403 = CARTESIAN_POINT('',(5.329811100277,0.));
#404 = VECTOR('',#405,1.);
#405 = DIRECTION('',(0.,1.));
#406 = ( GEOMETRIC_REPRESENTATION_CONTEXT(2) 
PARAMETRIC_REPRESENTATION_CONTEXT() REPRESENTATION_CONTEXT('2D SPACE',''
  ) );
#407 = PCURVE('',#408,#413);
#408 = PLANE('',#409);
#409 = AXIS2_PLACEMENT_3D('',#410,#411,#412);
#410 = CARTESIAN_POINT('',(57.59757355425,-36.71807621135,6.99));
#411 = DIRECTION('',(0.5,0.866025403784,-0.));
#412 = DIRECTION('',(0.866025403784,-0.5,0.));
#413 = DEFINITIONAL_REPRESENTATION('',(#414),#418);
#414 = LINE('',#415,#416);
#415 = CARTESIAN_POINT('',(4.345227268781,6.99));
#416 = VECTOR('',#417,1.);
#417 = DIRECTION('',(0.,-1.));
#418 = ( GEOMETRIC_REPRESENTATION_CONTEXT(2) 
PARAMETRIC_REPRESENTATION_CONTEXT() REPRESENTATION_CONTEXT('2D SPACE',''
  ) );
#419 = ORIENTED_EDGE('',*,*,#420,.T.);
#420 = EDGE_CURVE('',#393,#312,#421,.T.);
#421 = SURFACE_CURVE('',#422,(#427,#434),.PCURVE_S1.);
#422 = CIRCLE('',#423,7.2);
#423 = AXIS2_PLACEMENT_3D('',#424,#425,#426);
#424 = CARTESIAN_POINT('',(57.192317665924,-33.02,11.));
#425 = DIRECTION('',(0.,0.,1.));
#426 = DIRECTION('',(1.,0.,-0.));
#427 = PCURVE('',#45,#428);
#428 = DEFINITIONAL_REPRESENTATION('',(#429),#433);
#429 = LINE('',#430,#431);
#430 = CARTESIAN_POINT('',(0.,11.));
#431 = VECTOR('',#432,1.);
#432 = DIRECTION('',(1.,0.));
#433 = ( GEOMETRIC_REPRESENTATION_CONTEXT(2) 
PARAMETRIC_REPRESENTATION_CONTEXT() REPRESENTATION_CONTEXT('2D SPACE',''
  ) );
#434 = PCURVE('',#435,#440);
#435 = PLANE('',#436);
#436 = AXIS2_PLACEMENT_3D('',#437,#438,#439);
#437 = CARTESIAN_POINT('',(73.867636815794,-42.6475,11.));
#438 = DIRECTION('',(0.,0.,1.));
#439 = DIRECTION('',(1.,0.,-0.));
#440 = DEFINITIONAL_REPRESENTATION('',(#441),#445);
#441 = CIRCLE('',#442,7.2);
#442 = AXIS2_PLACEMENT_2D('',#443,#444);
#443 = CARTESIAN_POINT('',(-16.67531914986,9.6275));
#444 = DIRECTION('',(1.,0.));
#445 = ( GEOMETRIC_REPRESENTATION_CONTEXT(2) 
PARAMETRIC_REPRESENTATION_CONTEXT() REPRESENTATION_CONTEXT('2D SPACE',''
  ) );
#446 = ADVANCED_FACE('',(#447),#272,.F.);
#447 = FACE_BOUND('',#448,.F.);
#448 = EDGE_LOOP('',(#449,#472,#473,#496));
#449 = ORIENTED_EDGE('',*,*,#450,.F.);
#450 = EDGE_CURVE('',#182,#451,#453,.T.);
#451 = VERTEX_POINT('',#452);
#452 = CARTESIAN_POINT('',(83.539623865984,-54.00512701892,7.));
#453 = SURFACE_CURVE('',#454,(#458,#465),.PCURVE_S1.);
#454 = LINE('',#455,#456);
#455 = CARTESIAN_POINT('',(55.731548150466,-37.95012701892,7.));
#456 = VECTOR('',#457,1.);
#457 = DIRECTION('',(0.866025403784,-0.5,0.));
#458 = PCURVE('',#272,#459);
#459 = DEFINITIONAL_REPRESENTATION('',(#460),#464);
#460 = LINE('',#461,#462);
#461 = CARTESIAN_POINT('',(3.14159265359,0.));
#462 = VECTOR('',#463,1.);
#463 = DIRECTION('',(0.,1.));
#464 = ( GEOMETRIC_REPRESENTATION_CONTEXT(2) 
PARAMETRIC_REPRESENTATION_CONTEXT() REPRESENTATION_CONTEXT('2D SPACE',''
  ) );
#465 = PCURVE('',#198,#466);
#466 = DEFINITIONAL_REPRESENTATION('',(#467),#471);
#467 = LINE('',#468,#469);
#468 = CARTESIAN_POINT('',(-11.431420434,-18.2743330754));
#469 = VECTOR('',#470,1.);
#470 = DIRECTION('',(1.,0.));
#471 = ( GEOMETRIC_REPRESENTATION_CONTEXT(2) 
PARAMETRIC_REPRESENTATION_CONTEXT() REPRESENTATION_CONTEXT('2D SPACE',''
  ) );
#472 = ORIENTED_EDGE('',*,*,#210,.F.);
#473 = ORIENTED_EDGE('',*,*,#474,.T.);
#474 = EDGE_CURVE('',#24,#475,#477,.T.);
#475 = VERTEX_POINT('',#476);
#476 = CARTESIAN_POINT('',(86.989113608767,-53.68728977372,9.));
#477 = SURFACE_CURVE('',#478,(#482,#489),.PCURVE_S1.);
#478 = LINE('',#479,#480);
#479 = CARTESIAN_POINT('',(56.731548150466,-36.21807621135,9.));
#480 = VECTOR('',#481,1.);
#481 = DIRECTION('',(0.866025403784,-0.5,0.));
#482 = PCURVE('',#272,#483);
#483 = DEFINITIONAL_REPRESENTATION('',(#484),#488);
#484 = LINE('',#485,#486);
#485 = CARTESIAN_POINT('',(4.712388980385,0.));
#486 = VECTOR('',#487,1.);
#487 = DIRECTION('',(0.,1.));
#488 = ( GEOMETRIC_REPRESENTATION_CONTEXT(2) 
PARAMETRIC_REPRESENTATION_CONTEXT() REPRESENTATION_CONTEXT('2D SPACE',''
  ) );
#489 = PCURVE('',#408,#490);
#490 = DEFINITIONAL_REPRESENTATION('',(#491),#495);
#491 = LINE('',#492,#493);
#492 = CARTESIAN_POINT('',(-1.,-2.01));
#493 = VECTOR('',#494,1.);
#494 = DIRECTION('',(1.,0.));
#495 = ( GEOMETRIC_REPRESENTATION_CONTEXT(2) 
PARAMETRIC_REPRESENTATION_CONTEXT() REPRESENTATION_CONTEXT('2D SPACE',''
  ) );
#496 = ORIENTED_EDGE('',*,*,#497,.T.);
#497 = EDGE_CURVE('',#475,#451,#498,.T.);
#498 = SURFACE_CURVE('',#499,(#523,#550),.PCURVE_S1.);
#499 = B_SPLINE_CURVE_WITH_KNOTS('',8,(#500,#501,#502,#503,#504,#505,
    #506,#507,#508,#509,#510,#511,#512,#513,#514,#515,#516,#517,#518,
    #519,#520,#521,#522),.UNSPECIFIED.,.F.,.F.,(9,7,7,9),(0.,
    0.182451692031,0.33032823083,1.),.UNSPECIFIED.);
#500 = CARTESIAN_POINT('',(86.989113608767,-53.68728977372,9.));
#501 = CARTESIAN_POINT('',(86.956707286877,-53.66857997506,
    8.894161395904));
#502 = CARTESIAN_POINT('',(86.91757710434,-53.65337938879,8.791218112312
    ));
#503 = CARTESIAN_POINT('',(86.87232804926,-53.64132984078,8.691527590609
    ));
#504 = CARTESIAN_POINT('',(86.8215944553,-53.63210917786,8.595388168588)
  );
#505 = CARTESIAN_POINT('',(86.766036958117,-53.62542076421,
    8.503046437214));
#506 = CARTESIAN_POINT('',(86.706340457751,-53.6209859313,8.414702765825
    ));
#507 = CARTESIAN_POINT('',(86.643213086934,-53.61853938145,
    8.330514995764));
#508 = CARTESIAN_POINT('',(86.524033682786,-53.61725060367,
    8.185829687726));
#509 = CARTESIAN_POINT('',(86.468721843787,-53.61781099333,8.1236401536)
  );
#510 = CARTESIAN_POINT('',(86.411686299481,-53.61938661355,
    8.063968840555));
#511 = CARTESIAN_POINT('',(86.353134593579,-53.62187068622,
    8.006745237638));
#512 = CARTESIAN_POINT('',(86.293246009126,-53.62517029638,
    7.951892516273));
#513 = CARTESIAN_POINT('',(86.23217139526,-53.62920493309,7.899328864088
    ));
#514 = CARTESIAN_POINT('',(86.170032993966,-53.63390503024,
    7.848968818733));
#515 = CARTESIAN_POINT('',(85.821130906419,-53.66323682261,
    7.582246468351));
#516 = CARTESIAN_POINT('',(85.511787004033,-53.69998746188,
    7.404371540344));
#517 = CARTESIAN_POINT('',(85.190460034664,-53.74416183624,
    7.263808219225));
#518 = CARTESIAN_POINT('',(84.864048320223,-53.7927725136,7.156345529716
    ));
#519 = CARTESIAN_POINT('',(84.535987163335,-53.84393141023,
    7.078179294075));
#520 = CARTESIAN_POINT('',(84.206971021633,-53.89666460631,
    7.026483231354));
#521 = CARTESIAN_POINT('',(83.87560771476,-53.95051962775,7.00000010766)
  );
#522 = CARTESIAN_POINT('',(83.539623865984,-54.00512701892,7.));
#523 = PCURVE('',#272,#524);
#524 = DEFINITIONAL_REPRESENTATION('',(#525),#549);
#525 = B_SPLINE_CURVE_WITH_KNOTS('',8,(#526,#527,#528,#529,#530,#531,
    #532,#533,#534,#535,#536,#537,#538,#539,#540,#541,#542,#543,#544,
    #545,#546,#547,#548),.UNSPECIFIED.,.F.,.F.,(9,7,7,9),(0.,
    0.182451692031,0.33032823083,1.),.UNSPECIFIED.);
#526 = CARTESIAN_POINT('',(4.712388980385,34.938427124746));
#527 = CARTESIAN_POINT('',(4.659469678337,34.901007527412));
#528 = CARTESIAN_POINT('',(4.607997978862,34.859519502146));
#529 = CARTESIAN_POINT('',(4.55792705066,34.814307896947));
#530 = CARTESIAN_POINT('',(4.509231630551,34.765760984293));
#531 = CARTESIAN_POINT('',(4.461904947061,34.714302573536));
#532 = CARTESIAN_POINT('',(4.415956843704,34.660386471245));
#533 = CARTESIAN_POINT('',(4.371413101928,34.60449328952));
#534 = CARTESIAN_POINT('',(4.293385864969,34.500636509031));
#535 = CARTESIAN_POINT('',(4.259284112782,34.453015246157));
#536 = CARTESIAN_POINT('',(4.225958847239,34.404408825979));
#537 = CARTESIAN_POINT('',(4.19336182433,34.354943597567));
#538 = CARTESIAN_POINT('',(4.161447038021,34.304728367117));
#539 = CARTESIAN_POINT('',(4.130169342294,34.253853518335));
#540 = CARTESIAN_POINT('',(4.099483073178,34.202390132841));
#541 = CARTESIAN_POINT('',(3.93283817961,33.914897957778));
#542 = CARTESIAN_POINT('',(3.805747614142,33.665373599441));
#543 = CARTESIAN_POINT('',(3.685991249514,33.409183468223));
#544 = CARTESIAN_POINT('',(3.572042031012,33.150807970103));
#545 = CARTESIAN_POINT('',(3.462379794495,32.892278122562));
#546 = CARTESIAN_POINT('',(3.355396324502,32.633708383628));
#547 = CARTESIAN_POINT('',(3.249234091095,32.373666852715));
#548 = CARTESIAN_POINT('',(3.14159265359,32.11));
#549 = ( GEOMETRIC_REPRESENTATION_CONTEXT(2) 
PARAMETRIC_REPRESENTATION_CONTEXT() REPRESENTATION_CONTEXT('2D SPACE',''
  ) );
#550 = PCURVE('',#551,#556);
#551 = CYLINDRICAL_SURFACE('',#552,3.);
#552 = AXIS2_PLACEMENT_3D('',#553,#554,#555);
#553 = CARTESIAN_POINT('',(81.539623865984,-57.46922863406,10.));
#554 = DIRECTION('',(0.5,0.866025403784,0.));
#555 = DIRECTION('',(0.,0.,1.));
#556 = DEFINITIONAL_REPRESENTATION('',(#557),#581);
#557 = B_SPLINE_CURVE_WITH_KNOTS('',8,(#558,#559,#560,#561,#562,#563,
    #564,#565,#566,#567,#568,#569,#570,#571,#572,#573,#574,#575,#576,
    #577,#578,#579,#580),.UNSPECIFIED.,.F.,.F.,(9,7,7,9),(0.,
    0.182451692031,0.33032823083,1.),.UNSPECIFIED.);
#558 = CARTESIAN_POINT('',(1.910633236249,6.));
#559 = CARTESIAN_POINT('',(1.948052833583,6.));
#560 = CARTESIAN_POINT('',(1.985014555149,5.993599002592));
#561 = CARTESIAN_POINT('',(2.02144765107,5.981409689731));
#562 = CARTESIAN_POINT('',(2.057286743167,5.964028221076));
#563 = CARTESIAN_POINT('',(2.092467685376,5.94204180862));
#564 = CARTESIAN_POINT('',(2.126924312467,5.916034236401));
#565 = CARTESIAN_POINT('',(2.160586077081,5.886589325312));
#566 = CARTESIAN_POINT('',(2.219953173482,5.828115737533));
#567 = CARTESIAN_POINT('',(2.246050122956,5.799974506353));
#568 = CARTESIAN_POINT('',(2.271685261132,5.770092207066));
#569 = CARTESIAN_POINT('',(2.296877386738,5.738665084077));
#570 = CARTESIAN_POINT('',(2.321646754781,5.705863245624));
#571 = CARTESIAN_POINT('',(2.346015571737,5.67183184081));
#572 = CARTESIAN_POINT('',(2.370008490733,5.636692236628));
#573 = CARTESIAN_POINT('',(2.500729807075,5.436839115521));
#574 = CARTESIAN_POINT('',(2.602030600537,5.250340177115));
#575 = CARTESIAN_POINT('',(2.69837191028,5.051420562047));
#576 = CARTESIAN_POINT('',(2.790637307863,4.846116623332));
#577 = CARTESIAN_POINT('',(2.879798982554,4.63778114078));
#578 = CARTESIAN_POINT('',(2.96702315183,4.427604782501));
#579 = CARTESIAN_POINT('',(3.053703706979,4.215283312378));
#580 = CARTESIAN_POINT('',(3.14159265359,4.));
#581 = ( GEOMETRIC_REPRESENTATION_CONTEXT(2) 
PARAMETRIC_REPRESENTATION_CONTEXT() REPRESENTATION_CONTEXT('2D SPACE',''
  ) );
#582 = ADVANCED_FACE('',(#583,#1562,#1593,#1624,#1655),#198,.T.);
#583 = FACE_BOUND('',#584,.T.);
#584 = EDGE_LOOP('',(#585,#616,#644,#672,#693,#694,#695,#718,#746,#774,
    #802,#835,#868,#897,#925,#953,#981,#1009,#1038,#1066,#1094,#1122,
    #1150,#1183,#1216,#1245,#1273,#1301,#1329,#1357,#1386,#1414,#1442,
    #1470,#1498,#1531));
#585 = ORIENTED_EDGE('',*,*,#586,.F.);
#586 = EDGE_CURVE('',#587,#589,#591,.T.);
#587 = VERTEX_POINT('',#588);
#588 = CARTESIAN_POINT('',(66.548185295846,-51.27791512522,7.));
#589 = VERTEX_POINT('',#590);
#590 = CARTESIAN_POINT('',(57.416840013249,-53.1488859986,7.));
#591 = SURFACE_CURVE('',#592,(#597,#604),.PCURVE_S1.);
#592 = CIRCLE('',#593,8.);
#593 = AXIS2_PLACEMENT_3D('',#594,#595,#596);
#594 = CARTESIAN_POINT('',(63.287682550391,-58.58333241973,7.));
#595 = DIRECTION('',(0.,0.,1.));
#596 = DIRECTION('',(-0.866025403784,0.5,0.));
#597 = PCURVE('',#198,#598);
#598 = DEFINITIONAL_REPRESENTATION('',(#599),#603);
#599 = CIRCLE('',#600,8.);
#600 = AXIS2_PLACEMENT_2D('',#601,#602);
#601 = CARTESIAN_POINT('',(5.428986611141,-32.36514591404));
#602 = DIRECTION('',(-1.,0.));
#603 = ( GEOMETRIC_REPRESENTATION_CONTEXT(2) 
PARAMETRIC_REPRESENTATION_CONTEXT() REPRESENTATION_CONTEXT('2D SPACE',''
  ) );
#604 = PCURVE('',#605,#610);
#605 = CYLINDRICAL_SURFACE('',#606,8.);
#606 = AXIS2_PLACEMENT_3D('',#607,#608,#609);
#607 = CARTESIAN_POINT('',(63.287682550391,-58.58333241973,0.));
#608 = DIRECTION('',(-0.,0.,-1.));
#609 = DIRECTION('',(-0.866025403784,0.5,0.));
#610 = DEFINITIONAL_REPRESENTATION('',(#611),#615);
#611 = LINE('',#612,#613);
#612 = CARTESIAN_POINT('',(-0.,-7.));
#613 = VECTOR('',#614,1.);
#614 = DIRECTION('',(-1.,0.));
#615 = ( GEOMETRIC_REPRESENTATION_CONTEXT(2) 
PARAMETRIC_REPRESENTATION_CONTEXT() REPRESENTATION_CONTEXT('2D SPACE',''
  ) );
#616 = ORIENTED_EDGE('',*,*,#617,.T.);
#617 = EDGE_CURVE('',#587,#618,#620,.T.);
#618 = VERTEX_POINT('',#619);
#619 = CARTESIAN_POINT('',(94.163979518966,-63.60320323027,7.));
#620 = SURFACE_CURVE('',#621,(#625,#632),.PCURVE_S1.);
#621 = LINE('',#622,#623);
#622 = CARTESIAN_POINT('',(52.74757355425,-45.11852262806,7.));
#623 = VECTOR('',#624,1.);
#624 = DIRECTION('',(0.913177161813,-0.407562843182,-0.));
#625 = PCURVE('',#198,#626);
#626 = DEFINITIONAL_REPRESENTATION('',(#627),#631);
#627 = LINE('',#628,#629);
#628 = CARTESIAN_POINT('',(-10.431420434,-25.9743330754));
#629 = VECTOR('',#630,1.);
#630 = DIRECTION('',(0.994616041877,0.103628805073));
#631 = ( GEOMETRIC_REPRESENTATION_CONTEXT(2) 
PARAMETRIC_REPRESENTATION_CONTEXT() REPRESENTATION_CONTEXT('2D SPACE',''
  ) );
#632 = PCURVE('',#633,#638);
#633 = PLANE('',#634);
#634 = AXIS2_PLACEMENT_3D('',#635,#636,#637);
#635 = CARTESIAN_POINT('',(52.74757355425,-45.11852262806,0.));
#636 = DIRECTION('',(0.407562843182,0.913177161813,-0.));
#637 = DIRECTION('',(0.913177161813,-0.407562843182,0.));
#638 = DEFINITIONAL_REPRESENTATION('',(#639),#643);
#639 = LINE('',#640,#641);
#640 = CARTESIAN_POINT('',(0.,-7.));
#641 = VECTOR('',#642,1.);
#642 = DIRECTION('',(1.,0.));
#643 = ( GEOMETRIC_REPRESENTATION_CONTEXT(2) 
PARAMETRIC_REPRESENTATION_CONTEXT() REPRESENTATION_CONTEXT('2D SPACE',''
  ) );
#644 = ORIENTED_EDGE('',*,*,#645,.T.);
#645 = EDGE_CURVE('',#618,#646,#648,.T.);
#646 = VERTEX_POINT('',#647);
#647 = CARTESIAN_POINT('',(82.039623865984,-56.60320323027,7.));
#648 = SURFACE_CURVE('',#649,(#653,#660),.PCURVE_S1.);
#649 = LINE('',#650,#651);
#650 = CARTESIAN_POINT('',(94.163979518966,-63.60320323027,7.));
#651 = VECTOR('',#652,1.);
#652 = DIRECTION('',(-0.866025403784,0.5,-1.42108547152E-14));
#653 = PCURVE('',#198,#654);
#654 = DEFINITIONAL_REPRESENTATION('',(#655),#659);
#655 = LINE('',#656,#657);
#656 = CARTESIAN_POINT('',(34.678579565991,-21.2743330754));
#657 = VECTOR('',#658,1.);
#658 = DIRECTION('',(-1.,-2.22044604925E-16));
#659 = ( GEOMETRIC_REPRESENTATION_CONTEXT(2) 
PARAMETRIC_REPRESENTATION_CONTEXT() REPRESENTATION_CONTEXT('2D SPACE',''
  ) );
#660 = PCURVE('',#661,#666);
#661 = PLANE('',#662);
#662 = AXIS2_PLACEMENT_3D('',#663,#664,#665);
#663 = CARTESIAN_POINT('',(82.039623865984,-56.60320323027,6.99));
#664 = DIRECTION('',(0.5,0.866025403784,0.));
#665 = DIRECTION('',(0.,0.,1.));
#666 = DEFINITIONAL_REPRESENTATION('',(#667),#671);
#667 = LINE('',#668,#669);
#668 = CARTESIAN_POINT('',(9.999999999998E-03,14.));
#669 = VECTOR('',#670,1.);
#670 = DIRECTION('',(-1.42108547152E-14,-1.));
#671 = ( GEOMETRIC_REPRESENTATION_CONTEXT(2) 
PARAMETRIC_REPRESENTATION_CONTEXT() REPRESENTATION_CONTEXT('2D SPACE',''
  ) );
#672 = ORIENTED_EDGE('',*,*,#673,.T.);
#673 = EDGE_CURVE('',#646,#451,#674,.T.);
#674 = SURFACE_CURVE('',#675,(#679,#686),.PCURVE_S1.);
#675 = LINE('',#676,#677);
#676 = CARTESIAN_POINT('',(81.539623865984,-57.46922863406,7.));
#677 = VECTOR('',#678,1.);
#678 = DIRECTION('',(0.5,0.866025403784,0.));
#679 = PCURVE('',#198,#680);
#680 = DEFINITIONAL_REPRESENTATION('',(#681),#685);
#681 = LINE('',#682,#683);
#682 = CARTESIAN_POINT('',(20.678579565991,-22.2743330754));
#683 = VECTOR('',#684,1.);
#684 = DIRECTION('',(0.,1.));
#685 = ( GEOMETRIC_REPRESENTATION_CONTEXT(2) 
PARAMETRIC_REPRESENTATION_CONTEXT() REPRESENTATION_CONTEXT('2D SPACE',''
  ) );
#686 = PCURVE('',#551,#687);
#687 = DEFINITIONAL_REPRESENTATION('',(#688),#692);
#688 = LINE('',#689,#690);
#689 = CARTESIAN_POINT('',(3.14159265359,0.));
#690 = VECTOR('',#691,1.);
#691 = DIRECTION('',(0.,1.));
#692 = ( GEOMETRIC_REPRESENTATION_CONTEXT(2) 
PARAMETRIC_REPRESENTATION_CONTEXT() REPRESENTATION_CONTEXT('2D SPACE',''
  ) );
#693 = ORIENTED_EDGE('',*,*,#450,.F.);
#694 = ORIENTED_EDGE('',*,*,#181,.F.);
#695 = ORIENTED_EDGE('',*,*,#696,.T.);
#696 = EDGE_CURVE('',#82,#697,#699,.T.);
#697 = VERTEX_POINT('',#698);
#698 = CARTESIAN_POINT('',(88.539623865984,-45.34487298107,7.));
#699 = SURFACE_CURVE('',#700,(#704,#711),.PCURVE_S1.);
#700 = LINE('',#701,#702);
#701 = CARTESIAN_POINT('',(60.731548150466,-29.28987298107,7.));
#702 = VECTOR('',#703,1.);
#703 = DIRECTION('',(0.866025403784,-0.5,0.));
#704 = PCURVE('',#198,#705);
#705 = DEFINITIONAL_REPRESENTATION('',(#706),#710);
#706 = LINE('',#707,#708);
#707 = CARTESIAN_POINT('',(-11.431420434,-8.274333075402));
#708 = VECTOR('',#709,1.);
#709 = DIRECTION('',(1.,0.));
#710 = ( GEOMETRIC_REPRESENTATION_CONTEXT(2) 
PARAMETRIC_REPRESENTATION_CONTEXT() REPRESENTATION_CONTEXT('2D SPACE',''
  ) );
#711 = PCURVE('',#145,#712);
#712 = DEFINITIONAL_REPRESENTATION('',(#713),#717);
#713 = LINE('',#714,#715);
#714 = CARTESIAN_POINT('',(3.14159265359,0.));
#715 = VECTOR('',#716,1.);
#716 = DIRECTION('',(0.,1.));
#717 = ( GEOMETRIC_REPRESENTATION_CONTEXT(2) 
PARAMETRIC_REPRESENTATION_CONTEXT() REPRESENTATION_CONTEXT('2D SPACE',''
  ) );
#718 = ORIENTED_EDGE('',*,*,#719,.T.);
#719 = EDGE_CURVE('',#697,#720,#722,.T.);
#720 = VERTEX_POINT('',#721);
#721 = CARTESIAN_POINT('',(90.039623865984,-42.74679676972,7.));
#722 = SURFACE_CURVE('',#723,(#727,#734),.PCURVE_S1.);
#723 = LINE('',#724,#725);
#724 = CARTESIAN_POINT('',(81.539623865984,-57.46922863406,7.));
#725 = VECTOR('',#726,1.);
#726 = DIRECTION('',(0.5,0.866025403784,0.));
#727 = PCURVE('',#198,#728);
#728 = DEFINITIONAL_REPRESENTATION('',(#729),#733);
#729 = LINE('',#730,#731);
#730 = CARTESIAN_POINT('',(20.678579565991,-22.2743330754));
#731 = VECTOR('',#732,1.);
#732 = DIRECTION('',(0.,1.));
#733 = ( GEOMETRIC_REPRESENTATION_CONTEXT(2) 
PARAMETRIC_REPRESENTATION_CONTEXT() REPRESENTATION_CONTEXT('2D SPACE',''
  ) );
#734 = PCURVE('',#735,#740);
#735 = CYLINDRICAL_SURFACE('',#736,3.);
#736 = AXIS2_PLACEMENT_3D('',#737,#738,#739);
#737 = CARTESIAN_POINT('',(81.539623865984,-57.46922863406,10.));
#738 = DIRECTION('',(0.5,0.866025403784,0.));
#739 = DIRECTION('',(0.,0.,1.));
#740 = DEFINITIONAL_REPRESENTATION('',(#741),#745);
#741 = LINE('',#742,#743);
#742 = CARTESIAN_POINT('',(3.14159265359,0.));
#743 = VECTOR('',#744,1.);
#744 = DIRECTION('',(0.,1.));
#745 = ( GEOMETRIC_REPRESENTATION_CONTEXT(2) 
PARAMETRIC_REPRESENTATION_CONTEXT() REPRESENTATION_CONTEXT('2D SPACE',''
  ) );
#746 = ORIENTED_EDGE('',*,*,#747,.T.);
#747 = EDGE_CURVE('',#720,#748,#750,.T.);
#748 = VERTEX_POINT('',#749);
#749 = CARTESIAN_POINT('',(102.16397951896,-49.74679676972,7.));
#750 = SURFACE_CURVE('',#751,(#755,#762),.PCURVE_S1.);
#751 = LINE('',#752,#753);
#752 = CARTESIAN_POINT('',(90.039623865984,-42.74679676972,7.));
#753 = VECTOR('',#754,1.);
#754 = DIRECTION('',(0.866025403784,-0.5,1.42108547152E-14));
#755 = PCURVE('',#198,#756);
#756 = DEFINITIONAL_REPRESENTATION('',(#757),#761);
#757 = LINE('',#758,#759);
#758 = CARTESIAN_POINT('',(20.678579565991,-5.274333075402));
#759 = VECTOR('',#760,1.);
#760 = DIRECTION('',(1.,2.22044604925E-16));
#761 = ( GEOMETRIC_REPRESENTATION_CONTEXT(2) 
PARAMETRIC_REPRESENTATION_CONTEXT() REPRESENTATION_CONTEXT('2D SPACE',''
  ) );
#762 = PCURVE('',#763,#768);
#763 = PLANE('',#764);
#764 = AXIS2_PLACEMENT_3D('',#765,#766,#767);
#765 = CARTESIAN_POINT('',(102.16397951896,-49.74679676972,0.));
#766 = DIRECTION('',(-0.5,-0.866025403784,0.));
#767 = DIRECTION('',(-0.866025403784,0.5,0.));
#768 = DEFINITIONAL_REPRESENTATION('',(#769),#773);
#769 = LINE('',#770,#771);
#770 = CARTESIAN_POINT('',(14.,-7.));
#771 = VECTOR('',#772,1.);
#772 = DIRECTION('',(-1.,-1.42108547152E-14));
#773 = ( GEOMETRIC_REPRESENTATION_CONTEXT(2) 
PARAMETRIC_REPRESENTATION_CONTEXT() REPRESENTATION_CONTEXT('2D SPACE',''
  ) );
#774 = ORIENTED_EDGE('',*,*,#775,.T.);
#775 = EDGE_CURVE('',#748,#776,#778,.T.);
#776 = VERTEX_POINT('',#777);
#777 = CARTESIAN_POINT('',(77.682069799471,-31.99346147934,7.));
#778 = SURFACE_CURVE('',#779,(#783,#790),.PCURVE_S1.);
#779 = LINE('',#780,#781);
#780 = CARTESIAN_POINT('',(102.16397951896,-49.74679676972,7.));
#781 = VECTOR('',#782,1.);
#782 = DIRECTION('',(-0.809548356741,0.587053198695,0.));
#783 = PCURVE('',#198,#784);
#784 = DEFINITIONAL_REPRESENTATION('',(#785),#789);
#785 = LINE('',#786,#787);
#786 = CARTESIAN_POINT('',(34.678579565991,-5.274333075402));
#787 = VECTOR('',#788,1.);
#788 = DIRECTION('',(-0.994616041877,0.103628805073));
#789 = ( GEOMETRIC_REPRESENTATION_CONTEXT(2) 
PARAMETRIC_REPRESENTATION_CONTEXT() REPRESENTATION_CONTEXT('2D SPACE',''
  ) );
#790 = PCURVE('',#791,#796);
#791 = PLANE('',#792);
#792 = AXIS2_PLACEMENT_3D('',#793,#794,#795);
#793 = CARTESIAN_POINT('',(102.16397951896,-49.74679676972,0.));
#794 = DIRECTION('',(-0.587053198695,-0.809548356741,0.));
#795 = DIRECTION('',(-0.809548356741,0.587053198695,0.));
#796 = DEFINITIONAL_REPRESENTATION('',(#797),#801);
#797 = LINE('',#798,#799);
#798 = CARTESIAN_POINT('',(0.,-7.));
#799 = VECTOR('',#800,1.);
#800 = DIRECTION('',(1.,0.));
#801 = ( GEOMETRIC_REPRESENTATION_CONTEXT(2) 
PARAMETRIC_REPRESENTATION_CONTEXT() REPRESENTATION_CONTEXT('2D SPACE',''
  ) );
#802 = ORIENTED_EDGE('',*,*,#803,.T.);
#803 = EDGE_CURVE('',#776,#804,#806,.T.);
#804 = VERTEX_POINT('',#805);
#805 = CARTESIAN_POINT('',(74.736705464262,-23.14999905719,7.));
#806 = SURFACE_CURVE('',#807,(#812,#823),.PCURVE_S1.);
#807 = CIRCLE('',#808,8.);
#808 = AXIS2_PLACEMENT_3D('',#809,#810,#811);
#809 = CARTESIAN_POINT('',(82.378495389033,-25.51707462541,7.));
#810 = DIRECTION('',(0.,-0.,-1.));
#811 = DIRECTION('',(0.866025403784,-0.5,0.));
#812 = PCURVE('',#198,#813);
#813 = DEFINITIONAL_REPRESENTATION('',(#814),#822);
#814 = ( BOUNDED_CURVE() B_SPLINE_CURVE(2,(#815,#816,#817,#818,#819,#820
,#821),.UNSPECIFIED.,.T.,.F.) B_SPLINE_CURVE_WITH_KNOTS((1,2,2,2,2,1),(
    -2.094395102393,0.,2.094395102393,4.188790204786,6.28318530718,
8.377580409573),.UNSPECIFIED.) CURVE() GEOMETRIC_REPRESENTATION_ITEM() 
RATIONAL_B_SPLINE_CURVE((1.,0.5,1.,0.5,1.,0.5,1.)) REPRESENTATION_ITEM(
  '') );
#815 = CARTESIAN_POINT('',(13.428986611141,5.81647976324));
#816 = CARTESIAN_POINT('',(13.428986611141,-8.039926697311));
#817 = CARTESIAN_POINT('',(1.428986611141,-1.111723467035));
#818 = CARTESIAN_POINT('',(-10.57101338885,5.81647976324));
#819 = CARTESIAN_POINT('',(1.428986611141,12.744682993516));
#820 = CARTESIAN_POINT('',(13.428986611141,19.672886223791));
#821 = CARTESIAN_POINT('',(13.428986611141,5.81647976324));
#822 = ( GEOMETRIC_REPRESENTATION_CONTEXT(2) 
PARAMETRIC_REPRESENTATION_CONTEXT() REPRESENTATION_CONTEXT('2D SPACE',''
  ) );
#823 = PCURVE('',#824,#829);
#824 = CYLINDRICAL_SURFACE('',#825,8.);
#825 = AXIS2_PLACEMENT_3D('',#826,#827,#828);
#826 = CARTESIAN_POINT('',(82.378495389033,-25.51707462541,0.));
#827 = DIRECTION('',(0.,0.,-1.));
#828 = DIRECTION('',(0.866025403784,-0.5,0.));
#829 = DEFINITIONAL_REPRESENTATION('',(#830),#834);
#830 = LINE('',#831,#832);
#831 = CARTESIAN_POINT('',(0.,-7.));
#832 = VECTOR('',#833,1.);
#833 = DIRECTION('',(1.,0.));
#834 = ( GEOMETRIC_REPRESENTATION_CONTEXT(2) 
PARAMETRIC_REPRESENTATION_CONTEXT() REPRESENTATION_CONTEXT('2D SPACE',''
  ) );
#835 = ORIENTED_EDGE('',*,*,#836,.F.);
#836 = EDGE_CURVE('',#837,#804,#839,.T.);
#837 = VERTEX_POINT('',#838);
#838 = CARTESIAN_POINT('',(17.319865451013,76.298885055804,7.));
#839 = SURFACE_CURVE('',#840,(#845,#856),.PCURVE_S1.);
#840 = CIRCLE('',#841,78.24);
#841 = AXIS2_PLACEMENT_3D('',#842,#843,#844);
#842 = CARTESIAN_POINT('',(0.,0.,7.));
#843 = DIRECTION('',(0.,0.,-1.));
#844 = DIRECTION('',(0.150186123743,0.988657740694,0.));
#845 = PCURVE('',#198,#846);
#846 = DEFINITIONAL_REPRESENTATION('',(#847),#855);
#847 = ( BOUNDED_CURVE() B_SPLINE_CURVE(2,(#848,#849,#850,#851,#852,#853
,#854),.UNSPECIFIED.,.T.,.F.) B_SPLINE_CURVE_WITH_KNOTS((1,2,2,2,2,1),(
    -2.094395102393,0.,2.094395102393,4.188790204786,6.28318530718,
8.377580409573),.UNSPECIFIED.) CURVE() GEOMETRIC_REPRESENTATION_ITEM() 
RATIONAL_B_SPLINE_CURVE((1.,0.5,1.,0.5,1.,0.5,1.)) REPRESENTATION_ITEM(
  '') );
#848 = CARTESIAN_POINT('',(-107.1714257706,59.590248826991));
#849 = CARTESIAN_POINT('',(19.033732156539,108.95370608606));
#850 = CARTESIAN_POINT('',(-1.318838802076,-25.02489539705));
#851 = CARTESIAN_POINT('',(-21.67140976069,-159.0034968801));
#852 = CARTESIAN_POINT('',(-127.5239967292,-74.38835265613));
#853 = CARTESIAN_POINT('',(-233.3765836978,10.226791567913));
#854 = CARTESIAN_POINT('',(-107.1714257706,59.590248826991));
#855 = ( GEOMETRIC_REPRESENTATION_CONTEXT(2) 
PARAMETRIC_REPRESENTATION_CONTEXT() REPRESENTATION_CONTEXT('2D SPACE',''
  ) );
#856 = PCURVE('',#857,#862);
#857 = CYLINDRICAL_SURFACE('',#858,78.24);
#858 = AXIS2_PLACEMENT_3D('',#859,#860,#861);
#859 = CARTESIAN_POINT('',(0.,0.,0.));
#860 = DIRECTION('',(0.,0.,1.));
#861 = DIRECTION('',(1.,0.,-0.));
#862 = DEFINITIONAL_REPRESENTATION('',(#863),#867);
#863 = LINE('',#864,#865);
#864 = CARTESIAN_POINT('',(7.703225104863,7.));
#865 = VECTOR('',#866,1.);
#866 = DIRECTION('',(-1.,-0.));
#867 = ( GEOMETRIC_REPRESENTATION_CONTEXT(2) 
PARAMETRIC_REPRESENTATION_CONTEXT() REPRESENTATION_CONTEXT('2D SPACE',''
  ) );
#868 = ORIENTED_EDGE('',*,*,#869,.F.);
#869 = EDGE_CURVE('',#870,#837,#872,.T.);
#870 = VERTEX_POINT('',#871);
#871 = CARTESIAN_POINT('',(11.133884503625,83.27137660457,7.));
#872 = SURFACE_CURVE('',#873,(#878,#885),.PCURVE_S1.);
#873 = CIRCLE('',#874,8.);
#874 = AXIS2_PLACEMENT_3D('',#875,#876,#877);
#875 = CARTESIAN_POINT('',(19.090812838642,84.10040704515,7.));
#876 = DIRECTION('',(0.,0.,1.));
#877 = DIRECTION('',(-1.110223024625E-16,-1.,0.));
#878 = PCURVE('',#198,#879);
#879 = DEFINITIONAL_REPRESENTATION('',(#880),#884);
#880 = CIRCLE('',#881,8.);
#881 = AXIS2_PLACEMENT_2D('',#882,#883);
#882 = CARTESIAN_POINT('',(-104.1884950594,69.104162313631));
#883 = DIRECTION('',(0.5,-0.866025403784));
#884 = ( GEOMETRIC_REPRESENTATION_CONTEXT(2) 
PARAMETRIC_REPRESENTATION_CONTEXT() REPRESENTATION_CONTEXT('2D SPACE',''
  ) );
#885 = PCURVE('',#886,#891);
#886 = CYLINDRICAL_SURFACE('',#887,8.);
#887 = AXIS2_PLACEMENT_3D('',#888,#889,#890);
#888 = CARTESIAN_POINT('',(19.090812838642,84.10040704515,0.));
#889 = DIRECTION('',(0.,-0.,-1.));
#890 = DIRECTION('',(-1.110223024625E-16,-1.,0.));
#891 = DEFINITIONAL_REPRESENTATION('',(#892),#896);
#892 = LINE('',#893,#894);
#893 = CARTESIAN_POINT('',(-0.,-7.));
#894 = VECTOR('',#895,1.);
#895 = DIRECTION('',(-1.,0.));
#896 = ( GEOMETRIC_REPRESENTATION_CONTEXT(2) 
PARAMETRIC_REPRESENTATION_CONTEXT() REPRESENTATION_CONTEXT('2D SPACE',''
  ) );
#897 = ORIENTED_EDGE('',*,*,#898,.T.);
#898 = EDGE_CURVE('',#870,#899,#901,.T.);
#899 = VERTEX_POINT('',#900);
#900 = CARTESIAN_POINT('',(8.,113.35,7.));
#901 = SURFACE_CURVE('',#902,(#906,#913),.PCURVE_S1.);
#902 = LINE('',#903,#904);
#903 = CARTESIAN_POINT('',(12.7,68.24,7.));
#904 = VECTOR('',#905,1.);
#905 = DIRECTION('',(-0.103628805073,0.994616041877,0.));
#906 = PCURVE('',#198,#907);
#907 = DEFINITIONAL_REPRESENTATION('',(#908),#912);
#908 = LINE('',#909,#910);
#909 = CARTESIAN_POINT('',(-101.7928978059,52.173240478849));
#910 = VECTOR('',#911,1.);
#911 = DIRECTION('',(-0.587053198695,0.809548356741));
#912 = ( GEOMETRIC_REPRESENTATION_CONTEXT(2) 
PARAMETRIC_REPRESENTATION_CONTEXT() REPRESENTATION_CONTEXT('2D SPACE',''
  ) );
#913 = PCURVE('',#914,#919);
#914 = PLANE('',#915);
#915 = AXIS2_PLACEMENT_3D('',#916,#917,#918);
#916 = CARTESIAN_POINT('',(12.7,68.24,0.));
#917 = DIRECTION('',(-0.994616041877,-0.103628805073,0.));
#918 = DIRECTION('',(-0.103628805073,0.994616041877,0.));
#919 = DEFINITIONAL_REPRESENTATION('',(#920),#924);
#920 = LINE('',#921,#922);
#921 = CARTESIAN_POINT('',(0.,-7.));
#922 = VECTOR('',#923,1.);
#923 = DIRECTION('',(1.,0.));
#924 = ( GEOMETRIC_REPRESENTATION_CONTEXT(2) 
PARAMETRIC_REPRESENTATION_CONTEXT() REPRESENTATION_CONTEXT('2D SPACE',''
  ) );
#925 = ORIENTED_EDGE('',*,*,#926,.T.);
#926 = EDGE_CURVE('',#899,#927,#929,.T.);
#927 = VERTEX_POINT('',#928);
#928 = CARTESIAN_POINT('',(8.,99.35,7.));
#929 = SURFACE_CURVE('',#930,(#934,#941),.PCURVE_S1.);
#930 = LINE('',#931,#932);
#931 = CARTESIAN_POINT('',(8.,113.35,7.));
#932 = VECTOR('',#933,1.);
#933 = DIRECTION('',(2.537652627715E-16,-1.,-1.42108547152E-14));
#934 = PCURVE('',#198,#935);
#935 = DEFINITIONAL_REPRESENTATION('',(#936),#940);
#936 = LINE('',#937,#938);
#937 = CARTESIAN_POINT('',(-128.4182172037,88.889646443565));
#938 = VECTOR('',#939,1.);
#939 = DIRECTION('',(0.5,-0.866025403784));
#940 = ( GEOMETRIC_REPRESENTATION_CONTEXT(2) 
PARAMETRIC_REPRESENTATION_CONTEXT() REPRESENTATION_CONTEXT('2D SPACE',''
  ) );
#941 = PCURVE('',#942,#947);
#942 = PLANE('',#943);
#943 = AXIS2_PLACEMENT_3D('',#944,#945,#946);
#944 = CARTESIAN_POINT('',(8.,99.35,6.99));
#945 = DIRECTION('',(-1.,1.110223024625E-16,0.));
#946 = DIRECTION('',(0.,0.,1.));
#947 = DEFINITIONAL_REPRESENTATION('',(#948),#952);
#948 = LINE('',#949,#950);
#949 = CARTESIAN_POINT('',(9.999999999998E-03,14.));
#950 = VECTOR('',#951,1.);
#951 = DIRECTION('',(-1.42108547152E-14,-1.));
#952 = ( GEOMETRIC_REPRESENTATION_CONTEXT(2) 
PARAMETRIC_REPRESENTATION_CONTEXT() REPRESENTATION_CONTEXT('2D SPACE',''
  ) );
#953 = ORIENTED_EDGE('',*,*,#954,.T.);
#954 = EDGE_CURVE('',#927,#955,#957,.T.);
#955 = VERTEX_POINT('',#956);
#956 = CARTESIAN_POINT('',(5.,99.35,7.));
#957 = SURFACE_CURVE('',#958,(#962,#969),.PCURVE_S1.);
#958 = LINE('',#959,#960);
#959 = CARTESIAN_POINT('',(9.,99.35,7.));
#960 = VECTOR('',#961,1.);
#961 = DIRECTION('',(-1.,1.110223024625E-16,0.));
#962 = PCURVE('',#198,#963);
#963 = DEFINITIONAL_REPRESENTATION('',(#964),#968);
#964 = LINE('',#965,#966);
#965 = CARTESIAN_POINT('',(-120.5521917999,77.265290790582));
#966 = VECTOR('',#967,1.);
#967 = DIRECTION('',(-0.866025403784,-0.5));
#968 = ( GEOMETRIC_REPRESENTATION_CONTEXT(2) 
PARAMETRIC_REPRESENTATION_CONTEXT() REPRESENTATION_CONTEXT('2D SPACE',''
  ) );
#969 = PCURVE('',#970,#975);
#970 = CYLINDRICAL_SURFACE('',#971,3.);
#971 = AXIS2_PLACEMENT_3D('',#972,#973,#974);
#972 = CARTESIAN_POINT('',(9.,99.35,10.));
#973 = DIRECTION('',(-1.,1.110223024625E-16,0.));
#974 = DIRECTION('',(0.,0.,1.));
#975 = DEFINITIONAL_REPRESENTATION('',(#976),#980);
#976 = LINE('',#977,#978);
#977 = CARTESIAN_POINT('',(3.14159265359,0.));
#978 = VECTOR('',#979,1.);
#979 = DIRECTION('',(0.,1.));
#980 = ( GEOMETRIC_REPRESENTATION_CONTEXT(2) 
PARAMETRIC_REPRESENTATION_CONTEXT() REPRESENTATION_CONTEXT('2D SPACE',''
  ) );
#981 = ORIENTED_EDGE('',*,*,#982,.F.);
#982 = EDGE_CURVE('',#983,#955,#985,.T.);
#983 = VERTEX_POINT('',#984);
#984 = CARTESIAN_POINT('',(5.,73.762693830523,7.));
#985 = SURFACE_CURVE('',#986,(#990,#997),.PCURVE_S1.);
#986 = LINE('',#987,#988);
#987 = CARTESIAN_POINT('',(5.,67.24,7.));
#988 = VECTOR('',#989,1.);
#989 = DIRECTION('',(1.110223024625E-16,1.,0.));
#990 = PCURVE('',#198,#991);
#991 = DEFINITIONAL_REPRESENTATION('',(#992),#996);
#992 = LINE('',#993,#994);
#993 = CARTESIAN_POINT('',(-107.961293415,47.457215075064));
#994 = VECTOR('',#995,1.);
#995 = DIRECTION('',(-0.5,0.866025403784));
#996 = ( GEOMETRIC_REPRESENTATION_CONTEXT(2) 
PARAMETRIC_REPRESENTATION_CONTEXT() REPRESENTATION_CONTEXT('2D SPACE',''
  ) );
#997 = PCURVE('',#998,#1003);
#998 = CYLINDRICAL_SURFACE('',#999,2.);
#999 = AXIS2_PLACEMENT_3D('',#1000,#1001,#1002);
#1000 = CARTESIAN_POINT('',(5.,67.24,9.));
#1001 = DIRECTION('',(1.110223024625E-16,1.,0.));
#1002 = DIRECTION('',(0.,0.,1.));
#1003 = DEFINITIONAL_REPRESENTATION('',(#1004),#1008);
#1004 = LINE('',#1005,#1006);
#1005 = CARTESIAN_POINT('',(3.14159265359,0.));
#1006 = VECTOR('',#1007,1.);
#1007 = DIRECTION('',(0.,1.));
#1008 = ( GEOMETRIC_REPRESENTATION_CONTEXT(2) 
PARAMETRIC_REPRESENTATION_CONTEXT() REPRESENTATION_CONTEXT('2D SPACE',''
  ) );
#1009 = ORIENTED_EDGE('',*,*,#1010,.F.);
#1010 = EDGE_CURVE('',#1011,#983,#1013,.T.);
#1011 = VERTEX_POINT('',#1012);
#1012 = CARTESIAN_POINT('',(-5.,73.762693830523,7.));
#1013 = SURFACE_CURVE('',#1014,(#1019,#1026),.PCURVE_S1.);
#1014 = CIRCLE('',#1015,9.2);
#1015 = AXIS2_PLACEMENT_3D('',#1016,#1017,#1018);
#1016 = CARTESIAN_POINT('',(4.043783730785E-15,66.04,7.));
#1017 = DIRECTION('',(0.,0.,1.));
#1018 = DIRECTION('',(-0.326086956522,0.945339778485,0.));
#1019 = PCURVE('',#198,#1020);
#1020 = DEFINITIONAL_REPRESENTATION('',(#1021),#1025);
#1021 = CIRCLE('',#1022,9.2);
#1022 = AXIS2_PLACEMENT_2D('',#1023,#1024);
#1023 = CARTESIAN_POINT('',(-111.691420434,43.917984590523));
#1024 = DIRECTION('',(-0.755069477433,0.655644785115));
#1025 = ( GEOMETRIC_REPRESENTATION_CONTEXT(2) 
PARAMETRIC_REPRESENTATION_CONTEXT() REPRESENTATION_CONTEXT('2D SPACE',''
  ) );
#1026 = PCURVE('',#1027,#1032);
#1027 = TOROIDAL_SURFACE('',#1028,9.2,2.);
#1028 = AXIS2_PLACEMENT_3D('',#1029,#1030,#1031);
#1029 = CARTESIAN_POINT('',(4.043783730785E-15,66.04,9.));
#1030 = DIRECTION('',(-0.,-0.,-1.));
#1031 = DIRECTION('',(1.,0.,-0.));
#1032 = DEFINITIONAL_REPRESENTATION('',(#1033),#1037);
#1033 = LINE('',#1034,#1035);
#1034 = CARTESIAN_POINT('',(-1.902957632337,1.570796326795));
#1035 = VECTOR('',#1036,1.);
#1036 = DIRECTION('',(-1.,0.));
#1037 = ( GEOMETRIC_REPRESENTATION_CONTEXT(2) 
PARAMETRIC_REPRESENTATION_CONTEXT() REPRESENTATION_CONTEXT('2D SPACE',''
  ) );
#1038 = ORIENTED_EDGE('',*,*,#1039,.T.);
#1039 = EDGE_CURVE('',#1011,#1040,#1042,.T.);
#1040 = VERTEX_POINT('',#1041);
#1041 = CARTESIAN_POINT('',(-5.,99.35,7.));
#1042 = SURFACE_CURVE('',#1043,(#1047,#1054),.PCURVE_S1.);
#1043 = LINE('',#1044,#1045);
#1044 = CARTESIAN_POINT('',(-5.,67.24,7.));
#1045 = VECTOR('',#1046,1.);
#1046 = DIRECTION('',(1.110223024625E-16,1.,0.));
#1047 = PCURVE('',#198,#1048);
#1048 = DEFINITIONAL_REPRESENTATION('',(#1049),#1053);
#1049 = LINE('',#1050,#1051);
#1050 = CARTESIAN_POINT('',(-116.6215474529,42.457215075064));
#1051 = VECTOR('',#1052,1.);
#1052 = DIRECTION('',(-0.5,0.866025403784));
#1053 = ( GEOMETRIC_REPRESENTATION_CONTEXT(2) 
PARAMETRIC_REPRESENTATION_CONTEXT() REPRESENTATION_CONTEXT('2D SPACE',''
  ) );
#1054 = PCURVE('',#1055,#1060);
#1055 = CYLINDRICAL_SURFACE('',#1056,2.);
#1056 = AXIS2_PLACEMENT_3D('',#1057,#1058,#1059);
#1057 = CARTESIAN_POINT('',(-5.,67.24,9.));
#1058 = DIRECTION('',(1.110223024625E-16,1.,0.));
#1059 = DIRECTION('',(0.,0.,1.));
#1060 = DEFINITIONAL_REPRESENTATION('',(#1061),#1065);
#1061 = LINE('',#1062,#1063);
#1062 = CARTESIAN_POINT('',(3.14159265359,0.));
#1063 = VECTOR('',#1064,1.);
#1064 = DIRECTION('',(0.,1.));
#1065 = ( GEOMETRIC_REPRESENTATION_CONTEXT(2) 
PARAMETRIC_REPRESENTATION_CONTEXT() REPRESENTATION_CONTEXT('2D SPACE',''
  ) );
#1066 = ORIENTED_EDGE('',*,*,#1067,.T.);
#1067 = EDGE_CURVE('',#1040,#1068,#1070,.T.);
#1068 = VERTEX_POINT('',#1069);
#1069 = CARTESIAN_POINT('',(-8.,99.35,7.));
#1070 = SURFACE_CURVE('',#1071,(#1075,#1082),.PCURVE_S1.);
#1071 = LINE('',#1072,#1073);
#1072 = CARTESIAN_POINT('',(9.,99.35,7.));
#1073 = VECTOR('',#1074,1.);
#1074 = DIRECTION('',(-1.,1.110223024625E-16,0.));
#1075 = PCURVE('',#198,#1076);
#1076 = DEFINITIONAL_REPRESENTATION('',(#1077),#1081);
#1077 = LINE('',#1078,#1079);
#1078 = CARTESIAN_POINT('',(-120.5521917999,77.265290790582));
#1079 = VECTOR('',#1080,1.);
#1080 = DIRECTION('',(-0.866025403784,-0.5));
#1081 = ( GEOMETRIC_REPRESENTATION_CONTEXT(2) 
PARAMETRIC_REPRESENTATION_CONTEXT() REPRESENTATION_CONTEXT('2D SPACE',''
  ) );
#1082 = PCURVE('',#1083,#1088);
#1083 = CYLINDRICAL_SURFACE('',#1084,3.);
#1084 = AXIS2_PLACEMENT_3D('',#1085,#1086,#1087);
#1085 = CARTESIAN_POINT('',(9.,99.35,10.));
#1086 = DIRECTION('',(-1.,1.110223024625E-16,0.));
#1087 = DIRECTION('',(0.,0.,1.));
#1088 = DEFINITIONAL_REPRESENTATION('',(#1089),#1093);
#1089 = LINE('',#1090,#1091);
#1090 = CARTESIAN_POINT('',(3.14159265359,0.));
#1091 = VECTOR('',#1092,1.);
#1092 = DIRECTION('',(0.,1.));
#1093 = ( GEOMETRIC_REPRESENTATION_CONTEXT(2) 
PARAMETRIC_REPRESENTATION_CONTEXT() REPRESENTATION_CONTEXT('2D SPACE',''
  ) );
#1094 = ORIENTED_EDGE('',*,*,#1095,.T.);
#1095 = EDGE_CURVE('',#1068,#1096,#1098,.T.);
#1096 = VERTEX_POINT('',#1097);
#1097 = CARTESIAN_POINT('',(-8.,113.35,7.));
#1098 = SURFACE_CURVE('',#1099,(#1103,#1110),.PCURVE_S1.);
#1099 = LINE('',#1100,#1101);
#1100 = CARTESIAN_POINT('',(-8.,99.35,7.));
#1101 = VECTOR('',#1102,1.);
#1102 = DIRECTION('',(-2.537652627715E-16,1.,1.42108547152E-14));
#1103 = PCURVE('',#198,#1104);
#1104 = DEFINITIONAL_REPRESENTATION('',(#1105),#1109);
#1105 = LINE('',#1106,#1107);
#1106 = CARTESIAN_POINT('',(-135.2746236642,68.765290790582));
#1107 = VECTOR('',#1108,1.);
#1108 = DIRECTION('',(-0.5,0.866025403784));
#1109 = ( GEOMETRIC_REPRESENTATION_CONTEXT(2) 
PARAMETRIC_REPRESENTATION_CONTEXT() REPRESENTATION_CONTEXT('2D SPACE',''
  ) );
#1110 = PCURVE('',#1111,#1116);
#1111 = PLANE('',#1112);
#1112 = AXIS2_PLACEMENT_3D('',#1113,#1114,#1115);
#1113 = CARTESIAN_POINT('',(-8.,113.35,0.));
#1114 = DIRECTION('',(1.,-8.074349270001E-17,0.));
#1115 = DIRECTION('',(-8.074349270001E-17,-1.,0.));
#1116 = DEFINITIONAL_REPRESENTATION('',(#1117),#1121);
#1117 = LINE('',#1118,#1119);
#1118 = CARTESIAN_POINT('',(14.,-7.));
#1119 = VECTOR('',#1120,1.);
#1120 = DIRECTION('',(-1.,-1.42108547152E-14));
#1121 = ( GEOMETRIC_REPRESENTATION_CONTEXT(2) 
PARAMETRIC_REPRESENTATION_CONTEXT() REPRESENTATION_CONTEXT('2D SPACE',''
  ) );
#1122 = ORIENTED_EDGE('',*,*,#1123,.T.);
#1123 = EDGE_CURVE('',#1096,#1124,#1126,.T.);
#1124 = VERTEX_POINT('',#1125);
#1125 = CARTESIAN_POINT('',(-11.13388450362,83.27137660457,7.));
#1126 = SURFACE_CURVE('',#1127,(#1131,#1138),.PCURVE_S1.);
#1127 = LINE('',#1128,#1129);
#1128 = CARTESIAN_POINT('',(-8.,113.35,7.));
#1129 = VECTOR('',#1130,1.);
#1130 = DIRECTION('',(-0.103628805073,-0.994616041877,0.));
#1131 = PCURVE('',#198,#1132);
#1132 = DEFINITIONAL_REPRESENTATION('',(#1133),#1137);
#1133 = LINE('',#1134,#1135);
#1134 = CARTESIAN_POINT('',(-142.2746236642,80.889646443565));
#1135 = VECTOR('',#1136,1.);
#1136 = DIRECTION('',(0.407562843182,-0.913177161813));
#1137 = ( GEOMETRIC_REPRESENTATION_CONTEXT(2) 
PARAMETRIC_REPRESENTATION_CONTEXT() REPRESENTATION_CONTEXT('2D SPACE',''
  ) );
#1138 = PCURVE('',#1139,#1144);
#1139 = PLANE('',#1140);
#1140 = AXIS2_PLACEMENT_3D('',#1141,#1142,#1143);
#1141 = CARTESIAN_POINT('',(-8.,113.35,0.));
#1142 = DIRECTION('',(0.994616041877,-0.103628805073,0.));
#1143 = DIRECTION('',(-0.103628805073,-0.994616041877,0.));
#1144 = DEFINITIONAL_REPRESENTATION('',(#1145),#1149);
#1145 = LINE('',#1146,#1147);
#1146 = CARTESIAN_POINT('',(0.,-7.));
#1147 = VECTOR('',#1148,1.);
#1148 = DIRECTION('',(1.,0.));
#1149 = ( GEOMETRIC_REPRESENTATION_CONTEXT(2) 
PARAMETRIC_REPRESENTATION_CONTEXT() REPRESENTATION_CONTEXT('2D SPACE',''
  ) );
#1150 = ORIENTED_EDGE('',*,*,#1151,.T.);
#1151 = EDGE_CURVE('',#1124,#1152,#1154,.T.);
#1152 = VERTEX_POINT('',#1153);
#1153 = CARTESIAN_POINT('',(-17.31986545101,76.298885055804,7.));
#1154 = SURFACE_CURVE('',#1155,(#1160,#1171),.PCURVE_S1.);
#1155 = CIRCLE('',#1156,8.);
#1156 = AXIS2_PLACEMENT_3D('',#1157,#1158,#1159);
#1157 = CARTESIAN_POINT('',(-19.09081283864,84.10040704515,7.));
#1158 = DIRECTION('',(0.,0.,-1.));
#1159 = DIRECTION('',(1.110223024625E-16,1.,0.));
#1160 = PCURVE('',#198,#1161);
#1161 = DEFINITIONAL_REPRESENTATION('',(#1162),#1170);
#1162 = ( BOUNDED_CURVE() B_SPLINE_CURVE(2,(#1163,#1164,#1165,#1166,
#1167,#1168,#1169),.UNSPECIFIED.,.T.,.F.) B_SPLINE_CURVE_WITH_KNOTS((1,2
    ,2,2,2,1),(-2.094395102393,0.,2.094395102393,4.188790204786,
6.28318530718,8.377580409573),.UNSPECIFIED.) CURVE() 
GEOMETRIC_REPRESENTATION_ITEM() RATIONAL_B_SPLINE_CURVE((1.,0.5,1.,0.5,
1.,0.5,1.)) REPRESENTATION_ITEM('') );
#1163 = CARTESIAN_POINT('',(-141.2547528537,56.941552705265));
#1164 = CARTESIAN_POINT('',(-129.2547528537,63.869755935541));
#1165 = CARTESIAN_POINT('',(-129.2547528537,50.01334947499));
#1166 = CARTESIAN_POINT('',(-129.2547528537,36.156943014439));
#1167 = CARTESIAN_POINT('',(-141.2547528537,43.085146244714));
#1168 = CARTESIAN_POINT('',(-153.2547528537,50.01334947499));
#1169 = CARTESIAN_POINT('',(-141.2547528537,56.941552705265));
#1170 = ( GEOMETRIC_REPRESENTATION_CONTEXT(2) 
PARAMETRIC_REPRESENTATION_CONTEXT() REPRESENTATION_CONTEXT('2D SPACE',''
  ) );
#1171 = PCURVE('',#1172,#1177);
#1172 = CYLINDRICAL_SURFACE('',#1173,8.);
#1173 = AXIS2_PLACEMENT_3D('',#1174,#1175,#1176);
#1174 = CARTESIAN_POINT('',(-19.09081283864,84.10040704515,0.));
#1175 = DIRECTION('',(0.,0.,-1.));
#1176 = DIRECTION('',(1.110223024625E-16,1.,0.));
#1177 = DEFINITIONAL_REPRESENTATION('',(#1178),#1182);
#1178 = LINE('',#1179,#1180);
#1179 = CARTESIAN_POINT('',(0.,-7.));
#1180 = VECTOR('',#1181,1.);
#1181 = DIRECTION('',(1.,0.));
#1182 = ( GEOMETRIC_REPRESENTATION_CONTEXT(2) 
PARAMETRIC_REPRESENTATION_CONTEXT() REPRESENTATION_CONTEXT('2D SPACE',''
  ) );
#1183 = ORIENTED_EDGE('',*,*,#1184,.F.);
#1184 = EDGE_CURVE('',#1185,#1152,#1187,.T.);
#1185 = VERTEX_POINT('',#1186);
#1186 = CARTESIAN_POINT('',(-74.73670546426,-23.14999905719,7.));
#1187 = SURFACE_CURVE('',#1188,(#1193,#1204),.PCURVE_S1.);
#1188 = CIRCLE('',#1189,78.24);
#1189 = AXIS2_PLACEMENT_3D('',#1190,#1191,#1192);
#1190 = CARTESIAN_POINT('',(0.,0.,7.));
#1191 = DIRECTION('',(0.,0.,-1.));
#1192 = DIRECTION('',(0.150186123743,0.988657740694,0.));
#1193 = PCURVE('',#198,#1194);
#1194 = DEFINITIONAL_REPRESENTATION('',(#1195),#1203);
#1195 = ( BOUNDED_CURVE() B_SPLINE_CURVE(2,(#1196,#1197,#1198,#1199,
#1200,#1201,#1202),.UNSPECIFIED.,.T.,.F.) B_SPLINE_CURVE_WITH_KNOTS((1,2
    ,2,2,2,1),(-2.094395102393,0.,2.094395102393,4.188790204786,
6.28318530718,8.377580409573),.UNSPECIFIED.) CURVE() 
GEOMETRIC_REPRESENTATION_ITEM() RATIONAL_B_SPLINE_CURVE((1.,0.5,1.,0.5,
1.,0.5,1.)) REPRESENTATION_ITEM('') );
#1196 = CARTESIAN_POINT('',(-107.1714257706,59.590248826991));
#1197 = CARTESIAN_POINT('',(19.033732156539,108.95370608606));
#1198 = CARTESIAN_POINT('',(-1.318838802076,-25.02489539705));
#1199 = CARTESIAN_POINT('',(-21.67140976069,-159.0034968801));
#1200 = CARTESIAN_POINT('',(-127.5239967292,-74.38835265613));
#1201 = CARTESIAN_POINT('',(-233.3765836978,10.226791567913));
#1202 = CARTESIAN_POINT('',(-107.1714257706,59.590248826991));
#1203 = ( GEOMETRIC_REPRESENTATION_CONTEXT(2) 
PARAMETRIC_REPRESENTATION_CONTEXT() REPRESENTATION_CONTEXT('2D SPACE',''
  ) );
#1204 = PCURVE('',#1205,#1210);
#1205 = CYLINDRICAL_SURFACE('',#1206,78.24);
#1206 = AXIS2_PLACEMENT_3D('',#1207,#1208,#1209);
#1207 = CARTESIAN_POINT('',(0.,0.,0.));
#1208 = DIRECTION('',(0.,0.,1.));
#1209 = DIRECTION('',(1.,0.,-0.));
#1210 = DEFINITIONAL_REPRESENTATION('',(#1211),#1215);
#1211 = LINE('',#1212,#1213);
#1212 = CARTESIAN_POINT('',(7.703225104863,7.));
#1213 = VECTOR('',#1214,1.);
#1214 = DIRECTION('',(-1.,-0.));
#1215 = ( GEOMETRIC_REPRESENTATION_CONTEXT(2) 
PARAMETRIC_REPRESENTATION_CONTEXT() REPRESENTATION_CONTEXT('2D SPACE',''
  ) );
#1216 = ORIENTED_EDGE('',*,*,#1217,.F.);
#1217 = EDGE_CURVE('',#1218,#1185,#1220,.T.);
#1218 = VERTEX_POINT('',#1219);
#1219 = CARTESIAN_POINT('',(-77.68206979947,-31.99346147934,7.));
#1220 = SURFACE_CURVE('',#1221,(#1226,#1233),.PCURVE_S1.);
#1221 = CIRCLE('',#1222,8.);
#1222 = AXIS2_PLACEMENT_3D('',#1223,#1224,#1225);
#1223 = CARTESIAN_POINT('',(-82.37849538903,-25.51707462541,7.));
#1224 = DIRECTION('',(0.,-0.,1.));
#1225 = DIRECTION('',(0.866025403784,0.5,0.));
#1226 = PCURVE('',#198,#1227);
#1227 = DEFINITIONAL_REPRESENTATION('',(#1228),#1232);
#1228 = CIRCLE('',#1229,8.);
#1229 = AXIS2_PLACEMENT_2D('',#1230,#1231);
#1230 = CARTESIAN_POINT('',(-137.2547528537,-76.56201562579));
#1231 = DIRECTION('',(0.5,0.866025403784));
#1232 = ( GEOMETRIC_REPRESENTATION_CONTEXT(2) 
PARAMETRIC_REPRESENTATION_CONTEXT() REPRESENTATION_CONTEXT('2D SPACE',''
  ) );
#1233 = PCURVE('',#1234,#1239);
#1234 = CYLINDRICAL_SURFACE('',#1235,8.);
#1235 = AXIS2_PLACEMENT_3D('',#1236,#1237,#1238);
#1236 = CARTESIAN_POINT('',(-82.37849538903,-25.51707462541,0.));
#1237 = DIRECTION('',(0.,0.,-1.));
#1238 = DIRECTION('',(0.866025403784,0.5,0.));
#1239 = DEFINITIONAL_REPRESENTATION('',(#1240),#1244);
#1240 = LINE('',#1241,#1242);
#1241 = CARTESIAN_POINT('',(-0.,-7.));
#1242 = VECTOR('',#1243,1.);
#1243 = DIRECTION('',(-1.,0.));
#1244 = ( GEOMETRIC_REPRESENTATION_CONTEXT(2) 
PARAMETRIC_REPRESENTATION_CONTEXT() REPRESENTATION_CONTEXT('2D SPACE',''
  ) );
#1245 = ORIENTED_EDGE('',*,*,#1246,.T.);
#1246 = EDGE_CURVE('',#1218,#1247,#1249,.T.);
#1247 = VERTEX_POINT('',#1248);
#1248 = CARTESIAN_POINT('',(-102.1639795189,-49.74679676972,7.));
#1249 = SURFACE_CURVE('',#1250,(#1254,#1261),.PCURVE_S1.);
#1250 = LINE('',#1251,#1252);
#1251 = CARTESIAN_POINT('',(-65.44757355425,-23.12147737193,7.));
#1252 = VECTOR('',#1253,1.);
#1253 = DIRECTION('',(-0.809548356741,-0.587053198695,0.));
#1254 = PCURVE('',#198,#1255);
#1255 = DEFINITIONAL_REPRESENTATION('',(#1256),#1260);
#1256 = LINE('',#1257,#1258);
#1257 = CARTESIAN_POINT('',(-123.789943062,-66.02190662965));
#1258 = VECTOR('',#1259,1.);
#1259 = DIRECTION('',(-0.407562843182,-0.913177161813));
#1260 = ( GEOMETRIC_REPRESENTATION_CONTEXT(2) 
PARAMETRIC_REPRESENTATION_CONTEXT() REPRESENTATION_CONTEXT('2D SPACE',''
  ) );
#1261 = PCURVE('',#1262,#1267);
#1262 = PLANE('',#1263);
#1263 = AXIS2_PLACEMENT_3D('',#1264,#1265,#1266);
#1264 = CARTESIAN_POINT('',(-65.44757355425,-23.12147737193,0.));
#1265 = DIRECTION('',(0.587053198695,-0.809548356741,0.));
#1266 = DIRECTION('',(-0.809548356741,-0.587053198695,0.));
#1267 = DEFINITIONAL_REPRESENTATION('',(#1268),#1272);
#1268 = LINE('',#1269,#1270);
#1269 = CARTESIAN_POINT('',(0.,-7.));
#1270 = VECTOR('',#1271,1.);
#1271 = DIRECTION('',(1.,0.));
#1272 = ( GEOMETRIC_REPRESENTATION_CONTEXT(2) 
PARAMETRIC_REPRESENTATION_CONTEXT() REPRESENTATION_CONTEXT('2D SPACE',''
  ) );
#1273 = ORIENTED_EDGE('',*,*,#1274,.T.);
#1274 = EDGE_CURVE('',#1247,#1275,#1277,.T.);
#1275 = VERTEX_POINT('',#1276);
#1276 = CARTESIAN_POINT('',(-90.03962386598,-42.74679676972,7.));
#1277 = SURFACE_CURVE('',#1278,(#1282,#1289),.PCURVE_S1.);
#1278 = LINE('',#1279,#1280);
#1279 = CARTESIAN_POINT('',(-102.1639795189,-49.74679676972,7.));
#1280 = VECTOR('',#1281,1.);
#1281 = DIRECTION('',(0.866025403784,0.5,-1.42108547152E-14));
#1282 = PCURVE('',#198,#1283);
#1283 = DEFINITIONAL_REPRESENTATION('',(#1284),#1288);
#1284 = LINE('',#1285,#1286);
#1285 = CARTESIAN_POINT('',(-142.2746236642,-107.4383125943));
#1286 = VECTOR('',#1287,1.);
#1287 = DIRECTION('',(0.5,0.866025403784));
#1288 = ( GEOMETRIC_REPRESENTATION_CONTEXT(2) 
PARAMETRIC_REPRESENTATION_CONTEXT() REPRESENTATION_CONTEXT('2D SPACE',''
  ) );
#1289 = PCURVE('',#1290,#1295);
#1290 = PLANE('',#1291);
#1291 = AXIS2_PLACEMENT_3D('',#1292,#1293,#1294);
#1292 = CARTESIAN_POINT('',(-90.03962386598,-42.74679676972,6.99));
#1293 = DIRECTION('',(0.5,-0.866025403784,0.));
#1294 = DIRECTION('',(0.,0.,1.));
#1295 = DEFINITIONAL_REPRESENTATION('',(#1296),#1300);
#1296 = LINE('',#1297,#1298);
#1297 = CARTESIAN_POINT('',(9.999999999998E-03,14.));
#1298 = VECTOR('',#1299,1.);
#1299 = DIRECTION('',(-1.42108547152E-14,-1.));
#1300 = ( GEOMETRIC_REPRESENTATION_CONTEXT(2) 
PARAMETRIC_REPRESENTATION_CONTEXT() REPRESENTATION_CONTEXT('2D SPACE',''
  ) );
#1301 = ORIENTED_EDGE('',*,*,#1302,.T.);
#1302 = EDGE_CURVE('',#1275,#1303,#1305,.T.);
#1303 = VERTEX_POINT('',#1304);
#1304 = CARTESIAN_POINT('',(-88.53962386598,-45.34487298107,7.));
#1305 = SURFACE_CURVE('',#1306,(#1310,#1317),.PCURVE_S1.);
#1306 = LINE('',#1307,#1308);
#1307 = CARTESIAN_POINT('',(-90.53962386598,-41.88077136594,7.));
#1308 = VECTOR('',#1309,1.);
#1309 = DIRECTION('',(0.5,-0.866025403784,0.));
#1310 = PCURVE('',#198,#1311);
#1311 = DEFINITIONAL_REPRESENTATION('',(#1312),#1316);
#1312 = LINE('',#1313,#1314);
#1313 = CARTESIAN_POINT('',(-136.140649068,-94.81395694138));
#1314 = VECTOR('',#1315,1.);
#1315 = DIRECTION('',(0.866025403784,-0.5));
#1316 = ( GEOMETRIC_REPRESENTATION_CONTEXT(2) 
PARAMETRIC_REPRESENTATION_CONTEXT() REPRESENTATION_CONTEXT('2D SPACE',''
  ) );
#1317 = PCURVE('',#1318,#1323);
#1318 = CYLINDRICAL_SURFACE('',#1319,3.);
#1319 = AXIS2_PLACEMENT_3D('',#1320,#1321,#1322);
#1320 = CARTESIAN_POINT('',(-90.53962386598,-41.88077136594,10.));
#1321 = DIRECTION('',(0.5,-0.866025403784,0.));
#1322 = DIRECTION('',(0.,0.,1.));
#1323 = DEFINITIONAL_REPRESENTATION('',(#1324),#1328);
#1324 = LINE('',#1325,#1326);
#1325 = CARTESIAN_POINT('',(3.14159265359,0.));
#1326 = VECTOR('',#1327,1.);
#1327 = DIRECTION('',(0.,1.));
#1328 = ( GEOMETRIC_REPRESENTATION_CONTEXT(2) 
PARAMETRIC_REPRESENTATION_CONTEXT() REPRESENTATION_CONTEXT('2D SPACE',''
  ) );
#1329 = ORIENTED_EDGE('',*,*,#1330,.F.);
#1330 = EDGE_CURVE('',#1331,#1303,#1333,.T.);
#1331 = VERTEX_POINT('',#1332);
#1332 = CARTESIAN_POINT('',(-66.3803667088,-32.55121989633,7.));
#1333 = SURFACE_CURVE('',#1334,(#1338,#1345),.PCURVE_S1.);
#1334 = LINE('',#1335,#1336);
#1335 = CARTESIAN_POINT('',(-60.73154815046,-29.28987298107,7.));
#1336 = VECTOR('',#1337,1.);
#1337 = DIRECTION('',(-0.866025403784,-0.5,0.));
#1338 = PCURVE('',#198,#1339);
#1339 = DEFINITIONAL_REPRESENTATION('',(#1340),#1344);
#1340 = LINE('',#1341,#1342);
#1341 = CARTESIAN_POINT('',(-116.6215474529,-69.00588122586));
#1342 = VECTOR('',#1343,1.);
#1343 = DIRECTION('',(-0.5,-0.866025403784));
#1344 = ( GEOMETRIC_REPRESENTATION_CONTEXT(2) 
PARAMETRIC_REPRESENTATION_CONTEXT() REPRESENTATION_CONTEXT('2D SPACE',''
  ) );
#1345 = PCURVE('',#1346,#1351);
#1346 = CYLINDRICAL_SURFACE('',#1347,2.);
#1347 = AXIS2_PLACEMENT_3D('',#1348,#1349,#1350);
#1348 = CARTESIAN_POINT('',(-60.73154815046,-29.28987298107,9.));
#1349 = DIRECTION('',(-0.866025403784,-0.5,0.));
#1350 = DIRECTION('',(0.,0.,1.));
#1351 = DEFINITIONAL_REPRESENTATION('',(#1352),#1356);
#1352 = LINE('',#1353,#1354);
#1353 = CARTESIAN_POINT('',(3.14159265359,0.));
#1354 = VECTOR('',#1355,1.);
#1355 = DIRECTION('',(0.,1.));
#1356 = ( GEOMETRIC_REPRESENTATION_CONTEXT(2) 
PARAMETRIC_REPRESENTATION_CONTEXT() REPRESENTATION_CONTEXT('2D SPACE',''
  ) );
#1357 = ORIENTED_EDGE('',*,*,#1358,.F.);
#1358 = EDGE_CURVE('',#1359,#1331,#1361,.T.);
#1359 = VERTEX_POINT('',#1360);
#1360 = CARTESIAN_POINT('',(-61.3803667088,-41.21147393418,7.));
#1361 = SURFACE_CURVE('',#1362,(#1367,#1374),.PCURVE_S1.);
#1362 = CIRCLE('',#1363,9.2);
#1363 = AXIS2_PLACEMENT_3D('',#1364,#1365,#1366);
#1364 = CARTESIAN_POINT('',(-57.19231766592,-33.02,7.));
#1365 = DIRECTION('',(0.,0.,1.));
#1366 = DIRECTION('',(-0.655644785115,-0.755069477433,0.));
#1367 = PCURVE('',#198,#1368);
#1368 = DEFINITIONAL_REPRESENTATION('',(#1369),#1373);
#1369 = CIRCLE('',#1370,9.2);
#1370 = AXIS2_PLACEMENT_2D('',#1371,#1372);
#1371 = CARTESIAN_POINT('',(-111.691420434,-70.46665074132));
#1372 = DIRECTION('',(-0.190270301052,-0.981731741637));
#1373 = ( GEOMETRIC_REPRESENTATION_CONTEXT(2) 
PARAMETRIC_REPRESENTATION_CONTEXT() REPRESENTATION_CONTEXT('2D SPACE',''
  ) );
#1374 = PCURVE('',#1375,#1380);
#1375 = TOROIDAL_SURFACE('',#1376,9.2,2.);
#1376 = AXIS2_PLACEMENT_3D('',#1377,#1378,#1379);
#1377 = CARTESIAN_POINT('',(-57.19231766592,-33.02,9.));
#1378 = DIRECTION('',(-0.,-0.,-1.));
#1379 = DIRECTION('',(1.,0.,-0.));
#1380 = DEFINITIONAL_REPRESENTATION('',(#1381),#1385);
#1381 = LINE('',#1382,#1383);
#1382 = CARTESIAN_POINT('',(-3.99735273473,1.570796326795));
#1383 = VECTOR('',#1384,1.);
#1384 = DIRECTION('',(-1.,0.));
#1385 = ( GEOMETRIC_REPRESENTATION_CONTEXT(2) 
PARAMETRIC_REPRESENTATION_CONTEXT() REPRESENTATION_CONTEXT('2D SPACE',''
  ) );
#1386 = ORIENTED_EDGE('',*,*,#1387,.T.);
#1387 = EDGE_CURVE('',#1359,#1388,#1390,.T.);
#1388 = VERTEX_POINT('',#1389);
#1389 = CARTESIAN_POINT('',(-83.53962386598,-54.00512701892,7.));
#1390 = SURFACE_CURVE('',#1391,(#1395,#1402),.PCURVE_S1.);
#1391 = LINE('',#1392,#1393);
#1392 = CARTESIAN_POINT('',(-55.73154815046,-37.95012701892,7.));
#1393 = VECTOR('',#1394,1.);
#1394 = DIRECTION('',(-0.866025403784,-0.5,0.));
#1395 = PCURVE('',#198,#1396);
#1396 = DEFINITIONAL_REPRESENTATION('',(#1397),#1401);
#1397 = LINE('',#1398,#1399);
#1398 = CARTESIAN_POINT('',(-107.961293415,-74.00588122586));
#1399 = VECTOR('',#1400,1.);
#1400 = DIRECTION('',(-0.5,-0.866025403784));
#1401 = ( GEOMETRIC_REPRESENTATION_CONTEXT(2) 
PARAMETRIC_REPRESENTATION_CONTEXT() REPRESENTATION_CONTEXT('2D SPACE',''
  ) );
#1402 = PCURVE('',#1403,#1408);
#1403 = CYLINDRICAL_SURFACE('',#1404,2.);
#1404 = AXIS2_PLACEMENT_3D('',#1405,#1406,#1407);
#1405 = CARTESIAN_POINT('',(-55.73154815046,-37.95012701892,9.));
#1406 = DIRECTION('',(-0.866025403784,-0.5,0.));
#1407 = DIRECTION('',(0.,0.,1.));
#1408 = DEFINITIONAL_REPRESENTATION('',(#1409),#1413);
#1409 = LINE('',#1410,#1411);
#1410 = CARTESIAN_POINT('',(3.14159265359,0.));
#1411 = VECTOR('',#1412,1.);
#1412 = DIRECTION('',(0.,1.));
#1413 = ( GEOMETRIC_REPRESENTATION_CONTEXT(2) 
PARAMETRIC_REPRESENTATION_CONTEXT() REPRESENTATION_CONTEXT('2D SPACE',''
  ) );
#1414 = ORIENTED_EDGE('',*,*,#1415,.T.);
#1415 = EDGE_CURVE('',#1388,#1416,#1418,.T.);
#1416 = VERTEX_POINT('',#1417);
#1417 = CARTESIAN_POINT('',(-82.03962386598,-56.60320323027,7.));
#1418 = SURFACE_CURVE('',#1419,(#1423,#1430),.PCURVE_S1.);
#1419 = LINE('',#1420,#1421);
#1420 = CARTESIAN_POINT('',(-90.53962386598,-41.88077136594,7.));
#1421 = VECTOR('',#1422,1.);
#1422 = DIRECTION('',(0.5,-0.866025403784,0.));
#1423 = PCURVE('',#198,#1424);
#1424 = DEFINITIONAL_REPRESENTATION('',(#1425),#1429);
#1425 = LINE('',#1426,#1427);
#1426 = CARTESIAN_POINT('',(-136.140649068,-94.81395694138));
#1427 = VECTOR('',#1428,1.);
#1428 = DIRECTION('',(0.866025403784,-0.5));
#1429 = ( GEOMETRIC_REPRESENTATION_CONTEXT(2) 
PARAMETRIC_REPRESENTATION_CONTEXT() REPRESENTATION_CONTEXT('2D SPACE',''
  ) );
#1430 = PCURVE('',#1431,#1436);
#1431 = CYLINDRICAL_SURFACE('',#1432,3.);
#1432 = AXIS2_PLACEMENT_3D('',#1433,#1434,#1435);
#1433 = CARTESIAN_POINT('',(-90.53962386598,-41.88077136594,10.));
#1434 = DIRECTION('',(0.5,-0.866025403784,0.));
#1435 = DIRECTION('',(0.,0.,1.));
#1436 = DEFINITIONAL_REPRESENTATION('',(#1437),#1441);
#1437 = LINE('',#1438,#1439);
#1438 = CARTESIAN_POINT('',(3.14159265359,0.));
#1439 = VECTOR('',#1440,1.);
#1440 = DIRECTION('',(0.,1.));
#1441 = ( GEOMETRIC_REPRESENTATION_CONTEXT(2) 
PARAMETRIC_REPRESENTATION_CONTEXT() REPRESENTATION_CONTEXT('2D SPACE',''
  ) );
#1442 = ORIENTED_EDGE('',*,*,#1443,.T.);
#1443 = EDGE_CURVE('',#1416,#1444,#1446,.T.);
#1444 = VERTEX_POINT('',#1445);
#1445 = CARTESIAN_POINT('',(-94.16397951896,-63.60320323027,7.));
#1446 = SURFACE_CURVE('',#1447,(#1451,#1458),.PCURVE_S1.);
#1447 = LINE('',#1448,#1449);
#1448 = CARTESIAN_POINT('',(-82.03962386598,-56.60320323027,7.));
#1449 = VECTOR('',#1450,1.);
#1450 = DIRECTION('',(-0.866025403784,-0.5,1.42108547152E-14));
#1451 = PCURVE('',#198,#1452);
#1452 = DEFINITIONAL_REPRESENTATION('',(#1453),#1457);
#1453 = LINE('',#1454,#1455);
#1454 = CARTESIAN_POINT('',(-121.4182172037,-103.3139569413));
#1455 = VECTOR('',#1456,1.);
#1456 = DIRECTION('',(-0.5,-0.866025403784));
#1457 = ( GEOMETRIC_REPRESENTATION_CONTEXT(2) 
PARAMETRIC_REPRESENTATION_CONTEXT() REPRESENTATION_CONTEXT('2D SPACE',''
  ) );
#1458 = PCURVE('',#1459,#1464);
#1459 = PLANE('',#1460);
#1460 = AXIS2_PLACEMENT_3D('',#1461,#1462,#1463);
#1461 = CARTESIAN_POINT('',(-94.16397951896,-63.60320323027,0.));
#1462 = DIRECTION('',(-0.5,0.866025403784,0.));
#1463 = DIRECTION('',(0.866025403784,0.5,0.));
#1464 = DEFINITIONAL_REPRESENTATION('',(#1465),#1469);
#1465 = LINE('',#1466,#1467);
#1466 = CARTESIAN_POINT('',(14.,-7.));
#1467 = VECTOR('',#1468,1.);
#1468 = DIRECTION('',(-1.,-1.42108547152E-14));
#1469 = ( GEOMETRIC_REPRESENTATION_CONTEXT(2) 
PARAMETRIC_REPRESENTATION_CONTEXT() REPRESENTATION_CONTEXT('2D SPACE',''
  ) );
#1470 = ORIENTED_EDGE('',*,*,#1471,.T.);
#1471 = EDGE_CURVE('',#1444,#1472,#1474,.T.);
#1472 = VERTEX_POINT('',#1473);
#1473 = CARTESIAN_POINT('',(-66.54818529584,-51.27791512522,7.));
#1474 = SURFACE_CURVE('',#1475,(#1479,#1486),.PCURVE_S1.);
#1475 = LINE('',#1476,#1477);
#1476 = CARTESIAN_POINT('',(-94.16397951896,-63.60320323027,7.));
#1477 = VECTOR('',#1478,1.);
#1478 = DIRECTION('',(0.913177161813,0.407562843182,0.));
#1479 = PCURVE('',#198,#1480);
#1480 = DEFINITIONAL_REPRESENTATION('',(#1481),#1485);
#1481 = LINE('',#1482,#1483);
#1482 = CARTESIAN_POINT('',(-128.4182172037,-115.4383125943));
#1483 = VECTOR('',#1484,1.);
#1484 = DIRECTION('',(0.587053198695,0.809548356741));
#1485 = ( GEOMETRIC_REPRESENTATION_CONTEXT(2) 
PARAMETRIC_REPRESENTATION_CONTEXT() REPRESENTATION_CONTEXT('2D SPACE',''
  ) );
#1486 = PCURVE('',#1487,#1492);
#1487 = PLANE('',#1488);
#1488 = AXIS2_PLACEMENT_3D('',#1489,#1490,#1491);
#1489 = CARTESIAN_POINT('',(-94.16397951896,-63.60320323027,0.));
#1490 = DIRECTION('',(-0.407562843182,0.913177161813,0.));
#1491 = DIRECTION('',(0.913177161813,0.407562843182,0.));
#1492 = DEFINITIONAL_REPRESENTATION('',(#1493),#1497);
#1493 = LINE('',#1494,#1495);
#1494 = CARTESIAN_POINT('',(0.,-7.));
#1495 = VECTOR('',#1496,1.);
#1496 = DIRECTION('',(1.,0.));
#1497 = ( GEOMETRIC_REPRESENTATION_CONTEXT(2) 
PARAMETRIC_REPRESENTATION_CONTEXT() REPRESENTATION_CONTEXT('2D SPACE',''
  ) );
#1498 = ORIENTED_EDGE('',*,*,#1499,.T.);
#1499 = EDGE_CURVE('',#1472,#1500,#1502,.T.);
#1500 = VERTEX_POINT('',#1501);
#1501 = CARTESIAN_POINT('',(-57.41684001324,-53.1488859986,7.));
#1502 = SURFACE_CURVE('',#1503,(#1508,#1519),.PCURVE_S1.);
#1503 = CIRCLE('',#1504,8.);
#1504 = AXIS2_PLACEMENT_3D('',#1505,#1506,#1507);
#1505 = CARTESIAN_POINT('',(-63.28768255039,-58.58333241973,7.));
#1506 = DIRECTION('',(-0.,0.,-1.));
#1507 = DIRECTION('',(-0.866025403784,-0.5,0.));
#1508 = PCURVE('',#198,#1509);
#1509 = DEFINITIONAL_REPRESENTATION('',(#1510),#1518);
#1510 = ( BOUNDED_CURVE() B_SPLINE_CURVE(2,(#1511,#1512,#1513,#1514,
#1515,#1516,#1517),.UNSPECIFIED.,.T.,.F.) B_SPLINE_CURVE_WITH_KNOTS((1,2
    ,2,2,2,1),(-2.094395102393,0.,2.094395102393,4.188790204786,
6.28318530718,8.377580409573),.UNSPECIFIED.) CURVE() 
GEOMETRIC_REPRESENTATION_ITEM() RATIONAL_B_SPLINE_CURVE((1.,0.5,1.,0.5,
1.,0.5,1.)) REPRESENTATION_ITEM('') );
#1511 = CARTESIAN_POINT('',(-108.1884950594,-102.5810316947));
#1512 = CARTESIAN_POINT('',(-120.1884950594,-95.65282846443));
#1513 = CARTESIAN_POINT('',(-108.1884950594,-88.72462523415));
#1514 = CARTESIAN_POINT('',(-96.18849505942,-81.79642200388));
#1515 = CARTESIAN_POINT('',(-96.18849505942,-95.65282846443));
#1516 = CARTESIAN_POINT('',(-96.18849505942,-109.5092349249));
#1517 = CARTESIAN_POINT('',(-108.1884950594,-102.5810316947));
#1518 = ( GEOMETRIC_REPRESENTATION_CONTEXT(2) 
PARAMETRIC_REPRESENTATION_CONTEXT() REPRESENTATION_CONTEXT('2D SPACE',''
  ) );
#1519 = PCURVE('',#1520,#1525);
#1520 = CYLINDRICAL_SURFACE('',#1521,8.);
#1521 = AXIS2_PLACEMENT_3D('',#1522,#1523,#1524);
#1522 = CARTESIAN_POINT('',(-63.28768255039,-58.58333241973,0.));
#1523 = DIRECTION('',(0.,-0.,-1.));
#1524 = DIRECTION('',(-0.866025403784,-0.5,0.));
#1525 = DEFINITIONAL_REPRESENTATION('',(#1526),#1530);
#1526 = LINE('',#1527,#1528);
#1527 = CARTESIAN_POINT('',(0.,-7.));
#1528 = VECTOR('',#1529,1.);
#1529 = DIRECTION('',(1.,0.));
#1530 = ( GEOMETRIC_REPRESENTATION_CONTEXT(2) 
PARAMETRIC_REPRESENTATION_CONTEXT() REPRESENTATION_CONTEXT('2D SPACE',''
  ) );
#1531 = ORIENTED_EDGE('',*,*,#1532,.F.);
#1532 = EDGE_CURVE('',#589,#1500,#1533,.T.);
#1533 = SURFACE_CURVE('',#1534,(#1539,#1550),.PCURVE_S1.);
#1534 = CIRCLE('',#1535,78.24);
#1535 = AXIS2_PLACEMENT_3D('',#1536,#1537,#1538);
#1536 = CARTESIAN_POINT('',(0.,0.,7.));
#1537 = DIRECTION('',(0.,0.,-1.));
#1538 = DIRECTION('',(0.150186123743,0.988657740694,0.));
#1539 = PCURVE('',#198,#1540);
#1540 = DEFINITIONAL_REPRESENTATION('',(#1541),#1549);
#1541 = ( BOUNDED_CURVE() B_SPLINE_CURVE(2,(#1542,#1543,#1544,#1545,
#1546,#1547,#1548),.UNSPECIFIED.,.T.,.F.) B_SPLINE_CURVE_WITH_KNOTS((1,2
    ,2,2,2,1),(-2.094395102393,0.,2.094395102393,4.188790204786,
6.28318530718,8.377580409573),.UNSPECIFIED.) CURVE() 
GEOMETRIC_REPRESENTATION_ITEM() RATIONAL_B_SPLINE_CURVE((1.,0.5,1.,0.5,
1.,0.5,1.)) REPRESENTATION_ITEM('') );
#1542 = CARTESIAN_POINT('',(-107.1714257706,59.590248826991));
#1543 = CARTESIAN_POINT('',(19.033732156539,108.95370608606));
#1544 = CARTESIAN_POINT('',(-1.318838802076,-25.02489539705));
#1545 = CARTESIAN_POINT('',(-21.67140976069,-159.0034968801));
#1546 = CARTESIAN_POINT('',(-127.5239967292,-74.38835265613));
#1547 = CARTESIAN_POINT('',(-233.3765836978,10.226791567913));
#1548 = CARTESIAN_POINT('',(-107.1714257706,59.590248826991));
#1549 = ( GEOMETRIC_REPRESENTATION_CONTEXT(2) 
PARAMETRIC_REPRESENTATION_CONTEXT() REPRESENTATION_CONTEXT('2D SPACE',''
  ) );
#1550 = PCURVE('',#1551,#1556);
#1551 = CYLINDRICAL_SURFACE('',#1552,78.24);
#1552 = AXIS2_PLACEMENT_3D('',#1553,#1554,#1555);
#1553 = CARTESIAN_POINT('',(0.,0.,0.));
#1554 = DIRECTION('',(0.,0.,1.));
#1555 = DIRECTION('',(1.,0.,-0.));
#1556 = DEFINITIONAL_REPRESENTATION('',(#1557),#1561);
#1557 = LINE('',#1558,#1559);
#1558 = CARTESIAN_POINT('',(7.703225104863,7.));
#1559 = VECTOR('',#1560,1.);
#1560 = DIRECTION('',(-1.,-0.));
#1561 = ( GEOMETRIC_REPRESENTATION_CONTEXT(2) 
PARAMETRIC_REPRESENTATION_CONTEXT() REPRESENTATION_CONTEXT('2D SPACE',''
  ) );
#1562 = FACE_BOUND('',#1563,.T.);
#1563 = EDGE_LOOP('',(#1564));
#1564 = ORIENTED_EDGE('',*,*,#1565,.F.);
#1565 = EDGE_CURVE('',#1566,#1566,#1568,.T.);
#1566 = VERTEX_POINT('',#1567);
#1567 = CARTESIAN_POINT('',(-37.7399557323,22.134849398401,7.));
#1568 = SURFACE_CURVE('',#1569,(#1574,#1581),.PCURVE_S1.);
#1569 = CIRCLE('',#1570,16.);
#1570 = AXIS2_PLACEMENT_3D('',#1571,#1572,#1573);
#1571 = CARTESIAN_POINT('',(-53.7399557323,22.134849398401,7.));
#1572 = DIRECTION('',(0.,0.,1.));
#1573 = DIRECTION('',(1.,0.,-0.));
#1574 = PCURVE('',#198,#1575);
#1575 = DEFINITIONAL_REPRESENTATION('',(#1576),#1580);
#1576 = CIRCLE('',#1577,16.);
#1577 = AXIS2_PLACEMENT_2D('',#1578,#1579);
#1578 = CARTESIAN_POINT('',(-136.2790119956,-20.97496905359));
#1579 = DIRECTION('',(0.866025403784,0.5));
#1580 = ( GEOMETRIC_REPRESENTATION_CONTEXT(2) 
PARAMETRIC_REPRESENTATION_CONTEXT() REPRESENTATION_CONTEXT('2D SPACE',''
  ) );
#1581 = PCURVE('',#1582,#1587);
#1582 = CYLINDRICAL_SURFACE('',#1583,16.);
#1583 = AXIS2_PLACEMENT_3D('',#1584,#1585,#1586);
#1584 = CARTESIAN_POINT('',(-53.7399557323,22.134849398401,-1.));
#1585 = DIRECTION('',(0.,0.,1.));
#1586 = DIRECTION('',(1.,0.,-0.));
#1587 = DEFINITIONAL_REPRESENTATION('',(#1588),#1592);
#1588 = LINE('',#1589,#1590);
#1589 = CARTESIAN_POINT('',(0.,8.));
#1590 = VECTOR('',#1591,1.);
#1591 = DIRECTION('',(1.,0.));
#1592 = ( GEOMETRIC_REPRESENTATION_CONTEXT(2) 
PARAMETRIC_REPRESENTATION_CONTEXT() REPRESENTATION_CONTEXT('2D SPACE',''
  ) );
#1593 = FACE_BOUND('',#1594,.T.);
#1594 = EDGE_LOOP('',(#1595));
#1595 = ORIENTED_EDGE('',*,*,#1596,.F.);
#1596 = EDGE_CURVE('',#1597,#1597,#1599,.T.);
#1597 = VERTEX_POINT('',#1598);
#1598 = CARTESIAN_POINT('',(23.700635978195,-57.60759156162,7.));
#1599 = SURFACE_CURVE('',#1600,(#1605,#1612),.PCURVE_S1.);
#1600 = CIRCLE('',#1601,16.);
#1601 = AXIS2_PLACEMENT_3D('',#1602,#1603,#1604);
#1602 = CARTESIAN_POINT('',(7.700635978195,-57.60759156162,7.));
#1603 = DIRECTION('',(0.,0.,1.));
#1604 = DIRECTION('',(1.,0.,-0.));
#1605 = PCURVE('',#198,#1606);
#1606 = DEFINITIONAL_REPRESENTATION('',(#1607),#1611);
#1607 = CIRCLE('',#1608,16.);
#1608 = AXIS2_PLACEMENT_2D('',#1609,#1610);
#1609 = CARTESIAN_POINT('',(-43.19867827078,-59.31365282951));
#1610 = DIRECTION('',(0.866025403784,0.5));
#1611 = ( GEOMETRIC_REPRESENTATION_CONTEXT(2) 
PARAMETRIC_REPRESENTATION_CONTEXT() REPRESENTATION_CONTEXT('2D SPACE',''
  ) );
#1612 = PCURVE('',#1613,#1618);
#1613 = CYLINDRICAL_SURFACE('',#1614,16.);
#1614 = AXIS2_PLACEMENT_3D('',#1615,#1616,#1617);
#1615 = CARTESIAN_POINT('',(7.700635978195,-57.60759156162,-1.));
#1616 = DIRECTION('',(0.,0.,1.));
#1617 = DIRECTION('',(1.,0.,-0.));
#1618 = DEFINITIONAL_REPRESENTATION('',(#1619),#1623);
#1619 = LINE('',#1620,#1621);
#1620 = CARTESIAN_POINT('',(0.,8.));
#1621 = VECTOR('',#1622,1.);
#1622 = DIRECTION('',(1.,0.));
#1623 = ( GEOMETRIC_REPRESENTATION_CONTEXT(2) 
PARAMETRIC_REPRESENTATION_CONTEXT() REPRESENTATION_CONTEXT('2D SPACE',''
  ) );
#1624 = FACE_BOUND('',#1625,.T.);
#1625 = EDGE_LOOP('',(#1626));
#1626 = ORIENTED_EDGE('',*,*,#1627,.F.);
#1627 = EDGE_CURVE('',#1628,#1628,#1630,.T.);
#1628 = VERTEX_POINT('',#1629);
#1629 = CARTESIAN_POINT('',(38.,-9.30731567352E-15,7.));
#1630 = SURFACE_CURVE('',#1631,(#1636,#1643),.PCURVE_S1.);
#1631 = CIRCLE('',#1632,38.);
#1632 = AXIS2_PLACEMENT_3D('',#1633,#1634,#1635);
#1633 = CARTESIAN_POINT('',(0.,0.,7.));
#1634 = DIRECTION('',(0.,0.,1.));
#1635 = DIRECTION('',(1.,0.,-0.));
#1636 = PCURVE('',#198,#1637);
#1637 = DEFINITIONAL_REPRESENTATION('',(#1638),#1642);
#1638 = CIRCLE('',#1639,38.);
#1639 = AXIS2_PLACEMENT_2D('',#1640,#1641);
#1640 = CARTESIAN_POINT('',(-78.671420434,-13.2743330754));
#1641 = DIRECTION('',(0.866025403784,0.5));
#1642 = ( GEOMETRIC_REPRESENTATION_CONTEXT(2) 
PARAMETRIC_REPRESENTATION_CONTEXT() REPRESENTATION_CONTEXT('2D SPACE',''
  ) );
#1643 = PCURVE('',#1644,#1649);
#1644 = CYLINDRICAL_SURFACE('',#1645,38.);
#1645 = AXIS2_PLACEMENT_3D('',#1646,#1647,#1648);
#1646 = CARTESIAN_POINT('',(0.,0.,-1.));
#1647 = DIRECTION('',(0.,0.,1.));
#1648 = DIRECTION('',(1.,0.,-0.));
#1649 = DEFINITIONAL_REPRESENTATION('',(#1650),#1654);
#1650 = LINE('',#1651,#1652);
#1651 = CARTESIAN_POINT('',(0.,8.));
#1652 = VECTOR('',#1653,1.);
#1653 = DIRECTION('',(1.,0.));
#1654 = ( GEOMETRIC_REPRESENTATION_CONTEXT(2) 
PARAMETRIC_REPRESENTATION_CONTEXT() REPRESENTATION_CONTEXT('2D SPACE',''
  ) );
#1655 = FACE_BOUND('',#1656,.T.);
#1656 = EDGE_LOOP('',(#1657));
#1657 = ORIENTED_EDGE('',*,*,#1658,.F.);
#1658 = EDGE_CURVE('',#1659,#1659,#1661,.T.);
#1659 = VERTEX_POINT('',#1660);
#1660 = CARTESIAN_POINT('',(62.03931975411,35.472742163227,7.));
#1661 = SURFACE_CURVE('',#1662,(#1667,#1674),.PCURVE_S1.);
#1662 = CIRCLE('',#1663,16.);
#1663 = AXIS2_PLACEMENT_3D('',#1664,#1665,#1666);
#1664 = CARTESIAN_POINT('',(46.03931975411,35.472742163227,7.));
#1665 = DIRECTION('',(0.,0.,1.));
#1666 = DIRECTION('',(1.,0.,-0.));
#1667 = PCURVE('',#198,#1668);
#1668 = DEFINITIONAL_REPRESENTATION('',(#1669),#1673);
#1669 = CIRCLE('',#1670,16.);
#1670 = AXIS2_PLACEMENT_2D('',#1671,#1672);
#1671 = CARTESIAN_POINT('',(-56.5365710356,40.465622656904));
#1672 = DIRECTION('',(0.866025403784,0.5));
#1673 = ( GEOMETRIC_REPRESENTATION_CONTEXT(2) 
PARAMETRIC_REPRESENTATION_CONTEXT() REPRESENTATION_CONTEXT('2D SPACE',''
  ) );
#1674 = PCURVE('',#1675,#1680);
#1675 = CYLINDRICAL_SURFACE('',#1676,16.);
#1676 = AXIS2_PLACEMENT_3D('',#1677,#1678,#1679);
#1677 = CARTESIAN_POINT('',(46.03931975411,35.472742163227,-1.));
#1678 = DIRECTION('',(0.,0.,1.));
#1679 = DIRECTION('',(1.,0.,-0.));
#1680 = DEFINITIONAL_REPRESENTATION('',(#1681),#1685);
#1681 = LINE('',#1682,#1683);
#1682 = CARTESIAN_POINT('',(0.,8.));
#1683 = VECTOR('',#1684,1.);
#1684 = DIRECTION('',(1.,0.));
#1685 = ( GEOMETRIC_REPRESENTATION_CONTEXT(2) 
PARAMETRIC_REPRESENTATION_CONTEXT() REPRESENTATION_CONTEXT('2D SPACE',''
  ) );
#1686 = ADVANCED_FACE('',(#1687),#145,.F.);
#1687 = FACE_BOUND('',#1688,.F.);
#1688 = EDGE_LOOP('',(#1689,#1712,#1713,#1714));
#1689 = ORIENTED_EDGE('',*,*,#1690,.F.);
#1690 = EDGE_CURVE('',#58,#1691,#1693,.T.);
#1691 = VERTEX_POINT('',#1692);
#1692 = CARTESIAN_POINT('',(89.989113608767,-48.49113735102,9.));
#1693 = SURFACE_CURVE('',#1694,(#1698,#1705),.PCURVE_S1.);
#1694 = LINE('',#1695,#1696);
#1695 = CARTESIAN_POINT('',(59.731548150466,-31.02192378864,9.));
#1696 = VECTOR('',#1697,1.);
#1697 = DIRECTION('',(0.866025403784,-0.5,0.));
#1698 = PCURVE('',#145,#1699);
#1699 = DEFINITIONAL_REPRESENTATION('',(#1700),#1704);
#1700 = LINE('',#1701,#1702);
#1701 = CARTESIAN_POINT('',(1.570796326795,0.));
#1702 = VECTOR('',#1703,1.);
#1703 = DIRECTION('',(0.,1.));
#1704 = ( GEOMETRIC_REPRESENTATION_CONTEXT(2) 
PARAMETRIC_REPRESENTATION_CONTEXT() REPRESENTATION_CONTEXT('2D SPACE',''
  ) );
#1705 = PCURVE('',#327,#1706);
#1706 = DEFINITIONAL_REPRESENTATION('',(#1707),#1711);
#1707 = LINE('',#1708,#1709);
#1708 = CARTESIAN_POINT('',(35.11,-2.01));
#1709 = VECTOR('',#1710,1.);
#1710 = DIRECTION('',(-1.,-0.));
#1711 = ( GEOMETRIC_REPRESENTATION_CONTEXT(2) 
PARAMETRIC_REPRESENTATION_CONTEXT() REPRESENTATION_CONTEXT('2D SPACE',''
  ) );
#1712 = ORIENTED_EDGE('',*,*,#81,.T.);
#1713 = ORIENTED_EDGE('',*,*,#696,.T.);
#1714 = ORIENTED_EDGE('',*,*,#1715,.F.);
#1715 = EDGE_CURVE('',#1691,#697,#1716,.T.);
#1716 = SURFACE_CURVE('',#1717,(#1741,#1768),.PCURVE_S1.);
#1717 = B_SPLINE_CURVE_WITH_KNOTS('',8,(#1718,#1719,#1720,#1721,#1722,
    #1723,#1724,#1725,#1726,#1727,#1728,#1729,#1730,#1731,#1732,#1733,
    #1734,#1735,#1736,#1737,#1738,#1739,#1740),.UNSPECIFIED.,.F.,.F.,(9,
    7,7,9),(0.,0.182451692033,0.330328230833,1.),.UNSPECIFIED.);
#1718 = CARTESIAN_POINT('',(89.989113608767,-48.49113735102,9.));
#1719 = CARTESIAN_POINT('',(89.956707286877,-48.47242755235,
    8.894161395904));
#1720 = CARTESIAN_POINT('',(89.923978101747,-48.44614011335,
    8.791218112312));
#1721 = CARTESIAN_POINT('',(89.890918359529,-48.41297805616,
    8.691527590609));
#1722 = CARTESIAN_POINT('',(89.857566234224,-48.37365180642,
    8.595388168588));
#1723 = CARTESIAN_POINT('',(89.823995149498,-48.32888180932,
    8.503046437214));
#1724 = CARTESIAN_POINT('',(89.79030622135,-48.27940053994,
    8.414702765825));
#1725 = CARTESIAN_POINT('',(89.756623761622,-48.22595390806,
    8.330514995764));
#1726 = CARTESIAN_POINT('',(89.695917945253,-48.12338590535,
    8.185829687726));
#1727 = CARTESIAN_POINT('',(89.668747337434,-48.07520425282,8.1236401536
    ));
#1728 = CARTESIAN_POINT('',(89.641594092416,-48.02502221242,
    8.063968840555));
#1729 = CARTESIAN_POINT('',(89.614469509502,-47.97307291134,
    8.006745237638));
#1730 = CARTESIAN_POINT('',(89.587382763501,-47.91955807072,
    7.951892516273));
#1731 = CARTESIAN_POINT('',(89.56033955445,-47.86464858524,
    7.899328864088));
#1732 = CARTESIAN_POINT('',(89.533340757338,-47.80848510259,
    7.848968818733));
#1733 = CARTESIAN_POINT('',(89.3842917909,-47.49166113516,7.582246468354
    ));
#1734 = CARTESIAN_POINT('',(89.261446826916,-47.20538613754,
    7.404371540339));
#1735 = CARTESIAN_POINT('',(89.139039472618,-46.90502163198,
    7.263808219227));
#1736 = CARTESIAN_POINT('',(89.017931696889,-46.59803545649,
    7.156345529717));
#1737 = CARTESIAN_POINT('',(88.898206022559,-46.28834671233,
    7.078179294076));
#1738 = CARTESIAN_POINT('',(88.779366239129,-45.97704377731,
    7.026483231353));
#1739 = CARTESIAN_POINT('',(88.660324402382,-45.66314722496,
    7.00000010766));
#1740 = CARTESIAN_POINT('',(88.539623865984,-45.34487298107,7.));
#1741 = PCURVE('',#145,#1742);
#1742 = DEFINITIONAL_REPRESENTATION('',(#1743),#1767);
#1743 = B_SPLINE_CURVE_WITH_KNOTS('',8,(#1744,#1745,#1746,#1747,#1748,
    #1749,#1750,#1751,#1752,#1753,#1754,#1755,#1756,#1757,#1758,#1759,
    #1760,#1761,#1762,#1763,#1764,#1765,#1766),.UNSPECIFIED.,.F.,.F.,(9,
    7,7,9),(0.,0.182451692033,0.330328230833,1.),.UNSPECIFIED.);
#1744 = CARTESIAN_POINT('',(1.570796326795,34.938427124746));
#1745 = CARTESIAN_POINT('',(1.623715628843,34.901007527412));
#1746 = CARTESIAN_POINT('',(1.675187328317,34.859519502146));
#1747 = CARTESIAN_POINT('',(1.725258256519,34.814307896947));
#1748 = CARTESIAN_POINT('',(1.773953676629,34.765760984293));
#1749 = CARTESIAN_POINT('',(1.821280360118,34.714302573536));
#1750 = CARTESIAN_POINT('',(1.867228463475,34.660386471246));
#1751 = CARTESIAN_POINT('',(1.911772205252,34.60449328952));
#1752 = CARTESIAN_POINT('',(1.989799442211,34.500636509031));
#1753 = CARTESIAN_POINT('',(2.023901194398,34.453015246158));
#1754 = CARTESIAN_POINT('',(2.057226459941,34.404408825979));
#1755 = CARTESIAN_POINT('',(2.08982348285,34.354943597567));
#1756 = CARTESIAN_POINT('',(2.121738269158,34.304728367117));
#1757 = CARTESIAN_POINT('',(2.153015964886,34.253853518335));
#1758 = CARTESIAN_POINT('',(2.183702234001,34.202390132841));
#1759 = CARTESIAN_POINT('',(2.350347127567,33.914897957782));
#1760 = CARTESIAN_POINT('',(2.477437693041,33.665373599437));
#1761 = CARTESIAN_POINT('',(2.597194057662,33.409183468223));
#1762 = CARTESIAN_POINT('',(2.711143276174,33.150807970101));
#1763 = CARTESIAN_POINT('',(2.820805512678,32.892278122568));
#1764 = CARTESIAN_POINT('',(2.927788982682,32.633708383625));
#1765 = CARTESIAN_POINT('',(3.033951216085,32.373666852715));
#1766 = CARTESIAN_POINT('',(3.14159265359,32.11));
#1767 = ( GEOMETRIC_REPRESENTATION_CONTEXT(2) 
PARAMETRIC_REPRESENTATION_CONTEXT() REPRESENTATION_CONTEXT('2D SPACE',''
  ) );
#1768 = PCURVE('',#735,#1769);
#1769 = DEFINITIONAL_REPRESENTATION('',(#1770),#1794);
#1770 = B_SPLINE_CURVE_WITH_KNOTS('',8,(#1771,#1772,#1773,#1774,#1775,
    #1776,#1777,#1778,#1779,#1780,#1781,#1782,#1783,#1784,#1785,#1786,
    #1787,#1788,#1789,#1790,#1791,#1792,#1793),.UNSPECIFIED.,.F.,.F.,(9,
    7,7,9),(0.,0.182451692033,0.330328230833,1.),.UNSPECIFIED.);
#1771 = CARTESIAN_POINT('',(1.910633236249,12.));
#1772 = CARTESIAN_POINT('',(1.948052833583,12.));
#1773 = CARTESIAN_POINT('',(1.985014555149,12.006400997408));
#1774 = CARTESIAN_POINT('',(2.02144765107,12.018590310269));
#1775 = CARTESIAN_POINT('',(2.057286743167,12.035971778924));
#1776 = CARTESIAN_POINT('',(2.092467685376,12.05795819138));
#1777 = CARTESIAN_POINT('',(2.126924312467,12.083965763599));
#1778 = CARTESIAN_POINT('',(2.160586077081,12.113410674688));
#1779 = CARTESIAN_POINT('',(2.219953173482,12.171884262467));
#1780 = CARTESIAN_POINT('',(2.246050122956,12.200025493647));
#1781 = CARTESIAN_POINT('',(2.271685261132,12.229907792934));
#1782 = CARTESIAN_POINT('',(2.296877386738,12.261334915923));
#1783 = CARTESIAN_POINT('',(2.321646754781,12.294136754376));
#1784 = CARTESIAN_POINT('',(2.346015571737,12.32816815919));
#1785 = CARTESIAN_POINT('',(2.370008490733,12.363307763372));
#1786 = CARTESIAN_POINT('',(2.500729807073,12.563160884476));
#1787 = CARTESIAN_POINT('',(2.602030600538,12.749659822888));
#1788 = CARTESIAN_POINT('',(2.698371910282,12.948579437955));
#1789 = CARTESIAN_POINT('',(2.790637307859,13.153883376668));
#1790 = CARTESIAN_POINT('',(2.879798982556,13.362218859216));
#1791 = CARTESIAN_POINT('',(2.967023151829,13.572395217501));
#1792 = CARTESIAN_POINT('',(3.05370370698,13.784716687622));
#1793 = CARTESIAN_POINT('',(3.14159265359,14.));
#1794 = ( GEOMETRIC_REPRESENTATION_CONTEXT(2) 
PARAMETRIC_REPRESENTATION_CONTEXT() REPRESENTATION_CONTEXT('2D SPACE',''
  ) );
#1795 = ADVANCED_FACE('',(#1796),#327,.F.);
#1796 = FACE_BOUND('',#1797,.F.);
#1797 = EDGE_LOOP('',(#1798,#1799,#1800,#1828,#1856));
#1798 = ORIENTED_EDGE('',*,*,#311,.F.);
#1799 = ORIENTED_EDGE('',*,*,#1690,.T.);
#1800 = ORIENTED_EDGE('',*,*,#1801,.F.);
#1801 = EDGE_CURVE('',#1802,#1691,#1804,.T.);
#1802 = VERTEX_POINT('',#1803);
#1803 = CARTESIAN_POINT('',(90.137700077337,-48.57692378864,10.));
#1804 = SURFACE_CURVE('',#1805,(#1810,#1821),.PCURVE_S1.);
#1805 = CIRCLE('',#1806,3.);
#1806 = AXIS2_PLACEMENT_3D('',#1807,#1808,#1809);
#1807 = CARTESIAN_POINT('',(87.539623865984,-47.07692378864,10.));
#1808 = DIRECTION('',(0.5,0.866025403784,0.));
#1809 = DIRECTION('',(0.,-0.,1.));
#1810 = PCURVE('',#327,#1811);
#1811 = DEFINITIONAL_REPRESENTATION('',(#1812),#1820);
#1812 = ( BOUNDED_CURVE() B_SPLINE_CURVE(2,(#1813,#1814,#1815,#1816,
#1817,#1818,#1819),.UNSPECIFIED.,.T.,.F.) B_SPLINE_CURVE_WITH_KNOTS((1,2
    ,2,2,2,1),(-2.094395102393,0.,2.094395102393,4.188790204786,
6.28318530718,8.377580409573),.UNSPECIFIED.) CURVE() 
GEOMETRIC_REPRESENTATION_ITEM() RATIONAL_B_SPLINE_CURVE((1.,0.5,1.,0.5,
1.,0.5,1.)) REPRESENTATION_ITEM('') );
#1813 = CARTESIAN_POINT('',(3.,-6.01));
#1814 = CARTESIAN_POINT('',(-2.196152422707,-6.01));
#1815 = CARTESIAN_POINT('',(0.401923788647,-1.51));
#1816 = CARTESIAN_POINT('',(3.,2.99));
#1817 = CARTESIAN_POINT('',(5.598076211353,-1.51));
#1818 = CARTESIAN_POINT('',(8.196152422707,-6.01));
#1819 = CARTESIAN_POINT('',(3.,-6.01));
#1820 = ( GEOMETRIC_REPRESENTATION_CONTEXT(2) 
PARAMETRIC_REPRESENTATION_CONTEXT() REPRESENTATION_CONTEXT('2D SPACE',''
  ) );
#1821 = PCURVE('',#735,#1822);
#1822 = DEFINITIONAL_REPRESENTATION('',(#1823),#1827);
#1823 = LINE('',#1824,#1825);
#1824 = CARTESIAN_POINT('',(0.,12.));
#1825 = VECTOR('',#1826,1.);
#1826 = DIRECTION('',(1.,0.));
#1827 = ( GEOMETRIC_REPRESENTATION_CONTEXT(2) 
PARAMETRIC_REPRESENTATION_CONTEXT() REPRESENTATION_CONTEXT('2D SPACE',''
  ) );
#1828 = ORIENTED_EDGE('',*,*,#1829,.T.);
#1829 = EDGE_CURVE('',#1802,#1830,#1832,.T.);
#1830 = VERTEX_POINT('',#1831);
#1831 = CARTESIAN_POINT('',(90.137700077337,-48.57692378864,11.));
#1832 = SURFACE_CURVE('',#1833,(#1837,#1844),.PCURVE_S1.);
#1833 = LINE('',#1834,#1835);
#1834 = CARTESIAN_POINT('',(90.137700077337,-48.57692378864,6.99));
#1835 = VECTOR('',#1836,1.);
#1836 = DIRECTION('',(0.,0.,1.));
#1837 = PCURVE('',#327,#1838);
#1838 = DEFINITIONAL_REPRESENTATION('',(#1839),#1843);
#1839 = LINE('',#1840,#1841);
#1840 = CARTESIAN_POINT('',(0.,0.));
#1841 = VECTOR('',#1842,1.);
#1842 = DIRECTION('',(0.,-1.));
#1843 = ( GEOMETRIC_REPRESENTATION_CONTEXT(2) 
PARAMETRIC_REPRESENTATION_CONTEXT() REPRESENTATION_CONTEXT('2D SPACE',''
  ) );
#1844 = PCURVE('',#1845,#1850);
#1845 = PLANE('',#1846);
#1846 = AXIS2_PLACEMENT_3D('',#1847,#1848,#1849);
#1847 = CARTESIAN_POINT('',(92.637700077337,-44.24679676972,0.));
#1848 = DIRECTION('',(0.866025403784,-0.5,0.));
#1849 = DIRECTION('',(-0.5,-0.866025403784,0.));
#1850 = DEFINITIONAL_REPRESENTATION('',(#1851),#1855);
#1851 = LINE('',#1852,#1853);
#1852 = CARTESIAN_POINT('',(5.,-6.99));
#1853 = VECTOR('',#1854,1.);
#1854 = DIRECTION('',(0.,-1.));
#1855 = ( GEOMETRIC_REPRESENTATION_CONTEXT(2) 
PARAMETRIC_REPRESENTATION_CONTEXT() REPRESENTATION_CONTEXT('2D SPACE',''
  ) );
#1856 = ORIENTED_EDGE('',*,*,#1857,.T.);
#1857 = EDGE_CURVE('',#1830,#312,#1858,.T.);
#1858 = SURFACE_CURVE('',#1859,(#1863,#1870),.PCURVE_S1.);
#1859 = LINE('',#1860,#1861);
#1860 = CARTESIAN_POINT('',(90.137700077337,-48.57692378864,11.));
#1861 = VECTOR('',#1862,1.);
#1862 = DIRECTION('',(-0.866025403784,0.5,0.));
#1863 = PCURVE('',#327,#1864);
#1864 = DEFINITIONAL_REPRESENTATION('',(#1865),#1869);
#1865 = LINE('',#1866,#1867);
#1866 = CARTESIAN_POINT('',(0.,-4.01));
#1867 = VECTOR('',#1868,1.);
#1868 = DIRECTION('',(1.,0.));
#1869 = ( GEOMETRIC_REPRESENTATION_CONTEXT(2) 
PARAMETRIC_REPRESENTATION_CONTEXT() REPRESENTATION_CONTEXT('2D SPACE',''
  ) );
#1870 = PCURVE('',#435,#1871);
#1871 = DEFINITIONAL_REPRESENTATION('',(#1872),#1876);
#1872 = LINE('',#1873,#1874);
#1873 = CARTESIAN_POINT('',(16.270063261544,-5.929423788647));
#1874 = VECTOR('',#1875,1.);
#1875 = DIRECTION('',(-0.866025403784,0.5));
#1876 = ( GEOMETRIC_REPRESENTATION_CONTEXT(2) 
PARAMETRIC_REPRESENTATION_CONTEXT() REPRESENTATION_CONTEXT('2D SPACE',''
  ) );
#1877 = ADVANCED_FACE('',(#1878),#435,.T.);
#1878 = FACE_BOUND('',#1879,.T.);
#1879 = EDGE_LOOP('',(#1880,#1881,#1904,#1925));
#1880 = ORIENTED_EDGE('',*,*,#420,.F.);
#1881 = ORIENTED_EDGE('',*,*,#1882,.T.);
#1882 = EDGE_CURVE('',#393,#1883,#1885,.T.);
#1883 = VERTEX_POINT('',#1884);
#1884 = CARTESIAN_POINT('',(87.137700077337,-53.77307621135,11.));
#1885 = SURFACE_CURVE('',#1886,(#1890,#1897),.PCURVE_S1.);
#1886 = LINE('',#1887,#1888);
#1887 = CARTESIAN_POINT('',(57.59757355425,-36.71807621135,11.));
#1888 = VECTOR('',#1889,1.);
#1889 = DIRECTION('',(0.866025403784,-0.5,-0.));
#1890 = PCURVE('',#435,#1891);
#1891 = DEFINITIONAL_REPRESENTATION('',(#1892),#1896);
#1892 = LINE('',#1893,#1894);
#1893 = CARTESIAN_POINT('',(-16.27006326154,5.929423788647));
#1894 = VECTOR('',#1895,1.);
#1895 = DIRECTION('',(0.866025403784,-0.5));
#1896 = ( GEOMETRIC_REPRESENTATION_CONTEXT(2) 
PARAMETRIC_REPRESENTATION_CONTEXT() REPRESENTATION_CONTEXT('2D SPACE',''
  ) );
#1897 = PCURVE('',#408,#1898);
#1898 = DEFINITIONAL_REPRESENTATION('',(#1899),#1903);
#1899 = LINE('',#1900,#1901);
#1900 = CARTESIAN_POINT('',(0.,-4.01));
#1901 = VECTOR('',#1902,1.);
#1902 = DIRECTION('',(1.,0.));
#1903 = ( GEOMETRIC_REPRESENTATION_CONTEXT(2) 
PARAMETRIC_REPRESENTATION_CONTEXT() REPRESENTATION_CONTEXT('2D SPACE',''
  ) );
#1904 = ORIENTED_EDGE('',*,*,#1905,.T.);
#1905 = EDGE_CURVE('',#1883,#1830,#1906,.T.);
#1906 = SURFACE_CURVE('',#1907,(#1911,#1918),.PCURVE_S1.);
#1907 = LINE('',#1908,#1909);
#1908 = CARTESIAN_POINT('',(87.137700077337,-53.77307621135,11.));
#1909 = VECTOR('',#1910,1.);
#1910 = DIRECTION('',(0.5,0.866025403784,0.));
#1911 = PCURVE('',#435,#1912);
#1912 = DEFINITIONAL_REPRESENTATION('',(#1913),#1917);
#1913 = LINE('',#1914,#1915);
#1914 = CARTESIAN_POINT('',(13.270063261544,-11.12557621135));
#1915 = VECTOR('',#1916,1.);
#1916 = DIRECTION('',(0.5,0.866025403784));
#1917 = ( GEOMETRIC_REPRESENTATION_CONTEXT(2) 
PARAMETRIC_REPRESENTATION_CONTEXT() REPRESENTATION_CONTEXT('2D SPACE',''
  ) );
#1918 = PCURVE('',#1845,#1919);
#1919 = DEFINITIONAL_REPRESENTATION('',(#1920),#1924);
#1920 = LINE('',#1921,#1922);
#1921 = CARTESIAN_POINT('',(11.,-11.));
#1922 = VECTOR('',#1923,1.);
#1923 = DIRECTION('',(-1.,0.));
#1924 = ( GEOMETRIC_REPRESENTATION_CONTEXT(2) 
PARAMETRIC_REPRESENTATION_CONTEXT() REPRESENTATION_CONTEXT('2D SPACE',''
  ) );
#1925 = ORIENTED_EDGE('',*,*,#1857,.T.);
#1926 = ADVANCED_FACE('',(#1927),#408,.F.);
#1927 = FACE_BOUND('',#1928,.F.);
#1928 = EDGE_LOOP('',(#1929,#1953,#1954,#1955,#1956));
#1929 = ORIENTED_EDGE('',*,*,#1930,.T.);
#1930 = EDGE_CURVE('',#1931,#475,#1933,.T.);
#1931 = VERTEX_POINT('',#1932);
#1932 = CARTESIAN_POINT('',(87.137700077337,-53.77307621135,10.));
#1933 = SURFACE_CURVE('',#1934,(#1939,#1946),.PCURVE_S1.);
#1934 = CIRCLE('',#1935,3.);
#1935 = AXIS2_PLACEMENT_3D('',#1936,#1937,#1938);
#1936 = CARTESIAN_POINT('',(84.539623865984,-52.27307621135,10.));
#1937 = DIRECTION('',(0.5,0.866025403784,0.));
#1938 = DIRECTION('',(0.,-0.,1.));
#1939 = PCURVE('',#408,#1940);
#1940 = DEFINITIONAL_REPRESENTATION('',(#1941),#1945);
#1941 = CIRCLE('',#1942,3.);
#1942 = AXIS2_PLACEMENT_2D('',#1943,#1944);
#1943 = CARTESIAN_POINT('',(31.11,-3.01));
#1944 = DIRECTION('',(0.,-1.));
#1945 = ( GEOMETRIC_REPRESENTATION_CONTEXT(2) 
PARAMETRIC_REPRESENTATION_CONTEXT() REPRESENTATION_CONTEXT('2D SPACE',''
  ) );
#1946 = PCURVE('',#551,#1947);
#1947 = DEFINITIONAL_REPRESENTATION('',(#1948),#1952);
#1948 = LINE('',#1949,#1950);
#1949 = CARTESIAN_POINT('',(0.,6.));
#1950 = VECTOR('',#1951,1.);
#1951 = DIRECTION('',(1.,0.));
#1952 = ( GEOMETRIC_REPRESENTATION_CONTEXT(2) 
PARAMETRIC_REPRESENTATION_CONTEXT() REPRESENTATION_CONTEXT('2D SPACE',''
  ) );
#1953 = ORIENTED_EDGE('',*,*,#474,.F.);
#1954 = ORIENTED_EDGE('',*,*,#392,.T.);
#1955 = ORIENTED_EDGE('',*,*,#1882,.T.);
#1956 = ORIENTED_EDGE('',*,*,#1957,.F.);
#1957 = EDGE_CURVE('',#1931,#1883,#1958,.T.);
#1958 = SURFACE_CURVE('',#1959,(#1963,#1970),.PCURVE_S1.);
#1959 = LINE('',#1960,#1961);
#1960 = CARTESIAN_POINT('',(87.137700077337,-53.77307621135,6.99));
#1961 = VECTOR('',#1962,1.);
#1962 = DIRECTION('',(0.,0.,1.));
#1963 = PCURVE('',#408,#1964);
#1964 = DEFINITIONAL_REPRESENTATION('',(#1965),#1969);
#1965 = LINE('',#1966,#1967);
#1966 = CARTESIAN_POINT('',(34.11,0.));
#1967 = VECTOR('',#1968,1.);
#1968 = DIRECTION('',(0.,-1.));
#1969 = ( GEOMETRIC_REPRESENTATION_CONTEXT(2) 
PARAMETRIC_REPRESENTATION_CONTEXT() REPRESENTATION_CONTEXT('2D SPACE',''
  ) );
#1970 = PCURVE('',#1845,#1971);
#1971 = DEFINITIONAL_REPRESENTATION('',(#1972),#1976);
#1972 = LINE('',#1973,#1974);
#1973 = CARTESIAN_POINT('',(11.,-6.99));
#1974 = VECTOR('',#1975,1.);
#1975 = DIRECTION('',(0.,-1.));
#1976 = ( GEOMETRIC_REPRESENTATION_CONTEXT(2) 
PARAMETRIC_REPRESENTATION_CONTEXT() REPRESENTATION_CONTEXT('2D SPACE',''
  ) );
#1977 = ADVANCED_FACE('',(#1978),#378,.T.);
#1978 = FACE_BOUND('',#1979,.T.);
#1979 = EDGE_LOOP('',(#1980));
#1980 = ORIENTED_EDGE('',*,*,#363,.T.);
#1981 = ADVANCED_FACE('',(#1982),#551,.F.);
#1982 = FACE_BOUND('',#1983,.F.);
#1983 = EDGE_LOOP('',(#1984,#2007,#2029,#2030,#2031));
#1984 = ORIENTED_EDGE('',*,*,#1985,.F.);
#1985 = EDGE_CURVE('',#1986,#1931,#1988,.T.);
#1986 = VERTEX_POINT('',#1987);
#1987 = CARTESIAN_POINT('',(84.637700077337,-58.10320323027,10.));
#1988 = SURFACE_CURVE('',#1989,(#1993,#2000),.PCURVE_S1.);
#1989 = LINE('',#1990,#1991);
#1990 = CARTESIAN_POINT('',(84.137700077337,-58.96922863406,10.));
#1991 = VECTOR('',#1992,1.);
#1992 = DIRECTION('',(0.5,0.866025403784,0.));
#1993 = PCURVE('',#551,#1994);
#1994 = DEFINITIONAL_REPRESENTATION('',(#1995),#1999);
#1995 = LINE('',#1996,#1997);
#1996 = CARTESIAN_POINT('',(1.570796326795,0.));
#1997 = VECTOR('',#1998,1.);
#1998 = DIRECTION('',(0.,1.));
#1999 = ( GEOMETRIC_REPRESENTATION_CONTEXT(2) 
PARAMETRIC_REPRESENTATION_CONTEXT() REPRESENTATION_CONTEXT('2D SPACE',''
  ) );
#2000 = PCURVE('',#1845,#2001);
#2001 = DEFINITIONAL_REPRESENTATION('',(#2002),#2006);
#2002 = LINE('',#2003,#2004);
#2003 = CARTESIAN_POINT('',(17.,-10.));
#2004 = VECTOR('',#2005,1.);
#2005 = DIRECTION('',(-1.,0.));
#2006 = ( GEOMETRIC_REPRESENTATION_CONTEXT(2) 
PARAMETRIC_REPRESENTATION_CONTEXT() REPRESENTATION_CONTEXT('2D SPACE',''
  ) );
#2007 = ORIENTED_EDGE('',*,*,#2008,.T.);
#2008 = EDGE_CURVE('',#1986,#646,#2009,.T.);
#2009 = SURFACE_CURVE('',#2010,(#2015,#2022),.PCURVE_S1.);
#2010 = CIRCLE('',#2011,3.);
#2011 = AXIS2_PLACEMENT_3D('',#2012,#2013,#2014);
#2012 = CARTESIAN_POINT('',(82.039623865984,-56.60320323027,10.));
#2013 = DIRECTION('',(0.5,0.866025403784,-0.));
#2014 = DIRECTION('',(0.,0.,1.));
#2015 = PCURVE('',#551,#2016);
#2016 = DEFINITIONAL_REPRESENTATION('',(#2017),#2021);
#2017 = LINE('',#2018,#2019);
#2018 = CARTESIAN_POINT('',(0.,1.));
#2019 = VECTOR('',#2020,1.);
#2020 = DIRECTION('',(1.,0.));
#2021 = ( GEOMETRIC_REPRESENTATION_CONTEXT(2) 
PARAMETRIC_REPRESENTATION_CONTEXT() REPRESENTATION_CONTEXT('2D SPACE',''
  ) );
#2022 = PCURVE('',#661,#2023);
#2023 = DEFINITIONAL_REPRESENTATION('',(#2024),#2028);
#2024 = CIRCLE('',#2025,3.);
#2025 = AXIS2_PLACEMENT_2D('',#2026,#2027);
#2026 = CARTESIAN_POINT('',(3.01,0.));
#2027 = DIRECTION('',(1.,0.));
#2028 = ( GEOMETRIC_REPRESENTATION_CONTEXT(2) 
PARAMETRIC_REPRESENTATION_CONTEXT() REPRESENTATION_CONTEXT('2D SPACE',''
  ) );
#2029 = ORIENTED_EDGE('',*,*,#673,.T.);
#2030 = ORIENTED_EDGE('',*,*,#497,.F.);
#2031 = ORIENTED_EDGE('',*,*,#1930,.F.);
#2032 = ADVANCED_FACE('',(#2033),#605,.F.);
#2033 = FACE_BOUND('',#2034,.T.);
#2034 = EDGE_LOOP('',(#2035,#2058,#2059,#2082));
#2035 = ORIENTED_EDGE('',*,*,#2036,.T.);
#2036 = EDGE_CURVE('',#2037,#587,#2039,.T.);
#2037 = VERTEX_POINT('',#2038);
#2038 = CARTESIAN_POINT('',(66.548185295846,-51.27791512522,0.));
#2039 = SURFACE_CURVE('',#2040,(#2044,#2051),.PCURVE_S1.);
#2040 = LINE('',#2041,#2042);
#2041 = CARTESIAN_POINT('',(66.548185295846,-51.27791512522,0.));
#2042 = VECTOR('',#2043,1.);
#2043 = DIRECTION('',(0.,0.,1.));
#2044 = PCURVE('',#605,#2045);
#2045 = DEFINITIONAL_REPRESENTATION('',(#2046),#2050);
#2046 = LINE('',#2047,#2048);
#2047 = CARTESIAN_POINT('',(-4.816204164618,0.));
#2048 = VECTOR('',#2049,1.);
#2049 = DIRECTION('',(-0.,-1.));
#2050 = ( GEOMETRIC_REPRESENTATION_CONTEXT(2) 
PARAMETRIC_REPRESENTATION_CONTEXT() REPRESENTATION_CONTEXT('2D SPACE',''
  ) );
#2051 = PCURVE('',#633,#2052);
#2052 = DEFINITIONAL_REPRESENTATION('',(#2053),#2057);
#2053 = LINE('',#2054,#2055);
#2054 = CARTESIAN_POINT('',(15.112742979896,0.));
#2055 = VECTOR('',#2056,1.);
#2056 = DIRECTION('',(0.,-1.));
#2057 = ( GEOMETRIC_REPRESENTATION_CONTEXT(2) 
PARAMETRIC_REPRESENTATION_CONTEXT() REPRESENTATION_CONTEXT('2D SPACE',''
  ) );
#2058 = ORIENTED_EDGE('',*,*,#586,.T.);
#2059 = ORIENTED_EDGE('',*,*,#2060,.F.);
#2060 = EDGE_CURVE('',#2061,#589,#2063,.T.);
#2061 = VERTEX_POINT('',#2062);
#2062 = CARTESIAN_POINT('',(57.416840013249,-53.1488859986,0.));
#2063 = SURFACE_CURVE('',#2064,(#2068,#2075),.PCURVE_S1.);
#2064 = LINE('',#2065,#2066);
#2065 = CARTESIAN_POINT('',(57.416840013249,-53.1488859986,0.));
#2066 = VECTOR('',#2067,1.);
#2067 = DIRECTION('',(0.,0.,1.));
#2068 = PCURVE('',#605,#2069);
#2069 = DEFINITIONAL_REPRESENTATION('',(#2070),#2074);
#2070 = LINE('',#2071,#2072);
#2071 = CARTESIAN_POINT('',(-6.059967822217,0.));
#2072 = VECTOR('',#2073,1.);
#2073 = DIRECTION('',(-0.,-1.));
#2074 = ( GEOMETRIC_REPRESENTATION_CONTEXT(2) 
PARAMETRIC_REPRESENTATION_CONTEXT() REPRESENTATION_CONTEXT('2D SPACE',''
  ) );
#2075 = PCURVE('',#1551,#2076);
#2076 = DEFINITIONAL_REPRESENTATION('',(#2077),#2081);
#2077 = LINE('',#2078,#2079);
#2078 = CARTESIAN_POINT('',(5.536369046618,0.));
#2079 = VECTOR('',#2080,1.);
#2080 = DIRECTION('',(0.,1.));
#2081 = ( GEOMETRIC_REPRESENTATION_CONTEXT(2) 
PARAMETRIC_REPRESENTATION_CONTEXT() REPRESENTATION_CONTEXT('2D SPACE',''
  ) );
#2082 = ORIENTED_EDGE('',*,*,#2083,.F.);
#2083 = EDGE_CURVE('',#2037,#2061,#2084,.T.);
#2084 = SURFACE_CURVE('',#2085,(#2090,#2097),.PCURVE_S1.);
#2085 = CIRCLE('',#2086,8.);
#2086 = AXIS2_PLACEMENT_3D('',#2087,#2088,#2089);
#2087 = CARTESIAN_POINT('',(63.287682550391,-58.58333241973,0.));
#2088 = DIRECTION('',(0.,0.,1.));
#2089 = DIRECTION('',(-0.866025403784,0.5,0.));
#2090 = PCURVE('',#605,#2091);
#2091 = DEFINITIONAL_REPRESENTATION('',(#2092),#2096);
#2092 = LINE('',#2093,#2094);
#2093 = CARTESIAN_POINT('',(-0.,0.));
#2094 = VECTOR('',#2095,1.);
#2095 = DIRECTION('',(-1.,0.));
#2096 = ( GEOMETRIC_REPRESENTATION_CONTEXT(2) 
PARAMETRIC_REPRESENTATION_CONTEXT() REPRESENTATION_CONTEXT('2D SPACE',''
  ) );
#2097 = PCURVE('',#2098,#2103);
#2098 = PLANE('',#2099);
#2099 = AXIS2_PLACEMENT_3D('',#2100,#2101,#2102);
#2100 = CARTESIAN_POINT('',(61.494282109957,-50.83161987859,0.));
#2101 = DIRECTION('',(-0.,0.,-1.));
#2102 = DIRECTION('',(-0.866025403784,0.5,0.));
#2103 = DEFINITIONAL_REPRESENTATION('',(#2104),#2112);
#2104 = ( BOUNDED_CURVE() B_SPLINE_CURVE(2,(#2105,#2106,#2107,#2108,
#2109,#2110,#2111),.UNSPECIFIED.,.T.,.F.) B_SPLINE_CURVE_WITH_KNOTS((1,2
    ,2,2,2,1),(-2.094395102393,0.,2.094395102393,4.188790204786,
6.28318530718,8.377580409573),.UNSPECIFIED.) CURVE() 
GEOMETRIC_REPRESENTATION_ITEM() RATIONAL_B_SPLINE_CURVE((1.,0.5,1.,0.5,
1.,0.5,1.)) REPRESENTATION_ITEM('') );
#2105 = CARTESIAN_POINT('',(2.571013388859,-5.81647976324));
#2106 = CARTESIAN_POINT('',(2.571013388859,-19.67288622379));
#2107 = CARTESIAN_POINT('',(-9.428986611141,-12.74468299351));
#2108 = CARTESIAN_POINT('',(-21.42898661114,-5.81647976324));
#2109 = CARTESIAN_POINT('',(-9.428986611141,1.111723467035));
#2110 = CARTESIAN_POINT('',(2.571013388859,8.039926697311));
#2111 = CARTESIAN_POINT('',(2.571013388859,-5.81647976324));
#2112 = ( GEOMETRIC_REPRESENTATION_CONTEXT(2) 
PARAMETRIC_REPRESENTATION_CONTEXT() REPRESENTATION_CONTEXT('2D SPACE',''
  ) );
#2113 = ADVANCED_FACE('',(#2114),#633,.F.);
#2114 = FACE_BOUND('',#2115,.F.);
#2115 = EDGE_LOOP('',(#2116,#2139,#2140,#2141));
#2116 = ORIENTED_EDGE('',*,*,#2117,.F.);
#2117 = EDGE_CURVE('',#2037,#2118,#2120,.T.);
#2118 = VERTEX_POINT('',#2119);
#2119 = CARTESIAN_POINT('',(94.163979518966,-63.60320323027,0.));
#2120 = SURFACE_CURVE('',#2121,(#2125,#2132),.PCURVE_S1.);
#2121 = LINE('',#2122,#2123);
#2122 = CARTESIAN_POINT('',(52.74757355425,-45.11852262806,0.));
#2123 = VECTOR('',#2124,1.);
#2124 = DIRECTION('',(0.913177161813,-0.407562843182,-0.));
#2125 = PCURVE('',#633,#2126);
#2126 = DEFINITIONAL_REPRESENTATION('',(#2127),#2131);
#2127 = LINE('',#2128,#2129);
#2128 = CARTESIAN_POINT('',(0.,0.));
#2129 = VECTOR('',#2130,1.);
#2130 = DIRECTION('',(1.,0.));
#2131 = ( GEOMETRIC_REPRESENTATION_CONTEXT(2) 
PARAMETRIC_REPRESENTATION_CONTEXT() REPRESENTATION_CONTEXT('2D SPACE',''
  ) );
#2132 = PCURVE('',#2098,#2133);
#2133 = DEFINITIONAL_REPRESENTATION('',(#2134),#2138);
#2134 = LINE('',#2135,#2136);
#2135 = CARTESIAN_POINT('',(10.431420434009,0.574333075402));
#2136 = VECTOR('',#2137,1.);
#2137 = DIRECTION('',(-0.994616041877,0.103628805073));
#2138 = ( GEOMETRIC_REPRESENTATION_CONTEXT(2) 
PARAMETRIC_REPRESENTATION_CONTEXT() REPRESENTATION_CONTEXT('2D SPACE',''
  ) );
#2139 = ORIENTED_EDGE('',*,*,#2036,.T.);
#2140 = ORIENTED_EDGE('',*,*,#617,.T.);
#2141 = ORIENTED_EDGE('',*,*,#2142,.F.);
#2142 = EDGE_CURVE('',#2118,#618,#2143,.T.);
#2143 = SURFACE_CURVE('',#2144,(#2148,#2155),.PCURVE_S1.);
#2144 = LINE('',#2145,#2146);
#2145 = CARTESIAN_POINT('',(94.163979518966,-63.60320323027,0.));
#2146 = VECTOR('',#2147,1.);
#2147 = DIRECTION('',(0.,0.,1.));
#2148 = PCURVE('',#633,#2149);
#2149 = DEFINITIONAL_REPRESENTATION('',(#2150),#2154);
#2150 = LINE('',#2151,#2152);
#2151 = CARTESIAN_POINT('',(45.354185032916,0.));
#2152 = VECTOR('',#2153,1.);
#2153 = DIRECTION('',(0.,-1.));
#2154 = ( GEOMETRIC_REPRESENTATION_CONTEXT(2) 
PARAMETRIC_REPRESENTATION_CONTEXT() REPRESENTATION_CONTEXT('2D SPACE',''
  ) );
#2155 = PCURVE('',#2156,#2161);
#2156 = PLANE('',#2157);
#2157 = AXIS2_PLACEMENT_3D('',#2158,#2159,#2160);
#2158 = CARTESIAN_POINT('',(94.163979518966,-63.60320323027,0.));
#2159 = DIRECTION('',(-0.866025403784,0.5,0.));
#2160 = DIRECTION('',(0.5,0.866025403784,0.));
#2161 = DEFINITIONAL_REPRESENTATION('',(#2162),#2166);
#2162 = LINE('',#2163,#2164);
#2163 = CARTESIAN_POINT('',(0.,0.));
#2164 = VECTOR('',#2165,1.);
#2165 = DIRECTION('',(0.,-1.));
#2166 = ( GEOMETRIC_REPRESENTATION_CONTEXT(2) 
PARAMETRIC_REPRESENTATION_CONTEXT() REPRESENTATION_CONTEXT('2D SPACE',''
  ) );
#2167 = ADVANCED_FACE('',(#2168),#1551,.T.);
#2168 = FACE_BOUND('',#2169,.T.);
#2169 = EDGE_LOOP('',(#2170,#2193,#2219,#2220));
#2170 = ORIENTED_EDGE('',*,*,#2171,.F.);
#2171 = EDGE_CURVE('',#2172,#1500,#2174,.T.);
#2172 = VERTEX_POINT('',#2173);
#2173 = CARTESIAN_POINT('',(-57.41684001324,-53.1488859986,0.));
#2174 = SURFACE_CURVE('',#2175,(#2179,#2186),.PCURVE_S1.);
#2175 = LINE('',#2176,#2177);
#2176 = CARTESIAN_POINT('',(-57.41684001324,-53.1488859986,0.));
#2177 = VECTOR('',#2178,1.);
#2178 = DIRECTION('',(0.,0.,1.));
#2179 = PCURVE('',#1551,#2180);
#2180 = DEFINITIONAL_REPRESENTATION('',(#2181),#2185);
#2181 = LINE('',#2182,#2183);
#2182 = CARTESIAN_POINT('',(3.888408914151,0.));
#2183 = VECTOR('',#2184,1.);
#2184 = DIRECTION('',(0.,1.));
#2185 = ( GEOMETRIC_REPRESENTATION_CONTEXT(2) 
PARAMETRIC_REPRESENTATION_CONTEXT() REPRESENTATION_CONTEXT('2D SPACE',''
  ) );
#2186 = PCURVE('',#1520,#2187);
#2187 = DEFINITIONAL_REPRESENTATION('',(#2188),#2192);
#2188 = LINE('',#2189,#2190);
#2189 = CARTESIAN_POINT('',(2.918375168627,0.));
#2190 = VECTOR('',#2191,1.);
#2191 = DIRECTION('',(0.,-1.));
#2192 = ( GEOMETRIC_REPRESENTATION_CONTEXT(2) 
PARAMETRIC_REPRESENTATION_CONTEXT() REPRESENTATION_CONTEXT('2D SPACE',''
  ) );
#2193 = ORIENTED_EDGE('',*,*,#2194,.T.);
#2194 = EDGE_CURVE('',#2172,#2061,#2195,.T.);
#2195 = SURFACE_CURVE('',#2196,(#2201,#2208),.PCURVE_S1.);
#2196 = CIRCLE('',#2197,78.24);
#2197 = AXIS2_PLACEMENT_3D('',#2198,#2199,#2200);
#2198 = CARTESIAN_POINT('',(0.,0.,0.));
#2199 = DIRECTION('',(0.,0.,1.));
#2200 = DIRECTION('',(-0.150186123743,0.988657740694,0.));
#2201 = PCURVE('',#1551,#2202);
#2202 = DEFINITIONAL_REPRESENTATION('',(#2203),#2207);
#2203 = LINE('',#2204,#2205);
#2204 = CARTESIAN_POINT('',(1.721552855907,0.));
#2205 = VECTOR('',#2206,1.);
#2206 = DIRECTION('',(1.,0.));
#2207 = ( GEOMETRIC_REPRESENTATION_CONTEXT(2) 
PARAMETRIC_REPRESENTATION_CONTEXT() REPRESENTATION_CONTEXT('2D SPACE',''
  ) );
#2208 = PCURVE('',#2098,#2209);
#2209 = DEFINITIONAL_REPRESENTATION('',(#2210),#2218);
#2210 = ( BOUNDED_CURVE() B_SPLINE_CURVE(2,(#2211,#2212,#2213,#2214,
#2215,#2216,#2217),.UNSPECIFIED.,.T.,.F.) B_SPLINE_CURVE_WITH_KNOTS((1,2
    ,2,2,2,1),(-2.094395102393,0.,2.094395102393,4.188790204786,
6.28318530718,8.377580409573),.UNSPECIFIED.) CURVE() 
GEOMETRIC_REPRESENTATION_ITEM() RATIONAL_B_SPLINE_CURVE((1.,0.5,1.,0.5,
1.,0.5,1.)) REPRESENTATION_ITEM('') );
#2211 = CARTESIAN_POINT('',(127.52399672928,74.388352656136));
#2212 = CARTESIAN_POINT('',(233.37658369787,-10.22679156791));
#2213 = CARTESIAN_POINT('',(107.17142577066,-59.59024882699));
#2214 = CARTESIAN_POINT('',(-19.03373215653,-108.953706086));
#2215 = CARTESIAN_POINT('',(1.318838802076,25.024895397059));
#2216 = CARTESIAN_POINT('',(21.671409760691,159.00349688018));
#2217 = CARTESIAN_POINT('',(127.52399672928,74.388352656136));
#2218 = ( GEOMETRIC_REPRESENTATION_CONTEXT(2) 
PARAMETRIC_REPRESENTATION_CONTEXT() REPRESENTATION_CONTEXT('2D SPACE',''
  ) );
#2219 = ORIENTED_EDGE('',*,*,#2060,.T.);
#2220 = ORIENTED_EDGE('',*,*,#1532,.T.);
#2221 = ADVANCED_FACE('',(#2222),#661,.F.);
#2222 = FACE_BOUND('',#2223,.F.);
#2223 = EDGE_LOOP('',(#2224,#2225,#2248,#2276,#2297));
#2224 = ORIENTED_EDGE('',*,*,#2008,.F.);
#2225 = ORIENTED_EDGE('',*,*,#2226,.T.);
#2226 = EDGE_CURVE('',#1986,#2227,#2229,.T.);
#2227 = VERTEX_POINT('',#2228);
#2228 = CARTESIAN_POINT('',(84.637700077337,-58.10320323027,48.8));
#2229 = SURFACE_CURVE('',#2230,(#2234,#2241),.PCURVE_S1.);
#2230 = LINE('',#2231,#2232);
#2231 = CARTESIAN_POINT('',(84.637700077337,-58.10320323027,0.));
#2232 = VECTOR('',#2233,1.);
#2233 = DIRECTION('',(0.,0.,1.));
#2234 = PCURVE('',#661,#2235);
#2235 = DEFINITIONAL_REPRESENTATION('',(#2236),#2240);
#2236 = LINE('',#2237,#2238);
#2237 = CARTESIAN_POINT('',(-6.99,3.));
#2238 = VECTOR('',#2239,1.);
#2239 = DIRECTION('',(1.,0.));
#2240 = ( GEOMETRIC_REPRESENTATION_CONTEXT(2) 
PARAMETRIC_REPRESENTATION_CONTEXT() REPRESENTATION_CONTEXT('2D SPACE',''
  ) );
#2241 = PCURVE('',#1845,#2242);
#2242 = DEFINITIONAL_REPRESENTATION('',(#2243),#2247);
#2243 = LINE('',#2244,#2245);
#2244 = CARTESIAN_POINT('',(16.,0.));
#2245 = VECTOR('',#2246,1.);
#2246 = DIRECTION('',(0.,-1.));
#2247 = ( GEOMETRIC_REPRESENTATION_CONTEXT(2) 
PARAMETRIC_REPRESENTATION_CONTEXT() REPRESENTATION_CONTEXT('2D SPACE',''
  ) );
#2248 = ORIENTED_EDGE('',*,*,#2249,.T.);
#2249 = EDGE_CURVE('',#2227,#2250,#2252,.T.);
#2250 = VERTEX_POINT('',#2251);
#2251 = CARTESIAN_POINT('',(94.163979518966,-63.60320323027,48.8));
#2252 = SURFACE_CURVE('',#2253,(#2257,#2264),.PCURVE_S1.);
#2253 = LINE('',#2254,#2255);
#2254 = CARTESIAN_POINT('',(84.637700077337,-58.10320323027,48.8));
#2255 = VECTOR('',#2256,1.);
#2256 = DIRECTION('',(0.866025403784,-0.5,-0.));
#2257 = PCURVE('',#661,#2258);
#2258 = DEFINITIONAL_REPRESENTATION('',(#2259),#2263);
#2259 = LINE('',#2260,#2261);
#2260 = CARTESIAN_POINT('',(41.81,3.));
#2261 = VECTOR('',#2262,1.);
#2262 = DIRECTION('',(0.,1.));
#2263 = ( GEOMETRIC_REPRESENTATION_CONTEXT(2) 
PARAMETRIC_REPRESENTATION_CONTEXT() REPRESENTATION_CONTEXT('2D SPACE',''
  ) );
#2264 = PCURVE('',#2265,#2270);
#2265 = PLANE('',#2266);
#2266 = AXIS2_PLACEMENT_3D('',#2267,#2268,#2269);
#2267 = CARTESIAN_POINT('',(93.400839798152,-53.925,48.8));
#2268 = DIRECTION('',(0.,0.,1.));
#2269 = DIRECTION('',(1.,0.,-0.));
#2270 = DEFINITIONAL_REPRESENTATION('',(#2271),#2275);
#2271 = LINE('',#2272,#2273);
#2272 = CARTESIAN_POINT('',(-8.763139720814,-4.178203230276));
#2273 = VECTOR('',#2274,1.);
#2274 = DIRECTION('',(0.866025403784,-0.5));
#2275 = ( GEOMETRIC_REPRESENTATION_CONTEXT(2) 
PARAMETRIC_REPRESENTATION_CONTEXT() REPRESENTATION_CONTEXT('2D SPACE',''
  ) );
#2276 = ORIENTED_EDGE('',*,*,#2277,.F.);
#2277 = EDGE_CURVE('',#618,#2250,#2278,.T.);
#2278 = SURFACE_CURVE('',#2279,(#2283,#2290),.PCURVE_S1.);
#2279 = LINE('',#2280,#2281);
#2280 = CARTESIAN_POINT('',(94.163979518966,-63.60320323027,0.));
#2281 = VECTOR('',#2282,1.);
#2282 = DIRECTION('',(0.,0.,1.));
#2283 = PCURVE('',#661,#2284);
#2284 = DEFINITIONAL_REPRESENTATION('',(#2285),#2289);
#2285 = LINE('',#2286,#2287);
#2286 = CARTESIAN_POINT('',(-6.99,14.));
#2287 = VECTOR('',#2288,1.);
#2288 = DIRECTION('',(1.,0.));
#2289 = ( GEOMETRIC_REPRESENTATION_CONTEXT(2) 
PARAMETRIC_REPRESENTATION_CONTEXT() REPRESENTATION_CONTEXT('2D SPACE',''
  ) );
#2290 = PCURVE('',#2156,#2291);
#2291 = DEFINITIONAL_REPRESENTATION('',(#2292),#2296);
#2292 = LINE('',#2293,#2294);
#2293 = CARTESIAN_POINT('',(0.,0.));
#2294 = VECTOR('',#2295,1.);
#2295 = DIRECTION('',(0.,-1.));
#2296 = ( GEOMETRIC_REPRESENTATION_CONTEXT(2) 
PARAMETRIC_REPRESENTATION_CONTEXT() REPRESENTATION_CONTEXT('2D SPACE',''
  ) );
#2297 = ORIENTED_EDGE('',*,*,#645,.T.);
#2298 = ADVANCED_FACE('',(#2299),#1520,.F.);
#2299 = FACE_BOUND('',#2300,.F.);
#2300 = EDGE_LOOP('',(#2301,#2324,#2325,#2326));
#2301 = ORIENTED_EDGE('',*,*,#2302,.T.);
#2302 = EDGE_CURVE('',#2303,#1472,#2305,.T.);
#2303 = VERTEX_POINT('',#2304);
#2304 = CARTESIAN_POINT('',(-66.54818529584,-51.27791512522,0.));
#2305 = SURFACE_CURVE('',#2306,(#2310,#2317),.PCURVE_S1.);
#2306 = LINE('',#2307,#2308);
#2307 = CARTESIAN_POINT('',(-66.54818529584,-51.27791512522,0.));
#2308 = VECTOR('',#2309,1.);
#2309 = DIRECTION('',(0.,0.,1.));
#2310 = PCURVE('',#1520,#2311);
#2311 = DEFINITIONAL_REPRESENTATION('',(#2312),#2316);
#2312 = LINE('',#2313,#2314);
#2313 = CARTESIAN_POINT('',(1.674611511028,0.));
#2314 = VECTOR('',#2315,1.);
#2315 = DIRECTION('',(0.,-1.));
#2316 = ( GEOMETRIC_REPRESENTATION_CONTEXT(2) 
PARAMETRIC_REPRESENTATION_CONTEXT() REPRESENTATION_CONTEXT('2D SPACE',''
  ) );
#2317 = PCURVE('',#1487,#2318);
#2318 = DEFINITIONAL_REPRESENTATION('',(#2319),#2323);
#2319 = LINE('',#2320,#2321);
#2320 = CARTESIAN_POINT('',(30.24144205302,0.));
#2321 = VECTOR('',#2322,1.);
#2322 = DIRECTION('',(0.,-1.));
#2323 = ( GEOMETRIC_REPRESENTATION_CONTEXT(2) 
PARAMETRIC_REPRESENTATION_CONTEXT() REPRESENTATION_CONTEXT('2D SPACE',''
  ) );
#2324 = ORIENTED_EDGE('',*,*,#1499,.T.);
#2325 = ORIENTED_EDGE('',*,*,#2171,.F.);
#2326 = ORIENTED_EDGE('',*,*,#2327,.F.);
#2327 = EDGE_CURVE('',#2303,#2172,#2328,.T.);
#2328 = SURFACE_CURVE('',#2329,(#2334,#2341),.PCURVE_S1.);
#2329 = CIRCLE('',#2330,8.);
#2330 = AXIS2_PLACEMENT_3D('',#2331,#2332,#2333);
#2331 = CARTESIAN_POINT('',(-63.28768255039,-58.58333241973,0.));
#2332 = DIRECTION('',(-0.,0.,-1.));
#2333 = DIRECTION('',(-0.866025403784,-0.5,0.));
#2334 = PCURVE('',#1520,#2335);
#2335 = DEFINITIONAL_REPRESENTATION('',(#2336),#2340);
#2336 = LINE('',#2337,#2338);
#2337 = CARTESIAN_POINT('',(0.,0.));
#2338 = VECTOR('',#2339,1.);
#2339 = DIRECTION('',(1.,0.));
#2340 = ( GEOMETRIC_REPRESENTATION_CONTEXT(2) 
PARAMETRIC_REPRESENTATION_CONTEXT() REPRESENTATION_CONTEXT('2D SPACE',''
  ) );
#2341 = PCURVE('',#2098,#2342);
#2342 = DEFINITIONAL_REPRESENTATION('',(#2343),#2347);
#2343 = CIRCLE('',#2344,8.);
#2344 = AXIS2_PLACEMENT_2D('',#2345,#2346);
#2345 = CARTESIAN_POINT('',(104.18849505942,-69.10416231363));
#2346 = DIRECTION('',(0.5,-0.866025403784));
#2347 = ( GEOMETRIC_REPRESENTATION_CONTEXT(2) 
PARAMETRIC_REPRESENTATION_CONTEXT() REPRESENTATION_CONTEXT('2D SPACE',''
  ) );
#2348 = ADVANCED_FACE('',(#2349),#1487,.F.);
#2349 = FACE_BOUND('',#2350,.F.);
#2350 = EDGE_LOOP('',(#2351,#2374,#2400,#2401));
#2351 = ORIENTED_EDGE('',*,*,#2352,.F.);
#2352 = EDGE_CURVE('',#2353,#2303,#2355,.T.);
#2353 = VERTEX_POINT('',#2354);
#2354 = CARTESIAN_POINT('',(-94.16397951896,-63.60320323027,0.));
#2355 = SURFACE_CURVE('',#2356,(#2360,#2367),.PCURVE_S1.);
#2356 = LINE('',#2357,#2358);
#2357 = CARTESIAN_POINT('',(-94.16397951896,-63.60320323027,0.));
#2358 = VECTOR('',#2359,1.);
#2359 = DIRECTION('',(0.913177161813,0.407562843182,0.));
#2360 = PCURVE('',#1487,#2361);
#2361 = DEFINITIONAL_REPRESENTATION('',(#2362),#2366);
#2362 = LINE('',#2363,#2364);
#2363 = CARTESIAN_POINT('',(0.,0.));
#2364 = VECTOR('',#2365,1.);
#2365 = DIRECTION('',(1.,0.));
#2366 = ( GEOMETRIC_REPRESENTATION_CONTEXT(2) 
PARAMETRIC_REPRESENTATION_CONTEXT() REPRESENTATION_CONTEXT('2D SPACE',''
  ) );
#2367 = PCURVE('',#2098,#2368);
#2368 = DEFINITIONAL_REPRESENTATION('',(#2369),#2373);
#2369 = LINE('',#2370,#2371);
#2370 = CARTESIAN_POINT('',(128.41821720373,-88.88964644356));
#2371 = VECTOR('',#2372,1.);
#2372 = DIRECTION('',(-0.587053198695,0.809548356741));
#2373 = ( GEOMETRIC_REPRESENTATION_CONTEXT(2) 
PARAMETRIC_REPRESENTATION_CONTEXT() REPRESENTATION_CONTEXT('2D SPACE',''
  ) );
#2374 = ORIENTED_EDGE('',*,*,#2375,.T.);
#2375 = EDGE_CURVE('',#2353,#1444,#2376,.T.);
#2376 = SURFACE_CURVE('',#2377,(#2381,#2388),.PCURVE_S1.);
#2377 = LINE('',#2378,#2379);
#2378 = CARTESIAN_POINT('',(-94.16397951896,-63.60320323027,0.));
#2379 = VECTOR('',#2380,1.);
#2380 = DIRECTION('',(0.,0.,1.));
#2381 = PCURVE('',#1487,#2382);
#2382 = DEFINITIONAL_REPRESENTATION('',(#2383),#2387);
#2383 = LINE('',#2384,#2385);
#2384 = CARTESIAN_POINT('',(0.,0.));
#2385 = VECTOR('',#2386,1.);
#2386 = DIRECTION('',(0.,-1.));
#2387 = ( GEOMETRIC_REPRESENTATION_CONTEXT(2) 
PARAMETRIC_REPRESENTATION_CONTEXT() REPRESENTATION_CONTEXT('2D SPACE',''
  ) );
#2388 = PCURVE('',#2389,#2394);
#2389 = PLANE('',#2390);
#2390 = AXIS2_PLACEMENT_3D('',#2391,#2392,#2393);
#2391 = CARTESIAN_POINT('',(-102.1639795189,-49.74679676972,0.));
#2392 = DIRECTION('',(0.866025403784,0.5,-0.));
#2393 = DIRECTION('',(0.5,-0.866025403784,0.));
#2394 = DEFINITIONAL_REPRESENTATION('',(#2395),#2399);
#2395 = LINE('',#2396,#2397);
#2396 = CARTESIAN_POINT('',(16.,0.));
#2397 = VECTOR('',#2398,1.);
#2398 = DIRECTION('',(0.,-1.));
#2399 = ( GEOMETRIC_REPRESENTATION_CONTEXT(2) 
PARAMETRIC_REPRESENTATION_CONTEXT() REPRESENTATION_CONTEXT('2D SPACE',''
  ) );
#2400 = ORIENTED_EDGE('',*,*,#1471,.T.);
#2401 = ORIENTED_EDGE('',*,*,#2302,.F.);
#2402 = ADVANCED_FACE('',(#2403),#1459,.F.);
#2403 = FACE_BOUND('',#2404,.F.);
#2404 = EDGE_LOOP('',(#2405,#2435,#2461,#2462,#2485));
#2405 = ORIENTED_EDGE('',*,*,#2406,.F.);
#2406 = EDGE_CURVE('',#2407,#2409,#2411,.T.);
#2407 = VERTEX_POINT('',#2408);
#2408 = CARTESIAN_POINT('',(-84.63770007733,-58.10320323027,10.));
#2409 = VERTEX_POINT('',#2410);
#2410 = CARTESIAN_POINT('',(-84.63770007733,-58.10320323027,48.8));
#2411 = SURFACE_CURVE('',#2412,(#2416,#2423),.PCURVE_S1.);
#2412 = LINE('',#2413,#2414);
#2413 = CARTESIAN_POINT('',(-84.63770007733,-58.10320323027,0.));
#2414 = VECTOR('',#2415,1.);
#2415 = DIRECTION('',(0.,0.,1.));
#2416 = PCURVE('',#1459,#2417);
#2417 = DEFINITIONAL_REPRESENTATION('',(#2418),#2422);
#2418 = LINE('',#2419,#2420);
#2419 = CARTESIAN_POINT('',(11.,0.));
#2420 = VECTOR('',#2421,1.);
#2421 = DIRECTION('',(0.,-1.));
#2422 = ( GEOMETRIC_REPRESENTATION_CONTEXT(2) 
PARAMETRIC_REPRESENTATION_CONTEXT() REPRESENTATION_CONTEXT('2D SPACE',''
  ) );
#2423 = PCURVE('',#2424,#2429);
#2424 = PLANE('',#2425);
#2425 = AXIS2_PLACEMENT_3D('',#2426,#2427,#2428);
#2426 = CARTESIAN_POINT('',(-84.63770007733,-58.10320323027,0.));
#2427 = DIRECTION('',(-0.866025403784,-0.5,0.));
#2428 = DIRECTION('',(-0.5,0.866025403784,0.));
#2429 = DEFINITIONAL_REPRESENTATION('',(#2430),#2434);
#2430 = LINE('',#2431,#2432);
#2431 = CARTESIAN_POINT('',(0.,0.));
#2432 = VECTOR('',#2433,1.);
#2433 = DIRECTION('',(0.,-1.));
#2434 = ( GEOMETRIC_REPRESENTATION_CONTEXT(2) 
PARAMETRIC_REPRESENTATION_CONTEXT() REPRESENTATION_CONTEXT('2D SPACE',''
  ) );
#2435 = ORIENTED_EDGE('',*,*,#2436,.T.);
#2436 = EDGE_CURVE('',#2407,#1416,#2437,.T.);
#2437 = SURFACE_CURVE('',#2438,(#2443,#2454),.PCURVE_S1.);
#2438 = CIRCLE('',#2439,3.);
#2439 = AXIS2_PLACEMENT_3D('',#2440,#2441,#2442);
#2440 = CARTESIAN_POINT('',(-82.03962386598,-56.60320323027,10.));
#2441 = DIRECTION('',(0.5,-0.866025403784,0.));
#2442 = DIRECTION('',(0.,0.,1.));
#2443 = PCURVE('',#1459,#2444);
#2444 = DEFINITIONAL_REPRESENTATION('',(#2445),#2453);
#2445 = ( BOUNDED_CURVE() B_SPLINE_CURVE(2,(#2446,#2447,#2448,#2449,
#2450,#2451,#2452),.UNSPECIFIED.,.T.,.F.) B_SPLINE_CURVE_WITH_KNOTS((1,2
    ,2,2,2,1),(-2.094395102393,0.,2.094395102393,4.188790204786,
6.28318530718,8.377580409573),.UNSPECIFIED.) CURVE() 
GEOMETRIC_REPRESENTATION_ITEM() RATIONAL_B_SPLINE_CURVE((1.,0.5,1.,0.5,
1.,0.5,1.)) REPRESENTATION_ITEM('') );
#2446 = CARTESIAN_POINT('',(14.,-13.));
#2447 = CARTESIAN_POINT('',(8.803847577293,-13.));
#2448 = CARTESIAN_POINT('',(11.401923788647,-8.5));
#2449 = CARTESIAN_POINT('',(14.,-4.));
#2450 = CARTESIAN_POINT('',(16.598076211353,-8.5));
#2451 = CARTESIAN_POINT('',(19.196152422707,-13.));
#2452 = CARTESIAN_POINT('',(14.,-13.));
#2453 = ( GEOMETRIC_REPRESENTATION_CONTEXT(2) 
PARAMETRIC_REPRESENTATION_CONTEXT() REPRESENTATION_CONTEXT('2D SPACE',''
  ) );
#2454 = PCURVE('',#1431,#2455);
#2455 = DEFINITIONAL_REPRESENTATION('',(#2456),#2460);
#2456 = LINE('',#2457,#2458);
#2457 = CARTESIAN_POINT('',(0.,17.));
#2458 = VECTOR('',#2459,1.);
#2459 = DIRECTION('',(1.,0.));
#2460 = ( GEOMETRIC_REPRESENTATION_CONTEXT(2) 
PARAMETRIC_REPRESENTATION_CONTEXT() REPRESENTATION_CONTEXT('2D SPACE',''
  ) );
#2461 = ORIENTED_EDGE('',*,*,#1443,.T.);
#2462 = ORIENTED_EDGE('',*,*,#2463,.T.);
#2463 = EDGE_CURVE('',#1444,#2464,#2466,.T.);
#2464 = VERTEX_POINT('',#2465);
#2465 = CARTESIAN_POINT('',(-94.16397951896,-63.60320323027,48.8));
#2466 = SURFACE_CURVE('',#2467,(#2471,#2478),.PCURVE_S1.);
#2467 = LINE('',#2468,#2469);
#2468 = CARTESIAN_POINT('',(-94.16397951896,-63.60320323027,0.));
#2469 = VECTOR('',#2470,1.);
#2470 = DIRECTION('',(0.,0.,1.));
#2471 = PCURVE('',#1459,#2472);
#2472 = DEFINITIONAL_REPRESENTATION('',(#2473),#2477);
#2473 = LINE('',#2474,#2475);
#2474 = CARTESIAN_POINT('',(0.,0.));
#2475 = VECTOR('',#2476,1.);
#2476 = DIRECTION('',(0.,-1.));
#2477 = ( GEOMETRIC_REPRESENTATION_CONTEXT(2) 
PARAMETRIC_REPRESENTATION_CONTEXT() REPRESENTATION_CONTEXT('2D SPACE',''
  ) );
#2478 = PCURVE('',#2389,#2479);
#2479 = DEFINITIONAL_REPRESENTATION('',(#2480),#2484);
#2480 = LINE('',#2481,#2482);
#2481 = CARTESIAN_POINT('',(16.,0.));
#2482 = VECTOR('',#2483,1.);
#2483 = DIRECTION('',(0.,-1.));
#2484 = ( GEOMETRIC_REPRESENTATION_CONTEXT(2) 
PARAMETRIC_REPRESENTATION_CONTEXT() REPRESENTATION_CONTEXT('2D SPACE',''
  ) );
#2485 = ORIENTED_EDGE('',*,*,#2486,.T.);
#2486 = EDGE_CURVE('',#2464,#2409,#2487,.T.);
#2487 = SURFACE_CURVE('',#2488,(#2492,#2499),.PCURVE_S1.);
#2488 = LINE('',#2489,#2490);
#2489 = CARTESIAN_POINT('',(-94.16397951896,-63.60320323027,48.8));
#2490 = VECTOR('',#2491,1.);
#2491 = DIRECTION('',(0.866025403784,0.5,0.));
#2492 = PCURVE('',#1459,#2493);
#2493 = DEFINITIONAL_REPRESENTATION('',(#2494),#2498);
#2494 = LINE('',#2495,#2496);
#2495 = CARTESIAN_POINT('',(0.,-48.8));
#2496 = VECTOR('',#2497,1.);
#2497 = DIRECTION('',(1.,0.));
#2498 = ( GEOMETRIC_REPRESENTATION_CONTEXT(2) 
PARAMETRIC_REPRESENTATION_CONTEXT() REPRESENTATION_CONTEXT('2D SPACE',''
  ) );
#2499 = PCURVE('',#2500,#2505);
#2500 = PLANE('',#2501);
#2501 = AXIS2_PLACEMENT_3D('',#2502,#2503,#2504);
#2502 = CARTESIAN_POINT('',(-93.40083979815,-53.925,48.8));
#2503 = DIRECTION('',(0.,0.,1.));
#2504 = DIRECTION('',(1.,0.,-0.));
#2505 = DEFINITIONAL_REPRESENTATION('',(#2506),#2510);
#2506 = LINE('',#2507,#2508);
#2507 = CARTESIAN_POINT('',(-0.763139720814,-9.678203230276));
#2508 = VECTOR('',#2509,1.);
#2509 = DIRECTION('',(0.866025403784,0.5));
#2510 = ( GEOMETRIC_REPRESENTATION_CONTEXT(2) 
PARAMETRIC_REPRESENTATION_CONTEXT() REPRESENTATION_CONTEXT('2D SPACE',''
  ) );
#2511 = ADVANCED_FACE('',(#2512),#1431,.F.);
#2512 = FACE_BOUND('',#2513,.F.);
#2513 = EDGE_LOOP('',(#2514,#2537,#2570,#2651,#2652));
#2514 = ORIENTED_EDGE('',*,*,#2515,.F.);
#2515 = EDGE_CURVE('',#2516,#2407,#2518,.T.);
#2516 = VERTEX_POINT('',#2517);
#2517 = CARTESIAN_POINT('',(-87.13770007733,-53.77307621135,10.));
#2518 = SURFACE_CURVE('',#2519,(#2523,#2530),.PCURVE_S1.);
#2519 = LINE('',#2520,#2521);
#2520 = CARTESIAN_POINT('',(-93.13770007733,-43.38077136594,10.));
#2521 = VECTOR('',#2522,1.);
#2522 = DIRECTION('',(0.5,-0.866025403784,0.));
#2523 = PCURVE('',#1431,#2524);
#2524 = DEFINITIONAL_REPRESENTATION('',(#2525),#2529);
#2525 = LINE('',#2526,#2527);
#2526 = CARTESIAN_POINT('',(1.570796326795,0.));
#2527 = VECTOR('',#2528,1.);
#2528 = DIRECTION('',(0.,1.));
#2529 = ( GEOMETRIC_REPRESENTATION_CONTEXT(2) 
PARAMETRIC_REPRESENTATION_CONTEXT() REPRESENTATION_CONTEXT('2D SPACE',''
  ) );
#2530 = PCURVE('',#2424,#2531);
#2531 = DEFINITIONAL_REPRESENTATION('',(#2532),#2536);
#2532 = LINE('',#2533,#2534);
#2533 = CARTESIAN_POINT('',(17.,-10.));
#2534 = VECTOR('',#2535,1.);
#2535 = DIRECTION('',(-1.,-0.));
#2536 = ( GEOMETRIC_REPRESENTATION_CONTEXT(2) 
PARAMETRIC_REPRESENTATION_CONTEXT() REPRESENTATION_CONTEXT('2D SPACE',''
  ) );
#2537 = ORIENTED_EDGE('',*,*,#2538,.T.);
#2538 = EDGE_CURVE('',#2516,#2539,#2541,.T.);
#2539 = VERTEX_POINT('',#2540);
#2540 = CARTESIAN_POINT('',(-86.98911360876,-53.68728977372,9.));
#2541 = SURFACE_CURVE('',#2542,(#2547,#2554),.PCURVE_S1.);
#2542 = CIRCLE('',#2543,3.);
#2543 = AXIS2_PLACEMENT_3D('',#2544,#2545,#2546);
#2544 = CARTESIAN_POINT('',(-84.53962386598,-52.27307621135,10.));
#2545 = DIRECTION('',(0.5,-0.866025403784,0.));
#2546 = DIRECTION('',(0.,0.,1.));
#2547 = PCURVE('',#1431,#2548);
#2548 = DEFINITIONAL_REPRESENTATION('',(#2549),#2553);
#2549 = LINE('',#2550,#2551);
#2550 = CARTESIAN_POINT('',(0.,12.));
#2551 = VECTOR('',#2552,1.);
#2552 = DIRECTION('',(1.,0.));
#2553 = ( GEOMETRIC_REPRESENTATION_CONTEXT(2) 
PARAMETRIC_REPRESENTATION_CONTEXT() REPRESENTATION_CONTEXT('2D SPACE',''
  ) );
#2554 = PCURVE('',#2555,#2560);
#2555 = PLANE('',#2556);
#2556 = AXIS2_PLACEMENT_3D('',#2557,#2558,#2559);
#2557 = CARTESIAN_POINT('',(-87.13770007733,-53.77307621135,6.99));
#2558 = DIRECTION('',(-0.5,0.866025403784,0.));
#2559 = DIRECTION('',(0.866025403784,0.5,0.));
#2560 = DEFINITIONAL_REPRESENTATION('',(#2561),#2569);
#2561 = ( BOUNDED_CURVE() B_SPLINE_CURVE(2,(#2562,#2563,#2564,#2565,
#2566,#2567,#2568),.UNSPECIFIED.,.T.,.F.) B_SPLINE_CURVE_WITH_KNOTS((1,2
    ,2,2,2,1),(-2.094395102393,0.,2.094395102393,4.188790204786,
6.28318530718,8.377580409573),.UNSPECIFIED.) CURVE() 
GEOMETRIC_REPRESENTATION_ITEM() RATIONAL_B_SPLINE_CURVE((1.,0.5,1.,0.5,
1.,0.5,1.)) REPRESENTATION_ITEM('') );
#2562 = CARTESIAN_POINT('',(3.,-6.01));
#2563 = CARTESIAN_POINT('',(-2.196152422707,-6.01));
#2564 = CARTESIAN_POINT('',(0.401923788647,-1.51));
#2565 = CARTESIAN_POINT('',(3.,2.99));
#2566 = CARTESIAN_POINT('',(5.598076211353,-1.51));
#2567 = CARTESIAN_POINT('',(8.196152422707,-6.01));
#2568 = CARTESIAN_POINT('',(3.,-6.01));
#2569 = ( GEOMETRIC_REPRESENTATION_CONTEXT(2) 
PARAMETRIC_REPRESENTATION_CONTEXT() REPRESENTATION_CONTEXT('2D SPACE',''
  ) );
#2570 = ORIENTED_EDGE('',*,*,#2571,.T.);
#2571 = EDGE_CURVE('',#2539,#1388,#2572,.T.);
#2572 = SURFACE_CURVE('',#2573,(#2597,#2624),.PCURVE_S1.);
#2573 = B_SPLINE_CURVE_WITH_KNOTS('',8,(#2574,#2575,#2576,#2577,#2578,
    #2579,#2580,#2581,#2582,#2583,#2584,#2585,#2586,#2587,#2588,#2589,
    #2590,#2591,#2592,#2593,#2594,#2595,#2596),.UNSPECIFIED.,.F.,.F.,(9,
    7,7,9),(0.,0.182451691982,0.330328230791,1.),.UNSPECIFIED.);
#2574 = CARTESIAN_POINT('',(-86.98911360876,-53.68728977372,9.));
#2575 = CARTESIAN_POINT('',(-86.95670728686,-53.66857997505,
    8.894161395875));
#2576 = CARTESIAN_POINT('',(-86.91757710433,-53.65337938879,
    8.791218112299));
#2577 = CARTESIAN_POINT('',(-86.87232804926,-53.64132984078,
    8.691527590623));
#2578 = CARTESIAN_POINT('',(-86.82159445531,-53.63210917787,
    8.595388168614));
#2579 = CARTESIAN_POINT('',(-86.76603695813,-53.62542076421,
    8.503046437229));
#2580 = CARTESIAN_POINT('',(-86.70634045774,-53.6209859313,
    8.414702765815));
#2581 = CARTESIAN_POINT('',(-86.64321308691,-53.61853938145,
    8.330514995738));
#2582 = CARTESIAN_POINT('',(-86.52403368278,-53.61725060367,
    8.185829687726));
#2583 = CARTESIAN_POINT('',(-86.46872184378,-53.61781099333,8.1236401536
    ));
#2584 = CARTESIAN_POINT('',(-86.41168629948,-53.61938661355,
    8.063968840555));
#2585 = CARTESIAN_POINT('',(-86.35313459357,-53.62187068622,
    8.006745237638));
#2586 = CARTESIAN_POINT('',(-86.29324600912,-53.62517029638,
    7.951892516273));
#2587 = CARTESIAN_POINT('',(-86.23217139526,-53.62920493309,
    7.899328864088));
#2588 = CARTESIAN_POINT('',(-86.17003299396,-53.63390503024,
    7.848968818733));
#2589 = CARTESIAN_POINT('',(-85.82113090642,-53.66323682261,
    7.582246468352));
#2590 = CARTESIAN_POINT('',(-85.51178700402,-53.69998746188,
    7.40437154034));
#2591 = CARTESIAN_POINT('',(-85.19046003467,-53.74416183624,
    7.263808219229));
#2592 = CARTESIAN_POINT('',(-84.8640483202,-53.7927725136,7.156345529713
    ));
#2593 = CARTESIAN_POINT('',(-84.53598716335,-53.84393141023,
    7.078179294078));
#2594 = CARTESIAN_POINT('',(-84.20697102162,-53.89666460631,
    7.026483231353));
#2595 = CARTESIAN_POINT('',(-83.87560771476,-53.95051962775,
    7.00000010766));
#2596 = CARTESIAN_POINT('',(-83.53962386598,-54.00512701892,7.));
#2597 = PCURVE('',#1431,#2598);
#2598 = DEFINITIONAL_REPRESENTATION('',(#2599),#2623);
#2599 = B_SPLINE_CURVE_WITH_KNOTS('',8,(#2600,#2601,#2602,#2603,#2604,
    #2605,#2606,#2607,#2608,#2609,#2610,#2611,#2612,#2613,#2614,#2615,
    #2616,#2617,#2618,#2619,#2620,#2621,#2622),.UNSPECIFIED.,.F.,.F.,(9,
    7,7,9),(0.,0.182451691982,0.330328230791,1.),.UNSPECIFIED.);
#2600 = CARTESIAN_POINT('',(1.910633236249,12.));
#2601 = CARTESIAN_POINT('',(1.948052833593,12.));
#2602 = CARTESIAN_POINT('',(1.985014555153,12.006400997411));
#2603 = CARTESIAN_POINT('',(2.021447651065,12.01859031027));
#2604 = CARTESIAN_POINT('',(2.057286743158,12.035971778919));
#2605 = CARTESIAN_POINT('',(2.09246768537,12.057958191374));
#2606 = CARTESIAN_POINT('',(2.12692431247,12.0839657636));
#2607 = CARTESIAN_POINT('',(2.160586077092,12.113410674699));
#2608 = CARTESIAN_POINT('',(2.219953173482,12.171884262467));
#2609 = CARTESIAN_POINT('',(2.246050122956,12.200025493647));
#2610 = CARTESIAN_POINT('',(2.271685261132,12.229907792934));
#2611 = CARTESIAN_POINT('',(2.296877386738,12.261334915923));
#2612 = CARTESIAN_POINT('',(2.321646754781,12.294136754376));
#2613 = CARTESIAN_POINT('',(2.346015571737,12.32816815919));
#2614 = CARTESIAN_POINT('',(2.370008490733,12.363307763372));
#2615 = CARTESIAN_POINT('',(2.500729807074,12.563160884478));
#2616 = CARTESIAN_POINT('',(2.602030600538,12.749659822888));
#2617 = CARTESIAN_POINT('',(2.698371910277,12.94857943795));
#2618 = CARTESIAN_POINT('',(2.790637307868,13.153883376674));
#2619 = CARTESIAN_POINT('',(2.879798982549,13.362218859215));
#2620 = CARTESIAN_POINT('',(2.967023151832,13.572395217501));
#2621 = CARTESIAN_POINT('',(3.053703706979,13.784716687622));
#2622 = CARTESIAN_POINT('',(3.14159265359,14.));
#2623 = ( GEOMETRIC_REPRESENTATION_CONTEXT(2) 
PARAMETRIC_REPRESENTATION_CONTEXT() REPRESENTATION_CONTEXT('2D SPACE',''
  ) );
#2624 = PCURVE('',#1403,#2625);
#2625 = DEFINITIONAL_REPRESENTATION('',(#2626),#2650);
#2626 = B_SPLINE_CURVE_WITH_KNOTS('',8,(#2627,#2628,#2629,#2630,#2631,
    #2632,#2633,#2634,#2635,#2636,#2637,#2638,#2639,#2640,#2641,#2642,
    #2643,#2644,#2645,#2646,#2647,#2648,#2649),.UNSPECIFIED.,.F.,.F.,(9,
    7,7,9),(0.,0.182451691982,0.330328230791,1.),.UNSPECIFIED.);
#2627 = CARTESIAN_POINT('',(1.570796326795,34.938427124746));
#2628 = CARTESIAN_POINT('',(1.623715628857,34.901007527402));
#2629 = CARTESIAN_POINT('',(1.675187328324,34.859519502139));
#2630 = CARTESIAN_POINT('',(1.725258256513,34.814307896951));
#2631 = CARTESIAN_POINT('',(1.773953676616,34.765760984307));
#2632 = CARTESIAN_POINT('',(1.82128036011,34.714302573547));
#2633 = CARTESIAN_POINT('',(1.86722846348,34.660386471242));
#2634 = CARTESIAN_POINT('',(1.911772205266,34.604493289501));
#2635 = CARTESIAN_POINT('',(1.989799442211,34.500636509031));
#2636 = CARTESIAN_POINT('',(2.023901194398,34.453015246158));
#2637 = CARTESIAN_POINT('',(2.057226459941,34.404408825979));
#2638 = CARTESIAN_POINT('',(2.08982348285,34.354943597567));
#2639 = CARTESIAN_POINT('',(2.121738269158,34.304728367117));
#2640 = CARTESIAN_POINT('',(2.153015964886,34.253853518335));
#2641 = CARTESIAN_POINT('',(2.183702234001,34.202390132841));
#2642 = CARTESIAN_POINT('',(2.350347127569,33.91489795778));
#2643 = CARTESIAN_POINT('',(2.47743769304,33.665373599438));
#2644 = CARTESIAN_POINT('',(2.597194057661,33.409183468226));
#2645 = CARTESIAN_POINT('',(2.711143276175,33.150807970099));
#2646 = CARTESIAN_POINT('',(2.820805512678,32.892278122566));
#2647 = CARTESIAN_POINT('',(2.927788982681,32.633708383627));
#2648 = CARTESIAN_POINT('',(3.033951216084,32.373666852716));
#2649 = CARTESIAN_POINT('',(3.14159265359,32.11));
#2650 = ( GEOMETRIC_REPRESENTATION_CONTEXT(2) 
PARAMETRIC_REPRESENTATION_CONTEXT() REPRESENTATION_CONTEXT('2D SPACE',''
  ) );
#2651 = ORIENTED_EDGE('',*,*,#1415,.T.);
#2652 = ORIENTED_EDGE('',*,*,#2436,.F.);
#2653 = ADVANCED_FACE('',(#2654),#1403,.F.);
#2654 = FACE_BOUND('',#2655,.F.);
#2655 = EDGE_LOOP('',(#2656,#2679,#2772,#2773));
#2656 = ORIENTED_EDGE('',*,*,#2657,.F.);
#2657 = EDGE_CURVE('',#2658,#2539,#2660,.T.);
#2658 = VERTEX_POINT('',#2659);
#2659 = CARTESIAN_POINT('',(-61.36065075423,-38.89068984574,9.));
#2660 = SURFACE_CURVE('',#2661,(#2665,#2672),.PCURVE_S1.);
#2661 = LINE('',#2662,#2663);
#2662 = CARTESIAN_POINT('',(-56.73154815046,-36.21807621135,9.));
#2663 = VECTOR('',#2664,1.);
#2664 = DIRECTION('',(-0.866025403784,-0.5,0.));
#2665 = PCURVE('',#1403,#2666);
#2666 = DEFINITIONAL_REPRESENTATION('',(#2667),#2671);
#2667 = LINE('',#2668,#2669);
#2668 = CARTESIAN_POINT('',(1.570796326795,0.));
#2669 = VECTOR('',#2670,1.);
#2670 = DIRECTION('',(0.,1.));
#2671 = ( GEOMETRIC_REPRESENTATION_CONTEXT(2) 
PARAMETRIC_REPRESENTATION_CONTEXT() REPRESENTATION_CONTEXT('2D SPACE',''
  ) );
#2672 = PCURVE('',#2555,#2673);
#2673 = DEFINITIONAL_REPRESENTATION('',(#2674),#2678);
#2674 = LINE('',#2675,#2676);
#2675 = CARTESIAN_POINT('',(35.11,-2.01));
#2676 = VECTOR('',#2677,1.);
#2677 = DIRECTION('',(-1.,-0.));
#2678 = ( GEOMETRIC_REPRESENTATION_CONTEXT(2) 
PARAMETRIC_REPRESENTATION_CONTEXT() REPRESENTATION_CONTEXT('2D SPACE',''
  ) );
#2679 = ORIENTED_EDGE('',*,*,#2680,.T.);
#2680 = EDGE_CURVE('',#2658,#1359,#2681,.T.);
#2681 = SURFACE_CURVE('',#2682,(#2710,#2741),.PCURVE_S1.);
#2682 = B_SPLINE_CURVE_WITH_KNOTS('',6,(#2683,#2684,#2685,#2686,#2687,
    #2688,#2689,#2690,#2691,#2692,#2693,#2694,#2695,#2696,#2697,#2698,
    #2699,#2700,#2701,#2702,#2703,#2704,#2705,#2706,#2707,#2708,#2709),
  .UNSPECIFIED.,.F.,.F.,(7,5,5,5,5,7),(0.,0.165424638312,0.338519746873,
    0.490506518772,0.901086516666,1.),.UNSPECIFIED.);
#2683 = CARTESIAN_POINT('',(-61.36065075423,-38.89068984574,9.));
#2684 = CARTESIAN_POINT('',(-61.36065075423,-38.89068984574,
    8.904207512509));
#2685 = CARTESIAN_POINT('',(-61.36095744427,-38.89722476531,
    8.808401786985));
#2686 = CARTESIAN_POINT('',(-61.36157139585,-38.91029628488,
    8.713231337445));
#2687 = CARTESIAN_POINT('',(-61.36247198791,-38.92974421768,
    8.619284505419));
#2688 = CARTESIAN_POINT('',(-61.36362313014,-38.95528445076,
    8.527085783748));
#2689 = CARTESIAN_POINT('',(-61.36639771107,-39.01925890949,
    8.342925638767));
#2690 = CARTESIAN_POINT('',(-61.36804088017,-39.0582411799,8.25115800846
    ));
#2691 = CARTESIAN_POINT('',(-61.36985699992,-39.10308314853,
    8.16228094271));
#2692 = CARTESIAN_POINT('',(-61.37178516217,-39.15330252828,
    8.076652890095));
#2693 = CARTESIAN_POINT('',(-61.37376561627,-39.20841557011,
    7.994530059526));
#2694 = CARTESIAN_POINT('',(-61.37748061622,-39.32025808319,
    7.847212722041));
#2695 = CARTESIAN_POINT('',(-61.37921572829,-39.37597096383,
    7.781175149745));
#2696 = CARTESIAN_POINT('',(-61.38091207613,-39.43480347628,
    7.718088799218));
#2697 = CARTESIAN_POINT('',(-61.38253593691,-39.4964677417,
    7.658029684941));
#2698 = CARTESIAN_POINT('',(-61.38405758479,-39.56069873186,
    7.601046126173));
#2699 = CARTESIAN_POINT('',(-61.38921898401,-39.80707695082,
    7.401620569954));
#2700 = CARTESIAN_POINT('',(-61.39205393548,-40.00373723771,
    7.278874723315));
#2701 = CARTESIAN_POINT('',(-61.39347002296,-40.21286733005,
    7.179190159867));
#2702 = CARTESIAN_POINT('',(-61.39318911568,-40.43087152809,
    7.102869068329));
#2703 = CARTESIAN_POINT('',(-61.39113355108,-40.6546353643,
    7.050012923449));
#2704 = CARTESIAN_POINT('',(-61.38642609575,-40.93627056736,
    7.014029593362));
#2705 = CARTESIAN_POINT('',(-61.38541148251,-40.99112331917,
    7.008429675667));
#2706 = CARTESIAN_POINT('',(-61.3842968409,-41.04611127605,
    7.004220959573));
#2707 = CARTESIAN_POINT('',(-61.38308332697,-41.10119338952,
    7.001409072355));
#2708 = CARTESIAN_POINT('',(-61.38177257728,-41.15632821947,
    6.99999998256));
#2709 = CARTESIAN_POINT('',(-61.3803667088,-41.21147393418,7.));
#2710 = PCURVE('',#1403,#2711);
#2711 = DEFINITIONAL_REPRESENTATION('',(#2712),#2740);
#2712 = B_SPLINE_CURVE_WITH_KNOTS('',6,(#2713,#2714,#2715,#2716,#2717,
    #2718,#2719,#2720,#2721,#2722,#2723,#2724,#2725,#2726,#2727,#2728,
    #2729,#2730,#2731,#2732,#2733,#2734,#2735,#2736,#2737,#2738,#2739),
  .UNSPECIFIED.,.F.,.F.,(7,5,5,5,5,7),(0.,0.165424638312,0.338519746873,
    0.490506518772,0.901086516666,1.),.UNSPECIFIED.);
#2713 = CARTESIAN_POINT('',(1.570796326795,5.345227268781));
#2714 = CARTESIAN_POINT('',(1.61869257054,5.345227268781));
#2715 = CARTESIAN_POINT('',(1.666595255516,5.348760329934));
#2716 = CARTESIAN_POINT('',(1.714378782086,5.355827787384));
#2717 = CARTESIAN_POINT('',(1.761945169562,5.366331689389));
#2718 = CARTESIAN_POINT('',(1.809212819911,5.380098724343));
#2719 = CARTESIAN_POINT('',(1.905172069842,5.41448881128));
#2720 = CARTESIAN_POINT('',(1.953836275252,5.435402972665));
#2721 = CARTESIAN_POINT('',(2.002028332792,5.459396762818));
#2722 = CARTESIAN_POINT('',(2.049716515499,5.48617629019));
#2723 = CARTESIAN_POINT('',(2.096890050918,5.515447934665));
#2724 = CARTESIAN_POINT('',(2.184536471074,5.574586475536));
#2725 = CARTESIAN_POINT('',(2.225124910554,5.603945566983));
#2726 = CARTESIAN_POINT('',(2.26533459764,5.634830903533));
#2727 = CARTESIAN_POINT('',(2.305182287006,5.667069340931));
#2728 = CARTESIAN_POINT('',(2.344690807959,5.700502621735));
#2729 = CARTESIAN_POINT('',(2.489779225712,5.828161634056));
#2730 = CARTESIAN_POINT('',(2.593303495095,5.928946917491));
#2731 = CARTESIAN_POINT('',(2.695212771964,6.034738331394));
#2732 = CARTESIAN_POINT('',(2.796015127517,6.14349715757));
#2733 = CARTESIAN_POINT('',(2.896220518085,6.253598904511));
#2734 = CARTESIAN_POINT('',(3.02065654019,6.390339730146));
#2735 = CARTESIAN_POINT('',(3.044814742815,6.41688742521));
#2736 = CARTESIAN_POINT('',(3.068980372441,6.443416095693));
#2737 = CARTESIAN_POINT('',(3.093160596427,6.469906218543));
#2738 = CARTESIAN_POINT('',(3.117362413465,6.496338490985));
#2739 = CARTESIAN_POINT('',(3.14159265359,6.522693830523));
#2740 = ( GEOMETRIC_REPRESENTATION_CONTEXT(2) 
PARAMETRIC_REPRESENTATION_CONTEXT() REPRESENTATION_CONTEXT('2D SPACE',''
  ) );
#2741 = PCURVE('',#1375,#2742);
#2742 = DEFINITIONAL_REPRESENTATION('',(#2743),#2771);
#2743 = B_SPLINE_CURVE_WITH_KNOTS('',6,(#2744,#2745,#2746,#2747,#2748,
    #2749,#2750,#2751,#2752,#2753,#2754,#2755,#2756,#2757,#2758,#2759,
    #2760,#2761,#2762,#2763,#2764,#2765,#2766,#2767,#2768,#2769,#2770),
  .UNSPECIFIED.,.F.,.F.,(7,5,5,5,5,7),(0.,0.165424638312,0.338519746873,
    0.490506518772,0.901086516666,1.),.UNSPECIFIED.);
#2744 = CARTESIAN_POINT('',(-4.094966860493,3.14159265359));
#2745 = CARTESIAN_POINT('',(-4.094966860493,3.093696409844));
#2746 = CARTESIAN_POINT('',(-4.095457538475,3.045793724868));
#2747 = CARTESIAN_POINT('',(-4.096439204253,2.998010198299));
#2748 = CARTESIAN_POINT('',(-4.097895173021,2.950443810823));
#2749 = CARTESIAN_POINT('',(-4.099796090511,2.903176160474));
#2750 = CARTESIAN_POINT('',(-4.104519451726,2.807216910543));
#2751 = CARTESIAN_POINT('',(-4.107380944877,2.758552705133));
#2752 = CARTESIAN_POINT('',(-4.110646701801,2.710360647593));
#2753 = CARTESIAN_POINT('',(-4.114267331349,2.662672464885));
#2754 = CARTESIAN_POINT('',(-4.118194066195,2.615498929466));
#2755 = CARTESIAN_POINT('',(-4.1260590853,2.527852509311));
#2756 = CARTESIAN_POINT('',(-4.129937584302,2.48726406983));
#2757 = CARTESIAN_POINT('',(-4.133987227475,2.447054382745));
#2758 = CARTESIAN_POINT('',(-4.138180026874,2.407206693379));
#2759 = CARTESIAN_POINT('',(-4.142490863961,2.367698172425));
#2760 = CARTESIAN_POINT('',(-4.158804094284,2.222609754672));
#2761 = CARTESIAN_POINT('',(-4.171402388063,2.11908548529));
#2762 = CARTESIAN_POINT('',(-4.184283971251,2.01717620842));
#2763 = CARTESIAN_POINT('',(-4.197163777776,1.916373852867));
#2764 = CARTESIAN_POINT('',(-4.209850259359,1.8161684623));
#2765 = CARTESIAN_POINT('',(-4.225195726173,1.691732440194));
#2766 = CARTESIAN_POINT('',(-4.22815580665,1.66757423757));
#2767 = CARTESIAN_POINT('',(-4.231094779574,1.643408607943));
#2768 = CARTESIAN_POINT('',(-4.234010748509,1.619228383958));
#2769 = CARTESIAN_POINT('',(-4.23690192706,1.59502656692));
#2770 = CARTESIAN_POINT('',(-4.239766638878,1.570796326795));
#2771 = ( GEOMETRIC_REPRESENTATION_CONTEXT(2) 
PARAMETRIC_REPRESENTATION_CONTEXT() REPRESENTATION_CONTEXT('2D SPACE',''
  ) );
#2772 = ORIENTED_EDGE('',*,*,#1387,.T.);
#2773 = ORIENTED_EDGE('',*,*,#2571,.F.);
#2774 = ADVANCED_FACE('',(#2775),#735,.F.);
#2775 = FACE_BOUND('',#2776,.F.);
#2776 = EDGE_LOOP('',(#2777,#2800,#2801,#2802,#2803));
#2777 = ORIENTED_EDGE('',*,*,#2778,.F.);
#2778 = EDGE_CURVE('',#1802,#2779,#2781,.T.);
#2779 = VERTEX_POINT('',#2780);
#2780 = CARTESIAN_POINT('',(92.637700077337,-44.24679676972,10.));
#2781 = SURFACE_CURVE('',#2782,(#2786,#2793),.PCURVE_S1.);
#2782 = LINE('',#2783,#2784);
#2783 = CARTESIAN_POINT('',(84.137700077337,-58.96922863406,10.));
#2784 = VECTOR('',#2785,1.);
#2785 = DIRECTION('',(0.5,0.866025403784,0.));
#2786 = PCURVE('',#735,#2787);
#2787 = DEFINITIONAL_REPRESENTATION('',(#2788),#2792);
#2788 = LINE('',#2789,#2790);
#2789 = CARTESIAN_POINT('',(1.570796326795,0.));
#2790 = VECTOR('',#2791,1.);
#2791 = DIRECTION('',(0.,1.));
#2792 = ( GEOMETRIC_REPRESENTATION_CONTEXT(2) 
PARAMETRIC_REPRESENTATION_CONTEXT() REPRESENTATION_CONTEXT('2D SPACE',''
  ) );
#2793 = PCURVE('',#1845,#2794);
#2794 = DEFINITIONAL_REPRESENTATION('',(#2795),#2799);
#2795 = LINE('',#2796,#2797);
#2796 = CARTESIAN_POINT('',(17.,-10.));
#2797 = VECTOR('',#2798,1.);
#2798 = DIRECTION('',(-1.,0.));
#2799 = ( GEOMETRIC_REPRESENTATION_CONTEXT(2) 
PARAMETRIC_REPRESENTATION_CONTEXT() REPRESENTATION_CONTEXT('2D SPACE',''
  ) );
#2800 = ORIENTED_EDGE('',*,*,#1801,.T.);
#2801 = ORIENTED_EDGE('',*,*,#1715,.T.);
#2802 = ORIENTED_EDGE('',*,*,#719,.T.);
#2803 = ORIENTED_EDGE('',*,*,#2804,.F.);
#2804 = EDGE_CURVE('',#2779,#720,#2805,.T.);
#2805 = SURFACE_CURVE('',#2806,(#2811,#2818),.PCURVE_S1.);
#2806 = CIRCLE('',#2807,3.);
#2807 = AXIS2_PLACEMENT_3D('',#2808,#2809,#2810);
#2808 = CARTESIAN_POINT('',(90.039623865984,-42.74679676972,10.));
#2809 = DIRECTION('',(0.5,0.866025403784,-0.));
#2810 = DIRECTION('',(0.,0.,1.));
#2811 = PCURVE('',#735,#2812);
#2812 = DEFINITIONAL_REPRESENTATION('',(#2813),#2817);
#2813 = LINE('',#2814,#2815);
#2814 = CARTESIAN_POINT('',(0.,17.));
#2815 = VECTOR('',#2816,1.);
#2816 = DIRECTION('',(1.,0.));
#2817 = ( GEOMETRIC_REPRESENTATION_CONTEXT(2) 
PARAMETRIC_REPRESENTATION_CONTEXT() REPRESENTATION_CONTEXT('2D SPACE',''
  ) );
#2818 = PCURVE('',#763,#2819);
#2819 = DEFINITIONAL_REPRESENTATION('',(#2820),#2828);
#2820 = ( BOUNDED_CURVE() B_SPLINE_CURVE(2,(#2821,#2822,#2823,#2824,
#2825,#2826,#2827),.UNSPECIFIED.,.T.,.F.) B_SPLINE_CURVE_WITH_KNOTS((1,2
    ,2,2,2,1),(-2.094395102393,0.,2.094395102393,4.188790204786,
6.28318530718,8.377580409573),.UNSPECIFIED.) CURVE() 
GEOMETRIC_REPRESENTATION_ITEM() RATIONAL_B_SPLINE_CURVE((1.,0.5,1.,0.5,
1.,0.5,1.)) REPRESENTATION_ITEM('') );
#2821 = CARTESIAN_POINT('',(14.,-13.));
#2822 = CARTESIAN_POINT('',(8.803847577293,-13.));
#2823 = CARTESIAN_POINT('',(11.401923788647,-8.5));
#2824 = CARTESIAN_POINT('',(14.,-4.));
#2825 = CARTESIAN_POINT('',(16.598076211353,-8.5));
#2826 = CARTESIAN_POINT('',(19.196152422707,-13.));
#2827 = CARTESIAN_POINT('',(14.,-13.));
#2828 = ( GEOMETRIC_REPRESENTATION_CONTEXT(2) 
PARAMETRIC_REPRESENTATION_CONTEXT() REPRESENTATION_CONTEXT('2D SPACE',''
  ) );
#2829 = ADVANCED_FACE('',(#2830),#1375,.F.);
#2830 = FACE_BOUND('',#2831,.T.);
#2831 = EDGE_LOOP('',(#2832,#2927,#2956,#2978,#2979));
#2832 = ORIENTED_EDGE('',*,*,#2833,.F.);
#2833 = EDGE_CURVE('',#2834,#1331,#2836,.T.);
#2834 = VERTEX_POINT('',#2835);
#2835 = CARTESIAN_POINT('',(-64.36065075423,-33.69453742303,9.));
#2836 = SURFACE_CURVE('',#2837,(#2865,#2896),.PCURVE_S1.);
#2837 = B_SPLINE_CURVE_WITH_KNOTS('',6,(#2838,#2839,#2840,#2841,#2842,
    #2843,#2844,#2845,#2846,#2847,#2848,#2849,#2850,#2851,#2852,#2853,
    #2854,#2855,#2856,#2857,#2858,#2859,#2860,#2861,#2862,#2863,#2864),
  .UNSPECIFIED.,.F.,.F.,(7,5,5,5,5,7),(0.,0.165424638018,0.33851974629,
    0.490506517936,0.901086515145,1.),.UNSPECIFIED.);
#2838 = CARTESIAN_POINT('',(-64.36065075423,-33.69453742303,9.));
#2839 = CARTESIAN_POINT('',(-64.36065075423,-33.69453742303,
    8.90420751252));
#2840 = CARTESIAN_POINT('',(-64.3664635056,-33.69153556462,
    8.808401787007));
#2841 = CARTESIAN_POINT('',(-64.37809074941,-33.68553150249,
    8.713231337476));
#2842 = CARTESIAN_POINT('',(-64.39538344929,-33.6765874717,8.61928450546
    ));
#2843 = CARTESIAN_POINT('',(-64.41807751107,-33.66481427358,
    8.527085783799));
#2844 = CARTESIAN_POINT('',(-64.47486830798,-33.63522990179,
    8.342925638826));
#2845 = CARTESIAN_POINT('',(-64.50944952899,-33.61716179277,
    8.251158008518));
#2846 = CARTESIAN_POINT('',(-64.54919187286,-33.59631361429,
    8.162280942767));
#2847 = CARTESIAN_POINT('',(-64.59364721261,-33.57287376191,
    8.07665289015));
#2848 = CARTESIAN_POINT('',(-64.64236673396,-33.54703236456,
    7.99453005958));
#2849 = CARTESIAN_POINT('',(-64.74108269148,-33.49432839235,
    7.847212722092));
#2850 = CARTESIAN_POINT('',(-64.79019901746,-33.46797460316,
    7.781175149794));
#2851 = CARTESIAN_POINT('',(-64.84199764173,-33.44002742727,
    7.718088799266));
#2852 = CARTESIAN_POINT('',(-64.89621239248,-33.41060159924,
    7.658029684987));
#2853 = CARTESIAN_POINT('',(-64.95259888561,-33.37980388989,
    7.601046126218));
#2854 = CARTESIAN_POINT('',(-65.16854938177,-33.26108468325,
    7.401620569992));
#2855 = CARTESIAN_POINT('',(-65.34027966186,-33.1652096798,
    7.278874723347));
#2856 = CARTESIAN_POINT('',(-65.52209967826,-33.06187100136,
    7.179190159894));
#2857 = CARTESIAN_POINT('',(-65.71075639826,-32.9526256295,7.10286906835
    ));
#2858 = CARTESIAN_POINT('',(-65.90351378256,-32.83896354024,
    7.050012923465));
#2859 = CARTESIAN_POINT('',(-66.14506329615,-32.69406916233,
    7.014029593251));
#2860 = CARTESIAN_POINT('',(-66.19205986493,-32.66576409949,
    7.008429675503));
#2861 = CARTESIAN_POINT('',(-66.23912351305,-32.63730481497,
    7.004220959394));
#2862 = CARTESIAN_POINT('',(-66.28621926957,-32.60871283417,
    7.00140907219));
#2863 = CARTESIAN_POINT('',(-66.33331206031,-32.58001028074,
    6.999999982446));
#2864 = CARTESIAN_POINT('',(-66.3803667078,-32.5512198766,7.));
#2865 = PCURVE('',#1375,#2866);
#2866 = DEFINITIONAL_REPRESENTATION('',(#2867),#2895);
#2867 = B_SPLINE_CURVE_WITH_KNOTS('',6,(#2868,#2869,#2870,#2871,#2872,
    #2873,#2874,#2875,#2876,#2877,#2878,#2879,#2880,#2881,#2882,#2883,
    #2884,#2885,#2886,#2887,#2888,#2889,#2890,#2891,#2892,#2893,#2894),
  .UNSPECIFIED.,.F.,.F.,(7,5,5,5,5,7),(0.,0.165424638018,0.33851974629,
    0.490506517936,0.901086515145,1.),.UNSPECIFIED.);
#2868 = CARTESIAN_POINT('',(-9.518601305063,3.14159265359));
#2869 = CARTESIAN_POINT('',(-9.518601305063,3.09369640985));
#2870 = CARTESIAN_POINT('',(-9.518110627081,3.045793724879));
#2871 = CARTESIAN_POINT('',(-9.517128961304,2.998010198315));
#2872 = CARTESIAN_POINT('',(-9.515672992535,2.950443810844));
#2873 = CARTESIAN_POINT('',(-9.513772075046,2.9031761605));
#2874 = CARTESIAN_POINT('',(-9.509048713832,2.807216910574));
#2875 = CARTESIAN_POINT('',(-9.50618722068,2.758552705164));
#2876 = CARTESIAN_POINT('',(-9.502921463757,2.710360647624));
#2877 = CARTESIAN_POINT('',(-9.499300834209,2.662672464917));
#2878 = CARTESIAN_POINT('',(-9.495374099363,2.615498929498));
#2879 = CARTESIAN_POINT('',(-9.487509080259,2.527852509342));
#2880 = CARTESIAN_POINT('',(-9.483630581257,2.487264069862));
#2881 = CARTESIAN_POINT('',(-9.479580938084,2.447054382776));
#2882 = CARTESIAN_POINT('',(-9.475388138685,2.40720669341));
#2883 = CARTESIAN_POINT('',(-9.471077301599,2.367698172457));
#2884 = CARTESIAN_POINT('',(-9.454764071275,2.222609754703));
#2885 = CARTESIAN_POINT('',(-9.442165777497,2.119085485321));
#2886 = CARTESIAN_POINT('',(-9.429284194309,2.017176208451));
#2887 = CARTESIAN_POINT('',(-9.416404387784,1.916373852898));
#2888 = CARTESIAN_POINT('',(-9.403717906201,1.816168462331));
#2889 = CARTESIAN_POINT('',(-9.388372439336,1.691732439814));
#2890 = CARTESIAN_POINT('',(-9.38541235819,1.667574237598));
#2891 = CARTESIAN_POINT('',(-9.382473385476,1.643408607341));
#2892 = CARTESIAN_POINT('',(-9.379557417629,1.619228381647));
#2893 = CARTESIAN_POINT('',(-9.376666239535,1.595026563607));
#2894 = CARTESIAN_POINT('',(-9.37380152453,1.570796326795));
#2895 = ( GEOMETRIC_REPRESENTATION_CONTEXT(2) 
PARAMETRIC_REPRESENTATION_CONTEXT() REPRESENTATION_CONTEXT('2D SPACE',''
  ) );
#2896 = PCURVE('',#1346,#2897);
#2897 = DEFINITIONAL_REPRESENTATION('',(#2898),#2926);
#2898 = B_SPLINE_CURVE_WITH_KNOTS('',6,(#2899,#2900,#2901,#2902,#2903,
    #2904,#2905,#2906,#2907,#2908,#2909,#2910,#2911,#2912,#2913,#2914,
    #2915,#2916,#2917,#2918,#2919,#2920,#2921,#2922,#2923,#2924,#2925),
  .UNSPECIFIED.,.F.,.F.,(7,5,5,5,5,7),(0.,0.165424638018,0.33851974629,
    0.490506517936,0.901086515145,1.),.UNSPECIFIED.);
#2899 = CARTESIAN_POINT('',(4.712388980385,5.345227268781));
#2900 = CARTESIAN_POINT('',(4.664492736645,5.345227268781));
#2901 = CARTESIAN_POINT('',(4.616590051674,5.348760329934));
#2902 = CARTESIAN_POINT('',(4.56880652511,5.355827787381));
#2903 = CARTESIAN_POINT('',(4.521240137639,5.366331689384));
#2904 = CARTESIAN_POINT('',(4.473972487295,5.380098724336));
#2905 = CARTESIAN_POINT('',(4.378013237369,5.414488811267));
#2906 = CARTESIAN_POINT('',(4.329349031959,5.435402972651));
#2907 = CARTESIAN_POINT('',(4.281156974419,5.459396762801));
#2908 = CARTESIAN_POINT('',(4.233468791712,5.486176290172));
#2909 = CARTESIAN_POINT('',(4.186295256293,5.515447934646));
#2910 = CARTESIAN_POINT('',(4.098648836137,5.574586475514));
#2911 = CARTESIAN_POINT('',(4.058060396656,5.603945566959));
#2912 = CARTESIAN_POINT('',(4.017850709571,5.634830903508));
#2913 = CARTESIAN_POINT('',(3.978003020205,5.667069340906));
#2914 = CARTESIAN_POINT('',(3.938494499251,5.700502621709));
#2915 = CARTESIAN_POINT('',(3.793406081498,5.828161634026));
#2916 = CARTESIAN_POINT('',(3.689881812116,5.92894691746));
#2917 = CARTESIAN_POINT('',(3.587972535246,6.034738331361));
#2918 = CARTESIAN_POINT('',(3.487170179693,6.143497157537));
#2919 = CARTESIAN_POINT('',(3.386964789126,6.253598904478));
#2920 = CARTESIAN_POINT('',(3.262528766609,6.390339730564));
#2921 = CARTESIAN_POINT('',(3.238370561625,6.416887421602));
#2922 = CARTESIAN_POINT('',(3.214204932473,6.443416094206));
#2923 = CARTESIAN_POINT('',(3.190024711761,6.469906225365));
#2924 = CARTESIAN_POINT('',(3.165822895938,6.496338501765));
#2925 = CARTESIAN_POINT('',(3.141592645296,6.522693819784));
#2926 = ( GEOMETRIC_REPRESENTATION_CONTEXT(2) 
PARAMETRIC_REPRESENTATION_CONTEXT() REPRESENTATION_CONTEXT('2D SPACE',''
  ) );
#2927 = ORIENTED_EDGE('',*,*,#2928,.F.);
#2928 = EDGE_CURVE('',#2929,#2834,#2931,.T.);
#2929 = VERTEX_POINT('',#2930);
#2930 = CARTESIAN_POINT('',(-49.99231766592,-33.02,9.));
#2931 = SURFACE_CURVE('',#2932,(#2937,#2944),.PCURVE_S1.);
#2932 = CIRCLE('',#2933,7.2);
#2933 = AXIS2_PLACEMENT_3D('',#2934,#2935,#2936);
#2934 = CARTESIAN_POINT('',(-57.19231766592,-33.02,9.));
#2935 = DIRECTION('',(0.,0.,1.));
#2936 = DIRECTION('',(1.,0.,-0.));
#2937 = PCURVE('',#1375,#2938);
#2938 = DEFINITIONAL_REPRESENTATION('',(#2939),#2943);
#2939 = LINE('',#2940,#2941);
#2940 = CARTESIAN_POINT('',(-6.28318530718,3.14159265359));
#2941 = VECTOR('',#2942,1.);
#2942 = DIRECTION('',(-1.,0.));
#2943 = ( GEOMETRIC_REPRESENTATION_CONTEXT(2) 
PARAMETRIC_REPRESENTATION_CONTEXT() REPRESENTATION_CONTEXT('2D SPACE',''
  ) );
#2944 = PCURVE('',#2945,#2950);
#2945 = CYLINDRICAL_SURFACE('',#2946,7.2);
#2946 = AXIS2_PLACEMENT_3D('',#2947,#2948,#2949);
#2947 = CARTESIAN_POINT('',(-57.19231766592,-33.02,0.));
#2948 = DIRECTION('',(0.,0.,1.));
#2949 = DIRECTION('',(1.,0.,-0.));
#2950 = DEFINITIONAL_REPRESENTATION('',(#2951),#2955);
#2951 = LINE('',#2952,#2953);
#2952 = CARTESIAN_POINT('',(0.,9.));
#2953 = VECTOR('',#2954,1.);
#2954 = DIRECTION('',(1.,0.));
#2955 = ( GEOMETRIC_REPRESENTATION_CONTEXT(2) 
PARAMETRIC_REPRESENTATION_CONTEXT() REPRESENTATION_CONTEXT('2D SPACE',''
  ) );
#2956 = ORIENTED_EDGE('',*,*,#2957,.F.);
#2957 = EDGE_CURVE('',#2658,#2929,#2958,.T.);
#2958 = SURFACE_CURVE('',#2959,(#2964,#2971),.PCURVE_S1.);
#2959 = CIRCLE('',#2960,7.2);
#2960 = AXIS2_PLACEMENT_3D('',#2961,#2962,#2963);
#2961 = CARTESIAN_POINT('',(-57.19231766592,-33.02,9.));
#2962 = DIRECTION('',(0.,0.,1.));
#2963 = DIRECTION('',(1.,0.,-0.));
#2964 = PCURVE('',#1375,#2965);
#2965 = DEFINITIONAL_REPRESENTATION('',(#2966),#2970);
#2966 = LINE('',#2967,#2968);
#2967 = CARTESIAN_POINT('',(-0.,3.14159265359));
#2968 = VECTOR('',#2969,1.);
#2969 = DIRECTION('',(-1.,0.));
#2970 = ( GEOMETRIC_REPRESENTATION_CONTEXT(2) 
PARAMETRIC_REPRESENTATION_CONTEXT() REPRESENTATION_CONTEXT('2D SPACE',''
  ) );
#2971 = PCURVE('',#2945,#2972);
#2972 = DEFINITIONAL_REPRESENTATION('',(#2973),#2977);
#2973 = LINE('',#2974,#2975);
#2974 = CARTESIAN_POINT('',(0.,9.));
#2975 = VECTOR('',#2976,1.);
#2976 = DIRECTION('',(1.,0.));
#2977 = ( GEOMETRIC_REPRESENTATION_CONTEXT(2) 
PARAMETRIC_REPRESENTATION_CONTEXT() REPRESENTATION_CONTEXT('2D SPACE',''
  ) );
#2978 = ORIENTED_EDGE('',*,*,#2680,.T.);
#2979 = ORIENTED_EDGE('',*,*,#1358,.T.);
#2980 = ADVANCED_FACE('',(#2981),#763,.F.);
#2981 = FACE_BOUND('',#2982,.F.);
#2982 = EDGE_LOOP('',(#2983,#3006,#3007,#3008,#3031));
#2983 = ORIENTED_EDGE('',*,*,#2984,.F.);
#2984 = EDGE_CURVE('',#2779,#2985,#2987,.T.);
#2985 = VERTEX_POINT('',#2986);
#2986 = CARTESIAN_POINT('',(92.637700077337,-44.24679676972,48.8));
#2987 = SURFACE_CURVE('',#2988,(#2992,#2999),.PCURVE_S1.);
#2988 = LINE('',#2989,#2990);
#2989 = CARTESIAN_POINT('',(92.637700077337,-44.24679676972,0.));
#2990 = VECTOR('',#2991,1.);
#2991 = DIRECTION('',(0.,0.,1.));
#2992 = PCURVE('',#763,#2993);
#2993 = DEFINITIONAL_REPRESENTATION('',(#2994),#2998);
#2994 = LINE('',#2995,#2996);
#2995 = CARTESIAN_POINT('',(11.,0.));
#2996 = VECTOR('',#2997,1.);
#2997 = DIRECTION('',(0.,-1.));
#2998 = ( GEOMETRIC_REPRESENTATION_CONTEXT(2) 
PARAMETRIC_REPRESENTATION_CONTEXT() REPRESENTATION_CONTEXT('2D SPACE',''
  ) );
#2999 = PCURVE('',#1845,#3000);
#3000 = DEFINITIONAL_REPRESENTATION('',(#3001),#3005);
#3001 = LINE('',#3002,#3003);
#3002 = CARTESIAN_POINT('',(0.,0.));
#3003 = VECTOR('',#3004,1.);
#3004 = DIRECTION('',(0.,-1.));
#3005 = ( GEOMETRIC_REPRESENTATION_CONTEXT(2) 
PARAMETRIC_REPRESENTATION_CONTEXT() REPRESENTATION_CONTEXT('2D SPACE',''
  ) );
#3006 = ORIENTED_EDGE('',*,*,#2804,.T.);
#3007 = ORIENTED_EDGE('',*,*,#747,.T.);
#3008 = ORIENTED_EDGE('',*,*,#3009,.T.);
#3009 = EDGE_CURVE('',#748,#3010,#3012,.T.);
#3010 = VERTEX_POINT('',#3011);
#3011 = CARTESIAN_POINT('',(102.16397951896,-49.74679676972,48.8));
#3012 = SURFACE_CURVE('',#3013,(#3017,#3024),.PCURVE_S1.);
#3013 = LINE('',#3014,#3015);
#3014 = CARTESIAN_POINT('',(102.16397951896,-49.74679676972,0.));
#3015 = VECTOR('',#3016,1.);
#3016 = DIRECTION('',(0.,0.,1.));
#3017 = PCURVE('',#763,#3018);
#3018 = DEFINITIONAL_REPRESENTATION('',(#3019),#3023);
#3019 = LINE('',#3020,#3021);
#3020 = CARTESIAN_POINT('',(0.,0.));
#3021 = VECTOR('',#3022,1.);
#3022 = DIRECTION('',(0.,-1.));
#3023 = ( GEOMETRIC_REPRESENTATION_CONTEXT(2) 
PARAMETRIC_REPRESENTATION_CONTEXT() REPRESENTATION_CONTEXT('2D SPACE',''
  ) );
#3024 = PCURVE('',#2156,#3025);
#3025 = DEFINITIONAL_REPRESENTATION('',(#3026),#3030);
#3026 = LINE('',#3027,#3028);
#3027 = CARTESIAN_POINT('',(16.,0.));
#3028 = VECTOR('',#3029,1.);
#3029 = DIRECTION('',(0.,-1.));
#3030 = ( GEOMETRIC_REPRESENTATION_CONTEXT(2) 
PARAMETRIC_REPRESENTATION_CONTEXT() REPRESENTATION_CONTEXT('2D SPACE',''
  ) );
#3031 = ORIENTED_EDGE('',*,*,#3032,.T.);
#3032 = EDGE_CURVE('',#3010,#2985,#3033,.T.);
#3033 = SURFACE_CURVE('',#3034,(#3038,#3045),.PCURVE_S1.);
#3034 = LINE('',#3035,#3036);
#3035 = CARTESIAN_POINT('',(102.16397951896,-49.74679676972,48.8));
#3036 = VECTOR('',#3037,1.);
#3037 = DIRECTION('',(-0.866025403784,0.5,0.));
#3038 = PCURVE('',#763,#3039);
#3039 = DEFINITIONAL_REPRESENTATION('',(#3040),#3044);
#3040 = LINE('',#3041,#3042);
#3041 = CARTESIAN_POINT('',(0.,-48.8));
#3042 = VECTOR('',#3043,1.);
#3043 = DIRECTION('',(1.,0.));
#3044 = ( GEOMETRIC_REPRESENTATION_CONTEXT(2) 
PARAMETRIC_REPRESENTATION_CONTEXT() REPRESENTATION_CONTEXT('2D SPACE',''
  ) );
#3045 = PCURVE('',#2265,#3046);
#3046 = DEFINITIONAL_REPRESENTATION('',(#3047),#3051);
#3047 = LINE('',#3048,#3049);
#3048 = CARTESIAN_POINT('',(8.763139720814,4.178203230275));
#3049 = VECTOR('',#3050,1.);
#3050 = DIRECTION('',(-0.866025403784,0.5));
#3051 = ( GEOMETRIC_REPRESENTATION_CONTEXT(2) 
PARAMETRIC_REPRESENTATION_CONTEXT() REPRESENTATION_CONTEXT('2D SPACE',''
  ) );
#3052 = ADVANCED_FACE('',(#3053),#1346,.F.);
#3053 = FACE_BOUND('',#3054,.F.);
#3054 = EDGE_LOOP('',(#3055,#3056,#3057,#3085));
#3055 = ORIENTED_EDGE('',*,*,#1330,.F.);
#3056 = ORIENTED_EDGE('',*,*,#2833,.F.);
#3057 = ORIENTED_EDGE('',*,*,#3058,.T.);
#3058 = EDGE_CURVE('',#2834,#3059,#3061,.T.);
#3059 = VERTEX_POINT('',#3060);
#3060 = CARTESIAN_POINT('',(-89.98911360876,-48.49113735102,9.));
#3061 = SURFACE_CURVE('',#3062,(#3066,#3073),.PCURVE_S1.);
#3062 = LINE('',#3063,#3064);
#3063 = CARTESIAN_POINT('',(-59.73154815046,-31.02192378864,9.));
#3064 = VECTOR('',#3065,1.);
#3065 = DIRECTION('',(-0.866025403784,-0.5,0.));
#3066 = PCURVE('',#1346,#3067);
#3067 = DEFINITIONAL_REPRESENTATION('',(#3068),#3072);
#3068 = LINE('',#3069,#3070);
#3069 = CARTESIAN_POINT('',(4.712388980385,0.));
#3070 = VECTOR('',#3071,1.);
#3071 = DIRECTION('',(0.,1.));
#3072 = ( GEOMETRIC_REPRESENTATION_CONTEXT(2) 
PARAMETRIC_REPRESENTATION_CONTEXT() REPRESENTATION_CONTEXT('2D SPACE',''
  ) );
#3073 = PCURVE('',#3074,#3079);
#3074 = PLANE('',#3075);
#3075 = AXIS2_PLACEMENT_3D('',#3076,#3077,#3078);
#3076 = CARTESIAN_POINT('',(-60.59757355425,-31.52192378864,6.99));
#3077 = DIRECTION('',(0.5,-0.866025403784,0.));
#3078 = DIRECTION('',(-0.866025403784,-0.5,0.));
#3079 = DEFINITIONAL_REPRESENTATION('',(#3080),#3084);
#3080 = LINE('',#3081,#3082);
#3081 = CARTESIAN_POINT('',(-1.,-2.01));
#3082 = VECTOR('',#3083,1.);
#3083 = DIRECTION('',(1.,0.));
#3084 = ( GEOMETRIC_REPRESENTATION_CONTEXT(2) 
PARAMETRIC_REPRESENTATION_CONTEXT() REPRESENTATION_CONTEXT('2D SPACE',''
  ) );
#3085 = ORIENTED_EDGE('',*,*,#3086,.T.);
#3086 = EDGE_CURVE('',#3059,#1303,#3087,.T.);
#3087 = SURFACE_CURVE('',#3088,(#3112,#3139),.PCURVE_S1.);
#3088 = B_SPLINE_CURVE_WITH_KNOTS('',8,(#3089,#3090,#3091,#3092,#3093,
    #3094,#3095,#3096,#3097,#3098,#3099,#3100,#3101,#3102,#3103,#3104,
    #3105,#3106,#3107,#3108,#3109,#3110,#3111),.UNSPECIFIED.,.F.,.F.,(9,
    7,7,9),(0.,0.182451691923,0.330328230742,1.),.UNSPECIFIED.);
#3089 = CARTESIAN_POINT('',(-89.98911360876,-48.49113735102,9.));
#3090 = CARTESIAN_POINT('',(-89.95670728685,-48.47242755234,
    8.89416139584));
#3091 = CARTESIAN_POINT('',(-89.92397810173,-48.44614011334,
    8.791218112285));
#3092 = CARTESIAN_POINT('',(-89.89091835953,-48.41297805616,
    8.691527590639));
#3093 = CARTESIAN_POINT('',(-89.85756623424,-48.37365180645,
    8.595388168645));
#3094 = CARTESIAN_POINT('',(-89.82399514951,-48.32888180934,
    8.503046437248));
#3095 = CARTESIAN_POINT('',(-89.79030622134,-48.27940053993,
    8.414702765804));
#3096 = CARTESIAN_POINT('',(-89.75662376159,-48.22595390802,
    8.330514995706));
#3097 = CARTESIAN_POINT('',(-89.69591794525,-48.12338590535,
    8.185829687726));
#3098 = CARTESIAN_POINT('',(-89.66874733743,-48.07520425282,8.1236401536
    ));
#3099 = CARTESIAN_POINT('',(-89.64159409241,-48.02502221242,
    8.063968840555));
#3100 = CARTESIAN_POINT('',(-89.6144695095,-47.97307291134,
    8.006745237638));
#3101 = CARTESIAN_POINT('',(-89.5873827635,-47.91955807072,
    7.951892516273));
#3102 = CARTESIAN_POINT('',(-89.56033955445,-47.86464858524,
    7.899328864088));
#3103 = CARTESIAN_POINT('',(-89.53334075733,-47.80848510259,
    7.848968818733));
#3104 = CARTESIAN_POINT('',(-89.38429179089,-47.49166113516,
    7.582246468352));
#3105 = CARTESIAN_POINT('',(-89.26144682691,-47.20538613754,
    7.404371540342));
#3106 = CARTESIAN_POINT('',(-89.13903947261,-46.90502163198,
    7.263808219227));
#3107 = CARTESIAN_POINT('',(-89.01793169688,-46.59803545648,
    7.156345529715));
#3108 = CARTESIAN_POINT('',(-88.89820602255,-46.28834671233,
    7.078179294077));
#3109 = CARTESIAN_POINT('',(-88.77936623913,-45.97704377731,
    7.026483231353));
#3110 = CARTESIAN_POINT('',(-88.66032440238,-45.66314722496,
    7.00000010766));
#3111 = CARTESIAN_POINT('',(-88.53962386598,-45.34487298107,7.));
#3112 = PCURVE('',#1346,#3113);
#3113 = DEFINITIONAL_REPRESENTATION('',(#3114),#3138);
#3114 = B_SPLINE_CURVE_WITH_KNOTS('',8,(#3115,#3116,#3117,#3118,#3119,
    #3120,#3121,#3122,#3123,#3124,#3125,#3126,#3127,#3128,#3129,#3130,
    #3131,#3132,#3133,#3134,#3135,#3136,#3137),.UNSPECIFIED.,.F.,.F.,(9,
    7,7,9),(0.,0.182451691923,0.330328230742,1.),.UNSPECIFIED.);
#3115 = CARTESIAN_POINT('',(4.712388980385,34.938427124746));
#3116 = CARTESIAN_POINT('',(4.659469678305,34.90100752739));
#3117 = CARTESIAN_POINT('',(4.607997978849,34.859519502131));
#3118 = CARTESIAN_POINT('',(4.557927050675,34.814307896956));
#3119 = CARTESIAN_POINT('',(4.509231630579,34.765760984323));
#3120 = CARTESIAN_POINT('',(4.46190494708,34.714302573561));
#3121 = CARTESIAN_POINT('',(4.415956843695,34.660386471237));
#3122 = CARTESIAN_POINT('',(4.371413101896,34.604493289478));
#3123 = CARTESIAN_POINT('',(4.293385864969,34.500636509031));
#3124 = CARTESIAN_POINT('',(4.259284112782,34.453015246158));
#3125 = CARTESIAN_POINT('',(4.225958847239,34.404408825979));
#3126 = CARTESIAN_POINT('',(4.19336182433,34.354943597567));
#3127 = CARTESIAN_POINT('',(4.161447038021,34.304728367117));
#3128 = CARTESIAN_POINT('',(4.130169342294,34.253853518335));
#3129 = CARTESIAN_POINT('',(4.099483073178,34.202390132841));
#3130 = CARTESIAN_POINT('',(3.932838179611,33.914897957779));
#3131 = CARTESIAN_POINT('',(3.805747614141,33.66537359944));
#3132 = CARTESIAN_POINT('',(3.685991249516,33.409183468223));
#3133 = CARTESIAN_POINT('',(3.572042031009,33.150807970104));
#3134 = CARTESIAN_POINT('',(3.462379794498,32.892278122561));
#3135 = CARTESIAN_POINT('',(3.3553963245,32.633708383629));
#3136 = CARTESIAN_POINT('',(3.249234091095,32.373666852715));
#3137 = CARTESIAN_POINT('',(3.14159265359,32.11));
#3138 = ( GEOMETRIC_REPRESENTATION_CONTEXT(2) 
PARAMETRIC_REPRESENTATION_CONTEXT() REPRESENTATION_CONTEXT('2D SPACE',''
  ) );
#3139 = PCURVE('',#1318,#3140);
#3140 = DEFINITIONAL_REPRESENTATION('',(#3141),#3165);
#3141 = B_SPLINE_CURVE_WITH_KNOTS('',8,(#3142,#3143,#3144,#3145,#3146,
    #3147,#3148,#3149,#3150,#3151,#3152,#3153,#3154,#3155,#3156,#3157,
    #3158,#3159,#3160,#3161,#3162,#3163,#3164),.UNSPECIFIED.,.F.,.F.,(9,
    7,7,9),(0.,0.182451691923,0.330328230742,1.),.UNSPECIFIED.);
#3142 = CARTESIAN_POINT('',(1.910633236249,6.));
#3143 = CARTESIAN_POINT('',(1.948052833605,6.));
#3144 = CARTESIAN_POINT('',(1.985014555159,5.993599002585));
#3145 = CARTESIAN_POINT('',(2.021447651059,5.981409689729));
#3146 = CARTESIAN_POINT('',(2.057286743146,5.964028221087));
#3147 = CARTESIAN_POINT('',(2.092467685362,5.942041808634));
#3148 = CARTESIAN_POINT('',(2.126924312474,5.916034236399));
#3149 = CARTESIAN_POINT('',(2.160586077105,5.886589325288));
#3150 = CARTESIAN_POINT('',(2.219953173482,5.828115737533));
#3151 = CARTESIAN_POINT('',(2.246050122956,5.799974506353));
#3152 = CARTESIAN_POINT('',(2.271685261132,5.770092207066));
#3153 = CARTESIAN_POINT('',(2.296877386738,5.738665084077));
#3154 = CARTESIAN_POINT('',(2.321646754781,5.705863245624));
#3155 = CARTESIAN_POINT('',(2.346015571737,5.67183184081));
#3156 = CARTESIAN_POINT('',(2.370008490733,5.636692236628));
#3157 = CARTESIAN_POINT('',(2.500729807075,5.436839115522));
#3158 = CARTESIAN_POINT('',(2.602030600537,5.250340177114));
#3159 = CARTESIAN_POINT('',(2.69837191028,5.051420562048));
#3160 = CARTESIAN_POINT('',(2.790637307864,4.846116623329));
#3161 = CARTESIAN_POINT('',(2.879798982553,4.637781140783));
#3162 = CARTESIAN_POINT('',(2.96702315183,4.4276047825));
#3163 = CARTESIAN_POINT('',(3.053703706979,4.215283312378));
#3164 = CARTESIAN_POINT('',(3.14159265359,4.));
#3165 = ( GEOMETRIC_REPRESENTATION_CONTEXT(2) 
PARAMETRIC_REPRESENTATION_CONTEXT() REPRESENTATION_CONTEXT('2D SPACE',''
  ) );
#3166 = ADVANCED_FACE('',(#3167),#791,.F.);
#3167 = FACE_BOUND('',#3168,.F.);
#3168 = EDGE_LOOP('',(#3169,#3194,#3215,#3216));
#3169 = ORIENTED_EDGE('',*,*,#3170,.F.);
#3170 = EDGE_CURVE('',#3171,#3173,#3175,.T.);
#3171 = VERTEX_POINT('',#3172);
#3172 = CARTESIAN_POINT('',(102.16397951896,-49.74679676972,0.));
#3173 = VERTEX_POINT('',#3174);
#3174 = CARTESIAN_POINT('',(77.682069799471,-31.99346147934,0.));
#3175 = SURFACE_CURVE('',#3176,(#3180,#3187),.PCURVE_S1.);
#3176 = LINE('',#3177,#3178);
#3177 = CARTESIAN_POINT('',(102.16397951896,-49.74679676972,0.));
#3178 = VECTOR('',#3179,1.);
#3179 = DIRECTION('',(-0.809548356741,0.587053198695,0.));
#3180 = PCURVE('',#791,#3181);
#3181 = DEFINITIONAL_REPRESENTATION('',(#3182),#3186);
#3182 = LINE('',#3183,#3184);
#3183 = CARTESIAN_POINT('',(0.,0.));
#3184 = VECTOR('',#3185,1.);
#3185 = DIRECTION('',(1.,0.));
#3186 = ( GEOMETRIC_REPRESENTATION_CONTEXT(2) 
PARAMETRIC_REPRESENTATION_CONTEXT() REPRESENTATION_CONTEXT('2D SPACE',''
  ) );
#3187 = PCURVE('',#2098,#3188);
#3188 = DEFINITIONAL_REPRESENTATION('',(#3189),#3193);
#3189 = LINE('',#3190,#3191);
#3190 = CARTESIAN_POINT('',(-34.67857956599,21.274333075402));
#3191 = VECTOR('',#3192,1.);
#3192 = DIRECTION('',(0.994616041877,0.103628805073));
#3193 = ( GEOMETRIC_REPRESENTATION_CONTEXT(2) 
PARAMETRIC_REPRESENTATION_CONTEXT() REPRESENTATION_CONTEXT('2D SPACE',''
  ) );
#3194 = ORIENTED_EDGE('',*,*,#3195,.T.);
#3195 = EDGE_CURVE('',#3171,#748,#3196,.T.);
#3196 = SURFACE_CURVE('',#3197,(#3201,#3208),.PCURVE_S1.);
#3197 = LINE('',#3198,#3199);
#3198 = CARTESIAN_POINT('',(102.16397951896,-49.74679676972,0.));
#3199 = VECTOR('',#3200,1.);
#3200 = DIRECTION('',(0.,0.,1.));
#3201 = PCURVE('',#791,#3202);
#3202 = DEFINITIONAL_REPRESENTATION('',(#3203),#3207);
#3203 = LINE('',#3204,#3205);
#3204 = CARTESIAN_POINT('',(0.,0.));
#3205 = VECTOR('',#3206,1.);
#3206 = DIRECTION('',(0.,-1.));
#3207 = ( GEOMETRIC_REPRESENTATION_CONTEXT(2) 
PARAMETRIC_REPRESENTATION_CONTEXT() REPRESENTATION_CONTEXT('2D SPACE',''
  ) );
#3208 = PCURVE('',#2156,#3209);
#3209 = DEFINITIONAL_REPRESENTATION('',(#3210),#3214);
#3210 = LINE('',#3211,#3212);
#3211 = CARTESIAN_POINT('',(16.,0.));
#3212 = VECTOR('',#3213,1.);
#3213 = DIRECTION('',(0.,-1.));
#3214 = ( GEOMETRIC_REPRESENTATION_CONTEXT(2) 
PARAMETRIC_REPRESENTATION_CONTEXT() REPRESENTATION_CONTEXT('2D SPACE',''
  ) );
#3215 = ORIENTED_EDGE('',*,*,#775,.T.);
#3216 = ORIENTED_EDGE('',*,*,#3217,.F.);
#3217 = EDGE_CURVE('',#3173,#776,#3218,.T.);
#3218 = SURFACE_CURVE('',#3219,(#3223,#3230),.PCURVE_S1.);
#3219 = LINE('',#3220,#3221);
#3220 = CARTESIAN_POINT('',(77.682069799471,-31.99346147934,0.));
#3221 = VECTOR('',#3222,1.);
#3222 = DIRECTION('',(0.,0.,1.));
#3223 = PCURVE('',#791,#3224);
#3224 = DEFINITIONAL_REPRESENTATION('',(#3225),#3229);
#3225 = LINE('',#3226,#3227);
#3226 = CARTESIAN_POINT('',(30.24144205302,0.));
#3227 = VECTOR('',#3228,1.);
#3228 = DIRECTION('',(0.,-1.));
#3229 = ( GEOMETRIC_REPRESENTATION_CONTEXT(2) 
PARAMETRIC_REPRESENTATION_CONTEXT() REPRESENTATION_CONTEXT('2D SPACE',''
  ) );
#3230 = PCURVE('',#824,#3231);
#3231 = DEFINITIONAL_REPRESENTATION('',(#3232),#3236);
#3232 = LINE('',#3233,#3234);
#3233 = CARTESIAN_POINT('',(1.674611511028,0.));
#3234 = VECTOR('',#3235,1.);
#3235 = DIRECTION('',(0.,-1.));
#3236 = ( GEOMETRIC_REPRESENTATION_CONTEXT(2) 
PARAMETRIC_REPRESENTATION_CONTEXT() REPRESENTATION_CONTEXT('2D SPACE',''
  ) );
#3237 = ADVANCED_FACE('',(#3238),#1318,.F.);
#3238 = FACE_BOUND('',#3239,.F.);
#3239 = EDGE_LOOP('',(#3240,#3265,#3287,#3288,#3289));
#3240 = ORIENTED_EDGE('',*,*,#3241,.F.);
#3241 = EDGE_CURVE('',#3242,#3244,#3246,.T.);
#3242 = VERTEX_POINT('',#3243);
#3243 = CARTESIAN_POINT('',(-92.63770007733,-44.24679676972,10.));
#3244 = VERTEX_POINT('',#3245);
#3245 = CARTESIAN_POINT('',(-90.13770007733,-48.57692378864,10.));
#3246 = SURFACE_CURVE('',#3247,(#3251,#3258),.PCURVE_S1.);
#3247 = LINE('',#3248,#3249);
#3248 = CARTESIAN_POINT('',(-93.13770007733,-43.38077136594,10.));
#3249 = VECTOR('',#3250,1.);
#3250 = DIRECTION('',(0.5,-0.866025403784,0.));
#3251 = PCURVE('',#1318,#3252);
#3252 = DEFINITIONAL_REPRESENTATION('',(#3253),#3257);
#3253 = LINE('',#3254,#3255);
#3254 = CARTESIAN_POINT('',(1.570796326795,0.));
#3255 = VECTOR('',#3256,1.);
#3256 = DIRECTION('',(0.,1.));
#3257 = ( GEOMETRIC_REPRESENTATION_CONTEXT(2) 
PARAMETRIC_REPRESENTATION_CONTEXT() REPRESENTATION_CONTEXT('2D SPACE',''
  ) );
#3258 = PCURVE('',#2424,#3259);
#3259 = DEFINITIONAL_REPRESENTATION('',(#3260),#3264);
#3260 = LINE('',#3261,#3262);
#3261 = CARTESIAN_POINT('',(17.,-10.));
#3262 = VECTOR('',#3263,1.);
#3263 = DIRECTION('',(-1.,-0.));
#3264 = ( GEOMETRIC_REPRESENTATION_CONTEXT(2) 
PARAMETRIC_REPRESENTATION_CONTEXT() REPRESENTATION_CONTEXT('2D SPACE',''
  ) );
#3265 = ORIENTED_EDGE('',*,*,#3266,.T.);
#3266 = EDGE_CURVE('',#3242,#1275,#3267,.T.);
#3267 = SURFACE_CURVE('',#3268,(#3273,#3280),.PCURVE_S1.);
#3268 = CIRCLE('',#3269,3.);
#3269 = AXIS2_PLACEMENT_3D('',#3270,#3271,#3272);
#3270 = CARTESIAN_POINT('',(-90.03962386598,-42.74679676972,10.));
#3271 = DIRECTION('',(0.5,-0.866025403784,0.));
#3272 = DIRECTION('',(0.,0.,1.));
#3273 = PCURVE('',#1318,#3274);
#3274 = DEFINITIONAL_REPRESENTATION('',(#3275),#3279);
#3275 = LINE('',#3276,#3277);
#3276 = CARTESIAN_POINT('',(0.,1.));
#3277 = VECTOR('',#3278,1.);
#3278 = DIRECTION('',(1.,0.));
#3279 = ( GEOMETRIC_REPRESENTATION_CONTEXT(2) 
PARAMETRIC_REPRESENTATION_CONTEXT() REPRESENTATION_CONTEXT('2D SPACE',''
  ) );
#3280 = PCURVE('',#1290,#3281);
#3281 = DEFINITIONAL_REPRESENTATION('',(#3282),#3286);
#3282 = CIRCLE('',#3283,3.);
#3283 = AXIS2_PLACEMENT_2D('',#3284,#3285);
#3284 = CARTESIAN_POINT('',(3.01,0.));
#3285 = DIRECTION('',(1.,0.));
#3286 = ( GEOMETRIC_REPRESENTATION_CONTEXT(2) 
PARAMETRIC_REPRESENTATION_CONTEXT() REPRESENTATION_CONTEXT('2D SPACE',''
  ) );
#3287 = ORIENTED_EDGE('',*,*,#1302,.T.);
#3288 = ORIENTED_EDGE('',*,*,#3086,.F.);
#3289 = ORIENTED_EDGE('',*,*,#3290,.F.);
#3290 = EDGE_CURVE('',#3244,#3059,#3291,.T.);
#3291 = SURFACE_CURVE('',#3292,(#3297,#3304),.PCURVE_S1.);
#3292 = CIRCLE('',#3293,3.);
#3293 = AXIS2_PLACEMENT_3D('',#3294,#3295,#3296);
#3294 = CARTESIAN_POINT('',(-87.53962386598,-47.07692378864,10.));
#3295 = DIRECTION('',(0.5,-0.866025403784,0.));
#3296 = DIRECTION('',(0.,0.,1.));
#3297 = PCURVE('',#1318,#3298);
#3298 = DEFINITIONAL_REPRESENTATION('',(#3299),#3303);
#3299 = LINE('',#3300,#3301);
#3300 = CARTESIAN_POINT('',(0.,6.));
#3301 = VECTOR('',#3302,1.);
#3302 = DIRECTION('',(1.,0.));
#3303 = ( GEOMETRIC_REPRESENTATION_CONTEXT(2) 
PARAMETRIC_REPRESENTATION_CONTEXT() REPRESENTATION_CONTEXT('2D SPACE',''
  ) );
#3304 = PCURVE('',#3074,#3305);
#3305 = DEFINITIONAL_REPRESENTATION('',(#3306),#3310);
#3306 = CIRCLE('',#3307,3.);
#3307 = AXIS2_PLACEMENT_2D('',#3308,#3309);
#3308 = CARTESIAN_POINT('',(31.11,-3.01));
#3309 = DIRECTION('',(0.,-1.));
#3310 = ( GEOMETRIC_REPRESENTATION_CONTEXT(2) 
PARAMETRIC_REPRESENTATION_CONTEXT() REPRESENTATION_CONTEXT('2D SPACE',''
  ) );
#3311 = ADVANCED_FACE('',(#3312),#824,.F.);
#3312 = FACE_BOUND('',#3313,.F.);
#3313 = EDGE_LOOP('',(#3314,#3315,#3316,#3339));
#3314 = ORIENTED_EDGE('',*,*,#3217,.T.);
#3315 = ORIENTED_EDGE('',*,*,#803,.T.);
#3316 = ORIENTED_EDGE('',*,*,#3317,.F.);
#3317 = EDGE_CURVE('',#3318,#804,#3320,.T.);
#3318 = VERTEX_POINT('',#3319);
#3319 = CARTESIAN_POINT('',(74.736705464262,-23.14999905719,0.));
#3320 = SURFACE_CURVE('',#3321,(#3325,#3332),.PCURVE_S1.);
#3321 = LINE('',#3322,#3323);
#3322 = CARTESIAN_POINT('',(74.736705464262,-23.14999905719,0.));
#3323 = VECTOR('',#3324,1.);
#3324 = DIRECTION('',(0.,0.,1.));
#3325 = PCURVE('',#824,#3326);
#3326 = DEFINITIONAL_REPRESENTATION('',(#3327),#3331);
#3327 = LINE('',#3328,#3329);
#3328 = CARTESIAN_POINT('',(2.918375168627,0.));
#3329 = VECTOR('',#3330,1.);
#3330 = DIRECTION('',(0.,-1.));
#3331 = ( GEOMETRIC_REPRESENTATION_CONTEXT(2) 
PARAMETRIC_REPRESENTATION_CONTEXT() REPRESENTATION_CONTEXT('2D SPACE',''
  ) );
#3332 = PCURVE('',#857,#3333);
#3333 = DEFINITIONAL_REPRESENTATION('',(#3334),#3338);
#3334 = LINE('',#3335,#3336);
#3335 = CARTESIAN_POINT('',(5.982804016544,0.));
#3336 = VECTOR('',#3337,1.);
#3337 = DIRECTION('',(0.,1.));
#3338 = ( GEOMETRIC_REPRESENTATION_CONTEXT(2) 
PARAMETRIC_REPRESENTATION_CONTEXT() REPRESENTATION_CONTEXT('2D SPACE',''
  ) );
#3339 = ORIENTED_EDGE('',*,*,#3340,.F.);
#3340 = EDGE_CURVE('',#3173,#3318,#3341,.T.);
#3341 = SURFACE_CURVE('',#3342,(#3347,#3354),.PCURVE_S1.);
#3342 = CIRCLE('',#3343,8.);
#3343 = AXIS2_PLACEMENT_3D('',#3344,#3345,#3346);
#3344 = CARTESIAN_POINT('',(82.378495389033,-25.51707462541,0.));
#3345 = DIRECTION('',(0.,-0.,-1.));
#3346 = DIRECTION('',(0.866025403784,-0.5,0.));
#3347 = PCURVE('',#824,#3348);
#3348 = DEFINITIONAL_REPRESENTATION('',(#3349),#3353);
#3349 = LINE('',#3350,#3351);
#3350 = CARTESIAN_POINT('',(0.,0.));
#3351 = VECTOR('',#3352,1.);
#3352 = DIRECTION('',(1.,0.));
#3353 = ( GEOMETRIC_REPRESENTATION_CONTEXT(2) 
PARAMETRIC_REPRESENTATION_CONTEXT() REPRESENTATION_CONTEXT('2D SPACE',''
  ) );
#3354 = PCURVE('',#2098,#3355);
#3355 = DEFINITIONAL_REPRESENTATION('',(#3356),#3360);
#3356 = CIRCLE('',#3357,8.);
#3357 = AXIS2_PLACEMENT_2D('',#3358,#3359);
#3358 = CARTESIAN_POINT('',(-5.428986611141,32.365145914043));
#3359 = DIRECTION('',(-1.,0.));
#3360 = ( GEOMETRIC_REPRESENTATION_CONTEXT(2) 
PARAMETRIC_REPRESENTATION_CONTEXT() REPRESENTATION_CONTEXT('2D SPACE',''
  ) );
#3361 = ADVANCED_FACE('',(#3362),#1290,.F.);
#3362 = FACE_BOUND('',#3363,.F.);
#3363 = EDGE_LOOP('',(#3364,#3365,#3388,#3411,#3432));
#3364 = ORIENTED_EDGE('',*,*,#3266,.F.);
#3365 = ORIENTED_EDGE('',*,*,#3366,.T.);
#3366 = EDGE_CURVE('',#3242,#3367,#3369,.T.);
#3367 = VERTEX_POINT('',#3368);
#3368 = CARTESIAN_POINT('',(-92.63770007733,-44.24679676972,48.8));
#3369 = SURFACE_CURVE('',#3370,(#3374,#3381),.PCURVE_S1.);
#3370 = LINE('',#3371,#3372);
#3371 = CARTESIAN_POINT('',(-92.63770007733,-44.24679676972,0.));
#3372 = VECTOR('',#3373,1.);
#3373 = DIRECTION('',(0.,0.,1.));
#3374 = PCURVE('',#1290,#3375);
#3375 = DEFINITIONAL_REPRESENTATION('',(#3376),#3380);
#3376 = LINE('',#3377,#3378);
#3377 = CARTESIAN_POINT('',(-6.99,3.));
#3378 = VECTOR('',#3379,1.);
#3379 = DIRECTION('',(1.,0.));
#3380 = ( GEOMETRIC_REPRESENTATION_CONTEXT(2) 
PARAMETRIC_REPRESENTATION_CONTEXT() REPRESENTATION_CONTEXT('2D SPACE',''
  ) );
#3381 = PCURVE('',#2424,#3382);
#3382 = DEFINITIONAL_REPRESENTATION('',(#3383),#3387);
#3383 = LINE('',#3384,#3385);
#3384 = CARTESIAN_POINT('',(16.,0.));
#3385 = VECTOR('',#3386,1.);
#3386 = DIRECTION('',(0.,-1.));
#3387 = ( GEOMETRIC_REPRESENTATION_CONTEXT(2) 
PARAMETRIC_REPRESENTATION_CONTEXT() REPRESENTATION_CONTEXT('2D SPACE',''
  ) );
#3388 = ORIENTED_EDGE('',*,*,#3389,.T.);
#3389 = EDGE_CURVE('',#3367,#3390,#3392,.T.);
#3390 = VERTEX_POINT('',#3391);
#3391 = CARTESIAN_POINT('',(-102.1639795189,-49.74679676972,48.8));
#3392 = SURFACE_CURVE('',#3393,(#3397,#3404),.PCURVE_S1.);
#3393 = LINE('',#3394,#3395);
#3394 = CARTESIAN_POINT('',(-92.63770007733,-44.24679676972,48.8));
#3395 = VECTOR('',#3396,1.);
#3396 = DIRECTION('',(-0.866025403784,-0.5,0.));
#3397 = PCURVE('',#1290,#3398);
#3398 = DEFINITIONAL_REPRESENTATION('',(#3399),#3403);
#3399 = LINE('',#3400,#3401);
#3400 = CARTESIAN_POINT('',(41.81,3.));
#3401 = VECTOR('',#3402,1.);
#3402 = DIRECTION('',(0.,1.));
#3403 = ( GEOMETRIC_REPRESENTATION_CONTEXT(2) 
PARAMETRIC_REPRESENTATION_CONTEXT() REPRESENTATION_CONTEXT('2D SPACE',''
  ) );
#3404 = PCURVE('',#2500,#3405);
#3405 = DEFINITIONAL_REPRESENTATION('',(#3406),#3410);
#3406 = LINE('',#3407,#3408);
#3407 = CARTESIAN_POINT('',(0.763139720814,9.678203230276));
#3408 = VECTOR('',#3409,1.);
#3409 = DIRECTION('',(-0.866025403784,-0.5));
#3410 = ( GEOMETRIC_REPRESENTATION_CONTEXT(2) 
PARAMETRIC_REPRESENTATION_CONTEXT() REPRESENTATION_CONTEXT('2D SPACE',''
  ) );
#3411 = ORIENTED_EDGE('',*,*,#3412,.F.);
#3412 = EDGE_CURVE('',#1247,#3390,#3413,.T.);
#3413 = SURFACE_CURVE('',#3414,(#3418,#3425),.PCURVE_S1.);
#3414 = LINE('',#3415,#3416);
#3415 = CARTESIAN_POINT('',(-102.1639795189,-49.74679676972,0.));
#3416 = VECTOR('',#3417,1.);
#3417 = DIRECTION('',(0.,0.,1.));
#3418 = PCURVE('',#1290,#3419);
#3419 = DEFINITIONAL_REPRESENTATION('',(#3420),#3424);
#3420 = LINE('',#3421,#3422);
#3421 = CARTESIAN_POINT('',(-6.99,14.));
#3422 = VECTOR('',#3423,1.);
#3423 = DIRECTION('',(1.,0.));
#3424 = ( GEOMETRIC_REPRESENTATION_CONTEXT(2) 
PARAMETRIC_REPRESENTATION_CONTEXT() REPRESENTATION_CONTEXT('2D SPACE',''
  ) );
#3425 = PCURVE('',#2389,#3426);
#3426 = DEFINITIONAL_REPRESENTATION('',(#3427),#3431);
#3427 = LINE('',#3428,#3429);
#3428 = CARTESIAN_POINT('',(0.,0.));
#3429 = VECTOR('',#3430,1.);
#3430 = DIRECTION('',(0.,-1.));
#3431 = ( GEOMETRIC_REPRESENTATION_CONTEXT(2) 
PARAMETRIC_REPRESENTATION_CONTEXT() REPRESENTATION_CONTEXT('2D SPACE',''
  ) );
#3432 = ORIENTED_EDGE('',*,*,#1274,.T.);
#3433 = ADVANCED_FACE('',(#3434),#857,.T.);
#3434 = FACE_BOUND('',#3435,.T.);
#3435 = EDGE_LOOP('',(#3436,#3437,#3465,#3486));
#3436 = ORIENTED_EDGE('',*,*,#3317,.F.);
#3437 = ORIENTED_EDGE('',*,*,#3438,.T.);
#3438 = EDGE_CURVE('',#3318,#3439,#3441,.T.);
#3439 = VERTEX_POINT('',#3440);
#3440 = CARTESIAN_POINT('',(17.319865451013,76.298885055804,0.));
#3441 = SURFACE_CURVE('',#3442,(#3447,#3454),.PCURVE_S1.);
#3442 = CIRCLE('',#3443,78.24);
#3443 = AXIS2_PLACEMENT_3D('',#3444,#3445,#3446);
#3444 = CARTESIAN_POINT('',(0.,0.,0.));
#3445 = DIRECTION('',(0.,0.,1.));
#3446 = DIRECTION('',(-0.150186123743,0.988657740694,0.));
#3447 = PCURVE('',#857,#3448);
#3448 = DEFINITIONAL_REPRESENTATION('',(#3449),#3453);
#3449 = LINE('',#3450,#3451);
#3450 = CARTESIAN_POINT('',(1.721552855907,0.));
#3451 = VECTOR('',#3452,1.);
#3452 = DIRECTION('',(1.,0.));
#3453 = ( GEOMETRIC_REPRESENTATION_CONTEXT(2) 
PARAMETRIC_REPRESENTATION_CONTEXT() REPRESENTATION_CONTEXT('2D SPACE',''
  ) );
#3454 = PCURVE('',#2098,#3455);
#3455 = DEFINITIONAL_REPRESENTATION('',(#3456),#3464);
#3456 = ( BOUNDED_CURVE() B_SPLINE_CURVE(2,(#3457,#3458,#3459,#3460,
#3461,#3462,#3463),.UNSPECIFIED.,.T.,.F.) B_SPLINE_CURVE_WITH_KNOTS((1,2
    ,2,2,2,1),(-2.094395102393,0.,2.094395102393,4.188790204786,
6.28318530718,8.377580409573),.UNSPECIFIED.) CURVE() 
GEOMETRIC_REPRESENTATION_ITEM() RATIONAL_B_SPLINE_CURVE((1.,0.5,1.,0.5,
1.,0.5,1.)) REPRESENTATION_ITEM('') );
#3457 = CARTESIAN_POINT('',(127.52399672928,74.388352656136));
#3458 = CARTESIAN_POINT('',(233.37658369787,-10.22679156791));
#3459 = CARTESIAN_POINT('',(107.17142577066,-59.59024882699));
#3460 = CARTESIAN_POINT('',(-19.03373215653,-108.953706086));
#3461 = CARTESIAN_POINT('',(1.318838802076,25.024895397059));
#3462 = CARTESIAN_POINT('',(21.671409760691,159.00349688018));
#3463 = CARTESIAN_POINT('',(127.52399672928,74.388352656136));
#3464 = ( GEOMETRIC_REPRESENTATION_CONTEXT(2) 
PARAMETRIC_REPRESENTATION_CONTEXT() REPRESENTATION_CONTEXT('2D SPACE',''
  ) );
#3465 = ORIENTED_EDGE('',*,*,#3466,.T.);
#3466 = EDGE_CURVE('',#3439,#837,#3467,.T.);
#3467 = SURFACE_CURVE('',#3468,(#3472,#3479),.PCURVE_S1.);
#3468 = LINE('',#3469,#3470);
#3469 = CARTESIAN_POINT('',(17.319865451013,76.298885055804,0.));
#3470 = VECTOR('',#3471,1.);
#3471 = DIRECTION('',(0.,0.,1.));
#3472 = PCURVE('',#857,#3473);
#3473 = DEFINITIONAL_REPRESENTATION('',(#3474),#3478);
#3474 = LINE('',#3475,#3476);
#3475 = CARTESIAN_POINT('',(7.630764149011,0.));
#3476 = VECTOR('',#3477,1.);
#3477 = DIRECTION('',(0.,1.));
#3478 = ( GEOMETRIC_REPRESENTATION_CONTEXT(2) 
PARAMETRIC_REPRESENTATION_CONTEXT() REPRESENTATION_CONTEXT('2D SPACE',''
  ) );
#3479 = PCURVE('',#886,#3480);
#3480 = DEFINITIONAL_REPRESENTATION('',(#3481),#3485);
#3481 = LINE('',#3482,#3483);
#3482 = CARTESIAN_POINT('',(-6.059967822217,0.));
#3483 = VECTOR('',#3484,1.);
#3484 = DIRECTION('',(-0.,-1.));
#3485 = ( GEOMETRIC_REPRESENTATION_CONTEXT(2) 
PARAMETRIC_REPRESENTATION_CONTEXT() REPRESENTATION_CONTEXT('2D SPACE',''
  ) );
#3486 = ORIENTED_EDGE('',*,*,#836,.T.);
#3487 = ADVANCED_FACE('',(#3488),#1262,.F.);
#3488 = FACE_BOUND('',#3489,.F.);
#3489 = EDGE_LOOP('',(#3490,#3515,#3536,#3537));
#3490 = ORIENTED_EDGE('',*,*,#3491,.F.);
#3491 = EDGE_CURVE('',#3492,#3494,#3496,.T.);
#3492 = VERTEX_POINT('',#3493);
#3493 = CARTESIAN_POINT('',(-77.68206979947,-31.99346147934,0.));
#3494 = VERTEX_POINT('',#3495);
#3495 = CARTESIAN_POINT('',(-102.1639795189,-49.74679676972,0.));
#3496 = SURFACE_CURVE('',#3497,(#3501,#3508),.PCURVE_S1.);
#3497 = LINE('',#3498,#3499);
#3498 = CARTESIAN_POINT('',(-65.44757355425,-23.12147737193,0.));
#3499 = VECTOR('',#3500,1.);
#3500 = DIRECTION('',(-0.809548356741,-0.587053198695,0.));
#3501 = PCURVE('',#1262,#3502);
#3502 = DEFINITIONAL_REPRESENTATION('',(#3503),#3507);
#3503 = LINE('',#3504,#3505);
#3504 = CARTESIAN_POINT('',(0.,0.));
#3505 = VECTOR('',#3506,1.);
#3506 = DIRECTION('',(1.,0.));
#3507 = ( GEOMETRIC_REPRESENTATION_CONTEXT(2) 
PARAMETRIC_REPRESENTATION_CONTEXT() REPRESENTATION_CONTEXT('2D SPACE',''
  ) );
#3508 = PCURVE('',#2098,#3509);
#3509 = DEFINITIONAL_REPRESENTATION('',(#3510),#3514);
#3510 = LINE('',#3511,#3512);
#3511 = CARTESIAN_POINT('',(123.78994306207,-39.47324047884));
#3512 = VECTOR('',#3513,1.);
#3513 = DIRECTION('',(0.407562843182,-0.913177161813));
#3514 = ( GEOMETRIC_REPRESENTATION_CONTEXT(2) 
PARAMETRIC_REPRESENTATION_CONTEXT() REPRESENTATION_CONTEXT('2D SPACE',''
  ) );
#3515 = ORIENTED_EDGE('',*,*,#3516,.T.);
#3516 = EDGE_CURVE('',#3492,#1218,#3517,.T.);
#3517 = SURFACE_CURVE('',#3518,(#3522,#3529),.PCURVE_S1.);
#3518 = LINE('',#3519,#3520);
#3519 = CARTESIAN_POINT('',(-77.68206979947,-31.99346147934,0.));
#3520 = VECTOR('',#3521,1.);
#3521 = DIRECTION('',(0.,0.,1.));
#3522 = PCURVE('',#1262,#3523);
#3523 = DEFINITIONAL_REPRESENTATION('',(#3524),#3528);
#3524 = LINE('',#3525,#3526);
#3525 = CARTESIAN_POINT('',(15.112742979896,0.));
#3526 = VECTOR('',#3527,1.);
#3527 = DIRECTION('',(0.,-1.));
#3528 = ( GEOMETRIC_REPRESENTATION_CONTEXT(2) 
PARAMETRIC_REPRESENTATION_CONTEXT() REPRESENTATION_CONTEXT('2D SPACE',''
  ) );
#3529 = PCURVE('',#1234,#3530);
#3530 = DEFINITIONAL_REPRESENTATION('',(#3531),#3535);
#3531 = LINE('',#3532,#3533);
#3532 = CARTESIAN_POINT('',(-4.816204164618,0.));
#3533 = VECTOR('',#3534,1.);
#3534 = DIRECTION('',(-0.,-1.));
#3535 = ( GEOMETRIC_REPRESENTATION_CONTEXT(2) 
PARAMETRIC_REPRESENTATION_CONTEXT() REPRESENTATION_CONTEXT('2D SPACE',''
  ) );
#3536 = ORIENTED_EDGE('',*,*,#1246,.T.);
#3537 = ORIENTED_EDGE('',*,*,#3538,.F.);
#3538 = EDGE_CURVE('',#3494,#1247,#3539,.T.);
#3539 = SURFACE_CURVE('',#3540,(#3544,#3551),.PCURVE_S1.);
#3540 = LINE('',#3541,#3542);
#3541 = CARTESIAN_POINT('',(-102.1639795189,-49.74679676972,0.));
#3542 = VECTOR('',#3543,1.);
#3543 = DIRECTION('',(0.,0.,1.));
#3544 = PCURVE('',#1262,#3545);
#3545 = DEFINITIONAL_REPRESENTATION('',(#3546),#3550);
#3546 = LINE('',#3547,#3548);
#3547 = CARTESIAN_POINT('',(45.354185032916,0.));
#3548 = VECTOR('',#3549,1.);
#3549 = DIRECTION('',(0.,-1.));
#3550 = ( GEOMETRIC_REPRESENTATION_CONTEXT(2) 
PARAMETRIC_REPRESENTATION_CONTEXT() REPRESENTATION_CONTEXT('2D SPACE',''
  ) );
#3551 = PCURVE('',#2389,#3552);
#3552 = DEFINITIONAL_REPRESENTATION('',(#3553),#3557);
#3553 = LINE('',#3554,#3555);
#3554 = CARTESIAN_POINT('',(6.153480596427E-15,0.));
#3555 = VECTOR('',#3556,1.);
#3556 = DIRECTION('',(0.,-1.));
#3557 = ( GEOMETRIC_REPRESENTATION_CONTEXT(2) 
PARAMETRIC_REPRESENTATION_CONTEXT() REPRESENTATION_CONTEXT('2D SPACE',''
  ) );
#3558 = ADVANCED_FACE('',(#3559),#886,.F.);
#3559 = FACE_BOUND('',#3560,.T.);
#3560 = EDGE_LOOP('',(#3561,#3584,#3585,#3586));
#3561 = ORIENTED_EDGE('',*,*,#3562,.T.);
#3562 = EDGE_CURVE('',#3563,#870,#3565,.T.);
#3563 = VERTEX_POINT('',#3564);
#3564 = CARTESIAN_POINT('',(11.133884503625,83.27137660457,0.));
#3565 = SURFACE_CURVE('',#3566,(#3570,#3577),.PCURVE_S1.);
#3566 = LINE('',#3567,#3568);
#3567 = CARTESIAN_POINT('',(11.133884503625,83.27137660457,0.));
#3568 = VECTOR('',#3569,1.);
#3569 = DIRECTION('',(0.,0.,1.));
#3570 = PCURVE('',#886,#3571);
#3571 = DEFINITIONAL_REPRESENTATION('',(#3572),#3576);
#3572 = LINE('',#3573,#3574);
#3573 = CARTESIAN_POINT('',(-4.816204164618,0.));
#3574 = VECTOR('',#3575,1.);
#3575 = DIRECTION('',(-0.,-1.));
#3576 = ( GEOMETRIC_REPRESENTATION_CONTEXT(2) 
PARAMETRIC_REPRESENTATION_CONTEXT() REPRESENTATION_CONTEXT('2D SPACE',''
  ) );
#3577 = PCURVE('',#914,#3578);
#3578 = DEFINITIONAL_REPRESENTATION('',(#3579),#3583);
#3579 = LINE('',#3580,#3581);
#3580 = CARTESIAN_POINT('',(15.112742979896,0.));
#3581 = VECTOR('',#3582,1.);
#3582 = DIRECTION('',(0.,-1.));
#3583 = ( GEOMETRIC_REPRESENTATION_CONTEXT(2) 
PARAMETRIC_REPRESENTATION_CONTEXT() REPRESENTATION_CONTEXT('2D SPACE',''
  ) );
#3584 = ORIENTED_EDGE('',*,*,#869,.T.);
#3585 = ORIENTED_EDGE('',*,*,#3466,.F.);
#3586 = ORIENTED_EDGE('',*,*,#3587,.F.);
#3587 = EDGE_CURVE('',#3563,#3439,#3588,.T.);
#3588 = SURFACE_CURVE('',#3589,(#3594,#3601),.PCURVE_S1.);
#3589 = CIRCLE('',#3590,8.);
#3590 = AXIS2_PLACEMENT_3D('',#3591,#3592,#3593);
#3591 = CARTESIAN_POINT('',(19.090812838642,84.10040704515,0.));
#3592 = DIRECTION('',(0.,0.,1.));
#3593 = DIRECTION('',(-1.110223024625E-16,-1.,0.));
#3594 = PCURVE('',#886,#3595);
#3595 = DEFINITIONAL_REPRESENTATION('',(#3596),#3600);
#3596 = LINE('',#3597,#3598);
#3597 = CARTESIAN_POINT('',(-0.,0.));
#3598 = VECTOR('',#3599,1.);
#3599 = DIRECTION('',(-1.,0.));
#3600 = ( GEOMETRIC_REPRESENTATION_CONTEXT(2) 
PARAMETRIC_REPRESENTATION_CONTEXT() REPRESENTATION_CONTEXT('2D SPACE',''
  ) );
#3601 = PCURVE('',#2098,#3602);
#3602 = DEFINITIONAL_REPRESENTATION('',(#3603),#3611);
#3603 = ( BOUNDED_CURVE() B_SPLINE_CURVE(2,(#3604,#3605,#3606,#3607,
#3608,#3609,#3610),.UNSPECIFIED.,.T.,.F.) B_SPLINE_CURVE_WITH_KNOTS((1,2
    ,2,2,2,1),(-2.094395102393,0.,2.094395102393,4.188790204786,
6.28318530718,8.377580409573),.UNSPECIFIED.) CURVE() 
GEOMETRIC_REPRESENTATION_ITEM() RATIONAL_B_SPLINE_CURVE((1.,0.5,1.,0.5,
1.,0.5,1.)) REPRESENTATION_ITEM('') );
#3604 = CARTESIAN_POINT('',(100.18849505942,88.724625234159));
#3605 = CARTESIAN_POINT('',(88.188495059426,95.652828464434));
#3606 = CARTESIAN_POINT('',(100.18849505942,102.58103169471));
#3607 = CARTESIAN_POINT('',(112.18849505942,109.50923492498));
#3608 = CARTESIAN_POINT('',(112.18849505942,95.652828464434));
#3609 = CARTESIAN_POINT('',(112.18849505942,81.796422003883));
#3610 = CARTESIAN_POINT('',(100.18849505942,88.724625234159));
#3611 = ( GEOMETRIC_REPRESENTATION_CONTEXT(2) 
PARAMETRIC_REPRESENTATION_CONTEXT() REPRESENTATION_CONTEXT('2D SPACE',''
  ) );
#3612 = ADVANCED_FACE('',(#3613),#1234,.F.);
#3613 = FACE_BOUND('',#3614,.T.);
#3614 = EDGE_LOOP('',(#3615,#3616,#3617,#3640));
#3615 = ORIENTED_EDGE('',*,*,#3516,.T.);
#3616 = ORIENTED_EDGE('',*,*,#1217,.T.);
#3617 = ORIENTED_EDGE('',*,*,#3618,.F.);
#3618 = EDGE_CURVE('',#3619,#1185,#3621,.T.);
#3619 = VERTEX_POINT('',#3620);
#3620 = CARTESIAN_POINT('',(-74.73670546426,-23.14999905719,0.));
#3621 = SURFACE_CURVE('',#3622,(#3626,#3633),.PCURVE_S1.);
#3622 = LINE('',#3623,#3624);
#3623 = CARTESIAN_POINT('',(-74.73670546426,-23.14999905719,0.));
#3624 = VECTOR('',#3625,1.);
#3625 = DIRECTION('',(0.,0.,1.));
#3626 = PCURVE('',#1234,#3627);
#3627 = DEFINITIONAL_REPRESENTATION('',(#3628),#3632);
#3628 = LINE('',#3629,#3630);
#3629 = CARTESIAN_POINT('',(-6.059967822217,0.));
#3630 = VECTOR('',#3631,1.);
#3631 = DIRECTION('',(-0.,-1.));
#3632 = ( GEOMETRIC_REPRESENTATION_CONTEXT(2) 
PARAMETRIC_REPRESENTATION_CONTEXT() REPRESENTATION_CONTEXT('2D SPACE',''
  ) );
#3633 = PCURVE('',#1205,#3634);
#3634 = DEFINITIONAL_REPRESENTATION('',(#3635),#3639);
#3635 = LINE('',#3636,#3637);
#3636 = CARTESIAN_POINT('',(3.441973944225,0.));
#3637 = VECTOR('',#3638,1.);
#3638 = DIRECTION('',(0.,1.));
#3639 = ( GEOMETRIC_REPRESENTATION_CONTEXT(2) 
PARAMETRIC_REPRESENTATION_CONTEXT() REPRESENTATION_CONTEXT('2D SPACE',''
  ) );
#3640 = ORIENTED_EDGE('',*,*,#3641,.F.);
#3641 = EDGE_CURVE('',#3492,#3619,#3642,.T.);
#3642 = SURFACE_CURVE('',#3643,(#3648,#3655),.PCURVE_S1.);
#3643 = CIRCLE('',#3644,8.);
#3644 = AXIS2_PLACEMENT_3D('',#3645,#3646,#3647);
#3645 = CARTESIAN_POINT('',(-82.37849538903,-25.51707462541,0.));
#3646 = DIRECTION('',(0.,-0.,1.));
#3647 = DIRECTION('',(0.866025403784,0.5,0.));
#3648 = PCURVE('',#1234,#3649);
#3649 = DEFINITIONAL_REPRESENTATION('',(#3650),#3654);
#3650 = LINE('',#3651,#3652);
#3651 = CARTESIAN_POINT('',(-0.,0.));
#3652 = VECTOR('',#3653,1.);
#3653 = DIRECTION('',(-1.,0.));
#3654 = ( GEOMETRIC_REPRESENTATION_CONTEXT(2) 
PARAMETRIC_REPRESENTATION_CONTEXT() REPRESENTATION_CONTEXT('2D SPACE',''
  ) );
#3655 = PCURVE('',#2098,#3656);
#3656 = DEFINITIONAL_REPRESENTATION('',(#3657),#3665);
#3657 = ( BOUNDED_CURVE() B_SPLINE_CURVE(2,(#3658,#3659,#3660,#3661,
#3662,#3663,#3664),.UNSPECIFIED.,.T.,.F.) B_SPLINE_CURVE_WITH_KNOTS((1,2
    ,2,2,2,1),(-2.094395102393,0.,2.094395102393,4.188790204786,
6.28318530718,8.377580409573),.UNSPECIFIED.) CURVE() 
GEOMETRIC_REPRESENTATION_ITEM() RATIONAL_B_SPLINE_CURVE((1.,0.5,1.,0.5,
1.,0.5,1.)) REPRESENTATION_ITEM('') );
#3658 = CARTESIAN_POINT('',(133.25475285374,-43.08514624471));
#3659 = CARTESIAN_POINT('',(145.25475285374,-36.15694301443));
#3660 = CARTESIAN_POINT('',(145.25475285374,-50.01334947499));
#3661 = CARTESIAN_POINT('',(145.25475285374,-63.86975593554));
#3662 = CARTESIAN_POINT('',(133.25475285374,-56.94155270526));
#3663 = CARTESIAN_POINT('',(121.25475285374,-50.01334947499));
#3664 = CARTESIAN_POINT('',(133.25475285374,-43.08514624471));
#3665 = ( GEOMETRIC_REPRESENTATION_CONTEXT(2) 
PARAMETRIC_REPRESENTATION_CONTEXT() REPRESENTATION_CONTEXT('2D SPACE',''
  ) );
#3666 = ADVANCED_FACE('',(#3667),#914,.F.);
#3667 = FACE_BOUND('',#3668,.F.);
#3668 = EDGE_LOOP('',(#3669,#3692,#3693,#3694));
#3669 = ORIENTED_EDGE('',*,*,#3670,.F.);
#3670 = EDGE_CURVE('',#3563,#3671,#3673,.T.);
#3671 = VERTEX_POINT('',#3672);
#3672 = CARTESIAN_POINT('',(8.,113.35,0.));
#3673 = SURFACE_CURVE('',#3674,(#3678,#3685),.PCURVE_S1.);
#3674 = LINE('',#3675,#3676);
#3675 = CARTESIAN_POINT('',(12.7,68.24,0.));
#3676 = VECTOR('',#3677,1.);
#3677 = DIRECTION('',(-0.103628805073,0.994616041877,0.));
#3678 = PCURVE('',#914,#3679);
#3679 = DEFINITIONAL_REPRESENTATION('',(#3680),#3684);
#3680 = LINE('',#3681,#3682);
#3681 = CARTESIAN_POINT('',(0.,0.));
#3682 = VECTOR('',#3683,1.);
#3683 = DIRECTION('',(1.,0.));
#3684 = ( GEOMETRIC_REPRESENTATION_CONTEXT(2) 
PARAMETRIC_REPRESENTATION_CONTEXT() REPRESENTATION_CONTEXT('2D SPACE',''
  ) );
#3685 = PCURVE('',#2098,#3686);
#3686 = DEFINITIONAL_REPRESENTATION('',(#3687),#3691);
#3687 = LINE('',#3688,#3689);
#3688 = CARTESIAN_POINT('',(101.79289780594,78.721906629652));
#3689 = VECTOR('',#3690,1.);
#3690 = DIRECTION('',(0.587053198695,0.809548356741));
#3691 = ( GEOMETRIC_REPRESENTATION_CONTEXT(2) 
PARAMETRIC_REPRESENTATION_CONTEXT() REPRESENTATION_CONTEXT('2D SPACE',''
  ) );
#3692 = ORIENTED_EDGE('',*,*,#3562,.T.);
#3693 = ORIENTED_EDGE('',*,*,#898,.T.);
#3694 = ORIENTED_EDGE('',*,*,#3695,.F.);
#3695 = EDGE_CURVE('',#3671,#899,#3696,.T.);
#3696 = SURFACE_CURVE('',#3697,(#3701,#3708),.PCURVE_S1.);
#3697 = LINE('',#3698,#3699);
#3698 = CARTESIAN_POINT('',(8.,113.35,0.));
#3699 = VECTOR('',#3700,1.);
#3700 = DIRECTION('',(0.,0.,1.));
#3701 = PCURVE('',#914,#3702);
#3702 = DEFINITIONAL_REPRESENTATION('',(#3703),#3707);
#3703 = LINE('',#3704,#3705);
#3704 = CARTESIAN_POINT('',(45.354185032916,0.));
#3705 = VECTOR('',#3706,1.);
#3706 = DIRECTION('',(0.,-1.));
#3707 = ( GEOMETRIC_REPRESENTATION_CONTEXT(2) 
PARAMETRIC_REPRESENTATION_CONTEXT() REPRESENTATION_CONTEXT('2D SPACE',''
  ) );
#3708 = PCURVE('',#3709,#3714);
#3709 = PLANE('',#3710);
#3710 = AXIS2_PLACEMENT_3D('',#3711,#3712,#3713);
#3711 = CARTESIAN_POINT('',(8.,113.35,0.));
#3712 = DIRECTION('',(0.,-1.,0.));
#3713 = DIRECTION('',(-1.,0.,0.));
#3714 = DEFINITIONAL_REPRESENTATION('',(#3715),#3719);
#3715 = LINE('',#3716,#3717);
#3716 = CARTESIAN_POINT('',(0.,-0.));
#3717 = VECTOR('',#3718,1.);
#3718 = DIRECTION('',(0.,-1.));
#3719 = ( GEOMETRIC_REPRESENTATION_CONTEXT(2) 
PARAMETRIC_REPRESENTATION_CONTEXT() REPRESENTATION_CONTEXT('2D SPACE',''
  ) );
#3720 = ADVANCED_FACE('',(#3721),#1205,.T.);
#3721 = FACE_BOUND('',#3722,.T.);
#3722 = EDGE_LOOP('',(#3723,#3746,#3772,#3773));
#3723 = ORIENTED_EDGE('',*,*,#3724,.F.);
#3724 = EDGE_CURVE('',#3725,#1152,#3727,.T.);
#3725 = VERTEX_POINT('',#3726);
#3726 = CARTESIAN_POINT('',(-17.31986545101,76.298885055804,0.));
#3727 = SURFACE_CURVE('',#3728,(#3732,#3739),.PCURVE_S1.);
#3728 = LINE('',#3729,#3730);
#3729 = CARTESIAN_POINT('',(-17.31986545101,76.298885055804,0.));
#3730 = VECTOR('',#3731,1.);
#3731 = DIRECTION('',(0.,0.,1.));
#3732 = PCURVE('',#1205,#3733);
#3733 = DEFINITIONAL_REPRESENTATION('',(#3734),#3738);
#3734 = LINE('',#3735,#3736);
#3735 = CARTESIAN_POINT('',(1.794013811758,0.));
#3736 = VECTOR('',#3737,1.);
#3737 = DIRECTION('',(0.,1.));
#3738 = ( GEOMETRIC_REPRESENTATION_CONTEXT(2) 
PARAMETRIC_REPRESENTATION_CONTEXT() REPRESENTATION_CONTEXT('2D SPACE',''
  ) );
#3739 = PCURVE('',#1172,#3740);
#3740 = DEFINITIONAL_REPRESENTATION('',(#3741),#3745);
#3741 = LINE('',#3742,#3743);
#3742 = CARTESIAN_POINT('',(2.918375168627,0.));
#3743 = VECTOR('',#3744,1.);
#3744 = DIRECTION('',(0.,-1.));
#3745 = ( GEOMETRIC_REPRESENTATION_CONTEXT(2) 
PARAMETRIC_REPRESENTATION_CONTEXT() REPRESENTATION_CONTEXT('2D SPACE',''
  ) );
#3746 = ORIENTED_EDGE('',*,*,#3747,.T.);
#3747 = EDGE_CURVE('',#3725,#3619,#3748,.T.);
#3748 = SURFACE_CURVE('',#3749,(#3754,#3761),.PCURVE_S1.);
#3749 = CIRCLE('',#3750,78.24);
#3750 = AXIS2_PLACEMENT_3D('',#3751,#3752,#3753);
#3751 = CARTESIAN_POINT('',(0.,0.,0.));
#3752 = DIRECTION('',(0.,0.,1.));
#3753 = DIRECTION('',(-0.150186123743,0.988657740694,0.));
#3754 = PCURVE('',#1205,#3755);
#3755 = DEFINITIONAL_REPRESENTATION('',(#3756),#3760);
#3756 = LINE('',#3757,#3758);
#3757 = CARTESIAN_POINT('',(1.721552855907,0.));
#3758 = VECTOR('',#3759,1.);
#3759 = DIRECTION('',(1.,0.));
#3760 = ( GEOMETRIC_REPRESENTATION_CONTEXT(2) 
PARAMETRIC_REPRESENTATION_CONTEXT() REPRESENTATION_CONTEXT('2D SPACE',''
  ) );
#3761 = PCURVE('',#2098,#3762);
#3762 = DEFINITIONAL_REPRESENTATION('',(#3763),#3771);
#3763 = ( BOUNDED_CURVE() B_SPLINE_CURVE(2,(#3764,#3765,#3766,#3767,
#3768,#3769,#3770),.UNSPECIFIED.,.T.,.F.) B_SPLINE_CURVE_WITH_KNOTS((1,2
    ,2,2,2,1),(-2.094395102393,0.,2.094395102393,4.188790204786,
6.28318530718,8.377580409573),.UNSPECIFIED.) CURVE() 
GEOMETRIC_REPRESENTATION_ITEM() RATIONAL_B_SPLINE_CURVE((1.,0.5,1.,0.5,
1.,0.5,1.)) REPRESENTATION_ITEM('') );
#3764 = CARTESIAN_POINT('',(127.52399672928,74.388352656136));
#3765 = CARTESIAN_POINT('',(233.37658369787,-10.22679156791));
#3766 = CARTESIAN_POINT('',(107.17142577066,-59.59024882699));
#3767 = CARTESIAN_POINT('',(-19.03373215653,-108.953706086));
#3768 = CARTESIAN_POINT('',(1.318838802076,25.024895397059));
#3769 = CARTESIAN_POINT('',(21.671409760691,159.00349688018));
#3770 = CARTESIAN_POINT('',(127.52399672928,74.388352656136));
#3771 = ( GEOMETRIC_REPRESENTATION_CONTEXT(2) 
PARAMETRIC_REPRESENTATION_CONTEXT() REPRESENTATION_CONTEXT('2D SPACE',''
  ) );
#3772 = ORIENTED_EDGE('',*,*,#3618,.T.);
#3773 = ORIENTED_EDGE('',*,*,#1184,.T.);
#3774 = ADVANCED_FACE('',(#3775),#942,.F.);
#3775 = FACE_BOUND('',#3776,.F.);
#3776 = EDGE_LOOP('',(#3777,#3801,#3829,#3857,#3878));
#3777 = ORIENTED_EDGE('',*,*,#3778,.F.);
#3778 = EDGE_CURVE('',#3779,#927,#3781,.T.);
#3779 = VERTEX_POINT('',#3780);
#3780 = CARTESIAN_POINT('',(8.,102.35,10.));
#3781 = SURFACE_CURVE('',#3782,(#3787,#3794),.PCURVE_S1.);
#3782 = CIRCLE('',#3783,3.);
#3783 = AXIS2_PLACEMENT_3D('',#3784,#3785,#3786);
#3784 = CARTESIAN_POINT('',(8.,99.35,10.));
#3785 = DIRECTION('',(-1.,1.110223024625E-16,0.));
#3786 = DIRECTION('',(0.,0.,1.));
#3787 = PCURVE('',#942,#3788);
#3788 = DEFINITIONAL_REPRESENTATION('',(#3789),#3793);
#3789 = CIRCLE('',#3790,3.);
#3790 = AXIS2_PLACEMENT_2D('',#3791,#3792);
#3791 = CARTESIAN_POINT('',(3.01,0.));
#3792 = DIRECTION('',(1.,0.));
#3793 = ( GEOMETRIC_REPRESENTATION_CONTEXT(2) 
PARAMETRIC_REPRESENTATION_CONTEXT() REPRESENTATION_CONTEXT('2D SPACE',''
  ) );
#3794 = PCURVE('',#970,#3795);
#3795 = DEFINITIONAL_REPRESENTATION('',(#3796),#3800);
#3796 = LINE('',#3797,#3798);
#3797 = CARTESIAN_POINT('',(0.,1.));
#3798 = VECTOR('',#3799,1.);
#3799 = DIRECTION('',(1.,0.));
#3800 = ( GEOMETRIC_REPRESENTATION_CONTEXT(2) 
PARAMETRIC_REPRESENTATION_CONTEXT() REPRESENTATION_CONTEXT('2D SPACE',''
  ) );
#3801 = ORIENTED_EDGE('',*,*,#3802,.T.);
#3802 = EDGE_CURVE('',#3779,#3803,#3805,.T.);
#3803 = VERTEX_POINT('',#3804);
#3804 = CARTESIAN_POINT('',(8.,102.35,48.8));
#3805 = SURFACE_CURVE('',#3806,(#3810,#3817),.PCURVE_S1.);
#3806 = LINE('',#3807,#3808);
#3807 = CARTESIAN_POINT('',(8.,102.35,0.));
#3808 = VECTOR('',#3809,1.);
#3809 = DIRECTION('',(0.,0.,1.));
#3810 = PCURVE('',#942,#3811);
#3811 = DEFINITIONAL_REPRESENTATION('',(#3812),#3816);
#3812 = LINE('',#3813,#3814);
#3813 = CARTESIAN_POINT('',(-6.99,3.));
#3814 = VECTOR('',#3815,1.);
#3815 = DIRECTION('',(1.,0.));
#3816 = ( GEOMETRIC_REPRESENTATION_CONTEXT(2) 
PARAMETRIC_REPRESENTATION_CONTEXT() REPRESENTATION_CONTEXT('2D SPACE',''
  ) );
#3817 = PCURVE('',#3818,#3823);
#3818 = PLANE('',#3819);
#3819 = AXIS2_PLACEMENT_3D('',#3820,#3821,#3822);
#3820 = CARTESIAN_POINT('',(-8.,102.35,0.));
#3821 = DIRECTION('',(0.,1.,0.));
#3822 = DIRECTION('',(1.,0.,0.));
#3823 = DEFINITIONAL_REPRESENTATION('',(#3824),#3828);
#3824 = LINE('',#3825,#3826);
#3825 = CARTESIAN_POINT('',(16.,0.));
#3826 = VECTOR('',#3827,1.);
#3827 = DIRECTION('',(0.,-1.));
#3828 = ( GEOMETRIC_REPRESENTATION_CONTEXT(2) 
PARAMETRIC_REPRESENTATION_CONTEXT() REPRESENTATION_CONTEXT('2D SPACE',''
  ) );
#3829 = ORIENTED_EDGE('',*,*,#3830,.T.);
#3830 = EDGE_CURVE('',#3803,#3831,#3833,.T.);
#3831 = VERTEX_POINT('',#3832);
#3832 = CARTESIAN_POINT('',(8.,113.35,48.8));
#3833 = SURFACE_CURVE('',#3834,(#3838,#3845),.PCURVE_S1.);
#3834 = LINE('',#3835,#3836);
#3835 = CARTESIAN_POINT('',(8.,102.35,48.8));
#3836 = VECTOR('',#3837,1.);
#3837 = DIRECTION('',(0.,1.,0.));
#3838 = PCURVE('',#942,#3839);
#3839 = DEFINITIONAL_REPRESENTATION('',(#3840),#3844);
#3840 = LINE('',#3841,#3842);
#3841 = CARTESIAN_POINT('',(41.81,3.));
#3842 = VECTOR('',#3843,1.);
#3843 = DIRECTION('',(0.,1.));
#3844 = ( GEOMETRIC_REPRESENTATION_CONTEXT(2) 
PARAMETRIC_REPRESENTATION_CONTEXT() REPRESENTATION_CONTEXT('2D SPACE',''
  ) );
#3845 = PCURVE('',#3846,#3851);
#3846 = PLANE('',#3847);
#3847 = AXIS2_PLACEMENT_3D('',#3848,#3849,#3850);
#3848 = CARTESIAN_POINT('',(7.105427357601E-15,107.85,48.8));
#3849 = DIRECTION('',(0.,0.,1.));
#3850 = DIRECTION('',(1.,0.,-0.));
#3851 = DEFINITIONAL_REPRESENTATION('',(#3852),#3856);
#3852 = LINE('',#3853,#3854);
#3853 = CARTESIAN_POINT('',(8.,-5.5));
#3854 = VECTOR('',#3855,1.);
#3855 = DIRECTION('',(0.,1.));
#3856 = ( GEOMETRIC_REPRESENTATION_CONTEXT(2) 
PARAMETRIC_REPRESENTATION_CONTEXT() REPRESENTATION_CONTEXT('2D SPACE',''
  ) );
#3857 = ORIENTED_EDGE('',*,*,#3858,.F.);
#3858 = EDGE_CURVE('',#899,#3831,#3859,.T.);
#3859 = SURFACE_CURVE('',#3860,(#3864,#3871),.PCURVE_S1.);
#3860 = LINE('',#3861,#3862);
#3861 = CARTESIAN_POINT('',(8.,113.35,0.));
#3862 = VECTOR('',#3863,1.);
#3863 = DIRECTION('',(0.,0.,1.));
#3864 = PCURVE('',#942,#3865);
#3865 = DEFINITIONAL_REPRESENTATION('',(#3866),#3870);
#3866 = LINE('',#3867,#3868);
#3867 = CARTESIAN_POINT('',(-6.99,14.));
#3868 = VECTOR('',#3869,1.);
#3869 = DIRECTION('',(1.,0.));
#3870 = ( GEOMETRIC_REPRESENTATION_CONTEXT(2) 
PARAMETRIC_REPRESENTATION_CONTEXT() REPRESENTATION_CONTEXT('2D SPACE',''
  ) );
#3871 = PCURVE('',#3709,#3872);
#3872 = DEFINITIONAL_REPRESENTATION('',(#3873),#3877);
#3873 = LINE('',#3874,#3875);
#3874 = CARTESIAN_POINT('',(0.,-0.));
#3875 = VECTOR('',#3876,1.);
#3876 = DIRECTION('',(0.,-1.));
#3877 = ( GEOMETRIC_REPRESENTATION_CONTEXT(2) 
PARAMETRIC_REPRESENTATION_CONTEXT() REPRESENTATION_CONTEXT('2D SPACE',''
  ) );
#3878 = ORIENTED_EDGE('',*,*,#926,.T.);
#3879 = ADVANCED_FACE('',(#3880),#1172,.F.);
#3880 = FACE_BOUND('',#3881,.F.);
#3881 = EDGE_LOOP('',(#3882,#3905,#3906,#3907));
#3882 = ORIENTED_EDGE('',*,*,#3883,.T.);
#3883 = EDGE_CURVE('',#3884,#1124,#3886,.T.);
#3884 = VERTEX_POINT('',#3885);
#3885 = CARTESIAN_POINT('',(-11.13388450362,83.27137660457,0.));
#3886 = SURFACE_CURVE('',#3887,(#3891,#3898),.PCURVE_S1.);
#3887 = LINE('',#3888,#3889);
#3888 = CARTESIAN_POINT('',(-11.13388450362,83.27137660457,0.));
#3889 = VECTOR('',#3890,1.);
#3890 = DIRECTION('',(0.,0.,1.));
#3891 = PCURVE('',#1172,#3892);
#3892 = DEFINITIONAL_REPRESENTATION('',(#3893),#3897);
#3893 = LINE('',#3894,#3895);
#3894 = CARTESIAN_POINT('',(1.674611511028,0.));
#3895 = VECTOR('',#3896,1.);
#3896 = DIRECTION('',(0.,-1.));
#3897 = ( GEOMETRIC_REPRESENTATION_CONTEXT(2) 
PARAMETRIC_REPRESENTATION_CONTEXT() REPRESENTATION_CONTEXT('2D SPACE',''
  ) );
#3898 = PCURVE('',#1139,#3899);
#3899 = DEFINITIONAL_REPRESENTATION('',(#3900),#3904);
#3900 = LINE('',#3901,#3902);
#3901 = CARTESIAN_POINT('',(30.24144205302,0.));
#3902 = VECTOR('',#3903,1.);
#3903 = DIRECTION('',(0.,-1.));
#3904 = ( GEOMETRIC_REPRESENTATION_CONTEXT(2) 
PARAMETRIC_REPRESENTATION_CONTEXT() REPRESENTATION_CONTEXT('2D SPACE',''
  ) );
#3905 = ORIENTED_EDGE('',*,*,#1151,.T.);
#3906 = ORIENTED_EDGE('',*,*,#3724,.F.);
#3907 = ORIENTED_EDGE('',*,*,#3908,.F.);
#3908 = EDGE_CURVE('',#3884,#3725,#3909,.T.);
#3909 = SURFACE_CURVE('',#3910,(#3915,#3922),.PCURVE_S1.);
#3910 = CIRCLE('',#3911,8.);
#3911 = AXIS2_PLACEMENT_3D('',#3912,#3913,#3914);
#3912 = CARTESIAN_POINT('',(-19.09081283864,84.10040704515,0.));
#3913 = DIRECTION('',(0.,0.,-1.));
#3914 = DIRECTION('',(1.110223024625E-16,1.,0.));
#3915 = PCURVE('',#1172,#3916);
#3916 = DEFINITIONAL_REPRESENTATION('',(#3917),#3921);
#3917 = LINE('',#3918,#3919);
#3918 = CARTESIAN_POINT('',(0.,0.));
#3919 = VECTOR('',#3920,1.);
#3920 = DIRECTION('',(1.,0.));
#3921 = ( GEOMETRIC_REPRESENTATION_CONTEXT(2) 
PARAMETRIC_REPRESENTATION_CONTEXT() REPRESENTATION_CONTEXT('2D SPACE',''
  ) );
#3922 = PCURVE('',#2098,#3923);
#3923 = DEFINITIONAL_REPRESENTATION('',(#3924),#3928);
#3924 = CIRCLE('',#3925,8.);
#3925 = AXIS2_PLACEMENT_2D('',#3926,#3927);
#3926 = CARTESIAN_POINT('',(137.25475285374,76.562015625793));
#3927 = DIRECTION('',(0.5,0.866025403784));
#3928 = ( GEOMETRIC_REPRESENTATION_CONTEXT(2) 
PARAMETRIC_REPRESENTATION_CONTEXT() REPRESENTATION_CONTEXT('2D SPACE',''
  ) );
#3929 = ADVANCED_FACE('',(#3930),#970,.F.);
#3930 = FACE_BOUND('',#3931,.F.);
#3931 = EDGE_LOOP('',(#3932,#3955,#3956,#3957,#4040));
#3932 = ORIENTED_EDGE('',*,*,#3933,.F.);
#3933 = EDGE_CURVE('',#3779,#3934,#3936,.T.);
#3934 = VERTEX_POINT('',#3935);
#3935 = CARTESIAN_POINT('',(3.,102.35,10.));
#3936 = SURFACE_CURVE('',#3937,(#3941,#3948),.PCURVE_S1.);
#3937 = LINE('',#3938,#3939);
#3938 = CARTESIAN_POINT('',(9.,102.35,10.));
#3939 = VECTOR('',#3940,1.);
#3940 = DIRECTION('',(-1.,1.110223024625E-16,0.));
#3941 = PCURVE('',#970,#3942);
#3942 = DEFINITIONAL_REPRESENTATION('',(#3943),#3947);
#3943 = LINE('',#3944,#3945);
#3944 = CARTESIAN_POINT('',(1.570796326795,0.));
#3945 = VECTOR('',#3946,1.);
#3946 = DIRECTION('',(0.,1.));
#3947 = ( GEOMETRIC_REPRESENTATION_CONTEXT(2) 
PARAMETRIC_REPRESENTATION_CONTEXT() REPRESENTATION_CONTEXT('2D SPACE',''
  ) );
#3948 = PCURVE('',#3818,#3949);
#3949 = DEFINITIONAL_REPRESENTATION('',(#3950),#3954);
#3950 = LINE('',#3951,#3952);
#3951 = CARTESIAN_POINT('',(17.,-10.));
#3952 = VECTOR('',#3953,1.);
#3953 = DIRECTION('',(-1.,0.));
#3954 = ( GEOMETRIC_REPRESENTATION_CONTEXT(2) 
PARAMETRIC_REPRESENTATION_CONTEXT() REPRESENTATION_CONTEXT('2D SPACE',''
  ) );
#3955 = ORIENTED_EDGE('',*,*,#3778,.T.);
#3956 = ORIENTED_EDGE('',*,*,#954,.T.);
#3957 = ORIENTED_EDGE('',*,*,#3958,.F.);
#3958 = EDGE_CURVE('',#3959,#955,#3961,.T.);
#3959 = VERTEX_POINT('',#3960);
#3960 = CARTESIAN_POINT('',(3.,102.17842712474,9.));
#3961 = SURFACE_CURVE('',#3962,(#3986,#4013),.PCURVE_S1.);
#3962 = B_SPLINE_CURVE_WITH_KNOTS('',8,(#3963,#3964,#3965,#3966,#3967,
    #3968,#3969,#3970,#3971,#3972,#3973,#3974,#3975,#3976,#3977,#3978,
    #3979,#3980,#3981,#3982,#3983,#3984,#3985),.UNSPECIFIED.,.F.,.F.,(9,
    7,7,9),(0.,0.182451692032,0.330328230831,1.),.UNSPECIFIED.);
#3963 = CARTESIAN_POINT('',(3.,102.17842712474,9.));
#3964 = CARTESIAN_POINT('',(3.,102.14100752741,8.894161395904));
#3965 = CARTESIAN_POINT('',(3.006400997408,102.09951950214,
    8.791218112312));
#3966 = CARTESIAN_POINT('',(3.018590310269,102.05430789694,
    8.691527590609));
#3967 = CARTESIAN_POINT('',(3.035971778924,102.00576098429,
    8.595388168588));
#3968 = CARTESIAN_POINT('',(3.05795819138,101.95430257353,8.503046437214
    ));
#3969 = CARTESIAN_POINT('',(3.083965763599,101.90038647124,
    8.414702765825));
#3970 = CARTESIAN_POINT('',(3.113410674688,101.84449328952,
    8.330514995764));
#3971 = CARTESIAN_POINT('',(3.171884262467,101.74063650903,
    8.185829687726));
#3972 = CARTESIAN_POINT('',(3.200025493647,101.69301524615,8.1236401536)
  );
#3973 = CARTESIAN_POINT('',(3.229907792934,101.64440882597,
    8.063968840555));
#3974 = CARTESIAN_POINT('',(3.261334915923,101.59494359756,
    8.006745237638));
#3975 = CARTESIAN_POINT('',(3.294136754376,101.54472836711,
    7.951892516273));
#3976 = CARTESIAN_POINT('',(3.32816815919,101.49385351833,7.899328864088
    ));
#3977 = CARTESIAN_POINT('',(3.363307763372,101.44239013284,
    7.848968818733));
#3978 = CARTESIAN_POINT('',(3.563160884478,101.15489795778,
    7.582246468353));
#3979 = CARTESIAN_POINT('',(3.749659822886,100.90537359944,
    7.404371540341));
#3980 = CARTESIAN_POINT('',(3.948579437955,100.64918346822,
    7.263808219225));
#3981 = CARTESIAN_POINT('',(4.153883376667,100.3908079701,7.156345529718
    ));
#3982 = CARTESIAN_POINT('',(4.362218859219,100.13227812256,
    7.078179294074));
#3983 = CARTESIAN_POINT('',(4.5723952175,99.873708383627,7.026483231354)
  );
#3984 = CARTESIAN_POINT('',(4.784716687622,99.613666852716,7.00000010766
    ));
#3985 = CARTESIAN_POINT('',(5.,99.35,7.));
#3986 = PCURVE('',#970,#3987);
#3987 = DEFINITIONAL_REPRESENTATION('',(#3988),#4012);
#3988 = B_SPLINE_CURVE_WITH_KNOTS('',8,(#3989,#3990,#3991,#3992,#3993,
    #3994,#3995,#3996,#3997,#3998,#3999,#4000,#4001,#4002,#4003,#4004,
    #4005,#4006,#4007,#4008,#4009,#4010,#4011),.UNSPECIFIED.,.F.,.F.,(9,
    7,7,9),(0.,0.182451692032,0.330328230831,1.),.UNSPECIFIED.);
#3989 = CARTESIAN_POINT('',(1.910633236249,6.));
#3990 = CARTESIAN_POINT('',(1.948052833583,6.));
#3991 = CARTESIAN_POINT('',(1.985014555149,5.993599002592));
#3992 = CARTESIAN_POINT('',(2.02144765107,5.981409689731));
#3993 = CARTESIAN_POINT('',(2.057286743167,5.964028221076));
#3994 = CARTESIAN_POINT('',(2.092467685376,5.94204180862));
#3995 = CARTESIAN_POINT('',(2.126924312467,5.916034236401));
#3996 = CARTESIAN_POINT('',(2.160586077081,5.886589325312));
#3997 = CARTESIAN_POINT('',(2.219953173482,5.828115737533));
#3998 = CARTESIAN_POINT('',(2.246050122956,5.799974506353));
#3999 = CARTESIAN_POINT('',(2.271685261132,5.770092207066));
#4000 = CARTESIAN_POINT('',(2.296877386738,5.738665084077));
#4001 = CARTESIAN_POINT('',(2.321646754781,5.705863245624));
#4002 = CARTESIAN_POINT('',(2.346015571737,5.67183184081));
#4003 = CARTESIAN_POINT('',(2.370008490733,5.636692236628));
#4004 = CARTESIAN_POINT('',(2.500729807074,5.436839115522));
#4005 = CARTESIAN_POINT('',(2.602030600537,5.250340177114));
#4006 = CARTESIAN_POINT('',(2.698371910281,5.051420562045));
#4007 = CARTESIAN_POINT('',(2.790637307862,4.846116623333));
#4008 = CARTESIAN_POINT('',(2.879798982554,4.637781140782));
#4009 = CARTESIAN_POINT('',(2.967023151831,4.427604782499));
#4010 = CARTESIAN_POINT('',(3.053703706979,4.215283312378));
#4011 = CARTESIAN_POINT('',(3.14159265359,4.));
#4012 = ( GEOMETRIC_REPRESENTATION_CONTEXT(2) 
PARAMETRIC_REPRESENTATION_CONTEXT() REPRESENTATION_CONTEXT('2D SPACE',''
  ) );
#4013 = PCURVE('',#998,#4014);
#4014 = DEFINITIONAL_REPRESENTATION('',(#4015),#4039);
#4015 = B_SPLINE_CURVE_WITH_KNOTS('',8,(#4016,#4017,#4018,#4019,#4020,
    #4021,#4022,#4023,#4024,#4025,#4026,#4027,#4028,#4029,#4030,#4031,
    #4032,#4033,#4034,#4035,#4036,#4037,#4038),.UNSPECIFIED.,.F.,.F.,(9,
    7,7,9),(0.,0.182451692032,0.330328230831,1.),.UNSPECIFIED.);
#4016 = CARTESIAN_POINT('',(4.712388980385,34.938427124746));
#4017 = CARTESIAN_POINT('',(4.659469678337,34.901007527412));
#4018 = CARTESIAN_POINT('',(4.607997978862,34.859519502146));
#4019 = CARTESIAN_POINT('',(4.55792705066,34.814307896947));
#4020 = CARTESIAN_POINT('',(4.509231630551,34.765760984293));
#4021 = CARTESIAN_POINT('',(4.461904947061,34.714302573536));
#4022 = CARTESIAN_POINT('',(4.415956843704,34.660386471245));
#4023 = CARTESIAN_POINT('',(4.371413101928,34.60449328952));
#4024 = CARTESIAN_POINT('',(4.293385864969,34.500636509031));
#4025 = CARTESIAN_POINT('',(4.259284112782,34.453015246158));
#4026 = CARTESIAN_POINT('',(4.225958847239,34.404408825979));
#4027 = CARTESIAN_POINT('',(4.19336182433,34.354943597567));
#4028 = CARTESIAN_POINT('',(4.161447038021,34.304728367117));
#4029 = CARTESIAN_POINT('',(4.130169342294,34.253853518335));
#4030 = CARTESIAN_POINT('',(4.099483073178,34.202390132841));
#4031 = CARTESIAN_POINT('',(3.932838179611,33.91489795778));
#4032 = CARTESIAN_POINT('',(3.80574761414,33.66537359944));
#4033 = CARTESIAN_POINT('',(3.685991249514,33.40918346822));
#4034 = CARTESIAN_POINT('',(3.572042031011,33.150807970107));
#4035 = CARTESIAN_POINT('',(3.462379794497,32.892278122562));
#4036 = CARTESIAN_POINT('',(3.3553963245,32.633708383627));
#4037 = CARTESIAN_POINT('',(3.249234091095,32.373666852716));
#4038 = CARTESIAN_POINT('',(3.14159265359,32.11));
#4039 = ( GEOMETRIC_REPRESENTATION_CONTEXT(2) 
PARAMETRIC_REPRESENTATION_CONTEXT() REPRESENTATION_CONTEXT('2D SPACE',''
  ) );
#4040 = ORIENTED_EDGE('',*,*,#4041,.F.);
#4041 = EDGE_CURVE('',#3934,#3959,#4042,.T.);
#4042 = SURFACE_CURVE('',#4043,(#4048,#4055),.PCURVE_S1.);
#4043 = CIRCLE('',#4044,3.);
#4044 = AXIS2_PLACEMENT_3D('',#4045,#4046,#4047);
#4045 = CARTESIAN_POINT('',(3.,99.35,10.));
#4046 = DIRECTION('',(-1.,1.110223024625E-16,0.));
#4047 = DIRECTION('',(0.,0.,1.));
#4048 = PCURVE('',#970,#4049);
#4049 = DEFINITIONAL_REPRESENTATION('',(#4050),#4054);
#4050 = LINE('',#4051,#4052);
#4051 = CARTESIAN_POINT('',(0.,6.));
#4052 = VECTOR('',#4053,1.);
#4053 = DIRECTION('',(1.,0.));
#4054 = ( GEOMETRIC_REPRESENTATION_CONTEXT(2) 
PARAMETRIC_REPRESENTATION_CONTEXT() REPRESENTATION_CONTEXT('2D SPACE',''
  ) );
#4055 = PCURVE('',#4056,#4061);
#4056 = PLANE('',#4057);
#4057 = AXIS2_PLACEMENT_3D('',#4058,#4059,#4060);
#4058 = CARTESIAN_POINT('',(3.,68.24,6.99));
#4059 = DIRECTION('',(-1.,6.509662999854E-17,0.));
#4060 = DIRECTION('',(6.509662999854E-17,1.,0.));
#4061 = DEFINITIONAL_REPRESENTATION('',(#4062),#4066);
#4062 = CIRCLE('',#4063,3.);
#4063 = AXIS2_PLACEMENT_2D('',#4064,#4065);
#4064 = CARTESIAN_POINT('',(31.11,-3.01));
#4065 = DIRECTION('',(0.,-1.));
#4066 = ( GEOMETRIC_REPRESENTATION_CONTEXT(2) 
PARAMETRIC_REPRESENTATION_CONTEXT() REPRESENTATION_CONTEXT('2D SPACE',''
  ) );
#4067 = ADVANCED_FACE('',(#4068),#1139,.F.);
#4068 = FACE_BOUND('',#4069,.F.);
#4069 = EDGE_LOOP('',(#4070,#4093,#4114,#4115));
#4070 = ORIENTED_EDGE('',*,*,#4071,.F.);
#4071 = EDGE_CURVE('',#4072,#3884,#4074,.T.);
#4072 = VERTEX_POINT('',#4073);
#4073 = CARTESIAN_POINT('',(-8.,113.35,0.));
#4074 = SURFACE_CURVE('',#4075,(#4079,#4086),.PCURVE_S1.);
#4075 = LINE('',#4076,#4077);
#4076 = CARTESIAN_POINT('',(-8.,113.35,0.));
#4077 = VECTOR('',#4078,1.);
#4078 = DIRECTION('',(-0.103628805073,-0.994616041877,0.));
#4079 = PCURVE('',#1139,#4080);
#4080 = DEFINITIONAL_REPRESENTATION('',(#4081),#4085);
#4081 = LINE('',#4082,#4083);
#4082 = CARTESIAN_POINT('',(0.,0.));
#4083 = VECTOR('',#4084,1.);
#4084 = DIRECTION('',(1.,0.));
#4085 = ( GEOMETRIC_REPRESENTATION_CONTEXT(2) 
PARAMETRIC_REPRESENTATION_CONTEXT() REPRESENTATION_CONTEXT('2D SPACE',''
  ) );
#4086 = PCURVE('',#2098,#4087);
#4087 = DEFINITIONAL_REPRESENTATION('',(#4088),#4092);
#4088 = LINE('',#4089,#4090);
#4089 = CARTESIAN_POINT('',(142.27462366428,107.43831259436));
#4090 = VECTOR('',#4091,1.);
#4091 = DIRECTION('',(-0.407562843182,-0.913177161813));
#4092 = ( GEOMETRIC_REPRESENTATION_CONTEXT(2) 
PARAMETRIC_REPRESENTATION_CONTEXT() REPRESENTATION_CONTEXT('2D SPACE',''
  ) );
#4093 = ORIENTED_EDGE('',*,*,#4094,.T.);
#4094 = EDGE_CURVE('',#4072,#1096,#4095,.T.);
#4095 = SURFACE_CURVE('',#4096,(#4100,#4107),.PCURVE_S1.);
#4096 = LINE('',#4097,#4098);
#4097 = CARTESIAN_POINT('',(-8.,113.35,0.));
#4098 = VECTOR('',#4099,1.);
#4099 = DIRECTION('',(0.,0.,1.));
#4100 = PCURVE('',#1139,#4101);
#4101 = DEFINITIONAL_REPRESENTATION('',(#4102),#4106);
#4102 = LINE('',#4103,#4104);
#4103 = CARTESIAN_POINT('',(0.,0.));
#4104 = VECTOR('',#4105,1.);
#4105 = DIRECTION('',(0.,-1.));
#4106 = ( GEOMETRIC_REPRESENTATION_CONTEXT(2) 
PARAMETRIC_REPRESENTATION_CONTEXT() REPRESENTATION_CONTEXT('2D SPACE',''
  ) );
#4107 = PCURVE('',#3709,#4108);
#4108 = DEFINITIONAL_REPRESENTATION('',(#4109),#4113);
#4109 = LINE('',#4110,#4111);
#4110 = CARTESIAN_POINT('',(16.,0.));
#4111 = VECTOR('',#4112,1.);
#4112 = DIRECTION('',(0.,-1.));
#4113 = ( GEOMETRIC_REPRESENTATION_CONTEXT(2) 
PARAMETRIC_REPRESENTATION_CONTEXT() REPRESENTATION_CONTEXT('2D SPACE',''
  ) );
#4114 = ORIENTED_EDGE('',*,*,#1123,.T.);
#4115 = ORIENTED_EDGE('',*,*,#3883,.F.);
#4116 = ADVANCED_FACE('',(#4117),#998,.F.);
#4117 = FACE_BOUND('',#4118,.F.);
#4118 = EDGE_LOOP('',(#4119,#4120,#4215,#4236));
#4119 = ORIENTED_EDGE('',*,*,#982,.F.);
#4120 = ORIENTED_EDGE('',*,*,#4121,.F.);
#4121 = EDGE_CURVE('',#4122,#983,#4124,.T.);
#4122 = VERTEX_POINT('',#4123);
#4123 = CARTESIAN_POINT('',(3.,72.585227268781,9.));
#4124 = SURFACE_CURVE('',#4125,(#4153,#4184),.PCURVE_S1.);
#4125 = B_SPLINE_CURVE_WITH_KNOTS('',6,(#4126,#4127,#4128,#4129,#4130,
    #4131,#4132,#4133,#4134,#4135,#4136,#4137,#4138,#4139,#4140,#4141,
    #4142,#4143,#4144,#4145,#4146,#4147,#4148,#4149,#4150,#4151,#4152),
  .UNSPECIFIED.,.F.,.F.,(7,5,5,5,5,7),(0.,0.165424638307,0.338519746868,
    0.490506518767,0.901086516661,1.),.UNSPECIFIED.);
#4126 = CARTESIAN_POINT('',(3.,72.585227268781,9.));
#4127 = CARTESIAN_POINT('',(3.,72.585227268781,8.904207512512));
#4128 = CARTESIAN_POINT('',(3.005506061334,72.588760329934,
    8.808401786991));
#4129 = CARTESIAN_POINT('',(3.016519353566,72.595827787383,
    8.713231337453));
#4130 = CARTESIAN_POINT('',(3.032911461388,72.606331689388,
    8.619284505429));
#4131 = CARTESIAN_POINT('',(3.054454380931,72.620098724341,
    8.527085783761));
#4132 = CARTESIAN_POINT('',(3.108470596919,72.654488811277,
    8.342925638782));
#4133 = CARTESIAN_POINT('',(3.141408648839,72.675402972662,
    8.251158008475));
#4134 = CARTESIAN_POINT('',(3.179334872962,72.699396762814,
    8.162280942724));
#4135 = CARTESIAN_POINT('',(3.22186205046,72.726176290186,8.076652890109
    ));
#4136 = CARTESIAN_POINT('',(3.268601117715,72.75544793466,7.99453005954)
  );
#4137 = CARTESIAN_POINT('',(3.363602075291,72.814586475531,
    7.847212722053));
#4138 = CARTESIAN_POINT('',(3.410983289205,72.843945566977,
    7.781175149757));
#4139 = CARTESIAN_POINT('',(3.461085565628,72.874830903527,7.71808879923
    ));
#4140 = CARTESIAN_POINT('',(3.513676455605,72.907069340925,
    7.658029684952));
#4141 = CARTESIAN_POINT('',(3.568541300852,72.940502621729,
    7.601046126184));
#4142 = CARTESIAN_POINT('',(3.779330397796,73.068161634048,
    7.401620569964));
#4143 = CARTESIAN_POINT('',(3.948225726428,73.168946917483,
    7.278874723323));
#4144 = CARTESIAN_POINT('',(4.128629655348,73.274738331386,
    7.179190159874));
#4145 = CARTESIAN_POINT('',(4.317567282624,73.383497157562,
    7.102869068334));
#4146 = CARTESIAN_POINT('',(4.512380231521,73.493598904503,
    7.050012923453));
#4147 = CARTESIAN_POINT('',(4.75863719964,73.630339730139,7.014029593364
    ));
#4148 = CARTESIAN_POINT('',(4.806648382796,73.656887425204,
    7.008429675668));
#4149 = CARTESIAN_POINT('',(4.854826671169,73.683416095688,
    7.004220959573));
#4150 = CARTESIAN_POINT('',(4.903135937693,73.70990621854,7.001409072355
    ));
#4151 = CARTESIAN_POINT('',(4.951539475916,73.736338490983,6.99999998256
    ));
#4152 = CARTESIAN_POINT('',(5.,73.762693830523,7.));
#4153 = PCURVE('',#998,#4154);
#4154 = DEFINITIONAL_REPRESENTATION('',(#4155),#4183);
#4155 = B_SPLINE_CURVE_WITH_KNOTS('',6,(#4156,#4157,#4158,#4159,#4160,
    #4161,#4162,#4163,#4164,#4165,#4166,#4167,#4168,#4169,#4170,#4171,
    #4172,#4173,#4174,#4175,#4176,#4177,#4178,#4179,#4180,#4181,#4182),
  .UNSPECIFIED.,.F.,.F.,(7,5,5,5,5,7),(0.,0.165424638307,0.338519746868,
    0.490506518767,0.901086516661,1.),.UNSPECIFIED.);
#4156 = CARTESIAN_POINT('',(4.712388980385,5.345227268781));
#4157 = CARTESIAN_POINT('',(4.664492736641,5.345227268781));
#4158 = CARTESIAN_POINT('',(4.616590051666,5.348760329934));
#4159 = CARTESIAN_POINT('',(4.568806525098,5.355827787383));
#4160 = CARTESIAN_POINT('',(4.521240137623,5.366331689388));
#4161 = CARTESIAN_POINT('',(4.473972487275,5.380098724341));
#4162 = CARTESIAN_POINT('',(4.378013237345,5.414488811277));
#4163 = CARTESIAN_POINT('',(4.329349031936,5.435402972662));
#4164 = CARTESIAN_POINT('',(4.281156974395,5.459396762814));
#4165 = CARTESIAN_POINT('',(4.233468791688,5.486176290186));
#4166 = CARTESIAN_POINT('',(4.186295256269,5.51544793466));
#4167 = CARTESIAN_POINT('',(4.098648836114,5.574586475531));
#4168 = CARTESIAN_POINT('',(4.058060396633,5.603945566977));
#4169 = CARTESIAN_POINT('',(4.017850709547,5.634830903527));
#4170 = CARTESIAN_POINT('',(3.978003020182,5.667069340925));
#4171 = CARTESIAN_POINT('',(3.938494499228,5.700502621729));
#4172 = CARTESIAN_POINT('',(3.793406081475,5.828161634048));
#4173 = CARTESIAN_POINT('',(3.689881812093,5.928946917483));
#4174 = CARTESIAN_POINT('',(3.587972535223,6.034738331386));
#4175 = CARTESIAN_POINT('',(3.48717017967,6.143497157562));
#4176 = CARTESIAN_POINT('',(3.386964789103,6.253598904503));
#4177 = CARTESIAN_POINT('',(3.262528766996,6.390339730139));
#4178 = CARTESIAN_POINT('',(3.23837056437,6.416887425204));
#4179 = CARTESIAN_POINT('',(3.214204934742,6.443416095688));
#4180 = CARTESIAN_POINT('',(3.190024710756,6.46990621854));
#4181 = CARTESIAN_POINT('',(3.165822893716,6.496338490983));
#4182 = CARTESIAN_POINT('',(3.14159265359,6.522693830523));
#4183 = ( GEOMETRIC_REPRESENTATION_CONTEXT(2) 
PARAMETRIC_REPRESENTATION_CONTEXT() REPRESENTATION_CONTEXT('2D SPACE',''
  ) );
#4184 = PCURVE('',#1027,#4185);
#4185 = DEFINITIONAL_REPRESENTATION('',(#4186),#4214);
#4186 = B_SPLINE_CURVE_WITH_KNOTS('',6,(#4187,#4188,#4189,#4190,#4191,
    #4192,#4193,#4194,#4195,#4196,#4197,#4198,#4199,#4200,#4201,#4202,
    #4203,#4204,#4205,#4206,#4207,#4208,#4209,#4210,#4211,#4212,#4213),
  .UNSPECIFIED.,.F.,.F.,(7,5,5,5,5,7),(0.,0.165424638307,0.338519746868,
    0.490506518767,0.901086516661,1.),.UNSPECIFIED.);
#4187 = CARTESIAN_POINT('',(-7.42420620267,3.14159265359));
#4188 = CARTESIAN_POINT('',(-7.42420620267,3.093696409846));
#4189 = CARTESIAN_POINT('',(-7.423715524688,3.045793724871));
#4190 = CARTESIAN_POINT('',(-7.42273385891,2.998010198303));
#4191 = CARTESIAN_POINT('',(-7.421277890141,2.950443810828));
#4192 = CARTESIAN_POINT('',(-7.419376972652,2.90317616048));
#4193 = CARTESIAN_POINT('',(-7.414653611437,2.807216910551));
#4194 = CARTESIAN_POINT('',(-7.411792118286,2.758552705141));
#4195 = CARTESIAN_POINT('',(-7.408526361362,2.7103606476));
#4196 = CARTESIAN_POINT('',(-7.404905731814,2.662672464893));
#4197 = CARTESIAN_POINT('',(-7.400978996968,2.615498929474));
#4198 = CARTESIAN_POINT('',(-7.393113977864,2.527852509319));
#4199 = CARTESIAN_POINT('',(-7.389235478861,2.487264069838));
#4200 = CARTESIAN_POINT('',(-7.385185835688,2.447054382752));
#4201 = CARTESIAN_POINT('',(-7.38099303629,2.407206693387));
#4202 = CARTESIAN_POINT('',(-7.376682199203,2.367698172433));
#4203 = CARTESIAN_POINT('',(-7.360368968879,2.22260975468));
#4204 = CARTESIAN_POINT('',(-7.3477706751,2.119085485298));
#4205 = CARTESIAN_POINT('',(-7.334889091913,2.017176208428));
#4206 = CARTESIAN_POINT('',(-7.322009285387,1.916373852875));
#4207 = CARTESIAN_POINT('',(-7.309322803805,1.816168462308));
#4208 = CARTESIAN_POINT('',(-7.29397733699,1.691732440201));
#4209 = CARTESIAN_POINT('',(-7.291017256514,1.667574237575));
#4210 = CARTESIAN_POINT('',(-7.288078283589,1.643408607947));
#4211 = CARTESIAN_POINT('',(-7.285162314654,1.619228383961));
#4212 = CARTESIAN_POINT('',(-7.282271136102,1.595026566921));
#4213 = CARTESIAN_POINT('',(-7.279406424284,1.570796326795));
#4214 = ( GEOMETRIC_REPRESENTATION_CONTEXT(2) 
PARAMETRIC_REPRESENTATION_CONTEXT() REPRESENTATION_CONTEXT('2D SPACE',''
  ) );
#4215 = ORIENTED_EDGE('',*,*,#4216,.T.);
#4216 = EDGE_CURVE('',#4122,#3959,#4217,.T.);
#4217 = SURFACE_CURVE('',#4218,(#4222,#4229),.PCURVE_S1.);
#4218 = LINE('',#4219,#4220);
#4219 = CARTESIAN_POINT('',(3.,67.24,9.));
#4220 = VECTOR('',#4221,1.);
#4221 = DIRECTION('',(1.110223024625E-16,1.,0.));
#4222 = PCURVE('',#998,#4223);
#4223 = DEFINITIONAL_REPRESENTATION('',(#4224),#4228);
#4224 = LINE('',#4225,#4226);
#4225 = CARTESIAN_POINT('',(4.712388980385,0.));
#4226 = VECTOR('',#4227,1.);
#4227 = DIRECTION('',(0.,1.));
#4228 = ( GEOMETRIC_REPRESENTATION_CONTEXT(2) 
PARAMETRIC_REPRESENTATION_CONTEXT() REPRESENTATION_CONTEXT('2D SPACE',''
  ) );
#4229 = PCURVE('',#4056,#4230);
#4230 = DEFINITIONAL_REPRESENTATION('',(#4231),#4235);
#4231 = LINE('',#4232,#4233);
#4232 = CARTESIAN_POINT('',(-1.,-2.01));
#4233 = VECTOR('',#4234,1.);
#4234 = DIRECTION('',(1.,0.));
#4235 = ( GEOMETRIC_REPRESENTATION_CONTEXT(2) 
PARAMETRIC_REPRESENTATION_CONTEXT() REPRESENTATION_CONTEXT('2D SPACE',''
  ) );
#4236 = ORIENTED_EDGE('',*,*,#3958,.T.);
#4237 = ADVANCED_FACE('',(#4238),#1111,.F.);
#4238 = FACE_BOUND('',#4239,.F.);
#4239 = EDGE_LOOP('',(#4240,#4265,#4291,#4292,#4315));
#4240 = ORIENTED_EDGE('',*,*,#4241,.F.);
#4241 = EDGE_CURVE('',#4242,#4244,#4246,.T.);
#4242 = VERTEX_POINT('',#4243);
#4243 = CARTESIAN_POINT('',(-8.,102.35,10.));
#4244 = VERTEX_POINT('',#4245);
#4245 = CARTESIAN_POINT('',(-8.,102.35,48.8));
#4246 = SURFACE_CURVE('',#4247,(#4251,#4258),.PCURVE_S1.);
#4247 = LINE('',#4248,#4249);
#4248 = CARTESIAN_POINT('',(-8.,102.35,0.));
#4249 = VECTOR('',#4250,1.);
#4250 = DIRECTION('',(0.,0.,1.));
#4251 = PCURVE('',#1111,#4252);
#4252 = DEFINITIONAL_REPRESENTATION('',(#4253),#4257);
#4253 = LINE('',#4254,#4255);
#4254 = CARTESIAN_POINT('',(11.,0.));
#4255 = VECTOR('',#4256,1.);
#4256 = DIRECTION('',(0.,-1.));
#4257 = ( GEOMETRIC_REPRESENTATION_CONTEXT(2) 
PARAMETRIC_REPRESENTATION_CONTEXT() REPRESENTATION_CONTEXT('2D SPACE',''
  ) );
#4258 = PCURVE('',#3818,#4259);
#4259 = DEFINITIONAL_REPRESENTATION('',(#4260),#4264);
#4260 = LINE('',#4261,#4262);
#4261 = CARTESIAN_POINT('',(0.,0.));
#4262 = VECTOR('',#4263,1.);
#4263 = DIRECTION('',(0.,-1.));
#4264 = ( GEOMETRIC_REPRESENTATION_CONTEXT(2) 
PARAMETRIC_REPRESENTATION_CONTEXT() REPRESENTATION_CONTEXT('2D SPACE',''
  ) );
#4265 = ORIENTED_EDGE('',*,*,#4266,.T.);
#4266 = EDGE_CURVE('',#4242,#1068,#4267,.T.);
#4267 = SURFACE_CURVE('',#4268,(#4273,#4284),.PCURVE_S1.);
#4268 = CIRCLE('',#4269,3.);
#4269 = AXIS2_PLACEMENT_3D('',#4270,#4271,#4272);
#4270 = CARTESIAN_POINT('',(-8.,99.35,10.));
#4271 = DIRECTION('',(-1.,1.110223024625E-16,0.));
#4272 = DIRECTION('',(0.,0.,1.));
#4273 = PCURVE('',#1111,#4274);
#4274 = DEFINITIONAL_REPRESENTATION('',(#4275),#4283);
#4275 = ( BOUNDED_CURVE() B_SPLINE_CURVE(2,(#4276,#4277,#4278,#4279,
#4280,#4281,#4282),.UNSPECIFIED.,.T.,.F.) B_SPLINE_CURVE_WITH_KNOTS((1,2
    ,2,2,2,1),(-2.094395102393,0.,2.094395102393,4.188790204786,
6.28318530718,8.377580409573),.UNSPECIFIED.) CURVE() 
GEOMETRIC_REPRESENTATION_ITEM() RATIONAL_B_SPLINE_CURVE((1.,0.5,1.,0.5,
1.,0.5,1.)) REPRESENTATION_ITEM('') );
#4276 = CARTESIAN_POINT('',(14.,-13.));
#4277 = CARTESIAN_POINT('',(8.803847577293,-13.));
#4278 = CARTESIAN_POINT('',(11.401923788647,-8.5));
#4279 = CARTESIAN_POINT('',(14.,-4.));
#4280 = CARTESIAN_POINT('',(16.598076211353,-8.5));
#4281 = CARTESIAN_POINT('',(19.196152422707,-13.));
#4282 = CARTESIAN_POINT('',(14.,-13.));
#4283 = ( GEOMETRIC_REPRESENTATION_CONTEXT(2) 
PARAMETRIC_REPRESENTATION_CONTEXT() REPRESENTATION_CONTEXT('2D SPACE',''
  ) );
#4284 = PCURVE('',#1083,#4285);
#4285 = DEFINITIONAL_REPRESENTATION('',(#4286),#4290);
#4286 = LINE('',#4287,#4288);
#4287 = CARTESIAN_POINT('',(0.,17.));
#4288 = VECTOR('',#4289,1.);
#4289 = DIRECTION('',(1.,0.));
#4290 = ( GEOMETRIC_REPRESENTATION_CONTEXT(2) 
PARAMETRIC_REPRESENTATION_CONTEXT() REPRESENTATION_CONTEXT('2D SPACE',''
  ) );
#4291 = ORIENTED_EDGE('',*,*,#1095,.T.);
#4292 = ORIENTED_EDGE('',*,*,#4293,.T.);
#4293 = EDGE_CURVE('',#1096,#4294,#4296,.T.);
#4294 = VERTEX_POINT('',#4295);
#4295 = CARTESIAN_POINT('',(-8.,113.35,48.8));
#4296 = SURFACE_CURVE('',#4297,(#4301,#4308),.PCURVE_S1.);
#4297 = LINE('',#4298,#4299);
#4298 = CARTESIAN_POINT('',(-8.,113.35,0.));
#4299 = VECTOR('',#4300,1.);
#4300 = DIRECTION('',(0.,0.,1.));
#4301 = PCURVE('',#1111,#4302);
#4302 = DEFINITIONAL_REPRESENTATION('',(#4303),#4307);
#4303 = LINE('',#4304,#4305);
#4304 = CARTESIAN_POINT('',(0.,0.));
#4305 = VECTOR('',#4306,1.);
#4306 = DIRECTION('',(0.,-1.));
#4307 = ( GEOMETRIC_REPRESENTATION_CONTEXT(2) 
PARAMETRIC_REPRESENTATION_CONTEXT() REPRESENTATION_CONTEXT('2D SPACE',''
  ) );
#4308 = PCURVE('',#3709,#4309);
#4309 = DEFINITIONAL_REPRESENTATION('',(#4310),#4314);
#4310 = LINE('',#4311,#4312);
#4311 = CARTESIAN_POINT('',(16.,0.));
#4312 = VECTOR('',#4313,1.);
#4313 = DIRECTION('',(0.,-1.));
#4314 = ( GEOMETRIC_REPRESENTATION_CONTEXT(2) 
PARAMETRIC_REPRESENTATION_CONTEXT() REPRESENTATION_CONTEXT('2D SPACE',''
  ) );
#4315 = ORIENTED_EDGE('',*,*,#4316,.T.);
#4316 = EDGE_CURVE('',#4294,#4244,#4317,.T.);
#4317 = SURFACE_CURVE('',#4318,(#4322,#4329),.PCURVE_S1.);
#4318 = LINE('',#4319,#4320);
#4319 = CARTESIAN_POINT('',(-8.,113.35,48.8));
#4320 = VECTOR('',#4321,1.);
#4321 = DIRECTION('',(-8.074349270001E-17,-1.,0.));
#4322 = PCURVE('',#1111,#4323);
#4323 = DEFINITIONAL_REPRESENTATION('',(#4324),#4328);
#4324 = LINE('',#4325,#4326);
#4325 = CARTESIAN_POINT('',(0.,-48.8));
#4326 = VECTOR('',#4327,1.);
#4327 = DIRECTION('',(1.,0.));
#4328 = ( GEOMETRIC_REPRESENTATION_CONTEXT(2) 
PARAMETRIC_REPRESENTATION_CONTEXT() REPRESENTATION_CONTEXT('2D SPACE',''
  ) );
#4329 = PCURVE('',#3846,#4330);
#4330 = DEFINITIONAL_REPRESENTATION('',(#4331),#4335);
#4331 = LINE('',#4332,#4333);
#4332 = CARTESIAN_POINT('',(-8.,5.5));
#4333 = VECTOR('',#4334,1.);
#4334 = DIRECTION('',(-8.074349270001E-17,-1.));
#4335 = ( GEOMETRIC_REPRESENTATION_CONTEXT(2) 
PARAMETRIC_REPRESENTATION_CONTEXT() REPRESENTATION_CONTEXT('2D SPACE',''
  ) );
#4336 = ADVANCED_FACE('',(#4337),#1027,.F.);
#4337 = FACE_BOUND('',#4338,.T.);
#4338 = EDGE_LOOP('',(#4339,#4368,#4392,#4485,#4486));
#4339 = ORIENTED_EDGE('',*,*,#4340,.F.);
#4340 = EDGE_CURVE('',#4341,#4122,#4343,.T.);
#4341 = VERTEX_POINT('',#4342);
#4342 = CARTESIAN_POINT('',(7.2,66.04,9.));
#4343 = SURFACE_CURVE('',#4344,(#4349,#4356),.PCURVE_S1.);
#4344 = CIRCLE('',#4345,7.2);
#4345 = AXIS2_PLACEMENT_3D('',#4346,#4347,#4348);
#4346 = CARTESIAN_POINT('',(4.043783730785E-15,66.04,9.));
#4347 = DIRECTION('',(0.,0.,1.));
#4348 = DIRECTION('',(1.,0.,-0.));
#4349 = PCURVE('',#1027,#4350);
#4350 = DEFINITIONAL_REPRESENTATION('',(#4351),#4355);
#4351 = LINE('',#4352,#4353);
#4352 = CARTESIAN_POINT('',(-6.28318530718,3.14159265359));
#4353 = VECTOR('',#4354,1.);
#4354 = DIRECTION('',(-1.,0.));
#4355 = ( GEOMETRIC_REPRESENTATION_CONTEXT(2) 
PARAMETRIC_REPRESENTATION_CONTEXT() REPRESENTATION_CONTEXT('2D SPACE',''
  ) );
#4356 = PCURVE('',#4357,#4362);
#4357 = CYLINDRICAL_SURFACE('',#4358,7.2);
#4358 = AXIS2_PLACEMENT_3D('',#4359,#4360,#4361);
#4359 = CARTESIAN_POINT('',(4.043783730785E-15,66.04,0.));
#4360 = DIRECTION('',(0.,0.,1.));
#4361 = DIRECTION('',(1.,0.,-0.));
#4362 = DEFINITIONAL_REPRESENTATION('',(#4363),#4367);
#4363 = LINE('',#4364,#4365);
#4364 = CARTESIAN_POINT('',(0.,9.));
#4365 = VECTOR('',#4366,1.);
#4366 = DIRECTION('',(1.,0.));
#4367 = ( GEOMETRIC_REPRESENTATION_CONTEXT(2) 
PARAMETRIC_REPRESENTATION_CONTEXT() REPRESENTATION_CONTEXT('2D SPACE',''
  ) );
#4368 = ORIENTED_EDGE('',*,*,#4369,.F.);
#4369 = EDGE_CURVE('',#4370,#4341,#4372,.T.);
#4370 = VERTEX_POINT('',#4371);
#4371 = CARTESIAN_POINT('',(-3.,72.585227268781,9.));
#4372 = SURFACE_CURVE('',#4373,(#4378,#4385),.PCURVE_S1.);
#4373 = CIRCLE('',#4374,7.2);
#4374 = AXIS2_PLACEMENT_3D('',#4375,#4376,#4377);
#4375 = CARTESIAN_POINT('',(4.043783730785E-15,66.04,9.));
#4376 = DIRECTION('',(0.,0.,1.));
#4377 = DIRECTION('',(1.,0.,-0.));
#4378 = PCURVE('',#1027,#4379);
#4379 = DEFINITIONAL_REPRESENTATION('',(#4380),#4384);
#4380 = LINE('',#4381,#4382);
#4381 = CARTESIAN_POINT('',(-0.,3.14159265359));
#4382 = VECTOR('',#4383,1.);
#4383 = DIRECTION('',(-1.,0.));
#4384 = ( GEOMETRIC_REPRESENTATION_CONTEXT(2) 
PARAMETRIC_REPRESENTATION_CONTEXT() REPRESENTATION_CONTEXT('2D SPACE',''
  ) );
#4385 = PCURVE('',#4357,#4386);
#4386 = DEFINITIONAL_REPRESENTATION('',(#4387),#4391);
#4387 = LINE('',#4388,#4389);
#4388 = CARTESIAN_POINT('',(0.,9.));
#4389 = VECTOR('',#4390,1.);
#4390 = DIRECTION('',(1.,0.));
#4391 = ( GEOMETRIC_REPRESENTATION_CONTEXT(2) 
PARAMETRIC_REPRESENTATION_CONTEXT() REPRESENTATION_CONTEXT('2D SPACE',''
  ) );
#4392 = ORIENTED_EDGE('',*,*,#4393,.T.);
#4393 = EDGE_CURVE('',#4370,#1011,#4394,.T.);
#4394 = SURFACE_CURVE('',#4395,(#4423,#4454),.PCURVE_S1.);
#4395 = B_SPLINE_CURVE_WITH_KNOTS('',6,(#4396,#4397,#4398,#4399,#4400,
    #4401,#4402,#4403,#4404,#4405,#4406,#4407,#4408,#4409,#4410,#4411,
    #4412,#4413,#4414,#4415,#4416,#4417,#4418,#4419,#4420,#4421,#4422),
  .UNSPECIFIED.,.F.,.F.,(7,5,5,5,5,7),(0.,0.165424638297,0.338519746856,
    0.490506518756,0.901086516649,1.),.UNSPECIFIED.);
#4396 = CARTESIAN_POINT('',(-3.,72.585227268781,9.));
#4397 = CARTESIAN_POINT('',(-3.,72.585227268781,8.904207512518));
#4398 = CARTESIAN_POINT('',(-3.005506061334,72.588760329934,
    8.808401787003));
#4399 = CARTESIAN_POINT('',(-3.016519353564,72.595827787382,
    8.713231337471));
#4400 = CARTESIAN_POINT('',(-3.032911461383,72.606331689385,
    8.619284505454));
#4401 = CARTESIAN_POINT('',(-3.054454380924,72.620098724337,
    8.527085783791));
#4402 = CARTESIAN_POINT('',(-3.108470596907,72.654488811269,
    8.342925638817));
#4403 = CARTESIAN_POINT('',(-3.141408648825,72.675402972653,
    8.251158008509));
#4404 = CARTESIAN_POINT('',(-3.179334872946,72.699396762804,
    8.162280942758));
#4405 = CARTESIAN_POINT('',(-3.221862050443,72.726176290175,
    8.076652890142));
#4406 = CARTESIAN_POINT('',(-3.268601117696,72.755447934649,
    7.994530059571));
#4407 = CARTESIAN_POINT('',(-3.363602075269,72.814586475518,
    7.847212722083));
#4408 = CARTESIAN_POINT('',(-3.410983289183,72.843945566963,
    7.781175149786));
#4409 = CARTESIAN_POINT('',(-3.461085565605,72.874830903512,
    7.718088799259));
#4410 = CARTESIAN_POINT('',(-3.51367645558,72.90706934091,7.658029684979
    ));
#4411 = CARTESIAN_POINT('',(-3.568541300827,72.940502621713,
    7.60104612621));
#4412 = CARTESIAN_POINT('',(-3.779330397767,73.068161634031,
    7.401620569986));
#4413 = CARTESIAN_POINT('',(-3.948225726397,73.168946917465,
    7.278874723342));
#4414 = CARTESIAN_POINT('',(-4.128629655315,73.274738331366,
    7.17919015989));
#4415 = CARTESIAN_POINT('',(-4.31756728259,73.383497157542,
    7.102869068346));
#4416 = CARTESIAN_POINT('',(-4.512380231486,73.493598904483,
    7.050012923462));
#4417 = CARTESIAN_POINT('',(-4.75863719961,73.630339730122,
    7.014029593367));
#4418 = CARTESIAN_POINT('',(-4.806648382772,73.656887425191,
    7.00842967567));
#4419 = CARTESIAN_POINT('',(-4.854826671151,73.683416095678,
    7.004220959574));
#4420 = CARTESIAN_POINT('',(-4.903135937681,73.709906218533,
    7.001409072356));
#4421 = CARTESIAN_POINT('',(-4.951539475909,73.73633849098,6.99999998256
    ));
#4422 = CARTESIAN_POINT('',(-5.,73.762693830523,7.));
#4423 = PCURVE('',#1027,#4424);
#4424 = DEFINITIONAL_REPRESENTATION('',(#4425),#4453);
#4425 = B_SPLINE_CURVE_WITH_KNOTS('',6,(#4426,#4427,#4428,#4429,#4430,
    #4431,#4432,#4433,#4434,#4435,#4436,#4437,#4438,#4439,#4440,#4441,
    #4442,#4443,#4444,#4445,#4446,#4447,#4448,#4449,#4450,#4451,#4452),
  .UNSPECIFIED.,.F.,.F.,(7,5,5,5,5,7),(0.,0.165424638297,0.338519746856,
    0.490506518756,0.901086516649,1.),.UNSPECIFIED.);
#4426 = CARTESIAN_POINT('',(-2.000571758099,3.14159265359));
#4427 = CARTESIAN_POINT('',(-2.000571758099,3.093696409849));
#4428 = CARTESIAN_POINT('',(-2.001062436082,3.045793724877));
#4429 = CARTESIAN_POINT('',(-2.002044101859,2.998010198312));
#4430 = CARTESIAN_POINT('',(-2.003500070628,2.950443810841));
#4431 = CARTESIAN_POINT('',(-2.005400988117,2.903176160496));
#4432 = CARTESIAN_POINT('',(-2.010124349331,2.807216910569));
#4433 = CARTESIAN_POINT('',(-2.012985842483,2.758552705159));
#4434 = CARTESIAN_POINT('',(-2.016251599406,2.710360647619));
#4435 = CARTESIAN_POINT('',(-2.019872228954,2.662672464912));
#4436 = CARTESIAN_POINT('',(-2.0237989638,2.615498929493));
#4437 = CARTESIAN_POINT('',(-2.031663982904,2.527852509337));
#4438 = CARTESIAN_POINT('',(-2.035542481906,2.487264069856));
#4439 = CARTESIAN_POINT('',(-2.039592125079,2.447054382771));
#4440 = CARTESIAN_POINT('',(-2.043784924478,2.407206693405));
#4441 = CARTESIAN_POINT('',(-2.048095761564,2.367698172451));
#4442 = CARTESIAN_POINT('',(-2.064408991888,2.222609754698));
#4443 = CARTESIAN_POINT('',(-2.077007285667,2.119085485316));
#4444 = CARTESIAN_POINT('',(-2.089888868854,2.017176208446));
#4445 = CARTESIAN_POINT('',(-2.10276867538,1.916373852893));
#4446 = CARTESIAN_POINT('',(-2.115455156962,1.816168462326));
#4447 = CARTESIAN_POINT('',(-2.130800623777,1.691732440216));
#4448 = CARTESIAN_POINT('',(-2.133760704254,1.667574237587));
#4449 = CARTESIAN_POINT('',(-2.13669967718,1.643408607956));
#4450 = CARTESIAN_POINT('',(-2.139615646115,1.619228383967));
#4451 = CARTESIAN_POINT('',(-2.142506824667,1.595026566924));
#4452 = CARTESIAN_POINT('',(-2.145371536485,1.570796326795));
#4453 = ( GEOMETRIC_REPRESENTATION_CONTEXT(2) 
PARAMETRIC_REPRESENTATION_CONTEXT() REPRESENTATION_CONTEXT('2D SPACE',''
  ) );
#4454 = PCURVE('',#1055,#4455);
#4455 = DEFINITIONAL_REPRESENTATION('',(#4456),#4484);
#4456 = B_SPLINE_CURVE_WITH_KNOTS('',6,(#4457,#4458,#4459,#4460,#4461,
    #4462,#4463,#4464,#4465,#4466,#4467,#4468,#4469,#4470,#4471,#4472,
    #4473,#4474,#4475,#4476,#4477,#4478,#4479,#4480,#4481,#4482,#4483),
  .UNSPECIFIED.,.F.,.F.,(7,5,5,5,5,7),(0.,0.165424638297,0.338519746856,
    0.490506518756,0.901086516649,1.),.UNSPECIFIED.);
#4457 = CARTESIAN_POINT('',(1.570796326795,5.345227268781));
#4458 = CARTESIAN_POINT('',(1.618692570536,5.345227268781));
#4459 = CARTESIAN_POINT('',(1.666595255507,5.348760329934));
#4460 = CARTESIAN_POINT('',(1.714378782072,5.355827787382));
#4461 = CARTESIAN_POINT('',(1.761945169544,5.366331689385));
#4462 = CARTESIAN_POINT('',(1.809212819889,5.380098724337));
#4463 = CARTESIAN_POINT('',(1.905172069816,5.414488811269));
#4464 = CARTESIAN_POINT('',(1.953836275226,5.435402972653));
#4465 = CARTESIAN_POINT('',(2.002028332766,5.459396762804));
#4466 = CARTESIAN_POINT('',(2.049716515473,5.486176290175));
#4467 = CARTESIAN_POINT('',(2.096890050892,5.515447934649));
#4468 = CARTESIAN_POINT('',(2.184536471048,5.574586475518));
#4469 = CARTESIAN_POINT('',(2.225124910528,5.603945566963));
#4470 = CARTESIAN_POINT('',(2.265334597614,5.634830903512));
#4471 = CARTESIAN_POINT('',(2.30518228698,5.66706934091));
#4472 = CARTESIAN_POINT('',(2.344690807933,5.700502621713));
#4473 = CARTESIAN_POINT('',(2.489779225686,5.828161634031));
#4474 = CARTESIAN_POINT('',(2.593303495069,5.928946917465));
#4475 = CARTESIAN_POINT('',(2.695212771939,6.034738331366));
#4476 = CARTESIAN_POINT('',(2.796015127492,6.143497157542));
#4477 = CARTESIAN_POINT('',(2.896220518059,6.253598904483));
#4478 = CARTESIAN_POINT('',(3.020656540169,6.390339730122));
#4479 = CARTESIAN_POINT('',(3.044814742797,6.416887425191));
#4480 = CARTESIAN_POINT('',(3.068980372428,6.443416095678));
#4481 = CARTESIAN_POINT('',(3.093160596418,6.469906218533));
#4482 = CARTESIAN_POINT('',(3.11736241346,6.49633849098));
#4483 = CARTESIAN_POINT('',(3.14159265359,6.522693830523));
#4484 = ( GEOMETRIC_REPRESENTATION_CONTEXT(2) 
PARAMETRIC_REPRESENTATION_CONTEXT() REPRESENTATION_CONTEXT('2D SPACE',''
  ) );
#4485 = ORIENTED_EDGE('',*,*,#1010,.T.);
#4486 = ORIENTED_EDGE('',*,*,#4121,.F.);
#4487 = ADVANCED_FACE('',(#4488),#1083,.F.);
#4488 = FACE_BOUND('',#4489,.F.);
#4489 = EDGE_LOOP('',(#4490,#4513,#4546,#4627,#4628));
#4490 = ORIENTED_EDGE('',*,*,#4491,.F.);
#4491 = EDGE_CURVE('',#4492,#4242,#4494,.T.);
#4492 = VERTEX_POINT('',#4493);
#4493 = CARTESIAN_POINT('',(-3.,102.35,10.));
#4494 = SURFACE_CURVE('',#4495,(#4499,#4506),.PCURVE_S1.);
#4495 = LINE('',#4496,#4497);
#4496 = CARTESIAN_POINT('',(9.,102.35,10.));
#4497 = VECTOR('',#4498,1.);
#4498 = DIRECTION('',(-1.,1.110223024625E-16,0.));
#4499 = PCURVE('',#1083,#4500);
#4500 = DEFINITIONAL_REPRESENTATION('',(#4501),#4505);
#4501 = LINE('',#4502,#4503);
#4502 = CARTESIAN_POINT('',(1.570796326795,0.));
#4503 = VECTOR('',#4504,1.);
#4504 = DIRECTION('',(0.,1.));
#4505 = ( GEOMETRIC_REPRESENTATION_CONTEXT(2) 
PARAMETRIC_REPRESENTATION_CONTEXT() REPRESENTATION_CONTEXT('2D SPACE',''
  ) );
#4506 = PCURVE('',#3818,#4507);
#4507 = DEFINITIONAL_REPRESENTATION('',(#4508),#4512);
#4508 = LINE('',#4509,#4510);
#4509 = CARTESIAN_POINT('',(17.,-10.));
#4510 = VECTOR('',#4511,1.);
#4511 = DIRECTION('',(-1.,0.));
#4512 = ( GEOMETRIC_REPRESENTATION_CONTEXT(2) 
PARAMETRIC_REPRESENTATION_CONTEXT() REPRESENTATION_CONTEXT('2D SPACE',''
  ) );
#4513 = ORIENTED_EDGE('',*,*,#4514,.T.);
#4514 = EDGE_CURVE('',#4492,#4515,#4517,.T.);
#4515 = VERTEX_POINT('',#4516);
#4516 = CARTESIAN_POINT('',(-3.,102.17842712474,9.));
#4517 = SURFACE_CURVE('',#4518,(#4523,#4530),.PCURVE_S1.);
#4518 = CIRCLE('',#4519,3.);
#4519 = AXIS2_PLACEMENT_3D('',#4520,#4521,#4522);
#4520 = CARTESIAN_POINT('',(-3.,99.35,10.));
#4521 = DIRECTION('',(-1.,1.110223024625E-16,0.));
#4522 = DIRECTION('',(0.,0.,1.));
#4523 = PCURVE('',#1083,#4524);
#4524 = DEFINITIONAL_REPRESENTATION('',(#4525),#4529);
#4525 = LINE('',#4526,#4527);
#4526 = CARTESIAN_POINT('',(0.,12.));
#4527 = VECTOR('',#4528,1.);
#4528 = DIRECTION('',(1.,0.));
#4529 = ( GEOMETRIC_REPRESENTATION_CONTEXT(2) 
PARAMETRIC_REPRESENTATION_CONTEXT() REPRESENTATION_CONTEXT('2D SPACE',''
  ) );
#4530 = PCURVE('',#4531,#4536);
#4531 = PLANE('',#4532);
#4532 = AXIS2_PLACEMENT_3D('',#4533,#4534,#4535);
#4533 = CARTESIAN_POINT('',(-3.,102.35,6.99));
#4534 = DIRECTION('',(1.,-6.509662999854E-17,0.));
#4535 = DIRECTION('',(-6.509662999854E-17,-1.,0.));
#4536 = DEFINITIONAL_REPRESENTATION('',(#4537),#4545);
#4537 = ( BOUNDED_CURVE() B_SPLINE_CURVE(2,(#4538,#4539,#4540,#4541,
#4542,#4543,#4544),.UNSPECIFIED.,.T.,.F.) B_SPLINE_CURVE_WITH_KNOTS((1,2
    ,2,2,2,1),(-2.094395102393,0.,2.094395102393,4.188790204786,
6.28318530718,8.377580409573),.UNSPECIFIED.) CURVE() 
GEOMETRIC_REPRESENTATION_ITEM() RATIONAL_B_SPLINE_CURVE((1.,0.5,1.,0.5,
1.,0.5,1.)) REPRESENTATION_ITEM('') );
#4538 = CARTESIAN_POINT('',(3.,-6.01));
#4539 = CARTESIAN_POINT('',(-2.196152422707,-6.01));
#4540 = CARTESIAN_POINT('',(0.401923788647,-1.51));
#4541 = CARTESIAN_POINT('',(3.,2.99));
#4542 = CARTESIAN_POINT('',(5.598076211353,-1.51));
#4543 = CARTESIAN_POINT('',(8.196152422707,-6.01));
#4544 = CARTESIAN_POINT('',(3.,-6.01));
#4545 = ( GEOMETRIC_REPRESENTATION_CONTEXT(2) 
PARAMETRIC_REPRESENTATION_CONTEXT() REPRESENTATION_CONTEXT('2D SPACE',''
  ) );
#4546 = ORIENTED_EDGE('',*,*,#4547,.T.);
#4547 = EDGE_CURVE('',#4515,#1040,#4548,.T.);
#4548 = SURFACE_CURVE('',#4549,(#4573,#4600),.PCURVE_S1.);
#4549 = B_SPLINE_CURVE_WITH_KNOTS('',8,(#4550,#4551,#4552,#4553,#4554,
    #4555,#4556,#4557,#4558,#4559,#4560,#4561,#4562,#4563,#4564,#4565,
    #4566,#4567,#4568,#4569,#4570,#4571,#4572),.UNSPECIFIED.,.F.,.F.,(9,
    7,7,9),(0.,0.182451692031,0.330328230831,1.),.UNSPECIFIED.);
#4550 = CARTESIAN_POINT('',(-3.,102.17842712474,9.));
#4551 = CARTESIAN_POINT('',(-3.,102.14100752741,8.894161395904));
#4552 = CARTESIAN_POINT('',(-3.006400997408,102.09951950214,
    8.791218112312));
#4553 = CARTESIAN_POINT('',(-3.018590310269,102.05430789694,
    8.691527590609));
#4554 = CARTESIAN_POINT('',(-3.035971778924,102.00576098429,
    8.595388168588));
#4555 = CARTESIAN_POINT('',(-3.05795819138,101.95430257353,
    8.503046437214));
#4556 = CARTESIAN_POINT('',(-3.083965763599,101.90038647124,
    8.414702765825));
#4557 = CARTESIAN_POINT('',(-3.113410674688,101.84449328952,
    8.330514995764));
#4558 = CARTESIAN_POINT('',(-3.171884262467,101.74063650903,
    8.185829687726));
#4559 = CARTESIAN_POINT('',(-3.200025493647,101.69301524615,8.1236401536
    ));
#4560 = CARTESIAN_POINT('',(-3.229907792934,101.64440882597,
    8.063968840555));
#4561 = CARTESIAN_POINT('',(-3.261334915923,101.59494359756,
    8.006745237638));
#4562 = CARTESIAN_POINT('',(-3.294136754376,101.54472836711,
    7.951892516273));
#4563 = CARTESIAN_POINT('',(-3.32816815919,101.49385351833,
    7.899328864088));
#4564 = CARTESIAN_POINT('',(-3.363307763372,101.44239013284,
    7.848968818733));
#4565 = CARTESIAN_POINT('',(-3.563160884478,101.15489795777,
    7.582246468352));
#4566 = CARTESIAN_POINT('',(-3.749659822885,100.90537359944,
    7.404371540343));
#4567 = CARTESIAN_POINT('',(-3.948579437956,100.64918346822,
    7.263808219224));
#4568 = CARTESIAN_POINT('',(-4.153883376665,100.3908079701,
    7.156345529718));
#4569 = CARTESIAN_POINT('',(-4.362218859221,100.13227812256,
    7.078179294074));
#4570 = CARTESIAN_POINT('',(-4.572395217498,99.873708383628,
    7.026483231354));
#4571 = CARTESIAN_POINT('',(-4.784716687622,99.613666852715,
    7.00000010766));
#4572 = CARTESIAN_POINT('',(-5.,99.35,7.));
#4573 = PCURVE('',#1083,#4574);
#4574 = DEFINITIONAL_REPRESENTATION('',(#4575),#4599);
#4575 = B_SPLINE_CURVE_WITH_KNOTS('',8,(#4576,#4577,#4578,#4579,#4580,
    #4581,#4582,#4583,#4584,#4585,#4586,#4587,#4588,#4589,#4590,#4591,
    #4592,#4593,#4594,#4595,#4596,#4597,#4598),.UNSPECIFIED.,.F.,.F.,(9,
    7,7,9),(0.,0.182451692031,0.330328230831,1.),.UNSPECIFIED.);
#4576 = CARTESIAN_POINT('',(1.910633236249,12.));
#4577 = CARTESIAN_POINT('',(1.948052833583,12.));
#4578 = CARTESIAN_POINT('',(1.985014555149,12.006400997408));
#4579 = CARTESIAN_POINT('',(2.02144765107,12.018590310269));
#4580 = CARTESIAN_POINT('',(2.057286743167,12.035971778924));
#4581 = CARTESIAN_POINT('',(2.092467685376,12.05795819138));
#4582 = CARTESIAN_POINT('',(2.126924312467,12.083965763599));
#4583 = CARTESIAN_POINT('',(2.160586077081,12.113410674688));
#4584 = CARTESIAN_POINT('',(2.219953173482,12.171884262467));
#4585 = CARTESIAN_POINT('',(2.246050122956,12.200025493647));
#4586 = CARTESIAN_POINT('',(2.271685261132,12.229907792934));
#4587 = CARTESIAN_POINT('',(2.296877386738,12.261334915923));
#4588 = CARTESIAN_POINT('',(2.321646754781,12.294136754376));
#4589 = CARTESIAN_POINT('',(2.346015571737,12.32816815919));
#4590 = CARTESIAN_POINT('',(2.370008490733,12.363307763372));
#4591 = CARTESIAN_POINT('',(2.500729807074,12.563160884478));
#4592 = CARTESIAN_POINT('',(2.602030600537,12.749659822885));
#4593 = CARTESIAN_POINT('',(2.698371910281,12.948579437955));
#4594 = CARTESIAN_POINT('',(2.790637307862,13.153883376666));
#4595 = CARTESIAN_POINT('',(2.879798982554,13.36221885922));
#4596 = CARTESIAN_POINT('',(2.96702315183,13.572395217499));
#4597 = CARTESIAN_POINT('',(3.053703706979,13.784716687622));
#4598 = CARTESIAN_POINT('',(3.14159265359,14.));
#4599 = ( GEOMETRIC_REPRESENTATION_CONTEXT(2) 
PARAMETRIC_REPRESENTATION_CONTEXT() REPRESENTATION_CONTEXT('2D SPACE',''
  ) );
#4600 = PCURVE('',#1055,#4601);
#4601 = DEFINITIONAL_REPRESENTATION('',(#4602),#4626);
#4602 = B_SPLINE_CURVE_WITH_KNOTS('',8,(#4603,#4604,#4605,#4606,#4607,
    #4608,#4609,#4610,#4611,#4612,#4613,#4614,#4615,#4616,#4617,#4618,
    #4619,#4620,#4621,#4622,#4623,#4624,#4625),.UNSPECIFIED.,.F.,.F.,(9,
    7,7,9),(0.,0.182451692031,0.330328230831,1.),.UNSPECIFIED.);
#4603 = CARTESIAN_POINT('',(1.570796326795,34.938427124746));
#4604 = CARTESIAN_POINT('',(1.623715628843,34.901007527412));
#4605 = CARTESIAN_POINT('',(1.675187328317,34.859519502146));
#4606 = CARTESIAN_POINT('',(1.725258256519,34.814307896947));
#4607 = CARTESIAN_POINT('',(1.773953676629,34.765760984293));
#4608 = CARTESIAN_POINT('',(1.821280360118,34.714302573536));
#4609 = CARTESIAN_POINT('',(1.867228463475,34.660386471246));
#4610 = CARTESIAN_POINT('',(1.911772205252,34.60449328952));
#4611 = CARTESIAN_POINT('',(1.989799442211,34.500636509031));
#4612 = CARTESIAN_POINT('',(2.023901194398,34.453015246158));
#4613 = CARTESIAN_POINT('',(2.057226459941,34.404408825979));
#4614 = CARTESIAN_POINT('',(2.08982348285,34.354943597567));
#4615 = CARTESIAN_POINT('',(2.121738269158,34.304728367117));
#4616 = CARTESIAN_POINT('',(2.153015964886,34.253853518335));
#4617 = CARTESIAN_POINT('',(2.183702234001,34.202390132841));
#4618 = CARTESIAN_POINT('',(2.350347127569,33.914897957779));
#4619 = CARTESIAN_POINT('',(2.477437693038,33.665373599441));
#4620 = CARTESIAN_POINT('',(2.597194057666,33.40918346822));
#4621 = CARTESIAN_POINT('',(2.711143276167,33.150807970106));
#4622 = CARTESIAN_POINT('',(2.820805512684,32.892278122561));
#4623 = CARTESIAN_POINT('',(2.927788982678,32.633708383628));
#4624 = CARTESIAN_POINT('',(3.033951216085,32.373666852715));
#4625 = CARTESIAN_POINT('',(3.14159265359,32.11));
#4626 = ( GEOMETRIC_REPRESENTATION_CONTEXT(2) 
PARAMETRIC_REPRESENTATION_CONTEXT() REPRESENTATION_CONTEXT('2D SPACE',''
  ) );
#4627 = ORIENTED_EDGE('',*,*,#1067,.T.);
#4628 = ORIENTED_EDGE('',*,*,#4266,.F.);
#4629 = ADVANCED_FACE('',(#4630),#1055,.F.);
#4630 = FACE_BOUND('',#4631,.F.);
#4631 = EDGE_LOOP('',(#4632,#4653,#4654,#4655));
#4632 = ORIENTED_EDGE('',*,*,#4633,.F.);
#4633 = EDGE_CURVE('',#4370,#4515,#4634,.T.);
#4634 = SURFACE_CURVE('',#4635,(#4639,#4646),.PCURVE_S1.);
#4635 = LINE('',#4636,#4637);
#4636 = CARTESIAN_POINT('',(-3.,67.24,9.));
#4637 = VECTOR('',#4638,1.);
#4638 = DIRECTION('',(1.110223024625E-16,1.,0.));
#4639 = PCURVE('',#1055,#4640);
#4640 = DEFINITIONAL_REPRESENTATION('',(#4641),#4645);
#4641 = LINE('',#4642,#4643);
#4642 = CARTESIAN_POINT('',(1.570796326795,0.));
#4643 = VECTOR('',#4644,1.);
#4644 = DIRECTION('',(0.,1.));
#4645 = ( GEOMETRIC_REPRESENTATION_CONTEXT(2) 
PARAMETRIC_REPRESENTATION_CONTEXT() REPRESENTATION_CONTEXT('2D SPACE',''
  ) );
#4646 = PCURVE('',#4531,#4647);
#4647 = DEFINITIONAL_REPRESENTATION('',(#4648),#4652);
#4648 = LINE('',#4649,#4650);
#4649 = CARTESIAN_POINT('',(35.11,-2.01));
#4650 = VECTOR('',#4651,1.);
#4651 = DIRECTION('',(-1.,0.));
#4652 = ( GEOMETRIC_REPRESENTATION_CONTEXT(2) 
PARAMETRIC_REPRESENTATION_CONTEXT() REPRESENTATION_CONTEXT('2D SPACE',''
  ) );
#4653 = ORIENTED_EDGE('',*,*,#4393,.T.);
#4654 = ORIENTED_EDGE('',*,*,#1039,.T.);
#4655 = ORIENTED_EDGE('',*,*,#4547,.F.);
#4656 = ADVANCED_FACE('',(#4657),#1582,.F.);
#4657 = FACE_BOUND('',#4658,.F.);
#4658 = EDGE_LOOP('',(#4659,#4660,#4683,#4709));
#4659 = ORIENTED_EDGE('',*,*,#1565,.F.);
#4660 = ORIENTED_EDGE('',*,*,#4661,.F.);
#4661 = EDGE_CURVE('',#4662,#1566,#4664,.T.);
#4662 = VERTEX_POINT('',#4663);
#4663 = CARTESIAN_POINT('',(-37.7399557323,22.134849398401,0.));
#4664 = SEAM_CURVE('',#4665,(#4669,#4676),.PCURVE_S1.);
#4665 = LINE('',#4666,#4667);
#4666 = CARTESIAN_POINT('',(-37.7399557323,22.134849398401,-1.));
#4667 = VECTOR('',#4668,1.);
#4668 = DIRECTION('',(0.,0.,1.));
#4669 = PCURVE('',#1582,#4670);
#4670 = DEFINITIONAL_REPRESENTATION('',(#4671),#4675);
#4671 = LINE('',#4672,#4673);
#4672 = CARTESIAN_POINT('',(6.28318530718,-0.));
#4673 = VECTOR('',#4674,1.);
#4674 = DIRECTION('',(0.,1.));
#4675 = ( GEOMETRIC_REPRESENTATION_CONTEXT(2) 
PARAMETRIC_REPRESENTATION_CONTEXT() REPRESENTATION_CONTEXT('2D SPACE',''
  ) );
#4676 = PCURVE('',#1582,#4677);
#4677 = DEFINITIONAL_REPRESENTATION('',(#4678),#4682);
#4678 = LINE('',#4679,#4680);
#4679 = CARTESIAN_POINT('',(0.,-0.));
#4680 = VECTOR('',#4681,1.);
#4681 = DIRECTION('',(0.,1.));
#4682 = ( GEOMETRIC_REPRESENTATION_CONTEXT(2) 
PARAMETRIC_REPRESENTATION_CONTEXT() REPRESENTATION_CONTEXT('2D SPACE',''
  ) );
#4683 = ORIENTED_EDGE('',*,*,#4684,.T.);
#4684 = EDGE_CURVE('',#4662,#4662,#4685,.T.);
#4685 = SURFACE_CURVE('',#4686,(#4691,#4698),.PCURVE_S1.);
#4686 = CIRCLE('',#4687,16.);
#4687 = AXIS2_PLACEMENT_3D('',#4688,#4689,#4690);
#4688 = CARTESIAN_POINT('',(-53.7399557323,22.134849398401,0.));
#4689 = DIRECTION('',(0.,0.,1.));
#4690 = DIRECTION('',(1.,0.,-0.));
#4691 = PCURVE('',#1582,#4692);
#4692 = DEFINITIONAL_REPRESENTATION('',(#4693),#4697);
#4693 = LINE('',#4694,#4695);
#4694 = CARTESIAN_POINT('',(0.,1.));
#4695 = VECTOR('',#4696,1.);
#4696 = DIRECTION('',(1.,0.));
#4697 = ( GEOMETRIC_REPRESENTATION_CONTEXT(2) 
PARAMETRIC_REPRESENTATION_CONTEXT() REPRESENTATION_CONTEXT('2D SPACE',''
  ) );
#4698 = PCURVE('',#2098,#4699);
#4699 = DEFINITIONAL_REPRESENTATION('',(#4700),#4708);
#4700 = ( BOUNDED_CURVE() B_SPLINE_CURVE(2,(#4701,#4702,#4703,#4704,
#4705,#4706,#4707),.UNSPECIFIED.,.T.,.F.) B_SPLINE_CURVE_WITH_KNOTS((1,2
    ,2,2,2,1),(-2.094395102393,0.,2.094395102393,4.188790204786,
6.28318530718,8.377580409573),.UNSPECIFIED.) CURVE() 
GEOMETRIC_REPRESENTATION_ITEM() RATIONAL_B_SPLINE_CURVE((1.,0.5,1.,0.5,
1.,0.5,1.)) REPRESENTATION_ITEM('') );
#4701 = CARTESIAN_POINT('',(122.42260553508,13.573697097206));
#4702 = CARTESIAN_POINT('',(136.27901199563,37.573697097206));
#4703 = CARTESIAN_POINT('',(150.13541845618,13.573697097206));
#4704 = CARTESIAN_POINT('',(163.99182491673,-10.42630290279));
#4705 = CARTESIAN_POINT('',(136.27901199563,-10.42630290279));
#4706 = CARTESIAN_POINT('',(108.56619907453,-10.42630290279));
#4707 = CARTESIAN_POINT('',(122.42260553508,13.573697097206));
#4708 = ( GEOMETRIC_REPRESENTATION_CONTEXT(2) 
PARAMETRIC_REPRESENTATION_CONTEXT() REPRESENTATION_CONTEXT('2D SPACE',''
  ) );
#4709 = ORIENTED_EDGE('',*,*,#4661,.T.);
#4710 = ADVANCED_FACE('',(#4711),#1613,.F.);
#4711 = FACE_BOUND('',#4712,.F.);
#4712 = EDGE_LOOP('',(#4713,#4714,#4737,#4763));
#4713 = ORIENTED_EDGE('',*,*,#1596,.F.);
#4714 = ORIENTED_EDGE('',*,*,#4715,.F.);
#4715 = EDGE_CURVE('',#4716,#1597,#4718,.T.);
#4716 = VERTEX_POINT('',#4717);
#4717 = CARTESIAN_POINT('',(23.700635978195,-57.60759156162,0.));
#4718 = SEAM_CURVE('',#4719,(#4723,#4730),.PCURVE_S1.);
#4719 = LINE('',#4720,#4721);
#4720 = CARTESIAN_POINT('',(23.700635978195,-57.60759156162,-1.));
#4721 = VECTOR('',#4722,1.);
#4722 = DIRECTION('',(0.,0.,1.));
#4723 = PCURVE('',#1613,#4724);
#4724 = DEFINITIONAL_REPRESENTATION('',(#4725),#4729);
#4725 = LINE('',#4726,#4727);
#4726 = CARTESIAN_POINT('',(6.28318530718,-0.));
#4727 = VECTOR('',#4728,1.);
#4728 = DIRECTION('',(0.,1.));
#4729 = ( GEOMETRIC_REPRESENTATION_CONTEXT(2) 
PARAMETRIC_REPRESENTATION_CONTEXT() REPRESENTATION_CONTEXT('2D SPACE',''
  ) );
#4730 = PCURVE('',#1613,#4731);
#4731 = DEFINITIONAL_REPRESENTATION('',(#4732),#4736);
#4732 = LINE('',#4733,#4734);
#4733 = CARTESIAN_POINT('',(0.,-0.));
#4734 = VECTOR('',#4735,1.);
#4735 = DIRECTION('',(0.,1.));
#4736 = ( GEOMETRIC_REPRESENTATION_CONTEXT(2) 
PARAMETRIC_REPRESENTATION_CONTEXT() REPRESENTATION_CONTEXT('2D SPACE',''
  ) );
#4737 = ORIENTED_EDGE('',*,*,#4738,.T.);
#4738 = EDGE_CURVE('',#4716,#4716,#4739,.T.);
#4739 = SURFACE_CURVE('',#4740,(#4745,#4752),.PCURVE_S1.);
#4740 = CIRCLE('',#4741,16.);
#4741 = AXIS2_PLACEMENT_3D('',#4742,#4743,#4744);
#4742 = CARTESIAN_POINT('',(7.700635978195,-57.60759156162,0.));
#4743 = DIRECTION('',(0.,0.,1.));
#4744 = DIRECTION('',(1.,0.,-0.));
#4745 = PCURVE('',#1613,#4746);
#4746 = DEFINITIONAL_REPRESENTATION('',(#4747),#4751);
#4747 = LINE('',#4748,#4749);
#4748 = CARTESIAN_POINT('',(0.,1.));
#4749 = VECTOR('',#4750,1.);
#4750 = DIRECTION('',(1.,0.));
#4751 = ( GEOMETRIC_REPRESENTATION_CONTEXT(2) 
PARAMETRIC_REPRESENTATION_CONTEXT() REPRESENTATION_CONTEXT('2D SPACE',''
  ) );
#4752 = PCURVE('',#2098,#4753);
#4753 = DEFINITIONAL_REPRESENTATION('',(#4754),#4762);
#4754 = ( BOUNDED_CURVE() B_SPLINE_CURVE(2,(#4755,#4756,#4757,#4758,
#4759,#4760,#4761),.UNSPECIFIED.,.T.,.F.) B_SPLINE_CURVE_WITH_KNOTS((1,2
    ,2,2,2,1),(-2.094395102393,0.,2.094395102393,4.188790204786,
6.28318530718,8.377580409573),.UNSPECIFIED.) CURVE() 
GEOMETRIC_REPRESENTATION_ITEM() RATIONAL_B_SPLINE_CURVE((1.,0.5,1.,0.5,
1.,0.5,1.)) REPRESENTATION_ITEM('') );
#4755 = CARTESIAN_POINT('',(29.342271810231,-24.7649866787));
#4756 = CARTESIAN_POINT('',(43.198678270782,-0.764986678709));
#4757 = CARTESIAN_POINT('',(57.055084731333,-24.7649866787));
#4758 = CARTESIAN_POINT('',(70.911491191884,-48.7649866787));
#4759 = CARTESIAN_POINT('',(43.198678270782,-48.7649866787));
#4760 = CARTESIAN_POINT('',(15.48586534968,-48.7649866787));
#4761 = CARTESIAN_POINT('',(29.342271810231,-24.7649866787));
#4762 = ( GEOMETRIC_REPRESENTATION_CONTEXT(2) 
PARAMETRIC_REPRESENTATION_CONTEXT() REPRESENTATION_CONTEXT('2D SPACE',''
  ) );
#4763 = ORIENTED_EDGE('',*,*,#4715,.T.);
#4764 = ADVANCED_FACE('',(#4765),#1644,.F.);
#4765 = FACE_BOUND('',#4766,.F.);
#4766 = EDGE_LOOP('',(#4767,#4768,#4791,#4817));
#4767 = ORIENTED_EDGE('',*,*,#1627,.F.);
#4768 = ORIENTED_EDGE('',*,*,#4769,.F.);
#4769 = EDGE_CURVE('',#4770,#1628,#4772,.T.);
#4770 = VERTEX_POINT('',#4771);
#4771 = CARTESIAN_POINT('',(38.,-9.30731567352E-15,0.));
#4772 = SEAM_CURVE('',#4773,(#4777,#4784),.PCURVE_S1.);
#4773 = LINE('',#4774,#4775);
#4774 = CARTESIAN_POINT('',(38.,-9.30731567352E-15,-1.));
#4775 = VECTOR('',#4776,1.);
#4776 = DIRECTION('',(0.,0.,1.));
#4777 = PCURVE('',#1644,#4778);
#4778 = DEFINITIONAL_REPRESENTATION('',(#4779),#4783);
#4779 = LINE('',#4780,#4781);
#4780 = CARTESIAN_POINT('',(6.28318530718,-0.));
#4781 = VECTOR('',#4782,1.);
#4782 = DIRECTION('',(0.,1.));
#4783 = ( GEOMETRIC_REPRESENTATION_CONTEXT(2) 
PARAMETRIC_REPRESENTATION_CONTEXT() REPRESENTATION_CONTEXT('2D SPACE',''
  ) );
#4784 = PCURVE('',#1644,#4785);
#4785 = DEFINITIONAL_REPRESENTATION('',(#4786),#4790);
#4786 = LINE('',#4787,#4788);
#4787 = CARTESIAN_POINT('',(0.,-0.));
#4788 = VECTOR('',#4789,1.);
#4789 = DIRECTION('',(0.,1.));
#4790 = ( GEOMETRIC_REPRESENTATION_CONTEXT(2) 
PARAMETRIC_REPRESENTATION_CONTEXT() REPRESENTATION_CONTEXT('2D SPACE',''
  ) );
#4791 = ORIENTED_EDGE('',*,*,#4792,.T.);
#4792 = EDGE_CURVE('',#4770,#4770,#4793,.T.);
#4793 = SURFACE_CURVE('',#4794,(#4799,#4806),.PCURVE_S1.);
#4794 = CIRCLE('',#4795,38.);
#4795 = AXIS2_PLACEMENT_3D('',#4796,#4797,#4798);
#4796 = CARTESIAN_POINT('',(0.,0.,0.));
#4797 = DIRECTION('',(0.,0.,1.));
#4798 = DIRECTION('',(1.,0.,-0.));
#4799 = PCURVE('',#1644,#4800);
#4800 = DEFINITIONAL_REPRESENTATION('',(#4801),#4805);
#4801 = LINE('',#4802,#4803);
#4802 = CARTESIAN_POINT('',(0.,1.));
#4803 = VECTOR('',#4804,1.);
#4804 = DIRECTION('',(1.,0.));
#4805 = ( GEOMETRIC_REPRESENTATION_CONTEXT(2) 
PARAMETRIC_REPRESENTATION_CONTEXT() REPRESENTATION_CONTEXT('2D SPACE',''
  ) );
#4806 = PCURVE('',#2098,#4807);
#4807 = DEFINITIONAL_REPRESENTATION('',(#4808),#4816);
#4808 = ( BOUNDED_CURVE() B_SPLINE_CURVE(2,(#4809,#4810,#4811,#4812,
#4813,#4814,#4815),.UNSPECIFIED.,.T.,.F.) B_SPLINE_CURVE_WITH_KNOTS((1,2
    ,2,2,2,1),(-2.094395102393,0.,2.094395102393,4.188790204786,
6.28318530718,8.377580409573),.UNSPECIFIED.) CURVE() 
GEOMETRIC_REPRESENTATION_ITEM() RATIONAL_B_SPLINE_CURVE((1.,0.5,1.,0.5,
1.,0.5,1.)) REPRESENTATION_ITEM('') );
#4809 = CARTESIAN_POINT('',(45.7624550902,32.274333075402));
#4810 = CARTESIAN_POINT('',(78.671420434009,89.274333075402));
#4811 = CARTESIAN_POINT('',(111.58038577781,32.274333075402));
#4812 = CARTESIAN_POINT('',(144.48935112162,-24.72566692459));
#4813 = CARTESIAN_POINT('',(78.671420434009,-24.72566692459));
#4814 = CARTESIAN_POINT('',(12.853489746391,-24.72566692459));
#4815 = CARTESIAN_POINT('',(45.7624550902,32.274333075402));
#4816 = ( GEOMETRIC_REPRESENTATION_CONTEXT(2) 
PARAMETRIC_REPRESENTATION_CONTEXT() REPRESENTATION_CONTEXT('2D SPACE',''
  ) );
#4817 = ORIENTED_EDGE('',*,*,#4769,.T.);
#4818 = ADVANCED_FACE('',(#4819),#1675,.F.);
#4819 = FACE_BOUND('',#4820,.F.);
#4820 = EDGE_LOOP('',(#4821,#4822,#4845,#4871));
#4821 = ORIENTED_EDGE('',*,*,#1658,.F.);
#4822 = ORIENTED_EDGE('',*,*,#4823,.F.);
#4823 = EDGE_CURVE('',#4824,#1659,#4826,.T.);
#4824 = VERTEX_POINT('',#4825);
#4825 = CARTESIAN_POINT('',(62.03931975411,35.472742163227,0.));
#4826 = SEAM_CURVE('',#4827,(#4831,#4838),.PCURVE_S1.);
#4827 = LINE('',#4828,#4829);
#4828 = CARTESIAN_POINT('',(62.03931975411,35.472742163227,-1.));
#4829 = VECTOR('',#4830,1.);
#4830 = DIRECTION('',(0.,0.,1.));
#4831 = PCURVE('',#1675,#4832);
#4832 = DEFINITIONAL_REPRESENTATION('',(#4833),#4837);
#4833 = LINE('',#4834,#4835);
#4834 = CARTESIAN_POINT('',(6.28318530718,-0.));
#4835 = VECTOR('',#4836,1.);
#4836 = DIRECTION('',(0.,1.));
#4837 = ( GEOMETRIC_REPRESENTATION_CONTEXT(2) 
PARAMETRIC_REPRESENTATION_CONTEXT() REPRESENTATION_CONTEXT('2D SPACE',''
  ) );
#4838 = PCURVE('',#1675,#4839);
#4839 = DEFINITIONAL_REPRESENTATION('',(#4840),#4844);
#4840 = LINE('',#4841,#4842);
#4841 = CARTESIAN_POINT('',(0.,-0.));
#4842 = VECTOR('',#4843,1.);
#4843 = DIRECTION('',(0.,1.));
#4844 = ( GEOMETRIC_REPRESENTATION_CONTEXT(2) 
PARAMETRIC_REPRESENTATION_CONTEXT() REPRESENTATION_CONTEXT('2D SPACE',''
  ) );
#4845 = ORIENTED_EDGE('',*,*,#4846,.T.);
#4846 = EDGE_CURVE('',#4824,#4824,#4847,.T.);
#4847 = SURFACE_CURVE('',#4848,(#4853,#4860),.PCURVE_S1.);
#4848 = CIRCLE('',#4849,16.);
#4849 = AXIS2_PLACEMENT_3D('',#4850,#4851,#4852);
#4850 = CARTESIAN_POINT('',(46.03931975411,35.472742163227,0.));
#4851 = DIRECTION('',(0.,0.,1.));
#4852 = DIRECTION('',(1.,0.,-0.));
#4853 = PCURVE('',#1675,#4854);
#4854 = DEFINITIONAL_REPRESENTATION('',(#4855),#4859);
#4855 = LINE('',#4856,#4857);
#4856 = CARTESIAN_POINT('',(0.,1.));
#4857 = VECTOR('',#4858,1.);
#4858 = DIRECTION('',(1.,0.));
#4859 = ( GEOMETRIC_REPRESENTATION_CONTEXT(2) 
PARAMETRIC_REPRESENTATION_CONTEXT() REPRESENTATION_CONTEXT('2D SPACE',''
  ) );
#4860 = PCURVE('',#2098,#4861);
#4861 = DEFINITIONAL_REPRESENTATION('',(#4862),#4870);
#4862 = ( BOUNDED_CURVE() B_SPLINE_CURVE(2,(#4863,#4864,#4865,#4866,
#4867,#4868,#4869),.UNSPECIFIED.,.T.,.F.) B_SPLINE_CURVE_WITH_KNOTS((1,2
    ,2,2,2,1),(-2.094395102393,0.,2.094395102393,4.188790204786,
6.28318530718,8.377580409573),.UNSPECIFIED.) CURVE() 
GEOMETRIC_REPRESENTATION_ITEM() RATIONAL_B_SPLINE_CURVE((1.,0.5,1.,0.5,
1.,0.5,1.)) REPRESENTATION_ITEM('') );
#4863 = CARTESIAN_POINT('',(42.680164575057,75.014288807707));
#4864 = CARTESIAN_POINT('',(56.536571035608,99.014288807707));
#4865 = CARTESIAN_POINT('',(70.392977496159,75.014288807707));
#4866 = CARTESIAN_POINT('',(84.24938395671,51.014288807707));
#4867 = CARTESIAN_POINT('',(56.536571035608,51.014288807707));
#4868 = CARTESIAN_POINT('',(28.823758114506,51.014288807707));
#4869 = CARTESIAN_POINT('',(42.680164575057,75.014288807707));
#4870 = ( GEOMETRIC_REPRESENTATION_CONTEXT(2) 
PARAMETRIC_REPRESENTATION_CONTEXT() REPRESENTATION_CONTEXT('2D SPACE',''
  ) );
#4871 = ORIENTED_EDGE('',*,*,#4823,.T.);
#4872 = ADVANCED_FACE('',(#4873),#1845,.F.);
#4873 = FACE_BOUND('',#4874,.F.);
#4874 = EDGE_LOOP('',(#4875,#4876,#4877,#4878,#4879,#4880,#4881,#4882));
#4875 = ORIENTED_EDGE('',*,*,#2226,.F.);
#4876 = ORIENTED_EDGE('',*,*,#1985,.T.);
#4877 = ORIENTED_EDGE('',*,*,#1957,.T.);
#4878 = ORIENTED_EDGE('',*,*,#1905,.T.);
#4879 = ORIENTED_EDGE('',*,*,#1829,.F.);
#4880 = ORIENTED_EDGE('',*,*,#2778,.T.);
#4881 = ORIENTED_EDGE('',*,*,#2984,.T.);
#4882 = ORIENTED_EDGE('',*,*,#4883,.T.);
#4883 = EDGE_CURVE('',#2985,#2227,#4884,.T.);
#4884 = SURFACE_CURVE('',#4885,(#4889,#4896),.PCURVE_S1.);
#4885 = LINE('',#4886,#4887);
#4886 = CARTESIAN_POINT('',(92.637700077337,-44.24679676972,48.8));
#4887 = VECTOR('',#4888,1.);
#4888 = DIRECTION('',(-0.5,-0.866025403784,0.));
#4889 = PCURVE('',#1845,#4890);
#4890 = DEFINITIONAL_REPRESENTATION('',(#4891),#4895);
#4891 = LINE('',#4892,#4893);
#4892 = CARTESIAN_POINT('',(0.,-48.8));
#4893 = VECTOR('',#4894,1.);
#4894 = DIRECTION('',(1.,0.));
#4895 = ( GEOMETRIC_REPRESENTATION_CONTEXT(2) 
PARAMETRIC_REPRESENTATION_CONTEXT() REPRESENTATION_CONTEXT('2D SPACE',''
  ) );
#4896 = PCURVE('',#2265,#4897);
#4897 = DEFINITIONAL_REPRESENTATION('',(#4898),#4902);
#4898 = LINE('',#4899,#4900);
#4899 = CARTESIAN_POINT('',(-0.763139720814,9.678203230276));
#4900 = VECTOR('',#4901,1.);
#4901 = DIRECTION('',(-0.5,-0.866025403784));
#4902 = ( GEOMETRIC_REPRESENTATION_CONTEXT(2) 
PARAMETRIC_REPRESENTATION_CONTEXT() REPRESENTATION_CONTEXT('2D SPACE',''
  ) );
#4903 = ADVANCED_FACE('',(#4904,#4984,#4987,#5022,#5025,#5060,#5095,
    #5098,#5133,#5136,#5171),#2098,.T.);
#4904 = FACE_BOUND('',#4905,.T.);
#4905 = EDGE_LOOP('',(#4906,#4907,#4908,#4909,#4910,#4931,#4932,#4933,
    #4934,#4935,#4936,#4957,#4958,#4959,#4960,#4961,#4962,#4983));
#4906 = ORIENTED_EDGE('',*,*,#2083,.T.);
#4907 = ORIENTED_EDGE('',*,*,#2194,.F.);
#4908 = ORIENTED_EDGE('',*,*,#2327,.F.);
#4909 = ORIENTED_EDGE('',*,*,#2352,.F.);
#4910 = ORIENTED_EDGE('',*,*,#4911,.F.);
#4911 = EDGE_CURVE('',#3494,#2353,#4912,.T.);
#4912 = SURFACE_CURVE('',#4913,(#4917,#4924),.PCURVE_S1.);
#4913 = LINE('',#4914,#4915);
#4914 = CARTESIAN_POINT('',(-102.1639795189,-49.74679676972,0.));
#4915 = VECTOR('',#4916,1.);
#4916 = DIRECTION('',(0.5,-0.866025403784,-0.));
#4917 = PCURVE('',#2098,#4918);
#4918 = DEFINITIONAL_REPRESENTATION('',(#4919),#4923);
#4919 = LINE('',#4920,#4921);
#4920 = CARTESIAN_POINT('',(142.27462366428,-80.88964644356));
#4921 = VECTOR('',#4922,1.);
#4922 = DIRECTION('',(-0.866025403784,-0.5));
#4923 = ( GEOMETRIC_REPRESENTATION_CONTEXT(2) 
PARAMETRIC_REPRESENTATION_CONTEXT() REPRESENTATION_CONTEXT('2D SPACE',''
  ) );
#4924 = PCURVE('',#2389,#4925);
#4925 = DEFINITIONAL_REPRESENTATION('',(#4926),#4930);
#4926 = LINE('',#4927,#4928);
#4927 = CARTESIAN_POINT('',(0.,0.));
#4928 = VECTOR('',#4929,1.);
#4929 = DIRECTION('',(1.,0.));
#4930 = ( GEOMETRIC_REPRESENTATION_CONTEXT(2) 
PARAMETRIC_REPRESENTATION_CONTEXT() REPRESENTATION_CONTEXT('2D SPACE',''
  ) );
#4931 = ORIENTED_EDGE('',*,*,#3491,.F.);
#4932 = ORIENTED_EDGE('',*,*,#3641,.T.);
#4933 = ORIENTED_EDGE('',*,*,#3747,.F.);
#4934 = ORIENTED_EDGE('',*,*,#3908,.F.);
#4935 = ORIENTED_EDGE('',*,*,#4071,.F.);
#4936 = ORIENTED_EDGE('',*,*,#4937,.F.);
#4937 = EDGE_CURVE('',#3671,#4072,#4938,.T.);
#4938 = SURFACE_CURVE('',#4939,(#4943,#4950),.PCURVE_S1.);
#4939 = LINE('',#4940,#4941);
#4940 = CARTESIAN_POINT('',(8.,113.35,0.));
#4941 = VECTOR('',#4942,1.);
#4942 = DIRECTION('',(-1.,0.,0.));
#4943 = PCURVE('',#2098,#4944);
#4944 = DEFINITIONAL_REPRESENTATION('',(#4945),#4949);
#4945 = LINE('',#4946,#4947);
#4946 = CARTESIAN_POINT('',(128.41821720373,115.43831259436));
#4947 = VECTOR('',#4948,1.);
#4948 = DIRECTION('',(0.866025403784,-0.5));
#4949 = ( GEOMETRIC_REPRESENTATION_CONTEXT(2) 
PARAMETRIC_REPRESENTATION_CONTEXT() REPRESENTATION_CONTEXT('2D SPACE',''
  ) );
#4950 = PCURVE('',#3709,#4951);
#4951 = DEFINITIONAL_REPRESENTATION('',(#4952),#4956);
#4952 = LINE('',#4953,#4954);
#4953 = CARTESIAN_POINT('',(0.,-0.));
#4954 = VECTOR('',#4955,1.);
#4955 = DIRECTION('',(1.,0.));
#4956 = ( GEOMETRIC_REPRESENTATION_CONTEXT(2) 
PARAMETRIC_REPRESENTATION_CONTEXT() REPRESENTATION_CONTEXT('2D SPACE',''
  ) );
#4957 = ORIENTED_EDGE('',*,*,#3670,.F.);
#4958 = ORIENTED_EDGE('',*,*,#3587,.T.);
#4959 = ORIENTED_EDGE('',*,*,#3438,.F.);
#4960 = ORIENTED_EDGE('',*,*,#3340,.F.);
#4961 = ORIENTED_EDGE('',*,*,#3170,.F.);
#4962 = ORIENTED_EDGE('',*,*,#4963,.F.);
#4963 = EDGE_CURVE('',#2118,#3171,#4964,.T.);
#4964 = SURFACE_CURVE('',#4965,(#4969,#4976),.PCURVE_S1.);
#4965 = LINE('',#4966,#4967);
#4966 = CARTESIAN_POINT('',(94.163979518966,-63.60320323027,0.));
#4967 = VECTOR('',#4968,1.);
#4968 = DIRECTION('',(0.5,0.866025403784,0.));
#4969 = PCURVE('',#2098,#4970);
#4970 = DEFINITIONAL_REPRESENTATION('',(#4971),#4975);
#4971 = LINE('',#4972,#4973);
#4972 = CARTESIAN_POINT('',(-34.67857956599,5.274333075402));
#4973 = VECTOR('',#4974,1.);
#4974 = DIRECTION('',(3.885780586188E-16,1.));
#4975 = ( GEOMETRIC_REPRESENTATION_CONTEXT(2) 
PARAMETRIC_REPRESENTATION_CONTEXT() REPRESENTATION_CONTEXT('2D SPACE',''
  ) );
#4976 = PCURVE('',#2156,#4977);
#4977 = DEFINITIONAL_REPRESENTATION('',(#4978),#4982);
#4978 = LINE('',#4979,#4980);
#4979 = CARTESIAN_POINT('',(0.,0.));
#4980 = VECTOR('',#4981,1.);
#4981 = DIRECTION('',(1.,0.));
#4982 = ( GEOMETRIC_REPRESENTATION_CONTEXT(2) 
PARAMETRIC_REPRESENTATION_CONTEXT() REPRESENTATION_CONTEXT('2D SPACE',''
  ) );
#4983 = ORIENTED_EDGE('',*,*,#2117,.F.);
#4984 = FACE_BOUND('',#4985,.T.);
#4985 = EDGE_LOOP('',(#4986));
#4986 = ORIENTED_EDGE('',*,*,#4738,.T.);
#4987 = FACE_BOUND('',#4988,.T.);
#4988 = EDGE_LOOP('',(#4989));
#4989 = ORIENTED_EDGE('',*,*,#4990,.T.);
#4990 = EDGE_CURVE('',#4991,#4991,#4993,.T.);
#4991 = VERTEX_POINT('',#4992);
#4992 = CARTESIAN_POINT('',(60.992317665924,-33.02,0.));
#4993 = SURFACE_CURVE('',#4994,(#4999,#5010),.PCURVE_S1.);
#4994 = CIRCLE('',#4995,3.8);
#4995 = AXIS2_PLACEMENT_3D('',#4996,#4997,#4998);
#4996 = CARTESIAN_POINT('',(57.192317665924,-33.02,0.));
#4997 = DIRECTION('',(0.,0.,1.));
#4998 = DIRECTION('',(1.,0.,-0.));
#4999 = PCURVE('',#2098,#5000);
#5000 = DEFINITIONAL_REPRESENTATION('',(#5001),#5009);
#5001 = ( BOUNDED_CURVE() B_SPLINE_CURVE(2,(#5002,#5003,#5004,#5005,
#5006,#5007,#5008),.UNSPECIFIED.,.T.,.F.) B_SPLINE_CURVE_WITH_KNOTS((1,2
    ,2,2,2,1),(-2.094395102393,0.,2.094395102393,4.188790204786,
6.28318530718,8.377580409573),.UNSPECIFIED.) CURVE() 
GEOMETRIC_REPRESENTATION_ITEM() RATIONAL_B_SPLINE_CURVE((1.,0.5,1.,0.5,
1.,0.5,1.)) REPRESENTATION_ITEM('') );
#5002 = CARTESIAN_POINT('',(9.340523899628,15.174333075402));
#5003 = CARTESIAN_POINT('',(12.631420434009,20.874333075402));
#5004 = CARTESIAN_POINT('',(15.92231696839,15.174333075402));
#5005 = CARTESIAN_POINT('',(19.213213502771,9.474333075402));
#5006 = CARTESIAN_POINT('',(12.631420434009,9.474333075402));
#5007 = CARTESIAN_POINT('',(6.049627365247,9.474333075402));
#5008 = CARTESIAN_POINT('',(9.340523899628,15.174333075402));
#5009 = ( GEOMETRIC_REPRESENTATION_CONTEXT(2) 
PARAMETRIC_REPRESENTATION_CONTEXT() REPRESENTATION_CONTEXT('2D SPACE',''
  ) );
#5010 = PCURVE('',#5011,#5016);
#5011 = CYLINDRICAL_SURFACE('',#5012,3.8);
#5012 = AXIS2_PLACEMENT_3D('',#5013,#5014,#5015);
#5013 = CARTESIAN_POINT('',(57.192317665924,-33.02,-1.));
#5014 = DIRECTION('',(0.,0.,1.));
#5015 = DIRECTION('',(1.,0.,-0.));
#5016 = DEFINITIONAL_REPRESENTATION('',(#5017),#5021);
#5017 = LINE('',#5018,#5019);
#5018 = CARTESIAN_POINT('',(0.,1.));
#5019 = VECTOR('',#5020,1.);
#5020 = DIRECTION('',(1.,0.));
#5021 = ( GEOMETRIC_REPRESENTATION_CONTEXT(2) 
PARAMETRIC_REPRESENTATION_CONTEXT() REPRESENTATION_CONTEXT('2D SPACE',''
  ) );
#5022 = FACE_BOUND('',#5023,.T.);
#5023 = EDGE_LOOP('',(#5024));
#5024 = ORIENTED_EDGE('',*,*,#4792,.T.);
#5025 = FACE_BOUND('',#5026,.T.);
#5026 = EDGE_LOOP('',(#5027));
#5027 = ORIENTED_EDGE('',*,*,#5028,.T.);
#5028 = EDGE_CURVE('',#5029,#5029,#5031,.T.);
#5029 = VERTEX_POINT('',#5030);
#5030 = CARTESIAN_POINT('',(-46.01143349771,-46.88249304365,0.));
#5031 = SURFACE_CURVE('',#5032,(#5037,#5048),.PCURVE_S1.);
#5032 = CIRCLE('',#5033,0.5);
#5033 = AXIS2_PLACEMENT_3D('',#5034,#5035,#5036);
#5034 = CARTESIAN_POINT('',(-46.51143349771,-46.88249304365,0.));
#5035 = DIRECTION('',(0.,0.,1.));
#5036 = DIRECTION('',(1.,0.,-0.));
#5037 = PCURVE('',#2098,#5038);
#5038 = DEFINITIONAL_REPRESENTATION('',(#5039),#5047);
#5039 = ( BOUNDED_CURVE() B_SPLINE_CURVE(2,(#5040,#5041,#5042,#5043,
#5044,#5045,#5046),.UNSPECIFIED.,.T.,.F.) B_SPLINE_CURVE_WITH_KNOTS((1,2
    ,2,2,2,1),(-2.094395102393,0.,2.094395102393,4.188790204786,
6.28318530718,8.377580409573),.UNSPECIFIED.) CURVE() 
GEOMETRIC_REPRESENTATION_ITEM() RATIONAL_B_SPLINE_CURVE((1.,0.5,1.,0.5,
1.,0.5,1.)) REPRESENTATION_ITEM('') );
#5040 = CARTESIAN_POINT('',(95.077244185741,-50.332813642));
#5041 = CARTESIAN_POINT('',(95.510256887633,-49.582813642));
#5042 = CARTESIAN_POINT('',(95.943269589526,-50.332813642));
#5043 = CARTESIAN_POINT('',(96.376282291418,-51.082813642));
#5044 = CARTESIAN_POINT('',(95.510256887633,-51.082813642));
#5045 = CARTESIAN_POINT('',(94.644231483849,-51.082813642));
#5046 = CARTESIAN_POINT('',(95.077244185741,-50.332813642));
#5047 = ( GEOMETRIC_REPRESENTATION_CONTEXT(2) 
PARAMETRIC_REPRESENTATION_CONTEXT() REPRESENTATION_CONTEXT('2D SPACE',''
  ) );
#5048 = PCURVE('',#5049,#5054);
#5049 = CYLINDRICAL_SURFACE('',#5050,0.5);
#5050 = AXIS2_PLACEMENT_3D('',#5051,#5052,#5053);
#5051 = CARTESIAN_POINT('',(-46.51143349771,-46.88249304365,
    -9.999999999998E-03));
#5052 = DIRECTION('',(0.,0.,1.));
#5053 = DIRECTION('',(1.,0.,-0.));
#5054 = DEFINITIONAL_REPRESENTATION('',(#5055),#5059);
#5055 = LINE('',#5056,#5057);
#5056 = CARTESIAN_POINT('',(0.,9.999999999998E-03));
#5057 = VECTOR('',#5058,1.);
#5058 = DIRECTION('',(1.,0.));
#5059 = ( GEOMETRIC_REPRESENTATION_CONTEXT(2) 
PARAMETRIC_REPRESENTATION_CONTEXT() REPRESENTATION_CONTEXT('2D SPACE',''
  ) );
#5060 = FACE_BOUND('',#5061,.T.);
#5061 = EDGE_LOOP('',(#5062));
#5062 = ORIENTED_EDGE('',*,*,#5063,.T.);
#5063 = EDGE_CURVE('',#5064,#5064,#5066,.T.);
#5064 = VERTEX_POINT('',#5065);
#5065 = CARTESIAN_POINT('',(-53.39231766592,-33.02,0.));
#5066 = SURFACE_CURVE('',#5067,(#5072,#5083),.PCURVE_S1.);
#5067 = CIRCLE('',#5068,3.8);
#5068 = AXIS2_PLACEMENT_3D('',#5069,#5070,#5071);
#5069 = CARTESIAN_POINT('',(-57.19231766592,-33.02,0.));
#5070 = DIRECTION('',(0.,0.,1.));
#5071 = DIRECTION('',(1.,0.,-0.));
#5072 = PCURVE('',#2098,#5073);
#5073 = DEFINITIONAL_REPRESENTATION('',(#5074),#5082);
#5074 = ( BOUNDED_CURVE() B_SPLINE_CURVE(2,(#5075,#5076,#5077,#5078,
#5079,#5080,#5081),.UNSPECIFIED.,.T.,.F.) B_SPLINE_CURVE_WITH_KNOTS((1,2
    ,2,2,2,1),(-2.094395102393,0.,2.094395102393,4.188790204786,
6.28318530718,8.377580409573),.UNSPECIFIED.) CURVE() 
GEOMETRIC_REPRESENTATION_ITEM() RATIONAL_B_SPLINE_CURVE((1.,0.5,1.,0.5,
1.,0.5,1.)) REPRESENTATION_ITEM('') );
#5075 = CARTESIAN_POINT('',(108.40052389962,-42.01798459052));
#5076 = CARTESIAN_POINT('',(111.691420434,-36.31798459052));
#5077 = CARTESIAN_POINT('',(114.98231696839,-42.01798459052));
#5078 = CARTESIAN_POINT('',(118.27321350277,-47.71798459052));
#5079 = CARTESIAN_POINT('',(111.691420434,-47.71798459052));
#5080 = CARTESIAN_POINT('',(105.10962736524,-47.71798459052));
#5081 = CARTESIAN_POINT('',(108.40052389962,-42.01798459052));
#5082 = ( GEOMETRIC_REPRESENTATION_CONTEXT(2) 
PARAMETRIC_REPRESENTATION_CONTEXT() REPRESENTATION_CONTEXT('2D SPACE',''
  ) );
#5083 = PCURVE('',#5084,#5089);
#5084 = CYLINDRICAL_SURFACE('',#5085,3.8);
#5085 = AXIS2_PLACEMENT_3D('',#5086,#5087,#5088);
#5086 = CARTESIAN_POINT('',(-57.19231766592,-33.02,-1.));
#5087 = DIRECTION('',(0.,0.,1.));
#5088 = DIRECTION('',(1.,0.,-0.));
#5089 = DEFINITIONAL_REPRESENTATION('',(#5090),#5094);
#5090 = LINE('',#5091,#5092);
#5091 = CARTESIAN_POINT('',(0.,1.));
#5092 = VECTOR('',#5093,1.);
#5093 = DIRECTION('',(1.,0.));
#5094 = ( GEOMETRIC_REPRESENTATION_CONTEXT(2) 
PARAMETRIC_REPRESENTATION_CONTEXT() REPRESENTATION_CONTEXT('2D SPACE',''
  ) );
#5095 = FACE_BOUND('',#5096,.T.);
#5096 = EDGE_LOOP('',(#5097));
#5097 = ORIENTED_EDGE('',*,*,#4684,.T.);
#5098 = FACE_BOUND('',#5099,.T.);
#5099 = EDGE_LOOP('',(#5100));
#5100 = ORIENTED_EDGE('',*,*,#5101,.T.);
#5101 = EDGE_CURVE('',#5102,#5102,#5104,.T.);
#5102 = VERTEX_POINT('',#5103);
#5103 = CARTESIAN_POINT('',(64.357146717404,-16.83883645362,0.));
#5104 = SURFACE_CURVE('',#5105,(#5110,#5121),.PCURVE_S1.);
#5105 = CIRCLE('',#5106,0.5);
#5106 = AXIS2_PLACEMENT_3D('',#5107,#5108,#5109);
#5107 = CARTESIAN_POINT('',(63.857146717404,-16.83883645362,0.));
#5108 = DIRECTION('',(0.,0.,1.));
#5109 = DIRECTION('',(1.,0.,-0.));
#5110 = PCURVE('',#2098,#5111);
#5111 = DEFINITIONAL_REPRESENTATION('',(#5112),#5120);
#5112 = ( BOUNDED_CURVE() B_SPLINE_CURVE(2,(#5113,#5114,#5115,#5116,
#5117,#5118,#5119),.UNSPECIFIED.,.T.,.F.) B_SPLINE_CURVE_WITH_KNOTS((1,2
    ,2,2,2,1),(-2.094395102393,0.,2.094395102393,4.188790204786,
6.28318530718,8.377580409573),.UNSPECIFIED.) CURVE() 
GEOMETRIC_REPRESENTATION_ITEM() RATIONAL_B_SPLINE_CURVE((1.,0.5,1.,0.5,
1.,0.5,1.)) REPRESENTATION_ITEM('') );
#5113 = CARTESIAN_POINT('',(14.517078234842,30.870046295093));
#5114 = CARTESIAN_POINT('',(14.950090936734,31.620046295093));
#5115 = CARTESIAN_POINT('',(15.383103638627,30.870046295093));
#5116 = CARTESIAN_POINT('',(15.816116340519,30.120046295093));
#5117 = CARTESIAN_POINT('',(14.950090936734,30.120046295093));
#5118 = CARTESIAN_POINT('',(14.08406553295,30.120046295093));
#5119 = CARTESIAN_POINT('',(14.517078234842,30.870046295093));
#5120 = ( GEOMETRIC_REPRESENTATION_CONTEXT(2) 
PARAMETRIC_REPRESENTATION_CONTEXT() REPRESENTATION_CONTEXT('2D SPACE',''
  ) );
#5121 = PCURVE('',#5122,#5127);
#5122 = CYLINDRICAL_SURFACE('',#5123,0.5);
#5123 = AXIS2_PLACEMENT_3D('',#5124,#5125,#5126);
#5124 = CARTESIAN_POINT('',(63.857146717404,-16.83883645362,
    -9.999999999998E-03));
#5125 = DIRECTION('',(0.,0.,1.));
#5126 = DIRECTION('',(1.,0.,-0.));
#5127 = DEFINITIONAL_REPRESENTATION('',(#5128),#5132);
#5128 = LINE('',#5129,#5130);
#5129 = CARTESIAN_POINT('',(0.,9.999999999998E-03));
#5130 = VECTOR('',#5131,1.);
#5131 = DIRECTION('',(1.,0.));
#5132 = ( GEOMETRIC_REPRESENTATION_CONTEXT(2) 
PARAMETRIC_REPRESENTATION_CONTEXT() REPRESENTATION_CONTEXT('2D SPACE',''
  ) );
#5133 = FACE_BOUND('',#5134,.T.);
#5134 = EDGE_LOOP('',(#5135));
#5135 = ORIENTED_EDGE('',*,*,#4846,.T.);
#5136 = FACE_BOUND('',#5137,.T.);
#5137 = EDGE_LOOP('',(#5138));
#5138 = ORIENTED_EDGE('',*,*,#5139,.T.);
#5139 = EDGE_CURVE('',#5140,#5140,#5142,.T.);
#5140 = VERTEX_POINT('',#5141);
#5141 = CARTESIAN_POINT('',(3.8,66.04,0.));
#5142 = SURFACE_CURVE('',#5143,(#5148,#5159),.PCURVE_S1.);
#5143 = CIRCLE('',#5144,3.8);
#5144 = AXIS2_PLACEMENT_3D('',#5145,#5146,#5147);
#5145 = CARTESIAN_POINT('',(4.043783730785E-15,66.04,0.));
#5146 = DIRECTION('',(0.,0.,1.));
#5147 = DIRECTION('',(1.,0.,-0.));
#5148 = PCURVE('',#2098,#5149);
#5149 = DEFINITIONAL_REPRESENTATION('',(#5150),#5158);
#5150 = ( BOUNDED_CURVE() B_SPLINE_CURVE(2,(#5151,#5152,#5153,#5154,
#5155,#5156,#5157),.UNSPECIFIED.,.T.,.F.) B_SPLINE_CURVE_WITH_KNOTS((1,2
    ,2,2,2,1),(-2.094395102393,0.,2.094395102393,4.188790204786,
6.28318530718,8.377580409573),.UNSPECIFIED.) CURVE() 
GEOMETRIC_REPRESENTATION_ITEM() RATIONAL_B_SPLINE_CURVE((1.,0.5,1.,0.5,
1.,0.5,1.)) REPRESENTATION_ITEM('') );
#5151 = CARTESIAN_POINT('',(108.40052389962,72.366650741326));
#5152 = CARTESIAN_POINT('',(111.691420434,78.066650741326));
#5153 = CARTESIAN_POINT('',(114.98231696839,72.366650741326));
#5154 = CARTESIAN_POINT('',(118.27321350277,66.666650741326));
#5155 = CARTESIAN_POINT('',(111.691420434,66.666650741326));
#5156 = CARTESIAN_POINT('',(105.10962736524,66.666650741326));
#5157 = CARTESIAN_POINT('',(108.40052389962,72.366650741326));
#5158 = ( GEOMETRIC_REPRESENTATION_CONTEXT(2) 
PARAMETRIC_REPRESENTATION_CONTEXT() REPRESENTATION_CONTEXT('2D SPACE',''
  ) );
#5159 = PCURVE('',#5160,#5165);
#5160 = CYLINDRICAL_SURFACE('',#5161,3.8);
#5161 = AXIS2_PLACEMENT_3D('',#5162,#5163,#5164);
#5162 = CARTESIAN_POINT('',(4.043783730785E-15,66.04,-1.));
#5163 = DIRECTION('',(0.,0.,1.));
#5164 = DIRECTION('',(1.,0.,-0.));
#5165 = DEFINITIONAL_REPRESENTATION('',(#5166),#5170);
#5166 = LINE('',#5167,#5168);
#5167 = CARTESIAN_POINT('',(0.,1.));
#5168 = VECTOR('',#5169,1.);
#5169 = DIRECTION('',(1.,0.));
#5170 = ( GEOMETRIC_REPRESENTATION_CONTEXT(2) 
PARAMETRIC_REPRESENTATION_CONTEXT() REPRESENTATION_CONTEXT('2D SPACE',''
  ) );
#5171 = FACE_BOUND('',#5172,.T.);
#5172 = EDGE_LOOP('',(#5173));
#5173 = ORIENTED_EDGE('',*,*,#5174,.T.);
#5174 = EDGE_CURVE('',#5175,#5175,#5177,.T.);
#5175 = VERTEX_POINT('',#5176);
#5176 = CARTESIAN_POINT('',(-16.84571321969,63.721329497274,0.));
#5177 = SURFACE_CURVE('',#5178,(#5183,#5194),.PCURVE_S1.);
#5178 = CIRCLE('',#5179,0.5);
#5179 = AXIS2_PLACEMENT_3D('',#5180,#5181,#5182);
#5180 = CARTESIAN_POINT('',(-17.34571321969,63.721329497274,0.));
#5181 = DIRECTION('',(0.,0.,1.));
#5182 = DIRECTION('',(1.,0.,-0.));
#5183 = PCURVE('',#2098,#5184);
#5184 = DEFINITIONAL_REPRESENTATION('',(#5185),#5193);
#5185 = ( BOUNDED_CURVE() B_SPLINE_CURVE(2,(#5186,#5187,#5188,#5189,
#5190,#5191,#5192),.UNSPECIFIED.,.T.,.F.) B_SPLINE_CURVE_WITH_KNOTS((1,2
    ,2,2,2,1),(-2.094395102393,0.,2.094395102393,4.188790204786,
6.28318530718,8.377580409573),.UNSPECIFIED.) CURVE() 
GEOMETRIC_REPRESENTATION_ITEM() RATIONAL_B_SPLINE_CURVE((1.,0.5,1.,0.5,
1.,0.5,1.)) REPRESENTATION_ITEM('') );
#5186 = CARTESIAN_POINT('',(125.12090077576,60.035766573114));
#5187 = CARTESIAN_POINT('',(125.55391347765,60.785766573114));
#5188 = CARTESIAN_POINT('',(125.98692617955,60.035766573114));
#5189 = CARTESIAN_POINT('',(126.41993888144,59.285766573114));
#5190 = CARTESIAN_POINT('',(125.55391347765,59.285766573114));
#5191 = CARTESIAN_POINT('',(124.68788807387,59.285766573114));
#5192 = CARTESIAN_POINT('',(125.12090077576,60.035766573114));
#5193 = ( GEOMETRIC_REPRESENTATION_CONTEXT(2) 
PARAMETRIC_REPRESENTATION_CONTEXT() REPRESENTATION_CONTEXT('2D SPACE',''
  ) );
#5194 = PCURVE('',#5195,#5200);
#5195 = CYLINDRICAL_SURFACE('',#5196,0.5);
#5196 = AXIS2_PLACEMENT_3D('',#5197,#5198,#5199);
#5197 = CARTESIAN_POINT('',(-17.34571321969,63.721329497274,
    -9.999999999998E-03));
#5198 = DIRECTION('',(0.,0.,1.));
#5199 = DIRECTION('',(1.,0.,-0.));
#5200 = DEFINITIONAL_REPRESENTATION('',(#5201),#5205);
#5201 = LINE('',#5202,#5203);
#5202 = CARTESIAN_POINT('',(0.,9.999999999998E-03));
#5203 = VECTOR('',#5204,1.);
#5204 = DIRECTION('',(1.,0.));
#5205 = ( GEOMETRIC_REPRESENTATION_CONTEXT(2) 
PARAMETRIC_REPRESENTATION_CONTEXT() REPRESENTATION_CONTEXT('2D SPACE',''
  ) );
#5206 = ADVANCED_FACE('',(#5207),#2156,.F.);
#5207 = FACE_BOUND('',#5208,.F.);
#5208 = EDGE_LOOP('',(#5209,#5210,#5211,#5232,#5233,#5234));
#5209 = ORIENTED_EDGE('',*,*,#2142,.T.);
#5210 = ORIENTED_EDGE('',*,*,#2277,.T.);
#5211 = ORIENTED_EDGE('',*,*,#5212,.T.);
#5212 = EDGE_CURVE('',#2250,#3010,#5213,.T.);
#5213 = SURFACE_CURVE('',#5214,(#5218,#5225),.PCURVE_S1.);
#5214 = LINE('',#5215,#5216);
#5215 = CARTESIAN_POINT('',(94.163979518966,-63.60320323027,48.8));
#5216 = VECTOR('',#5217,1.);
#5217 = DIRECTION('',(0.5,0.866025403784,0.));
#5218 = PCURVE('',#2156,#5219);
#5219 = DEFINITIONAL_REPRESENTATION('',(#5220),#5224);
#5220 = LINE('',#5221,#5222);
#5221 = CARTESIAN_POINT('',(0.,-48.8));
#5222 = VECTOR('',#5223,1.);
#5223 = DIRECTION('',(1.,0.));
#5224 = ( GEOMETRIC_REPRESENTATION_CONTEXT(2) 
PARAMETRIC_REPRESENTATION_CONTEXT() REPRESENTATION_CONTEXT('2D SPACE',''
  ) );
#5225 = PCURVE('',#2265,#5226);
#5226 = DEFINITIONAL_REPRESENTATION('',(#5227),#5231);
#5227 = LINE('',#5228,#5229);
#5228 = CARTESIAN_POINT('',(0.763139720814,-9.678203230276));
#5229 = VECTOR('',#5230,1.);
#5230 = DIRECTION('',(0.5,0.866025403784));
#5231 = ( GEOMETRIC_REPRESENTATION_CONTEXT(2) 
PARAMETRIC_REPRESENTATION_CONTEXT() REPRESENTATION_CONTEXT('2D SPACE',''
  ) );
#5232 = ORIENTED_EDGE('',*,*,#3009,.F.);
#5233 = ORIENTED_EDGE('',*,*,#3195,.F.);
#5234 = ORIENTED_EDGE('',*,*,#4963,.F.);
#5235 = ADVANCED_FACE('',(#5236,#5242),#2265,.T.);
#5236 = FACE_BOUND('',#5237,.T.);
#5237 = EDGE_LOOP('',(#5238,#5239,#5240,#5241));
#5238 = ORIENTED_EDGE('',*,*,#2249,.T.);
#5239 = ORIENTED_EDGE('',*,*,#5212,.T.);
#5240 = ORIENTED_EDGE('',*,*,#3032,.T.);
#5241 = ORIENTED_EDGE('',*,*,#4883,.T.);
#5242 = FACE_BOUND('',#5243,.T.);
#5243 = EDGE_LOOP('',(#5244));
#5244 = ORIENTED_EDGE('',*,*,#5245,.F.);
#5245 = EDGE_CURVE('',#5246,#5246,#5248,.T.);
#5246 = VERTEX_POINT('',#5247);
#5247 = CARTESIAN_POINT('',(95.400839798152,-53.925,48.8));
#5248 = SURFACE_CURVE('',#5249,(#5254,#5261),.PCURVE_S1.);
#5249 = CIRCLE('',#5250,2.);
#5250 = AXIS2_PLACEMENT_3D('',#5251,#5252,#5253);
#5251 = CARTESIAN_POINT('',(93.400839798152,-53.925,48.8));
#5252 = DIRECTION('',(0.,0.,1.));
#5253 = DIRECTION('',(1.,0.,-0.));
#5254 = PCURVE('',#2265,#5255);
#5255 = DEFINITIONAL_REPRESENTATION('',(#5256),#5260);
#5256 = CIRCLE('',#5257,2.);
#5257 = AXIS2_PLACEMENT_2D('',#5258,#5259);
#5258 = CARTESIAN_POINT('',(1.42108547152E-14,-7.105427357601E-15));
#5259 = DIRECTION('',(1.,0.));
#5260 = ( GEOMETRIC_REPRESENTATION_CONTEXT(2) 
PARAMETRIC_REPRESENTATION_CONTEXT() REPRESENTATION_CONTEXT('2D SPACE',''
  ) );
#5261 = PCURVE('',#5262,#5267);
#5262 = CYLINDRICAL_SURFACE('',#5263,2.);
#5263 = AXIS2_PLACEMENT_3D('',#5264,#5265,#5266);
#5264 = CARTESIAN_POINT('',(93.400839798152,-53.925,41.5));
#5265 = DIRECTION('',(0.,0.,1.));
#5266 = DIRECTION('',(1.,0.,-0.));
#5267 = DEFINITIONAL_REPRESENTATION('',(#5268),#5272);
#5268 = LINE('',#5269,#5270);
#5269 = CARTESIAN_POINT('',(0.,7.3));
#5270 = VECTOR('',#5271,1.);
#5271 = DIRECTION('',(1.,0.));
#5272 = ( GEOMETRIC_REPRESENTATION_CONTEXT(2) 
PARAMETRIC_REPRESENTATION_CONTEXT() REPRESENTATION_CONTEXT('2D SPACE',''
  ) );
#5273 = ADVANCED_FACE('',(#5274),#2389,.F.);
#5274 = FACE_BOUND('',#5275,.F.);
#5275 = EDGE_LOOP('',(#5276,#5277,#5278,#5299,#5300,#5301));
#5276 = ORIENTED_EDGE('',*,*,#3538,.T.);
#5277 = ORIENTED_EDGE('',*,*,#3412,.T.);
#5278 = ORIENTED_EDGE('',*,*,#5279,.T.);
#5279 = EDGE_CURVE('',#3390,#2464,#5280,.T.);
#5280 = SURFACE_CURVE('',#5281,(#5285,#5292),.PCURVE_S1.);
#5281 = LINE('',#5282,#5283);
#5282 = CARTESIAN_POINT('',(-102.1639795189,-49.74679676972,48.8));
#5283 = VECTOR('',#5284,1.);
#5284 = DIRECTION('',(0.5,-0.866025403784,-0.));
#5285 = PCURVE('',#2389,#5286);
#5286 = DEFINITIONAL_REPRESENTATION('',(#5287),#5291);
#5287 = LINE('',#5288,#5289);
#5288 = CARTESIAN_POINT('',(0.,-48.8));
#5289 = VECTOR('',#5290,1.);
#5290 = DIRECTION('',(1.,0.));
#5291 = ( GEOMETRIC_REPRESENTATION_CONTEXT(2) 
PARAMETRIC_REPRESENTATION_CONTEXT() REPRESENTATION_CONTEXT('2D SPACE',''
  ) );
#5292 = PCURVE('',#2500,#5293);
#5293 = DEFINITIONAL_REPRESENTATION('',(#5294),#5298);
#5294 = LINE('',#5295,#5296);
#5295 = CARTESIAN_POINT('',(-8.763139720814,4.178203230276));
#5296 = VECTOR('',#5297,1.);
#5297 = DIRECTION('',(0.5,-0.866025403784));
#5298 = ( GEOMETRIC_REPRESENTATION_CONTEXT(2) 
PARAMETRIC_REPRESENTATION_CONTEXT() REPRESENTATION_CONTEXT('2D SPACE',''
  ) );
#5299 = ORIENTED_EDGE('',*,*,#2463,.F.);
#5300 = ORIENTED_EDGE('',*,*,#2375,.F.);
#5301 = ORIENTED_EDGE('',*,*,#4911,.F.);
#5302 = ADVANCED_FACE('',(#5303),#2424,.F.);
#5303 = FACE_BOUND('',#5304,.F.);
#5304 = EDGE_LOOP('',(#5305,#5306,#5307,#5330,#5358,#5379,#5380,#5381));
#5305 = ORIENTED_EDGE('',*,*,#3366,.F.);
#5306 = ORIENTED_EDGE('',*,*,#3241,.T.);
#5307 = ORIENTED_EDGE('',*,*,#5308,.T.);
#5308 = EDGE_CURVE('',#3244,#5309,#5311,.T.);
#5309 = VERTEX_POINT('',#5310);
#5310 = CARTESIAN_POINT('',(-90.13770007733,-48.57692378864,11.));
#5311 = SURFACE_CURVE('',#5312,(#5316,#5323),.PCURVE_S1.);
#5312 = LINE('',#5313,#5314);
#5313 = CARTESIAN_POINT('',(-90.13770007733,-48.57692378864,6.99));
#5314 = VECTOR('',#5315,1.);
#5315 = DIRECTION('',(0.,0.,1.));
#5316 = PCURVE('',#2424,#5317);
#5317 = DEFINITIONAL_REPRESENTATION('',(#5318),#5322);
#5318 = LINE('',#5319,#5320);
#5319 = CARTESIAN_POINT('',(11.,-6.99));
#5320 = VECTOR('',#5321,1.);
#5321 = DIRECTION('',(0.,-1.));
#5322 = ( GEOMETRIC_REPRESENTATION_CONTEXT(2) 
PARAMETRIC_REPRESENTATION_CONTEXT() REPRESENTATION_CONTEXT('2D SPACE',''
  ) );
#5323 = PCURVE('',#3074,#5324);
#5324 = DEFINITIONAL_REPRESENTATION('',(#5325),#5329);
#5325 = LINE('',#5326,#5327);
#5326 = CARTESIAN_POINT('',(34.11,0.));
#5327 = VECTOR('',#5328,1.);
#5328 = DIRECTION('',(0.,-1.));
#5329 = ( GEOMETRIC_REPRESENTATION_CONTEXT(2) 
PARAMETRIC_REPRESENTATION_CONTEXT() REPRESENTATION_CONTEXT('2D SPACE',''
  ) );
#5330 = ORIENTED_EDGE('',*,*,#5331,.T.);
#5331 = EDGE_CURVE('',#5309,#5332,#5334,.T.);
#5332 = VERTEX_POINT('',#5333);
#5333 = CARTESIAN_POINT('',(-87.13770007733,-53.77307621135,11.));
#5334 = SURFACE_CURVE('',#5335,(#5339,#5346),.PCURVE_S1.);
#5335 = LINE('',#5336,#5337);
#5336 = CARTESIAN_POINT('',(-90.13770007733,-48.57692378864,11.));
#5337 = VECTOR('',#5338,1.);
#5338 = DIRECTION('',(0.5,-0.866025403784,-0.));
#5339 = PCURVE('',#2424,#5340);
#5340 = DEFINITIONAL_REPRESENTATION('',(#5341),#5345);
#5341 = LINE('',#5342,#5343);
#5342 = CARTESIAN_POINT('',(11.,-11.));
#5343 = VECTOR('',#5344,1.);
#5344 = DIRECTION('',(-1.,0.));
#5345 = ( GEOMETRIC_REPRESENTATION_CONTEXT(2) 
PARAMETRIC_REPRESENTATION_CONTEXT() REPRESENTATION_CONTEXT('2D SPACE',''
  ) );
#5346 = PCURVE('',#5347,#5352);
#5347 = PLANE('',#5348);
#5348 = AXIS2_PLACEMENT_3D('',#5349,#5350,#5351);
#5349 = CARTESIAN_POINT('',(-73.86763681579,-42.6475,11.));
#5350 = DIRECTION('',(0.,0.,1.));
#5351 = DIRECTION('',(1.,0.,-0.));
#5352 = DEFINITIONAL_REPRESENTATION('',(#5353),#5357);
#5353 = LINE('',#5354,#5355);
#5354 = CARTESIAN_POINT('',(-16.27006326154,-5.929423788647));
#5355 = VECTOR('',#5356,1.);
#5356 = DIRECTION('',(0.5,-0.866025403784));
#5357 = ( GEOMETRIC_REPRESENTATION_CONTEXT(2) 
PARAMETRIC_REPRESENTATION_CONTEXT() REPRESENTATION_CONTEXT('2D SPACE',''
  ) );
#5358 = ORIENTED_EDGE('',*,*,#5359,.F.);
#5359 = EDGE_CURVE('',#2516,#5332,#5360,.T.);
#5360 = SURFACE_CURVE('',#5361,(#5365,#5372),.PCURVE_S1.);
#5361 = LINE('',#5362,#5363);
#5362 = CARTESIAN_POINT('',(-87.13770007733,-53.77307621135,6.99));
#5363 = VECTOR('',#5364,1.);
#5364 = DIRECTION('',(0.,0.,1.));
#5365 = PCURVE('',#2424,#5366);
#5366 = DEFINITIONAL_REPRESENTATION('',(#5367),#5371);
#5367 = LINE('',#5368,#5369);
#5368 = CARTESIAN_POINT('',(5.,-6.99));
#5369 = VECTOR('',#5370,1.);
#5370 = DIRECTION('',(0.,-1.));
#5371 = ( GEOMETRIC_REPRESENTATION_CONTEXT(2) 
PARAMETRIC_REPRESENTATION_CONTEXT() REPRESENTATION_CONTEXT('2D SPACE',''
  ) );
#5372 = PCURVE('',#2555,#5373);
#5373 = DEFINITIONAL_REPRESENTATION('',(#5374),#5378);
#5374 = LINE('',#5375,#5376);
#5375 = CARTESIAN_POINT('',(0.,0.));
#5376 = VECTOR('',#5377,1.);
#5377 = DIRECTION('',(0.,-1.));
#5378 = ( GEOMETRIC_REPRESENTATION_CONTEXT(2) 
PARAMETRIC_REPRESENTATION_CONTEXT() REPRESENTATION_CONTEXT('2D SPACE',''
  ) );
#5379 = ORIENTED_EDGE('',*,*,#2515,.T.);
#5380 = ORIENTED_EDGE('',*,*,#2406,.T.);
#5381 = ORIENTED_EDGE('',*,*,#5382,.T.);
#5382 = EDGE_CURVE('',#2409,#3367,#5383,.T.);
#5383 = SURFACE_CURVE('',#5384,(#5388,#5395),.PCURVE_S1.);
#5384 = LINE('',#5385,#5386);
#5385 = CARTESIAN_POINT('',(-84.63770007733,-58.10320323027,48.8));
#5386 = VECTOR('',#5387,1.);
#5387 = DIRECTION('',(-0.5,0.866025403784,0.));
#5388 = PCURVE('',#2424,#5389);
#5389 = DEFINITIONAL_REPRESENTATION('',(#5390),#5394);
#5390 = LINE('',#5391,#5392);
#5391 = CARTESIAN_POINT('',(0.,-48.8));
#5392 = VECTOR('',#5393,1.);
#5393 = DIRECTION('',(1.,0.));
#5394 = ( GEOMETRIC_REPRESENTATION_CONTEXT(2) 
PARAMETRIC_REPRESENTATION_CONTEXT() REPRESENTATION_CONTEXT('2D SPACE',''
  ) );
#5395 = PCURVE('',#2500,#5396);
#5396 = DEFINITIONAL_REPRESENTATION('',(#5397),#5401);
#5397 = LINE('',#5398,#5399);
#5398 = CARTESIAN_POINT('',(8.763139720814,-4.178203230276));
#5399 = VECTOR('',#5400,1.);
#5400 = DIRECTION('',(-0.5,0.866025403784));
#5401 = ( GEOMETRIC_REPRESENTATION_CONTEXT(2) 
PARAMETRIC_REPRESENTATION_CONTEXT() REPRESENTATION_CONTEXT('2D SPACE',''
  ) );
#5402 = ADVANCED_FACE('',(#5403,#5409),#2500,.T.);
#5403 = FACE_BOUND('',#5404,.T.);
#5404 = EDGE_LOOP('',(#5405,#5406,#5407,#5408));
#5405 = ORIENTED_EDGE('',*,*,#3389,.T.);
#5406 = ORIENTED_EDGE('',*,*,#5279,.T.);
#5407 = ORIENTED_EDGE('',*,*,#2486,.T.);
#5408 = ORIENTED_EDGE('',*,*,#5382,.T.);
#5409 = FACE_BOUND('',#5410,.T.);
#5410 = EDGE_LOOP('',(#5411));
#5411 = ORIENTED_EDGE('',*,*,#5412,.F.);
#5412 = EDGE_CURVE('',#5413,#5413,#5415,.T.);
#5413 = VERTEX_POINT('',#5414);
#5414 = CARTESIAN_POINT('',(-91.40083979815,-53.925,48.8));
#5415 = SURFACE_CURVE('',#5416,(#5421,#5428),.PCURVE_S1.);
#5416 = CIRCLE('',#5417,2.);
#5417 = AXIS2_PLACEMENT_3D('',#5418,#5419,#5420);
#5418 = CARTESIAN_POINT('',(-93.40083979815,-53.925,48.8));
#5419 = DIRECTION('',(0.,0.,1.));
#5420 = DIRECTION('',(1.,0.,-0.));
#5421 = PCURVE('',#2500,#5422);
#5422 = DEFINITIONAL_REPRESENTATION('',(#5423),#5427);
#5423 = CIRCLE('',#5424,2.);
#5424 = AXIS2_PLACEMENT_2D('',#5425,#5426);
#5425 = CARTESIAN_POINT('',(1.42108547152E-14,0.));
#5426 = DIRECTION('',(1.,0.));
#5427 = ( GEOMETRIC_REPRESENTATION_CONTEXT(2) 
PARAMETRIC_REPRESENTATION_CONTEXT() REPRESENTATION_CONTEXT('2D SPACE',''
  ) );
#5428 = PCURVE('',#5429,#5434);
#5429 = CYLINDRICAL_SURFACE('',#5430,2.);
#5430 = AXIS2_PLACEMENT_3D('',#5431,#5432,#5433);
#5431 = CARTESIAN_POINT('',(-93.40083979815,-53.925,41.5));
#5432 = DIRECTION('',(0.,0.,1.));
#5433 = DIRECTION('',(1.,0.,-0.));
#5434 = DEFINITIONAL_REPRESENTATION('',(#5435),#5439);
#5435 = LINE('',#5436,#5437);
#5436 = CARTESIAN_POINT('',(0.,7.3));
#5437 = VECTOR('',#5438,1.);
#5438 = DIRECTION('',(1.,0.));
#5439 = ( GEOMETRIC_REPRESENTATION_CONTEXT(2) 
PARAMETRIC_REPRESENTATION_CONTEXT() REPRESENTATION_CONTEXT('2D SPACE',''
  ) );
#5440 = ADVANCED_FACE('',(#5441),#2555,.F.);
#5441 = FACE_BOUND('',#5442,.F.);
#5442 = EDGE_LOOP('',(#5443,#5466,#5467,#5468,#5469));
#5443 = ORIENTED_EDGE('',*,*,#5444,.F.);
#5444 = EDGE_CURVE('',#2658,#5445,#5447,.T.);
#5445 = VERTEX_POINT('',#5446);
#5446 = CARTESIAN_POINT('',(-61.36065075423,-38.89068984574,11.));
#5447 = SURFACE_CURVE('',#5448,(#5452,#5459),.PCURVE_S1.);
#5448 = LINE('',#5449,#5450);
#5449 = CARTESIAN_POINT('',(-61.36065075423,-38.89068984574,0.));
#5450 = VECTOR('',#5451,1.);
#5451 = DIRECTION('',(0.,0.,1.));
#5452 = PCURVE('',#2555,#5453);
#5453 = DEFINITIONAL_REPRESENTATION('',(#5454),#5458);
#5454 = LINE('',#5455,#5456);
#5455 = CARTESIAN_POINT('',(29.764772731219,6.99));
#5456 = VECTOR('',#5457,1.);
#5457 = DIRECTION('',(0.,-1.));
#5458 = ( GEOMETRIC_REPRESENTATION_CONTEXT(2) 
PARAMETRIC_REPRESENTATION_CONTEXT() REPRESENTATION_CONTEXT('2D SPACE',''
  ) );
#5459 = PCURVE('',#2945,#5460);
#5460 = DEFINITIONAL_REPRESENTATION('',(#5461),#5465);
#5461 = LINE('',#5462,#5463);
#5462 = CARTESIAN_POINT('',(4.094966860493,0.));
#5463 = VECTOR('',#5464,1.);
#5464 = DIRECTION('',(0.,1.));
#5465 = ( GEOMETRIC_REPRESENTATION_CONTEXT(2) 
PARAMETRIC_REPRESENTATION_CONTEXT() REPRESENTATION_CONTEXT('2D SPACE',''
  ) );
#5466 = ORIENTED_EDGE('',*,*,#2657,.T.);
#5467 = ORIENTED_EDGE('',*,*,#2538,.F.);
#5468 = ORIENTED_EDGE('',*,*,#5359,.T.);
#5469 = ORIENTED_EDGE('',*,*,#5470,.T.);
#5470 = EDGE_CURVE('',#5332,#5445,#5471,.T.);
#5471 = SURFACE_CURVE('',#5472,(#5476,#5483),.PCURVE_S1.);
#5472 = LINE('',#5473,#5474);
#5473 = CARTESIAN_POINT('',(-87.13770007733,-53.77307621135,11.));
#5474 = VECTOR('',#5475,1.);
#5475 = DIRECTION('',(0.866025403784,0.5,0.));
#5476 = PCURVE('',#2555,#5477);
#5477 = DEFINITIONAL_REPRESENTATION('',(#5478),#5482);
#5478 = LINE('',#5479,#5480);
#5479 = CARTESIAN_POINT('',(0.,-4.01));
#5480 = VECTOR('',#5481,1.);
#5481 = DIRECTION('',(1.,0.));
#5482 = ( GEOMETRIC_REPRESENTATION_CONTEXT(2) 
PARAMETRIC_REPRESENTATION_CONTEXT() REPRESENTATION_CONTEXT('2D SPACE',''
  ) );
#5483 = PCURVE('',#5347,#5484);
#5484 = DEFINITIONAL_REPRESENTATION('',(#5485),#5489);
#5485 = LINE('',#5486,#5487);
#5486 = CARTESIAN_POINT('',(-13.27006326154,-11.12557621135));
#5487 = VECTOR('',#5488,1.);
#5488 = DIRECTION('',(0.866025403784,0.5));
#5489 = ( GEOMETRIC_REPRESENTATION_CONTEXT(2) 
PARAMETRIC_REPRESENTATION_CONTEXT() REPRESENTATION_CONTEXT('2D SPACE',''
  ) );
#5490 = ADVANCED_FACE('',(#5491),#2945,.T.);
#5491 = FACE_BOUND('',#5492,.T.);
#5492 = EDGE_LOOP('',(#5493,#5494,#5495,#5518,#5545,#5546,#5547,#5570));
#5493 = ORIENTED_EDGE('',*,*,#5444,.F.);
#5494 = ORIENTED_EDGE('',*,*,#2957,.T.);
#5495 = ORIENTED_EDGE('',*,*,#5496,.T.);
#5496 = EDGE_CURVE('',#2929,#5497,#5499,.T.);
#5497 = VERTEX_POINT('',#5498);
#5498 = CARTESIAN_POINT('',(-49.99231766592,-33.02,16.));
#5499 = SEAM_CURVE('',#5500,(#5504,#5511),.PCURVE_S1.);
#5500 = LINE('',#5501,#5502);
#5501 = CARTESIAN_POINT('',(-49.99231766592,-33.02,0.));
#5502 = VECTOR('',#5503,1.);
#5503 = DIRECTION('',(0.,0.,1.));
#5504 = PCURVE('',#2945,#5505);
#5505 = DEFINITIONAL_REPRESENTATION('',(#5506),#5510);
#5506 = LINE('',#5507,#5508);
#5507 = CARTESIAN_POINT('',(0.,-0.));
#5508 = VECTOR('',#5509,1.);
#5509 = DIRECTION('',(0.,1.));
#5510 = ( GEOMETRIC_REPRESENTATION_CONTEXT(2) 
PARAMETRIC_REPRESENTATION_CONTEXT() REPRESENTATION_CONTEXT('2D SPACE',''
  ) );
#5511 = PCURVE('',#2945,#5512);
#5512 = DEFINITIONAL_REPRESENTATION('',(#5513),#5517);
#5513 = LINE('',#5514,#5515);
#5514 = CARTESIAN_POINT('',(6.28318530718,-0.));
#5515 = VECTOR('',#5516,1.);
#5516 = DIRECTION('',(0.,1.));
#5517 = ( GEOMETRIC_REPRESENTATION_CONTEXT(2) 
PARAMETRIC_REPRESENTATION_CONTEXT() REPRESENTATION_CONTEXT('2D SPACE',''
  ) );
#5518 = ORIENTED_EDGE('',*,*,#5519,.F.);
#5519 = EDGE_CURVE('',#5497,#5497,#5520,.T.);
#5520 = SURFACE_CURVE('',#5521,(#5526,#5533),.PCURVE_S1.);
#5521 = CIRCLE('',#5522,7.2);
#5522 = AXIS2_PLACEMENT_3D('',#5523,#5524,#5525);
#5523 = CARTESIAN_POINT('',(-57.19231766592,-33.02,16.));
#5524 = DIRECTION('',(0.,0.,1.));
#5525 = DIRECTION('',(1.,0.,-0.));
#5526 = PCURVE('',#2945,#5527);
#5527 = DEFINITIONAL_REPRESENTATION('',(#5528),#5532);
#5528 = LINE('',#5529,#5530);
#5529 = CARTESIAN_POINT('',(0.,16.));
#5530 = VECTOR('',#5531,1.);
#5531 = DIRECTION('',(1.,0.));
#5532 = ( GEOMETRIC_REPRESENTATION_CONTEXT(2) 
PARAMETRIC_REPRESENTATION_CONTEXT() REPRESENTATION_CONTEXT('2D SPACE',''
  ) );
#5533 = PCURVE('',#5534,#5539);
#5534 = PLANE('',#5535);
#5535 = AXIS2_PLACEMENT_3D('',#5536,#5537,#5538);
#5536 = CARTESIAN_POINT('',(-57.19231766592,-33.02,16.));
#5537 = DIRECTION('',(0.,0.,1.));
#5538 = DIRECTION('',(1.,0.,-0.));
#5539 = DEFINITIONAL_REPRESENTATION('',(#5540),#5544);
#5540 = CIRCLE('',#5541,7.2);
#5541 = AXIS2_PLACEMENT_2D('',#5542,#5543);
#5542 = CARTESIAN_POINT('',(0.,0.));
#5543 = DIRECTION('',(1.,0.));
#5544 = ( GEOMETRIC_REPRESENTATION_CONTEXT(2) 
PARAMETRIC_REPRESENTATION_CONTEXT() REPRESENTATION_CONTEXT('2D SPACE',''
  ) );
#5545 = ORIENTED_EDGE('',*,*,#5496,.F.);
#5546 = ORIENTED_EDGE('',*,*,#2928,.T.);
#5547 = ORIENTED_EDGE('',*,*,#5548,.T.);
#5548 = EDGE_CURVE('',#2834,#5549,#5551,.T.);
#5549 = VERTEX_POINT('',#5550);
#5550 = CARTESIAN_POINT('',(-64.36065075423,-33.69453742303,11.));
#5551 = SURFACE_CURVE('',#5552,(#5556,#5563),.PCURVE_S1.);
#5552 = LINE('',#5553,#5554);
#5553 = CARTESIAN_POINT('',(-64.36065075423,-33.69453742303,0.));
#5554 = VECTOR('',#5555,1.);
#5555 = DIRECTION('',(0.,0.,1.));
#5556 = PCURVE('',#2945,#5557);
#5557 = DEFINITIONAL_REPRESENTATION('',(#5558),#5562);
#5558 = LINE('',#5559,#5560);
#5559 = CARTESIAN_POINT('',(3.235415997884,0.));
#5560 = VECTOR('',#5561,1.);
#5561 = DIRECTION('',(0.,1.));
#5562 = ( GEOMETRIC_REPRESENTATION_CONTEXT(2) 
PARAMETRIC_REPRESENTATION_CONTEXT() REPRESENTATION_CONTEXT('2D SPACE',''
  ) );
#5563 = PCURVE('',#3074,#5564);
#5564 = DEFINITIONAL_REPRESENTATION('',(#5565),#5569);
#5565 = LINE('',#5566,#5567);
#5566 = CARTESIAN_POINT('',(4.345227268781,6.99));
#5567 = VECTOR('',#5568,1.);
#5568 = DIRECTION('',(0.,-1.));
#5569 = ( GEOMETRIC_REPRESENTATION_CONTEXT(2) 
PARAMETRIC_REPRESENTATION_CONTEXT() REPRESENTATION_CONTEXT('2D SPACE',''
  ) );
#5570 = ORIENTED_EDGE('',*,*,#5571,.T.);
#5571 = EDGE_CURVE('',#5549,#5445,#5572,.T.);
#5572 = SURFACE_CURVE('',#5573,(#5578,#5585),.PCURVE_S1.);
#5573 = CIRCLE('',#5574,7.2);
#5574 = AXIS2_PLACEMENT_3D('',#5575,#5576,#5577);
#5575 = CARTESIAN_POINT('',(-57.19231766592,-33.02,11.));
#5576 = DIRECTION('',(0.,0.,1.));
#5577 = DIRECTION('',(1.,0.,-0.));
#5578 = PCURVE('',#2945,#5579);
#5579 = DEFINITIONAL_REPRESENTATION('',(#5580),#5584);
#5580 = LINE('',#5581,#5582);
#5581 = CARTESIAN_POINT('',(0.,11.));
#5582 = VECTOR('',#5583,1.);
#5583 = DIRECTION('',(1.,0.));
#5584 = ( GEOMETRIC_REPRESENTATION_CONTEXT(2) 
PARAMETRIC_REPRESENTATION_CONTEXT() REPRESENTATION_CONTEXT('2D SPACE',''
  ) );
#5585 = PCURVE('',#5347,#5586);
#5586 = DEFINITIONAL_REPRESENTATION('',(#5587),#5591);
#5587 = CIRCLE('',#5588,7.2);
#5588 = AXIS2_PLACEMENT_2D('',#5589,#5590);
#5589 = CARTESIAN_POINT('',(16.675319149869,9.6275));
#5590 = DIRECTION('',(1.,0.));
#5591 = ( GEOMETRIC_REPRESENTATION_CONTEXT(2) 
PARAMETRIC_REPRESENTATION_CONTEXT() REPRESENTATION_CONTEXT('2D SPACE',''
  ) );
#5592 = ADVANCED_FACE('',(#5593),#3074,.F.);
#5593 = FACE_BOUND('',#5594,.F.);
#5594 = EDGE_LOOP('',(#5595,#5596,#5597,#5598,#5619));
#5595 = ORIENTED_EDGE('',*,*,#3290,.T.);
#5596 = ORIENTED_EDGE('',*,*,#3058,.F.);
#5597 = ORIENTED_EDGE('',*,*,#5548,.T.);
#5598 = ORIENTED_EDGE('',*,*,#5599,.T.);
#5599 = EDGE_CURVE('',#5549,#5309,#5600,.T.);
#5600 = SURFACE_CURVE('',#5601,(#5605,#5612),.PCURVE_S1.);
#5601 = LINE('',#5602,#5603);
#5602 = CARTESIAN_POINT('',(-60.59757355425,-31.52192378864,11.));
#5603 = VECTOR('',#5604,1.);
#5604 = DIRECTION('',(-0.866025403784,-0.5,0.));
#5605 = PCURVE('',#3074,#5606);
#5606 = DEFINITIONAL_REPRESENTATION('',(#5607),#5611);
#5607 = LINE('',#5608,#5609);
#5608 = CARTESIAN_POINT('',(0.,-4.01));
#5609 = VECTOR('',#5610,1.);
#5610 = DIRECTION('',(1.,0.));
#5611 = ( GEOMETRIC_REPRESENTATION_CONTEXT(2) 
PARAMETRIC_REPRESENTATION_CONTEXT() REPRESENTATION_CONTEXT('2D SPACE',''
  ) );
#5612 = PCURVE('',#5347,#5613);
#5613 = DEFINITIONAL_REPRESENTATION('',(#5614),#5618);
#5614 = LINE('',#5615,#5616);
#5615 = CARTESIAN_POINT('',(13.270063261544,11.125576211353));
#5616 = VECTOR('',#5617,1.);
#5617 = DIRECTION('',(-0.866025403784,-0.5));
#5618 = ( GEOMETRIC_REPRESENTATION_CONTEXT(2) 
PARAMETRIC_REPRESENTATION_CONTEXT() REPRESENTATION_CONTEXT('2D SPACE',''
  ) );
#5619 = ORIENTED_EDGE('',*,*,#5308,.F.);
#5620 = ADVANCED_FACE('',(#5621),#3709,.F.);
#5621 = FACE_BOUND('',#5622,.F.);
#5622 = EDGE_LOOP('',(#5623,#5624,#5625,#5646,#5647,#5648));
#5623 = ORIENTED_EDGE('',*,*,#3695,.T.);
#5624 = ORIENTED_EDGE('',*,*,#3858,.T.);
#5625 = ORIENTED_EDGE('',*,*,#5626,.T.);
#5626 = EDGE_CURVE('',#3831,#4294,#5627,.T.);
#5627 = SURFACE_CURVE('',#5628,(#5632,#5639),.PCURVE_S1.);
#5628 = LINE('',#5629,#5630);
#5629 = CARTESIAN_POINT('',(8.,113.35,48.8));
#5630 = VECTOR('',#5631,1.);
#5631 = DIRECTION('',(-1.,0.,0.));
#5632 = PCURVE('',#3709,#5633);
#5633 = DEFINITIONAL_REPRESENTATION('',(#5634),#5638);
#5634 = LINE('',#5635,#5636);
#5635 = CARTESIAN_POINT('',(0.,-48.8));
#5636 = VECTOR('',#5637,1.);
#5637 = DIRECTION('',(1.,0.));
#5638 = ( GEOMETRIC_REPRESENTATION_CONTEXT(2) 
PARAMETRIC_REPRESENTATION_CONTEXT() REPRESENTATION_CONTEXT('2D SPACE',''
  ) );
#5639 = PCURVE('',#3846,#5640);
#5640 = DEFINITIONAL_REPRESENTATION('',(#5641),#5645);
#5641 = LINE('',#5642,#5643);
#5642 = CARTESIAN_POINT('',(8.,5.5));
#5643 = VECTOR('',#5644,1.);
#5644 = DIRECTION('',(-1.,0.));
#5645 = ( GEOMETRIC_REPRESENTATION_CONTEXT(2) 
PARAMETRIC_REPRESENTATION_CONTEXT() REPRESENTATION_CONTEXT('2D SPACE',''
  ) );
#5646 = ORIENTED_EDGE('',*,*,#4293,.F.);
#5647 = ORIENTED_EDGE('',*,*,#4094,.F.);
#5648 = ORIENTED_EDGE('',*,*,#4937,.F.);
#5649 = ADVANCED_FACE('',(#5650),#3818,.F.);
#5650 = FACE_BOUND('',#5651,.F.);
#5651 = EDGE_LOOP('',(#5652,#5653,#5654,#5677,#5705,#5726,#5727,#5728));
#5652 = ORIENTED_EDGE('',*,*,#3802,.F.);
#5653 = ORIENTED_EDGE('',*,*,#3933,.T.);
#5654 = ORIENTED_EDGE('',*,*,#5655,.T.);
#5655 = EDGE_CURVE('',#3934,#5656,#5658,.T.);
#5656 = VERTEX_POINT('',#5657);
#5657 = CARTESIAN_POINT('',(3.,102.35,11.));
#5658 = SURFACE_CURVE('',#5659,(#5663,#5670),.PCURVE_S1.);
#5659 = LINE('',#5660,#5661);
#5660 = CARTESIAN_POINT('',(3.,102.35,6.99));
#5661 = VECTOR('',#5662,1.);
#5662 = DIRECTION('',(0.,0.,1.));
#5663 = PCURVE('',#3818,#5664);
#5664 = DEFINITIONAL_REPRESENTATION('',(#5665),#5669);
#5665 = LINE('',#5666,#5667);
#5666 = CARTESIAN_POINT('',(11.,-6.99));
#5667 = VECTOR('',#5668,1.);
#5668 = DIRECTION('',(0.,-1.));
#5669 = ( GEOMETRIC_REPRESENTATION_CONTEXT(2) 
PARAMETRIC_REPRESENTATION_CONTEXT() REPRESENTATION_CONTEXT('2D SPACE',''
  ) );
#5670 = PCURVE('',#4056,#5671);
#5671 = DEFINITIONAL_REPRESENTATION('',(#5672),#5676);
#5672 = LINE('',#5673,#5674);
#5673 = CARTESIAN_POINT('',(34.11,0.));
#5674 = VECTOR('',#5675,1.);
#5675 = DIRECTION('',(0.,-1.));
#5676 = ( GEOMETRIC_REPRESENTATION_CONTEXT(2) 
PARAMETRIC_REPRESENTATION_CONTEXT() REPRESENTATION_CONTEXT('2D SPACE',''
  ) );
#5677 = ORIENTED_EDGE('',*,*,#5678,.T.);
#5678 = EDGE_CURVE('',#5656,#5679,#5681,.T.);
#5679 = VERTEX_POINT('',#5680);
#5680 = CARTESIAN_POINT('',(-3.,102.35,11.));
#5681 = SURFACE_CURVE('',#5682,(#5686,#5693),.PCURVE_S1.);
#5682 = LINE('',#5683,#5684);
#5683 = CARTESIAN_POINT('',(3.,102.35,11.));
#5684 = VECTOR('',#5685,1.);
#5685 = DIRECTION('',(-1.,0.,0.));
#5686 = PCURVE('',#3818,#5687);
#5687 = DEFINITIONAL_REPRESENTATION('',(#5688),#5692);
#5688 = LINE('',#5689,#5690);
#5689 = CARTESIAN_POINT('',(11.,-11.));
#5690 = VECTOR('',#5691,1.);
#5691 = DIRECTION('',(-1.,0.));
#5692 = ( GEOMETRIC_REPRESENTATION_CONTEXT(2) 
PARAMETRIC_REPRESENTATION_CONTEXT() REPRESENTATION_CONTEXT('2D SPACE',''
  ) );
#5693 = PCURVE('',#5694,#5699);
#5694 = PLANE('',#5695);
#5695 = AXIS2_PLACEMENT_3D('',#5696,#5697,#5698);
#5696 = CARTESIAN_POINT('',(5.181594370726E-15,85.295,11.));
#5697 = DIRECTION('',(0.,0.,1.));
#5698 = DIRECTION('',(1.,0.,-0.));
#5699 = DEFINITIONAL_REPRESENTATION('',(#5700),#5704);
#5700 = LINE('',#5701,#5702);
#5701 = CARTESIAN_POINT('',(3.,17.055));
#5702 = VECTOR('',#5703,1.);
#5703 = DIRECTION('',(-1.,0.));
#5704 = ( GEOMETRIC_REPRESENTATION_CONTEXT(2) 
PARAMETRIC_REPRESENTATION_CONTEXT() REPRESENTATION_CONTEXT('2D SPACE',''
  ) );
#5705 = ORIENTED_EDGE('',*,*,#5706,.F.);
#5706 = EDGE_CURVE('',#4492,#5679,#5707,.T.);
#5707 = SURFACE_CURVE('',#5708,(#5712,#5719),.PCURVE_S1.);
#5708 = LINE('',#5709,#5710);
#5709 = CARTESIAN_POINT('',(-3.,102.35,6.99));
#5710 = VECTOR('',#5711,1.);
#5711 = DIRECTION('',(0.,0.,1.));
#5712 = PCURVE('',#3818,#5713);
#5713 = DEFINITIONAL_REPRESENTATION('',(#5714),#5718);
#5714 = LINE('',#5715,#5716);
#5715 = CARTESIAN_POINT('',(5.,-6.99));
#5716 = VECTOR('',#5717,1.);
#5717 = DIRECTION('',(0.,-1.));
#5718 = ( GEOMETRIC_REPRESENTATION_CONTEXT(2) 
PARAMETRIC_REPRESENTATION_CONTEXT() REPRESENTATION_CONTEXT('2D SPACE',''
  ) );
#5719 = PCURVE('',#4531,#5720);
#5720 = DEFINITIONAL_REPRESENTATION('',(#5721),#5725);
#5721 = LINE('',#5722,#5723);
#5722 = CARTESIAN_POINT('',(0.,0.));
#5723 = VECTOR('',#5724,1.);
#5724 = DIRECTION('',(0.,-1.));
#5725 = ( GEOMETRIC_REPRESENTATION_CONTEXT(2) 
PARAMETRIC_REPRESENTATION_CONTEXT() REPRESENTATION_CONTEXT('2D SPACE',''
  ) );
#5726 = ORIENTED_EDGE('',*,*,#4491,.T.);
#5727 = ORIENTED_EDGE('',*,*,#4241,.T.);
#5728 = ORIENTED_EDGE('',*,*,#5729,.T.);
#5729 = EDGE_CURVE('',#4244,#3803,#5730,.T.);
#5730 = SURFACE_CURVE('',#5731,(#5735,#5742),.PCURVE_S1.);
#5731 = LINE('',#5732,#5733);
#5732 = CARTESIAN_POINT('',(-8.,102.35,48.8));
#5733 = VECTOR('',#5734,1.);
#5734 = DIRECTION('',(1.,0.,0.));
#5735 = PCURVE('',#3818,#5736);
#5736 = DEFINITIONAL_REPRESENTATION('',(#5737),#5741);
#5737 = LINE('',#5738,#5739);
#5738 = CARTESIAN_POINT('',(0.,-48.8));
#5739 = VECTOR('',#5740,1.);
#5740 = DIRECTION('',(1.,0.));
#5741 = ( GEOMETRIC_REPRESENTATION_CONTEXT(2) 
PARAMETRIC_REPRESENTATION_CONTEXT() REPRESENTATION_CONTEXT('2D SPACE',''
  ) );
#5742 = PCURVE('',#3846,#5743);
#5743 = DEFINITIONAL_REPRESENTATION('',(#5744),#5748);
#5744 = LINE('',#5745,#5746);
#5745 = CARTESIAN_POINT('',(-8.,-5.5));
#5746 = VECTOR('',#5747,1.);
#5747 = DIRECTION('',(1.,0.));
#5748 = ( GEOMETRIC_REPRESENTATION_CONTEXT(2) 
PARAMETRIC_REPRESENTATION_CONTEXT() REPRESENTATION_CONTEXT('2D SPACE',''
  ) );
#5749 = ADVANCED_FACE('',(#5750,#5756),#3846,.T.);
#5750 = FACE_BOUND('',#5751,.T.);
#5751 = EDGE_LOOP('',(#5752,#5753,#5754,#5755));
#5752 = ORIENTED_EDGE('',*,*,#3830,.T.);
#5753 = ORIENTED_EDGE('',*,*,#5626,.T.);
#5754 = ORIENTED_EDGE('',*,*,#4316,.T.);
#5755 = ORIENTED_EDGE('',*,*,#5729,.T.);
#5756 = FACE_BOUND('',#5757,.T.);
#5757 = EDGE_LOOP('',(#5758));
#5758 = ORIENTED_EDGE('',*,*,#5759,.F.);
#5759 = EDGE_CURVE('',#5760,#5760,#5762,.T.);
#5760 = VERTEX_POINT('',#5761);
#5761 = CARTESIAN_POINT('',(2.,107.85,48.8));
#5762 = SURFACE_CURVE('',#5763,(#5768,#5775),.PCURVE_S1.);
#5763 = CIRCLE('',#5764,2.);
#5764 = AXIS2_PLACEMENT_3D('',#5765,#5766,#5767);
#5765 = CARTESIAN_POINT('',(6.603907864402E-15,107.85,48.8));
#5766 = DIRECTION('',(0.,0.,1.));
#5767 = DIRECTION('',(1.,0.,-0.));
#5768 = PCURVE('',#3846,#5769);
#5769 = DEFINITIONAL_REPRESENTATION('',(#5770),#5774);
#5770 = CIRCLE('',#5771,2.);
#5771 = AXIS2_PLACEMENT_2D('',#5772,#5773);
#5772 = CARTESIAN_POINT('',(-5.015194931989E-16,-1.42108547152E-14));
#5773 = DIRECTION('',(1.,0.));
#5774 = ( GEOMETRIC_REPRESENTATION_CONTEXT(2) 
PARAMETRIC_REPRESENTATION_CONTEXT() REPRESENTATION_CONTEXT('2D SPACE',''
  ) );
#5775 = PCURVE('',#5776,#5781);
#5776 = CYLINDRICAL_SURFACE('',#5777,2.);
#5777 = AXIS2_PLACEMENT_3D('',#5778,#5779,#5780);
#5778 = CARTESIAN_POINT('',(6.603907864402E-15,107.85,41.5));
#5779 = DIRECTION('',(0.,0.,1.));
#5780 = DIRECTION('',(1.,0.,-0.));
#5781 = DEFINITIONAL_REPRESENTATION('',(#5782),#5786);
#5782 = LINE('',#5783,#5784);
#5783 = CARTESIAN_POINT('',(0.,7.3));
#5784 = VECTOR('',#5785,1.);
#5785 = DIRECTION('',(1.,0.));
#5786 = ( GEOMETRIC_REPRESENTATION_CONTEXT(2) 
PARAMETRIC_REPRESENTATION_CONTEXT() REPRESENTATION_CONTEXT('2D SPACE',''
  ) );
#5787 = ADVANCED_FACE('',(#5788),#4056,.F.);
#5788 = FACE_BOUND('',#5789,.F.);
#5789 = EDGE_LOOP('',(#5790,#5791,#5792,#5815,#5836));
#5790 = ORIENTED_EDGE('',*,*,#4041,.T.);
#5791 = ORIENTED_EDGE('',*,*,#4216,.F.);
#5792 = ORIENTED_EDGE('',*,*,#5793,.T.);
#5793 = EDGE_CURVE('',#4122,#5794,#5796,.T.);
#5794 = VERTEX_POINT('',#5795);
#5795 = CARTESIAN_POINT('',(3.,72.585227268781,11.));
#5796 = SURFACE_CURVE('',#5797,(#5801,#5808),.PCURVE_S1.);
#5797 = LINE('',#5798,#5799);
#5798 = CARTESIAN_POINT('',(3.,72.585227268781,0.));
#5799 = VECTOR('',#5800,1.);
#5800 = DIRECTION('',(0.,0.,1.));
#5801 = PCURVE('',#4056,#5802);
#5802 = DEFINITIONAL_REPRESENTATION('',(#5803),#5807);
#5803 = LINE('',#5804,#5805);
#5804 = CARTESIAN_POINT('',(4.345227268781,6.99));
#5805 = VECTOR('',#5806,1.);
#5806 = DIRECTION('',(0.,-1.));
#5807 = ( GEOMETRIC_REPRESENTATION_CONTEXT(2) 
PARAMETRIC_REPRESENTATION_CONTEXT() REPRESENTATION_CONTEXT('2D SPACE',''
  ) );
#5808 = PCURVE('',#4357,#5809);
#5809 = DEFINITIONAL_REPRESENTATION('',(#5810),#5814);
#5810 = LINE('',#5811,#5812);
#5811 = CARTESIAN_POINT('',(1.14102089549,0.));
#5812 = VECTOR('',#5813,1.);
#5813 = DIRECTION('',(0.,1.));
#5814 = ( GEOMETRIC_REPRESENTATION_CONTEXT(2) 
PARAMETRIC_REPRESENTATION_CONTEXT() REPRESENTATION_CONTEXT('2D SPACE',''
  ) );
#5815 = ORIENTED_EDGE('',*,*,#5816,.T.);
#5816 = EDGE_CURVE('',#5794,#5656,#5817,.T.);
#5817 = SURFACE_CURVE('',#5818,(#5822,#5829),.PCURVE_S1.);
#5818 = LINE('',#5819,#5820);
#5819 = CARTESIAN_POINT('',(3.,68.24,11.));
#5820 = VECTOR('',#5821,1.);
#5821 = DIRECTION('',(6.509662999854E-17,1.,0.));
#5822 = PCURVE('',#4056,#5823);
#5823 = DEFINITIONAL_REPRESENTATION('',(#5824),#5828);
#5824 = LINE('',#5825,#5826);
#5825 = CARTESIAN_POINT('',(0.,-4.01));
#5826 = VECTOR('',#5827,1.);
#5827 = DIRECTION('',(1.,0.));
#5828 = ( GEOMETRIC_REPRESENTATION_CONTEXT(2) 
PARAMETRIC_REPRESENTATION_CONTEXT() REPRESENTATION_CONTEXT('2D SPACE',''
  ) );
#5829 = PCURVE('',#5694,#5830);
#5830 = DEFINITIONAL_REPRESENTATION('',(#5831),#5835);
#5831 = LINE('',#5832,#5833);
#5832 = CARTESIAN_POINT('',(3.,-17.055));
#5833 = VECTOR('',#5834,1.);
#5834 = DIRECTION('',(6.509662999854E-17,1.));
#5835 = ( GEOMETRIC_REPRESENTATION_CONTEXT(2) 
PARAMETRIC_REPRESENTATION_CONTEXT() REPRESENTATION_CONTEXT('2D SPACE',''
  ) );
#5836 = ORIENTED_EDGE('',*,*,#5655,.F.);
#5837 = ADVANCED_FACE('',(#5838),#4357,.T.);
#5838 = FACE_BOUND('',#5839,.T.);
#5839 = EDGE_LOOP('',(#5840,#5863,#5864,#5887,#5914,#5915,#5916,#5917));
#5840 = ORIENTED_EDGE('',*,*,#5841,.F.);
#5841 = EDGE_CURVE('',#4370,#5842,#5844,.T.);
#5842 = VERTEX_POINT('',#5843);
#5843 = CARTESIAN_POINT('',(-3.,72.585227268781,11.));
#5844 = SURFACE_CURVE('',#5845,(#5849,#5856),.PCURVE_S1.);
#5845 = LINE('',#5846,#5847);
#5846 = CARTESIAN_POINT('',(-3.,72.585227268781,0.));
#5847 = VECTOR('',#5848,1.);
#5848 = DIRECTION('',(0.,0.,1.));
#5849 = PCURVE('',#4357,#5850);
#5850 = DEFINITIONAL_REPRESENTATION('',(#5851),#5855);
#5851 = LINE('',#5852,#5853);
#5852 = CARTESIAN_POINT('',(2.000571758099,0.));
#5853 = VECTOR('',#5854,1.);
#5854 = DIRECTION('',(0.,1.));
#5855 = ( GEOMETRIC_REPRESENTATION_CONTEXT(2) 
PARAMETRIC_REPRESENTATION_CONTEXT() REPRESENTATION_CONTEXT('2D SPACE',''
  ) );
#5856 = PCURVE('',#4531,#5857);
#5857 = DEFINITIONAL_REPRESENTATION('',(#5858),#5862);
#5858 = LINE('',#5859,#5860);
#5859 = CARTESIAN_POINT('',(29.764772731219,6.99));
#5860 = VECTOR('',#5861,1.);
#5861 = DIRECTION('',(0.,-1.));
#5862 = ( GEOMETRIC_REPRESENTATION_CONTEXT(2) 
PARAMETRIC_REPRESENTATION_CONTEXT() REPRESENTATION_CONTEXT('2D SPACE',''
  ) );
#5863 = ORIENTED_EDGE('',*,*,#4369,.T.);
#5864 = ORIENTED_EDGE('',*,*,#5865,.T.);
#5865 = EDGE_CURVE('',#4341,#5866,#5868,.T.);
#5866 = VERTEX_POINT('',#5867);
#5867 = CARTESIAN_POINT('',(7.2,66.04,16.));
#5868 = SEAM_CURVE('',#5869,(#5873,#5880),.PCURVE_S1.);
#5869 = LINE('',#5870,#5871);
#5870 = CARTESIAN_POINT('',(7.2,66.04,0.));
#5871 = VECTOR('',#5872,1.);
#5872 = DIRECTION('',(0.,0.,1.));
#5873 = PCURVE('',#4357,#5874);
#5874 = DEFINITIONAL_REPRESENTATION('',(#5875),#5879);
#5875 = LINE('',#5876,#5877);
#5876 = CARTESIAN_POINT('',(0.,-0.));
#5877 = VECTOR('',#5878,1.);
#5878 = DIRECTION('',(0.,1.));
#5879 = ( GEOMETRIC_REPRESENTATION_CONTEXT(2) 
PARAMETRIC_REPRESENTATION_CONTEXT() REPRESENTATION_CONTEXT('2D SPACE',''
  ) );
#5880 = PCURVE('',#4357,#5881);
#5881 = DEFINITIONAL_REPRESENTATION('',(#5882),#5886);
#5882 = LINE('',#5883,#5884);
#5883 = CARTESIAN_POINT('',(6.28318530718,-0.));
#5884 = VECTOR('',#5885,1.);
#5885 = DIRECTION('',(0.,1.));
#5886 = ( GEOMETRIC_REPRESENTATION_CONTEXT(2) 
PARAMETRIC_REPRESENTATION_CONTEXT() REPRESENTATION_CONTEXT('2D SPACE',''
  ) );
#5887 = ORIENTED_EDGE('',*,*,#5888,.F.);
#5888 = EDGE_CURVE('',#5866,#5866,#5889,.T.);
#5889 = SURFACE_CURVE('',#5890,(#5895,#5902),.PCURVE_S1.);
#5890 = CIRCLE('',#5891,7.2);
#5891 = AXIS2_PLACEMENT_3D('',#5892,#5893,#5894);
#5892 = CARTESIAN_POINT('',(4.043783730785E-15,66.04,16.));
#5893 = DIRECTION('',(0.,0.,1.));
#5894 = DIRECTION('',(1.,0.,-0.));
#5895 = PCURVE('',#4357,#5896);
#5896 = DEFINITIONAL_REPRESENTATION('',(#5897),#5901);
#5897 = LINE('',#5898,#5899);
#5898 = CARTESIAN_POINT('',(0.,16.));
#5899 = VECTOR('',#5900,1.);
#5900 = DIRECTION('',(1.,0.));
#5901 = ( GEOMETRIC_REPRESENTATION_CONTEXT(2) 
PARAMETRIC_REPRESENTATION_CONTEXT() REPRESENTATION_CONTEXT('2D SPACE',''
  ) );
#5902 = PCURVE('',#5903,#5908);
#5903 = PLANE('',#5904);
#5904 = AXIS2_PLACEMENT_3D('',#5905,#5906,#5907);
#5905 = CARTESIAN_POINT('',(4.043783730785E-15,66.04,16.));
#5906 = DIRECTION('',(0.,0.,1.));
#5907 = DIRECTION('',(1.,0.,-0.));
#5908 = DEFINITIONAL_REPRESENTATION('',(#5909),#5913);
#5909 = CIRCLE('',#5910,7.2);
#5910 = AXIS2_PLACEMENT_2D('',#5911,#5912);
#5911 = CARTESIAN_POINT('',(0.,0.));
#5912 = DIRECTION('',(1.,0.));
#5913 = ( GEOMETRIC_REPRESENTATION_CONTEXT(2) 
PARAMETRIC_REPRESENTATION_CONTEXT() REPRESENTATION_CONTEXT('2D SPACE',''
  ) );
#5914 = ORIENTED_EDGE('',*,*,#5865,.F.);
#5915 = ORIENTED_EDGE('',*,*,#4340,.T.);
#5916 = ORIENTED_EDGE('',*,*,#5793,.T.);
#5917 = ORIENTED_EDGE('',*,*,#5918,.T.);
#5918 = EDGE_CURVE('',#5794,#5842,#5919,.T.);
#5919 = SURFACE_CURVE('',#5920,(#5925,#5932),.PCURVE_S1.);
#5920 = CIRCLE('',#5921,7.2);
#5921 = AXIS2_PLACEMENT_3D('',#5922,#5923,#5924);
#5922 = CARTESIAN_POINT('',(4.043783730785E-15,66.04,11.));
#5923 = DIRECTION('',(0.,0.,1.));
#5924 = DIRECTION('',(1.,0.,-0.));
#5925 = PCURVE('',#4357,#5926);
#5926 = DEFINITIONAL_REPRESENTATION('',(#5927),#5931);
#5927 = LINE('',#5928,#5929);
#5928 = CARTESIAN_POINT('',(0.,11.));
#5929 = VECTOR('',#5930,1.);
#5930 = DIRECTION('',(1.,0.));
#5931 = ( GEOMETRIC_REPRESENTATION_CONTEXT(2) 
PARAMETRIC_REPRESENTATION_CONTEXT() REPRESENTATION_CONTEXT('2D SPACE',''
  ) );
#5932 = PCURVE('',#5694,#5933);
#5933 = DEFINITIONAL_REPRESENTATION('',(#5934),#5938);
#5934 = CIRCLE('',#5935,7.2);
#5935 = AXIS2_PLACEMENT_2D('',#5936,#5937);
#5936 = CARTESIAN_POINT('',(-1.137810639942E-15,-19.255));
#5937 = DIRECTION('',(1.,0.));
#5938 = ( GEOMETRIC_REPRESENTATION_CONTEXT(2) 
PARAMETRIC_REPRESENTATION_CONTEXT() REPRESENTATION_CONTEXT('2D SPACE',''
  ) );
#5939 = ADVANCED_FACE('',(#5940),#4531,.F.);
#5940 = FACE_BOUND('',#5941,.F.);
#5941 = EDGE_LOOP('',(#5942,#5943,#5944,#5945,#5946));
#5942 = ORIENTED_EDGE('',*,*,#5841,.F.);
#5943 = ORIENTED_EDGE('',*,*,#4633,.T.);
#5944 = ORIENTED_EDGE('',*,*,#4514,.F.);
#5945 = ORIENTED_EDGE('',*,*,#5706,.T.);
#5946 = ORIENTED_EDGE('',*,*,#5947,.T.);
#5947 = EDGE_CURVE('',#5679,#5842,#5948,.T.);
#5948 = SURFACE_CURVE('',#5949,(#5953,#5960),.PCURVE_S1.);
#5949 = LINE('',#5950,#5951);
#5950 = CARTESIAN_POINT('',(-3.,102.35,11.));
#5951 = VECTOR('',#5952,1.);
#5952 = DIRECTION('',(-6.509662999854E-17,-1.,0.));
#5953 = PCURVE('',#4531,#5954);
#5954 = DEFINITIONAL_REPRESENTATION('',(#5955),#5959);
#5955 = LINE('',#5956,#5957);
#5956 = CARTESIAN_POINT('',(0.,-4.01));
#5957 = VECTOR('',#5958,1.);
#5958 = DIRECTION('',(1.,0.));
#5959 = ( GEOMETRIC_REPRESENTATION_CONTEXT(2) 
PARAMETRIC_REPRESENTATION_CONTEXT() REPRESENTATION_CONTEXT('2D SPACE',''
  ) );
#5960 = PCURVE('',#5694,#5961);
#5961 = DEFINITIONAL_REPRESENTATION('',(#5962),#5966);
#5962 = LINE('',#5963,#5964);
#5963 = CARTESIAN_POINT('',(-3.,17.055));
#5964 = VECTOR('',#5965,1.);
#5965 = DIRECTION('',(-6.509662999854E-17,-1.));
#5966 = ( GEOMETRIC_REPRESENTATION_CONTEXT(2) 
PARAMETRIC_REPRESENTATION_CONTEXT() REPRESENTATION_CONTEXT('2D SPACE',''
  ) );
#5967 = ADVANCED_FACE('',(#5968),#5011,.F.);
#5968 = FACE_BOUND('',#5969,.F.);
#5969 = EDGE_LOOP('',(#5970,#5993,#6020,#6021));
#5970 = ORIENTED_EDGE('',*,*,#5971,.T.);
#5971 = EDGE_CURVE('',#4991,#5972,#5974,.T.);
#5972 = VERTEX_POINT('',#5973);
#5973 = CARTESIAN_POINT('',(60.992317665924,-33.02,13.5));
#5974 = SEAM_CURVE('',#5975,(#5979,#5986),.PCURVE_S1.);
#5975 = LINE('',#5976,#5977);
#5976 = CARTESIAN_POINT('',(60.992317665924,-33.02,-1.));
#5977 = VECTOR('',#5978,1.);
#5978 = DIRECTION('',(0.,0.,1.));
#5979 = PCURVE('',#5011,#5980);
#5980 = DEFINITIONAL_REPRESENTATION('',(#5981),#5985);
#5981 = LINE('',#5982,#5983);
#5982 = CARTESIAN_POINT('',(6.28318530718,-0.));
#5983 = VECTOR('',#5984,1.);
#5984 = DIRECTION('',(0.,1.));
#5985 = ( GEOMETRIC_REPRESENTATION_CONTEXT(2) 
PARAMETRIC_REPRESENTATION_CONTEXT() REPRESENTATION_CONTEXT('2D SPACE',''
  ) );
#5986 = PCURVE('',#5011,#5987);
#5987 = DEFINITIONAL_REPRESENTATION('',(#5988),#5992);
#5988 = LINE('',#5989,#5990);
#5989 = CARTESIAN_POINT('',(0.,-0.));
#5990 = VECTOR('',#5991,1.);
#5991 = DIRECTION('',(0.,1.));
#5992 = ( GEOMETRIC_REPRESENTATION_CONTEXT(2) 
PARAMETRIC_REPRESENTATION_CONTEXT() REPRESENTATION_CONTEXT('2D SPACE',''
  ) );
#5993 = ORIENTED_EDGE('',*,*,#5994,.F.);
#5994 = EDGE_CURVE('',#5972,#5972,#5995,.T.);
#5995 = SURFACE_CURVE('',#5996,(#6001,#6008),.PCURVE_S1.);
#5996 = CIRCLE('',#5997,3.8);
#5997 = AXIS2_PLACEMENT_3D('',#5998,#5999,#6000);
#5998 = CARTESIAN_POINT('',(57.192317665924,-33.02,13.5));
#5999 = DIRECTION('',(0.,0.,1.));
#6000 = DIRECTION('',(1.,0.,-0.));
#6001 = PCURVE('',#5011,#6002);
#6002 = DEFINITIONAL_REPRESENTATION('',(#6003),#6007);
#6003 = LINE('',#6004,#6005);
#6004 = CARTESIAN_POINT('',(0.,14.5));
#6005 = VECTOR('',#6006,1.);
#6006 = DIRECTION('',(1.,0.));
#6007 = ( GEOMETRIC_REPRESENTATION_CONTEXT(2) 
PARAMETRIC_REPRESENTATION_CONTEXT() REPRESENTATION_CONTEXT('2D SPACE',''
  ) );
#6008 = PCURVE('',#6009,#6014);
#6009 = PLANE('',#6010);
#6010 = AXIS2_PLACEMENT_3D('',#6011,#6012,#6013);
#6011 = CARTESIAN_POINT('',(57.192317665924,-33.02,13.5));
#6012 = DIRECTION('',(0.,0.,1.));
#6013 = DIRECTION('',(1.,0.,-0.));
#6014 = DEFINITIONAL_REPRESENTATION('',(#6015),#6019);
#6015 = CIRCLE('',#6016,3.8);
#6016 = AXIS2_PLACEMENT_2D('',#6017,#6018);
#6017 = CARTESIAN_POINT('',(0.,0.));
#6018 = DIRECTION('',(1.,0.));
#6019 = ( GEOMETRIC_REPRESENTATION_CONTEXT(2) 
PARAMETRIC_REPRESENTATION_CONTEXT() REPRESENTATION_CONTEXT('2D SPACE',''
  ) );
#6020 = ORIENTED_EDGE('',*,*,#5971,.F.);
#6021 = ORIENTED_EDGE('',*,*,#4990,.T.);
#6022 = ADVANCED_FACE('',(#6023),#5049,.F.);
#6023 = FACE_BOUND('',#6024,.F.);
#6024 = EDGE_LOOP('',(#6025,#6048,#6075,#6076));
#6025 = ORIENTED_EDGE('',*,*,#6026,.T.);
#6026 = EDGE_CURVE('',#5029,#6027,#6029,.T.);
#6027 = VERTEX_POINT('',#6028);
#6028 = CARTESIAN_POINT('',(-46.01143349771,-46.88249304365,1.));
#6029 = SEAM_CURVE('',#6030,(#6034,#6041),.PCURVE_S1.);
#6030 = LINE('',#6031,#6032);
#6031 = CARTESIAN_POINT('',(-46.01143349771,-46.88249304365,
    -9.999999999998E-03));
#6032 = VECTOR('',#6033,1.);
#6033 = DIRECTION('',(0.,0.,1.));
#6034 = PCURVE('',#5049,#6035);
#6035 = DEFINITIONAL_REPRESENTATION('',(#6036),#6040);
#6036 = LINE('',#6037,#6038);
#6037 = CARTESIAN_POINT('',(6.28318530718,-0.));
#6038 = VECTOR('',#6039,1.);
#6039 = DIRECTION('',(0.,1.));
#6040 = ( GEOMETRIC_REPRESENTATION_CONTEXT(2) 
PARAMETRIC_REPRESENTATION_CONTEXT() REPRESENTATION_CONTEXT('2D SPACE',''
  ) );
#6041 = PCURVE('',#5049,#6042);
#6042 = DEFINITIONAL_REPRESENTATION('',(#6043),#6047);
#6043 = LINE('',#6044,#6045);
#6044 = CARTESIAN_POINT('',(0.,-0.));
#6045 = VECTOR('',#6046,1.);
#6046 = DIRECTION('',(0.,1.));
#6047 = ( GEOMETRIC_REPRESENTATION_CONTEXT(2) 
PARAMETRIC_REPRESENTATION_CONTEXT() REPRESENTATION_CONTEXT('2D SPACE',''
  ) );
#6048 = ORIENTED_EDGE('',*,*,#6049,.F.);
#6049 = EDGE_CURVE('',#6027,#6027,#6050,.T.);
#6050 = SURFACE_CURVE('',#6051,(#6056,#6063),.PCURVE_S1.);
#6051 = CIRCLE('',#6052,0.5);
#6052 = AXIS2_PLACEMENT_3D('',#6053,#6054,#6055);
#6053 = CARTESIAN_POINT('',(-46.51143349771,-46.88249304365,1.));
#6054 = DIRECTION('',(0.,0.,1.));
#6055 = DIRECTION('',(1.,0.,-0.));
#6056 = PCURVE('',#5049,#6057);
#6057 = DEFINITIONAL_REPRESENTATION('',(#6058),#6062);
#6058 = LINE('',#6059,#6060);
#6059 = CARTESIAN_POINT('',(0.,1.01));
#6060 = VECTOR('',#6061,1.);
#6061 = DIRECTION('',(1.,0.));
#6062 = ( GEOMETRIC_REPRESENTATION_CONTEXT(2) 
PARAMETRIC_REPRESENTATION_CONTEXT() REPRESENTATION_CONTEXT('2D SPACE',''
  ) );
#6063 = PCURVE('',#6064,#6069);
#6064 = PLANE('',#6065);
#6065 = AXIS2_PLACEMENT_3D('',#6066,#6067,#6068);
#6066 = CARTESIAN_POINT('',(-46.51143349771,-46.88249304365,1.));
#6067 = DIRECTION('',(0.,0.,1.));
#6068 = DIRECTION('',(1.,0.,-0.));
#6069 = DEFINITIONAL_REPRESENTATION('',(#6070),#6074);
#6070 = CIRCLE('',#6071,0.5);
#6071 = AXIS2_PLACEMENT_2D('',#6072,#6073);
#6072 = CARTESIAN_POINT('',(0.,0.));
#6073 = DIRECTION('',(1.,0.));
#6074 = ( GEOMETRIC_REPRESENTATION_CONTEXT(2) 
PARAMETRIC_REPRESENTATION_CONTEXT() REPRESENTATION_CONTEXT('2D SPACE',''
  ) );
#6075 = ORIENTED_EDGE('',*,*,#6026,.F.);
#6076 = ORIENTED_EDGE('',*,*,#5028,.T.);
#6077 = ADVANCED_FACE('',(#6078),#5084,.F.);
#6078 = FACE_BOUND('',#6079,.F.);
#6079 = EDGE_LOOP('',(#6080,#6103,#6130,#6131));
#6080 = ORIENTED_EDGE('',*,*,#6081,.T.);
#6081 = EDGE_CURVE('',#5064,#6082,#6084,.T.);
#6082 = VERTEX_POINT('',#6083);
#6083 = CARTESIAN_POINT('',(-53.39231766592,-33.02,13.5));
#6084 = SEAM_CURVE('',#6085,(#6089,#6096),.PCURVE_S1.);
#6085 = LINE('',#6086,#6087);
#6086 = CARTESIAN_POINT('',(-53.39231766592,-33.02,-1.));
#6087 = VECTOR('',#6088,1.);
#6088 = DIRECTION('',(0.,0.,1.));
#6089 = PCURVE('',#5084,#6090);
#6090 = DEFINITIONAL_REPRESENTATION('',(#6091),#6095);
#6091 = LINE('',#6092,#6093);
#6092 = CARTESIAN_POINT('',(6.28318530718,-0.));
#6093 = VECTOR('',#6094,1.);
#6094 = DIRECTION('',(0.,1.));
#6095 = ( GEOMETRIC_REPRESENTATION_CONTEXT(2) 
PARAMETRIC_REPRESENTATION_CONTEXT() REPRESENTATION_CONTEXT('2D SPACE',''
  ) );
#6096 = PCURVE('',#5084,#6097);
#6097 = DEFINITIONAL_REPRESENTATION('',(#6098),#6102);
#6098 = LINE('',#6099,#6100);
#6099 = CARTESIAN_POINT('',(0.,-0.));
#6100 = VECTOR('',#6101,1.);
#6101 = DIRECTION('',(0.,1.));
#6102 = ( GEOMETRIC_REPRESENTATION_CONTEXT(2) 
PARAMETRIC_REPRESENTATION_CONTEXT() REPRESENTATION_CONTEXT('2D SPACE',''
  ) );
#6103 = ORIENTED_EDGE('',*,*,#6104,.F.);
#6104 = EDGE_CURVE('',#6082,#6082,#6105,.T.);
#6105 = SURFACE_CURVE('',#6106,(#6111,#6118),.PCURVE_S1.);
#6106 = CIRCLE('',#6107,3.8);
#6107 = AXIS2_PLACEMENT_3D('',#6108,#6109,#6110);
#6108 = CARTESIAN_POINT('',(-57.19231766592,-33.02,13.5));
#6109 = DIRECTION('',(0.,0.,1.));
#6110 = DIRECTION('',(1.,0.,-0.));
#6111 = PCURVE('',#5084,#6112);
#6112 = DEFINITIONAL_REPRESENTATION('',(#6113),#6117);
#6113 = LINE('',#6114,#6115);
#6114 = CARTESIAN_POINT('',(0.,14.5));
#6115 = VECTOR('',#6116,1.);
#6116 = DIRECTION('',(1.,0.));
#6117 = ( GEOMETRIC_REPRESENTATION_CONTEXT(2) 
PARAMETRIC_REPRESENTATION_CONTEXT() REPRESENTATION_CONTEXT('2D SPACE',''
  ) );
#6118 = PCURVE('',#6119,#6124);
#6119 = PLANE('',#6120);
#6120 = AXIS2_PLACEMENT_3D('',#6121,#6122,#6123);
#6121 = CARTESIAN_POINT('',(-57.19231766592,-33.02,13.5));
#6122 = DIRECTION('',(0.,0.,1.));
#6123 = DIRECTION('',(1.,0.,-0.));
#6124 = DEFINITIONAL_REPRESENTATION('',(#6125),#6129);
#6125 = CIRCLE('',#6126,3.8);
#6126 = AXIS2_PLACEMENT_2D('',#6127,#6128);
#6127 = CARTESIAN_POINT('',(0.,0.));
#6128 = DIRECTION('',(1.,0.));
#6129 = ( GEOMETRIC_REPRESENTATION_CONTEXT(2) 
PARAMETRIC_REPRESENTATION_CONTEXT() REPRESENTATION_CONTEXT('2D SPACE',''
  ) );
#6130 = ORIENTED_EDGE('',*,*,#6081,.F.);
#6131 = ORIENTED_EDGE('',*,*,#5063,.T.);
#6132 = ADVANCED_FACE('',(#6133),#5122,.F.);
#6133 = FACE_BOUND('',#6134,.F.);
#6134 = EDGE_LOOP('',(#6135,#6158,#6185,#6186));
#6135 = ORIENTED_EDGE('',*,*,#6136,.T.);
#6136 = EDGE_CURVE('',#5102,#6137,#6139,.T.);
#6137 = VERTEX_POINT('',#6138);
#6138 = CARTESIAN_POINT('',(64.357146717404,-16.83883645362,1.));
#6139 = SEAM_CURVE('',#6140,(#6144,#6151),.PCURVE_S1.);
#6140 = LINE('',#6141,#6142);
#6141 = CARTESIAN_POINT('',(64.357146717404,-16.83883645362,
    -9.999999999998E-03));
#6142 = VECTOR('',#6143,1.);
#6143 = DIRECTION('',(0.,0.,1.));
#6144 = PCURVE('',#5122,#6145);
#6145 = DEFINITIONAL_REPRESENTATION('',(#6146),#6150);
#6146 = LINE('',#6147,#6148);
#6147 = CARTESIAN_POINT('',(6.28318530718,-0.));
#6148 = VECTOR('',#6149,1.);
#6149 = DIRECTION('',(0.,1.));
#6150 = ( GEOMETRIC_REPRESENTATION_CONTEXT(2) 
PARAMETRIC_REPRESENTATION_CONTEXT() REPRESENTATION_CONTEXT('2D SPACE',''
  ) );
#6151 = PCURVE('',#5122,#6152);
#6152 = DEFINITIONAL_REPRESENTATION('',(#6153),#6157);
#6153 = LINE('',#6154,#6155);
#6154 = CARTESIAN_POINT('',(0.,-0.));
#6155 = VECTOR('',#6156,1.);
#6156 = DIRECTION('',(0.,1.));
#6157 = ( GEOMETRIC_REPRESENTATION_CONTEXT(2) 
PARAMETRIC_REPRESENTATION_CONTEXT() REPRESENTATION_CONTEXT('2D SPACE',''
  ) );
#6158 = ORIENTED_EDGE('',*,*,#6159,.F.);
#6159 = EDGE_CURVE('',#6137,#6137,#6160,.T.);
#6160 = SURFACE_CURVE('',#6161,(#6166,#6173),.PCURVE_S1.);
#6161 = CIRCLE('',#6162,0.5);
#6162 = AXIS2_PLACEMENT_3D('',#6163,#6164,#6165);
#6163 = CARTESIAN_POINT('',(63.857146717404,-16.83883645362,1.));
#6164 = DIRECTION('',(0.,0.,1.));
#6165 = DIRECTION('',(1.,0.,-0.));
#6166 = PCURVE('',#5122,#6167);
#6167 = DEFINITIONAL_REPRESENTATION('',(#6168),#6172);
#6168 = LINE('',#6169,#6170);
#6169 = CARTESIAN_POINT('',(0.,1.01));
#6170 = VECTOR('',#6171,1.);
#6171 = DIRECTION('',(1.,0.));
#6172 = ( GEOMETRIC_REPRESENTATION_CONTEXT(2) 
PARAMETRIC_REPRESENTATION_CONTEXT() REPRESENTATION_CONTEXT('2D SPACE',''
  ) );
#6173 = PCURVE('',#6174,#6179);
#6174 = PLANE('',#6175);
#6175 = AXIS2_PLACEMENT_3D('',#6176,#6177,#6178);
#6176 = CARTESIAN_POINT('',(63.857146717404,-16.83883645362,1.));
#6177 = DIRECTION('',(0.,0.,1.));
#6178 = DIRECTION('',(1.,0.,-0.));
#6179 = DEFINITIONAL_REPRESENTATION('',(#6180),#6184);
#6180 = CIRCLE('',#6181,0.5);
#6181 = AXIS2_PLACEMENT_2D('',#6182,#6183);
#6182 = CARTESIAN_POINT('',(0.,0.));
#6183 = DIRECTION('',(1.,0.));
#6184 = ( GEOMETRIC_REPRESENTATION_CONTEXT(2) 
PARAMETRIC_REPRESENTATION_CONTEXT() REPRESENTATION_CONTEXT('2D SPACE',''
  ) );
#6185 = ORIENTED_EDGE('',*,*,#6136,.F.);
#6186 = ORIENTED_EDGE('',*,*,#5101,.T.);
#6187 = ADVANCED_FACE('',(#6188),#5160,.F.);
#6188 = FACE_BOUND('',#6189,.F.);
#6189 = EDGE_LOOP('',(#6190,#6213,#6240,#6241));
#6190 = ORIENTED_EDGE('',*,*,#6191,.T.);
#6191 = EDGE_CURVE('',#5140,#6192,#6194,.T.);
#6192 = VERTEX_POINT('',#6193);
#6193 = CARTESIAN_POINT('',(3.8,66.04,13.5));
#6194 = SEAM_CURVE('',#6195,(#6199,#6206),.PCURVE_S1.);
#6195 = LINE('',#6196,#6197);
#6196 = CARTESIAN_POINT('',(3.8,66.04,-1.));
#6197 = VECTOR('',#6198,1.);
#6198 = DIRECTION('',(0.,0.,1.));
#6199 = PCURVE('',#5160,#6200);
#6200 = DEFINITIONAL_REPRESENTATION('',(#6201),#6205);
#6201 = LINE('',#6202,#6203);
#6202 = CARTESIAN_POINT('',(6.28318530718,-0.));
#6203 = VECTOR('',#6204,1.);
#6204 = DIRECTION('',(0.,1.));
#6205 = ( GEOMETRIC_REPRESENTATION_CONTEXT(2) 
PARAMETRIC_REPRESENTATION_CONTEXT() REPRESENTATION_CONTEXT('2D SPACE',''
  ) );
#6206 = PCURVE('',#5160,#6207);
#6207 = DEFINITIONAL_REPRESENTATION('',(#6208),#6212);
#6208 = LINE('',#6209,#6210);
#6209 = CARTESIAN_POINT('',(0.,-0.));
#6210 = VECTOR('',#6211,1.);
#6211 = DIRECTION('',(0.,1.));
#6212 = ( GEOMETRIC_REPRESENTATION_CONTEXT(2) 
PARAMETRIC_REPRESENTATION_CONTEXT() REPRESENTATION_CONTEXT('2D SPACE',''
  ) );
#6213 = ORIENTED_EDGE('',*,*,#6214,.F.);
#6214 = EDGE_CURVE('',#6192,#6192,#6215,.T.);
#6215 = SURFACE_CURVE('',#6216,(#6221,#6228),.PCURVE_S1.);
#6216 = CIRCLE('',#6217,3.8);
#6217 = AXIS2_PLACEMENT_3D('',#6218,#6219,#6220);
#6218 = CARTESIAN_POINT('',(4.043783730785E-15,66.04,13.5));
#6219 = DIRECTION('',(0.,0.,1.));
#6220 = DIRECTION('',(1.,0.,-0.));
#6221 = PCURVE('',#5160,#6222);
#6222 = DEFINITIONAL_REPRESENTATION('',(#6223),#6227);
#6223 = LINE('',#6224,#6225);
#6224 = CARTESIAN_POINT('',(0.,14.5));
#6225 = VECTOR('',#6226,1.);
#6226 = DIRECTION('',(1.,0.));
#6227 = ( GEOMETRIC_REPRESENTATION_CONTEXT(2) 
PARAMETRIC_REPRESENTATION_CONTEXT() REPRESENTATION_CONTEXT('2D SPACE',''
  ) );
#6228 = PCURVE('',#6229,#6234);
#6229 = PLANE('',#6230);
#6230 = AXIS2_PLACEMENT_3D('',#6231,#6232,#6233);
#6231 = CARTESIAN_POINT('',(4.043783730785E-15,66.04,13.5));
#6232 = DIRECTION('',(0.,0.,1.));
#6233 = DIRECTION('',(1.,0.,-0.));
#6234 = DEFINITIONAL_REPRESENTATION('',(#6235),#6239);
#6235 = CIRCLE('',#6236,3.8);
#6236 = AXIS2_PLACEMENT_2D('',#6237,#6238);
#6237 = CARTESIAN_POINT('',(0.,0.));
#6238 = DIRECTION('',(1.,0.));
#6239 = ( GEOMETRIC_REPRESENTATION_CONTEXT(2) 
PARAMETRIC_REPRESENTATION_CONTEXT() REPRESENTATION_CONTEXT('2D SPACE',''
  ) );
#6240 = ORIENTED_EDGE('',*,*,#6191,.F.);
#6241 = ORIENTED_EDGE('',*,*,#5139,.T.);
#6242 = ADVANCED_FACE('',(#6243),#5195,.F.);
#6243 = FACE_BOUND('',#6244,.F.);
#6244 = EDGE_LOOP('',(#6245,#6268,#6295,#6296));
#6245 = ORIENTED_EDGE('',*,*,#6246,.T.);
#6246 = EDGE_CURVE('',#5175,#6247,#6249,.T.);
#6247 = VERTEX_POINT('',#6248);
#6248 = CARTESIAN_POINT('',(-16.84571321969,63.721329497274,1.));
#6249 = SEAM_CURVE('',#6250,(#6254,#6261),.PCURVE_S1.);
#6250 = LINE('',#6251,#6252);
#6251 = CARTESIAN_POINT('',(-16.84571321969,63.721329497274,
    -9.999999999998E-03));
#6252 = VECTOR('',#6253,1.);
#6253 = DIRECTION('',(0.,0.,1.));
#6254 = PCURVE('',#5195,#6255);
#6255 = DEFINITIONAL_REPRESENTATION('',(#6256),#6260);
#6256 = LINE('',#6257,#6258);
#6257 = CARTESIAN_POINT('',(6.28318530718,-0.));
#6258 = VECTOR('',#6259,1.);
#6259 = DIRECTION('',(0.,1.));
#6260 = ( GEOMETRIC_REPRESENTATION_CONTEXT(2) 
PARAMETRIC_REPRESENTATION_CONTEXT() REPRESENTATION_CONTEXT('2D SPACE',''
  ) );
#6261 = PCURVE('',#5195,#6262);
#6262 = DEFINITIONAL_REPRESENTATION('',(#6263),#6267);
#6263 = LINE('',#6264,#6265);
#6264 = CARTESIAN_POINT('',(0.,-0.));
#6265 = VECTOR('',#6266,1.);
#6266 = DIRECTION('',(0.,1.));
#6267 = ( GEOMETRIC_REPRESENTATION_CONTEXT(2) 
PARAMETRIC_REPRESENTATION_CONTEXT() REPRESENTATION_CONTEXT('2D SPACE',''
  ) );
#6268 = ORIENTED_EDGE('',*,*,#6269,.F.);
#6269 = EDGE_CURVE('',#6247,#6247,#6270,.T.);
#6270 = SURFACE_CURVE('',#6271,(#6276,#6283),.PCURVE_S1.);
#6271 = CIRCLE('',#6272,0.5);
#6272 = AXIS2_PLACEMENT_3D('',#6273,#6274,#6275);
#6273 = CARTESIAN_POINT('',(-17.34571321969,63.721329497274,1.));
#6274 = DIRECTION('',(0.,0.,1.));
#6275 = DIRECTION('',(1.,0.,-0.));
#6276 = PCURVE('',#5195,#6277);
#6277 = DEFINITIONAL_REPRESENTATION('',(#6278),#6282);
#6278 = LINE('',#6279,#6280);
#6279 = CARTESIAN_POINT('',(0.,1.01));
#6280 = VECTOR('',#6281,1.);
#6281 = DIRECTION('',(1.,0.));
#6282 = ( GEOMETRIC_REPRESENTATION_CONTEXT(2) 
PARAMETRIC_REPRESENTATION_CONTEXT() REPRESENTATION_CONTEXT('2D SPACE',''
  ) );
#6283 = PCURVE('',#6284,#6289);
#6284 = PLANE('',#6285);
#6285 = AXIS2_PLACEMENT_3D('',#6286,#6287,#6288);
#6286 = CARTESIAN_POINT('',(-17.34571321969,63.721329497274,1.));
#6287 = DIRECTION('',(0.,0.,1.));
#6288 = DIRECTION('',(1.,0.,-0.));
#6289 = DEFINITIONAL_REPRESENTATION('',(#6290),#6294);
#6290 = CIRCLE('',#6291,0.5);
#6291 = AXIS2_PLACEMENT_2D('',#6292,#6293);
#6292 = CARTESIAN_POINT('',(0.,0.));
#6293 = DIRECTION('',(1.,0.));
#6294 = ( GEOMETRIC_REPRESENTATION_CONTEXT(2) 
PARAMETRIC_REPRESENTATION_CONTEXT() REPRESENTATION_CONTEXT('2D SPACE',''
  ) );
#6295 = ORIENTED_EDGE('',*,*,#6246,.F.);
#6296 = ORIENTED_EDGE('',*,*,#5174,.T.);
#6297 = ADVANCED_FACE('',(#6298),#5262,.F.);
#6298 = FACE_BOUND('',#6299,.F.);
#6299 = EDGE_LOOP('',(#6300,#6301,#6324,#6351));
#6300 = ORIENTED_EDGE('',*,*,#5245,.F.);
#6301 = ORIENTED_EDGE('',*,*,#6302,.F.);
#6302 = EDGE_CURVE('',#6303,#5246,#6305,.T.);
#6303 = VERTEX_POINT('',#6304);
#6304 = CARTESIAN_POINT('',(95.400839798152,-53.925,41.5));
#6305 = SEAM_CURVE('',#6306,(#6310,#6317),.PCURVE_S1.);
#6306 = LINE('',#6307,#6308);
#6307 = CARTESIAN_POINT('',(95.400839798152,-53.925,41.5));
#6308 = VECTOR('',#6309,1.);
#6309 = DIRECTION('',(0.,0.,1.));
#6310 = PCURVE('',#5262,#6311);
#6311 = DEFINITIONAL_REPRESENTATION('',(#6312),#6316);
#6312 = LINE('',#6313,#6314);
#6313 = CARTESIAN_POINT('',(6.28318530718,-0.));
#6314 = VECTOR('',#6315,1.);
#6315 = DIRECTION('',(0.,1.));
#6316 = ( GEOMETRIC_REPRESENTATION_CONTEXT(2) 
PARAMETRIC_REPRESENTATION_CONTEXT() REPRESENTATION_CONTEXT('2D SPACE',''
  ) );
#6317 = PCURVE('',#5262,#6318);
#6318 = DEFINITIONAL_REPRESENTATION('',(#6319),#6323);
#6319 = LINE('',#6320,#6321);
#6320 = CARTESIAN_POINT('',(0.,-0.));
#6321 = VECTOR('',#6322,1.);
#6322 = DIRECTION('',(0.,1.));
#6323 = ( GEOMETRIC_REPRESENTATION_CONTEXT(2) 
PARAMETRIC_REPRESENTATION_CONTEXT() REPRESENTATION_CONTEXT('2D SPACE',''
  ) );
#6324 = ORIENTED_EDGE('',*,*,#6325,.T.);
#6325 = EDGE_CURVE('',#6303,#6303,#6326,.T.);
#6326 = SURFACE_CURVE('',#6327,(#6332,#6339),.PCURVE_S1.);
#6327 = CIRCLE('',#6328,2.);
#6328 = AXIS2_PLACEMENT_3D('',#6329,#6330,#6331);
#6329 = CARTESIAN_POINT('',(93.400839798152,-53.925,41.5));
#6330 = DIRECTION('',(0.,0.,1.));
#6331 = DIRECTION('',(1.,0.,-0.));
#6332 = PCURVE('',#5262,#6333);
#6333 = DEFINITIONAL_REPRESENTATION('',(#6334),#6338);
#6334 = LINE('',#6335,#6336);
#6335 = CARTESIAN_POINT('',(0.,0.));
#6336 = VECTOR('',#6337,1.);
#6337 = DIRECTION('',(1.,0.));
#6338 = ( GEOMETRIC_REPRESENTATION_CONTEXT(2) 
PARAMETRIC_REPRESENTATION_CONTEXT() REPRESENTATION_CONTEXT('2D SPACE',''
  ) );
#6339 = PCURVE('',#6340,#6345);
#6340 = PLANE('',#6341);
#6341 = AXIS2_PLACEMENT_3D('',#6342,#6343,#6344);
#6342 = CARTESIAN_POINT('',(93.400839798152,-53.925,41.5));
#6343 = DIRECTION('',(0.,0.,1.));
#6344 = DIRECTION('',(1.,0.,-0.));
#6345 = DEFINITIONAL_REPRESENTATION('',(#6346),#6350);
#6346 = CIRCLE('',#6347,2.);
#6347 = AXIS2_PLACEMENT_2D('',#6348,#6349);
#6348 = CARTESIAN_POINT('',(0.,0.));
#6349 = DIRECTION('',(1.,0.));
#6350 = ( GEOMETRIC_REPRESENTATION_CONTEXT(2) 
PARAMETRIC_REPRESENTATION_CONTEXT() REPRESENTATION_CONTEXT('2D SPACE',''
  ) );
#6351 = ORIENTED_EDGE('',*,*,#6302,.T.);
#6352 = ADVANCED_FACE('',(#6353),#5347,.T.);
#6353 = FACE_BOUND('',#6354,.T.);
#6354 = EDGE_LOOP('',(#6355,#6356,#6357,#6358));
#6355 = ORIENTED_EDGE('',*,*,#5571,.F.);
#6356 = ORIENTED_EDGE('',*,*,#5599,.T.);
#6357 = ORIENTED_EDGE('',*,*,#5331,.T.);
#6358 = ORIENTED_EDGE('',*,*,#5470,.T.);
#6359 = ADVANCED_FACE('',(#6360),#5429,.F.);
#6360 = FACE_BOUND('',#6361,.F.);
#6361 = EDGE_LOOP('',(#6362,#6363,#6386,#6413));
#6362 = ORIENTED_EDGE('',*,*,#5412,.F.);
#6363 = ORIENTED_EDGE('',*,*,#6364,.F.);
#6364 = EDGE_CURVE('',#6365,#5413,#6367,.T.);
#6365 = VERTEX_POINT('',#6366);
#6366 = CARTESIAN_POINT('',(-91.40083979815,-53.925,41.5));
#6367 = SEAM_CURVE('',#6368,(#6372,#6379),.PCURVE_S1.);
#6368 = LINE('',#6369,#6370);
#6369 = CARTESIAN_POINT('',(-91.40083979815,-53.925,41.5));
#6370 = VECTOR('',#6371,1.);
#6371 = DIRECTION('',(0.,0.,1.));
#6372 = PCURVE('',#5429,#6373);
#6373 = DEFINITIONAL_REPRESENTATION('',(#6374),#6378);
#6374 = LINE('',#6375,#6376);
#6375 = CARTESIAN_POINT('',(6.28318530718,-0.));
#6376 = VECTOR('',#6377,1.);
#6377 = DIRECTION('',(0.,1.));
#6378 = ( GEOMETRIC_REPRESENTATION_CONTEXT(2) 
PARAMETRIC_REPRESENTATION_CONTEXT() REPRESENTATION_CONTEXT('2D SPACE',''
  ) );
#6379 = PCURVE('',#5429,#6380);
#6380 = DEFINITIONAL_REPRESENTATION('',(#6381),#6385);
#6381 = LINE('',#6382,#6383);
#6382 = CARTESIAN_POINT('',(0.,-0.));
#6383 = VECTOR('',#6384,1.);
#6384 = DIRECTION('',(0.,1.));
#6385 = ( GEOMETRIC_REPRESENTATION_CONTEXT(2) 
PARAMETRIC_REPRESENTATION_CONTEXT() REPRESENTATION_CONTEXT('2D SPACE',''
  ) );
#6386 = ORIENTED_EDGE('',*,*,#6387,.T.);
#6387 = EDGE_CURVE('',#6365,#6365,#6388,.T.);
#6388 = SURFACE_CURVE('',#6389,(#6394,#6401),.PCURVE_S1.);
#6389 = CIRCLE('',#6390,2.);
#6390 = AXIS2_PLACEMENT_3D('',#6391,#6392,#6393);
#6391 = CARTESIAN_POINT('',(-93.40083979815,-53.925,41.5));
#6392 = DIRECTION('',(0.,0.,1.));
#6393 = DIRECTION('',(1.,0.,-0.));
#6394 = PCURVE('',#5429,#6395);
#6395 = DEFINITIONAL_REPRESENTATION('',(#6396),#6400);
#6396 = LINE('',#6397,#6398);
#6397 = CARTESIAN_POINT('',(0.,0.));
#6398 = VECTOR('',#6399,1.);
#6399 = DIRECTION('',(1.,0.));
#6400 = ( GEOMETRIC_REPRESENTATION_CONTEXT(2) 
PARAMETRIC_REPRESENTATION_CONTEXT() REPRESENTATION_CONTEXT('2D SPACE',''
  ) );
#6401 = PCURVE('',#6402,#6407);
#6402 = PLANE('',#6403);
#6403 = AXIS2_PLACEMENT_3D('',#6404,#6405,#6406);
#6404 = CARTESIAN_POINT('',(-93.40083979815,-53.925,41.5));
#6405 = DIRECTION('',(0.,0.,1.));
#6406 = DIRECTION('',(1.,0.,-0.));
#6407 = DEFINITIONAL_REPRESENTATION('',(#6408),#6412);
#6408 = CIRCLE('',#6409,2.);
#6409 = AXIS2_PLACEMENT_2D('',#6410,#6411);
#6410 = CARTESIAN_POINT('',(0.,0.));
#6411 = DIRECTION('',(1.,0.));
#6412 = ( GEOMETRIC_REPRESENTATION_CONTEXT(2) 
PARAMETRIC_REPRESENTATION_CONTEXT() REPRESENTATION_CONTEXT('2D SPACE',''
  ) );
#6413 = ORIENTED_EDGE('',*,*,#6364,.T.);
#6414 = ADVANCED_FACE('',(#6415),#5534,.T.);
#6415 = FACE_BOUND('',#6416,.T.);
#6416 = EDGE_LOOP('',(#6417));
#6417 = ORIENTED_EDGE('',*,*,#5519,.T.);
#6418 = ADVANCED_FACE('',(#6419),#5694,.T.);
#6419 = FACE_BOUND('',#6420,.T.);
#6420 = EDGE_LOOP('',(#6421,#6422,#6423,#6424));
#6421 = ORIENTED_EDGE('',*,*,#5918,.F.);
#6422 = ORIENTED_EDGE('',*,*,#5816,.T.);
#6423 = ORIENTED_EDGE('',*,*,#5678,.T.);
#6424 = ORIENTED_EDGE('',*,*,#5947,.T.);
#6425 = ADVANCED_FACE('',(#6426),#5776,.F.);
#6426 = FACE_BOUND('',#6427,.F.);
#6427 = EDGE_LOOP('',(#6428,#6429,#6452,#6479));
#6428 = ORIENTED_EDGE('',*,*,#5759,.F.);
#6429 = ORIENTED_EDGE('',*,*,#6430,.F.);
#6430 = EDGE_CURVE('',#6431,#5760,#6433,.T.);
#6431 = VERTEX_POINT('',#6432);
#6432 = CARTESIAN_POINT('',(2.,107.85,41.5));
#6433 = SEAM_CURVE('',#6434,(#6438,#6445),.PCURVE_S1.);
#6434 = LINE('',#6435,#6436);
#6435 = CARTESIAN_POINT('',(2.,107.85,41.5));
#6436 = VECTOR('',#6437,1.);
#6437 = DIRECTION('',(0.,0.,1.));
#6438 = PCURVE('',#5776,#6439);
#6439 = DEFINITIONAL_REPRESENTATION('',(#6440),#6444);
#6440 = LINE('',#6441,#6442);
#6441 = CARTESIAN_POINT('',(6.28318530718,-0.));
#6442 = VECTOR('',#6443,1.);
#6443 = DIRECTION('',(0.,1.));
#6444 = ( GEOMETRIC_REPRESENTATION_CONTEXT(2) 
PARAMETRIC_REPRESENTATION_CONTEXT() REPRESENTATION_CONTEXT('2D SPACE',''
  ) );
#6445 = PCURVE('',#5776,#6446);
#6446 = DEFINITIONAL_REPRESENTATION('',(#6447),#6451);
#6447 = LINE('',#6448,#6449);
#6448 = CARTESIAN_POINT('',(0.,-0.));
#6449 = VECTOR('',#6450,1.);
#6450 = DIRECTION('',(0.,1.));
#6451 = ( GEOMETRIC_REPRESENTATION_CONTEXT(2) 
PARAMETRIC_REPRESENTATION_CONTEXT() REPRESENTATION_CONTEXT('2D SPACE',''
  ) );
#6452 = ORIENTED_EDGE('',*,*,#6453,.T.);
#6453 = EDGE_CURVE('',#6431,#6431,#6454,.T.);
#6454 = SURFACE_CURVE('',#6455,(#6460,#6467),.PCURVE_S1.);
#6455 = CIRCLE('',#6456,2.);
#6456 = AXIS2_PLACEMENT_3D('',#6457,#6458,#6459);
#6457 = CARTESIAN_POINT('',(6.603907864402E-15,107.85,41.5));
#6458 = DIRECTION('',(0.,0.,1.));
#6459 = DIRECTION('',(1.,0.,-0.));
#6460 = PCURVE('',#5776,#6461);
#6461 = DEFINITIONAL_REPRESENTATION('',(#6462),#6466);
#6462 = LINE('',#6463,#6464);
#6463 = CARTESIAN_POINT('',(0.,0.));
#6464 = VECTOR('',#6465,1.);
#6465 = DIRECTION('',(1.,0.));
#6466 = ( GEOMETRIC_REPRESENTATION_CONTEXT(2) 
PARAMETRIC_REPRESENTATION_CONTEXT() REPRESENTATION_CONTEXT('2D SPACE',''
  ) );
#6467 = PCURVE('',#6468,#6473);
#6468 = PLANE('',#6469);
#6469 = AXIS2_PLACEMENT_3D('',#6470,#6471,#6472);
#6470 = CARTESIAN_POINT('',(6.603907864402E-15,107.85,41.5));
#6471 = DIRECTION('',(0.,0.,1.));
#6472 = DIRECTION('',(1.,0.,-0.));
#6473 = DEFINITIONAL_REPRESENTATION('',(#6474),#6478);
#6474 = CIRCLE('',#6475,2.);
#6475 = AXIS2_PLACEMENT_2D('',#6476,#6477);
#6476 = CARTESIAN_POINT('',(0.,0.));
#6477 = DIRECTION('',(1.,0.));
#6478 = ( GEOMETRIC_REPRESENTATION_CONTEXT(2) 
PARAMETRIC_REPRESENTATION_CONTEXT() REPRESENTATION_CONTEXT('2D SPACE',''
  ) );
#6479 = ORIENTED_EDGE('',*,*,#6430,.T.);
#6480 = ADVANCED_FACE('',(#6481),#5903,.T.);
#6481 = FACE_BOUND('',#6482,.T.);
#6482 = EDGE_LOOP('',(#6483));
#6483 = ORIENTED_EDGE('',*,*,#5888,.T.);
#6484 = ADVANCED_FACE('',(#6485),#6009,.F.);
#6485 = FACE_BOUND('',#6486,.F.);
#6486 = EDGE_LOOP('',(#6487));
#6487 = ORIENTED_EDGE('',*,*,#5994,.T.);
#6488 = ADVANCED_FACE('',(#6489),#6064,.F.);
#6489 = FACE_BOUND('',#6490,.F.);
#6490 = EDGE_LOOP('',(#6491));
#6491 = ORIENTED_EDGE('',*,*,#6049,.T.);
#6492 = ADVANCED_FACE('',(#6493),#6119,.F.);
#6493 = FACE_BOUND('',#6494,.F.);
#6494 = EDGE_LOOP('',(#6495));
#6495 = ORIENTED_EDGE('',*,*,#6104,.T.);
#6496 = ADVANCED_FACE('',(#6497),#6174,.F.);
#6497 = FACE_BOUND('',#6498,.F.);
#6498 = EDGE_LOOP('',(#6499));
#6499 = ORIENTED_EDGE('',*,*,#6159,.T.);
#6500 = ADVANCED_FACE('',(#6501),#6229,.F.);
#6501 = FACE_BOUND('',#6502,.F.);
#6502 = EDGE_LOOP('',(#6503));
#6503 = ORIENTED_EDGE('',*,*,#6214,.T.);
#6504 = ADVANCED_FACE('',(#6505),#6284,.F.);
#6505 = FACE_BOUND('',#6506,.F.);
#6506 = EDGE_LOOP('',(#6507));
#6507 = ORIENTED_EDGE('',*,*,#6269,.T.);
#6508 = ADVANCED_FACE('',(#6509),#6340,.T.);
#6509 = FACE_BOUND('',#6510,.F.);
#6510 = EDGE_LOOP('',(#6511));
#6511 = ORIENTED_EDGE('',*,*,#6325,.F.);
#6512 = ADVANCED_FACE('',(#6513),#6402,.T.);
#6513 = FACE_BOUND('',#6514,.F.);
#6514 = EDGE_LOOP('',(#6515));
#6515 = ORIENTED_EDGE('',*,*,#6387,.F.);
#6516 = ADVANCED_FACE('',(#6517),#6468,.T.);
#6517 = FACE_BOUND('',#6518,.F.);
#6518 = EDGE_LOOP('',(#6519));
#6519 = ORIENTED_EDGE('',*,*,#6453,.F.);
#6520 = ( GEOMETRIC_REPRESENTATION_CONTEXT(3) 
GLOBAL_UNCERTAINTY_ASSIGNED_CONTEXT((#6524)) 
GLOBAL_UNIT_ASSIGNED_CONTEXT((#6521,#6522,#6523)) REPRESENTATION_CONTEXT
('Context #1','3D Context with UNIT and UNCERTAINTY') );
#6521 = ( LENGTH_UNIT() NAMED_UNIT(*) SI_UNIT(.MILLI.,.METRE.) );
#6522 = ( NAMED_UNIT(*) PLANE_ANGLE_UNIT() SI_UNIT($,.RADIAN.) );
#6523 = ( NAMED_UNIT(*) SI_UNIT($,.STERADIAN.) SOLID_ANGLE_UNIT() );
#6524 = UNCERTAINTY_MEASURE_WITH_UNIT(LENGTH_MEASURE(2.E-06),#6521,
  'distance_accuracy_value','confusion accuracy');
#6525 = PRODUCT_RELATED_PRODUCT_CATEGORY('part',$,(#7));
#6526 = MECHANICAL_DESIGN_GEOMETRIC_PRESENTATION_REPRESENTATION('',(
    #6527),#6520);
#6527 = STYLED_ITEM('color',(#6528),#15);
#6528 = PRESENTATION_STYLE_ASSIGNMENT((#6529));
#6529 = SURFACE_STYLE_USAGE(.BOTH.,#6530);
#6530 = SURFACE_SIDE_STYLE('',(#6531));
#6531 = SURFACE_STYLE_FILL_AREA(#6532);
#6532 = FILL_AREA_STYLE('',(#6533));
#6533 = FILL_AREA_STYLE_COLOUR('',#6534);
#6534 = COLOUR_RGB('',0.900415782862,0.736646961459,0.514231663239);
ENDSEC;
END-ISO-10303-21;
