ISO-10303-21;
HEADER;
FILE_DESCRIPTION(('Open CASCADE Model'),'2;1');
FILE_NAME('Open CASCADE Shape Model','2026-09-26T11:50:13',('Author'),(
    'Open CASCADE'),'Open CASCADE STEP processor 8.0','Open CASCADE 8.0'
  ,'Unknown');
FILE_SCHEMA((
'AP242_MANAGED_MODEL_BASED_3D_ENGINEERING_MIM_LF {1 0 10303 442 1 1 4 }'
    ));
ENDSEC;
DATA;
#1 = APPLICATION_PROTOCOL_DEFINITION('international standard',
  'ap242_managed_model_based_3d_engineering',2013,#2);
#2 = APPLICATION_CONTEXT('Managed model based 3d engineering');
#3 = SHAPE_DEFINITION_REPRESENTATION(#4,#10);
#4 = PRODUCT_DEFINITION_SHAPE('','',#5);
#5 = PRODUCT_DEFINITION('design','',#6,#9);
#6 = PRODUCT_DEFINITION_FORMATION('','',#7);
#7 = PRODUCT('Rear tube plate','Rear tube plate','',(#8));
#8 = PRODUCT_CONTEXT('',#2,'mechanical');
#9 = PRODUCT_DEFINITION_CONTEXT('part definition',#2,'design');
#10 = ADVANCED_BREP_SHAPE_REPRESENTATION('',(#11,#15),#8605);
#11 = AXIS2_PLACEMENT_3D('',#12,#13,#14);
#12 = CARTESIAN_POINT('',(0.,0.,0.));
#13 = DIRECTION('',(0.,0.,1.));
#14 = DIRECTION('',(1.,0.,-0.));
#15 = MANIFOLD_SOLID_BREP('',#16);
#16 = CLOSED_SHELL('',(#17,#106,#161,#196,#251,#1364,#1440,#1489,#1543,
    #1597,#1651,#1700,#1754,#1786,#1836,#1886,#1936,#1991,#2026,#2081,
    #2132,#2182,#2258,#2312,#2366,#2415,#2464,#2518,#2572,#2604,#2654,
    #2704,#2780,#2834,#2888,#2937,#2986,#3040,#3094,#3126,#3176,#3226,
    #3281,#3316,#3371,#3422,#5259,#5336,#7609,#7918,#7945,#7974,#7981,
    #8028,#8055,#8084,#8091,#8138,#8165,#8194,#8201,#8248,#8275,#8304,
    #8311,#8358,#8385,#8414,#8421,#8468,#8495,#8524,#8531,#8538));
#17 = ADVANCED_FACE('',(#18),#31,.F.);
#18 = FACE_BOUND('',#19,.F.);
#19 = EDGE_LOOP('',(#20,#54,#78,#105));
#20 = ORIENTED_EDGE('',*,*,#21,.T.);
#21 = EDGE_CURVE('',#22,#22,#24,.T.);
#22 = VERTEX_POINT('',#23);
#23 = CARTESIAN_POINT('',(55.878052242976,11.281661085532,6.5));
#24 = SURFACE_CURVE('',#25,(#30,#42),.PCURVE_S1.);
#25 = CIRCLE('',#26,7.65);
#26 = AXIS2_PLACEMENT_3D('',#27,#28,#29);
#27 = CARTESIAN_POINT('',(48.228052242976,11.281661085532,6.5));
#28 = DIRECTION('',(0.,-1.224646799147E-16,-1.));
#29 = DIRECTION('',(1.,0.,0.));
#30 = PCURVE('',#31,#36);
#31 = TOROIDAL_SURFACE('',#32,7.65,1.5);
#32 = AXIS2_PLACEMENT_3D('',#33,#34,#35);
#33 = CARTESIAN_POINT('',(48.228052242976,11.281661085532,8.));
#34 = DIRECTION('',(0.,-1.224646799147E-16,-1.));
#35 = DIRECTION('',(1.,0.,0.));
#36 = DEFINITIONAL_REPRESENTATION('',(#37),#41);
#37 = LINE('',#38,#39);
#38 = CARTESIAN_POINT('',(0.,1.570796326795));
#39 = VECTOR('',#40,1.);
#40 = DIRECTION('',(1.,0.));
#41 = ( GEOMETRIC_REPRESENTATION_CONTEXT(2) 
PARAMETRIC_REPRESENTATION_CONTEXT() REPRESENTATION_CONTEXT('2D SPACE',''
  ) );
#42 = PCURVE('',#43,#48);
#43 = PLANE('',#44);
#44 = AXIS2_PLACEMENT_3D('',#45,#46,#47);
#45 = CARTESIAN_POINT('',(0.,-1.285879139105E-15,6.5));
#46 = DIRECTION('',(0.,-1.224646799147E-16,-1.));
#47 = DIRECTION('',(1.,-0.,0.));
#48 = DEFINITIONAL_REPRESENTATION('',(#49),#53);
#49 = CIRCLE('',#50,7.65);
#50 = AXIS2_PLACEMENT_2D('',#51,#52);
#51 = CARTESIAN_POINT('',(48.228052242976,-11.28166108553));
#52 = DIRECTION('',(1.,-0.));
#53 = ( GEOMETRIC_REPRESENTATION_CONTEXT(2) 
PARAMETRIC_REPRESENTATION_CONTEXT() REPRESENTATION_CONTEXT('2D SPACE',''
  ) );
#54 = ORIENTED_EDGE('',*,*,#55,.T.);
#55 = EDGE_CURVE('',#22,#56,#58,.T.);
#56 = VERTEX_POINT('',#57);
#57 = CARTESIAN_POINT('',(54.378052242976,11.281661085532,8.));
#58 = SEAM_CURVE('',#59,(#64,#71),.PCURVE_S1.);
#59 = CIRCLE('',#60,1.5);
#60 = AXIS2_PLACEMENT_3D('',#61,#62,#63);
#61 = CARTESIAN_POINT('',(55.878052242976,11.281661085532,8.));
#62 = DIRECTION('',(0.,1.,-1.224646799147E-16));
#63 = DIRECTION('',(-1.184237892933E-15,-1.224646799147E-16,-1.));
#64 = PCURVE('',#31,#65);
#65 = DEFINITIONAL_REPRESENTATION('',(#66),#70);
#66 = LINE('',#67,#68);
#67 = CARTESIAN_POINT('',(0.,1.570796326795));
#68 = VECTOR('',#69,1.);
#69 = DIRECTION('',(0.,1.));
#70 = ( GEOMETRIC_REPRESENTATION_CONTEXT(2) 
PARAMETRIC_REPRESENTATION_CONTEXT() REPRESENTATION_CONTEXT('2D SPACE',''
  ) );
#71 = PCURVE('',#31,#72);
#72 = DEFINITIONAL_REPRESENTATION('',(#73),#77);
#73 = LINE('',#74,#75);
#74 = CARTESIAN_POINT('',(6.28318530718,1.570796326795));
#75 = VECTOR('',#76,1.);
#76 = DIRECTION('',(0.,1.));
#77 = ( GEOMETRIC_REPRESENTATION_CONTEXT(2) 
PARAMETRIC_REPRESENTATION_CONTEXT() REPRESENTATION_CONTEXT('2D SPACE',''
  ) );
#78 = ORIENTED_EDGE('',*,*,#79,.F.);
#79 = EDGE_CURVE('',#56,#56,#80,.T.);
#80 = SURFACE_CURVE('',#81,(#86,#93),.PCURVE_S1.);
#81 = CIRCLE('',#82,6.15);
#82 = AXIS2_PLACEMENT_3D('',#83,#84,#85);
#83 = CARTESIAN_POINT('',(48.228052242976,11.281661085532,8.));
#84 = DIRECTION('',(0.,-1.224646799147E-16,-1.));
#85 = DIRECTION('',(1.,0.,0.));
#86 = PCURVE('',#31,#87);
#87 = DEFINITIONAL_REPRESENTATION('',(#88),#92);
#88 = LINE('',#89,#90);
#89 = CARTESIAN_POINT('',(0.,3.14159265359));
#90 = VECTOR('',#91,1.);
#91 = DIRECTION('',(1.,0.));
#92 = ( GEOMETRIC_REPRESENTATION_CONTEXT(2) 
PARAMETRIC_REPRESENTATION_CONTEXT() REPRESENTATION_CONTEXT('2D SPACE',''
  ) );
#93 = PCURVE('',#94,#99);
#94 = CYLINDRICAL_SURFACE('',#95,6.15);
#95 = AXIS2_PLACEMENT_3D('',#96,#97,#98);
#96 = CARTESIAN_POINT('',(48.228052242976,11.281661085532,10.4));
#97 = DIRECTION('',(0.,-1.224646799147E-16,-1.));
#98 = DIRECTION('',(1.,0.,0.));
#99 = DEFINITIONAL_REPRESENTATION('',(#100),#104);
#100 = LINE('',#101,#102);
#101 = CARTESIAN_POINT('',(0.,2.4));
#102 = VECTOR('',#103,1.);
#103 = DIRECTION('',(1.,0.));
#104 = ( GEOMETRIC_REPRESENTATION_CONTEXT(2) 
PARAMETRIC_REPRESENTATION_CONTEXT() REPRESENTATION_CONTEXT('2D SPACE',''
  ) );
#105 = ORIENTED_EDGE('',*,*,#55,.F.);
#106 = ADVANCED_FACE('',(#107),#94,.T.);
#107 = FACE_BOUND('',#108,.T.);
#108 = EDGE_LOOP('',(#109,#110,#133,#160));
#109 = ORIENTED_EDGE('',*,*,#79,.F.);
#110 = ORIENTED_EDGE('',*,*,#111,.F.);
#111 = EDGE_CURVE('',#112,#56,#114,.T.);
#112 = VERTEX_POINT('',#113);
#113 = CARTESIAN_POINT('',(54.378052242976,11.281661085532,10.4));
#114 = SEAM_CURVE('',#115,(#119,#126),.PCURVE_S1.);
#115 = LINE('',#116,#117);
#116 = CARTESIAN_POINT('',(54.378052242976,11.281661085532,10.4));
#117 = VECTOR('',#118,1.);
#118 = DIRECTION('',(0.,-1.224646799147E-16,-1.));
#119 = PCURVE('',#94,#120);
#120 = DEFINITIONAL_REPRESENTATION('',(#121),#125);
#121 = LINE('',#122,#123);
#122 = CARTESIAN_POINT('',(6.28318530718,-0.));
#123 = VECTOR('',#124,1.);
#124 = DIRECTION('',(0.,1.));
#125 = ( GEOMETRIC_REPRESENTATION_CONTEXT(2) 
PARAMETRIC_REPRESENTATION_CONTEXT() REPRESENTATION_CONTEXT('2D SPACE',''
  ) );
#126 = PCURVE('',#94,#127);
#127 = DEFINITIONAL_REPRESENTATION('',(#128),#132);
#128 = LINE('',#129,#130);
#129 = CARTESIAN_POINT('',(0.,-0.));
#130 = VECTOR('',#131,1.);
#131 = DIRECTION('',(0.,1.));
#132 = ( GEOMETRIC_REPRESENTATION_CONTEXT(2) 
PARAMETRIC_REPRESENTATION_CONTEXT() REPRESENTATION_CONTEXT('2D SPACE',''
  ) );
#133 = ORIENTED_EDGE('',*,*,#134,.T.);
#134 = EDGE_CURVE('',#112,#112,#135,.T.);
#135 = SURFACE_CURVE('',#136,(#141,#148),.PCURVE_S1.);
#136 = CIRCLE('',#137,6.15);
#137 = AXIS2_PLACEMENT_3D('',#138,#139,#140);
#138 = CARTESIAN_POINT('',(48.228052242976,11.281661085532,10.4));
#139 = DIRECTION('',(0.,-1.224646799147E-16,-1.));
#140 = DIRECTION('',(1.,0.,0.));
#141 = PCURVE('',#94,#142);
#142 = DEFINITIONAL_REPRESENTATION('',(#143),#147);
#143 = LINE('',#144,#145);
#144 = CARTESIAN_POINT('',(0.,0.));
#145 = VECTOR('',#146,1.);
#146 = DIRECTION('',(1.,0.));
#147 = ( GEOMETRIC_REPRESENTATION_CONTEXT(2) 
PARAMETRIC_REPRESENTATION_CONTEXT() REPRESENTATION_CONTEXT('2D SPACE',''
  ) );
#148 = PCURVE('',#149,#154);
#149 = PLANE('',#150);
#150 = AXIS2_PLACEMENT_3D('',#151,#152,#153);
#151 = CARTESIAN_POINT('',(48.228052242976,11.281661085532,10.4));
#152 = DIRECTION('',(0.,-1.224646799147E-16,-1.));
#153 = DIRECTION('',(1.,0.,0.));
#154 = DEFINITIONAL_REPRESENTATION('',(#155),#159);
#155 = CIRCLE('',#156,6.15);
#156 = AXIS2_PLACEMENT_2D('',#157,#158);
#157 = CARTESIAN_POINT('',(0.,0.));
#158 = DIRECTION('',(1.,0.));
#159 = ( GEOMETRIC_REPRESENTATION_CONTEXT(2) 
PARAMETRIC_REPRESENTATION_CONTEXT() REPRESENTATION_CONTEXT('2D SPACE',''
  ) );
#160 = ORIENTED_EDGE('',*,*,#111,.T.);
#161 = ADVANCED_FACE('',(#162,#165),#149,.F.);
#162 = FACE_BOUND('',#163,.F.);
#163 = EDGE_LOOP('',(#164));
#164 = ORIENTED_EDGE('',*,*,#134,.T.);
#165 = FACE_BOUND('',#166,.F.);
#166 = EDGE_LOOP('',(#167));
#167 = ORIENTED_EDGE('',*,*,#168,.F.);
#168 = EDGE_CURVE('',#169,#169,#171,.T.);
#169 = VERTEX_POINT('',#170);
#170 = CARTESIAN_POINT('',(51.028052242976,11.281661085532,10.4));
#171 = SURFACE_CURVE('',#172,(#177,#184),.PCURVE_S1.);
#172 = CIRCLE('',#173,2.8);
#173 = AXIS2_PLACEMENT_3D('',#174,#175,#176);
#174 = CARTESIAN_POINT('',(48.228052242976,11.281661085532,10.4));
#175 = DIRECTION('',(0.,-1.224646799147E-16,-1.));
#176 = DIRECTION('',(1.,0.,0.));
#177 = PCURVE('',#149,#178);
#178 = DEFINITIONAL_REPRESENTATION('',(#179),#183);
#179 = CIRCLE('',#180,2.8);
#180 = AXIS2_PLACEMENT_2D('',#181,#182);
#181 = CARTESIAN_POINT('',(0.,0.));
#182 = DIRECTION('',(1.,0.));
#183 = ( GEOMETRIC_REPRESENTATION_CONTEXT(2) 
PARAMETRIC_REPRESENTATION_CONTEXT() REPRESENTATION_CONTEXT('2D SPACE',''
  ) );
#184 = PCURVE('',#185,#190);
#185 = CYLINDRICAL_SURFACE('',#186,2.8);
#186 = AXIS2_PLACEMENT_3D('',#187,#188,#189);
#187 = CARTESIAN_POINT('',(48.228052242976,11.281661085532,18.));
#188 = DIRECTION('',(0.,-1.224646799147E-16,-1.));
#189 = DIRECTION('',(1.,0.,0.));
#190 = DEFINITIONAL_REPRESENTATION('',(#191),#195);
#191 = LINE('',#192,#193);
#192 = CARTESIAN_POINT('',(0.,7.6));
#193 = VECTOR('',#194,1.);
#194 = DIRECTION('',(1.,0.));
#195 = ( GEOMETRIC_REPRESENTATION_CONTEXT(2) 
PARAMETRIC_REPRESENTATION_CONTEXT() REPRESENTATION_CONTEXT('2D SPACE',''
  ) );
#196 = ADVANCED_FACE('',(#197),#185,.F.);
#197 = FACE_BOUND('',#198,.F.);
#198 = EDGE_LOOP('',(#199,#228,#249,#250));
#199 = ORIENTED_EDGE('',*,*,#200,.F.);
#200 = EDGE_CURVE('',#201,#201,#203,.T.);
#201 = VERTEX_POINT('',#202);
#202 = CARTESIAN_POINT('',(51.028052242976,11.281661085532,0.));
#203 = SURFACE_CURVE('',#204,(#209,#216),.PCURVE_S1.);
#204 = CIRCLE('',#205,2.8);
#205 = AXIS2_PLACEMENT_3D('',#206,#207,#208);
#206 = CARTESIAN_POINT('',(48.228052242976,11.281661085532,0.));
#207 = DIRECTION('',(0.,-1.224646799147E-16,-1.));
#208 = DIRECTION('',(1.,0.,0.));
#209 = PCURVE('',#185,#210);
#210 = DEFINITIONAL_REPRESENTATION('',(#211),#215);
#211 = LINE('',#212,#213);
#212 = CARTESIAN_POINT('',(0.,18.));
#213 = VECTOR('',#214,1.);
#214 = DIRECTION('',(1.,0.));
#215 = ( GEOMETRIC_REPRESENTATION_CONTEXT(2) 
PARAMETRIC_REPRESENTATION_CONTEXT() REPRESENTATION_CONTEXT('2D SPACE',''
  ) );
#216 = PCURVE('',#217,#222);
#217 = PLANE('',#218);
#218 = AXIS2_PLACEMENT_3D('',#219,#220,#221);
#219 = CARTESIAN_POINT('',(48.228052242976,11.281661085532,0.));
#220 = DIRECTION('',(0.,-1.224646799147E-16,-1.));
#221 = DIRECTION('',(1.,0.,0.));
#222 = DEFINITIONAL_REPRESENTATION('',(#223),#227);
#223 = CIRCLE('',#224,2.8);
#224 = AXIS2_PLACEMENT_2D('',#225,#226);
#225 = CARTESIAN_POINT('',(0.,0.));
#226 = DIRECTION('',(1.,0.));
#227 = ( GEOMETRIC_REPRESENTATION_CONTEXT(2) 
PARAMETRIC_REPRESENTATION_CONTEXT() REPRESENTATION_CONTEXT('2D SPACE',''
  ) );
#228 = ORIENTED_EDGE('',*,*,#229,.F.);
#229 = EDGE_CURVE('',#169,#201,#230,.T.);
#230 = SEAM_CURVE('',#231,(#235,#242),.PCURVE_S1.);
#231 = LINE('',#232,#233);
#232 = CARTESIAN_POINT('',(51.028052242976,11.281661085532,18.));
#233 = VECTOR('',#234,1.);
#234 = DIRECTION('',(0.,-1.224646799147E-16,-1.));
#235 = PCURVE('',#185,#236);
#236 = DEFINITIONAL_REPRESENTATION('',(#237),#241);
#237 = LINE('',#238,#239);
#238 = CARTESIAN_POINT('',(6.28318530718,-0.));
#239 = VECTOR('',#240,1.);
#240 = DIRECTION('',(0.,1.));
#241 = ( GEOMETRIC_REPRESENTATION_CONTEXT(2) 
PARAMETRIC_REPRESENTATION_CONTEXT() REPRESENTATION_CONTEXT('2D SPACE',''
  ) );
#242 = PCURVE('',#185,#243);
#243 = DEFINITIONAL_REPRESENTATION('',(#244),#248);
#244 = LINE('',#245,#246);
#245 = CARTESIAN_POINT('',(0.,-0.));
#246 = VECTOR('',#247,1.);
#247 = DIRECTION('',(0.,1.));
#248 = ( GEOMETRIC_REPRESENTATION_CONTEXT(2) 
PARAMETRIC_REPRESENTATION_CONTEXT() REPRESENTATION_CONTEXT('2D SPACE',''
  ) );
#249 = ORIENTED_EDGE('',*,*,#168,.T.);
#250 = ORIENTED_EDGE('',*,*,#229,.T.);
#251 = ADVANCED_FACE('',(#252,#283,#314,#345,#376,#632,#663,#694,#697,
    #953,#984,#1015,#1046,#1077,#1108),#217,.T.);
#252 = FACE_BOUND('',#253,.T.);
#253 = EDGE_LOOP('',(#254));
#254 = ORIENTED_EDGE('',*,*,#255,.T.);
#255 = EDGE_CURVE('',#256,#256,#258,.T.);
#256 = VERTEX_POINT('',#257);
#257 = CARTESIAN_POINT('',(101.3,-2.081899558551E-15,0.));
#258 = SURFACE_CURVE('',#259,(#264,#271),.PCURVE_S1.);
#259 = CIRCLE('',#260,101.3);
#260 = AXIS2_PLACEMENT_3D('',#261,#262,#263);
#261 = CARTESIAN_POINT('',(0.,-2.081899558551E-15,0.));
#262 = DIRECTION('',(0.,-1.224646799147E-16,-1.));
#263 = DIRECTION('',(1.,0.,0.));
#264 = PCURVE('',#217,#265);
#265 = DEFINITIONAL_REPRESENTATION('',(#266),#270);
#266 = CIRCLE('',#267,101.3);
#267 = AXIS2_PLACEMENT_2D('',#268,#269);
#268 = CARTESIAN_POINT('',(-48.22805224297,11.281661085532));
#269 = DIRECTION('',(1.,0.));
#270 = ( GEOMETRIC_REPRESENTATION_CONTEXT(2) 
PARAMETRIC_REPRESENTATION_CONTEXT() REPRESENTATION_CONTEXT('2D SPACE',''
  ) );
#271 = PCURVE('',#272,#277);
#272 = CYLINDRICAL_SURFACE('',#273,101.3);
#273 = AXIS2_PLACEMENT_3D('',#274,#275,#276);
#274 = CARTESIAN_POINT('',(0.,0.,17.));
#275 = DIRECTION('',(0.,-1.224646799147E-16,-1.));
#276 = DIRECTION('',(1.,0.,0.));
#277 = DEFINITIONAL_REPRESENTATION('',(#278),#282);
#278 = LINE('',#279,#280);
#279 = CARTESIAN_POINT('',(0.,17.));
#280 = VECTOR('',#281,1.);
#281 = DIRECTION('',(1.,0.));
#282 = ( GEOMETRIC_REPRESENTATION_CONTEXT(2) 
PARAMETRIC_REPRESENTATION_CONTEXT() REPRESENTATION_CONTEXT('2D SPACE',''
  ) );
#283 = FACE_BOUND('',#284,.T.);
#284 = EDGE_LOOP('',(#285));
#285 = ORIENTED_EDGE('',*,*,#286,.F.);
#286 = EDGE_CURVE('',#287,#287,#289,.T.);
#287 = VERTEX_POINT('',#288);
#288 = CARTESIAN_POINT('',(-31.08423121844,36.125887874694,
    -3.552713678801E-15));
#289 = SURFACE_CURVE('',#290,(#295,#302),.PCURVE_S1.);
#290 = CIRCLE('',#291,2.8);
#291 = AXIS2_PLACEMENT_3D('',#292,#293,#294);
#292 = CARTESIAN_POINT('',(-33.88423121844,36.125887874694,
    -3.552713678801E-15));
#293 = DIRECTION('',(0.,-1.224646799147E-16,-1.));
#294 = DIRECTION('',(1.,0.,0.));
#295 = PCURVE('',#217,#296);
#296 = DEFINITIONAL_REPRESENTATION('',(#297),#301);
#297 = CIRCLE('',#298,2.8);
#298 = AXIS2_PLACEMENT_2D('',#299,#300);
#299 = CARTESIAN_POINT('',(-82.11228346142,-24.84422678916));
#300 = DIRECTION('',(1.,0.));
#301 = ( GEOMETRIC_REPRESENTATION_CONTEXT(2) 
PARAMETRIC_REPRESENTATION_CONTEXT() REPRESENTATION_CONTEXT('2D SPACE',''
  ) );
#302 = PCURVE('',#303,#308);
#303 = CYLINDRICAL_SURFACE('',#304,2.8);
#304 = AXIS2_PLACEMENT_3D('',#305,#306,#307);
#305 = CARTESIAN_POINT('',(-33.88423121844,36.125887874694,18.));
#306 = DIRECTION('',(0.,-1.224646799147E-16,-1.));
#307 = DIRECTION('',(1.,0.,0.));
#308 = DEFINITIONAL_REPRESENTATION('',(#309),#313);
#309 = LINE('',#310,#311);
#310 = CARTESIAN_POINT('',(0.,18.));
#311 = VECTOR('',#312,1.);
#312 = DIRECTION('',(1.,0.));
#313 = ( GEOMETRIC_REPRESENTATION_CONTEXT(2) 
PARAMETRIC_REPRESENTATION_CONTEXT() REPRESENTATION_CONTEXT('2D SPACE',''
  ) );
#314 = FACE_BOUND('',#315,.T.);
#315 = EDGE_LOOP('',(#316));
#316 = ORIENTED_EDGE('',*,*,#317,.F.);
#317 = EDGE_CURVE('',#318,#318,#320,.T.);
#318 = VERTEX_POINT('',#319);
#319 = CARTESIAN_POINT('',(-40.19423824944,24.765,-3.552713678801E-15));
#320 = SURFACE_CURVE('',#321,(#326,#333),.PCURVE_S1.);
#321 = CIRCLE('',#322,2.7);
#322 = AXIS2_PLACEMENT_3D('',#323,#324,#325);
#323 = CARTESIAN_POINT('',(-42.89423824944,24.765,-3.552713678801E-15));
#324 = DIRECTION('',(0.,-1.224646799147E-16,-1.));
#325 = DIRECTION('',(1.,0.,0.));
#326 = PCURVE('',#217,#327);
#327 = DEFINITIONAL_REPRESENTATION('',(#328),#332);
#328 = CIRCLE('',#329,2.7);
#329 = AXIS2_PLACEMENT_2D('',#330,#331);
#330 = CARTESIAN_POINT('',(-91.12229049241,-13.48333891446));
#331 = DIRECTION('',(1.,0.));
#332 = ( GEOMETRIC_REPRESENTATION_CONTEXT(2) 
PARAMETRIC_REPRESENTATION_CONTEXT() REPRESENTATION_CONTEXT('2D SPACE',''
  ) );
#333 = PCURVE('',#334,#339);
#334 = CYLINDRICAL_SURFACE('',#335,2.7);
#335 = AXIS2_PLACEMENT_3D('',#336,#337,#338);
#336 = CARTESIAN_POINT('',(-42.89423824944,24.765,18.));
#337 = DIRECTION('',(0.,-1.224646799147E-16,-1.));
#338 = DIRECTION('',(1.,0.,0.));
#339 = DEFINITIONAL_REPRESENTATION('',(#340),#344);
#340 = LINE('',#341,#342);
#341 = CARTESIAN_POINT('',(0.,18.));
#342 = VECTOR('',#343,1.);
#343 = DIRECTION('',(1.,0.));
#344 = ( GEOMETRIC_REPRESENTATION_CONTEXT(2) 
PARAMETRIC_REPRESENTATION_CONTEXT() REPRESENTATION_CONTEXT('2D SPACE',''
  ) );
#345 = FACE_BOUND('',#346,.T.);
#346 = EDGE_LOOP('',(#347));
#347 = ORIENTED_EDGE('',*,*,#348,.F.);
#348 = EDGE_CURVE('',#349,#349,#351,.T.);
#349 = VERTEX_POINT('',#350);
#350 = CARTESIAN_POINT('',(-11.81443152877,32.544761199567,
    -3.552713678801E-15));
#351 = SURFACE_CURVE('',#352,(#357,#364),.PCURVE_S1.);
#352 = CIRCLE('',#353,2.);
#353 = AXIS2_PLACEMENT_3D('',#354,#355,#356);
#354 = CARTESIAN_POINT('',(-13.81443152877,32.544761199567,
    -3.552713678801E-15));
#355 = DIRECTION('',(0.,-1.224646799147E-16,-1.));
#356 = DIRECTION('',(1.,0.,0.));
#357 = PCURVE('',#217,#358);
#358 = DEFINITIONAL_REPRESENTATION('',(#359),#363);
#359 = CIRCLE('',#360,2.);
#360 = AXIS2_PLACEMENT_2D('',#361,#362);
#361 = CARTESIAN_POINT('',(-62.04248377174,-21.26310011403));
#362 = DIRECTION('',(1.,0.));
#363 = ( GEOMETRIC_REPRESENTATION_CONTEXT(2) 
PARAMETRIC_REPRESENTATION_CONTEXT() REPRESENTATION_CONTEXT('2D SPACE',''
  ) );
#364 = PCURVE('',#365,#370);
#365 = CYLINDRICAL_SURFACE('',#366,2.);
#366 = AXIS2_PLACEMENT_3D('',#367,#368,#369);
#367 = CARTESIAN_POINT('',(-13.81443152877,32.544761199567,18.));
#368 = DIRECTION('',(0.,-1.224646799147E-16,-1.));
#369 = DIRECTION('',(1.,0.,0.));
#370 = DEFINITIONAL_REPRESENTATION('',(#371),#375);
#371 = LINE('',#372,#373);
#372 = CARTESIAN_POINT('',(0.,18.));
#373 = VECTOR('',#374,1.);
#374 = DIRECTION('',(1.,0.));
#375 = ( GEOMETRIC_REPRESENTATION_CONTEXT(2) 
PARAMETRIC_REPRESENTATION_CONTEXT() REPRESENTATION_CONTEXT('2D SPACE',''
  ) );
#376 = FACE_BOUND('',#377,.T.);
#377 = EDGE_LOOP('',(#378,#413,#446,#474,#507,#540,#573,#601));
#378 = ORIENTED_EDGE('',*,*,#379,.T.);
#379 = EDGE_CURVE('',#380,#382,#384,.T.);
#380 = VERTEX_POINT('',#381);
#381 = CARTESIAN_POINT('',(64.164935344112,63.53700553446,
    -7.105427357601E-15));
#382 = VERTEX_POINT('',#383);
#383 = CARTESIAN_POINT('',(-40.86244818771,80.525463849063,
    -1.06581410364E-14));
#384 = SURFACE_CURVE('',#385,(#390,#401),.PCURVE_S1.);
#385 = CIRCLE('',#386,90.3);
#386 = AXIS2_PLACEMENT_3D('',#387,#388,#389);
#387 = CARTESIAN_POINT('',(8.733911313053E-15,2.966423287123E-14,0.));
#388 = DIRECTION('',(0.,1.224646799147E-16,1.));
#389 = DIRECTION('',(-0.493365253862,0.869822238323,-1.06522501999E-16)
  );
#390 = PCURVE('',#217,#391);
#391 = DEFINITIONAL_REPRESENTATION('',(#392),#400);
#392 = ( BOUNDED_CURVE() B_SPLINE_CURVE(2,(#393,#394,#395,#396,#397,#398
,#399),.UNSPECIFIED.,.T.,.F.) B_SPLINE_CURVE_WITH_KNOTS((1,2,2,2,2,1),(
    -2.094395102393,0.,2.094395102393,4.188790204786,6.28318530718,
8.377580409573),.UNSPECIFIED.) CURVE() GEOMETRIC_REPRESENTATION_ITEM() 
RATIONAL_B_SPLINE_CURVE((1.,0.5,1.,0.5,1.,0.5,1.)) REPRESENTATION_ITEM(
  '') );
#393 = CARTESIAN_POINT('',(-92.77893466671,-67.26328703505));
#394 = CARTESIAN_POINT('',(-228.8227754894,9.901104844893));
#395 = CARTESIAN_POINT('',(-93.97453144246,89.136331085801));
#396 = CARTESIAN_POINT('',(40.873712604509,168.3715573267));
#397 = CARTESIAN_POINT('',(42.069309380256,11.971939205852));
#398 = CARTESIAN_POINT('',(43.264906156002,-144.427678915));
#399 = CARTESIAN_POINT('',(-92.77893466671,-67.26328703505));
#400 = ( GEOMETRIC_REPRESENTATION_CONTEXT(2) 
PARAMETRIC_REPRESENTATION_CONTEXT() REPRESENTATION_CONTEXT('2D SPACE',''
  ) );
#401 = PCURVE('',#402,#407);
#402 = CYLINDRICAL_SURFACE('',#403,90.3);
#403 = AXIS2_PLACEMENT_3D('',#404,#405,#406);
#404 = CARTESIAN_POINT('',(8.733911313053E-15,3.058271797059E-14,7.5));
#405 = DIRECTION('',(-0.,1.224646799147E-16,1.));
#406 = DIRECTION('',(-0.493365253862,0.869822238323,-1.06522501999E-16)
  );
#407 = DEFINITIONAL_REPRESENTATION('',(#408),#412);
#408 = LINE('',#409,#410);
#409 = CARTESIAN_POINT('',(-6.28318530718,-7.5));
#410 = VECTOR('',#411,1.);
#411 = DIRECTION('',(1.,-0.));
#412 = ( GEOMETRIC_REPRESENTATION_CONTEXT(2) 
PARAMETRIC_REPRESENTATION_CONTEXT() REPRESENTATION_CONTEXT('2D SPACE',''
  ) );
#413 = ORIENTED_EDGE('',*,*,#414,.T.);
#414 = EDGE_CURVE('',#382,#415,#417,.T.);
#415 = VERTEX_POINT('',#416);
#416 = CARTESIAN_POINT('',(-42.53166191674,74.98498339401,
    -1.06581410364E-14));
#417 = SURFACE_CURVE('',#418,(#423,#434),.PCURVE_S1.);
#418 = CIRCLE('',#419,4.);
#419 = AXIS2_PLACEMENT_3D('',#420,#421,#422);
#420 = CARTESIAN_POINT('',(-39.05237296344,76.958444409459,
    -1.06581410364E-14));
#421 = DIRECTION('',(6.162975822039E-33,1.224646799147E-16,1.));
#422 = DIRECTION('',(-0.869822238323,-0.493365253862,6.041981789527E-17)
  );
#423 = PCURVE('',#217,#424);
#424 = DEFINITIONAL_REPRESENTATION('',(#425),#433);
#425 = ( BOUNDED_CURVE() B_SPLINE_CURVE(2,(#426,#427,#428,#429,#430,#431
,#432),.UNSPECIFIED.,.T.,.F.) B_SPLINE_CURVE_WITH_KNOTS((1,2,2,2,2,1),(
    -2.094395102393,0.,2.094395102393,4.188790204786,6.28318530718,
8.377580409573),.UNSPECIFIED.) CURVE() GEOMETRIC_REPRESENTATION_ITEM() 
RATIONAL_B_SPLINE_CURVE((1.,0.5,1.,0.5,1.,0.5,1.)) REPRESENTATION_ITEM(
  '') );
#426 = CARTESIAN_POINT('',(-90.75971415971,-63.70332230847));
#427 = CARTESIAN_POINT('',(-87.3415794142,-57.67701706716));
#428 = CARTESIAN_POINT('',(-83.83171335702,-63.65036121099));
#429 = CARTESIAN_POINT('',(-80.32184729983,-69.62370535482));
#430 = CARTESIAN_POINT('',(-87.24984810253,-69.6766664523));
#431 = CARTESIAN_POINT('',(-94.17784890523,-69.72962754979));
#432 = CARTESIAN_POINT('',(-90.75971415971,-63.70332230847));
#433 = ( GEOMETRIC_REPRESENTATION_CONTEXT(2) 
PARAMETRIC_REPRESENTATION_CONTEXT() REPRESENTATION_CONTEXT('2D SPACE',''
  ) );
#434 = PCURVE('',#435,#440);
#435 = CYLINDRICAL_SURFACE('',#436,4.);
#436 = AXIS2_PLACEMENT_3D('',#437,#438,#439);
#437 = CARTESIAN_POINT('',(-39.05237296344,76.958444409459,7.5));
#438 = DIRECTION('',(-0.,1.224646799147E-16,1.));
#439 = DIRECTION('',(-0.869822238323,-0.493365253862,6.041981789527E-17)
  );
#440 = DEFINITIONAL_REPRESENTATION('',(#441),#445);
#441 = LINE('',#442,#443);
#442 = CARTESIAN_POINT('',(-6.28318530718,-7.5));
#443 = VECTOR('',#444,1.);
#444 = DIRECTION('',(1.,-0.));
#445 = ( GEOMETRIC_REPRESENTATION_CONTEXT(2) 
PARAMETRIC_REPRESENTATION_CONTEXT() REPRESENTATION_CONTEXT('2D SPACE',''
  ) );
#446 = ORIENTED_EDGE('',*,*,#447,.T.);
#447 = EDGE_CURVE('',#415,#448,#450,.T.);
#448 = VERTEX_POINT('',#449);
#449 = CARTESIAN_POINT('',(-24.29221494289,42.82812502513,
    -3.552713678801E-15));
#450 = SURFACE_CURVE('',#451,(#455,#462),.PCURVE_S1.);
#451 = LINE('',#452,#453);
#452 = CARTESIAN_POINT('',(-8.697236297529,15.333567745852,
    -3.552713678801E-15));
#453 = VECTOR('',#454,1.);
#454 = DIRECTION('',(0.493365253862,-0.869822238323,1.06522501999E-16));
#455 = PCURVE('',#217,#456);
#456 = DEFINITIONAL_REPRESENTATION('',(#457),#461);
#457 = LINE('',#458,#459);
#458 = CARTESIAN_POINT('',(-56.9252885405,-4.05190666032));
#459 = VECTOR('',#460,1.);
#460 = DIRECTION('',(0.493365253862,0.869822238323));
#461 = ( GEOMETRIC_REPRESENTATION_CONTEXT(2) 
PARAMETRIC_REPRESENTATION_CONTEXT() REPRESENTATION_CONTEXT('2D SPACE',''
  ) );
#462 = PCURVE('',#463,#468);
#463 = PLANE('',#464);
#464 = AXIS2_PLACEMENT_3D('',#465,#466,#467);
#465 = CARTESIAN_POINT('',(-24.29221494289,42.82812502513,7.5));
#466 = DIRECTION('',(0.869822238323,0.493365253862,-6.041981789527E-17)
  );
#467 = DIRECTION('',(-0.493365253862,0.869822238323,-1.06522501999E-16)
  );
#468 = DEFINITIONAL_REPRESENTATION('',(#469),#473);
#469 = LINE('',#470,#471);
#470 = CARTESIAN_POINT('',(-31.60939795271,-7.5));
#471 = VECTOR('',#472,1.);
#472 = DIRECTION('',(-1.,0.));
#473 = ( GEOMETRIC_REPRESENTATION_CONTEXT(2) 
PARAMETRIC_REPRESENTATION_CONTEXT() REPRESENTATION_CONTEXT('2D SPACE',''
  ) );
#474 = ORIENTED_EDGE('',*,*,#475,.T.);
#475 = EDGE_CURVE('',#448,#476,#478,.T.);
#476 = VERTEX_POINT('',#477);
#477 = CARTESIAN_POINT('',(-19.12766882445,41.173927251867,
    -3.552713678801E-15));
#478 = SURFACE_CURVE('',#479,(#484,#495),.PCURVE_S1.);
#479 = CIRCLE('',#480,4.);
#480 = AXIS2_PLACEMENT_3D('',#481,#482,#483);
#481 = CARTESIAN_POINT('',(-20.8129259896,44.801586040578,
    -7.105427357601E-15));
#482 = DIRECTION('',(0.,1.224646799147E-16,1.));
#483 = DIRECTION('',(0.421314291288,-0.906914697178,1.110650180998E-16)
  );
#484 = PCURVE('',#217,#485);
#485 = DEFINITIONAL_REPRESENTATION('',(#486),#494);
#486 = ( BOUNDED_CURVE() B_SPLINE_CURVE(2,(#487,#488,#489,#490,#491,#492
,#493),.UNSPECIFIED.,.T.,.F.) B_SPLINE_CURVE_WITH_KNOTS((1,2,2,2,2,1),(
    -2.094395102393,0.,2.094395102393,4.188790204786,6.28318530718,
8.377580409573),.UNSPECIFIED.) CURVE() GEOMETRIC_REPRESENTATION_ITEM() 
RATIONAL_B_SPLINE_CURVE((1.,0.5,1.,0.5,1.,0.5,1.)) REPRESENTATION_ITEM(
  '') );
#487 = CARTESIAN_POINT('',(-67.35572106742,-29.89226616633));
#488 = CARTESIAN_POINT('',(-61.07243173285,-32.81121720019));
#489 = CARTESIAN_POINT('',(-66.74196214786,-36.79322986633));
#490 = CARTESIAN_POINT('',(-72.41149256287,-40.77524253246));
#491 = CARTESIAN_POINT('',(-73.02525148243,-33.87427883247));
#492 = CARTESIAN_POINT('',(-73.63901040199,-26.97331513247));
#493 = CARTESIAN_POINT('',(-67.35572106742,-29.89226616633));
#494 = ( GEOMETRIC_REPRESENTATION_CONTEXT(2) 
PARAMETRIC_REPRESENTATION_CONTEXT() REPRESENTATION_CONTEXT('2D SPACE',''
  ) );
#495 = PCURVE('',#496,#501);
#496 = CYLINDRICAL_SURFACE('',#497,4.);
#497 = AXIS2_PLACEMENT_3D('',#498,#499,#500);
#498 = CARTESIAN_POINT('',(-20.8129259896,44.801586040578,7.5));
#499 = DIRECTION('',(0.,1.224646799147E-16,1.));
#500 = DIRECTION('',(0.421314291288,-0.906914697178,1.110650180998E-16)
  );
#501 = DEFINITIONAL_REPRESENTATION('',(#502),#506);
#502 = LINE('',#503,#504);
#503 = CARTESIAN_POINT('',(-6.28318530718,-7.5));
#504 = VECTOR('',#505,1.);
#505 = DIRECTION('',(1.,-0.));
#506 = ( GEOMETRIC_REPRESENTATION_CONTEXT(2) 
PARAMETRIC_REPRESENTATION_CONTEXT() REPRESENTATION_CONTEXT('2D SPACE',''
  ) );
#507 = ORIENTED_EDGE('',*,*,#508,.F.);
#508 = EDGE_CURVE('',#509,#476,#511,.T.);
#509 = VERTEX_POINT('',#510);
#510 = CARTESIAN_POINT('',(31.13264610823,33.044187783932,
    -3.552713678801E-15));
#511 = SURFACE_CURVE('',#512,(#517,#528),.PCURVE_S1.);
#512 = CIRCLE('',#513,45.4);
#513 = AXIS2_PLACEMENT_3D('',#514,#515,#516);
#514 = CARTESIAN_POINT('',(3.840201411215E-15,4.972289815443E-15,0.));
#515 = DIRECTION('',(0.,1.224646799147E-16,1.));
#516 = DIRECTION('',(0.742424269075,0.669929999842,-8.204276299588E-17)
  );
#517 = PCURVE('',#217,#518);
#518 = DEFINITIONAL_REPRESENTATION('',(#519),#527);
#519 = ( BOUNDED_CURVE() B_SPLINE_CURVE(2,(#520,#521,#522,#523,#524,#525
,#526),.UNSPECIFIED.,.T.,.F.) B_SPLINE_CURVE_WITH_KNOTS((1,2,2,2,2,1),(
    -2.094395102393,0.,2.094395102393,4.188790204786,6.28318530718,
8.377580409573),.UNSPECIFIED.) CURVE() GEOMETRIC_REPRESENTATION_ITEM() 
RATIONAL_B_SPLINE_CURVE((1.,0.5,1.,0.5,1.,0.5,1.)) REPRESENTATION_ITEM(
  '') );
#520 = CARTESIAN_POINT('',(-14.52199042694,-19.13316090727));
#521 = CARTESIAN_POINT('',(-67.20200742165,-77.51377249569));
#522 = CARTESIAN_POINT('',(-91.42109164834,-2.701233712272));
#523 = CARTESIAN_POINT('',(-115.640175875,72.111305071148));
#524 = CARTESIAN_POINT('',(-38.74107465363,55.679377876144));
#525 = CARTESIAN_POINT('',(38.158026567757,39.24745068114));
#526 = CARTESIAN_POINT('',(-14.52199042694,-19.13316090727));
#527 = ( GEOMETRIC_REPRESENTATION_CONTEXT(2) 
PARAMETRIC_REPRESENTATION_CONTEXT() REPRESENTATION_CONTEXT('2D SPACE',''
  ) );
#528 = PCURVE('',#529,#534);
#529 = CYLINDRICAL_SURFACE('',#530,45.4);
#530 = AXIS2_PLACEMENT_3D('',#531,#532,#533);
#531 = CARTESIAN_POINT('',(3.840201411215E-15,5.890774914804E-15,7.5));
#532 = DIRECTION('',(0.,1.224646799147E-16,1.));
#533 = DIRECTION('',(0.742424269075,0.669929999842,-8.204276299588E-17)
  );
#534 = DEFINITIONAL_REPRESENTATION('',(#535),#539);
#535 = LINE('',#536,#537);
#536 = CARTESIAN_POINT('',(0.,-7.5));
#537 = VECTOR('',#538,1.);
#538 = DIRECTION('',(1.,0.));
#539 = ( GEOMETRIC_REPRESENTATION_CONTEXT(2) 
PARAMETRIC_REPRESENTATION_CONTEXT() REPRESENTATION_CONTEXT('2D SPACE',''
  ) );
#540 = ORIENTED_EDGE('',*,*,#541,.T.);
#541 = EDGE_CURVE('',#509,#542,#544,.T.);
#542 = VERTEX_POINT('',#543);
#543 = CARTESIAN_POINT('',(36.555330522418,32.985872891236,
    -3.552713678801E-15));
#544 = SURFACE_CURVE('',#545,(#550,#561),.PCURVE_S1.);
#545 = CIRCLE('',#546,4.);
#546 = AXIS2_PLACEMENT_3D('',#547,#548,#549);
#547 = CARTESIAN_POINT('',(33.875610523052,35.955569967538,
    -3.552713678801E-15));
#548 = DIRECTION('',(-1.232595164408E-32,1.224646799147E-16,1.));
#549 = DIRECTION('',(0.669929999842,-0.742424269075,9.092075047326E-17)
  );
#550 = PCURVE('',#217,#551);
#551 = DEFINITIONAL_REPRESENTATION('',(#552),#560);
#552 = ( BOUNDED_CURVE() B_SPLINE_CURVE(2,(#553,#554,#555,#556,#557,#558
,#559),.UNSPECIFIED.,.T.,.F.) B_SPLINE_CURVE_WITH_KNOTS((1,2,2,2,2,1),(
    -2.094395102393,0.,2.094395102393,4.188790204786,6.28318530718,
8.377580409573),.UNSPECIFIED.) CURVE() GEOMETRIC_REPRESENTATION_ITEM() 
RATIONAL_B_SPLINE_CURVE((1.,0.5,1.,0.5,1.,0.5,1.)) REPRESENTATION_ITEM(
  '') );
#553 = CARTESIAN_POINT('',(-11.67272172055,-21.7042118057));
#554 = CARTESIAN_POINT('',(-6.529055501314,-26.34562299466));
#555 = CARTESIAN_POINT('',(-13.12046860998,-28.47946301463));
#556 = CARTESIAN_POINT('',(-19.71188171865,-30.6133030346));
#557 = CARTESIAN_POINT('',(-18.26413482922,-23.83805182567));
#558 = CARTESIAN_POINT('',(-16.8163879398,-17.06280061674));
#559 = CARTESIAN_POINT('',(-11.67272172055,-21.7042118057));
#560 = ( GEOMETRIC_REPRESENTATION_CONTEXT(2) 
PARAMETRIC_REPRESENTATION_CONTEXT() REPRESENTATION_CONTEXT('2D SPACE',''
  ) );
#561 = PCURVE('',#562,#567);
#562 = CYLINDRICAL_SURFACE('',#563,4.);
#563 = AXIS2_PLACEMENT_3D('',#564,#565,#566);
#564 = CARTESIAN_POINT('',(33.875610523052,35.955569967538,7.5));
#565 = DIRECTION('',(0.,1.224646799147E-16,1.));
#566 = DIRECTION('',(0.669929999842,-0.742424269075,9.092075047326E-17)
  );
#567 = DEFINITIONAL_REPRESENTATION('',(#568),#572);
#568 = LINE('',#569,#570);
#569 = CARTESIAN_POINT('',(-6.28318530718,-7.5));
#570 = VECTOR('',#571,1.);
#571 = DIRECTION('',(1.,-0.));
#572 = ( GEOMETRIC_REPRESENTATION_CONTEXT(2) 
PARAMETRIC_REPRESENTATION_CONTEXT() REPRESENTATION_CONTEXT('2D SPACE',''
  ) );
#573 = ORIENTED_EDGE('',*,*,#574,.T.);
#574 = EDGE_CURVE('',#542,#575,#577,.T.);
#575 = VERTEX_POINT('',#576);
#576 = CARTESIAN_POINT('',(64.002354774525,57.752823163165,
    -7.105427357601E-15));
#577 = SURFACE_CURVE('',#578,(#582,#589),.PCURVE_S1.);
#578 = LINE('',#579,#580);
#579 = CARTESIAN_POINT('',(48.0982717726,43.401699733124,
    -3.552713678801E-15));
#580 = VECTOR('',#581,1.);
#581 = DIRECTION('',(0.742424269075,0.669929999842,-8.204276299588E-17)
  );
#582 = PCURVE('',#217,#583);
#583 = DEFINITIONAL_REPRESENTATION('',(#584),#588);
#584 = LINE('',#585,#586);
#585 = CARTESIAN_POINT('',(-0.129780470376,-32.12003864759));
#586 = VECTOR('',#587,1.);
#587 = DIRECTION('',(0.742424269075,-0.669929999842));
#588 = ( GEOMETRIC_REPRESENTATION_CONTEXT(2) 
PARAMETRIC_REPRESENTATION_CONTEXT() REPRESENTATION_CONTEXT('2D SPACE',''
  ) );
#589 = PCURVE('',#590,#595);
#590 = PLANE('',#591);
#591 = AXIS2_PLACEMENT_3D('',#592,#593,#594);
#592 = CARTESIAN_POINT('',(64.002354774525,57.752823163165,7.5));
#593 = DIRECTION('',(-0.669929999842,0.742424269075,-9.092075047326E-17)
  );
#594 = DIRECTION('',(-0.742424269075,-0.669929999842,8.204276299588E-17)
  );
#595 = DEFINITIONAL_REPRESENTATION('',(#596),#600);
#596 = LINE('',#597,#598);
#597 = CARTESIAN_POINT('',(21.421825315234,-7.5));
#598 = VECTOR('',#599,1.);
#599 = DIRECTION('',(-1.,0.));
#600 = ( GEOMETRIC_REPRESENTATION_CONTEXT(2) 
PARAMETRIC_REPRESENTATION_CONTEXT() REPRESENTATION_CONTEXT('2D SPACE',''
  ) );
#601 = ORIENTED_EDGE('',*,*,#602,.T.);
#602 = EDGE_CURVE('',#575,#380,#603,.T.);
#603 = SURFACE_CURVE('',#604,(#609,#620),.PCURVE_S1.);
#604 = CIRCLE('',#605,4.);
#605 = AXIS2_PLACEMENT_3D('',#606,#607,#608);
#606 = CARTESIAN_POINT('',(61.322634775159,60.722520239467,
    -7.105427357601E-15));
#607 = DIRECTION('',(0.,1.224646799147E-16,1.));
#608 = DIRECTION('',(0.710575142238,0.703621323748,-8.6168760194E-17));
#609 = PCURVE('',#217,#610);
#610 = DEFINITIONAL_REPRESENTATION('',(#611),#619);
#611 = ( BOUNDED_CURVE() B_SPLINE_CURVE(2,(#612,#613,#614,#615,#616,#617
,#618),.UNSPECIFIED.,.T.,.F.) B_SPLINE_CURVE_WITH_KNOTS((1,2,2,2,2,1),(
    -2.094395102393,0.,2.094395102393,4.188790204786,6.28318530718,
8.377580409573),.UNSPECIFIED.) CURVE() GEOMETRIC_REPRESENTATION_ITEM() 
RATIONAL_B_SPLINE_CURVE((1.,0.5,1.,0.5,1.,0.5,1.)) REPRESENTATION_ITEM(
  '') );
#612 = CARTESIAN_POINT('',(15.936883101136,-52.25534444892));
#613 = CARTESIAN_POINT('',(11.062051573053,-57.17835344473));
#614 = CARTESIAN_POINT('',(9.236016483665,-50.49512100434));
#615 = CARTESIAN_POINT('',(7.409981394277,-43.81188856394));
#616 = CARTESIAN_POINT('',(14.110848011748,-45.57211200853));
#617 = CARTESIAN_POINT('',(20.811714629219,-47.33233545311));
#618 = CARTESIAN_POINT('',(15.936883101136,-52.25534444892));
#619 = ( GEOMETRIC_REPRESENTATION_CONTEXT(2) 
PARAMETRIC_REPRESENTATION_CONTEXT() REPRESENTATION_CONTEXT('2D SPACE',''
  ) );
#620 = PCURVE('',#621,#626);
#621 = CYLINDRICAL_SURFACE('',#622,4.);
#622 = AXIS2_PLACEMENT_3D('',#623,#624,#625);
#623 = CARTESIAN_POINT('',(61.322634775159,60.722520239467,7.5));
#624 = DIRECTION('',(0.,1.224646799147E-16,1.));
#625 = DIRECTION('',(0.710575142238,0.703621323748,-8.6168760194E-17));
#626 = DEFINITIONAL_REPRESENTATION('',(#627),#631);
#627 = LINE('',#628,#629);
#628 = CARTESIAN_POINT('',(-6.28318530718,-7.5));
#629 = VECTOR('',#630,1.);
#630 = DIRECTION('',(1.,-0.));
#631 = ( GEOMETRIC_REPRESENTATION_CONTEXT(2) 
PARAMETRIC_REPRESENTATION_CONTEXT() REPRESENTATION_CONTEXT('2D SPACE',''
  ) );
#632 = FACE_BOUND('',#633,.T.);
#633 = EDGE_LOOP('',(#634));
#634 = ORIENTED_EDGE('',*,*,#635,.F.);
#635 = EDGE_CURVE('',#636,#636,#638,.T.);
#636 = VERTEX_POINT('',#637);
#637 = CARTESIAN_POINT('',(45.594238249443,24.765,-3.552713678801E-15));
#638 = SURFACE_CURVE('',#639,(#644,#651),.PCURVE_S1.);
#639 = CIRCLE('',#640,2.7);
#640 = AXIS2_PLACEMENT_3D('',#641,#642,#643);
#641 = CARTESIAN_POINT('',(42.894238249443,24.765,-3.552713678801E-15));
#642 = DIRECTION('',(0.,-1.224646799147E-16,-1.));
#643 = DIRECTION('',(1.,0.,0.));
#644 = PCURVE('',#217,#645);
#645 = DEFINITIONAL_REPRESENTATION('',(#646),#650);
#646 = CIRCLE('',#647,2.7);
#647 = AXIS2_PLACEMENT_2D('',#648,#649);
#648 = CARTESIAN_POINT('',(-5.333813993532,-13.48333891446));
#649 = DIRECTION('',(1.,0.));
#650 = ( GEOMETRIC_REPRESENTATION_CONTEXT(2) 
PARAMETRIC_REPRESENTATION_CONTEXT() REPRESENTATION_CONTEXT('2D SPACE',''
  ) );
#651 = PCURVE('',#652,#657);
#652 = CYLINDRICAL_SURFACE('',#653,2.7);
#653 = AXIS2_PLACEMENT_3D('',#654,#655,#656);
#654 = CARTESIAN_POINT('',(42.894238249443,24.765,18.));
#655 = DIRECTION('',(0.,-1.224646799147E-16,-1.));
#656 = DIRECTION('',(1.,0.,0.));
#657 = DEFINITIONAL_REPRESENTATION('',(#658),#662);
#658 = LINE('',#659,#660);
#659 = CARTESIAN_POINT('',(0.,18.));
#660 = VECTOR('',#661,1.);
#661 = DIRECTION('',(1.,0.));
#662 = ( GEOMETRIC_REPRESENTATION_CONTEXT(2) 
PARAMETRIC_REPRESENTATION_CONTEXT() REPRESENTATION_CONTEXT('2D SPACE',''
  ) );
#663 = FACE_BOUND('',#664,.T.);
#664 = EDGE_LOOP('',(#665));
#665 = ORIENTED_EDGE('',*,*,#666,.F.);
#666 = EDGE_CURVE('',#667,#667,#669,.T.);
#667 = VERTEX_POINT('',#668);
#668 = CARTESIAN_POINT('',(34.544761199567,13.814431528772,0.));
#669 = SURFACE_CURVE('',#670,(#675,#682),.PCURVE_S1.);
#670 = CIRCLE('',#671,2.);
#671 = AXIS2_PLACEMENT_3D('',#672,#673,#674);
#672 = CARTESIAN_POINT('',(32.544761199567,13.814431528772,0.));
#673 = DIRECTION('',(0.,-1.224646799147E-16,-1.));
#674 = DIRECTION('',(1.,0.,0.));
#675 = PCURVE('',#217,#676);
#676 = DEFINITIONAL_REPRESENTATION('',(#677),#681);
#677 = CIRCLE('',#678,2.);
#678 = AXIS2_PLACEMENT_2D('',#679,#680);
#679 = CARTESIAN_POINT('',(-15.6832910434,-2.53277044324));
#680 = DIRECTION('',(1.,0.));
#681 = ( GEOMETRIC_REPRESENTATION_CONTEXT(2) 
PARAMETRIC_REPRESENTATION_CONTEXT() REPRESENTATION_CONTEXT('2D SPACE',''
  ) );
#682 = PCURVE('',#683,#688);
#683 = CYLINDRICAL_SURFACE('',#684,2.);
#684 = AXIS2_PLACEMENT_3D('',#685,#686,#687);
#685 = CARTESIAN_POINT('',(32.544761199567,13.814431528772,18.));
#686 = DIRECTION('',(0.,-1.224646799147E-16,-1.));
#687 = DIRECTION('',(1.,0.,0.));
#688 = DEFINITIONAL_REPRESENTATION('',(#689),#693);
#689 = LINE('',#690,#691);
#690 = CARTESIAN_POINT('',(0.,18.));
#691 = VECTOR('',#692,1.);
#692 = DIRECTION('',(1.,0.));
#693 = ( GEOMETRIC_REPRESENTATION_CONTEXT(2) 
PARAMETRIC_REPRESENTATION_CONTEXT() REPRESENTATION_CONTEXT('2D SPACE',''
  ) );
#694 = FACE_BOUND('',#695,.T.);
#695 = EDGE_LOOP('',(#696));
#696 = ORIENTED_EDGE('',*,*,#200,.F.);
#697 = FACE_BOUND('',#698,.T.);
#698 = EDGE_LOOP('',(#699,#734,#767,#795,#828,#861,#894,#922));
#699 = ORIENTED_EDGE('',*,*,#700,.T.);
#700 = EDGE_CURVE('',#701,#703,#705,.T.);
#701 = VERTEX_POINT('',#702);
#702 = CARTESIAN_POINT('',(-87.10712854529,23.799961272957,
    -3.552713678801E-15));
#703 = VERTEX_POINT('',#704);
#704 = CARTESIAN_POINT('',(-49.30587325095,-75.65065011591,
    1.06581410364E-14));
#705 = SURFACE_CURVE('',#706,(#711,#722),.PCURVE_S1.);
#706 = CIRCLE('',#707,90.3);
#707 = AXIS2_PLACEMENT_3D('',#708,#709,#710);
#708 = CARTESIAN_POINT('',(6.006144667292E-14,2.074750337144E-14,0.));
#709 = DIRECTION('',(0.,1.224646799147E-16,1.));
#710 = DIRECTION('',(-0.506605528234,-0.862177962351,1.055863481888E-16)
  );
#711 = PCURVE('',#217,#712);
#712 = DEFINITIONAL_REPRESENTATION('',(#713),#721);
#713 = ( BOUNDED_CURVE() B_SPLINE_CURVE(2,(#714,#715,#716,#717,#718,#719
,#720),.UNSPECIFIED.,.T.,.F.) B_SPLINE_CURVE_WITH_KNOTS((1,2,2,2,2,1),(
    -2.094395102393,0.,2.094395102393,4.188790204786,6.28318530718,
8.377580409573),.UNSPECIFIED.) CURVE() GEOMETRIC_REPRESENTATION_ITEM() 
RATIONAL_B_SPLINE_CURVE((1.,0.5,1.,0.5,1.,0.5,1.)) REPRESENTATION_ITEM(
  '') );
#714 = CARTESIAN_POINT('',(-93.97453144246,89.136331085801));
#715 = CARTESIAN_POINT('',(40.873712604509,168.3715573267));
#716 = CARTESIAN_POINT('',(42.069309380256,11.971939205852));
#717 = CARTESIAN_POINT('',(43.264906156002,-144.427678915));
#718 = CARTESIAN_POINT('',(-92.77893466671,-67.26328703505));
#719 = CARTESIAN_POINT('',(-228.8227754894,9.901104844893));
#720 = CARTESIAN_POINT('',(-93.97453144246,89.136331085801));
#721 = ( GEOMETRIC_REPRESENTATION_CONTEXT(2) 
PARAMETRIC_REPRESENTATION_CONTEXT() REPRESENTATION_CONTEXT('2D SPACE',''
  ) );
#722 = PCURVE('',#723,#728);
#723 = CYLINDRICAL_SURFACE('',#724,90.3);
#724 = AXIS2_PLACEMENT_3D('',#725,#726,#727);
#725 = CARTESIAN_POINT('',(6.006144667292E-14,2.16659884708E-14,7.5));
#726 = DIRECTION('',(-0.,1.224646799147E-16,1.));
#727 = DIRECTION('',(-0.506605528234,-0.862177962351,1.055863481888E-16)
  );
#728 = DEFINITIONAL_REPRESENTATION('',(#729),#733);
#729 = LINE('',#730,#731);
#730 = CARTESIAN_POINT('',(-6.28318530718,-7.5));
#731 = VECTOR('',#732,1.);
#732 = DIRECTION('',(1.,-0.));
#733 = ( GEOMETRIC_REPRESENTATION_CONTEXT(2) 
PARAMETRIC_REPRESENTATION_CONTEXT() REPRESENTATION_CONTEXT('2D SPACE',''
  ) );
#734 = ORIENTED_EDGE('',*,*,#735,.T.);
#735 = EDGE_CURVE('',#703,#736,#738,.T.);
#736 = VERTEX_POINT('',#737);
#737 = CARTESIAN_POINT('',(-43.67306956319,-74.32599138207,
    1.06581410364E-14));
#738 = SURFACE_CURVE('',#739,(#744,#755),.PCURVE_S1.);
#739 = CIRCLE('',#740,4.);
#740 = AXIS2_PLACEMENT_3D('',#741,#742,#743);
#741 = CARTESIAN_POINT('',(-47.1217814126,-72.29956926914,
    7.105427357601E-15));
#742 = DIRECTION('',(6.162975822039E-33,1.224646799147E-16,1.));
#743 = DIRECTION('',(0.862177962351,-0.506605528234,6.204128385816E-17)
  );
#744 = PCURVE('',#217,#745);
#745 = DEFINITIONAL_REPRESENTATION('',(#746),#754);
#746 = ( BOUNDED_CURVE() B_SPLINE_CURVE(2,(#747,#748,#749,#750,#751,#752
,#753),.UNSPECIFIED.,.T.,.F.) B_SPLINE_CURVE_WITH_KNOTS((1,2,2,2,2,1),(
    -2.094395102393,0.,2.094395102393,4.188790204786,6.28318530718,
8.377580409573),.UNSPECIFIED.) CURVE() GEOMETRIC_REPRESENTATION_ITEM() 
RATIONAL_B_SPLINE_CURVE((1.,0.5,1.,0.5,1.,0.5,1.)) REPRESENTATION_ITEM(
  '') );
#747 = CARTESIAN_POINT('',(-91.90112180617,85.607652467607));
#748 = CARTESIAN_POINT('',(-88.39125574898,79.634308323776));
#749 = CARTESIAN_POINT('',(-95.31925655168,79.58134722629));
#750 = CARTESIAN_POINT('',(-102.2472573543,79.528386128804));
#751 = CARTESIAN_POINT('',(-98.82912260886,85.554691370121));
#752 = CARTESIAN_POINT('',(-95.41098786335,91.580996611437));
#753 = CARTESIAN_POINT('',(-91.90112180617,85.607652467607));
#754 = ( GEOMETRIC_REPRESENTATION_CONTEXT(2) 
PARAMETRIC_REPRESENTATION_CONTEXT() REPRESENTATION_CONTEXT('2D SPACE',''
  ) );
#755 = PCURVE('',#756,#761);
#756 = CYLINDRICAL_SURFACE('',#757,4.);
#757 = AXIS2_PLACEMENT_3D('',#758,#759,#760);
#758 = CARTESIAN_POINT('',(-47.1217814126,-72.29956926914,7.5));
#759 = DIRECTION('',(0.,1.224646799147E-16,1.));
#760 = DIRECTION('',(0.862177962351,-0.506605528234,6.204128385816E-17)
  );
#761 = DEFINITIONAL_REPRESENTATION('',(#762),#766);
#762 = LINE('',#763,#764);
#763 = CARTESIAN_POINT('',(-6.28318530718,-7.5));
#764 = VECTOR('',#765,1.);
#765 = DIRECTION('',(1.,-0.));
#766 = ( GEOMETRIC_REPRESENTATION_CONTEXT(2) 
PARAMETRIC_REPRESENTATION_CONTEXT() REPRESENTATION_CONTEXT('2D SPACE',''
  ) );
#767 = ORIENTED_EDGE('',*,*,#768,.T.);
#768 = EDGE_CURVE('',#736,#769,#771,.T.);
#769 = VERTEX_POINT('',#770);
#770 = CARTESIAN_POINT('',(-24.94413679677,-42.4517377673,
    3.552713678801E-15));
#771 = SURFACE_CURVE('',#772,(#776,#783),.PCURVE_S1.);
#772 = LINE('',#773,#774);
#773 = CARTESIAN_POINT('',(-3.81939860402,-6.500129039849,0.));
#774 = VECTOR('',#775,1.);
#775 = DIRECTION('',(0.506605528234,0.862177962351,-1.055863481888E-16)
  );
#776 = PCURVE('',#217,#777);
#777 = DEFINITIONAL_REPRESENTATION('',(#778),#782);
#778 = LINE('',#779,#780);
#779 = CARTESIAN_POINT('',(-52.04745084699,17.781790125382));
#780 = VECTOR('',#781,1.);
#781 = DIRECTION('',(0.506605528234,-0.862177962351));
#782 = ( GEOMETRIC_REPRESENTATION_CONTEXT(2) 
PARAMETRIC_REPRESENTATION_CONTEXT() REPRESENTATION_CONTEXT('2D SPACE',''
  ) );
#783 = PCURVE('',#784,#789);
#784 = PLANE('',#785);
#785 = AXIS2_PLACEMENT_3D('',#786,#787,#788);
#786 = CARTESIAN_POINT('',(-24.94413679677,-42.4517377673,7.5));
#787 = DIRECTION('',(-0.862177962351,0.506605528234,-6.204128385816E-17)
  );
#788 = DIRECTION('',(-0.506605528234,-0.862177962351,1.055863481888E-16)
  );
#789 = DEFINITIONAL_REPRESENTATION('',(#790),#794);
#790 = LINE('',#791,#792);
#791 = CARTESIAN_POINT('',(-41.6985939068,-7.5));
#792 = VECTOR('',#793,1.);
#793 = DIRECTION('',(-1.,0.));
#794 = ( GEOMETRIC_REPRESENTATION_CONTEXT(2) 
PARAMETRIC_REPRESENTATION_CONTEXT() REPRESENTATION_CONTEXT('2D SPACE',''
  ) );
#795 = ORIENTED_EDGE('',*,*,#796,.T.);
#796 = EDGE_CURVE('',#769,#797,#799,.T.);
#797 = VERTEX_POINT('',#798);
#798 = CARTESIAN_POINT('',(-26.09383256146,-37.15201074308,
    3.552713678801E-15));
#799 = SURFACE_CURVE('',#800,(#805,#816),.PCURVE_S1.);
#800 = CIRCLE('',#801,4.);
#801 = AXIS2_PLACEMENT_3D('',#802,#803,#804);
#802 = CARTESIAN_POINT('',(-28.39284864617,-40.42531565437,
    3.552713678801E-15));
#803 = DIRECTION('',(1.232595164408E-32,1.224646799147E-16,1.));
#804 = DIRECTION('',(0.574754021178,0.818326227821,-1.00216059556E-16));
#805 = PCURVE('',#217,#806);
#806 = DEFINITIONAL_REPRESENTATION('',(#807),#815);
#807 = ( BOUNDED_CURVE() B_SPLINE_CURVE(2,(#808,#809,#810,#811,#812,#813
,#814),.UNSPECIFIED.,.T.,.F.) B_SPLINE_CURVE_WITH_KNOTS((1,2,2,2,2,1),(
    -2.094395102393,0.,2.094395102393,4.188790204786,6.28318530718,
8.377580409573),.UNSPECIFIED.) CURVE() GEOMETRIC_REPRESENTATION_ITEM() 
RATIONAL_B_SPLINE_CURVE((1.,0.5,1.,0.5,1.,0.5,1.)) REPRESENTATION_ITEM(
  '') );
#808 = CARTESIAN_POINT('',(-74.32188480443,48.433671828618));
#809 = CARTESIAN_POINT('',(-79.99141521944,44.451659162481));
#810 = CARTESIAN_POINT('',(-80.60517413901,51.352622862477));
#811 = CARTESIAN_POINT('',(-81.21893305857,58.253586562473));
#812 = CARTESIAN_POINT('',(-74.93564372399,55.334635528613));
#813 = CARTESIAN_POINT('',(-68.65235438942,52.415684494754));
#814 = CARTESIAN_POINT('',(-74.32188480443,48.433671828618));
#815 = ( GEOMETRIC_REPRESENTATION_CONTEXT(2) 
PARAMETRIC_REPRESENTATION_CONTEXT() REPRESENTATION_CONTEXT('2D SPACE',''
  ) );
#816 = PCURVE('',#817,#822);
#817 = CYLINDRICAL_SURFACE('',#818,4.);
#818 = AXIS2_PLACEMENT_3D('',#819,#820,#821);
#819 = CARTESIAN_POINT('',(-28.39284864617,-40.42531565437,7.5));
#820 = DIRECTION('',(0.,1.224646799147E-16,1.));
#821 = DIRECTION('',(0.574754021178,0.818326227821,-1.00216059556E-16));
#822 = DEFINITIONAL_REPRESENTATION('',(#823),#827);
#823 = LINE('',#824,#825);
#824 = CARTESIAN_POINT('',(-6.28318530718,-7.5));
#825 = VECTOR('',#826,1.);
#826 = DIRECTION('',(1.,-0.));
#827 = ( GEOMETRIC_REPRESENTATION_CONTEXT(2) 
PARAMETRIC_REPRESENTATION_CONTEXT() REPRESENTATION_CONTEXT('2D SPACE',''
  ) );
#828 = ORIENTED_EDGE('',*,*,#829,.F.);
#829 = EDGE_CURVE('',#830,#797,#832,.T.);
#830 = VERTEX_POINT('',#831);
#831 = CARTESIAN_POINT('',(-44.18342912242,10.439568524792,0.));
#832 = SURFACE_CURVE('',#833,(#838,#849),.PCURVE_S1.);
#833 = CIRCLE('',#834,45.4);
#834 = AXIS2_PLACEMENT_3D('',#835,#836,#837);
#835 = CARTESIAN_POINT('',(1.717023723128E-14,6.344871400704E-15,0.));
#836 = DIRECTION('',(0.,1.224646799147E-16,1.));
#837 = DIRECTION('',(-0.951388533158,0.307993277485,-3.771829814305E-17)
  );
#838 = PCURVE('',#217,#839);
#839 = DEFINITIONAL_REPRESENTATION('',(#840),#848);
#840 = ( BOUNDED_CURVE() B_SPLINE_CURVE(2,(#841,#842,#843,#844,#845,#846
,#847),.UNSPECIFIED.,.T.,.F.) B_SPLINE_CURVE_WITH_KNOTS((1,2,2,2,2,1),(
    -2.094395102393,0.,2.094395102393,4.188790204786,6.28318530718,
8.377580409573),.UNSPECIFIED.) CURVE() GEOMETRIC_REPRESENTATION_ITEM() 
RATIONAL_B_SPLINE_CURVE((1.,0.5,1.,0.5,1.,0.5,1.)) REPRESENTATION_ITEM(
  '') );
#841 = CARTESIAN_POINT('',(-91.42109164834,-2.701233712272));
#842 = CARTESIAN_POINT('',(-115.640175875,72.111305071148));
#843 = CARTESIAN_POINT('',(-38.74107465363,55.679377876144));
#844 = CARTESIAN_POINT('',(38.158026567758,39.24745068114));
#845 = CARTESIAN_POINT('',(-14.52199042694,-19.13316090727));
#846 = CARTESIAN_POINT('',(-67.20200742165,-77.51377249569));
#847 = CARTESIAN_POINT('',(-91.42109164834,-2.701233712272));
#848 = ( GEOMETRIC_REPRESENTATION_CONTEXT(2) 
PARAMETRIC_REPRESENTATION_CONTEXT() REPRESENTATION_CONTEXT('2D SPACE',''
  ) );
#849 = PCURVE('',#850,#855);
#850 = CYLINDRICAL_SURFACE('',#851,45.4);
#851 = AXIS2_PLACEMENT_3D('',#852,#853,#854);
#852 = CARTESIAN_POINT('',(1.717023723128E-14,7.263356500064E-15,7.5));
#853 = DIRECTION('',(0.,1.224646799147E-16,1.));
#854 = DIRECTION('',(-0.951388533158,0.307993277485,-3.771829814305E-17)
  );
#855 = DEFINITIONAL_REPRESENTATION('',(#856),#860);
#856 = LINE('',#857,#858);
#857 = CARTESIAN_POINT('',(0.,-7.5));
#858 = VECTOR('',#859,1.);
#859 = DIRECTION('',(1.,0.));
#860 = ( GEOMETRIC_REPRESENTATION_CONTEXT(2) 
PARAMETRIC_REPRESENTATION_CONTEXT() REPRESENTATION_CONTEXT('2D SPACE',''
  ) );
#861 = ORIENTED_EDGE('',*,*,#862,.T.);
#862 = EDGE_CURVE('',#830,#863,#865,.T.);
#863 = VERTEX_POINT('',#864);
#864 = CARTESIAN_POINT('',(-46.84426915102,15.164908430533,
    -3.552713678801E-15));
#865 = SURFACE_CURVE('',#866,(#871,#882),.PCURVE_S1.);
#866 = CIRCLE('',#867,4.);
#867 = AXIS2_PLACEMENT_3D('',#868,#869,#870);
#868 = CARTESIAN_POINT('',(-48.07624226096,11.359354297901,0.));
#869 = DIRECTION('',(6.162975822039E-33,1.224646799147E-16,1.));
#870 = DIRECTION('',(0.307993277485,0.951388533158,-1.165114921877E-16)
  );
#871 = PCURVE('',#217,#872);
#872 = DEFINITIONAL_REPRESENTATION('',(#873),#881);
#873 = ( BOUNDED_CURVE() B_SPLINE_CURVE(2,(#874,#875,#876,#877,#878,#879
,#880),.UNSPECIFIED.,.T.,.F.) B_SPLINE_CURVE_WITH_KNOTS((1,2,2,2,2,1),(
    -2.094395102393,0.,2.094395102393,4.188790204786,6.28318530718,
8.377580409573),.UNSPECIFIED.) CURVE() GEOMETRIC_REPRESENTATION_ITEM() 
RATIONAL_B_SPLINE_CURVE((1.,0.5,1.,0.5,1.,0.5,1.)) REPRESENTATION_ITEM(
  '') );
#874 = CARTESIAN_POINT('',(-95.07232139399,-3.883247345));
#875 = CARTESIAN_POINT('',(-101.6637345026,-6.017087364973));
#876 = CARTESIAN_POINT('',(-100.2159876132,0.758163843961));
#877 = CARTESIAN_POINT('',(-98.76824072381,7.533415052894));
#878 = CARTESIAN_POINT('',(-93.62457450457,2.892003863933));
#879 = CARTESIAN_POINT('',(-88.48090828532,-1.749407325028));
#880 = CARTESIAN_POINT('',(-95.07232139399,-3.883247345));
#881 = ( GEOMETRIC_REPRESENTATION_CONTEXT(2) 
PARAMETRIC_REPRESENTATION_CONTEXT() REPRESENTATION_CONTEXT('2D SPACE',''
  ) );
#882 = PCURVE('',#883,#888);
#883 = CYLINDRICAL_SURFACE('',#884,4.);
#884 = AXIS2_PLACEMENT_3D('',#885,#886,#887);
#885 = CARTESIAN_POINT('',(-48.07624226096,11.359354297901,7.5));
#886 = DIRECTION('',(0.,1.224646799147E-16,1.));
#887 = DIRECTION('',(0.307993277485,0.951388533158,-1.165114921877E-16)
  );
#888 = DEFINITIONAL_REPRESENTATION('',(#889),#893);
#889 = LINE('',#890,#891);
#890 = CARTESIAN_POINT('',(-6.28318530718,-7.5));
#891 = VECTOR('',#892,1.);
#892 = DIRECTION('',(1.,-0.));
#893 = ( GEOMETRIC_REPRESENTATION_CONTEXT(2) 
PARAMETRIC_REPRESENTATION_CONTEXT() REPRESENTATION_CONTEXT('2D SPACE',''
  ) );
#894 = ORIENTED_EDGE('',*,*,#895,.T.);
#895 = EDGE_CURVE('',#863,#896,#898,.T.);
#896 = VERTEX_POINT('',#897);
#897 = CARTESIAN_POINT('',(-82.01658938683,26.55125355518,
    -3.552713678801E-15));
#898 = SURFACE_CURVE('',#899,(#903,#910),.PCURVE_S1.);
#899 = LINE('',#900,#901);
#900 = CARTESIAN_POINT('',(-20.83460503268,6.744792548441,0.));
#901 = VECTOR('',#902,1.);
#902 = DIRECTION('',(-0.951388533158,0.307993277485,-3.771829814305E-17)
  );
#903 = PCURVE('',#217,#904);
#904 = DEFINITIONAL_REPRESENTATION('',(#905),#909);
#905 = LINE('',#906,#907);
#906 = CARTESIAN_POINT('',(-69.06265727566,4.536868537091));
#907 = VECTOR('',#908,1.);
#908 = DIRECTION('',(-0.951388533158,-0.307993277485));
#909 = ( GEOMETRIC_REPRESENTATION_CONTEXT(2) 
PARAMETRIC_REPRESENTATION_CONTEXT() REPRESENTATION_CONTEXT('2D SPACE',''
  ) );
#910 = PCURVE('',#911,#916);
#911 = PLANE('',#912);
#912 = AXIS2_PLACEMENT_3D('',#913,#914,#915);
#913 = CARTESIAN_POINT('',(-82.01658938683,26.55125355518,7.5));
#914 = DIRECTION('',(-0.307993277485,-0.951388533158,1.165114921877E-16)
  );
#915 = DIRECTION('',(0.951388533158,-0.307993277485,3.771829814305E-17)
  );
#916 = DEFINITIONAL_REPRESENTATION('',(#917),#921);
#917 = LINE('',#918,#919);
#918 = CARTESIAN_POINT('',(64.308095191218,-7.5));
#919 = VECTOR('',#920,1.);
#920 = DIRECTION('',(-1.,0.));
#921 = ( GEOMETRIC_REPRESENTATION_CONTEXT(2) 
PARAMETRIC_REPRESENTATION_CONTEXT() REPRESENTATION_CONTEXT('2D SPACE',''
  ) );
#922 = ORIENTED_EDGE('',*,*,#923,.T.);
#923 = EDGE_CURVE('',#896,#701,#924,.T.);
#924 = SURFACE_CURVE('',#925,(#930,#941),.PCURVE_S1.);
#925 = CIRCLE('',#926,4.);
#926 = AXIS2_PLACEMENT_3D('',#927,#928,#929);
#927 = CARTESIAN_POINT('',(-83.24856249677,22.745699422549,
    -3.552713678801E-15));
#928 = DIRECTION('',(0.,1.224646799147E-16,1.));
#929 = DIRECTION('',(-0.964641512129,0.263565462602,-3.227746001413E-17)
  );
#930 = PCURVE('',#217,#931);
#931 = DEFINITIONAL_REPRESENTATION('',(#932),#940);
#932 = ( BOUNDED_CURVE() B_SPLINE_CURVE(2,(#933,#934,#935,#936,#937,#938
,#939),.UNSPECIFIED.,.T.,.F.) B_SPLINE_CURVE_WITH_KNOTS((1,2,2,2,2,1),(
    -2.094395102393,0.,2.094395102393,4.188790204786,6.28318530718,
8.377580409573),.UNSPECIFIED.) CURVE() GEOMETRIC_REPRESENTATION_ITEM() 
RATIONAL_B_SPLINE_CURVE((1.,0.5,1.,0.5,1.,0.5,1.)) REPRESENTATION_ITEM(
  '') );
#933 = CARTESIAN_POINT('',(-135.3351807882,-12.51830018742));
#934 = CARTESIAN_POINT('',(-137.1612158776,-5.835067747031));
#935 = CARTESIAN_POINT('',(-130.4603492601,-7.595291191616));
#936 = CARTESIAN_POINT('',(-123.7594826427,-9.355514636201));
#937 = CARTESIAN_POINT('',(-128.6343141707,-14.278523632));
#938 = CARTESIAN_POINT('',(-133.5091456988,-19.20153262781));
#939 = CARTESIAN_POINT('',(-135.3351807882,-12.51830018742));
#940 = ( GEOMETRIC_REPRESENTATION_CONTEXT(2) 
PARAMETRIC_REPRESENTATION_CONTEXT() REPRESENTATION_CONTEXT('2D SPACE',''
  ) );
#941 = PCURVE('',#942,#947);
#942 = CYLINDRICAL_SURFACE('',#943,4.);
#943 = AXIS2_PLACEMENT_3D('',#944,#945,#946);
#944 = CARTESIAN_POINT('',(-83.24856249677,22.745699422549,7.5));
#945 = DIRECTION('',(-0.,1.224646799147E-16,1.));
#946 = DIRECTION('',(-0.964641512129,0.263565462602,-3.227746001413E-17)
  );
#947 = DEFINITIONAL_REPRESENTATION('',(#948),#952);
#948 = LINE('',#949,#950);
#949 = CARTESIAN_POINT('',(-6.28318530718,-7.5));
#950 = VECTOR('',#951,1.);
#951 = DIRECTION('',(1.,-0.));
#952 = ( GEOMETRIC_REPRESENTATION_CONTEXT(2) 
PARAMETRIC_REPRESENTATION_CONTEXT() REPRESENTATION_CONTEXT('2D SPACE',''
  ) );
#953 = FACE_BOUND('',#954,.T.);
#954 = EDGE_LOOP('',(#955));
#955 = ORIENTED_EDGE('',*,*,#956,.F.);
#956 = EDGE_CURVE('',#957,#957,#959,.T.);
#957 = VERTEX_POINT('',#958);
#958 = CARTESIAN_POINT('',(-30.54476119956,-13.81443152877,0.));
#959 = SURFACE_CURVE('',#960,(#965,#972),.PCURVE_S1.);
#960 = CIRCLE('',#961,2.);
#961 = AXIS2_PLACEMENT_3D('',#962,#963,#964);
#962 = CARTESIAN_POINT('',(-32.54476119956,-13.81443152877,0.));
#963 = DIRECTION('',(0.,-1.224646799147E-16,-1.));
#964 = DIRECTION('',(1.,0.,0.));
#965 = PCURVE('',#217,#966);
#966 = DEFINITIONAL_REPRESENTATION('',(#967),#971);
#967 = CIRCLE('',#968,2.);
#968 = AXIS2_PLACEMENT_2D('',#969,#970);
#969 = CARTESIAN_POINT('',(-80.77281344254,25.096092614304));
#970 = DIRECTION('',(1.,0.));
#971 = ( GEOMETRIC_REPRESENTATION_CONTEXT(2) 
PARAMETRIC_REPRESENTATION_CONTEXT() REPRESENTATION_CONTEXT('2D SPACE',''
  ) );
#972 = PCURVE('',#973,#978);
#973 = CYLINDRICAL_SURFACE('',#974,2.);
#974 = AXIS2_PLACEMENT_3D('',#975,#976,#977);
#975 = CARTESIAN_POINT('',(-32.54476119956,-13.81443152877,18.));
#976 = DIRECTION('',(0.,-1.224646799147E-16,-1.));
#977 = DIRECTION('',(1.,0.,0.));
#978 = DEFINITIONAL_REPRESENTATION('',(#979),#983);
#979 = LINE('',#980,#981);
#980 = CARTESIAN_POINT('',(0.,18.));
#981 = VECTOR('',#982,1.);
#982 = DIRECTION('',(1.,0.));
#983 = ( GEOMETRIC_REPRESENTATION_CONTEXT(2) 
PARAMETRIC_REPRESENTATION_CONTEXT() REPRESENTATION_CONTEXT('2D SPACE',''
  ) );
#984 = FACE_BOUND('',#985,.T.);
#985 = EDGE_LOOP('',(#986));
#986 = ORIENTED_EDGE('',*,*,#987,.F.);
#987 = EDGE_CURVE('',#988,#988,#990,.T.);
#988 = VERTEX_POINT('',#989);
#989 = CARTESIAN_POINT('',(-11.54382102453,-47.40754896022,
    7.105427357601E-15));
#990 = SURFACE_CURVE('',#991,(#996,#1003),.PCURVE_S1.);
#991 = CIRCLE('',#992,2.8);
#992 = AXIS2_PLACEMENT_3D('',#993,#994,#995);
#993 = CARTESIAN_POINT('',(-14.34382102453,-47.40754896022,
    7.105427357601E-15));
#994 = DIRECTION('',(0.,-1.224646799147E-16,-1.));
#995 = DIRECTION('',(1.,0.,0.));
#996 = PCURVE('',#217,#997);
#997 = DEFINITIONAL_REPRESENTATION('',(#998),#1002);
#998 = CIRCLE('',#999,2.8);
#999 = AXIS2_PLACEMENT_2D('',#1000,#1001);
#1000 = CARTESIAN_POINT('',(-62.5718732675,58.689210045758));
#1001 = DIRECTION('',(1.,0.));
#1002 = ( GEOMETRIC_REPRESENTATION_CONTEXT(2) 
PARAMETRIC_REPRESENTATION_CONTEXT() REPRESENTATION_CONTEXT('2D SPACE',''
  ) );
#1003 = PCURVE('',#1004,#1009);
#1004 = CYLINDRICAL_SURFACE('',#1005,2.8);
#1005 = AXIS2_PLACEMENT_3D('',#1006,#1007,#1008);
#1006 = CARTESIAN_POINT('',(-14.34382102453,-47.40754896022,18.));
#1007 = DIRECTION('',(0.,-1.224646799147E-16,-1.));
#1008 = DIRECTION('',(1.,0.,0.));
#1009 = DEFINITIONAL_REPRESENTATION('',(#1010),#1014);
#1010 = LINE('',#1011,#1012);
#1011 = CARTESIAN_POINT('',(0.,18.));
#1012 = VECTOR('',#1013,1.);
#1013 = DIRECTION('',(1.,0.));
#1014 = ( GEOMETRIC_REPRESENTATION_CONTEXT(2) 
PARAMETRIC_REPRESENTATION_CONTEXT() REPRESENTATION_CONTEXT('2D SPACE',''
  ) );
#1015 = FACE_BOUND('',#1016,.T.);
#1016 = EDGE_LOOP('',(#1017));
#1017 = ORIENTED_EDGE('',*,*,#1018,.F.);
#1018 = EDGE_CURVE('',#1019,#1019,#1021,.T.);
#1019 = VERTEX_POINT('',#1020);
#1020 = CARTESIAN_POINT('',(28.5,4.898587196589E-15,0.));
#1021 = SURFACE_CURVE('',#1022,(#1027,#1034),.PCURVE_S1.);
#1022 = CIRCLE('',#1023,28.5);
#1023 = AXIS2_PLACEMENT_3D('',#1024,#1025,#1026);
#1024 = CARTESIAN_POINT('',(0.,-2.081899558551E-15,0.));
#1025 = DIRECTION('',(0.,-1.224646799147E-16,-1.));
#1026 = DIRECTION('',(1.,0.,0.));
#1027 = PCURVE('',#217,#1028);
#1028 = DEFINITIONAL_REPRESENTATION('',(#1029),#1033);
#1029 = CIRCLE('',#1030,28.5);
#1030 = AXIS2_PLACEMENT_2D('',#1031,#1032);
#1031 = CARTESIAN_POINT('',(-48.22805224297,11.281661085532));
#1032 = DIRECTION('',(1.,0.));
#1033 = ( GEOMETRIC_REPRESENTATION_CONTEXT(2) 
PARAMETRIC_REPRESENTATION_CONTEXT() REPRESENTATION_CONTEXT('2D SPACE',''
  ) );
#1034 = PCURVE('',#1035,#1040);
#1035 = CYLINDRICAL_SURFACE('',#1036,28.5);
#1036 = AXIS2_PLACEMENT_3D('',#1037,#1038,#1039);
#1037 = CARTESIAN_POINT('',(0.,1.224646799147E-16,18.));
#1038 = DIRECTION('',(0.,-1.224646799147E-16,-1.));
#1039 = DIRECTION('',(1.,0.,0.));
#1040 = DEFINITIONAL_REPRESENTATION('',(#1041),#1045);
#1041 = LINE('',#1042,#1043);
#1042 = CARTESIAN_POINT('',(0.,18.));
#1043 = VECTOR('',#1044,1.);
#1044 = DIRECTION('',(1.,0.));
#1045 = ( GEOMETRIC_REPRESENTATION_CONTEXT(2) 
PARAMETRIC_REPRESENTATION_CONTEXT() REPRESENTATION_CONTEXT('2D SPACE',''
  ) );
#1046 = FACE_BOUND('',#1047,.T.);
#1047 = EDGE_LOOP('',(#1048));
#1048 = ORIENTED_EDGE('',*,*,#1049,.F.);
#1049 = EDGE_CURVE('',#1050,#1050,#1052,.T.);
#1050 = VERTEX_POINT('',#1051);
#1051 = CARTESIAN_POINT('',(15.814431528772,-32.54476119956,
    3.552713678801E-15));
#1052 = SURFACE_CURVE('',#1053,(#1058,#1065),.PCURVE_S1.);
#1053 = CIRCLE('',#1054,2.);
#1054 = AXIS2_PLACEMENT_3D('',#1055,#1056,#1057);
#1055 = CARTESIAN_POINT('',(13.814431528772,-32.54476119956,
    3.552713678801E-15));
#1056 = DIRECTION('',(0.,-1.224646799147E-16,-1.));
#1057 = DIRECTION('',(1.,0.,0.));
#1058 = PCURVE('',#217,#1059);
#1059 = DEFINITIONAL_REPRESENTATION('',(#1060),#1064);
#1060 = CIRCLE('',#1061,2.);
#1061 = AXIS2_PLACEMENT_2D('',#1062,#1063);
#1062 = CARTESIAN_POINT('',(-34.4136207142,43.8264222851));
#1063 = DIRECTION('',(1.,0.));
#1064 = ( GEOMETRIC_REPRESENTATION_CONTEXT(2) 
PARAMETRIC_REPRESENTATION_CONTEXT() REPRESENTATION_CONTEXT('2D SPACE',''
  ) );
#1065 = PCURVE('',#1066,#1071);
#1066 = CYLINDRICAL_SURFACE('',#1067,2.);
#1067 = AXIS2_PLACEMENT_3D('',#1068,#1069,#1070);
#1068 = CARTESIAN_POINT('',(13.814431528772,-32.54476119956,18.));
#1069 = DIRECTION('',(0.,-1.224646799147E-16,-1.));
#1070 = DIRECTION('',(1.,0.,0.));
#1071 = DEFINITIONAL_REPRESENTATION('',(#1072),#1076);
#1072 = LINE('',#1073,#1074);
#1073 = CARTESIAN_POINT('',(0.,18.));
#1074 = VECTOR('',#1075,1.);
#1075 = DIRECTION('',(1.,0.));
#1076 = ( GEOMETRIC_REPRESENTATION_CONTEXT(2) 
PARAMETRIC_REPRESENTATION_CONTEXT() REPRESENTATION_CONTEXT('2D SPACE',''
  ) );
#1077 = FACE_BOUND('',#1078,.T.);
#1078 = EDGE_LOOP('',(#1079));
#1079 = ORIENTED_EDGE('',*,*,#1080,.F.);
#1080 = EDGE_CURVE('',#1081,#1081,#1083,.T.);
#1081 = VERTEX_POINT('',#1082);
#1082 = CARTESIAN_POINT('',(2.7,-49.53,7.105427357601E-15));
#1083 = SURFACE_CURVE('',#1084,(#1089,#1096),.PCURVE_S1.);
#1084 = CIRCLE('',#1085,2.7);
#1085 = AXIS2_PLACEMENT_3D('',#1086,#1087,#1088);
#1086 = CARTESIAN_POINT('',(3.032837798088E-15,-49.53,7.105427357601E-15
    ));
#1087 = DIRECTION('',(0.,-1.224646799147E-16,-1.));
#1088 = DIRECTION('',(1.,0.,0.));
#1089 = PCURVE('',#217,#1090);
#1090 = DEFINITIONAL_REPRESENTATION('',(#1091),#1095);
#1091 = CIRCLE('',#1092,2.7);
#1092 = AXIS2_PLACEMENT_2D('',#1093,#1094);
#1093 = CARTESIAN_POINT('',(-48.22805224297,60.811661085532));
#1094 = DIRECTION('',(1.,0.));
#1095 = ( GEOMETRIC_REPRESENTATION_CONTEXT(2) 
PARAMETRIC_REPRESENTATION_CONTEXT() REPRESENTATION_CONTEXT('2D SPACE',''
  ) );
#1096 = PCURVE('',#1097,#1102);
#1097 = CYLINDRICAL_SURFACE('',#1098,2.7);
#1098 = AXIS2_PLACEMENT_3D('',#1099,#1100,#1101);
#1099 = CARTESIAN_POINT('',(3.032837798088E-15,-49.53,18.));
#1100 = DIRECTION('',(0.,-1.224646799147E-16,-1.));
#1101 = DIRECTION('',(1.,0.,0.));
#1102 = DEFINITIONAL_REPRESENTATION('',(#1103),#1107);
#1103 = LINE('',#1104,#1105);
#1104 = CARTESIAN_POINT('',(0.,18.));
#1105 = VECTOR('',#1106,1.);
#1106 = DIRECTION('',(1.,0.));
#1107 = ( GEOMETRIC_REPRESENTATION_CONTEXT(2) 
PARAMETRIC_REPRESENTATION_CONTEXT() REPRESENTATION_CONTEXT('2D SPACE',''
  ) );
#1108 = FACE_BOUND('',#1109,.T.);
#1109 = EDGE_LOOP('',(#1110,#1145,#1178,#1206,#1239,#1272,#1305,#1333));
#1110 = ORIENTED_EDGE('',*,*,#1111,.T.);
#1111 = EDGE_CURVE('',#1112,#1114,#1116,.T.);
#1112 = VERTEX_POINT('',#1113);
#1113 = CARTESIAN_POINT('',(22.942193201179,-87.33696680741,
    1.06581410364E-14));
#1114 = VERTEX_POINT('',#1115);
#1115 = CARTESIAN_POINT('',(90.168321438669,-4.874813733149,0.));
#1116 = SURFACE_CURVE('',#1117,(#1122,#1133),.PCURVE_S1.);
#1117 = CIRCLE('',#1118,90.3);
#1118 = AXIS2_PLACEMENT_3D('',#1119,#1120,#1121);
#1119 = CARTESIAN_POINT('',(-1.184982426576E-14,-1.588900132575E-15,0.)
  );
#1120 = DIRECTION('',(1.925929944387E-34,1.224646799147E-16,1.));
#1121 = DIRECTION('',(0.999970782096,-7.64427597253E-03,
    9.361538101557E-19));
#1122 = PCURVE('',#217,#1123);
#1123 = DEFINITIONAL_REPRESENTATION('',(#1124),#1132);
#1124 = ( BOUNDED_CURVE() B_SPLINE_CURVE(2,(#1125,#1126,#1127,#1128,
#1129,#1130,#1131),.UNSPECIFIED.,.T.,.F.) B_SPLINE_CURVE_WITH_KNOTS((1,2
    ,2,2,2,1),(-2.094395102393,0.,2.094395102393,4.188790204786,
6.28318530718,8.377580409573),.UNSPECIFIED.) CURVE() 
GEOMETRIC_REPRESENTATION_ITEM() RATIONAL_B_SPLINE_CURVE((1.,0.5,1.,0.5,
1.,0.5,1.)) REPRESENTATION_ITEM('') );
#1125 = CARTESIAN_POINT('',(42.069309380256,11.971939205852));
#1126 = CARTESIAN_POINT('',(43.264906156002,-144.427678915));
#1127 = CARTESIAN_POINT('',(-92.77893466671,-67.26328703505));
#1128 = CARTESIAN_POINT('',(-228.8227754894,9.901104844894));
#1129 = CARTESIAN_POINT('',(-93.97453144246,89.136331085801));
#1130 = CARTESIAN_POINT('',(40.873712604509,168.3715573267));
#1131 = CARTESIAN_POINT('',(42.069309380256,11.971939205852));
#1132 = ( GEOMETRIC_REPRESENTATION_CONTEXT(2) 
PARAMETRIC_REPRESENTATION_CONTEXT() REPRESENTATION_CONTEXT('2D SPACE',''
  ) );
#1133 = PCURVE('',#1134,#1139);
#1134 = CYLINDRICAL_SURFACE('',#1135,90.3);
#1135 = AXIS2_PLACEMENT_3D('',#1136,#1137,#1138);
#1136 = CARTESIAN_POINT('',(-1.184982426576E-14,-6.70415033214E-16,7.5)
  );
#1137 = DIRECTION('',(0.,1.224646799147E-16,1.));
#1138 = DIRECTION('',(0.999970782096,-7.64427597253E-03,
    9.361538101557E-19));
#1139 = DEFINITIONAL_REPRESENTATION('',(#1140),#1144);
#1140 = LINE('',#1141,#1142);
#1141 = CARTESIAN_POINT('',(-6.28318530718,-7.5));
#1142 = VECTOR('',#1143,1.);
#1143 = DIRECTION('',(1.,-0.));
#1144 = ( GEOMETRIC_REPRESENTATION_CONTEXT(2) 
PARAMETRIC_REPRESENTATION_CONTEXT() REPRESENTATION_CONTEXT('2D SPACE',''
  ) );
#1145 = ORIENTED_EDGE('',*,*,#1146,.T.);
#1146 = EDGE_CURVE('',#1114,#1147,#1149,.T.);
#1147 = VERTEX_POINT('',#1148);
#1148 = CARTESIAN_POINT('',(86.204731479938,-0.658992011936,0.));
#1149 = SURFACE_CURVE('',#1150,(#1155,#1166),.PCURVE_S1.);
#1150 = CIRCLE('',#1151,4.);
#1151 = AXIS2_PLACEMENT_3D('',#1152,#1153,#1154);
#1152 = CARTESIAN_POINT('',(86.174154376048,-4.658875140318,0.));
#1153 = DIRECTION('',(0.,1.224646799147E-16,1.));
#1154 = DIRECTION('',(7.644275972542E-03,0.999970782096,
    -1.224611017534E-16));
#1155 = PCURVE('',#217,#1156);
#1156 = DEFINITIONAL_REPRESENTATION('',(#1157),#1165);
#1157 = ( BOUNDED_CURVE() B_SPLINE_CURVE(2,(#1158,#1159,#1160,#1161,
#1162,#1163,#1164),.UNSPECIFIED.,.T.,.F.) B_SPLINE_CURVE_WITH_KNOTS((1,2
    ,2,2,2,1),(-2.094395102393,0.,2.094395102393,4.188790204786,
6.28318530718,8.377580409573),.UNSPECIFIED.) CURVE() 
GEOMETRIC_REPRESENTATION_ITEM() RATIONAL_B_SPLINE_CURVE((1.,0.5,1.,0.5,
1.,0.5,1.)) REPRESENTATION_ITEM('') );
#1158 = CARTESIAN_POINT('',(37.976679236962,11.940653097468));
#1159 = CARTESIAN_POINT('',(31.048678434266,11.887691999982));
#1160 = CARTESIAN_POINT('',(34.466813179779,17.913997241299));
#1161 = CARTESIAN_POINT('',(37.884947925292,23.940302482616));
#1162 = CARTESIAN_POINT('',(41.394813982475,17.966958338785));
#1163 = CARTESIAN_POINT('',(44.904680039658,11.993614194955));
#1164 = CARTESIAN_POINT('',(37.976679236962,11.940653097468));
#1165 = ( GEOMETRIC_REPRESENTATION_CONTEXT(2) 
PARAMETRIC_REPRESENTATION_CONTEXT() REPRESENTATION_CONTEXT('2D SPACE',''
  ) );
#1166 = PCURVE('',#1167,#1172);
#1167 = CYLINDRICAL_SURFACE('',#1168,4.);
#1168 = AXIS2_PLACEMENT_3D('',#1169,#1170,#1171);
#1169 = CARTESIAN_POINT('',(86.174154376048,-4.658875140318,7.5));
#1170 = DIRECTION('',(0.,1.224646799147E-16,1.));
#1171 = DIRECTION('',(7.644275972542E-03,0.999970782096,
    -1.224611017534E-16));
#1172 = DEFINITIONAL_REPRESENTATION('',(#1173),#1177);
#1173 = LINE('',#1174,#1175);
#1174 = CARTESIAN_POINT('',(-6.28318530718,-7.5));
#1175 = VECTOR('',#1176,1.);
#1176 = DIRECTION('',(1.,-0.));
#1177 = ( GEOMETRIC_REPRESENTATION_CONTEXT(2) 
PARAMETRIC_REPRESENTATION_CONTEXT() REPRESENTATION_CONTEXT('2D SPACE',''
  ) );
#1178 = ORIENTED_EDGE('',*,*,#1179,.T.);
#1179 = EDGE_CURVE('',#1147,#1180,#1182,.T.);
#1180 = VERTEX_POINT('',#1181);
#1181 = CARTESIAN_POINT('',(49.236351739666,-0.376387257825,0.));
#1182 = SURFACE_CURVE('',#1183,(#1187,#1194),.PCURVE_S1.);
#1183 = LINE('',#1184,#1185);
#1184 = CARTESIAN_POINT('',(48.687674083781,-0.372192891853,0.));
#1185 = VECTOR('',#1186,1.);
#1186 = DIRECTION('',(-0.999970782096,7.64427597253E-03,
    -9.361538101557E-19));
#1187 = PCURVE('',#217,#1188);
#1188 = DEFINITIONAL_REPRESENTATION('',(#1189),#1193);
#1189 = LINE('',#1190,#1191);
#1190 = CARTESIAN_POINT('',(0.459621840805,11.653853977386));
#1191 = VECTOR('',#1192,1.);
#1192 = DIRECTION('',(-0.999970782096,-7.64427597253E-03));
#1193 = ( GEOMETRIC_REPRESENTATION_CONTEXT(2) 
PARAMETRIC_REPRESENTATION_CONTEXT() REPRESENTATION_CONTEXT('2D SPACE',''
  ) );
#1194 = PCURVE('',#1195,#1200);
#1195 = PLANE('',#1196);
#1196 = AXIS2_PLACEMENT_3D('',#1197,#1198,#1199);
#1197 = CARTESIAN_POINT('',(49.236351739666,-0.376387257825,7.5));
#1198 = DIRECTION('',(-7.64427597253E-03,-0.999970782096,
    1.224611017534E-16));
#1199 = DIRECTION('',(0.999970782096,-7.64427597253E-03,
    9.361538101557E-19));
#1200 = DEFINITIONAL_REPRESENTATION('',(#1201),#1205);
#1201 = LINE('',#1202,#1203);
#1202 = CARTESIAN_POINT('',(-0.548693687565,-7.5));
#1203 = VECTOR('',#1204,1.);
#1204 = DIRECTION('',(-1.,0.));
#1205 = ( GEOMETRIC_REPRESENTATION_CONTEXT(2) 
PARAMETRIC_REPRESENTATION_CONTEXT() REPRESENTATION_CONTEXT('2D SPACE',''
  ) );
#1206 = ORIENTED_EDGE('',*,*,#1207,.T.);
#1207 = EDGE_CURVE('',#1180,#1208,#1210,.T.);
#1208 = VERTEX_POINT('',#1209);
#1209 = CARTESIAN_POINT('',(45.221501385916,-4.021916508782,0.));
#1210 = SURFACE_CURVE('',#1211,(#1216,#1227),.PCURVE_S1.);
#1211 = CIRCLE('',#1212,4.);
#1212 = AXIS2_PLACEMENT_3D('',#1213,#1214,#1215);
#1213 = CARTESIAN_POINT('',(49.205774635776,-4.376270386208,0.));
#1214 = DIRECTION('',(-1.54074395551E-33,1.224646799147E-16,1.));
#1215 = DIRECTION('',(-0.996068312465,8.858846935643E-02,
    -1.084895854387E-17));
#1216 = PCURVE('',#217,#1217);
#1217 = DEFINITIONAL_REPRESENTATION('',(#1218),#1226);
#1218 = ( BOUNDED_CURVE() B_SPLINE_CURVE(2,(#1219,#1220,#1221,#1222,
#1223,#1224,#1225),.UNSPECIFIED.,.T.,.F.) B_SPLINE_CURVE_WITH_KNOTS((1,2
    ,2,2,2,1),(-2.094395102393,0.,2.094395102393,4.188790204786,
6.28318530718,8.377580409573),.UNSPECIFIED.) CURVE() 
GEOMETRIC_REPRESENTATION_ITEM() RATIONAL_B_SPLINE_CURVE((1.,0.5,1.,0.5,
1.,0.5,1.)) REPRESENTATION_ITEM('') );
#1219 = CARTESIAN_POINT('',(-3.00655085706,15.303577594314));
#1220 = CARTESIAN_POINT('',(-3.62030977662,22.20454129431));
#1221 = CARTESIAN_POINT('',(2.662979557951,19.285590260451));
#1222 = CARTESIAN_POINT('',(8.946268892521,16.366639226592));
#1223 = CARTESIAN_POINT('',(3.276738477511,12.384626560455));
#1224 = CARTESIAN_POINT('',(-2.392791937499,8.402613894319));
#1225 = CARTESIAN_POINT('',(-3.00655085706,15.303577594314));
#1226 = ( GEOMETRIC_REPRESENTATION_CONTEXT(2) 
PARAMETRIC_REPRESENTATION_CONTEXT() REPRESENTATION_CONTEXT('2D SPACE',''
  ) );
#1227 = PCURVE('',#1228,#1233);
#1228 = CYLINDRICAL_SURFACE('',#1229,4.);
#1229 = AXIS2_PLACEMENT_3D('',#1230,#1231,#1232);
#1230 = CARTESIAN_POINT('',(49.205774635776,-4.376270386208,7.5));
#1231 = DIRECTION('',(-0.,1.224646799147E-16,1.));
#1232 = DIRECTION('',(-0.996068312465,8.858846935643E-02,
    -1.084895854387E-17));
#1233 = DEFINITIONAL_REPRESENTATION('',(#1234),#1238);
#1234 = LINE('',#1235,#1236);
#1235 = CARTESIAN_POINT('',(-6.28318530718,-7.5));
#1236 = VECTOR('',#1237,1.);
#1237 = DIRECTION('',(1.,-0.));
#1238 = ( GEOMETRIC_REPRESENTATION_CONTEXT(2) 
PARAMETRIC_REPRESENTATION_CONTEXT() REPRESENTATION_CONTEXT('2D SPACE',''
  ) );
#1239 = ORIENTED_EDGE('',*,*,#1240,.F.);
#1240 = EDGE_CURVE('',#1241,#1208,#1243,.T.);
#1241 = VERTEX_POINT('',#1242);
#1242 = CARTESIAN_POINT('',(13.050783014193,-43.48375630872,
    3.552713678801E-15));
#1243 = SURFACE_CURVE('',#1244,(#1249,#1260),.PCURVE_S1.);
#1244 = CIRCLE('',#1245,45.4);
#1245 = AXIS2_PLACEMENT_3D('',#1246,#1247,#1248);
#1246 = CARTESIAN_POINT('',(2.714919044007E-15,2.885031374938E-16,0.));
#1247 = DIRECTION('',(-3.08148791102E-33,1.224646799147E-16,1.));
#1248 = DIRECTION('',(0.208964264082,-0.977923277326,1.197610611389E-16)
  );
#1249 = PCURVE('',#217,#1250);
#1250 = DEFINITIONAL_REPRESENTATION('',(#1251),#1259);
#1251 = ( BOUNDED_CURVE() B_SPLINE_CURVE(2,(#1252,#1253,#1254,#1255,
#1256,#1257,#1258),.UNSPECIFIED.,.T.,.F.) B_SPLINE_CURVE_WITH_KNOTS((1,2
    ,2,2,2,1),(-2.094395102393,0.,2.094395102393,4.188790204786,
6.28318530718,8.377580409573),.UNSPECIFIED.) CURVE() 
GEOMETRIC_REPRESENTATION_ITEM() RATIONAL_B_SPLINE_CURVE((1.,0.5,1.,0.5,
1.,0.5,1.)) REPRESENTATION_ITEM('') );
#1252 = CARTESIAN_POINT('',(-38.74107465363,55.679377876144));
#1253 = CARTESIAN_POINT('',(38.158026567757,39.24745068114));
#1254 = CARTESIAN_POINT('',(-14.52199042694,-19.13316090727));
#1255 = CARTESIAN_POINT('',(-67.20200742165,-77.51377249569));
#1256 = CARTESIAN_POINT('',(-91.42109164834,-2.701233712272));
#1257 = CARTESIAN_POINT('',(-115.640175875,72.111305071148));
#1258 = CARTESIAN_POINT('',(-38.74107465363,55.679377876144));
#1259 = ( GEOMETRIC_REPRESENTATION_CONTEXT(2) 
PARAMETRIC_REPRESENTATION_CONTEXT() REPRESENTATION_CONTEXT('2D SPACE',''
  ) );
#1260 = PCURVE('',#1261,#1266);
#1261 = CYLINDRICAL_SURFACE('',#1262,45.4);
#1262 = AXIS2_PLACEMENT_3D('',#1263,#1264,#1265);
#1263 = CARTESIAN_POINT('',(2.714919044007E-15,1.206988236854E-15,7.5));
#1264 = DIRECTION('',(0.,1.224646799147E-16,1.));
#1265 = DIRECTION('',(0.208964264082,-0.977923277326,1.197610611389E-16)
  );
#1266 = DEFINITIONAL_REPRESENTATION('',(#1267),#1271);
#1267 = LINE('',#1268,#1269);
#1268 = CARTESIAN_POINT('',(0.,-7.5));
#1269 = VECTOR('',#1270,1.);
#1270 = DIRECTION('',(1.,0.));
#1271 = ( GEOMETRIC_REPRESENTATION_CONTEXT(2) 
PARAMETRIC_REPRESENTATION_CONTEXT() REPRESENTATION_CONTEXT('2D SPACE',''
  ) );
#1272 = ORIENTED_EDGE('',*,*,#1273,.T.);
#1273 = EDGE_CURVE('',#1241,#1274,#1276,.T.);
#1274 = VERTEX_POINT('',#1275);
#1275 = CARTESIAN_POINT('',(10.288938628606,-48.15078132176,
    7.105427357601E-15));
#1276 = SURFACE_CURVE('',#1277,(#1282,#1293),.PCURVE_S1.);
#1277 = CIRCLE('',#1278,4.);
#1278 = AXIS2_PLACEMENT_3D('',#1279,#1280,#1281);
#1279 = CARTESIAN_POINT('',(14.200631737911,-47.31492426543,
    7.105427357601E-15));
#1280 = DIRECTION('',(-3.08148791102E-33,1.224646799147E-16,1.));
#1281 = DIRECTION('',(-0.977923277326,-0.208964264082,2.559074171447E-17
    ));
#1282 = PCURVE('',#217,#1283);
#1283 = DEFINITIONAL_REPRESENTATION('',(#1284),#1292);
#1284 = ( BOUNDED_CURVE() B_SPLINE_CURVE(2,(#1285,#1286,#1287,#1288,
#1289,#1290,#1291),.UNSPECIFIED.,.T.,.F.) B_SPLINE_CURVE_WITH_KNOTS((1,2
    ,2,2,2,1),(-2.094395102393,0.,2.094395102393,4.188790204786,
6.28318530718,8.377580409573),.UNSPECIFIED.) CURVE() 
GEOMETRIC_REPRESENTATION_ITEM() RATIONAL_B_SPLINE_CURVE((1.,0.5,1.,0.5,
1.,0.5,1.)) REPRESENTATION_ITEM('') );
#1285 = CARTESIAN_POINT('',(-37.93911361437,59.432442407301));
#1286 = CARTESIAN_POINT('',(-36.49136672494,66.207693616234));
#1287 = CARTESIAN_POINT('',(-31.34770050569,61.566282427273));
#1288 = CARTESIAN_POINT('',(-26.20403428645,56.924871238313));
#1289 = CARTESIAN_POINT('',(-32.79544739512,54.79103121834));
#1290 = CARTESIAN_POINT('',(-39.38686050379,52.657191198368));
#1291 = CARTESIAN_POINT('',(-37.93911361437,59.432442407301));
#1292 = ( GEOMETRIC_REPRESENTATION_CONTEXT(2) 
PARAMETRIC_REPRESENTATION_CONTEXT() REPRESENTATION_CONTEXT('2D SPACE',''
  ) );
#1293 = PCURVE('',#1294,#1299);
#1294 = CYLINDRICAL_SURFACE('',#1295,4.);
#1295 = AXIS2_PLACEMENT_3D('',#1296,#1297,#1298);
#1296 = CARTESIAN_POINT('',(14.200631737911,-47.31492426543,7.5));
#1297 = DIRECTION('',(-0.,1.224646799147E-16,1.));
#1298 = DIRECTION('',(-0.977923277326,-0.208964264082,2.559074171447E-17
    ));
#1299 = DEFINITIONAL_REPRESENTATION('',(#1300),#1304);
#1300 = LINE('',#1301,#1302);
#1301 = CARTESIAN_POINT('',(-6.28318530718,-7.5));
#1302 = VECTOR('',#1303,1.);
#1303 = DIRECTION('',(1.,-0.));
#1304 = ( GEOMETRIC_REPRESENTATION_CONTEXT(2) 
PARAMETRIC_REPRESENTATION_CONTEXT() REPRESENTATION_CONTEXT('2D SPACE',''
  ) );
#1305 = ORIENTED_EDGE('',*,*,#1306,.T.);
#1306 = EDGE_CURVE('',#1274,#1307,#1309,.T.);
#1307 = VERTEX_POINT('',#1308);
#1308 = CARTESIAN_POINT('',(18.014234612309,-84.30407671834,
    1.06581410364E-14));
#1309 = SURFACE_CURVE('',#1310,(#1314,#1321),.PCURVE_S1.);
#1310 = LINE('',#1311,#1312);
#1311 = CARTESIAN_POINT('',(8.907372442317,-41.68524646741,
    3.552713678801E-15));
#1312 = VECTOR('',#1313,1.);
#1313 = DIRECTION('',(0.208964264082,-0.977923277326,1.197610611389E-16)
  );
#1314 = PCURVE('',#217,#1315);
#1315 = DEFINITIONAL_REPRESENTATION('',(#1316),#1320);
#1316 = LINE('',#1317,#1318);
#1317 = CARTESIAN_POINT('',(-39.32067980065,52.966907552948));
#1318 = VECTOR('',#1319,1.);
#1319 = DIRECTION('',(0.208964264082,0.977923277326));
#1320 = ( GEOMETRIC_REPRESENTATION_CONTEXT(2) 
PARAMETRIC_REPRESENTATION_CONTEXT() REPRESENTATION_CONTEXT('2D SPACE',''
  ) );
#1321 = PCURVE('',#1322,#1327);
#1322 = PLANE('',#1323);
#1323 = AXIS2_PLACEMENT_3D('',#1324,#1325,#1326);
#1324 = CARTESIAN_POINT('',(18.014234612309,-84.30407671834,7.5));
#1325 = DIRECTION('',(0.977923277326,0.208964264082,-2.559074171447E-17)
  );
#1326 = DIRECTION('',(-0.208964264082,0.977923277326,-1.197610611389E-16
    ));
#1327 = DEFINITIONAL_REPRESENTATION('',(#1328),#1332);
#1328 = LINE('',#1329,#1330);
#1329 = CARTESIAN_POINT('',(43.580954906252,-7.5));
#1330 = VECTOR('',#1331,1.);
#1331 = DIRECTION('',(-1.,0.));
#1332 = ( GEOMETRIC_REPRESENTATION_CONTEXT(2) 
PARAMETRIC_REPRESENTATION_CONTEXT() REPRESENTATION_CONTEXT('2D SPACE',''
  ) );
#1333 = ORIENTED_EDGE('',*,*,#1334,.T.);
#1334 = EDGE_CURVE('',#1307,#1112,#1335,.T.);
#1335 = SURFACE_CURVE('',#1336,(#1341,#1352),.PCURVE_S1.);
#1336 = CIRCLE('',#1337,4.);
#1337 = AXIS2_PLACEMENT_3D('',#1338,#1339,#1340);
#1338 = CARTESIAN_POINT('',(21.925927721614,-83.46821966201,
    1.06581410364E-14));
#1339 = DIRECTION('',(6.162975822039E-33,1.224646799147E-16,1.));
#1340 = DIRECTION('',(0.254066369891,-0.96718678635,1.184462202081E-16)
  );
#1341 = PCURVE('',#217,#1342);
#1342 = DEFINITIONAL_REPRESENTATION('',(#1343),#1351);
#1343 = ( BOUNDED_CURVE() B_SPLINE_CURVE(2,(#1344,#1345,#1346,#1347,
#1348,#1349,#1350),.UNSPECIFIED.,.T.,.F.) B_SPLINE_CURVE_WITH_KNOTS((1,2
    ,2,2,2,1),(-2.094395102393,0.,2.094395102393,4.188790204786,
6.28318530718,8.377580409573),.UNSPECIFIED.) CURVE() 
GEOMETRIC_REPRESENTATION_ITEM() RATIONAL_B_SPLINE_CURVE((1.,0.5,1.,0.5,
1.,0.5,1.)) REPRESENTATION_ITEM('') );
#1344 = CARTESIAN_POINT('',(-25.28585904179,98.618627892949));
#1345 = CARTESIAN_POINT('',(-18.58499242432,96.858404448364));
#1346 = CARTESIAN_POINT('',(-23.4598239524,91.935395452556));
#1347 = CARTESIAN_POINT('',(-28.33465548049,87.012386456747));
#1348 = CARTESIAN_POINT('',(-30.16069056988,93.695618897141));
#1349 = CARTESIAN_POINT('',(-31.98672565926,100.37885133753));
#1350 = CARTESIAN_POINT('',(-25.28585904179,98.618627892949));
#1351 = ( GEOMETRIC_REPRESENTATION_CONTEXT(2) 
PARAMETRIC_REPRESENTATION_CONTEXT() REPRESENTATION_CONTEXT('2D SPACE',''
  ) );
#1352 = PCURVE('',#1353,#1358);
#1353 = CYLINDRICAL_SURFACE('',#1354,4.);
#1354 = AXIS2_PLACEMENT_3D('',#1355,#1356,#1357);
#1355 = CARTESIAN_POINT('',(21.925927721614,-83.46821966201,7.5));
#1356 = DIRECTION('',(0.,1.224646799147E-16,1.));
#1357 = DIRECTION('',(0.254066369891,-0.96718678635,1.184462202081E-16)
  );
#1358 = DEFINITIONAL_REPRESENTATION('',(#1359),#1363);
#1359 = LINE('',#1360,#1361);
#1360 = CARTESIAN_POINT('',(-6.28318530718,-7.5));
#1361 = VECTOR('',#1362,1.);
#1362 = DIRECTION('',(1.,-0.));
#1363 = ( GEOMETRIC_REPRESENTATION_CONTEXT(2) 
PARAMETRIC_REPRESENTATION_CONTEXT() REPRESENTATION_CONTEXT('2D SPACE',''
  ) );
#1364 = ADVANCED_FACE('',(#1365),#1167,.F.);
#1365 = FACE_BOUND('',#1366,.T.);
#1366 = EDGE_LOOP('',(#1367,#1397,#1418,#1419));
#1367 = ORIENTED_EDGE('',*,*,#1368,.T.);
#1368 = EDGE_CURVE('',#1369,#1371,#1373,.T.);
#1369 = VERTEX_POINT('',#1370);
#1370 = CARTESIAN_POINT('',(90.168321438669,-4.874813733149,6.5));
#1371 = VERTEX_POINT('',#1372);
#1372 = CARTESIAN_POINT('',(86.204731479938,-0.658992011936,6.5));
#1373 = SURFACE_CURVE('',#1374,(#1379,#1386),.PCURVE_S1.);
#1374 = CIRCLE('',#1375,4.);
#1375 = AXIS2_PLACEMENT_3D('',#1376,#1377,#1378);
#1376 = CARTESIAN_POINT('',(86.174154376048,-4.658875140318,6.5));
#1377 = DIRECTION('',(0.,1.224646799147E-16,1.));
#1378 = DIRECTION('',(7.644275972542E-03,0.999970782096,
    -1.224611017534E-16));
#1379 = PCURVE('',#1167,#1380);
#1380 = DEFINITIONAL_REPRESENTATION('',(#1381),#1385);
#1381 = LINE('',#1382,#1383);
#1382 = CARTESIAN_POINT('',(-6.28318530718,-1.));
#1383 = VECTOR('',#1384,1.);
#1384 = DIRECTION('',(1.,-0.));
#1385 = ( GEOMETRIC_REPRESENTATION_CONTEXT(2) 
PARAMETRIC_REPRESENTATION_CONTEXT() REPRESENTATION_CONTEXT('2D SPACE',''
  ) );
#1386 = PCURVE('',#43,#1387);
#1387 = DEFINITIONAL_REPRESENTATION('',(#1388),#1396);
#1388 = ( BOUNDED_CURVE() B_SPLINE_CURVE(2,(#1389,#1390,#1391,#1392,
#1393,#1394,#1395),.UNSPECIFIED.,.T.,.F.) B_SPLINE_CURVE_WITH_KNOTS((1,2
    ,2,2,2,1),(-2.094395102393,0.,2.094395102393,4.188790204786,
6.28318530718,8.377580409573),.UNSPECIFIED.) CURVE() 
GEOMETRIC_REPRESENTATION_ITEM() RATIONAL_B_SPLINE_CURVE((1.,0.5,1.,0.5,
1.,0.5,1.)) REPRESENTATION_ITEM('') );
#1389 = CARTESIAN_POINT('',(86.204731479938,0.658992011936));
#1390 = CARTESIAN_POINT('',(79.276730677242,0.60603091445));
#1391 = CARTESIAN_POINT('',(82.694865422755,6.632336155767));
#1392 = CARTESIAN_POINT('',(86.113000168267,12.658641397083));
#1393 = CARTESIAN_POINT('',(89.622866225451,6.685297253253));
#1394 = CARTESIAN_POINT('',(93.132732282634,0.711953109422));
#1395 = CARTESIAN_POINT('',(86.204731479938,0.658992011936));
#1396 = ( GEOMETRIC_REPRESENTATION_CONTEXT(2) 
PARAMETRIC_REPRESENTATION_CONTEXT() REPRESENTATION_CONTEXT('2D SPACE',''
  ) );
#1397 = ORIENTED_EDGE('',*,*,#1398,.T.);
#1398 = EDGE_CURVE('',#1371,#1147,#1399,.T.);
#1399 = SURFACE_CURVE('',#1400,(#1404,#1411),.PCURVE_S1.);
#1400 = LINE('',#1401,#1402);
#1401 = CARTESIAN_POINT('',(86.204731479938,-0.658992011936,7.5));
#1402 = VECTOR('',#1403,1.);
#1403 = DIRECTION('',(0.,-1.224646799147E-16,-1.));
#1404 = PCURVE('',#1167,#1405);
#1405 = DEFINITIONAL_REPRESENTATION('',(#1406),#1410);
#1406 = LINE('',#1407,#1408);
#1407 = CARTESIAN_POINT('',(-0.,0.));
#1408 = VECTOR('',#1409,1.);
#1409 = DIRECTION('',(-0.,-1.));
#1410 = ( GEOMETRIC_REPRESENTATION_CONTEXT(2) 
PARAMETRIC_REPRESENTATION_CONTEXT() REPRESENTATION_CONTEXT('2D SPACE',''
  ) );
#1411 = PCURVE('',#1195,#1412);
#1412 = DEFINITIONAL_REPRESENTATION('',(#1413),#1417);
#1413 = LINE('',#1414,#1415);
#1414 = CARTESIAN_POINT('',(36.969459910418,-3.460910075454E-17));
#1415 = VECTOR('',#1416,1.);
#1416 = DIRECTION('',(0.,-1.));
#1417 = ( GEOMETRIC_REPRESENTATION_CONTEXT(2) 
PARAMETRIC_REPRESENTATION_CONTEXT() REPRESENTATION_CONTEXT('2D SPACE',''
  ) );
#1418 = ORIENTED_EDGE('',*,*,#1146,.F.);
#1419 = ORIENTED_EDGE('',*,*,#1420,.F.);
#1420 = EDGE_CURVE('',#1369,#1114,#1421,.T.);
#1421 = SURFACE_CURVE('',#1422,(#1426,#1433),.PCURVE_S1.);
#1422 = LINE('',#1423,#1424);
#1423 = CARTESIAN_POINT('',(90.168321438669,-4.874813733149,7.5));
#1424 = VECTOR('',#1425,1.);
#1425 = DIRECTION('',(0.,-1.224646799147E-16,-1.));
#1426 = PCURVE('',#1167,#1427);
#1427 = DEFINITIONAL_REPRESENTATION('',(#1428),#1432);
#1428 = LINE('',#1429,#1430);
#1429 = CARTESIAN_POINT('',(-1.617162880651,0.));
#1430 = VECTOR('',#1431,1.);
#1431 = DIRECTION('',(-0.,-1.));
#1432 = ( GEOMETRIC_REPRESENTATION_CONTEXT(2) 
PARAMETRIC_REPRESENTATION_CONTEXT() REPRESENTATION_CONTEXT('2D SPACE',''
  ) );
#1433 = PCURVE('',#1134,#1434);
#1434 = DEFINITIONAL_REPRESENTATION('',(#1435),#1439);
#1435 = LINE('',#1436,#1437);
#1436 = CARTESIAN_POINT('',(-4.6366553856E-02,0.));
#1437 = VECTOR('',#1438,1.);
#1438 = DIRECTION('',(-0.,-1.));
#1439 = ( GEOMETRIC_REPRESENTATION_CONTEXT(2) 
PARAMETRIC_REPRESENTATION_CONTEXT() REPRESENTATION_CONTEXT('2D SPACE',''
  ) );
#1440 = ADVANCED_FACE('',(#1441),#1195,.T.);
#1441 = FACE_BOUND('',#1442,.T.);
#1442 = EDGE_LOOP('',(#1443,#1466,#1487,#1488));
#1443 = ORIENTED_EDGE('',*,*,#1444,.F.);
#1444 = EDGE_CURVE('',#1445,#1371,#1447,.T.);
#1445 = VERTEX_POINT('',#1446);
#1446 = CARTESIAN_POINT('',(49.236351739666,-0.376387257825,6.5));
#1447 = SURFACE_CURVE('',#1448,(#1452,#1459),.PCURVE_S1.);
#1448 = LINE('',#1449,#1450);
#1449 = CARTESIAN_POINT('',(24.618175869833,-0.188193628913,6.5));
#1450 = VECTOR('',#1451,1.);
#1451 = DIRECTION('',(0.999970782096,-7.64427597253E-03,
    9.361538101557E-19));
#1452 = PCURVE('',#1195,#1453);
#1453 = DEFINITIONAL_REPRESENTATION('',(#1454),#1458);
#1454 = LINE('',#1455,#1456);
#1455 = CARTESIAN_POINT('',(-24.61889518235,-1.));
#1456 = VECTOR('',#1457,1.);
#1457 = DIRECTION('',(1.,0.));
#1458 = ( GEOMETRIC_REPRESENTATION_CONTEXT(2) 
PARAMETRIC_REPRESENTATION_CONTEXT() REPRESENTATION_CONTEXT('2D SPACE',''
  ) );
#1459 = PCURVE('',#43,#1460);
#1460 = DEFINITIONAL_REPRESENTATION('',(#1461),#1465);
#1461 = LINE('',#1462,#1463);
#1462 = CARTESIAN_POINT('',(24.618175869833,0.188193628913));
#1463 = VECTOR('',#1464,1.);
#1464 = DIRECTION('',(0.999970782096,7.64427597253E-03));
#1465 = ( GEOMETRIC_REPRESENTATION_CONTEXT(2) 
PARAMETRIC_REPRESENTATION_CONTEXT() REPRESENTATION_CONTEXT('2D SPACE',''
  ) );
#1466 = ORIENTED_EDGE('',*,*,#1467,.T.);
#1467 = EDGE_CURVE('',#1445,#1180,#1468,.T.);
#1468 = SURFACE_CURVE('',#1469,(#1473,#1480),.PCURVE_S1.);
#1469 = LINE('',#1470,#1471);
#1470 = CARTESIAN_POINT('',(49.236351739666,-0.376387257825,7.5));
#1471 = VECTOR('',#1472,1.);
#1472 = DIRECTION('',(0.,-1.224646799147E-16,-1.));
#1473 = PCURVE('',#1195,#1474);
#1474 = DEFINITIONAL_REPRESENTATION('',(#1475),#1479);
#1475 = LINE('',#1476,#1477);
#1476 = CARTESIAN_POINT('',(0.,0.));
#1477 = VECTOR('',#1478,1.);
#1478 = DIRECTION('',(0.,-1.));
#1479 = ( GEOMETRIC_REPRESENTATION_CONTEXT(2) 
PARAMETRIC_REPRESENTATION_CONTEXT() REPRESENTATION_CONTEXT('2D SPACE',''
  ) );
#1480 = PCURVE('',#1228,#1481);
#1481 = DEFINITIONAL_REPRESENTATION('',(#1482),#1486);
#1482 = LINE('',#1483,#1484);
#1483 = CARTESIAN_POINT('',(-1.489735924238,0.));
#1484 = VECTOR('',#1485,1.);
#1485 = DIRECTION('',(-0.,-1.));
#1486 = ( GEOMETRIC_REPRESENTATION_CONTEXT(2) 
PARAMETRIC_REPRESENTATION_CONTEXT() REPRESENTATION_CONTEXT('2D SPACE',''
  ) );
#1487 = ORIENTED_EDGE('',*,*,#1179,.F.);
#1488 = ORIENTED_EDGE('',*,*,#1398,.F.);
#1489 = ADVANCED_FACE('',(#1490),#1228,.F.);
#1490 = FACE_BOUND('',#1491,.T.);
#1491 = EDGE_LOOP('',(#1492,#1520,#1541,#1542));
#1492 = ORIENTED_EDGE('',*,*,#1493,.T.);
#1493 = EDGE_CURVE('',#1445,#1494,#1496,.T.);
#1494 = VERTEX_POINT('',#1495);
#1495 = CARTESIAN_POINT('',(45.221501385916,-4.021916508782,6.5));
#1496 = SURFACE_CURVE('',#1497,(#1502,#1509),.PCURVE_S1.);
#1497 = CIRCLE('',#1498,4.);
#1498 = AXIS2_PLACEMENT_3D('',#1499,#1500,#1501);
#1499 = CARTESIAN_POINT('',(49.205774635776,-4.376270386208,6.5));
#1500 = DIRECTION('',(-1.54074395551E-33,1.224646799147E-16,1.));
#1501 = DIRECTION('',(-0.996068312465,8.858846935643E-02,
    -1.084895854387E-17));
#1502 = PCURVE('',#1228,#1503);
#1503 = DEFINITIONAL_REPRESENTATION('',(#1504),#1508);
#1504 = LINE('',#1505,#1506);
#1505 = CARTESIAN_POINT('',(-6.28318530718,-1.));
#1506 = VECTOR('',#1507,1.);
#1507 = DIRECTION('',(1.,-0.));
#1508 = ( GEOMETRIC_REPRESENTATION_CONTEXT(2) 
PARAMETRIC_REPRESENTATION_CONTEXT() REPRESENTATION_CONTEXT('2D SPACE',''
  ) );
#1509 = PCURVE('',#43,#1510);
#1510 = DEFINITIONAL_REPRESENTATION('',(#1511),#1519);
#1511 = ( BOUNDED_CURVE() B_SPLINE_CURVE(2,(#1512,#1513,#1514,#1515,
#1516,#1517,#1518),.UNSPECIFIED.,.T.,.F.) B_SPLINE_CURVE_WITH_KNOTS((1,2
    ,2,2,2,1),(-2.094395102393,0.,2.094395102393,4.188790204786,
6.28318530718,8.377580409573),.UNSPECIFIED.) CURVE() 
GEOMETRIC_REPRESENTATION_ITEM() RATIONAL_B_SPLINE_CURVE((1.,0.5,1.,0.5,
1.,0.5,1.)) REPRESENTATION_ITEM('') );
#1512 = CARTESIAN_POINT('',(45.221501385916,4.021916508782));
#1513 = CARTESIAN_POINT('',(44.607742466355,10.922880208778));
#1514 = CARTESIAN_POINT('',(50.891031800926,8.003929174919));
#1515 = CARTESIAN_POINT('',(57.174321135497,5.084978141059));
#1516 = CARTESIAN_POINT('',(51.504790720487,1.102965474923));
#1517 = CARTESIAN_POINT('',(45.835260305476,-2.879047191214));
#1518 = CARTESIAN_POINT('',(45.221501385916,4.021916508782));
#1519 = ( GEOMETRIC_REPRESENTATION_CONTEXT(2) 
PARAMETRIC_REPRESENTATION_CONTEXT() REPRESENTATION_CONTEXT('2D SPACE',''
  ) );
#1520 = ORIENTED_EDGE('',*,*,#1521,.T.);
#1521 = EDGE_CURVE('',#1494,#1208,#1522,.T.);
#1522 = SURFACE_CURVE('',#1523,(#1527,#1534),.PCURVE_S1.);
#1523 = LINE('',#1524,#1525);
#1524 = CARTESIAN_POINT('',(45.221501385916,-4.021916508782,7.5));
#1525 = VECTOR('',#1526,1.);
#1526 = DIRECTION('',(0.,-1.224646799147E-16,-1.));
#1527 = PCURVE('',#1228,#1528);
#1528 = DEFINITIONAL_REPRESENTATION('',(#1529),#1533);
#1529 = LINE('',#1530,#1531);
#1530 = CARTESIAN_POINT('',(-0.,0.));
#1531 = VECTOR('',#1532,1.);
#1532 = DIRECTION('',(-0.,-1.));
#1533 = ( GEOMETRIC_REPRESENTATION_CONTEXT(2) 
PARAMETRIC_REPRESENTATION_CONTEXT() REPRESENTATION_CONTEXT('2D SPACE',''
  ) );
#1534 = PCURVE('',#1261,#1535);
#1535 = DEFINITIONAL_REPRESENTATION('',(#1536),#1540);
#1536 = LINE('',#1537,#1538);
#1537 = CARTESIAN_POINT('',(1.271575851895,0.));
#1538 = VECTOR('',#1539,1.);
#1539 = DIRECTION('',(0.,-1.));
#1540 = ( GEOMETRIC_REPRESENTATION_CONTEXT(2) 
PARAMETRIC_REPRESENTATION_CONTEXT() REPRESENTATION_CONTEXT('2D SPACE',''
  ) );
#1541 = ORIENTED_EDGE('',*,*,#1207,.F.);
#1542 = ORIENTED_EDGE('',*,*,#1467,.F.);
#1543 = ADVANCED_FACE('',(#1544),#1261,.T.);
#1544 = FACE_BOUND('',#1545,.T.);
#1545 = EDGE_LOOP('',(#1546,#1574,#1595,#1596));
#1546 = ORIENTED_EDGE('',*,*,#1547,.F.);
#1547 = EDGE_CURVE('',#1548,#1494,#1550,.T.);
#1548 = VERTEX_POINT('',#1549);
#1549 = CARTESIAN_POINT('',(13.050783014193,-43.48375630872,6.5));
#1550 = SURFACE_CURVE('',#1551,(#1556,#1563),.PCURVE_S1.);
#1551 = CIRCLE('',#1552,45.4);
#1552 = AXIS2_PLACEMENT_3D('',#1553,#1554,#1555);
#1553 = CARTESIAN_POINT('',(2.714919044007E-15,1.08452355694E-15,6.5));
#1554 = DIRECTION('',(-3.08148791102E-33,1.224646799147E-16,1.));
#1555 = DIRECTION('',(0.208964264082,-0.977923277326,1.197610611389E-16)
  );
#1556 = PCURVE('',#1261,#1557);
#1557 = DEFINITIONAL_REPRESENTATION('',(#1558),#1562);
#1558 = LINE('',#1559,#1560);
#1559 = CARTESIAN_POINT('',(0.,-1.));
#1560 = VECTOR('',#1561,1.);
#1561 = DIRECTION('',(1.,0.));
#1562 = ( GEOMETRIC_REPRESENTATION_CONTEXT(2) 
PARAMETRIC_REPRESENTATION_CONTEXT() REPRESENTATION_CONTEXT('2D SPACE',''
  ) );
#1563 = PCURVE('',#43,#1564);
#1564 = DEFINITIONAL_REPRESENTATION('',(#1565),#1573);
#1565 = ( BOUNDED_CURVE() B_SPLINE_CURVE(2,(#1566,#1567,#1568,#1569,
#1570,#1571,#1572),.UNSPECIFIED.,.T.,.F.) B_SPLINE_CURVE_WITH_KNOTS((1,2
    ,2,2,2,1),(-2.094395102393,0.,2.094395102393,4.188790204786,
6.28318530718,8.377580409573),.UNSPECIFIED.) CURVE() 
GEOMETRIC_REPRESENTATION_ITEM() RATIONAL_B_SPLINE_CURVE((1.,0.5,1.,0.5,
1.,0.5,1.)) REPRESENTATION_ITEM('') );
#1566 = CARTESIAN_POINT('',(9.48697758934,44.397716790612));
#1567 = CARTESIAN_POINT('',(86.386078810733,27.965789595608));
#1568 = CARTESIAN_POINT('',(33.706061816027,-30.4148219928));
#1569 = CARTESIAN_POINT('',(-18.97395517868,-88.79543358122));
#1570 = CARTESIAN_POINT('',(-43.19303940536,-13.9828947978));
#1571 = CARTESIAN_POINT('',(-67.41212363205,60.829643985615));
#1572 = CARTESIAN_POINT('',(9.48697758934,44.397716790612));
#1573 = ( GEOMETRIC_REPRESENTATION_CONTEXT(2) 
PARAMETRIC_REPRESENTATION_CONTEXT() REPRESENTATION_CONTEXT('2D SPACE',''
  ) );
#1574 = ORIENTED_EDGE('',*,*,#1575,.T.);
#1575 = EDGE_CURVE('',#1548,#1241,#1576,.T.);
#1576 = SURFACE_CURVE('',#1577,(#1581,#1588),.PCURVE_S1.);
#1577 = LINE('',#1578,#1579);
#1578 = CARTESIAN_POINT('',(13.050783014193,-43.48375630872,7.5));
#1579 = VECTOR('',#1580,1.);
#1580 = DIRECTION('',(0.,-1.224646799147E-16,-1.));
#1581 = PCURVE('',#1261,#1582);
#1582 = DEFINITIONAL_REPRESENTATION('',(#1583),#1587);
#1583 = LINE('',#1584,#1585);
#1584 = CARTESIAN_POINT('',(8.106040255694E-02,0.));
#1585 = VECTOR('',#1586,1.);
#1586 = DIRECTION('',(0.,-1.));
#1587 = ( GEOMETRIC_REPRESENTATION_CONTEXT(2) 
PARAMETRIC_REPRESENTATION_CONTEXT() REPRESENTATION_CONTEXT('2D SPACE',''
  ) );
#1588 = PCURVE('',#1294,#1589);
#1589 = DEFINITIONAL_REPRESENTATION('',(#1590),#1594);
#1590 = LINE('',#1591,#1592);
#1591 = CARTESIAN_POINT('',(-1.489735924238,0.));
#1592 = VECTOR('',#1593,1.);
#1593 = DIRECTION('',(-0.,-1.));
#1594 = ( GEOMETRIC_REPRESENTATION_CONTEXT(2) 
PARAMETRIC_REPRESENTATION_CONTEXT() REPRESENTATION_CONTEXT('2D SPACE',''
  ) );
#1595 = ORIENTED_EDGE('',*,*,#1240,.T.);
#1596 = ORIENTED_EDGE('',*,*,#1521,.F.);
#1597 = ADVANCED_FACE('',(#1598),#1294,.F.);
#1598 = FACE_BOUND('',#1599,.T.);
#1599 = EDGE_LOOP('',(#1600,#1628,#1649,#1650));
#1600 = ORIENTED_EDGE('',*,*,#1601,.T.);
#1601 = EDGE_CURVE('',#1548,#1602,#1604,.T.);
#1602 = VERTEX_POINT('',#1603);
#1603 = CARTESIAN_POINT('',(10.288938628606,-48.15078132176,6.5));
#1604 = SURFACE_CURVE('',#1605,(#1610,#1617),.PCURVE_S1.);
#1605 = CIRCLE('',#1606,4.);
#1606 = AXIS2_PLACEMENT_3D('',#1607,#1608,#1609);
#1607 = CARTESIAN_POINT('',(14.200631737911,-47.31492426543,6.5));
#1608 = DIRECTION('',(-3.08148791102E-33,1.224646799147E-16,1.));
#1609 = DIRECTION('',(-0.977923277326,-0.208964264082,2.559074171447E-17
    ));
#1610 = PCURVE('',#1294,#1611);
#1611 = DEFINITIONAL_REPRESENTATION('',(#1612),#1616);
#1612 = LINE('',#1613,#1614);
#1613 = CARTESIAN_POINT('',(-6.28318530718,-1.));
#1614 = VECTOR('',#1615,1.);
#1615 = DIRECTION('',(1.,-0.));
#1616 = ( GEOMETRIC_REPRESENTATION_CONTEXT(2) 
PARAMETRIC_REPRESENTATION_CONTEXT() REPRESENTATION_CONTEXT('2D SPACE',''
  ) );
#1617 = PCURVE('',#43,#1618);
#1618 = DEFINITIONAL_REPRESENTATION('',(#1619),#1627);
#1619 = ( BOUNDED_CURVE() B_SPLINE_CURVE(2,(#1620,#1621,#1622,#1623,
#1624,#1625,#1626),.UNSPECIFIED.,.T.,.F.) B_SPLINE_CURVE_WITH_KNOTS((1,2
    ,2,2,2,1),(-2.094395102393,0.,2.094395102393,4.188790204786,
6.28318530718,8.377580409573),.UNSPECIFIED.) CURVE() 
GEOMETRIC_REPRESENTATION_ITEM() RATIONAL_B_SPLINE_CURVE((1.,0.5,1.,0.5,
1.,0.5,1.)) REPRESENTATION_ITEM('') );
#1620 = CARTESIAN_POINT('',(10.288938628606,48.150781321769));
#1621 = CARTESIAN_POINT('',(11.736685518033,54.926032530702));
#1622 = CARTESIAN_POINT('',(16.880351737277,50.284621341741));
#1623 = CARTESIAN_POINT('',(22.024017956521,45.64321015278));
#1624 = CARTESIAN_POINT('',(15.432604847849,43.509370132808));
#1625 = CARTESIAN_POINT('',(8.841191739178,41.375530112835));
#1626 = CARTESIAN_POINT('',(10.288938628606,48.150781321769));
#1627 = ( GEOMETRIC_REPRESENTATION_CONTEXT(2) 
PARAMETRIC_REPRESENTATION_CONTEXT() REPRESENTATION_CONTEXT('2D SPACE',''
  ) );
#1628 = ORIENTED_EDGE('',*,*,#1629,.T.);
#1629 = EDGE_CURVE('',#1602,#1274,#1630,.T.);
#1630 = SURFACE_CURVE('',#1631,(#1635,#1642),.PCURVE_S1.);
#1631 = LINE('',#1632,#1633);
#1632 = CARTESIAN_POINT('',(10.288938628606,-48.15078132176,7.5));
#1633 = VECTOR('',#1634,1.);
#1634 = DIRECTION('',(0.,-1.224646799147E-16,-1.));
#1635 = PCURVE('',#1294,#1636);
#1636 = DEFINITIONAL_REPRESENTATION('',(#1637),#1641);
#1637 = LINE('',#1638,#1639);
#1638 = CARTESIAN_POINT('',(-0.,0.));
#1639 = VECTOR('',#1640,1.);
#1640 = DIRECTION('',(-0.,-1.));
#1641 = ( GEOMETRIC_REPRESENTATION_CONTEXT(2) 
PARAMETRIC_REPRESENTATION_CONTEXT() REPRESENTATION_CONTEXT('2D SPACE',''
  ) );
#1642 = PCURVE('',#1322,#1643);
#1643 = DEFINITIONAL_REPRESENTATION('',(#1644),#1648);
#1644 = LINE('',#1645,#1646);
#1645 = CARTESIAN_POINT('',(36.969459910418,-9.015687695961E-16));
#1646 = VECTOR('',#1647,1.);
#1647 = DIRECTION('',(0.,-1.));
#1648 = ( GEOMETRIC_REPRESENTATION_CONTEXT(2) 
PARAMETRIC_REPRESENTATION_CONTEXT() REPRESENTATION_CONTEXT('2D SPACE',''
  ) );
#1649 = ORIENTED_EDGE('',*,*,#1273,.F.);
#1650 = ORIENTED_EDGE('',*,*,#1575,.F.);
#1651 = ADVANCED_FACE('',(#1652),#1322,.T.);
#1652 = FACE_BOUND('',#1653,.T.);
#1653 = EDGE_LOOP('',(#1654,#1677,#1698,#1699));
#1654 = ORIENTED_EDGE('',*,*,#1655,.F.);
#1655 = EDGE_CURVE('',#1656,#1602,#1658,.T.);
#1656 = VERTEX_POINT('',#1657);
#1657 = CARTESIAN_POINT('',(18.014234612309,-84.30407671834,6.5));
#1658 = SURFACE_CURVE('',#1659,(#1663,#1670),.PCURVE_S1.);
#1659 = LINE('',#1660,#1661);
#1660 = CARTESIAN_POINT('',(9.007117306154,-42.15203835917,6.5));
#1661 = VECTOR('',#1662,1.);
#1662 = DIRECTION('',(-0.208964264082,0.977923277326,-1.197610611389E-16
    ));
#1663 = PCURVE('',#1322,#1664);
#1664 = DEFINITIONAL_REPRESENTATION('',(#1665),#1669);
#1665 = LINE('',#1666,#1667);
#1666 = CARTESIAN_POINT('',(43.103625137568,-1.));
#1667 = VECTOR('',#1668,1.);
#1668 = DIRECTION('',(1.,0.));
#1669 = ( GEOMETRIC_REPRESENTATION_CONTEXT(2) 
PARAMETRIC_REPRESENTATION_CONTEXT() REPRESENTATION_CONTEXT('2D SPACE',''
  ) );
#1670 = PCURVE('',#43,#1671);
#1671 = DEFINITIONAL_REPRESENTATION('',(#1672),#1676);
#1672 = LINE('',#1673,#1674);
#1673 = CARTESIAN_POINT('',(9.007117306154,42.152038359173));
#1674 = VECTOR('',#1675,1.);
#1675 = DIRECTION('',(-0.208964264082,-0.977923277326));
#1676 = ( GEOMETRIC_REPRESENTATION_CONTEXT(2) 
PARAMETRIC_REPRESENTATION_CONTEXT() REPRESENTATION_CONTEXT('2D SPACE',''
  ) );
#1677 = ORIENTED_EDGE('',*,*,#1678,.T.);
#1678 = EDGE_CURVE('',#1656,#1307,#1679,.T.);
#1679 = SURFACE_CURVE('',#1680,(#1684,#1691),.PCURVE_S1.);
#1680 = LINE('',#1681,#1682);
#1681 = CARTESIAN_POINT('',(18.014234612309,-84.30407671834,7.5));
#1682 = VECTOR('',#1683,1.);
#1683 = DIRECTION('',(0.,-1.224646799147E-16,-1.));
#1684 = PCURVE('',#1322,#1685);
#1685 = DEFINITIONAL_REPRESENTATION('',(#1686),#1690);
#1686 = LINE('',#1687,#1688);
#1687 = CARTESIAN_POINT('',(0.,0.));
#1688 = VECTOR('',#1689,1.);
#1689 = DIRECTION('',(0.,-1.));
#1690 = ( GEOMETRIC_REPRESENTATION_CONTEXT(2) 
PARAMETRIC_REPRESENTATION_CONTEXT() REPRESENTATION_CONTEXT('2D SPACE',''
  ) );
#1691 = PCURVE('',#1353,#1692);
#1692 = DEFINITIONAL_REPRESENTATION('',(#1693),#1697);
#1693 = LINE('',#1694,#1695);
#1694 = CARTESIAN_POINT('',(-1.617162880651,0.));
#1695 = VECTOR('',#1696,1.);
#1696 = DIRECTION('',(-0.,-1.));
#1697 = ( GEOMETRIC_REPRESENTATION_CONTEXT(2) 
PARAMETRIC_REPRESENTATION_CONTEXT() REPRESENTATION_CONTEXT('2D SPACE',''
  ) );
#1698 = ORIENTED_EDGE('',*,*,#1306,.F.);
#1699 = ORIENTED_EDGE('',*,*,#1629,.F.);
#1700 = ADVANCED_FACE('',(#1701),#1353,.F.);
#1701 = FACE_BOUND('',#1702,.T.);
#1702 = EDGE_LOOP('',(#1703,#1731,#1752,#1753));
#1703 = ORIENTED_EDGE('',*,*,#1704,.T.);
#1704 = EDGE_CURVE('',#1656,#1705,#1707,.T.);
#1705 = VERTEX_POINT('',#1706);
#1706 = CARTESIAN_POINT('',(22.942193201179,-87.33696680741,6.5));
#1707 = SURFACE_CURVE('',#1708,(#1713,#1720),.PCURVE_S1.);
#1708 = CIRCLE('',#1709,4.);
#1709 = AXIS2_PLACEMENT_3D('',#1710,#1711,#1712);
#1710 = CARTESIAN_POINT('',(21.925927721614,-83.46821966201,6.5));
#1711 = DIRECTION('',(6.162975822039E-33,1.224646799147E-16,1.));
#1712 = DIRECTION('',(0.254066369891,-0.96718678635,1.184462202081E-16)
  );
#1713 = PCURVE('',#1353,#1714);
#1714 = DEFINITIONAL_REPRESENTATION('',(#1715),#1719);
#1715 = LINE('',#1716,#1717);
#1716 = CARTESIAN_POINT('',(-6.28318530718,-1.));
#1717 = VECTOR('',#1718,1.);
#1718 = DIRECTION('',(1.,-0.));
#1719 = ( GEOMETRIC_REPRESENTATION_CONTEXT(2) 
PARAMETRIC_REPRESENTATION_CONTEXT() REPRESENTATION_CONTEXT('2D SPACE',''
  ) );
#1720 = PCURVE('',#43,#1721);
#1721 = DEFINITIONAL_REPRESENTATION('',(#1722),#1730);
#1722 = ( BOUNDED_CURVE() B_SPLINE_CURVE(2,(#1723,#1724,#1725,#1726,
#1727,#1728,#1729),.UNSPECIFIED.,.T.,.F.) B_SPLINE_CURVE_WITH_KNOTS((1,2
    ,2,2,2,1),(-2.094395102393,0.,2.094395102393,4.188790204786,
6.28318530718,8.377580409573),.UNSPECIFIED.) CURVE() 
GEOMETRIC_REPRESENTATION_ITEM() RATIONAL_B_SPLINE_CURVE((1.,0.5,1.,0.5,
1.,0.5,1.)) REPRESENTATION_ITEM('') );
#1723 = CARTESIAN_POINT('',(22.942193201179,87.336966807417));
#1724 = CARTESIAN_POINT('',(29.64305981865,85.576743362832));
#1725 = CARTESIAN_POINT('',(24.768228290567,80.653734367023));
#1726 = CARTESIAN_POINT('',(19.893396762484,75.730725371215));
#1727 = CARTESIAN_POINT('',(18.067361673096,82.413957811608));
#1728 = CARTESIAN_POINT('',(16.241326583708,89.097190252001));
#1729 = CARTESIAN_POINT('',(22.942193201179,87.336966807417));
#1730 = ( GEOMETRIC_REPRESENTATION_CONTEXT(2) 
PARAMETRIC_REPRESENTATION_CONTEXT() REPRESENTATION_CONTEXT('2D SPACE',''
  ) );
#1731 = ORIENTED_EDGE('',*,*,#1732,.T.);
#1732 = EDGE_CURVE('',#1705,#1112,#1733,.T.);
#1733 = SURFACE_CURVE('',#1734,(#1738,#1745),.PCURVE_S1.);
#1734 = LINE('',#1735,#1736);
#1735 = CARTESIAN_POINT('',(22.942193201179,-87.33696680741,7.5));
#1736 = VECTOR('',#1737,1.);
#1737 = DIRECTION('',(0.,-1.224646799147E-16,-1.));
#1738 = PCURVE('',#1353,#1739);
#1739 = DEFINITIONAL_REPRESENTATION('',(#1740),#1744);
#1740 = LINE('',#1741,#1742);
#1741 = CARTESIAN_POINT('',(-0.,0.));
#1742 = VECTOR('',#1743,1.);
#1743 = DIRECTION('',(-0.,-1.));
#1744 = ( GEOMETRIC_REPRESENTATION_CONTEXT(2) 
PARAMETRIC_REPRESENTATION_CONTEXT() REPRESENTATION_CONTEXT('2D SPACE',''
  ) );
#1745 = PCURVE('',#1134,#1746);
#1746 = DEFINITIONAL_REPRESENTATION('',(#1747),#1751);
#1747 = LINE('',#1748,#1749);
#1748 = CARTESIAN_POINT('',(-1.306269700596,0.));
#1749 = VECTOR('',#1750,1.);
#1750 = DIRECTION('',(-0.,-1.));
#1751 = ( GEOMETRIC_REPRESENTATION_CONTEXT(2) 
PARAMETRIC_REPRESENTATION_CONTEXT() REPRESENTATION_CONTEXT('2D SPACE',''
  ) );
#1752 = ORIENTED_EDGE('',*,*,#1334,.F.);
#1753 = ORIENTED_EDGE('',*,*,#1678,.F.);
#1754 = ADVANCED_FACE('',(#1755),#1134,.F.);
#1755 = FACE_BOUND('',#1756,.T.);
#1756 = EDGE_LOOP('',(#1757,#1783,#1784,#1785));
#1757 = ORIENTED_EDGE('',*,*,#1758,.T.);
#1758 = EDGE_CURVE('',#1705,#1369,#1759,.T.);
#1759 = SURFACE_CURVE('',#1760,(#1765,#1772),.PCURVE_S1.);
#1760 = CIRCLE('',#1761,90.3);
#1761 = AXIS2_PLACEMENT_3D('',#1762,#1763,#1764);
#1762 = CARTESIAN_POINT('',(-1.184982426576E-14,-7.928797131288E-16,6.5)
  );
#1763 = DIRECTION('',(1.925929944387E-34,1.224646799147E-16,1.));
#1764 = DIRECTION('',(0.999970782096,-7.64427597253E-03,
    9.361538101557E-19));
#1765 = PCURVE('',#1134,#1766);
#1766 = DEFINITIONAL_REPRESENTATION('',(#1767),#1771);
#1767 = LINE('',#1768,#1769);
#1768 = CARTESIAN_POINT('',(-6.28318530718,-1.));
#1769 = VECTOR('',#1770,1.);
#1770 = DIRECTION('',(1.,-0.));
#1771 = ( GEOMETRIC_REPRESENTATION_CONTEXT(2) 
PARAMETRIC_REPRESENTATION_CONTEXT() REPRESENTATION_CONTEXT('2D SPACE',''
  ) );
#1772 = PCURVE('',#43,#1773);
#1773 = DEFINITIONAL_REPRESENTATION('',(#1774),#1782);
#1774 = ( BOUNDED_CURVE() B_SPLINE_CURVE(2,(#1775,#1776,#1777,#1778,
#1779,#1780,#1781),.UNSPECIFIED.,.T.,.F.) B_SPLINE_CURVE_WITH_KNOTS((1,2
    ,2,2,2,1),(-2.094395102393,0.,2.094395102393,4.188790204786,
6.28318530718,8.377580409573),.UNSPECIFIED.) CURVE() 
GEOMETRIC_REPRESENTATION_ITEM() RATIONAL_B_SPLINE_CURVE((1.,0.5,1.,0.5,
1.,0.5,1.)) REPRESENTATION_ITEM('') );
#1775 = CARTESIAN_POINT('',(90.297361623231,0.690278120319));
#1776 = CARTESIAN_POINT('',(91.492958398978,-155.7093400005));
#1777 = CARTESIAN_POINT('',(-44.55088242374,-78.54494812058));
#1778 = CARTESIAN_POINT('',(-180.5947232464,-1.380556240639));
#1779 = CARTESIAN_POINT('',(-45.74647919948,77.854670000269));
#1780 = CARTESIAN_POINT('',(89.101764847485,157.08989624117));
#1781 = CARTESIAN_POINT('',(90.297361623231,0.690278120319));
#1782 = ( GEOMETRIC_REPRESENTATION_CONTEXT(2) 
PARAMETRIC_REPRESENTATION_CONTEXT() REPRESENTATION_CONTEXT('2D SPACE',''
  ) );
#1783 = ORIENTED_EDGE('',*,*,#1420,.T.);
#1784 = ORIENTED_EDGE('',*,*,#1111,.F.);
#1785 = ORIENTED_EDGE('',*,*,#1732,.F.);
#1786 = ADVANCED_FACE('',(#1787),#1097,.F.);
#1787 = FACE_BOUND('',#1788,.F.);
#1788 = EDGE_LOOP('',(#1789,#1790,#1813,#1835));
#1789 = ORIENTED_EDGE('',*,*,#1080,.F.);
#1790 = ORIENTED_EDGE('',*,*,#1791,.F.);
#1791 = EDGE_CURVE('',#1792,#1081,#1794,.T.);
#1792 = VERTEX_POINT('',#1793);
#1793 = CARTESIAN_POINT('',(2.7,-49.53,6.5));
#1794 = SEAM_CURVE('',#1795,(#1799,#1806),.PCURVE_S1.);
#1795 = LINE('',#1796,#1797);
#1796 = CARTESIAN_POINT('',(2.7,-49.53,18.));
#1797 = VECTOR('',#1798,1.);
#1798 = DIRECTION('',(0.,-1.224646799147E-16,-1.));
#1799 = PCURVE('',#1097,#1800);
#1800 = DEFINITIONAL_REPRESENTATION('',(#1801),#1805);
#1801 = LINE('',#1802,#1803);
#1802 = CARTESIAN_POINT('',(6.28318530718,-0.));
#1803 = VECTOR('',#1804,1.);
#1804 = DIRECTION('',(0.,1.));
#1805 = ( GEOMETRIC_REPRESENTATION_CONTEXT(2) 
PARAMETRIC_REPRESENTATION_CONTEXT() REPRESENTATION_CONTEXT('2D SPACE',''
  ) );
#1806 = PCURVE('',#1097,#1807);
#1807 = DEFINITIONAL_REPRESENTATION('',(#1808),#1812);
#1808 = LINE('',#1809,#1810);
#1809 = CARTESIAN_POINT('',(0.,-0.));
#1810 = VECTOR('',#1811,1.);
#1811 = DIRECTION('',(0.,1.));
#1812 = ( GEOMETRIC_REPRESENTATION_CONTEXT(2) 
PARAMETRIC_REPRESENTATION_CONTEXT() REPRESENTATION_CONTEXT('2D SPACE',''
  ) );
#1813 = ORIENTED_EDGE('',*,*,#1814,.T.);
#1814 = EDGE_CURVE('',#1792,#1792,#1815,.T.);
#1815 = SURFACE_CURVE('',#1816,(#1821,#1828),.PCURVE_S1.);
#1816 = CIRCLE('',#1817,2.7);
#1817 = AXIS2_PLACEMENT_3D('',#1818,#1819,#1820);
#1818 = CARTESIAN_POINT('',(3.032837798088E-15,-49.53,6.5));
#1819 = DIRECTION('',(0.,-1.224646799147E-16,-1.));
#1820 = DIRECTION('',(1.,0.,0.));
#1821 = PCURVE('',#1097,#1822);
#1822 = DEFINITIONAL_REPRESENTATION('',(#1823),#1827);
#1823 = LINE('',#1824,#1825);
#1824 = CARTESIAN_POINT('',(0.,11.5));
#1825 = VECTOR('',#1826,1.);
#1826 = DIRECTION('',(1.,0.));
#1827 = ( GEOMETRIC_REPRESENTATION_CONTEXT(2) 
PARAMETRIC_REPRESENTATION_CONTEXT() REPRESENTATION_CONTEXT('2D SPACE',''
  ) );
#1828 = PCURVE('',#43,#1829);
#1829 = DEFINITIONAL_REPRESENTATION('',(#1830),#1834);
#1830 = CIRCLE('',#1831,2.7);
#1831 = AXIS2_PLACEMENT_2D('',#1832,#1833);
#1832 = CARTESIAN_POINT('',(3.032837798088E-15,49.53));
#1833 = DIRECTION('',(1.,-0.));
#1834 = ( GEOMETRIC_REPRESENTATION_CONTEXT(2) 
PARAMETRIC_REPRESENTATION_CONTEXT() REPRESENTATION_CONTEXT('2D SPACE',''
  ) );
#1835 = ORIENTED_EDGE('',*,*,#1791,.T.);
#1836 = ADVANCED_FACE('',(#1837),#1066,.F.);
#1837 = FACE_BOUND('',#1838,.F.);
#1838 = EDGE_LOOP('',(#1839,#1840,#1863,#1885));
#1839 = ORIENTED_EDGE('',*,*,#1049,.F.);
#1840 = ORIENTED_EDGE('',*,*,#1841,.F.);
#1841 = EDGE_CURVE('',#1842,#1050,#1844,.T.);
#1842 = VERTEX_POINT('',#1843);
#1843 = CARTESIAN_POINT('',(15.814431528772,-32.54476119956,6.5));
#1844 = SEAM_CURVE('',#1845,(#1849,#1856),.PCURVE_S1.);
#1845 = LINE('',#1846,#1847);
#1846 = CARTESIAN_POINT('',(15.814431528772,-32.54476119956,18.));
#1847 = VECTOR('',#1848,1.);
#1848 = DIRECTION('',(0.,-1.224646799147E-16,-1.));
#1849 = PCURVE('',#1066,#1850);
#1850 = DEFINITIONAL_REPRESENTATION('',(#1851),#1855);
#1851 = LINE('',#1852,#1853);
#1852 = CARTESIAN_POINT('',(6.28318530718,-0.));
#1853 = VECTOR('',#1854,1.);
#1854 = DIRECTION('',(0.,1.));
#1855 = ( GEOMETRIC_REPRESENTATION_CONTEXT(2) 
PARAMETRIC_REPRESENTATION_CONTEXT() REPRESENTATION_CONTEXT('2D SPACE',''
  ) );
#1856 = PCURVE('',#1066,#1857);
#1857 = DEFINITIONAL_REPRESENTATION('',(#1858),#1862);
#1858 = LINE('',#1859,#1860);
#1859 = CARTESIAN_POINT('',(0.,-0.));
#1860 = VECTOR('',#1861,1.);
#1861 = DIRECTION('',(0.,1.));
#1862 = ( GEOMETRIC_REPRESENTATION_CONTEXT(2) 
PARAMETRIC_REPRESENTATION_CONTEXT() REPRESENTATION_CONTEXT('2D SPACE',''
  ) );
#1863 = ORIENTED_EDGE('',*,*,#1864,.T.);
#1864 = EDGE_CURVE('',#1842,#1842,#1865,.T.);
#1865 = SURFACE_CURVE('',#1866,(#1871,#1878),.PCURVE_S1.);
#1866 = CIRCLE('',#1867,2.);
#1867 = AXIS2_PLACEMENT_3D('',#1868,#1869,#1870);
#1868 = CARTESIAN_POINT('',(13.814431528772,-32.54476119956,6.5));
#1869 = DIRECTION('',(0.,-1.224646799147E-16,-1.));
#1870 = DIRECTION('',(1.,0.,0.));
#1871 = PCURVE('',#1066,#1872);
#1872 = DEFINITIONAL_REPRESENTATION('',(#1873),#1877);
#1873 = LINE('',#1874,#1875);
#1874 = CARTESIAN_POINT('',(0.,11.5));
#1875 = VECTOR('',#1876,1.);
#1876 = DIRECTION('',(1.,0.));
#1877 = ( GEOMETRIC_REPRESENTATION_CONTEXT(2) 
PARAMETRIC_REPRESENTATION_CONTEXT() REPRESENTATION_CONTEXT('2D SPACE',''
  ) );
#1878 = PCURVE('',#43,#1879);
#1879 = DEFINITIONAL_REPRESENTATION('',(#1880),#1884);
#1880 = CIRCLE('',#1881,2.);
#1881 = AXIS2_PLACEMENT_2D('',#1882,#1883);
#1882 = CARTESIAN_POINT('',(13.814431528772,32.544761199567));
#1883 = DIRECTION('',(1.,-0.));
#1884 = ( GEOMETRIC_REPRESENTATION_CONTEXT(2) 
PARAMETRIC_REPRESENTATION_CONTEXT() REPRESENTATION_CONTEXT('2D SPACE',''
  ) );
#1885 = ORIENTED_EDGE('',*,*,#1841,.T.);
#1886 = ADVANCED_FACE('',(#1887),#1035,.F.);
#1887 = FACE_BOUND('',#1888,.F.);
#1888 = EDGE_LOOP('',(#1889,#1890,#1913,#1935));
#1889 = ORIENTED_EDGE('',*,*,#1018,.F.);
#1890 = ORIENTED_EDGE('',*,*,#1891,.F.);
#1891 = EDGE_CURVE('',#1892,#1019,#1894,.T.);
#1892 = VERTEX_POINT('',#1893);
#1893 = CARTESIAN_POINT('',(28.5,5.694607616035E-15,6.5));
#1894 = SEAM_CURVE('',#1895,(#1899,#1906),.PCURVE_S1.);
#1895 = LINE('',#1896,#1897);
#1896 = CARTESIAN_POINT('',(28.5,7.102951435055E-15,18.));
#1897 = VECTOR('',#1898,1.);
#1898 = DIRECTION('',(0.,-1.224646799147E-16,-1.));
#1899 = PCURVE('',#1035,#1900);
#1900 = DEFINITIONAL_REPRESENTATION('',(#1901),#1905);
#1901 = LINE('',#1902,#1903);
#1902 = CARTESIAN_POINT('',(6.28318530718,-0.));
#1903 = VECTOR('',#1904,1.);
#1904 = DIRECTION('',(0.,1.));
#1905 = ( GEOMETRIC_REPRESENTATION_CONTEXT(2) 
PARAMETRIC_REPRESENTATION_CONTEXT() REPRESENTATION_CONTEXT('2D SPACE',''
  ) );
#1906 = PCURVE('',#1035,#1907);
#1907 = DEFINITIONAL_REPRESENTATION('',(#1908),#1912);
#1908 = LINE('',#1909,#1910);
#1909 = CARTESIAN_POINT('',(0.,-0.));
#1910 = VECTOR('',#1911,1.);
#1911 = DIRECTION('',(0.,1.));
#1912 = ( GEOMETRIC_REPRESENTATION_CONTEXT(2) 
PARAMETRIC_REPRESENTATION_CONTEXT() REPRESENTATION_CONTEXT('2D SPACE',''
  ) );
#1913 = ORIENTED_EDGE('',*,*,#1914,.T.);
#1914 = EDGE_CURVE('',#1892,#1892,#1915,.T.);
#1915 = SURFACE_CURVE('',#1916,(#1921,#1928),.PCURVE_S1.);
#1916 = CIRCLE('',#1917,28.5);
#1917 = AXIS2_PLACEMENT_3D('',#1918,#1919,#1920);
#1918 = CARTESIAN_POINT('',(0.,-1.285879139105E-15,6.5));
#1919 = DIRECTION('',(0.,-1.224646799147E-16,-1.));
#1920 = DIRECTION('',(1.,0.,0.));
#1921 = PCURVE('',#1035,#1922);
#1922 = DEFINITIONAL_REPRESENTATION('',(#1923),#1927);
#1923 = LINE('',#1924,#1925);
#1924 = CARTESIAN_POINT('',(0.,11.5));
#1925 = VECTOR('',#1926,1.);
#1926 = DIRECTION('',(1.,0.));
#1927 = ( GEOMETRIC_REPRESENTATION_CONTEXT(2) 
PARAMETRIC_REPRESENTATION_CONTEXT() REPRESENTATION_CONTEXT('2D SPACE',''
  ) );
#1928 = PCURVE('',#43,#1929);
#1929 = DEFINITIONAL_REPRESENTATION('',(#1930),#1934);
#1930 = CIRCLE('',#1931,28.5);
#1931 = AXIS2_PLACEMENT_2D('',#1932,#1933);
#1932 = CARTESIAN_POINT('',(0.,0.));
#1933 = DIRECTION('',(1.,-0.));
#1934 = ( GEOMETRIC_REPRESENTATION_CONTEXT(2) 
PARAMETRIC_REPRESENTATION_CONTEXT() REPRESENTATION_CONTEXT('2D SPACE',''
  ) );
#1935 = ORIENTED_EDGE('',*,*,#1891,.T.);
#1936 = ADVANCED_FACE('',(#1937),#1004,.F.);
#1937 = FACE_BOUND('',#1938,.F.);
#1938 = EDGE_LOOP('',(#1939,#1940,#1963,#1990));
#1939 = ORIENTED_EDGE('',*,*,#987,.F.);
#1940 = ORIENTED_EDGE('',*,*,#1941,.F.);
#1941 = EDGE_CURVE('',#1942,#988,#1944,.T.);
#1942 = VERTEX_POINT('',#1943);
#1943 = CARTESIAN_POINT('',(-11.54382102453,-47.40754896022,10.4));
#1944 = SEAM_CURVE('',#1945,(#1949,#1956),.PCURVE_S1.);
#1945 = LINE('',#1946,#1947);
#1946 = CARTESIAN_POINT('',(-11.54382102453,-47.40754896022,18.));
#1947 = VECTOR('',#1948,1.);
#1948 = DIRECTION('',(0.,-1.224646799147E-16,-1.));
#1949 = PCURVE('',#1004,#1950);
#1950 = DEFINITIONAL_REPRESENTATION('',(#1951),#1955);
#1951 = LINE('',#1952,#1953);
#1952 = CARTESIAN_POINT('',(6.28318530718,-0.));
#1953 = VECTOR('',#1954,1.);
#1954 = DIRECTION('',(0.,1.));
#1955 = ( GEOMETRIC_REPRESENTATION_CONTEXT(2) 
PARAMETRIC_REPRESENTATION_CONTEXT() REPRESENTATION_CONTEXT('2D SPACE',''
  ) );
#1956 = PCURVE('',#1004,#1957);
#1957 = DEFINITIONAL_REPRESENTATION('',(#1958),#1962);
#1958 = LINE('',#1959,#1960);
#1959 = CARTESIAN_POINT('',(0.,-0.));
#1960 = VECTOR('',#1961,1.);
#1961 = DIRECTION('',(0.,1.));
#1962 = ( GEOMETRIC_REPRESENTATION_CONTEXT(2) 
PARAMETRIC_REPRESENTATION_CONTEXT() REPRESENTATION_CONTEXT('2D SPACE',''
  ) );
#1963 = ORIENTED_EDGE('',*,*,#1964,.T.);
#1964 = EDGE_CURVE('',#1942,#1942,#1965,.T.);
#1965 = SURFACE_CURVE('',#1966,(#1971,#1978),.PCURVE_S1.);
#1966 = CIRCLE('',#1967,2.8);
#1967 = AXIS2_PLACEMENT_3D('',#1968,#1969,#1970);
#1968 = CARTESIAN_POINT('',(-14.34382102453,-47.40754896022,10.4));
#1969 = DIRECTION('',(0.,-1.224646799147E-16,-1.));
#1970 = DIRECTION('',(1.,0.,0.));
#1971 = PCURVE('',#1004,#1972);
#1972 = DEFINITIONAL_REPRESENTATION('',(#1973),#1977);
#1973 = LINE('',#1974,#1975);
#1974 = CARTESIAN_POINT('',(0.,7.6));
#1975 = VECTOR('',#1976,1.);
#1976 = DIRECTION('',(1.,0.));
#1977 = ( GEOMETRIC_REPRESENTATION_CONTEXT(2) 
PARAMETRIC_REPRESENTATION_CONTEXT() REPRESENTATION_CONTEXT('2D SPACE',''
  ) );
#1978 = PCURVE('',#1979,#1984);
#1979 = PLANE('',#1980);
#1980 = AXIS2_PLACEMENT_3D('',#1981,#1982,#1983);
#1981 = CARTESIAN_POINT('',(-14.34382102453,-47.40754896022,10.4));
#1982 = DIRECTION('',(0.,-1.224646799147E-16,-1.));
#1983 = DIRECTION('',(1.,0.,0.));
#1984 = DEFINITIONAL_REPRESENTATION('',(#1985),#1989);
#1985 = CIRCLE('',#1986,2.8);
#1986 = AXIS2_PLACEMENT_2D('',#1987,#1988);
#1987 = CARTESIAN_POINT('',(0.,0.));
#1988 = DIRECTION('',(1.,0.));
#1989 = ( GEOMETRIC_REPRESENTATION_CONTEXT(2) 
PARAMETRIC_REPRESENTATION_CONTEXT() REPRESENTATION_CONTEXT('2D SPACE',''
  ) );
#1990 = ORIENTED_EDGE('',*,*,#1941,.T.);
#1991 = ADVANCED_FACE('',(#1992,#2023),#1979,.F.);
#1992 = FACE_BOUND('',#1993,.F.);
#1993 = EDGE_LOOP('',(#1994));
#1994 = ORIENTED_EDGE('',*,*,#1995,.T.);
#1995 = EDGE_CURVE('',#1996,#1996,#1998,.T.);
#1996 = VERTEX_POINT('',#1997);
#1997 = CARTESIAN_POINT('',(-8.19382102453,-47.40754896022,10.4));
#1998 = SURFACE_CURVE('',#1999,(#2004,#2011),.PCURVE_S1.);
#1999 = CIRCLE('',#2000,6.15);
#2000 = AXIS2_PLACEMENT_3D('',#2001,#2002,#2003);
#2001 = CARTESIAN_POINT('',(-14.34382102453,-47.40754896022,10.4));
#2002 = DIRECTION('',(0.,-1.224646799147E-16,-1.));
#2003 = DIRECTION('',(1.,0.,0.));
#2004 = PCURVE('',#1979,#2005);
#2005 = DEFINITIONAL_REPRESENTATION('',(#2006),#2010);
#2006 = CIRCLE('',#2007,6.15);
#2007 = AXIS2_PLACEMENT_2D('',#2008,#2009);
#2008 = CARTESIAN_POINT('',(0.,0.));
#2009 = DIRECTION('',(1.,0.));
#2010 = ( GEOMETRIC_REPRESENTATION_CONTEXT(2) 
PARAMETRIC_REPRESENTATION_CONTEXT() REPRESENTATION_CONTEXT('2D SPACE',''
  ) );
#2011 = PCURVE('',#2012,#2017);
#2012 = CYLINDRICAL_SURFACE('',#2013,6.15);
#2013 = AXIS2_PLACEMENT_3D('',#2014,#2015,#2016);
#2014 = CARTESIAN_POINT('',(-14.34382102453,-47.40754896022,10.4));
#2015 = DIRECTION('',(0.,-1.224646799147E-16,-1.));
#2016 = DIRECTION('',(1.,0.,0.));
#2017 = DEFINITIONAL_REPRESENTATION('',(#2018),#2022);
#2018 = LINE('',#2019,#2020);
#2019 = CARTESIAN_POINT('',(0.,0.));
#2020 = VECTOR('',#2021,1.);
#2021 = DIRECTION('',(1.,0.));
#2022 = ( GEOMETRIC_REPRESENTATION_CONTEXT(2) 
PARAMETRIC_REPRESENTATION_CONTEXT() REPRESENTATION_CONTEXT('2D SPACE',''
  ) );
#2023 = FACE_BOUND('',#2024,.F.);
#2024 = EDGE_LOOP('',(#2025));
#2025 = ORIENTED_EDGE('',*,*,#1964,.F.);
#2026 = ADVANCED_FACE('',(#2027),#2012,.T.);
#2027 = FACE_BOUND('',#2028,.T.);
#2028 = EDGE_LOOP('',(#2029,#2058,#2079,#2080));
#2029 = ORIENTED_EDGE('',*,*,#2030,.F.);
#2030 = EDGE_CURVE('',#2031,#2031,#2033,.T.);
#2031 = VERTEX_POINT('',#2032);
#2032 = CARTESIAN_POINT('',(-8.19382102453,-47.40754896022,8.));
#2033 = SURFACE_CURVE('',#2034,(#2039,#2046),.PCURVE_S1.);
#2034 = CIRCLE('',#2035,6.15);
#2035 = AXIS2_PLACEMENT_3D('',#2036,#2037,#2038);
#2036 = CARTESIAN_POINT('',(-14.34382102453,-47.40754896022,8.));
#2037 = DIRECTION('',(0.,-1.224646799147E-16,-1.));
#2038 = DIRECTION('',(1.,0.,0.));
#2039 = PCURVE('',#2012,#2040);
#2040 = DEFINITIONAL_REPRESENTATION('',(#2041),#2045);
#2041 = LINE('',#2042,#2043);
#2042 = CARTESIAN_POINT('',(0.,2.4));
#2043 = VECTOR('',#2044,1.);
#2044 = DIRECTION('',(1.,0.));
#2045 = ( GEOMETRIC_REPRESENTATION_CONTEXT(2) 
PARAMETRIC_REPRESENTATION_CONTEXT() REPRESENTATION_CONTEXT('2D SPACE',''
  ) );
#2046 = PCURVE('',#2047,#2052);
#2047 = TOROIDAL_SURFACE('',#2048,7.65,1.5);
#2048 = AXIS2_PLACEMENT_3D('',#2049,#2050,#2051);
#2049 = CARTESIAN_POINT('',(-14.34382102453,-47.40754896022,8.));
#2050 = DIRECTION('',(0.,-1.224646799147E-16,-1.));
#2051 = DIRECTION('',(1.,0.,0.));
#2052 = DEFINITIONAL_REPRESENTATION('',(#2053),#2057);
#2053 = LINE('',#2054,#2055);
#2054 = CARTESIAN_POINT('',(0.,3.14159265359));
#2055 = VECTOR('',#2056,1.);
#2056 = DIRECTION('',(1.,0.));
#2057 = ( GEOMETRIC_REPRESENTATION_CONTEXT(2) 
PARAMETRIC_REPRESENTATION_CONTEXT() REPRESENTATION_CONTEXT('2D SPACE',''
  ) );
#2058 = ORIENTED_EDGE('',*,*,#2059,.F.);
#2059 = EDGE_CURVE('',#1996,#2031,#2060,.T.);
#2060 = SEAM_CURVE('',#2061,(#2065,#2072),.PCURVE_S1.);
#2061 = LINE('',#2062,#2063);
#2062 = CARTESIAN_POINT('',(-8.19382102453,-47.40754896022,10.4));
#2063 = VECTOR('',#2064,1.);
#2064 = DIRECTION('',(0.,-1.224646799147E-16,-1.));
#2065 = PCURVE('',#2012,#2066);
#2066 = DEFINITIONAL_REPRESENTATION('',(#2067),#2071);
#2067 = LINE('',#2068,#2069);
#2068 = CARTESIAN_POINT('',(6.28318530718,-0.));
#2069 = VECTOR('',#2070,1.);
#2070 = DIRECTION('',(0.,1.));
#2071 = ( GEOMETRIC_REPRESENTATION_CONTEXT(2) 
PARAMETRIC_REPRESENTATION_CONTEXT() REPRESENTATION_CONTEXT('2D SPACE',''
  ) );
#2072 = PCURVE('',#2012,#2073);
#2073 = DEFINITIONAL_REPRESENTATION('',(#2074),#2078);
#2074 = LINE('',#2075,#2076);
#2075 = CARTESIAN_POINT('',(0.,-0.));
#2076 = VECTOR('',#2077,1.);
#2077 = DIRECTION('',(0.,1.));
#2078 = ( GEOMETRIC_REPRESENTATION_CONTEXT(2) 
PARAMETRIC_REPRESENTATION_CONTEXT() REPRESENTATION_CONTEXT('2D SPACE',''
  ) );
#2079 = ORIENTED_EDGE('',*,*,#1995,.T.);
#2080 = ORIENTED_EDGE('',*,*,#2059,.T.);
#2081 = ADVANCED_FACE('',(#2082),#2047,.F.);
#2082 = FACE_BOUND('',#2083,.F.);
#2083 = EDGE_LOOP('',(#2084,#2108,#2130,#2131));
#2084 = ORIENTED_EDGE('',*,*,#2085,.T.);
#2085 = EDGE_CURVE('',#2086,#2086,#2088,.T.);
#2086 = VERTEX_POINT('',#2087);
#2087 = CARTESIAN_POINT('',(-6.69382102453,-47.40754896022,6.5));
#2088 = SURFACE_CURVE('',#2089,(#2094,#2101),.PCURVE_S1.);
#2089 = CIRCLE('',#2090,7.65);
#2090 = AXIS2_PLACEMENT_3D('',#2091,#2092,#2093);
#2091 = CARTESIAN_POINT('',(-14.34382102453,-47.40754896022,6.5));
#2092 = DIRECTION('',(0.,-1.224646799147E-16,-1.));
#2093 = DIRECTION('',(1.,0.,0.));
#2094 = PCURVE('',#2047,#2095);
#2095 = DEFINITIONAL_REPRESENTATION('',(#2096),#2100);
#2096 = LINE('',#2097,#2098);
#2097 = CARTESIAN_POINT('',(0.,1.570796326795));
#2098 = VECTOR('',#2099,1.);
#2099 = DIRECTION('',(1.,0.));
#2100 = ( GEOMETRIC_REPRESENTATION_CONTEXT(2) 
PARAMETRIC_REPRESENTATION_CONTEXT() REPRESENTATION_CONTEXT('2D SPACE',''
  ) );
#2101 = PCURVE('',#43,#2102);
#2102 = DEFINITIONAL_REPRESENTATION('',(#2103),#2107);
#2103 = CIRCLE('',#2104,7.65);
#2104 = AXIS2_PLACEMENT_2D('',#2105,#2106);
#2105 = CARTESIAN_POINT('',(-14.34382102453,47.407548960226));
#2106 = DIRECTION('',(1.,-0.));
#2107 = ( GEOMETRIC_REPRESENTATION_CONTEXT(2) 
PARAMETRIC_REPRESENTATION_CONTEXT() REPRESENTATION_CONTEXT('2D SPACE',''
  ) );
#2108 = ORIENTED_EDGE('',*,*,#2109,.T.);
#2109 = EDGE_CURVE('',#2086,#2031,#2110,.T.);
#2110 = SEAM_CURVE('',#2111,(#2116,#2123),.PCURVE_S1.);
#2111 = CIRCLE('',#2112,1.5);
#2112 = AXIS2_PLACEMENT_3D('',#2113,#2114,#2115);
#2113 = CARTESIAN_POINT('',(-6.69382102453,-47.40754896022,8.));
#2114 = DIRECTION('',(0.,1.,-1.224646799147E-16));
#2115 = DIRECTION('',(-1.184237892933E-15,-1.224646799147E-16,-1.));
#2116 = PCURVE('',#2047,#2117);
#2117 = DEFINITIONAL_REPRESENTATION('',(#2118),#2122);
#2118 = LINE('',#2119,#2120);
#2119 = CARTESIAN_POINT('',(0.,1.570796326795));
#2120 = VECTOR('',#2121,1.);
#2121 = DIRECTION('',(0.,1.));
#2122 = ( GEOMETRIC_REPRESENTATION_CONTEXT(2) 
PARAMETRIC_REPRESENTATION_CONTEXT() REPRESENTATION_CONTEXT('2D SPACE',''
  ) );
#2123 = PCURVE('',#2047,#2124);
#2124 = DEFINITIONAL_REPRESENTATION('',(#2125),#2129);
#2125 = LINE('',#2126,#2127);
#2126 = CARTESIAN_POINT('',(6.28318530718,1.570796326795));
#2127 = VECTOR('',#2128,1.);
#2128 = DIRECTION('',(0.,1.));
#2129 = ( GEOMETRIC_REPRESENTATION_CONTEXT(2) 
PARAMETRIC_REPRESENTATION_CONTEXT() REPRESENTATION_CONTEXT('2D SPACE',''
  ) );
#2130 = ORIENTED_EDGE('',*,*,#2030,.F.);
#2131 = ORIENTED_EDGE('',*,*,#2109,.F.);
#2132 = ADVANCED_FACE('',(#2133),#973,.F.);
#2133 = FACE_BOUND('',#2134,.F.);
#2134 = EDGE_LOOP('',(#2135,#2136,#2159,#2181));
#2135 = ORIENTED_EDGE('',*,*,#956,.F.);
#2136 = ORIENTED_EDGE('',*,*,#2137,.F.);
#2137 = EDGE_CURVE('',#2138,#957,#2140,.T.);
#2138 = VERTEX_POINT('',#2139);
#2139 = CARTESIAN_POINT('',(-30.54476119956,-13.81443152877,6.5));
#2140 = SEAM_CURVE('',#2141,(#2145,#2152),.PCURVE_S1.);
#2141 = LINE('',#2142,#2143);
#2142 = CARTESIAN_POINT('',(-30.54476119956,-13.81443152877,18.));
#2143 = VECTOR('',#2144,1.);
#2144 = DIRECTION('',(0.,-1.224646799147E-16,-1.));
#2145 = PCURVE('',#973,#2146);
#2146 = DEFINITIONAL_REPRESENTATION('',(#2147),#2151);
#2147 = LINE('',#2148,#2149);
#2148 = CARTESIAN_POINT('',(6.28318530718,-0.));
#2149 = VECTOR('',#2150,1.);
#2150 = DIRECTION('',(0.,1.));
#2151 = ( GEOMETRIC_REPRESENTATION_CONTEXT(2) 
PARAMETRIC_REPRESENTATION_CONTEXT() REPRESENTATION_CONTEXT('2D SPACE',''
  ) );
#2152 = PCURVE('',#973,#2153);
#2153 = DEFINITIONAL_REPRESENTATION('',(#2154),#2158);
#2154 = LINE('',#2155,#2156);
#2155 = CARTESIAN_POINT('',(0.,-0.));
#2156 = VECTOR('',#2157,1.);
#2157 = DIRECTION('',(0.,1.));
#2158 = ( GEOMETRIC_REPRESENTATION_CONTEXT(2) 
PARAMETRIC_REPRESENTATION_CONTEXT() REPRESENTATION_CONTEXT('2D SPACE',''
  ) );
#2159 = ORIENTED_EDGE('',*,*,#2160,.T.);
#2160 = EDGE_CURVE('',#2138,#2138,#2161,.T.);
#2161 = SURFACE_CURVE('',#2162,(#2167,#2174),.PCURVE_S1.);
#2162 = CIRCLE('',#2163,2.);
#2163 = AXIS2_PLACEMENT_3D('',#2164,#2165,#2166);
#2164 = CARTESIAN_POINT('',(-32.54476119956,-13.81443152877,6.5));
#2165 = DIRECTION('',(0.,-1.224646799147E-16,-1.));
#2166 = DIRECTION('',(1.,0.,0.));
#2167 = PCURVE('',#973,#2168);
#2168 = DEFINITIONAL_REPRESENTATION('',(#2169),#2173);
#2169 = LINE('',#2170,#2171);
#2170 = CARTESIAN_POINT('',(0.,11.5));
#2171 = VECTOR('',#2172,1.);
#2172 = DIRECTION('',(1.,0.));
#2173 = ( GEOMETRIC_REPRESENTATION_CONTEXT(2) 
PARAMETRIC_REPRESENTATION_CONTEXT() REPRESENTATION_CONTEXT('2D SPACE',''
  ) );
#2174 = PCURVE('',#43,#2175);
#2175 = DEFINITIONAL_REPRESENTATION('',(#2176),#2180);
#2176 = CIRCLE('',#2177,2.);
#2177 = AXIS2_PLACEMENT_2D('',#2178,#2179);
#2178 = CARTESIAN_POINT('',(-32.54476119956,13.814431528772));
#2179 = DIRECTION('',(1.,-0.));
#2180 = ( GEOMETRIC_REPRESENTATION_CONTEXT(2) 
PARAMETRIC_REPRESENTATION_CONTEXT() REPRESENTATION_CONTEXT('2D SPACE',''
  ) );
#2181 = ORIENTED_EDGE('',*,*,#2137,.T.);
#2182 = ADVANCED_FACE('',(#2183),#850,.T.);
#2183 = FACE_BOUND('',#2184,.T.);
#2184 = EDGE_LOOP('',(#2185,#2215,#2236,#2237));
#2185 = ORIENTED_EDGE('',*,*,#2186,.F.);
#2186 = EDGE_CURVE('',#2187,#2189,#2191,.T.);
#2187 = VERTEX_POINT('',#2188);
#2188 = CARTESIAN_POINT('',(-44.18342912242,10.439568524792,6.5));
#2189 = VERTEX_POINT('',#2190);
#2190 = CARTESIAN_POINT('',(-26.09383256146,-37.15201074308,6.5));
#2191 = SURFACE_CURVE('',#2192,(#2197,#2204),.PCURVE_S1.);
#2192 = CIRCLE('',#2193,45.4);
#2193 = AXIS2_PLACEMENT_3D('',#2194,#2195,#2196);
#2194 = CARTESIAN_POINT('',(1.717023723128E-14,7.140891820149E-15,6.5));
#2195 = DIRECTION('',(0.,1.224646799147E-16,1.));
#2196 = DIRECTION('',(-0.951388533158,0.307993277485,-3.771829814305E-17
    ));
#2197 = PCURVE('',#850,#2198);
#2198 = DEFINITIONAL_REPRESENTATION('',(#2199),#2203);
#2199 = LINE('',#2200,#2201);
#2200 = CARTESIAN_POINT('',(0.,-1.));
#2201 = VECTOR('',#2202,1.);
#2202 = DIRECTION('',(1.,0.));
#2203 = ( GEOMETRIC_REPRESENTATION_CONTEXT(2) 
PARAMETRIC_REPRESENTATION_CONTEXT() REPRESENTATION_CONTEXT('2D SPACE',''
  ) );
#2204 = PCURVE('',#43,#2205);
#2205 = DEFINITIONAL_REPRESENTATION('',(#2206),#2214);
#2206 = ( BOUNDED_CURVE() B_SPLINE_CURVE(2,(#2207,#2208,#2209,#2210,
#2211,#2212,#2213),.UNSPECIFIED.,.T.,.F.) B_SPLINE_CURVE_WITH_KNOTS((1,2
    ,2,2,2,1),(-2.094395102393,0.,2.094395102393,4.188790204786,
6.28318530718,8.377580409573),.UNSPECIFIED.) CURVE() 
GEOMETRIC_REPRESENTATION_ITEM() RATIONAL_B_SPLINE_CURVE((1.,0.5,1.,0.5,
1.,0.5,1.)) REPRESENTATION_ITEM('') );
#2207 = CARTESIAN_POINT('',(-43.19303940536,-13.9828947978));
#2208 = CARTESIAN_POINT('',(-67.41212363205,60.829643985616));
#2209 = CARTESIAN_POINT('',(9.48697758934,44.397716790612));
#2210 = CARTESIAN_POINT('',(86.386078810733,27.965789595608));
#2211 = CARTESIAN_POINT('',(33.706061816027,-30.4148219928));
#2212 = CARTESIAN_POINT('',(-18.97395517868,-88.79543358122));
#2213 = CARTESIAN_POINT('',(-43.19303940536,-13.9828947978));
#2214 = ( GEOMETRIC_REPRESENTATION_CONTEXT(2) 
PARAMETRIC_REPRESENTATION_CONTEXT() REPRESENTATION_CONTEXT('2D SPACE',''
  ) );
#2215 = ORIENTED_EDGE('',*,*,#2216,.T.);
#2216 = EDGE_CURVE('',#2187,#830,#2217,.T.);
#2217 = SURFACE_CURVE('',#2218,(#2222,#2229),.PCURVE_S1.);
#2218 = LINE('',#2219,#2220);
#2219 = CARTESIAN_POINT('',(-44.18342912242,10.439568524792,7.5));
#2220 = VECTOR('',#2221,1.);
#2221 = DIRECTION('',(0.,-1.224646799147E-16,-1.));
#2222 = PCURVE('',#850,#2223);
#2223 = DEFINITIONAL_REPRESENTATION('',(#2224),#2228);
#2224 = LINE('',#2225,#2226);
#2225 = CARTESIAN_POINT('',(8.106040255694E-02,0.));
#2226 = VECTOR('',#2227,1.);
#2227 = DIRECTION('',(0.,-1.));
#2228 = ( GEOMETRIC_REPRESENTATION_CONTEXT(2) 
PARAMETRIC_REPRESENTATION_CONTEXT() REPRESENTATION_CONTEXT('2D SPACE',''
  ) );
#2229 = PCURVE('',#883,#2230);
#2230 = DEFINITIONAL_REPRESENTATION('',(#2231),#2235);
#2231 = LINE('',#2232,#2233);
#2232 = CARTESIAN_POINT('',(-1.489735924238,0.));
#2233 = VECTOR('',#2234,1.);
#2234 = DIRECTION('',(-0.,-1.));
#2235 = ( GEOMETRIC_REPRESENTATION_CONTEXT(2) 
PARAMETRIC_REPRESENTATION_CONTEXT() REPRESENTATION_CONTEXT('2D SPACE',''
  ) );
#2236 = ORIENTED_EDGE('',*,*,#829,.T.);
#2237 = ORIENTED_EDGE('',*,*,#2238,.F.);
#2238 = EDGE_CURVE('',#2189,#797,#2239,.T.);
#2239 = SURFACE_CURVE('',#2240,(#2244,#2251),.PCURVE_S1.);
#2240 = LINE('',#2241,#2242);
#2241 = CARTESIAN_POINT('',(-26.09383256146,-37.15201074308,7.5));
#2242 = VECTOR('',#2243,1.);
#2243 = DIRECTION('',(0.,-1.224646799147E-16,-1.));
#2244 = PCURVE('',#850,#2245);
#2245 = DEFINITIONAL_REPRESENTATION('',(#2246),#2250);
#2246 = LINE('',#2247,#2248);
#2247 = CARTESIAN_POINT('',(1.271575851895,0.));
#2248 = VECTOR('',#2249,1.);
#2249 = DIRECTION('',(0.,-1.));
#2250 = ( GEOMETRIC_REPRESENTATION_CONTEXT(2) 
PARAMETRIC_REPRESENTATION_CONTEXT() REPRESENTATION_CONTEXT('2D SPACE',''
  ) );
#2251 = PCURVE('',#817,#2252);
#2252 = DEFINITIONAL_REPRESENTATION('',(#2253),#2257);
#2253 = LINE('',#2254,#2255);
#2254 = CARTESIAN_POINT('',(-0.,0.));
#2255 = VECTOR('',#2256,1.);
#2256 = DIRECTION('',(-0.,-1.));
#2257 = ( GEOMETRIC_REPRESENTATION_CONTEXT(2) 
PARAMETRIC_REPRESENTATION_CONTEXT() REPRESENTATION_CONTEXT('2D SPACE',''
  ) );
#2258 = ADVANCED_FACE('',(#2259),#817,.F.);
#2259 = FACE_BOUND('',#2260,.T.);
#2260 = EDGE_LOOP('',(#2261,#2289,#2290,#2291));
#2261 = ORIENTED_EDGE('',*,*,#2262,.T.);
#2262 = EDGE_CURVE('',#2263,#2189,#2265,.T.);
#2263 = VERTEX_POINT('',#2264);
#2264 = CARTESIAN_POINT('',(-24.94413679677,-42.4517377673,6.5));
#2265 = SURFACE_CURVE('',#2266,(#2271,#2278),.PCURVE_S1.);
#2266 = CIRCLE('',#2267,4.);
#2267 = AXIS2_PLACEMENT_3D('',#2268,#2269,#2270);
#2268 = CARTESIAN_POINT('',(-28.39284864617,-40.42531565437,6.5));
#2269 = DIRECTION('',(1.232595164408E-32,1.224646799147E-16,1.));
#2270 = DIRECTION('',(0.574754021178,0.818326227821,-1.00216059556E-16)
  );
#2271 = PCURVE('',#817,#2272);
#2272 = DEFINITIONAL_REPRESENTATION('',(#2273),#2277);
#2273 = LINE('',#2274,#2275);
#2274 = CARTESIAN_POINT('',(-6.28318530718,-1.));
#2275 = VECTOR('',#2276,1.);
#2276 = DIRECTION('',(1.,-0.));
#2277 = ( GEOMETRIC_REPRESENTATION_CONTEXT(2) 
PARAMETRIC_REPRESENTATION_CONTEXT() REPRESENTATION_CONTEXT('2D SPACE',''
  ) );
#2278 = PCURVE('',#43,#2279);
#2279 = DEFINITIONAL_REPRESENTATION('',(#2280),#2288);
#2280 = ( BOUNDED_CURVE() B_SPLINE_CURVE(2,(#2281,#2282,#2283,#2284,
#2285,#2286,#2287),.UNSPECIFIED.,.T.,.F.) B_SPLINE_CURVE_WITH_KNOTS((1,2
    ,2,2,2,1),(-2.094395102393,0.,2.094395102393,4.188790204786,
6.28318530718,8.377580409573),.UNSPECIFIED.) CURVE() 
GEOMETRIC_REPRESENTATION_ITEM() RATIONAL_B_SPLINE_CURVE((1.,0.5,1.,0.5,
1.,0.5,1.)) REPRESENTATION_ITEM('') );
#2281 = CARTESIAN_POINT('',(-26.09383256146,37.152010743085));
#2282 = CARTESIAN_POINT('',(-31.76336297647,33.169998076949));
#2283 = CARTESIAN_POINT('',(-32.37712189603,40.070961776945));
#2284 = CARTESIAN_POINT('',(-32.99088081559,46.97192547694));
#2285 = CARTESIAN_POINT('',(-26.70759148102,44.052974443081));
#2286 = CARTESIAN_POINT('',(-20.42430214645,41.134023409222));
#2287 = CARTESIAN_POINT('',(-26.09383256146,37.152010743085));
#2288 = ( GEOMETRIC_REPRESENTATION_CONTEXT(2) 
PARAMETRIC_REPRESENTATION_CONTEXT() REPRESENTATION_CONTEXT('2D SPACE',''
  ) );
#2289 = ORIENTED_EDGE('',*,*,#2238,.T.);
#2290 = ORIENTED_EDGE('',*,*,#796,.F.);
#2291 = ORIENTED_EDGE('',*,*,#2292,.F.);
#2292 = EDGE_CURVE('',#2263,#769,#2293,.T.);
#2293 = SURFACE_CURVE('',#2294,(#2298,#2305),.PCURVE_S1.);
#2294 = LINE('',#2295,#2296);
#2295 = CARTESIAN_POINT('',(-24.94413679677,-42.4517377673,7.5));
#2296 = VECTOR('',#2297,1.);
#2297 = DIRECTION('',(0.,-1.224646799147E-16,-1.));
#2298 = PCURVE('',#817,#2299);
#2299 = DEFINITIONAL_REPRESENTATION('',(#2300),#2304);
#2300 = LINE('',#2301,#2302);
#2301 = CARTESIAN_POINT('',(-1.489735924238,0.));
#2302 = VECTOR('',#2303,1.);
#2303 = DIRECTION('',(-0.,-1.));
#2304 = ( GEOMETRIC_REPRESENTATION_CONTEXT(2) 
PARAMETRIC_REPRESENTATION_CONTEXT() REPRESENTATION_CONTEXT('2D SPACE',''
  ) );
#2305 = PCURVE('',#784,#2306);
#2306 = DEFINITIONAL_REPRESENTATION('',(#2307),#2311);
#2307 = LINE('',#2308,#2309);
#2308 = CARTESIAN_POINT('',(0.,0.));
#2309 = VECTOR('',#2310,1.);
#2310 = DIRECTION('',(0.,-1.));
#2311 = ( GEOMETRIC_REPRESENTATION_CONTEXT(2) 
PARAMETRIC_REPRESENTATION_CONTEXT() REPRESENTATION_CONTEXT('2D SPACE',''
  ) );
#2312 = ADVANCED_FACE('',(#2313),#883,.F.);
#2313 = FACE_BOUND('',#2314,.T.);
#2314 = EDGE_LOOP('',(#2315,#2343,#2364,#2365));
#2315 = ORIENTED_EDGE('',*,*,#2316,.T.);
#2316 = EDGE_CURVE('',#2187,#2317,#2319,.T.);
#2317 = VERTEX_POINT('',#2318);
#2318 = CARTESIAN_POINT('',(-46.84426915102,15.164908430533,6.5));
#2319 = SURFACE_CURVE('',#2320,(#2325,#2332),.PCURVE_S1.);
#2320 = CIRCLE('',#2321,4.);
#2321 = AXIS2_PLACEMENT_3D('',#2322,#2323,#2324);
#2322 = CARTESIAN_POINT('',(-48.07624226096,11.359354297901,6.5));
#2323 = DIRECTION('',(6.162975822039E-33,1.224646799147E-16,1.));
#2324 = DIRECTION('',(0.307993277485,0.951388533158,-1.165114921877E-16)
  );
#2325 = PCURVE('',#883,#2326);
#2326 = DEFINITIONAL_REPRESENTATION('',(#2327),#2331);
#2327 = LINE('',#2328,#2329);
#2328 = CARTESIAN_POINT('',(-6.28318530718,-1.));
#2329 = VECTOR('',#2330,1.);
#2330 = DIRECTION('',(1.,-0.));
#2331 = ( GEOMETRIC_REPRESENTATION_CONTEXT(2) 
PARAMETRIC_REPRESENTATION_CONTEXT() REPRESENTATION_CONTEXT('2D SPACE',''
  ) );
#2332 = PCURVE('',#43,#2333);
#2333 = DEFINITIONAL_REPRESENTATION('',(#2334),#2342);
#2334 = ( BOUNDED_CURVE() B_SPLINE_CURVE(2,(#2335,#2336,#2337,#2338,
#2339,#2340,#2341),.UNSPECIFIED.,.T.,.F.) B_SPLINE_CURVE_WITH_KNOTS((1,2
    ,2,2,2,1),(-2.094395102393,0.,2.094395102393,4.188790204786,
6.28318530718,8.377580409573),.UNSPECIFIED.) CURVE() 
GEOMETRIC_REPRESENTATION_ITEM() RATIONAL_B_SPLINE_CURVE((1.,0.5,1.,0.5,
1.,0.5,1.)) REPRESENTATION_ITEM('') );
#2335 = CARTESIAN_POINT('',(-46.84426915102,-15.16490843053));
#2336 = CARTESIAN_POINT('',(-53.43568225969,-17.2987484505));
#2337 = CARTESIAN_POINT('',(-51.98793537026,-10.52349724157));
#2338 = CARTESIAN_POINT('',(-50.54018848084,-3.748246032639));
#2339 = CARTESIAN_POINT('',(-45.39652226159,-8.389657221599));
#2340 = CARTESIAN_POINT('',(-40.25285604235,-13.03106841056));
#2341 = CARTESIAN_POINT('',(-46.84426915102,-15.16490843053));
#2342 = ( GEOMETRIC_REPRESENTATION_CONTEXT(2) 
PARAMETRIC_REPRESENTATION_CONTEXT() REPRESENTATION_CONTEXT('2D SPACE',''
  ) );
#2343 = ORIENTED_EDGE('',*,*,#2344,.T.);
#2344 = EDGE_CURVE('',#2317,#863,#2345,.T.);
#2345 = SURFACE_CURVE('',#2346,(#2350,#2357),.PCURVE_S1.);
#2346 = LINE('',#2347,#2348);
#2347 = CARTESIAN_POINT('',(-46.84426915102,15.164908430533,7.5));
#2348 = VECTOR('',#2349,1.);
#2349 = DIRECTION('',(0.,-1.224646799147E-16,-1.));
#2350 = PCURVE('',#883,#2351);
#2351 = DEFINITIONAL_REPRESENTATION('',(#2352),#2356);
#2352 = LINE('',#2353,#2354);
#2353 = CARTESIAN_POINT('',(-0.,0.));
#2354 = VECTOR('',#2355,1.);
#2355 = DIRECTION('',(-0.,-1.));
#2356 = ( GEOMETRIC_REPRESENTATION_CONTEXT(2) 
PARAMETRIC_REPRESENTATION_CONTEXT() REPRESENTATION_CONTEXT('2D SPACE',''
  ) );
#2357 = PCURVE('',#911,#2358);
#2358 = DEFINITIONAL_REPRESENTATION('',(#2359),#2363);
#2359 = LINE('',#2360,#2361);
#2360 = CARTESIAN_POINT('',(36.969459910418,3.819317283116E-16));
#2361 = VECTOR('',#2362,1.);
#2362 = DIRECTION('',(0.,-1.));
#2363 = ( GEOMETRIC_REPRESENTATION_CONTEXT(2) 
PARAMETRIC_REPRESENTATION_CONTEXT() REPRESENTATION_CONTEXT('2D SPACE',''
  ) );
#2364 = ORIENTED_EDGE('',*,*,#862,.F.);
#2365 = ORIENTED_EDGE('',*,*,#2216,.F.);
#2366 = ADVANCED_FACE('',(#2367),#784,.T.);
#2367 = FACE_BOUND('',#2368,.T.);
#2368 = EDGE_LOOP('',(#2369,#2392,#2393,#2394));
#2369 = ORIENTED_EDGE('',*,*,#2370,.F.);
#2370 = EDGE_CURVE('',#2263,#2371,#2373,.T.);
#2371 = VERTEX_POINT('',#2372);
#2372 = CARTESIAN_POINT('',(-43.67306956319,-74.32599138207,6.5));
#2373 = SURFACE_CURVE('',#2374,(#2378,#2385),.PCURVE_S1.);
#2374 = LINE('',#2375,#2376);
#2375 = CARTESIAN_POINT('',(-12.47206839838,-21.22586888365,6.5));
#2376 = VECTOR('',#2377,1.);
#2377 = DIRECTION('',(-0.506605528234,-0.862177962351,1.055863481888E-16
    ));
#2378 = PCURVE('',#784,#2379);
#2379 = DEFINITIONAL_REPRESENTATION('',(#2380),#2384);
#2380 = LINE('',#2381,#2382);
#2381 = CARTESIAN_POINT('',(-24.61889518235,-1.));
#2382 = VECTOR('',#2383,1.);
#2383 = DIRECTION('',(1.,0.));
#2384 = ( GEOMETRIC_REPRESENTATION_CONTEXT(2) 
PARAMETRIC_REPRESENTATION_CONTEXT() REPRESENTATION_CONTEXT('2D SPACE',''
  ) );
#2385 = PCURVE('',#43,#2386);
#2386 = DEFINITIONAL_REPRESENTATION('',(#2387),#2391);
#2387 = LINE('',#2388,#2389);
#2388 = CARTESIAN_POINT('',(-12.47206839838,21.225868883652));
#2389 = VECTOR('',#2390,1.);
#2390 = DIRECTION('',(-0.506605528234,0.862177962351));
#2391 = ( GEOMETRIC_REPRESENTATION_CONTEXT(2) 
PARAMETRIC_REPRESENTATION_CONTEXT() REPRESENTATION_CONTEXT('2D SPACE',''
  ) );
#2392 = ORIENTED_EDGE('',*,*,#2292,.T.);
#2393 = ORIENTED_EDGE('',*,*,#768,.F.);
#2394 = ORIENTED_EDGE('',*,*,#2395,.F.);
#2395 = EDGE_CURVE('',#2371,#736,#2396,.T.);
#2396 = SURFACE_CURVE('',#2397,(#2401,#2408),.PCURVE_S1.);
#2397 = LINE('',#2398,#2399);
#2398 = CARTESIAN_POINT('',(-43.67306956319,-74.32599138207,7.5));
#2399 = VECTOR('',#2400,1.);
#2400 = DIRECTION('',(0.,-1.224646799147E-16,-1.));
#2401 = PCURVE('',#784,#2402);
#2402 = DEFINITIONAL_REPRESENTATION('',(#2403),#2407);
#2403 = LINE('',#2404,#2405);
#2404 = CARTESIAN_POINT('',(36.969459910418,-3.507565876534E-16));
#2405 = VECTOR('',#2406,1.);
#2406 = DIRECTION('',(0.,-1.));
#2407 = ( GEOMETRIC_REPRESENTATION_CONTEXT(2) 
PARAMETRIC_REPRESENTATION_CONTEXT() REPRESENTATION_CONTEXT('2D SPACE',''
  ) );
#2408 = PCURVE('',#756,#2409);
#2409 = DEFINITIONAL_REPRESENTATION('',(#2410),#2414);
#2410 = LINE('',#2411,#2412);
#2411 = CARTESIAN_POINT('',(-0.,0.));
#2412 = VECTOR('',#2413,1.);
#2413 = DIRECTION('',(-0.,-1.));
#2414 = ( GEOMETRIC_REPRESENTATION_CONTEXT(2) 
PARAMETRIC_REPRESENTATION_CONTEXT() REPRESENTATION_CONTEXT('2D SPACE',''
  ) );
#2415 = ADVANCED_FACE('',(#2416),#911,.T.);
#2416 = FACE_BOUND('',#2417,.T.);
#2417 = EDGE_LOOP('',(#2418,#2441,#2462,#2463));
#2418 = ORIENTED_EDGE('',*,*,#2419,.F.);
#2419 = EDGE_CURVE('',#2420,#2317,#2422,.T.);
#2420 = VERTEX_POINT('',#2421);
#2421 = CARTESIAN_POINT('',(-82.01658938683,26.55125355518,6.5));
#2422 = SURFACE_CURVE('',#2423,(#2427,#2434),.PCURVE_S1.);
#2423 = LINE('',#2424,#2425);
#2424 = CARTESIAN_POINT('',(-41.00829469341,13.27562677759,6.5));
#2425 = VECTOR('',#2426,1.);
#2426 = DIRECTION('',(0.951388533158,-0.307993277485,3.771829814305E-17)
  );
#2427 = PCURVE('',#911,#2428);
#2428 = DEFINITIONAL_REPRESENTATION('',(#2429),#2433);
#2429 = LINE('',#2430,#2431);
#2430 = CARTESIAN_POINT('',(43.103625137568,-1.));
#2431 = VECTOR('',#2432,1.);
#2432 = DIRECTION('',(1.,0.));
#2433 = ( GEOMETRIC_REPRESENTATION_CONTEXT(2) 
PARAMETRIC_REPRESENTATION_CONTEXT() REPRESENTATION_CONTEXT('2D SPACE',''
  ) );
#2434 = PCURVE('',#43,#2435);
#2435 = DEFINITIONAL_REPRESENTATION('',(#2436),#2440);
#2436 = LINE('',#2437,#2438);
#2437 = CARTESIAN_POINT('',(-41.00829469341,-13.27562677759));
#2438 = VECTOR('',#2439,1.);
#2439 = DIRECTION('',(0.951388533158,0.307993277485));
#2440 = ( GEOMETRIC_REPRESENTATION_CONTEXT(2) 
PARAMETRIC_REPRESENTATION_CONTEXT() REPRESENTATION_CONTEXT('2D SPACE',''
  ) );
#2441 = ORIENTED_EDGE('',*,*,#2442,.T.);
#2442 = EDGE_CURVE('',#2420,#896,#2443,.T.);
#2443 = SURFACE_CURVE('',#2444,(#2448,#2455),.PCURVE_S1.);
#2444 = LINE('',#2445,#2446);
#2445 = CARTESIAN_POINT('',(-82.01658938683,26.55125355518,7.5));
#2446 = VECTOR('',#2447,1.);
#2447 = DIRECTION('',(0.,-1.224646799147E-16,-1.));
#2448 = PCURVE('',#911,#2449);
#2449 = DEFINITIONAL_REPRESENTATION('',(#2450),#2454);
#2450 = LINE('',#2451,#2452);
#2451 = CARTESIAN_POINT('',(0.,0.));
#2452 = VECTOR('',#2453,1.);
#2453 = DIRECTION('',(0.,-1.));
#2454 = ( GEOMETRIC_REPRESENTATION_CONTEXT(2) 
PARAMETRIC_REPRESENTATION_CONTEXT() REPRESENTATION_CONTEXT('2D SPACE',''
  ) );
#2455 = PCURVE('',#942,#2456);
#2456 = DEFINITIONAL_REPRESENTATION('',(#2457),#2461);
#2457 = LINE('',#2458,#2459);
#2458 = CARTESIAN_POINT('',(-1.617162880651,0.));
#2459 = VECTOR('',#2460,1.);
#2460 = DIRECTION('',(-0.,-1.));
#2461 = ( GEOMETRIC_REPRESENTATION_CONTEXT(2) 
PARAMETRIC_REPRESENTATION_CONTEXT() REPRESENTATION_CONTEXT('2D SPACE',''
  ) );
#2462 = ORIENTED_EDGE('',*,*,#895,.F.);
#2463 = ORIENTED_EDGE('',*,*,#2344,.F.);
#2464 = ADVANCED_FACE('',(#2465),#756,.F.);
#2465 = FACE_BOUND('',#2466,.T.);
#2466 = EDGE_LOOP('',(#2467,#2495,#2496,#2497));
#2467 = ORIENTED_EDGE('',*,*,#2468,.T.);
#2468 = EDGE_CURVE('',#2469,#2371,#2471,.T.);
#2469 = VERTEX_POINT('',#2470);
#2470 = CARTESIAN_POINT('',(-49.30587325095,-75.65065011591,6.5));
#2471 = SURFACE_CURVE('',#2472,(#2477,#2484),.PCURVE_S1.);
#2472 = CIRCLE('',#2473,4.);
#2473 = AXIS2_PLACEMENT_3D('',#2474,#2475,#2476);
#2474 = CARTESIAN_POINT('',(-47.1217814126,-72.29956926914,6.5));
#2475 = DIRECTION('',(6.162975822039E-33,1.224646799147E-16,1.));
#2476 = DIRECTION('',(0.862177962351,-0.506605528234,6.204128385816E-17)
  );
#2477 = PCURVE('',#756,#2478);
#2478 = DEFINITIONAL_REPRESENTATION('',(#2479),#2483);
#2479 = LINE('',#2480,#2481);
#2480 = CARTESIAN_POINT('',(-6.28318530718,-1.));
#2481 = VECTOR('',#2482,1.);
#2482 = DIRECTION('',(1.,-0.));
#2483 = ( GEOMETRIC_REPRESENTATION_CONTEXT(2) 
PARAMETRIC_REPRESENTATION_CONTEXT() REPRESENTATION_CONTEXT('2D SPACE',''
  ) );
#2484 = PCURVE('',#43,#2485);
#2485 = DEFINITIONAL_REPRESENTATION('',(#2486),#2494);
#2486 = ( BOUNDED_CURVE() B_SPLINE_CURVE(2,(#2487,#2488,#2489,#2490,
#2491,#2492,#2493),.UNSPECIFIED.,.T.,.F.) B_SPLINE_CURVE_WITH_KNOTS((1,2
    ,2,2,2,1),(-2.094395102393,0.,2.094395102393,4.188790204786,
6.28318530718,8.377580409573),.UNSPECIFIED.) CURVE() 
GEOMETRIC_REPRESENTATION_ITEM() RATIONAL_B_SPLINE_CURVE((1.,0.5,1.,0.5,
1.,0.5,1.)) REPRESENTATION_ITEM('') );
#2487 = CARTESIAN_POINT('',(-43.67306956319,74.325991382074));
#2488 = CARTESIAN_POINT('',(-40.16320350601,68.352647238244));
#2489 = CARTESIAN_POINT('',(-47.0912043087,68.299686140758));
#2490 = CARTESIAN_POINT('',(-54.0192051114,68.246725043272));
#2491 = CARTESIAN_POINT('',(-50.60107036589,74.273030284588));
#2492 = CARTESIAN_POINT('',(-47.18293562038,80.299335525905));
#2493 = CARTESIAN_POINT('',(-43.67306956319,74.325991382074));
#2494 = ( GEOMETRIC_REPRESENTATION_CONTEXT(2) 
PARAMETRIC_REPRESENTATION_CONTEXT() REPRESENTATION_CONTEXT('2D SPACE',''
  ) );
#2495 = ORIENTED_EDGE('',*,*,#2395,.T.);
#2496 = ORIENTED_EDGE('',*,*,#735,.F.);
#2497 = ORIENTED_EDGE('',*,*,#2498,.F.);
#2498 = EDGE_CURVE('',#2469,#703,#2499,.T.);
#2499 = SURFACE_CURVE('',#2500,(#2504,#2511),.PCURVE_S1.);
#2500 = LINE('',#2501,#2502);
#2501 = CARTESIAN_POINT('',(-49.30587325095,-75.65065011591,7.5));
#2502 = VECTOR('',#2503,1.);
#2503 = DIRECTION('',(0.,-1.224646799147E-16,-1.));
#2504 = PCURVE('',#756,#2505);
#2505 = DEFINITIONAL_REPRESENTATION('',(#2506),#2510);
#2506 = LINE('',#2507,#2508);
#2507 = CARTESIAN_POINT('',(-1.617162880651,0.));
#2508 = VECTOR('',#2509,1.);
#2509 = DIRECTION('',(-0.,-1.));
#2510 = ( GEOMETRIC_REPRESENTATION_CONTEXT(2) 
PARAMETRIC_REPRESENTATION_CONTEXT() REPRESENTATION_CONTEXT('2D SPACE',''
  ) );
#2511 = PCURVE('',#723,#2512);
#2512 = DEFINITIONAL_REPRESENTATION('',(#2513),#2517);
#2513 = LINE('',#2514,#2515);
#2514 = CARTESIAN_POINT('',(-4.6366553856E-02,0.));
#2515 = VECTOR('',#2516,1.);
#2516 = DIRECTION('',(-0.,-1.));
#2517 = ( GEOMETRIC_REPRESENTATION_CONTEXT(2) 
PARAMETRIC_REPRESENTATION_CONTEXT() REPRESENTATION_CONTEXT('2D SPACE',''
  ) );
#2518 = ADVANCED_FACE('',(#2519),#942,.F.);
#2519 = FACE_BOUND('',#2520,.T.);
#2520 = EDGE_LOOP('',(#2521,#2549,#2570,#2571));
#2521 = ORIENTED_EDGE('',*,*,#2522,.T.);
#2522 = EDGE_CURVE('',#2420,#2523,#2525,.T.);
#2523 = VERTEX_POINT('',#2524);
#2524 = CARTESIAN_POINT('',(-87.10712854529,23.799961272957,6.5));
#2525 = SURFACE_CURVE('',#2526,(#2531,#2538),.PCURVE_S1.);
#2526 = CIRCLE('',#2527,4.);
#2527 = AXIS2_PLACEMENT_3D('',#2528,#2529,#2530);
#2528 = CARTESIAN_POINT('',(-83.24856249677,22.745699422549,6.5));
#2529 = DIRECTION('',(0.,1.224646799147E-16,1.));
#2530 = DIRECTION('',(-0.964641512129,0.263565462602,-3.227746001413E-17
    ));
#2531 = PCURVE('',#942,#2532);
#2532 = DEFINITIONAL_REPRESENTATION('',(#2533),#2537);
#2533 = LINE('',#2534,#2535);
#2534 = CARTESIAN_POINT('',(-6.28318530718,-1.));
#2535 = VECTOR('',#2536,1.);
#2536 = DIRECTION('',(1.,-0.));
#2537 = ( GEOMETRIC_REPRESENTATION_CONTEXT(2) 
PARAMETRIC_REPRESENTATION_CONTEXT() REPRESENTATION_CONTEXT('2D SPACE',''
  ) );
#2538 = PCURVE('',#43,#2539);
#2539 = DEFINITIONAL_REPRESENTATION('',(#2540),#2548);
#2540 = ( BOUNDED_CURVE() B_SPLINE_CURVE(2,(#2541,#2542,#2543,#2544,
#2545,#2546,#2547),.UNSPECIFIED.,.T.,.F.) B_SPLINE_CURVE_WITH_KNOTS((1,2
    ,2,2,2,1),(-2.094395102393,0.,2.094395102393,4.188790204786,
6.28318530718,8.377580409573),.UNSPECIFIED.) CURVE() 
GEOMETRIC_REPRESENTATION_ITEM() RATIONAL_B_SPLINE_CURVE((1.,0.5,1.,0.5,
1.,0.5,1.)) REPRESENTATION_ITEM('') );
#2541 = CARTESIAN_POINT('',(-87.10712854529,-23.79996127295));
#2542 = CARTESIAN_POINT('',(-88.93316363467,-17.11672883256));
#2543 = CARTESIAN_POINT('',(-82.2322970172,-18.87695227714));
#2544 = CARTESIAN_POINT('',(-75.53143039973,-20.63717572173));
#2545 = CARTESIAN_POINT('',(-80.40626192782,-25.56018471754));
#2546 = CARTESIAN_POINT('',(-85.2810934559,-30.48319371335));
#2547 = CARTESIAN_POINT('',(-87.10712854529,-23.79996127295));
#2548 = ( GEOMETRIC_REPRESENTATION_CONTEXT(2) 
PARAMETRIC_REPRESENTATION_CONTEXT() REPRESENTATION_CONTEXT('2D SPACE',''
  ) );
#2549 = ORIENTED_EDGE('',*,*,#2550,.T.);
#2550 = EDGE_CURVE('',#2523,#701,#2551,.T.);
#2551 = SURFACE_CURVE('',#2552,(#2556,#2563),.PCURVE_S1.);
#2552 = LINE('',#2553,#2554);
#2553 = CARTESIAN_POINT('',(-87.10712854529,23.799961272957,7.5));
#2554 = VECTOR('',#2555,1.);
#2555 = DIRECTION('',(0.,-1.224646799147E-16,-1.));
#2556 = PCURVE('',#942,#2557);
#2557 = DEFINITIONAL_REPRESENTATION('',(#2558),#2562);
#2558 = LINE('',#2559,#2560);
#2559 = CARTESIAN_POINT('',(-0.,0.));
#2560 = VECTOR('',#2561,1.);
#2561 = DIRECTION('',(-0.,-1.));
#2562 = ( GEOMETRIC_REPRESENTATION_CONTEXT(2) 
PARAMETRIC_REPRESENTATION_CONTEXT() REPRESENTATION_CONTEXT('2D SPACE',''
  ) );
#2563 = PCURVE('',#723,#2564);
#2564 = DEFINITIONAL_REPRESENTATION('',(#2565),#2569);
#2565 = LINE('',#2566,#2567);
#2566 = CARTESIAN_POINT('',(-1.306269700596,0.));
#2567 = VECTOR('',#2568,1.);
#2568 = DIRECTION('',(-0.,-1.));
#2569 = ( GEOMETRIC_REPRESENTATION_CONTEXT(2) 
PARAMETRIC_REPRESENTATION_CONTEXT() REPRESENTATION_CONTEXT('2D SPACE',''
  ) );
#2570 = ORIENTED_EDGE('',*,*,#923,.F.);
#2571 = ORIENTED_EDGE('',*,*,#2442,.F.);
#2572 = ADVANCED_FACE('',(#2573),#723,.F.);
#2573 = FACE_BOUND('',#2574,.T.);
#2574 = EDGE_LOOP('',(#2575,#2601,#2602,#2603));
#2575 = ORIENTED_EDGE('',*,*,#2576,.T.);
#2576 = EDGE_CURVE('',#2523,#2469,#2577,.T.);
#2577 = SURFACE_CURVE('',#2578,(#2583,#2590),.PCURVE_S1.);
#2578 = CIRCLE('',#2579,90.3);
#2579 = AXIS2_PLACEMENT_3D('',#2580,#2581,#2582);
#2580 = CARTESIAN_POINT('',(6.006144667292E-14,2.154352379088E-14,6.5));
#2581 = DIRECTION('',(0.,1.224646799147E-16,1.));
#2582 = DIRECTION('',(-0.506605528234,-0.862177962351,1.055863481888E-16
    ));
#2583 = PCURVE('',#723,#2584);
#2584 = DEFINITIONAL_REPRESENTATION('',(#2585),#2589);
#2585 = LINE('',#2586,#2587);
#2586 = CARTESIAN_POINT('',(-6.28318530718,-1.));
#2587 = VECTOR('',#2588,1.);
#2588 = DIRECTION('',(1.,-0.));
#2589 = ( GEOMETRIC_REPRESENTATION_CONTEXT(2) 
PARAMETRIC_REPRESENTATION_CONTEXT() REPRESENTATION_CONTEXT('2D SPACE',''
  ) );
#2590 = PCURVE('',#43,#2591);
#2591 = DEFINITIONAL_REPRESENTATION('',(#2592),#2600);
#2592 = ( BOUNDED_CURVE() B_SPLINE_CURVE(2,(#2593,#2594,#2595,#2596,
#2597,#2598,#2599),.UNSPECIFIED.,.T.,.F.) B_SPLINE_CURVE_WITH_KNOTS((1,2
    ,2,2,2,1),(-2.094395102393,0.,2.094395102393,4.188790204786,
6.28318530718,8.377580409573),.UNSPECIFIED.) CURVE() 
GEOMETRIC_REPRESENTATION_ITEM() RATIONAL_B_SPLINE_CURVE((1.,0.5,1.,0.5,
1.,0.5,1.)) REPRESENTATION_ITEM('') );
#2593 = CARTESIAN_POINT('',(-45.74647919948,77.854670000269));
#2594 = CARTESIAN_POINT('',(89.101764847485,157.08989624117));
#2595 = CARTESIAN_POINT('',(90.297361623231,0.69027812032));
#2596 = CARTESIAN_POINT('',(91.492958398978,-155.7093400005));
#2597 = CARTESIAN_POINT('',(-44.55088242374,-78.54494812058));
#2598 = CARTESIAN_POINT('',(-180.5947232464,-1.380556240639));
#2599 = CARTESIAN_POINT('',(-45.74647919948,77.854670000269));
#2600 = ( GEOMETRIC_REPRESENTATION_CONTEXT(2) 
PARAMETRIC_REPRESENTATION_CONTEXT() REPRESENTATION_CONTEXT('2D SPACE',''
  ) );
#2601 = ORIENTED_EDGE('',*,*,#2498,.T.);
#2602 = ORIENTED_EDGE('',*,*,#700,.F.);
#2603 = ORIENTED_EDGE('',*,*,#2550,.F.);
#2604 = ADVANCED_FACE('',(#2605),#683,.F.);
#2605 = FACE_BOUND('',#2606,.F.);
#2606 = EDGE_LOOP('',(#2607,#2608,#2631,#2653));
#2607 = ORIENTED_EDGE('',*,*,#666,.F.);
#2608 = ORIENTED_EDGE('',*,*,#2609,.F.);
#2609 = EDGE_CURVE('',#2610,#667,#2612,.T.);
#2610 = VERTEX_POINT('',#2611);
#2611 = CARTESIAN_POINT('',(34.544761199567,13.814431528772,6.5));
#2612 = SEAM_CURVE('',#2613,(#2617,#2624),.PCURVE_S1.);
#2613 = LINE('',#2614,#2615);
#2614 = CARTESIAN_POINT('',(34.544761199567,13.814431528772,18.));
#2615 = VECTOR('',#2616,1.);
#2616 = DIRECTION('',(0.,-1.224646799147E-16,-1.));
#2617 = PCURVE('',#683,#2618);
#2618 = DEFINITIONAL_REPRESENTATION('',(#2619),#2623);
#2619 = LINE('',#2620,#2621);
#2620 = CARTESIAN_POINT('',(6.28318530718,-0.));
#2621 = VECTOR('',#2622,1.);
#2622 = DIRECTION('',(0.,1.));
#2623 = ( GEOMETRIC_REPRESENTATION_CONTEXT(2) 
PARAMETRIC_REPRESENTATION_CONTEXT() REPRESENTATION_CONTEXT('2D SPACE',''
  ) );
#2624 = PCURVE('',#683,#2625);
#2625 = DEFINITIONAL_REPRESENTATION('',(#2626),#2630);
#2626 = LINE('',#2627,#2628);
#2627 = CARTESIAN_POINT('',(0.,-0.));
#2628 = VECTOR('',#2629,1.);
#2629 = DIRECTION('',(0.,1.));
#2630 = ( GEOMETRIC_REPRESENTATION_CONTEXT(2) 
PARAMETRIC_REPRESENTATION_CONTEXT() REPRESENTATION_CONTEXT('2D SPACE',''
  ) );
#2631 = ORIENTED_EDGE('',*,*,#2632,.T.);
#2632 = EDGE_CURVE('',#2610,#2610,#2633,.T.);
#2633 = SURFACE_CURVE('',#2634,(#2639,#2646),.PCURVE_S1.);
#2634 = CIRCLE('',#2635,2.);
#2635 = AXIS2_PLACEMENT_3D('',#2636,#2637,#2638);
#2636 = CARTESIAN_POINT('',(32.544761199567,13.814431528772,6.5));
#2637 = DIRECTION('',(0.,-1.224646799147E-16,-1.));
#2638 = DIRECTION('',(1.,0.,0.));
#2639 = PCURVE('',#683,#2640);
#2640 = DEFINITIONAL_REPRESENTATION('',(#2641),#2645);
#2641 = LINE('',#2642,#2643);
#2642 = CARTESIAN_POINT('',(0.,11.5));
#2643 = VECTOR('',#2644,1.);
#2644 = DIRECTION('',(1.,0.));
#2645 = ( GEOMETRIC_REPRESENTATION_CONTEXT(2) 
PARAMETRIC_REPRESENTATION_CONTEXT() REPRESENTATION_CONTEXT('2D SPACE',''
  ) );
#2646 = PCURVE('',#43,#2647);
#2647 = DEFINITIONAL_REPRESENTATION('',(#2648),#2652);
#2648 = CIRCLE('',#2649,2.);
#2649 = AXIS2_PLACEMENT_2D('',#2650,#2651);
#2650 = CARTESIAN_POINT('',(32.544761199567,-13.81443152877));
#2651 = DIRECTION('',(1.,-0.));
#2652 = ( GEOMETRIC_REPRESENTATION_CONTEXT(2) 
PARAMETRIC_REPRESENTATION_CONTEXT() REPRESENTATION_CONTEXT('2D SPACE',''
  ) );
#2653 = ORIENTED_EDGE('',*,*,#2609,.T.);
#2654 = ADVANCED_FACE('',(#2655),#652,.F.);
#2655 = FACE_BOUND('',#2656,.F.);
#2656 = EDGE_LOOP('',(#2657,#2658,#2681,#2703));
#2657 = ORIENTED_EDGE('',*,*,#635,.F.);
#2658 = ORIENTED_EDGE('',*,*,#2659,.F.);
#2659 = EDGE_CURVE('',#2660,#636,#2662,.T.);
#2660 = VERTEX_POINT('',#2661);
#2661 = CARTESIAN_POINT('',(45.594238249443,24.765,6.5));
#2662 = SEAM_CURVE('',#2663,(#2667,#2674),.PCURVE_S1.);
#2663 = LINE('',#2664,#2665);
#2664 = CARTESIAN_POINT('',(45.594238249443,24.765,18.));
#2665 = VECTOR('',#2666,1.);
#2666 = DIRECTION('',(0.,-1.224646799147E-16,-1.));
#2667 = PCURVE('',#652,#2668);
#2668 = DEFINITIONAL_REPRESENTATION('',(#2669),#2673);
#2669 = LINE('',#2670,#2671);
#2670 = CARTESIAN_POINT('',(6.28318530718,-0.));
#2671 = VECTOR('',#2672,1.);
#2672 = DIRECTION('',(0.,1.));
#2673 = ( GEOMETRIC_REPRESENTATION_CONTEXT(2) 
PARAMETRIC_REPRESENTATION_CONTEXT() REPRESENTATION_CONTEXT('2D SPACE',''
  ) );
#2674 = PCURVE('',#652,#2675);
#2675 = DEFINITIONAL_REPRESENTATION('',(#2676),#2680);
#2676 = LINE('',#2677,#2678);
#2677 = CARTESIAN_POINT('',(0.,-0.));
#2678 = VECTOR('',#2679,1.);
#2679 = DIRECTION('',(0.,1.));
#2680 = ( GEOMETRIC_REPRESENTATION_CONTEXT(2) 
PARAMETRIC_REPRESENTATION_CONTEXT() REPRESENTATION_CONTEXT('2D SPACE',''
  ) );
#2681 = ORIENTED_EDGE('',*,*,#2682,.T.);
#2682 = EDGE_CURVE('',#2660,#2660,#2683,.T.);
#2683 = SURFACE_CURVE('',#2684,(#2689,#2696),.PCURVE_S1.);
#2684 = CIRCLE('',#2685,2.7);
#2685 = AXIS2_PLACEMENT_3D('',#2686,#2687,#2688);
#2686 = CARTESIAN_POINT('',(42.894238249443,24.765,6.5));
#2687 = DIRECTION('',(0.,-1.224646799147E-16,-1.));
#2688 = DIRECTION('',(1.,0.,0.));
#2689 = PCURVE('',#652,#2690);
#2690 = DEFINITIONAL_REPRESENTATION('',(#2691),#2695);
#2691 = LINE('',#2692,#2693);
#2692 = CARTESIAN_POINT('',(0.,11.5));
#2693 = VECTOR('',#2694,1.);
#2694 = DIRECTION('',(1.,0.));
#2695 = ( GEOMETRIC_REPRESENTATION_CONTEXT(2) 
PARAMETRIC_REPRESENTATION_CONTEXT() REPRESENTATION_CONTEXT('2D SPACE',''
  ) );
#2696 = PCURVE('',#43,#2697);
#2697 = DEFINITIONAL_REPRESENTATION('',(#2698),#2702);
#2698 = CIRCLE('',#2699,2.7);
#2699 = AXIS2_PLACEMENT_2D('',#2700,#2701);
#2700 = CARTESIAN_POINT('',(42.894238249443,-24.765));
#2701 = DIRECTION('',(1.,-0.));
#2702 = ( GEOMETRIC_REPRESENTATION_CONTEXT(2) 
PARAMETRIC_REPRESENTATION_CONTEXT() REPRESENTATION_CONTEXT('2D SPACE',''
  ) );
#2703 = ORIENTED_EDGE('',*,*,#2659,.T.);
#2704 = ADVANCED_FACE('',(#2705),#529,.T.);
#2705 = FACE_BOUND('',#2706,.T.);
#2706 = EDGE_LOOP('',(#2707,#2737,#2758,#2759));
#2707 = ORIENTED_EDGE('',*,*,#2708,.F.);
#2708 = EDGE_CURVE('',#2709,#2711,#2713,.T.);
#2709 = VERTEX_POINT('',#2710);
#2710 = CARTESIAN_POINT('',(31.13264610823,33.044187783932,6.5));
#2711 = VERTEX_POINT('',#2712);
#2712 = CARTESIAN_POINT('',(-19.12766882445,41.173927251867,6.5));
#2713 = SURFACE_CURVE('',#2714,(#2719,#2726),.PCURVE_S1.);
#2714 = CIRCLE('',#2715,45.4);
#2715 = AXIS2_PLACEMENT_3D('',#2716,#2717,#2718);
#2716 = CARTESIAN_POINT('',(3.840201411215E-15,5.768310234889E-15,6.5));
#2717 = DIRECTION('',(0.,1.224646799147E-16,1.));
#2718 = DIRECTION('',(0.742424269075,0.669929999842,-8.204276299588E-17)
  );
#2719 = PCURVE('',#529,#2720);
#2720 = DEFINITIONAL_REPRESENTATION('',(#2721),#2725);
#2721 = LINE('',#2722,#2723);
#2722 = CARTESIAN_POINT('',(0.,-1.));
#2723 = VECTOR('',#2724,1.);
#2724 = DIRECTION('',(1.,0.));
#2725 = ( GEOMETRIC_REPRESENTATION_CONTEXT(2) 
PARAMETRIC_REPRESENTATION_CONTEXT() REPRESENTATION_CONTEXT('2D SPACE',''
  ) );
#2726 = PCURVE('',#43,#2727);
#2727 = DEFINITIONAL_REPRESENTATION('',(#2728),#2736);
#2728 = ( BOUNDED_CURVE() B_SPLINE_CURVE(2,(#2729,#2730,#2731,#2732,
#2733,#2734,#2735),.UNSPECIFIED.,.T.,.F.) B_SPLINE_CURVE_WITH_KNOTS((1,2
    ,2,2,2,1),(-2.094395102393,0.,2.094395102393,4.188790204786,
6.28318530718,8.377580409573),.UNSPECIFIED.) CURVE() 
GEOMETRIC_REPRESENTATION_ITEM() RATIONAL_B_SPLINE_CURVE((1.,0.5,1.,0.5,
1.,0.5,1.)) REPRESENTATION_ITEM('') );
#2729 = CARTESIAN_POINT('',(33.706061816027,-30.4148219928));
#2730 = CARTESIAN_POINT('',(-18.97395517868,-88.79543358122));
#2731 = CARTESIAN_POINT('',(-43.19303940536,-13.9828947978));
#2732 = CARTESIAN_POINT('',(-67.41212363205,60.829643985616));
#2733 = CARTESIAN_POINT('',(9.48697758934,44.397716790612));
#2734 = CARTESIAN_POINT('',(86.386078810733,27.965789595608));
#2735 = CARTESIAN_POINT('',(33.706061816027,-30.4148219928));
#2736 = ( GEOMETRIC_REPRESENTATION_CONTEXT(2) 
PARAMETRIC_REPRESENTATION_CONTEXT() REPRESENTATION_CONTEXT('2D SPACE',''
  ) );
#2737 = ORIENTED_EDGE('',*,*,#2738,.T.);
#2738 = EDGE_CURVE('',#2709,#509,#2739,.T.);
#2739 = SURFACE_CURVE('',#2740,(#2744,#2751),.PCURVE_S1.);
#2740 = LINE('',#2741,#2742);
#2741 = CARTESIAN_POINT('',(31.13264610823,33.044187783932,7.5));
#2742 = VECTOR('',#2743,1.);
#2743 = DIRECTION('',(0.,-1.224646799147E-16,-1.));
#2744 = PCURVE('',#529,#2745);
#2745 = DEFINITIONAL_REPRESENTATION('',(#2746),#2750);
#2746 = LINE('',#2747,#2748);
#2747 = CARTESIAN_POINT('',(8.106040255694E-02,0.));
#2748 = VECTOR('',#2749,1.);
#2749 = DIRECTION('',(0.,-1.));
#2750 = ( GEOMETRIC_REPRESENTATION_CONTEXT(2) 
PARAMETRIC_REPRESENTATION_CONTEXT() REPRESENTATION_CONTEXT('2D SPACE',''
  ) );
#2751 = PCURVE('',#562,#2752);
#2752 = DEFINITIONAL_REPRESENTATION('',(#2753),#2757);
#2753 = LINE('',#2754,#2755);
#2754 = CARTESIAN_POINT('',(-1.489735924238,0.));
#2755 = VECTOR('',#2756,1.);
#2756 = DIRECTION('',(-0.,-1.));
#2757 = ( GEOMETRIC_REPRESENTATION_CONTEXT(2) 
PARAMETRIC_REPRESENTATION_CONTEXT() REPRESENTATION_CONTEXT('2D SPACE',''
  ) );
#2758 = ORIENTED_EDGE('',*,*,#508,.T.);
#2759 = ORIENTED_EDGE('',*,*,#2760,.F.);
#2760 = EDGE_CURVE('',#2711,#476,#2761,.T.);
#2761 = SURFACE_CURVE('',#2762,(#2766,#2773),.PCURVE_S1.);
#2762 = LINE('',#2763,#2764);
#2763 = CARTESIAN_POINT('',(-19.12766882445,41.173927251867,7.5));
#2764 = VECTOR('',#2765,1.);
#2765 = DIRECTION('',(0.,-1.224646799147E-16,-1.));
#2766 = PCURVE('',#529,#2767);
#2767 = DEFINITIONAL_REPRESENTATION('',(#2768),#2772);
#2768 = LINE('',#2769,#2770);
#2769 = CARTESIAN_POINT('',(1.271575851895,0.));
#2770 = VECTOR('',#2771,1.);
#2771 = DIRECTION('',(0.,-1.));
#2772 = ( GEOMETRIC_REPRESENTATION_CONTEXT(2) 
PARAMETRIC_REPRESENTATION_CONTEXT() REPRESENTATION_CONTEXT('2D SPACE',''
  ) );
#2773 = PCURVE('',#496,#2774);
#2774 = DEFINITIONAL_REPRESENTATION('',(#2775),#2779);
#2775 = LINE('',#2776,#2777);
#2776 = CARTESIAN_POINT('',(-0.,0.));
#2777 = VECTOR('',#2778,1.);
#2778 = DIRECTION('',(-0.,-1.));
#2779 = ( GEOMETRIC_REPRESENTATION_CONTEXT(2) 
PARAMETRIC_REPRESENTATION_CONTEXT() REPRESENTATION_CONTEXT('2D SPACE',''
  ) );
#2780 = ADVANCED_FACE('',(#2781),#496,.F.);
#2781 = FACE_BOUND('',#2782,.T.);
#2782 = EDGE_LOOP('',(#2783,#2811,#2812,#2813));
#2783 = ORIENTED_EDGE('',*,*,#2784,.T.);
#2784 = EDGE_CURVE('',#2785,#2711,#2787,.T.);
#2785 = VERTEX_POINT('',#2786);
#2786 = CARTESIAN_POINT('',(-24.29221494289,42.82812502513,6.5));
#2787 = SURFACE_CURVE('',#2788,(#2793,#2800),.PCURVE_S1.);
#2788 = CIRCLE('',#2789,4.);
#2789 = AXIS2_PLACEMENT_3D('',#2790,#2791,#2792);
#2790 = CARTESIAN_POINT('',(-20.8129259896,44.801586040578,6.5));
#2791 = DIRECTION('',(0.,1.224646799147E-16,1.));
#2792 = DIRECTION('',(0.421314291288,-0.906914697178,1.110650180998E-16)
  );
#2793 = PCURVE('',#496,#2794);
#2794 = DEFINITIONAL_REPRESENTATION('',(#2795),#2799);
#2795 = LINE('',#2796,#2797);
#2796 = CARTESIAN_POINT('',(-6.28318530718,-1.));
#2797 = VECTOR('',#2798,1.);
#2798 = DIRECTION('',(1.,-0.));
#2799 = ( GEOMETRIC_REPRESENTATION_CONTEXT(2) 
PARAMETRIC_REPRESENTATION_CONTEXT() REPRESENTATION_CONTEXT('2D SPACE',''
  ) );
#2800 = PCURVE('',#43,#2801);
#2801 = DEFINITIONAL_REPRESENTATION('',(#2802),#2810);
#2802 = ( BOUNDED_CURVE() B_SPLINE_CURVE(2,(#2803,#2804,#2805,#2806,
#2807,#2808,#2809),.UNSPECIFIED.,.T.,.F.) B_SPLINE_CURVE_WITH_KNOTS((1,2
    ,2,2,2,1),(-2.094395102393,0.,2.094395102393,4.188790204786,
6.28318530718,8.377580409573),.UNSPECIFIED.) CURVE() 
GEOMETRIC_REPRESENTATION_ITEM() RATIONAL_B_SPLINE_CURVE((1.,0.5,1.,0.5,
1.,0.5,1.)) REPRESENTATION_ITEM('') );
#2803 = CARTESIAN_POINT('',(-19.12766882445,-41.17392725186));
#2804 = CARTESIAN_POINT('',(-12.84437948988,-44.09287828572));
#2805 = CARTESIAN_POINT('',(-18.51390990489,-48.07489095186));
#2806 = CARTESIAN_POINT('',(-24.1834403199,-52.056903618));
#2807 = CARTESIAN_POINT('',(-24.79719923946,-45.155939918));
#2808 = CARTESIAN_POINT('',(-25.41095815902,-38.254976218));
#2809 = CARTESIAN_POINT('',(-19.12766882445,-41.17392725186));
#2810 = ( GEOMETRIC_REPRESENTATION_CONTEXT(2) 
PARAMETRIC_REPRESENTATION_CONTEXT() REPRESENTATION_CONTEXT('2D SPACE',''
  ) );
#2811 = ORIENTED_EDGE('',*,*,#2760,.T.);
#2812 = ORIENTED_EDGE('',*,*,#475,.F.);
#2813 = ORIENTED_EDGE('',*,*,#2814,.F.);
#2814 = EDGE_CURVE('',#2785,#448,#2815,.T.);
#2815 = SURFACE_CURVE('',#2816,(#2820,#2827),.PCURVE_S1.);
#2816 = LINE('',#2817,#2818);
#2817 = CARTESIAN_POINT('',(-24.29221494289,42.82812502513,7.5));
#2818 = VECTOR('',#2819,1.);
#2819 = DIRECTION('',(0.,-1.224646799147E-16,-1.));
#2820 = PCURVE('',#496,#2821);
#2821 = DEFINITIONAL_REPRESENTATION('',(#2822),#2826);
#2822 = LINE('',#2823,#2824);
#2823 = CARTESIAN_POINT('',(-1.489735924238,0.));
#2824 = VECTOR('',#2825,1.);
#2825 = DIRECTION('',(-0.,-1.));
#2826 = ( GEOMETRIC_REPRESENTATION_CONTEXT(2) 
PARAMETRIC_REPRESENTATION_CONTEXT() REPRESENTATION_CONTEXT('2D SPACE',''
  ) );
#2827 = PCURVE('',#463,#2828);
#2828 = DEFINITIONAL_REPRESENTATION('',(#2829),#2833);
#2829 = LINE('',#2830,#2831);
#2830 = CARTESIAN_POINT('',(0.,0.));
#2831 = VECTOR('',#2832,1.);
#2832 = DIRECTION('',(0.,-1.));
#2833 = ( GEOMETRIC_REPRESENTATION_CONTEXT(2) 
PARAMETRIC_REPRESENTATION_CONTEXT() REPRESENTATION_CONTEXT('2D SPACE',''
  ) );
#2834 = ADVANCED_FACE('',(#2835),#562,.F.);
#2835 = FACE_BOUND('',#2836,.T.);
#2836 = EDGE_LOOP('',(#2837,#2865,#2886,#2887));
#2837 = ORIENTED_EDGE('',*,*,#2838,.T.);
#2838 = EDGE_CURVE('',#2709,#2839,#2841,.T.);
#2839 = VERTEX_POINT('',#2840);
#2840 = CARTESIAN_POINT('',(36.555330522418,32.985872891236,6.5));
#2841 = SURFACE_CURVE('',#2842,(#2847,#2854),.PCURVE_S1.);
#2842 = CIRCLE('',#2843,4.);
#2843 = AXIS2_PLACEMENT_3D('',#2844,#2845,#2846);
#2844 = CARTESIAN_POINT('',(33.875610523052,35.955569967538,6.5));
#2845 = DIRECTION('',(-1.232595164408E-32,1.224646799147E-16,1.));
#2846 = DIRECTION('',(0.669929999842,-0.742424269075,9.092075047326E-17)
  );
#2847 = PCURVE('',#562,#2848);
#2848 = DEFINITIONAL_REPRESENTATION('',(#2849),#2853);
#2849 = LINE('',#2850,#2851);
#2850 = CARTESIAN_POINT('',(-6.28318530718,-1.));
#2851 = VECTOR('',#2852,1.);
#2852 = DIRECTION('',(1.,-0.));
#2853 = ( GEOMETRIC_REPRESENTATION_CONTEXT(2) 
PARAMETRIC_REPRESENTATION_CONTEXT() REPRESENTATION_CONTEXT('2D SPACE',''
  ) );
#2854 = PCURVE('',#43,#2855);
#2855 = DEFINITIONAL_REPRESENTATION('',(#2856),#2864);
#2856 = ( BOUNDED_CURVE() B_SPLINE_CURVE(2,(#2857,#2858,#2859,#2860,
#2861,#2862,#2863),.UNSPECIFIED.,.T.,.F.) B_SPLINE_CURVE_WITH_KNOTS((1,2
    ,2,2,2,1),(-2.094395102393,0.,2.094395102393,4.188790204786,
6.28318530718,8.377580409573),.UNSPECIFIED.) CURVE() 
GEOMETRIC_REPRESENTATION_ITEM() RATIONAL_B_SPLINE_CURVE((1.,0.5,1.,0.5,
1.,0.5,1.)) REPRESENTATION_ITEM('') );
#2857 = CARTESIAN_POINT('',(36.555330522418,-32.98587289123));
#2858 = CARTESIAN_POINT('',(41.698996741662,-37.62728408019));
#2859 = CARTESIAN_POINT('',(35.10758363299,-39.76112410016));
#2860 = CARTESIAN_POINT('',(28.516170524319,-41.89496412014));
#2861 = CARTESIAN_POINT('',(29.963917413747,-35.1197129112));
#2862 = CARTESIAN_POINT('',(31.411664303174,-28.34446170227));
#2863 = CARTESIAN_POINT('',(36.555330522418,-32.98587289123));
#2864 = ( GEOMETRIC_REPRESENTATION_CONTEXT(2) 
PARAMETRIC_REPRESENTATION_CONTEXT() REPRESENTATION_CONTEXT('2D SPACE',''
  ) );
#2865 = ORIENTED_EDGE('',*,*,#2866,.T.);
#2866 = EDGE_CURVE('',#2839,#542,#2867,.T.);
#2867 = SURFACE_CURVE('',#2868,(#2872,#2879),.PCURVE_S1.);
#2868 = LINE('',#2869,#2870);
#2869 = CARTESIAN_POINT('',(36.555330522418,32.985872891236,7.5));
#2870 = VECTOR('',#2871,1.);
#2871 = DIRECTION('',(0.,-1.224646799147E-16,-1.));
#2872 = PCURVE('',#562,#2873);
#2873 = DEFINITIONAL_REPRESENTATION('',(#2874),#2878);
#2874 = LINE('',#2875,#2876);
#2875 = CARTESIAN_POINT('',(-0.,0.));
#2876 = VECTOR('',#2877,1.);
#2877 = DIRECTION('',(-0.,-1.));
#2878 = ( GEOMETRIC_REPRESENTATION_CONTEXT(2) 
PARAMETRIC_REPRESENTATION_CONTEXT() REPRESENTATION_CONTEXT('2D SPACE',''
  ) );
#2879 = PCURVE('',#590,#2880);
#2880 = DEFINITIONAL_REPRESENTATION('',(#2881),#2885);
#2881 = LINE('',#2882,#2883);
#2882 = CARTESIAN_POINT('',(36.969459910417,5.196370412845E-16));
#2883 = VECTOR('',#2884,1.);
#2884 = DIRECTION('',(0.,-1.));
#2885 = ( GEOMETRIC_REPRESENTATION_CONTEXT(2) 
PARAMETRIC_REPRESENTATION_CONTEXT() REPRESENTATION_CONTEXT('2D SPACE',''
  ) );
#2886 = ORIENTED_EDGE('',*,*,#541,.F.);
#2887 = ORIENTED_EDGE('',*,*,#2738,.F.);
#2888 = ADVANCED_FACE('',(#2889),#463,.T.);
#2889 = FACE_BOUND('',#2890,.T.);
#2890 = EDGE_LOOP('',(#2891,#2914,#2915,#2916));
#2891 = ORIENTED_EDGE('',*,*,#2892,.F.);
#2892 = EDGE_CURVE('',#2785,#2893,#2895,.T.);
#2893 = VERTEX_POINT('',#2894);
#2894 = CARTESIAN_POINT('',(-42.53166191674,74.98498339401,6.5));
#2895 = SURFACE_CURVE('',#2896,(#2900,#2907),.PCURVE_S1.);
#2896 = LINE('',#2897,#2898);
#2897 = CARTESIAN_POINT('',(-12.14610747144,21.414062512565,6.5));
#2898 = VECTOR('',#2899,1.);
#2899 = DIRECTION('',(-0.493365253862,0.869822238323,-1.06522501999E-16)
  );
#2900 = PCURVE('',#463,#2901);
#2901 = DEFINITIONAL_REPRESENTATION('',(#2902),#2906);
#2902 = LINE('',#2903,#2904);
#2903 = CARTESIAN_POINT('',(-24.61889518235,-1.));
#2904 = VECTOR('',#2905,1.);
#2905 = DIRECTION('',(1.,0.));
#2906 = ( GEOMETRIC_REPRESENTATION_CONTEXT(2) 
PARAMETRIC_REPRESENTATION_CONTEXT() REPRESENTATION_CONTEXT('2D SPACE',''
  ) );
#2907 = PCURVE('',#43,#2908);
#2908 = DEFINITIONAL_REPRESENTATION('',(#2909),#2913);
#2909 = LINE('',#2910,#2911);
#2910 = CARTESIAN_POINT('',(-12.14610747144,-21.41406251256));
#2911 = VECTOR('',#2912,1.);
#2912 = DIRECTION('',(-0.493365253862,-0.869822238323));
#2913 = ( GEOMETRIC_REPRESENTATION_CONTEXT(2) 
PARAMETRIC_REPRESENTATION_CONTEXT() REPRESENTATION_CONTEXT('2D SPACE',''
  ) );
#2914 = ORIENTED_EDGE('',*,*,#2814,.T.);
#2915 = ORIENTED_EDGE('',*,*,#447,.F.);
#2916 = ORIENTED_EDGE('',*,*,#2917,.F.);
#2917 = EDGE_CURVE('',#2893,#415,#2918,.T.);
#2918 = SURFACE_CURVE('',#2919,(#2923,#2930),.PCURVE_S1.);
#2919 = LINE('',#2920,#2921);
#2920 = CARTESIAN_POINT('',(-42.53166191674,74.98498339401,7.5));
#2921 = VECTOR('',#2922,1.);
#2922 = DIRECTION('',(0.,-1.224646799147E-16,-1.));
#2923 = PCURVE('',#463,#2924);
#2924 = DEFINITIONAL_REPRESENTATION('',(#2925),#2929);
#2925 = LINE('',#2926,#2927);
#2926 = CARTESIAN_POINT('',(36.969459910418,3.853656884079E-16));
#2927 = VECTOR('',#2928,1.);
#2928 = DIRECTION('',(0.,-1.));
#2929 = ( GEOMETRIC_REPRESENTATION_CONTEXT(2) 
PARAMETRIC_REPRESENTATION_CONTEXT() REPRESENTATION_CONTEXT('2D SPACE',''
  ) );
#2930 = PCURVE('',#435,#2931);
#2931 = DEFINITIONAL_REPRESENTATION('',(#2932),#2936);
#2932 = LINE('',#2933,#2934);
#2933 = CARTESIAN_POINT('',(-0.,0.));
#2934 = VECTOR('',#2935,1.);
#2935 = DIRECTION('',(-0.,-1.));
#2936 = ( GEOMETRIC_REPRESENTATION_CONTEXT(2) 
PARAMETRIC_REPRESENTATION_CONTEXT() REPRESENTATION_CONTEXT('2D SPACE',''
  ) );
#2937 = ADVANCED_FACE('',(#2938),#590,.T.);
#2938 = FACE_BOUND('',#2939,.T.);
#2939 = EDGE_LOOP('',(#2940,#2963,#2984,#2985));
#2940 = ORIENTED_EDGE('',*,*,#2941,.F.);
#2941 = EDGE_CURVE('',#2942,#2839,#2944,.T.);
#2942 = VERTEX_POINT('',#2943);
#2943 = CARTESIAN_POINT('',(64.002354774525,57.752823163165,6.5));
#2944 = SURFACE_CURVE('',#2945,(#2949,#2956),.PCURVE_S1.);
#2945 = LINE('',#2946,#2947);
#2946 = CARTESIAN_POINT('',(32.001177387263,28.876411581583,6.5));
#2947 = VECTOR('',#2948,1.);
#2948 = DIRECTION('',(-0.742424269075,-0.669929999842,8.204276299588E-17
    ));
#2949 = PCURVE('',#590,#2950);
#2950 = DEFINITIONAL_REPRESENTATION('',(#2951),#2955);
#2951 = LINE('',#2952,#2953);
#2952 = CARTESIAN_POINT('',(43.103625137568,-1.));
#2953 = VECTOR('',#2954,1.);
#2954 = DIRECTION('',(1.,0.));
#2955 = ( GEOMETRIC_REPRESENTATION_CONTEXT(2) 
PARAMETRIC_REPRESENTATION_CONTEXT() REPRESENTATION_CONTEXT('2D SPACE',''
  ) );
#2956 = PCURVE('',#43,#2957);
#2957 = DEFINITIONAL_REPRESENTATION('',(#2958),#2962);
#2958 = LINE('',#2959,#2960);
#2959 = CARTESIAN_POINT('',(32.001177387263,-28.87641158158));
#2960 = VECTOR('',#2961,1.);
#2961 = DIRECTION('',(-0.742424269075,0.669929999842));
#2962 = ( GEOMETRIC_REPRESENTATION_CONTEXT(2) 
PARAMETRIC_REPRESENTATION_CONTEXT() REPRESENTATION_CONTEXT('2D SPACE',''
  ) );
#2963 = ORIENTED_EDGE('',*,*,#2964,.T.);
#2964 = EDGE_CURVE('',#2942,#575,#2965,.T.);
#2965 = SURFACE_CURVE('',#2966,(#2970,#2977),.PCURVE_S1.);
#2966 = LINE('',#2967,#2968);
#2967 = CARTESIAN_POINT('',(64.002354774525,57.752823163165,7.5));
#2968 = VECTOR('',#2969,1.);
#2969 = DIRECTION('',(0.,-1.224646799147E-16,-1.));
#2970 = PCURVE('',#590,#2971);
#2971 = DEFINITIONAL_REPRESENTATION('',(#2972),#2976);
#2972 = LINE('',#2973,#2974);
#2973 = CARTESIAN_POINT('',(0.,0.));
#2974 = VECTOR('',#2975,1.);
#2975 = DIRECTION('',(0.,-1.));
#2976 = ( GEOMETRIC_REPRESENTATION_CONTEXT(2) 
PARAMETRIC_REPRESENTATION_CONTEXT() REPRESENTATION_CONTEXT('2D SPACE',''
  ) );
#2977 = PCURVE('',#621,#2978);
#2978 = DEFINITIONAL_REPRESENTATION('',(#2979),#2983);
#2979 = LINE('',#2980,#2981);
#2980 = CARTESIAN_POINT('',(-1.617162880651,0.));
#2981 = VECTOR('',#2982,1.);
#2982 = DIRECTION('',(-0.,-1.));
#2983 = ( GEOMETRIC_REPRESENTATION_CONTEXT(2) 
PARAMETRIC_REPRESENTATION_CONTEXT() REPRESENTATION_CONTEXT('2D SPACE',''
  ) );
#2984 = ORIENTED_EDGE('',*,*,#574,.F.);
#2985 = ORIENTED_EDGE('',*,*,#2866,.F.);
#2986 = ADVANCED_FACE('',(#2987),#435,.F.);
#2987 = FACE_BOUND('',#2988,.T.);
#2988 = EDGE_LOOP('',(#2989,#3017,#3018,#3019));
#2989 = ORIENTED_EDGE('',*,*,#2990,.T.);
#2990 = EDGE_CURVE('',#2991,#2893,#2993,.T.);
#2991 = VERTEX_POINT('',#2992);
#2992 = CARTESIAN_POINT('',(-40.86244818771,80.525463849063,6.5));
#2993 = SURFACE_CURVE('',#2994,(#2999,#3006),.PCURVE_S1.);
#2994 = CIRCLE('',#2995,4.);
#2995 = AXIS2_PLACEMENT_3D('',#2996,#2997,#2998);
#2996 = CARTESIAN_POINT('',(-39.05237296344,76.958444409459,6.5));
#2997 = DIRECTION('',(6.162975822039E-33,1.224646799147E-16,1.));
#2998 = DIRECTION('',(-0.869822238323,-0.493365253862,6.041981789527E-17
    ));
#2999 = PCURVE('',#435,#3000);
#3000 = DEFINITIONAL_REPRESENTATION('',(#3001),#3005);
#3001 = LINE('',#3002,#3003);
#3002 = CARTESIAN_POINT('',(-6.28318530718,-1.));
#3003 = VECTOR('',#3004,1.);
#3004 = DIRECTION('',(1.,-0.));
#3005 = ( GEOMETRIC_REPRESENTATION_CONTEXT(2) 
PARAMETRIC_REPRESENTATION_CONTEXT() REPRESENTATION_CONTEXT('2D SPACE',''
  ) );
#3006 = PCURVE('',#43,#3007);
#3007 = DEFINITIONAL_REPRESENTATION('',(#3008),#3016);
#3008 = ( BOUNDED_CURVE() B_SPLINE_CURVE(2,(#3009,#3010,#3011,#3012,
#3013,#3014,#3015),.UNSPECIFIED.,.T.,.F.) B_SPLINE_CURVE_WITH_KNOTS((1,2
    ,2,2,2,1),(-2.094395102393,0.,2.094395102393,4.188790204786,
6.28318530718,8.377580409573),.UNSPECIFIED.) CURVE() 
GEOMETRIC_REPRESENTATION_ITEM() RATIONAL_B_SPLINE_CURVE((1.,0.5,1.,0.5,
1.,0.5,1.)) REPRESENTATION_ITEM('') );
#3009 = CARTESIAN_POINT('',(-42.53166191674,-74.98498339401));
#3010 = CARTESIAN_POINT('',(-39.11352717122,-68.95867815269));
#3011 = CARTESIAN_POINT('',(-35.60366111404,-74.93202229652));
#3012 = CARTESIAN_POINT('',(-32.09379505686,-80.90536644035));
#3013 = CARTESIAN_POINT('',(-39.02179585955,-80.95832753784));
#3014 = CARTESIAN_POINT('',(-45.94979666225,-81.01128863532));
#3015 = CARTESIAN_POINT('',(-42.53166191674,-74.98498339401));
#3016 = ( GEOMETRIC_REPRESENTATION_CONTEXT(2) 
PARAMETRIC_REPRESENTATION_CONTEXT() REPRESENTATION_CONTEXT('2D SPACE',''
  ) );
#3017 = ORIENTED_EDGE('',*,*,#2917,.T.);
#3018 = ORIENTED_EDGE('',*,*,#414,.F.);
#3019 = ORIENTED_EDGE('',*,*,#3020,.F.);
#3020 = EDGE_CURVE('',#2991,#382,#3021,.T.);
#3021 = SURFACE_CURVE('',#3022,(#3026,#3033),.PCURVE_S1.);
#3022 = LINE('',#3023,#3024);
#3023 = CARTESIAN_POINT('',(-40.86244818771,80.525463849063,7.5));
#3024 = VECTOR('',#3025,1.);
#3025 = DIRECTION('',(0.,-1.224646799147E-16,-1.));
#3026 = PCURVE('',#435,#3027);
#3027 = DEFINITIONAL_REPRESENTATION('',(#3028),#3032);
#3028 = LINE('',#3029,#3030);
#3029 = CARTESIAN_POINT('',(-1.617162880651,0.));
#3030 = VECTOR('',#3031,1.);
#3031 = DIRECTION('',(-0.,-1.));
#3032 = ( GEOMETRIC_REPRESENTATION_CONTEXT(2) 
PARAMETRIC_REPRESENTATION_CONTEXT() REPRESENTATION_CONTEXT('2D SPACE',''
  ) );
#3033 = PCURVE('',#402,#3034);
#3034 = DEFINITIONAL_REPRESENTATION('',(#3035),#3039);
#3035 = LINE('',#3036,#3037);
#3036 = CARTESIAN_POINT('',(-4.6366553856E-02,0.));
#3037 = VECTOR('',#3038,1.);
#3038 = DIRECTION('',(-0.,-1.));
#3039 = ( GEOMETRIC_REPRESENTATION_CONTEXT(2) 
PARAMETRIC_REPRESENTATION_CONTEXT() REPRESENTATION_CONTEXT('2D SPACE',''
  ) );
#3040 = ADVANCED_FACE('',(#3041),#621,.F.);
#3041 = FACE_BOUND('',#3042,.T.);
#3042 = EDGE_LOOP('',(#3043,#3071,#3092,#3093));
#3043 = ORIENTED_EDGE('',*,*,#3044,.T.);
#3044 = EDGE_CURVE('',#2942,#3045,#3047,.T.);
#3045 = VERTEX_POINT('',#3046);
#3046 = CARTESIAN_POINT('',(64.164935344112,63.53700553446,6.5));
#3047 = SURFACE_CURVE('',#3048,(#3053,#3060),.PCURVE_S1.);
#3048 = CIRCLE('',#3049,4.);
#3049 = AXIS2_PLACEMENT_3D('',#3050,#3051,#3052);
#3050 = CARTESIAN_POINT('',(61.322634775159,60.722520239467,6.5));
#3051 = DIRECTION('',(0.,1.224646799147E-16,1.));
#3052 = DIRECTION('',(0.710575142238,0.703621323748,-8.6168760194E-17));
#3053 = PCURVE('',#621,#3054);
#3054 = DEFINITIONAL_REPRESENTATION('',(#3055),#3059);
#3055 = LINE('',#3056,#3057);
#3056 = CARTESIAN_POINT('',(-6.28318530718,-1.));
#3057 = VECTOR('',#3058,1.);
#3058 = DIRECTION('',(1.,-0.));
#3059 = ( GEOMETRIC_REPRESENTATION_CONTEXT(2) 
PARAMETRIC_REPRESENTATION_CONTEXT() REPRESENTATION_CONTEXT('2D SPACE',''
  ) );
#3060 = PCURVE('',#43,#3061);
#3061 = DEFINITIONAL_REPRESENTATION('',(#3062),#3070);
#3062 = ( BOUNDED_CURVE() B_SPLINE_CURVE(2,(#3063,#3064,#3065,#3066,
#3067,#3068,#3069),.UNSPECIFIED.,.T.,.F.) B_SPLINE_CURVE_WITH_KNOTS((1,2
    ,2,2,2,1),(-2.094395102393,0.,2.094395102393,4.188790204786,
6.28318530718,8.377580409573),.UNSPECIFIED.) CURVE() 
GEOMETRIC_REPRESENTATION_ITEM() RATIONAL_B_SPLINE_CURVE((1.,0.5,1.,0.5,
1.,0.5,1.)) REPRESENTATION_ITEM('') );
#3063 = CARTESIAN_POINT('',(64.164935344112,-63.53700553446));
#3064 = CARTESIAN_POINT('',(59.290103816029,-68.46001453026));
#3065 = CARTESIAN_POINT('',(57.464068726641,-61.77678208987));
#3066 = CARTESIAN_POINT('',(55.638033637253,-55.09354964948));
#3067 = CARTESIAN_POINT('',(62.338900254723,-56.85377309406));
#3068 = CARTESIAN_POINT('',(69.039766872194,-58.61399653865));
#3069 = CARTESIAN_POINT('',(64.164935344112,-63.53700553446));
#3070 = ( GEOMETRIC_REPRESENTATION_CONTEXT(2) 
PARAMETRIC_REPRESENTATION_CONTEXT() REPRESENTATION_CONTEXT('2D SPACE',''
  ) );
#3071 = ORIENTED_EDGE('',*,*,#3072,.T.);
#3072 = EDGE_CURVE('',#3045,#380,#3073,.T.);
#3073 = SURFACE_CURVE('',#3074,(#3078,#3085),.PCURVE_S1.);
#3074 = LINE('',#3075,#3076);
#3075 = CARTESIAN_POINT('',(64.164935344112,63.53700553446,7.5));
#3076 = VECTOR('',#3077,1.);
#3077 = DIRECTION('',(0.,-1.224646799147E-16,-1.));
#3078 = PCURVE('',#621,#3079);
#3079 = DEFINITIONAL_REPRESENTATION('',(#3080),#3084);
#3080 = LINE('',#3081,#3082);
#3081 = CARTESIAN_POINT('',(-0.,0.));
#3082 = VECTOR('',#3083,1.);
#3083 = DIRECTION('',(-0.,-1.));
#3084 = ( GEOMETRIC_REPRESENTATION_CONTEXT(2) 
PARAMETRIC_REPRESENTATION_CONTEXT() REPRESENTATION_CONTEXT('2D SPACE',''
  ) );
#3085 = PCURVE('',#402,#3086);
#3086 = DEFINITIONAL_REPRESENTATION('',(#3087),#3091);
#3087 = LINE('',#3088,#3089);
#3088 = CARTESIAN_POINT('',(-1.306269700596,0.));
#3089 = VECTOR('',#3090,1.);
#3090 = DIRECTION('',(-0.,-1.));
#3091 = ( GEOMETRIC_REPRESENTATION_CONTEXT(2) 
PARAMETRIC_REPRESENTATION_CONTEXT() REPRESENTATION_CONTEXT('2D SPACE',''
  ) );
#3092 = ORIENTED_EDGE('',*,*,#602,.F.);
#3093 = ORIENTED_EDGE('',*,*,#2964,.F.);
#3094 = ADVANCED_FACE('',(#3095),#402,.F.);
#3095 = FACE_BOUND('',#3096,.T.);
#3096 = EDGE_LOOP('',(#3097,#3123,#3124,#3125));
#3097 = ORIENTED_EDGE('',*,*,#3098,.T.);
#3098 = EDGE_CURVE('',#3045,#2991,#3099,.T.);
#3099 = SURFACE_CURVE('',#3100,(#3105,#3112),.PCURVE_S1.);
#3100 = CIRCLE('',#3101,90.3);
#3101 = AXIS2_PLACEMENT_3D('',#3102,#3103,#3104);
#3102 = CARTESIAN_POINT('',(8.733911313053E-15,3.046025329068E-14,6.5));
#3103 = DIRECTION('',(0.,1.224646799147E-16,1.));
#3104 = DIRECTION('',(-0.493365253862,0.869822238323,-1.06522501999E-16)
  );
#3105 = PCURVE('',#402,#3106);
#3106 = DEFINITIONAL_REPRESENTATION('',(#3107),#3111);
#3107 = LINE('',#3108,#3109);
#3108 = CARTESIAN_POINT('',(-6.28318530718,-1.));
#3109 = VECTOR('',#3110,1.);
#3110 = DIRECTION('',(1.,-0.));
#3111 = ( GEOMETRIC_REPRESENTATION_CONTEXT(2) 
PARAMETRIC_REPRESENTATION_CONTEXT() REPRESENTATION_CONTEXT('2D SPACE',''
  ) );
#3112 = PCURVE('',#43,#3113);
#3113 = DEFINITIONAL_REPRESENTATION('',(#3114),#3122);
#3114 = ( BOUNDED_CURVE() B_SPLINE_CURVE(2,(#3115,#3116,#3117,#3118,
#3119,#3120,#3121),.UNSPECIFIED.,.T.,.F.) B_SPLINE_CURVE_WITH_KNOTS((1,2
    ,2,2,2,1),(-2.094395102393,0.,2.094395102393,4.188790204786,
6.28318530718,8.377580409573),.UNSPECIFIED.) CURVE() 
GEOMETRIC_REPRESENTATION_ITEM() RATIONAL_B_SPLINE_CURVE((1.,0.5,1.,0.5,
1.,0.5,1.)) REPRESENTATION_ITEM('') );
#3115 = CARTESIAN_POINT('',(-44.55088242374,-78.54494812058));
#3116 = CARTESIAN_POINT('',(-180.5947232464,-1.380556240639));
#3117 = CARTESIAN_POINT('',(-45.74647919948,77.854670000269));
#3118 = CARTESIAN_POINT('',(89.101764847485,157.08989624117));
#3119 = CARTESIAN_POINT('',(90.297361623231,0.690278120319));
#3120 = CARTESIAN_POINT('',(91.492958398978,-155.7093400005));
#3121 = CARTESIAN_POINT('',(-44.55088242374,-78.54494812058));
#3122 = ( GEOMETRIC_REPRESENTATION_CONTEXT(2) 
PARAMETRIC_REPRESENTATION_CONTEXT() REPRESENTATION_CONTEXT('2D SPACE',''
  ) );
#3123 = ORIENTED_EDGE('',*,*,#3020,.T.);
#3124 = ORIENTED_EDGE('',*,*,#379,.F.);
#3125 = ORIENTED_EDGE('',*,*,#3072,.F.);
#3126 = ADVANCED_FACE('',(#3127),#365,.F.);
#3127 = FACE_BOUND('',#3128,.F.);
#3128 = EDGE_LOOP('',(#3129,#3130,#3153,#3175));
#3129 = ORIENTED_EDGE('',*,*,#348,.F.);
#3130 = ORIENTED_EDGE('',*,*,#3131,.F.);
#3131 = EDGE_CURVE('',#3132,#349,#3134,.T.);
#3132 = VERTEX_POINT('',#3133);
#3133 = CARTESIAN_POINT('',(-11.81443152877,32.544761199567,6.5));
#3134 = SEAM_CURVE('',#3135,(#3139,#3146),.PCURVE_S1.);
#3135 = LINE('',#3136,#3137);
#3136 = CARTESIAN_POINT('',(-11.81443152877,32.544761199567,18.));
#3137 = VECTOR('',#3138,1.);
#3138 = DIRECTION('',(0.,-1.224646799147E-16,-1.));
#3139 = PCURVE('',#365,#3140);
#3140 = DEFINITIONAL_REPRESENTATION('',(#3141),#3145);
#3141 = LINE('',#3142,#3143);
#3142 = CARTESIAN_POINT('',(6.28318530718,-0.));
#3143 = VECTOR('',#3144,1.);
#3144 = DIRECTION('',(0.,1.));
#3145 = ( GEOMETRIC_REPRESENTATION_CONTEXT(2) 
PARAMETRIC_REPRESENTATION_CONTEXT() REPRESENTATION_CONTEXT('2D SPACE',''
  ) );
#3146 = PCURVE('',#365,#3147);
#3147 = DEFINITIONAL_REPRESENTATION('',(#3148),#3152);
#3148 = LINE('',#3149,#3150);
#3149 = CARTESIAN_POINT('',(0.,-0.));
#3150 = VECTOR('',#3151,1.);
#3151 = DIRECTION('',(0.,1.));
#3152 = ( GEOMETRIC_REPRESENTATION_CONTEXT(2) 
PARAMETRIC_REPRESENTATION_CONTEXT() REPRESENTATION_CONTEXT('2D SPACE',''
  ) );
#3153 = ORIENTED_EDGE('',*,*,#3154,.T.);
#3154 = EDGE_CURVE('',#3132,#3132,#3155,.T.);
#3155 = SURFACE_CURVE('',#3156,(#3161,#3168),.PCURVE_S1.);
#3156 = CIRCLE('',#3157,2.);
#3157 = AXIS2_PLACEMENT_3D('',#3158,#3159,#3160);
#3158 = CARTESIAN_POINT('',(-13.81443152877,32.544761199567,6.5));
#3159 = DIRECTION('',(0.,-1.224646799147E-16,-1.));
#3160 = DIRECTION('',(1.,0.,0.));
#3161 = PCURVE('',#365,#3162);
#3162 = DEFINITIONAL_REPRESENTATION('',(#3163),#3167);
#3163 = LINE('',#3164,#3165);
#3164 = CARTESIAN_POINT('',(0.,11.5));
#3165 = VECTOR('',#3166,1.);
#3166 = DIRECTION('',(1.,0.));
#3167 = ( GEOMETRIC_REPRESENTATION_CONTEXT(2) 
PARAMETRIC_REPRESENTATION_CONTEXT() REPRESENTATION_CONTEXT('2D SPACE',''
  ) );
#3168 = PCURVE('',#43,#3169);
#3169 = DEFINITIONAL_REPRESENTATION('',(#3170),#3174);
#3170 = CIRCLE('',#3171,2.);
#3171 = AXIS2_PLACEMENT_2D('',#3172,#3173);
#3172 = CARTESIAN_POINT('',(-13.81443152877,-32.54476119956));
#3173 = DIRECTION('',(1.,-0.));
#3174 = ( GEOMETRIC_REPRESENTATION_CONTEXT(2) 
PARAMETRIC_REPRESENTATION_CONTEXT() REPRESENTATION_CONTEXT('2D SPACE',''
  ) );
#3175 = ORIENTED_EDGE('',*,*,#3131,.T.);
#3176 = ADVANCED_FACE('',(#3177),#334,.F.);
#3177 = FACE_BOUND('',#3178,.F.);
#3178 = EDGE_LOOP('',(#3179,#3180,#3203,#3225));
#3179 = ORIENTED_EDGE('',*,*,#317,.F.);
#3180 = ORIENTED_EDGE('',*,*,#3181,.F.);
#3181 = EDGE_CURVE('',#3182,#318,#3184,.T.);
#3182 = VERTEX_POINT('',#3183);
#3183 = CARTESIAN_POINT('',(-40.19423824944,24.765,6.5));
#3184 = SEAM_CURVE('',#3185,(#3189,#3196),.PCURVE_S1.);
#3185 = LINE('',#3186,#3187);
#3186 = CARTESIAN_POINT('',(-40.19423824944,24.765,18.));
#3187 = VECTOR('',#3188,1.);
#3188 = DIRECTION('',(0.,-1.224646799147E-16,-1.));
#3189 = PCURVE('',#334,#3190);
#3190 = DEFINITIONAL_REPRESENTATION('',(#3191),#3195);
#3191 = LINE('',#3192,#3193);
#3192 = CARTESIAN_POINT('',(6.28318530718,-0.));
#3193 = VECTOR('',#3194,1.);
#3194 = DIRECTION('',(0.,1.));
#3195 = ( GEOMETRIC_REPRESENTATION_CONTEXT(2) 
PARAMETRIC_REPRESENTATION_CONTEXT() REPRESENTATION_CONTEXT('2D SPACE',''
  ) );
#3196 = PCURVE('',#334,#3197);
#3197 = DEFINITIONAL_REPRESENTATION('',(#3198),#3202);
#3198 = LINE('',#3199,#3200);
#3199 = CARTESIAN_POINT('',(0.,-0.));
#3200 = VECTOR('',#3201,1.);
#3201 = DIRECTION('',(0.,1.));
#3202 = ( GEOMETRIC_REPRESENTATION_CONTEXT(2) 
PARAMETRIC_REPRESENTATION_CONTEXT() REPRESENTATION_CONTEXT('2D SPACE',''
  ) );
#3203 = ORIENTED_EDGE('',*,*,#3204,.T.);
#3204 = EDGE_CURVE('',#3182,#3182,#3205,.T.);
#3205 = SURFACE_CURVE('',#3206,(#3211,#3218),.PCURVE_S1.);
#3206 = CIRCLE('',#3207,2.7);
#3207 = AXIS2_PLACEMENT_3D('',#3208,#3209,#3210);
#3208 = CARTESIAN_POINT('',(-42.89423824944,24.765,6.5));
#3209 = DIRECTION('',(0.,-1.224646799147E-16,-1.));
#3210 = DIRECTION('',(1.,0.,0.));
#3211 = PCURVE('',#334,#3212);
#3212 = DEFINITIONAL_REPRESENTATION('',(#3213),#3217);
#3213 = LINE('',#3214,#3215);
#3214 = CARTESIAN_POINT('',(0.,11.5));
#3215 = VECTOR('',#3216,1.);
#3216 = DIRECTION('',(1.,0.));
#3217 = ( GEOMETRIC_REPRESENTATION_CONTEXT(2) 
PARAMETRIC_REPRESENTATION_CONTEXT() REPRESENTATION_CONTEXT('2D SPACE',''
  ) );
#3218 = PCURVE('',#43,#3219);
#3219 = DEFINITIONAL_REPRESENTATION('',(#3220),#3224);
#3220 = CIRCLE('',#3221,2.7);
#3221 = AXIS2_PLACEMENT_2D('',#3222,#3223);
#3222 = CARTESIAN_POINT('',(-42.89423824944,-24.765));
#3223 = DIRECTION('',(1.,-0.));
#3224 = ( GEOMETRIC_REPRESENTATION_CONTEXT(2) 
PARAMETRIC_REPRESENTATION_CONTEXT() REPRESENTATION_CONTEXT('2D SPACE',''
  ) );
#3225 = ORIENTED_EDGE('',*,*,#3181,.T.);
#3226 = ADVANCED_FACE('',(#3227),#303,.F.);
#3227 = FACE_BOUND('',#3228,.F.);
#3228 = EDGE_LOOP('',(#3229,#3230,#3253,#3280));
#3229 = ORIENTED_EDGE('',*,*,#286,.F.);
#3230 = ORIENTED_EDGE('',*,*,#3231,.F.);
#3231 = EDGE_CURVE('',#3232,#287,#3234,.T.);
#3232 = VERTEX_POINT('',#3233);
#3233 = CARTESIAN_POINT('',(-31.08423121844,36.125887874694,10.4));
#3234 = SEAM_CURVE('',#3235,(#3239,#3246),.PCURVE_S1.);
#3235 = LINE('',#3236,#3237);
#3236 = CARTESIAN_POINT('',(-31.08423121844,36.125887874694,18.));
#3237 = VECTOR('',#3238,1.);
#3238 = DIRECTION('',(0.,-1.224646799147E-16,-1.));
#3239 = PCURVE('',#303,#3240);
#3240 = DEFINITIONAL_REPRESENTATION('',(#3241),#3245);
#3241 = LINE('',#3242,#3243);
#3242 = CARTESIAN_POINT('',(6.28318530718,-0.));
#3243 = VECTOR('',#3244,1.);
#3244 = DIRECTION('',(0.,1.));
#3245 = ( GEOMETRIC_REPRESENTATION_CONTEXT(2) 
PARAMETRIC_REPRESENTATION_CONTEXT() REPRESENTATION_CONTEXT('2D SPACE',''
  ) );
#3246 = PCURVE('',#303,#3247);
#3247 = DEFINITIONAL_REPRESENTATION('',(#3248),#3252);
#3248 = LINE('',#3249,#3250);
#3249 = CARTESIAN_POINT('',(0.,-0.));
#3250 = VECTOR('',#3251,1.);
#3251 = DIRECTION('',(0.,1.));
#3252 = ( GEOMETRIC_REPRESENTATION_CONTEXT(2) 
PARAMETRIC_REPRESENTATION_CONTEXT() REPRESENTATION_CONTEXT('2D SPACE',''
  ) );
#3253 = ORIENTED_EDGE('',*,*,#3254,.T.);
#3254 = EDGE_CURVE('',#3232,#3232,#3255,.T.);
#3255 = SURFACE_CURVE('',#3256,(#3261,#3268),.PCURVE_S1.);
#3256 = CIRCLE('',#3257,2.8);
#3257 = AXIS2_PLACEMENT_3D('',#3258,#3259,#3260);
#3258 = CARTESIAN_POINT('',(-33.88423121844,36.125887874694,10.4));
#3259 = DIRECTION('',(0.,-1.224646799147E-16,-1.));
#3260 = DIRECTION('',(1.,0.,0.));
#3261 = PCURVE('',#303,#3262);
#3262 = DEFINITIONAL_REPRESENTATION('',(#3263),#3267);
#3263 = LINE('',#3264,#3265);
#3264 = CARTESIAN_POINT('',(0.,7.6));
#3265 = VECTOR('',#3266,1.);
#3266 = DIRECTION('',(1.,0.));
#3267 = ( GEOMETRIC_REPRESENTATION_CONTEXT(2) 
PARAMETRIC_REPRESENTATION_CONTEXT() REPRESENTATION_CONTEXT('2D SPACE',''
  ) );
#3268 = PCURVE('',#3269,#3274);
#3269 = PLANE('',#3270);
#3270 = AXIS2_PLACEMENT_3D('',#3271,#3272,#3273);
#3271 = CARTESIAN_POINT('',(-33.88423121844,36.125887874694,10.4));
#3272 = DIRECTION('',(0.,-1.224646799147E-16,-1.));
#3273 = DIRECTION('',(1.,0.,0.));
#3274 = DEFINITIONAL_REPRESENTATION('',(#3275),#3279);
#3275 = CIRCLE('',#3276,2.8);
#3276 = AXIS2_PLACEMENT_2D('',#3277,#3278);
#3277 = CARTESIAN_POINT('',(0.,0.));
#3278 = DIRECTION('',(1.,0.));
#3279 = ( GEOMETRIC_REPRESENTATION_CONTEXT(2) 
PARAMETRIC_REPRESENTATION_CONTEXT() REPRESENTATION_CONTEXT('2D SPACE',''
  ) );
#3280 = ORIENTED_EDGE('',*,*,#3231,.T.);
#3281 = ADVANCED_FACE('',(#3282,#3313),#3269,.F.);
#3282 = FACE_BOUND('',#3283,.F.);
#3283 = EDGE_LOOP('',(#3284));
#3284 = ORIENTED_EDGE('',*,*,#3285,.T.);
#3285 = EDGE_CURVE('',#3286,#3286,#3288,.T.);
#3286 = VERTEX_POINT('',#3287);
#3287 = CARTESIAN_POINT('',(-27.73423121844,36.125887874694,10.4));
#3288 = SURFACE_CURVE('',#3289,(#3294,#3301),.PCURVE_S1.);
#3289 = CIRCLE('',#3290,6.15);
#3290 = AXIS2_PLACEMENT_3D('',#3291,#3292,#3293);
#3291 = CARTESIAN_POINT('',(-33.88423121844,36.125887874694,10.4));
#3292 = DIRECTION('',(0.,-1.224646799147E-16,-1.));
#3293 = DIRECTION('',(1.,0.,0.));
#3294 = PCURVE('',#3269,#3295);
#3295 = DEFINITIONAL_REPRESENTATION('',(#3296),#3300);
#3296 = CIRCLE('',#3297,6.15);
#3297 = AXIS2_PLACEMENT_2D('',#3298,#3299);
#3298 = CARTESIAN_POINT('',(0.,0.));
#3299 = DIRECTION('',(1.,0.));
#3300 = ( GEOMETRIC_REPRESENTATION_CONTEXT(2) 
PARAMETRIC_REPRESENTATION_CONTEXT() REPRESENTATION_CONTEXT('2D SPACE',''
  ) );
#3301 = PCURVE('',#3302,#3307);
#3302 = CYLINDRICAL_SURFACE('',#3303,6.15);
#3303 = AXIS2_PLACEMENT_3D('',#3304,#3305,#3306);
#3304 = CARTESIAN_POINT('',(-33.88423121844,36.125887874694,10.4));
#3305 = DIRECTION('',(0.,-1.224646799147E-16,-1.));
#3306 = DIRECTION('',(1.,0.,0.));
#3307 = DEFINITIONAL_REPRESENTATION('',(#3308),#3312);
#3308 = LINE('',#3309,#3310);
#3309 = CARTESIAN_POINT('',(0.,0.));
#3310 = VECTOR('',#3311,1.);
#3311 = DIRECTION('',(1.,0.));
#3312 = ( GEOMETRIC_REPRESENTATION_CONTEXT(2) 
PARAMETRIC_REPRESENTATION_CONTEXT() REPRESENTATION_CONTEXT('2D SPACE',''
  ) );
#3313 = FACE_BOUND('',#3314,.F.);
#3314 = EDGE_LOOP('',(#3315));
#3315 = ORIENTED_EDGE('',*,*,#3254,.F.);
#3316 = ADVANCED_FACE('',(#3317),#3302,.T.);
#3317 = FACE_BOUND('',#3318,.T.);
#3318 = EDGE_LOOP('',(#3319,#3348,#3369,#3370));
#3319 = ORIENTED_EDGE('',*,*,#3320,.F.);
#3320 = EDGE_CURVE('',#3321,#3321,#3323,.T.);
#3321 = VERTEX_POINT('',#3322);
#3322 = CARTESIAN_POINT('',(-27.73423121844,36.125887874694,8.));
#3323 = SURFACE_CURVE('',#3324,(#3329,#3336),.PCURVE_S1.);
#3324 = CIRCLE('',#3325,6.15);
#3325 = AXIS2_PLACEMENT_3D('',#3326,#3327,#3328);
#3326 = CARTESIAN_POINT('',(-33.88423121844,36.125887874694,8.));
#3327 = DIRECTION('',(0.,-1.224646799147E-16,-1.));
#3328 = DIRECTION('',(1.,0.,0.));
#3329 = PCURVE('',#3302,#3330);
#3330 = DEFINITIONAL_REPRESENTATION('',(#3331),#3335);
#3331 = LINE('',#3332,#3333);
#3332 = CARTESIAN_POINT('',(0.,2.4));
#3333 = VECTOR('',#3334,1.);
#3334 = DIRECTION('',(1.,0.));
#3335 = ( GEOMETRIC_REPRESENTATION_CONTEXT(2) 
PARAMETRIC_REPRESENTATION_CONTEXT() REPRESENTATION_CONTEXT('2D SPACE',''
  ) );
#3336 = PCURVE('',#3337,#3342);
#3337 = TOROIDAL_SURFACE('',#3338,7.65,1.5);
#3338 = AXIS2_PLACEMENT_3D('',#3339,#3340,#3341);
#3339 = CARTESIAN_POINT('',(-33.88423121844,36.125887874694,8.));
#3340 = DIRECTION('',(0.,-1.224646799147E-16,-1.));
#3341 = DIRECTION('',(1.,0.,0.));
#3342 = DEFINITIONAL_REPRESENTATION('',(#3343),#3347);
#3343 = LINE('',#3344,#3345);
#3344 = CARTESIAN_POINT('',(0.,3.14159265359));
#3345 = VECTOR('',#3346,1.);
#3346 = DIRECTION('',(1.,0.));
#3347 = ( GEOMETRIC_REPRESENTATION_CONTEXT(2) 
PARAMETRIC_REPRESENTATION_CONTEXT() REPRESENTATION_CONTEXT('2D SPACE',''
  ) );
#3348 = ORIENTED_EDGE('',*,*,#3349,.F.);
#3349 = EDGE_CURVE('',#3286,#3321,#3350,.T.);
#3350 = SEAM_CURVE('',#3351,(#3355,#3362),.PCURVE_S1.);
#3351 = LINE('',#3352,#3353);
#3352 = CARTESIAN_POINT('',(-27.73423121844,36.125887874694,10.4));
#3353 = VECTOR('',#3354,1.);
#3354 = DIRECTION('',(0.,-1.224646799147E-16,-1.));
#3355 = PCURVE('',#3302,#3356);
#3356 = DEFINITIONAL_REPRESENTATION('',(#3357),#3361);
#3357 = LINE('',#3358,#3359);
#3358 = CARTESIAN_POINT('',(6.28318530718,-0.));
#3359 = VECTOR('',#3360,1.);
#3360 = DIRECTION('',(0.,1.));
#3361 = ( GEOMETRIC_REPRESENTATION_CONTEXT(2) 
PARAMETRIC_REPRESENTATION_CONTEXT() REPRESENTATION_CONTEXT('2D SPACE',''
  ) );
#3362 = PCURVE('',#3302,#3363);
#3363 = DEFINITIONAL_REPRESENTATION('',(#3364),#3368);
#3364 = LINE('',#3365,#3366);
#3365 = CARTESIAN_POINT('',(0.,-0.));
#3366 = VECTOR('',#3367,1.);
#3367 = DIRECTION('',(0.,1.));
#3368 = ( GEOMETRIC_REPRESENTATION_CONTEXT(2) 
PARAMETRIC_REPRESENTATION_CONTEXT() REPRESENTATION_CONTEXT('2D SPACE',''
  ) );
#3369 = ORIENTED_EDGE('',*,*,#3285,.T.);
#3370 = ORIENTED_EDGE('',*,*,#3349,.T.);
#3371 = ADVANCED_FACE('',(#3372),#3337,.F.);
#3372 = FACE_BOUND('',#3373,.F.);
#3373 = EDGE_LOOP('',(#3374,#3398,#3420,#3421));
#3374 = ORIENTED_EDGE('',*,*,#3375,.T.);
#3375 = EDGE_CURVE('',#3376,#3376,#3378,.T.);
#3376 = VERTEX_POINT('',#3377);
#3377 = CARTESIAN_POINT('',(-26.23423121844,36.125887874694,6.5));
#3378 = SURFACE_CURVE('',#3379,(#3384,#3391),.PCURVE_S1.);
#3379 = CIRCLE('',#3380,7.65);
#3380 = AXIS2_PLACEMENT_3D('',#3381,#3382,#3383);
#3381 = CARTESIAN_POINT('',(-33.88423121844,36.125887874694,6.5));
#3382 = DIRECTION('',(0.,-1.224646799147E-16,-1.));
#3383 = DIRECTION('',(1.,0.,0.));
#3384 = PCURVE('',#3337,#3385);
#3385 = DEFINITIONAL_REPRESENTATION('',(#3386),#3390);
#3386 = LINE('',#3387,#3388);
#3387 = CARTESIAN_POINT('',(0.,1.570796326795));
#3388 = VECTOR('',#3389,1.);
#3389 = DIRECTION('',(1.,0.));
#3390 = ( GEOMETRIC_REPRESENTATION_CONTEXT(2) 
PARAMETRIC_REPRESENTATION_CONTEXT() REPRESENTATION_CONTEXT('2D SPACE',''
  ) );
#3391 = PCURVE('',#43,#3392);
#3392 = DEFINITIONAL_REPRESENTATION('',(#3393),#3397);
#3393 = CIRCLE('',#3394,7.65);
#3394 = AXIS2_PLACEMENT_2D('',#3395,#3396);
#3395 = CARTESIAN_POINT('',(-33.88423121844,-36.12588787469));
#3396 = DIRECTION('',(1.,-0.));
#3397 = ( GEOMETRIC_REPRESENTATION_CONTEXT(2) 
PARAMETRIC_REPRESENTATION_CONTEXT() REPRESENTATION_CONTEXT('2D SPACE',''
  ) );
#3398 = ORIENTED_EDGE('',*,*,#3399,.T.);
#3399 = EDGE_CURVE('',#3376,#3321,#3400,.T.);
#3400 = SEAM_CURVE('',#3401,(#3406,#3413),.PCURVE_S1.);
#3401 = CIRCLE('',#3402,1.5);
#3402 = AXIS2_PLACEMENT_3D('',#3403,#3404,#3405);
#3403 = CARTESIAN_POINT('',(-26.23423121844,36.125887874694,8.));
#3404 = DIRECTION('',(0.,1.,-1.224646799147E-16));
#3405 = DIRECTION('',(-1.184237892933E-15,-1.224646799147E-16,-1.));
#3406 = PCURVE('',#3337,#3407);
#3407 = DEFINITIONAL_REPRESENTATION('',(#3408),#3412);
#3408 = LINE('',#3409,#3410);
#3409 = CARTESIAN_POINT('',(0.,1.570796326795));
#3410 = VECTOR('',#3411,1.);
#3411 = DIRECTION('',(0.,1.));
#3412 = ( GEOMETRIC_REPRESENTATION_CONTEXT(2) 
PARAMETRIC_REPRESENTATION_CONTEXT() REPRESENTATION_CONTEXT('2D SPACE',''
  ) );
#3413 = PCURVE('',#3337,#3414);
#3414 = DEFINITIONAL_REPRESENTATION('',(#3415),#3419);
#3415 = LINE('',#3416,#3417);
#3416 = CARTESIAN_POINT('',(6.28318530718,1.570796326795));
#3417 = VECTOR('',#3418,1.);
#3418 = DIRECTION('',(0.,1.));
#3419 = ( GEOMETRIC_REPRESENTATION_CONTEXT(2) 
PARAMETRIC_REPRESENTATION_CONTEXT() REPRESENTATION_CONTEXT('2D SPACE',''
  ) );
#3420 = ORIENTED_EDGE('',*,*,#3320,.F.);
#3421 = ORIENTED_EDGE('',*,*,#3399,.F.);
#3422 = ADVANCED_FACE('',(#3423,#3477,#3771,#4071,#4371,#4671,#4965),
  #272,.T.);
#3423 = FACE_BOUND('',#3424,.T.);
#3424 = EDGE_LOOP('',(#3425,#3454,#3475,#3476));
#3425 = ORIENTED_EDGE('',*,*,#3426,.T.);
#3426 = EDGE_CURVE('',#3427,#3427,#3429,.T.);
#3427 = VERTEX_POINT('',#3428);
#3428 = CARTESIAN_POINT('',(101.3,0.,17.));
#3429 = SURFACE_CURVE('',#3430,(#3435,#3442),.PCURVE_S1.);
#3430 = CIRCLE('',#3431,101.3);
#3431 = AXIS2_PLACEMENT_3D('',#3432,#3433,#3434);
#3432 = CARTESIAN_POINT('',(0.,0.,17.));
#3433 = DIRECTION('',(0.,-1.224646799147E-16,-1.));
#3434 = DIRECTION('',(1.,0.,0.));
#3435 = PCURVE('',#272,#3436);
#3436 = DEFINITIONAL_REPRESENTATION('',(#3437),#3441);
#3437 = LINE('',#3438,#3439);
#3438 = CARTESIAN_POINT('',(0.,0.));
#3439 = VECTOR('',#3440,1.);
#3440 = DIRECTION('',(1.,0.));
#3441 = ( GEOMETRIC_REPRESENTATION_CONTEXT(2) 
PARAMETRIC_REPRESENTATION_CONTEXT() REPRESENTATION_CONTEXT('2D SPACE',''
  ) );
#3442 = PCURVE('',#3443,#3448);
#3443 = PLANE('',#3444);
#3444 = AXIS2_PLACEMENT_3D('',#3445,#3446,#3447);
#3445 = CARTESIAN_POINT('',(0.,0.,17.));
#3446 = DIRECTION('',(0.,-1.224646799147E-16,-1.));
#3447 = DIRECTION('',(1.,-0.,0.));
#3448 = DEFINITIONAL_REPRESENTATION('',(#3449),#3453);
#3449 = CIRCLE('',#3450,101.3);
#3450 = AXIS2_PLACEMENT_2D('',#3451,#3452);
#3451 = CARTESIAN_POINT('',(0.,0.));
#3452 = DIRECTION('',(1.,-0.));
#3453 = ( GEOMETRIC_REPRESENTATION_CONTEXT(2) 
PARAMETRIC_REPRESENTATION_CONTEXT() REPRESENTATION_CONTEXT('2D SPACE',''
  ) );
#3454 = ORIENTED_EDGE('',*,*,#3455,.T.);
#3455 = EDGE_CURVE('',#3427,#256,#3456,.T.);
#3456 = SEAM_CURVE('',#3457,(#3461,#3468),.PCURVE_S1.);
#3457 = LINE('',#3458,#3459);
#3458 = CARTESIAN_POINT('',(101.3,0.,17.));
#3459 = VECTOR('',#3460,1.);
#3460 = DIRECTION('',(0.,-1.224646799147E-16,-1.));
#3461 = PCURVE('',#272,#3462);
#3462 = DEFINITIONAL_REPRESENTATION('',(#3463),#3467);
#3463 = LINE('',#3464,#3465);
#3464 = CARTESIAN_POINT('',(6.28318530718,0.));
#3465 = VECTOR('',#3466,1.);
#3466 = DIRECTION('',(0.,1.));
#3467 = ( GEOMETRIC_REPRESENTATION_CONTEXT(2) 
PARAMETRIC_REPRESENTATION_CONTEXT() REPRESENTATION_CONTEXT('2D SPACE',''
  ) );
#3468 = PCURVE('',#272,#3469);
#3469 = DEFINITIONAL_REPRESENTATION('',(#3470),#3474);
#3470 = LINE('',#3471,#3472);
#3471 = CARTESIAN_POINT('',(0.,0.));
#3472 = VECTOR('',#3473,1.);
#3473 = DIRECTION('',(0.,1.));
#3474 = ( GEOMETRIC_REPRESENTATION_CONTEXT(2) 
PARAMETRIC_REPRESENTATION_CONTEXT() REPRESENTATION_CONTEXT('2D SPACE',''
  ) );
#3475 = ORIENTED_EDGE('',*,*,#255,.F.);
#3476 = ORIENTED_EDGE('',*,*,#3455,.F.);
#3477 = FACE_BOUND('',#3478,.T.);
#3478 = EDGE_LOOP('',(#3479,#3513,#3708,#3740));
#3479 = ORIENTED_EDGE('',*,*,#3480,.T.);
#3480 = EDGE_CURVE('',#3481,#3483,#3485,.T.);
#3481 = VERTEX_POINT('',#3482);
#3482 = CARTESIAN_POINT('',(87.978991102057,-50.21341578367,14.57));
#3483 = VERTEX_POINT('',#3484);
#3484 = CARTESIAN_POINT('',(88.547419954508,-49.2041097816,
    13.411700935788));
#3485 = SURFACE_CURVE('',#3486,(#3491,#3501),.PCURVE_S1.);
#3486 = ELLIPSE('',#3487,143.25983386839,101.3);
#3487 = AXIS2_PLACEMENT_3D('',#3488,#3489,#3490);
#3488 = CARTESIAN_POINT('',(0.,-2.359402231217E-16,15.073401871577));
#3489 = DIRECTION('',(0.353553390593,0.612372435696,0.707106781187));
#3490 = DIRECTION('',(0.353553390593,0.612372435696,-0.707106781187));
#3491 = PCURVE('',#272,#3492);
#3492 = DEFINITIONAL_REPRESENTATION('',(#3493),#3500);
#3493 = B_SPLINE_CURVE_WITH_KNOTS('',5,(#3494,#3495,#3496,#3497,#3498,
    #3499),.UNSPECIFIED.,.F.,.F.,(6,6),(4.716214971606,4.729937075873),
  .PIECEWISE_BEZIER_KNOTS.);
#3494 = CARTESIAN_POINT('',(0.519772784377,2.314170093579));
#3495 = CARTESIAN_POINT('',(0.517028363524,2.592177891256));
#3496 = CARTESIAN_POINT('',(0.51428394267,2.870182040018));
#3497 = CARTESIAN_POINT('',(0.511539521817,3.148178177549));
#3498 = CARTESIAN_POINT('',(0.508795100963,3.426161941646));
#3499 = CARTESIAN_POINT('',(0.50605068011,3.704128970633));
#3500 = ( GEOMETRIC_REPRESENTATION_CONTEXT(2) 
PARAMETRIC_REPRESENTATION_CONTEXT() REPRESENTATION_CONTEXT('2D SPACE',''
  ) );
#3501 = PCURVE('',#3502,#3507);
#3502 = PLANE('',#3503);
#3503 = AXIS2_PLACEMENT_3D('',#3504,#3505,#3506);
#3504 = CARTESIAN_POINT('',(78.453794897523,-44.7140411909,14.57));
#3505 = DIRECTION('',(0.353553390593,0.612372435696,0.707106781187));
#3506 = DIRECTION('',(0.353553390593,0.612372435696,-0.707106781187));
#3507 = DEFINITIONAL_REPRESENTATION('',(#3508),#3512);
#3508 = ELLIPSE('',#3509,143.25983386839,101.3);
#3509 = AXIS2_PLACEMENT_2D('',#3510,#3511);
#3510 = CARTESIAN_POINT('',(-0.711917754108,90.3));
#3511 = DIRECTION('',(1.,-1.221334841948E-17));
#3512 = ( GEOMETRIC_REPRESENTATION_CONTEXT(2) 
PARAMETRIC_REPRESENTATION_CONTEXT() REPRESENTATION_CONTEXT('2D SPACE',''
  ) );
#3513 = ORIENTED_EDGE('',*,*,#3514,.F.);
#3514 = EDGE_CURVE('',#3515,#3483,#3517,.T.);
#3515 = VERTEX_POINT('',#3516);
#3516 = CARTESIAN_POINT('',(86.88571901872,-52.08226022937,
    13.411700935788));
#3517 = SURFACE_CURVE('',#3518,(#3557,#3630),.PCURVE_S1.);
#3518 = B_SPLINE_CURVE_WITH_KNOTS('',7,(#3519,#3520,#3521,#3522,#3523,
    #3524,#3525,#3526,#3527,#3528,#3529,#3530,#3531,#3532,#3533,#3534,
    #3535,#3536,#3537,#3538,#3539,#3540,#3541,#3542,#3543,#3544,#3545,
    #3546,#3547,#3548,#3549,#3550,#3551,#3552,#3553,#3554,#3555,#3556),
  .UNSPECIFIED.,.F.,.F.,(8,6,6,6,6,6,8),(0.,1.,2.143375738081,
    3.053040129962,3.577677622248,4.587719380693,5.562133129422),
  .UNSPECIFIED.);
#3519 = CARTESIAN_POINT('',(86.88571901872,-52.08226022937,
    13.411700935788));
#3520 = CARTESIAN_POINT('',(86.781241643012,-52.2565535851,
    13.208519774159));
#3521 = CARTESIAN_POINT('',(86.695773132481,-52.3982105494,
    12.985140655419));
#3522 = CARTESIAN_POINT('',(86.628653516701,-52.50895129146,
    12.748751456661));
#3523 = CARTESIAN_POINT('',(86.579039712717,-52.59057782943,
    12.50409625792));
#3524 = CARTESIAN_POINT('',(86.546210882964,-52.64450948835,
    12.254480749835));
#3525 = CARTESIAN_POINT('',(86.529763981211,-52.67152879265,
    12.002388103153));
#3526 = CARTESIAN_POINT('',(86.529763981211,-52.67152879265,
    11.461425566275));
#3527 = CARTESIAN_POINT('',(86.551266193465,-52.63620437578,
    11.173011201331));
#3528 = CARTESIAN_POINT('',(86.594225450107,-52.56563103765,
    10.888193156074));
#3529 = CARTESIAN_POINT('',(86.659363792589,-52.45841373865,
    10.610764951638));
#3530 = CARTESIAN_POINT('',(86.74782580024,-52.31227460047,
    10.346276548869));
#3531 = CARTESIAN_POINT('',(86.860944858427,-52.1242673458,
    10.102674425202));
#3532 = CARTESIAN_POINT('',(87.109445381478,-51.7076466754,
    9.726427707392));
#3533 = CARTESIAN_POINT('',(87.239750875987,-51.48814520036,
    9.574918774796));
#3534 = CARTESIAN_POINT('',(87.387138978919,-51.23826786113,
    9.456751955485));
#3535 = CARTESIAN_POINT('',(87.545932923848,-50.96677621066,
    9.384246684367));
#3536 = CARTESIAN_POINT('',(87.708863627583,-50.68550232532,
    9.363846819914));
#3537 = CARTESIAN_POINT('',(87.868675825714,-50.40712437065,
    9.395792697026));
#3538 = CARTESIAN_POINT('',(88.105893156501,-49.99072232576,
    9.518836356724));
#3539 = CARTESIAN_POINT('',(88.188366078773,-49.8452376616,
    9.578560880126));
#3540 = CARTESIAN_POINT('',(88.265991975072,-49.70766458254,
    9.651307311438));
#3541 = CARTESIAN_POINT('',(88.338357920419,-49.57886804477,
    9.735332740799));
#3542 = CARTESIAN_POINT('',(88.405178545773,-49.45949265515,
    9.828845206188));
#3543 = CARTESIAN_POINT('',(88.466290761581,-49.34995811282,
    9.930004210135));
#3544 = CARTESIAN_POINT('',(88.628239029598,-49.0588759319,
    10.242767144986));
#3545 = CARTESIAN_POINT('',(88.714465335512,-48.90275612667,
    10.471797231123));
#3546 = CARTESIAN_POINT('',(88.781586498679,-48.7806018315,
    10.715546336555));
#3547 = CARTESIAN_POINT('',(88.830920995808,-48.69053155975,
    10.968594479969));
#3548 = CARTESIAN_POINT('',(88.863457246888,-48.63103037368,
    11.227106770423));
#3549 = CARTESIAN_POINT('',(88.879763981211,-48.60120939487,
    11.488383475733));
#3550 = CARTESIAN_POINT('',(88.879763981211,-48.60120939487,
    12.002388315641));
#3551 = CARTESIAN_POINT('',(88.864588002175,-48.6289625293,
    12.254481305276));
#3552 = CARTESIAN_POINT('',(88.834296153609,-48.68435909957,
    12.504097052291));
#3553 = CARTESIAN_POINT('',(88.788412311897,-48.76813934431,
    12.748752279588));
#3554 = CARTESIAN_POINT('',(88.726067806977,-48.8816370351,
    12.985141213864));
#3555 = CARTESIAN_POINT('',(88.646123629738,-49.02648324145,
    13.208520002018));
#3556 = CARTESIAN_POINT('',(88.547419954508,-49.2041097816,
    13.411700935788));
#3557 = PCURVE('',#272,#3558);
#3558 = DEFINITIONAL_REPRESENTATION('',(#3559),#3629);
#3559 = B_SPLINE_CURVE_WITH_KNOTS('',3,(#3560,#3561,#3562,#3563,#3564,
    #3565,#3566,#3567,#3568,#3569,#3570,#3571,#3572,#3573,#3574,#3575,
    #3576,#3577,#3578,#3579,#3580,#3581,#3582,#3583,#3584,#3585,#3586,
    #3587,#3588,#3589,#3590,#3591,#3592,#3593,#3594,#3595,#3596,#3597,
    #3598,#3599,#3600,#3601,#3602,#3603,#3604,#3605,#3606,#3607,#3608,
    #3609,#3610,#3611,#3612,#3613,#3614,#3615,#3616,#3617,#3618,#3619,
    #3620,#3621,#3622,#3623,#3624,#3625,#3626,#3627,#3628),
  .UNSPECIFIED.,.F.,.F.,(4,1,1,1,1,1,1,1,1,1,1,1,1,1,1,1,1,1,1,1,1,1,1,1
    ,1,1,1,1,1,1,1,1,1,1,1,1,1,1,1,1,1,1,1,1,1,1,1,1,1,1,1,1,1,1,1,1,1,1
    ,1,1,1,1,1,1,1,1,4),(0.,8.427474438518E-02,0.16854948877,
    0.252824233156,0.337098977541,0.421373721926,0.505648466311,
    0.589923210696,0.674197955081,0.758472699467,0.842747443852,
    0.927022188237,1.011296932622,1.095571677007,1.179846421393,
    1.264121165778,1.348395910163,1.432670654548,1.516945398933,
    1.601220143318,1.685494887704,1.769769632089,1.854044376474,
    1.938319120859,2.022593865244,2.10686860963,2.191143354015,
    2.2754180984,2.359692842785,2.44396758717,2.528242331556,
    2.612517075941,2.696791820326,2.781066564711,2.865341309096,
    2.949616053481,3.033890797867,3.118165542252,3.202440286637,
    3.286715031022,3.370989775407,3.455264519793,3.539539264178,
    3.623814008563,3.708088752948,3.792363497333,3.876638241718,
    3.960912986104,4.045187730489,4.129462474874,4.213737219259,
    4.298011963644,4.38228670803,4.466561452415,4.5508361968,
    4.635110941185,4.71938568557,4.803660429955,4.887935174341,
    4.972209918726,5.056484663111,5.140759407496,5.225034151881,
    5.309308896267,5.393583640652,5.477858385037,5.562133129422),
  .QUASI_UNIFORM_KNOTS.);
#3560 = CARTESIAN_POINT('',(0.540003271822,3.588299064212));
#3561 = CARTESIAN_POINT('',(0.540397735256,3.628260424342));
#3562 = CARTESIAN_POINT('',(0.541149591367,3.710162322352));
#3563 = CARTESIAN_POINT('',(0.542168445303,3.838199980868));
#3564 = CARTESIAN_POINT('',(0.543080662855,3.970636219551));
#3565 = CARTESIAN_POINT('',(0.543888496538,4.106802090642));
#3566 = CARTESIAN_POINT('',(0.544594108655,4.246093749663));
#3567 = CARTESIAN_POINT('',(0.545199525471,4.387975414554));
#3568 = CARTESIAN_POINT('',(0.545706594364,4.53196815342));
#3569 = CARTESIAN_POINT('',(0.546116943517,4.677643362192));
#3570 = CARTESIAN_POINT('',(0.546431944091,4.824614528804));
#3571 = CARTESIAN_POINT('',(0.546652673691,4.972533767079));
#3572 = CARTESIAN_POINT('',(0.546779883986,5.121073321893));
#3573 = CARTESIAN_POINT('',(0.546813960388,5.269964487133));
#3574 = CARTESIAN_POINT('',(0.54675491766,5.418816942573));
#3575 = CARTESIAN_POINT('',(0.546602590883,5.567289506074));
#3576 = CARTESIAN_POINT('',(0.54635643366,5.71508135539));
#3577 = CARTESIAN_POINT('',(0.546015572492,5.861852129784));
#3578 = CARTESIAN_POINT('',(0.545578833771,6.007234814444));
#3579 = CARTESIAN_POINT('',(0.545044778222,6.150823893104));
#3580 = CARTESIAN_POINT('',(0.54441173468,6.292170017978));
#3581 = CARTESIAN_POINT('',(0.543677837099,6.430772659709));
#3582 = CARTESIAN_POINT('',(0.542841063665,6.566072582007));
#3583 = CARTESIAN_POINT('',(0.541899284957,6.697444244154));
#3584 = CARTESIAN_POINT('',(0.540850300765,6.824184818551));
#3585 = CARTESIAN_POINT('',(0.539691946574,6.945511916006));
#3586 = CARTESIAN_POINT('',(0.538421972324,7.06052390536));
#3587 = CARTESIAN_POINT('',(0.537038808363,7.16829413295));
#3588 = CARTESIAN_POINT('',(0.535512979013,7.269332098394));
#3589 = CARTESIAN_POINT('',(0.533862352026,7.360440408546));
#3590 = CARTESIAN_POINT('',(0.532100088099,7.439485484904));
#3591 = CARTESIAN_POINT('',(0.530243553119,7.504511185038));
#3592 = CARTESIAN_POINT('',(0.528311496658,7.553980195374));
#3593 = CARTESIAN_POINT('',(0.526324329093,7.586713666827));
#3594 = CARTESIAN_POINT('',(0.524303607131,7.601913410617));
#3595 = CARTESIAN_POINT('',(0.522271484479,7.599158360155));
#3596 = CARTESIAN_POINT('',(0.520251019032,7.578423604838));
#3597 = CARTESIAN_POINT('',(0.518263042311,7.540036513205));
#3598 = CARTESIAN_POINT('',(0.516335904647,7.484863016533));
#3599 = CARTESIAN_POINT('',(0.514507821715,7.414993182111));
#3600 = CARTESIAN_POINT('',(0.512780968132,7.331801055691));
#3601 = CARTESIAN_POINT('',(0.511164265829,7.236858045072));
#3602 = CARTESIAN_POINT('',(0.509663102159,7.131725882214));
#3603 = CARTESIAN_POINT('',(0.508281757898,7.017969283302));
#3604 = CARTESIAN_POINT('',(0.507023948879,6.897311303735));
#3605 = CARTESIAN_POINT('',(0.505882489688,6.770411174287));
#3606 = CARTESIAN_POINT('',(0.504855438714,6.638203859043));
#3607 = CARTESIAN_POINT('',(0.503940223435,6.501490026733));
#3608 = CARTESIAN_POINT('',(0.503134473317,6.360987608426));
#3609 = CARTESIAN_POINT('',(0.502435875888,6.217331751224));
#3610 = CARTESIAN_POINT('',(0.501842286776,6.07108726115));
#3611 = CARTESIAN_POINT('',(0.501351765185,5.922756657825));
#3612 = CARTESIAN_POINT('',(0.50096262467,5.772788468562));
#3613 = CARTESIAN_POINT('',(0.500673474741,5.621585339964));
#3614 = CARTESIAN_POINT('',(0.500483267856,5.46951023821));
#3615 = CARTESIAN_POINT('',(0.500391324522,5.31689928645));
#3616 = CARTESIAN_POINT('',(0.500397437611,5.164049985583));
#3617 = CARTESIAN_POINT('',(0.500501616337,5.011485527263));
#3618 = CARTESIAN_POINT('',(0.500704136908,4.859489779812));
#3619 = CARTESIAN_POINT('',(0.50100572511,4.708410239063));
#3620 = CARTESIAN_POINT('',(0.501407467911,4.558615131518));
#3621 = CARTESIAN_POINT('',(0.501910788452,4.410513989574));
#3622 = CARTESIAN_POINT('',(0.502517401806,4.264561623997));
#3623 = CARTESIAN_POINT('',(0.503229273163,4.12126738387));
#3624 = CARTESIAN_POINT('',(0.504048572127,3.981202541733));
#3625 = CARTESIAN_POINT('',(0.504977624454,3.845012886495));
#3626 = CARTESIAN_POINT('',(0.506018859951,3.713415679809));
#3627 = CARTESIAN_POINT('',(0.506789458691,3.62931028949));
#3628 = CARTESIAN_POINT('',(0.507194279374,3.588299064212));
#3629 = ( GEOMETRIC_REPRESENTATION_CONTEXT(2) 
PARAMETRIC_REPRESENTATION_CONTEXT() REPRESENTATION_CONTEXT('2D SPACE',''
  ) );
#3630 = PCURVE('',#3631,#3636);
#3631 = CYLINDRICAL_SURFACE('',#3632,2.35);
#3632 = AXIS2_PLACEMENT_3D('',#3633,#3634,#3635);
#3633 = CARTESIAN_POINT('',(78.202093961735,-45.15,11.75));
#3634 = DIRECTION('',(-0.866025403784,0.5,-6.123233995737E-17));
#3635 = DIRECTION('',(0.5,0.866025403784,-1.060575238725E-16));
#3636 = DEFINITIONAL_REPRESENTATION('',(#3637),#3707);
#3637 = B_SPLINE_CURVE_WITH_KNOTS('',3,(#3638,#3639,#3640,#3641,#3642,
    #3643,#3644,#3645,#3646,#3647,#3648,#3649,#3650,#3651,#3652,#3653,
    #3654,#3655,#3656,#3657,#3658,#3659,#3660,#3661,#3662,#3663,#3664,
    #3665,#3666,#3667,#3668,#3669,#3670,#3671,#3672,#3673,#3674,#3675,
    #3676,#3677,#3678,#3679,#3680,#3681,#3682,#3683,#3684,#3685,#3686,
    #3687,#3688,#3689,#3690,#3691,#3692,#3693,#3694,#3695,#3696,#3697,
    #3698,#3699,#3700,#3701,#3702,#3703,#3704,#3705,#3706),
  .UNSPECIFIED.,.F.,.F.,(4,1,1,1,1,1,1,1,1,1,1,1,1,1,1,1,1,1,1,1,1,1,1,1
    ,1,1,1,1,1,1,1,1,1,1,1,1,1,1,1,1,1,1,1,1,1,1,1,1,1,1,1,1,1,1,1,1,1,1
    ,1,1,1,1,1,1,1,1,4),(0.,8.427474438518E-02,0.16854948877,
    0.252824233156,0.337098977541,0.421373721926,0.505648466311,
    0.589923210696,0.674197955081,0.758472699467,0.842747443852,
    0.927022188237,1.011296932622,1.095571677007,1.179846421393,
    1.264121165778,1.348395910163,1.432670654548,1.516945398933,
    1.601220143318,1.685494887704,1.769769632089,1.854044376474,
    1.938319120859,2.022593865244,2.10686860963,2.191143354015,
    2.2754180984,2.359692842785,2.44396758717,2.528242331556,
    2.612517075941,2.696791820326,2.781066564711,2.865341309096,
    2.949616053481,3.033890797867,3.118165542252,3.202440286637,
    3.286715031022,3.370989775407,3.455264519793,3.539539264178,
    3.623814008563,3.708088752948,3.792363497333,3.876638241718,
    3.960912986104,4.045187730489,4.129462474874,4.213737219259,
    4.298011963644,4.38228670803,4.466561452415,4.5508361968,
    4.635110941185,4.71938568557,4.803660429955,4.887935174341,
    4.972209918726,5.056484663111,5.140759407496,5.225034151881,
    5.309308896267,5.393583640652,5.477858385037,5.562133129422),
  .QUASI_UNIFORM_KNOTS.);
#3638 = CARTESIAN_POINT('',(10.210176124167,-10.98637001097));
#3639 = CARTESIAN_POINT('',(10.186133183213,-10.98571415089));
#3640 = CARTESIAN_POINT('',(10.138569269549,-10.98441819778));
#3641 = CARTESIAN_POINT('',(10.068637082026,-10.98255037387));
#3642 = CARTESIAN_POINT('',(9.999962571553,-10.98078916522));
#3643 = CARTESIAN_POINT('',(9.93240297681,-10.97915911404));
#3644 = CARTESIAN_POINT('',(9.865821090236,-10.97768131535));
#3645 = CARTESIAN_POINT('',(9.800084856232,-10.976373203));
#3646 = CARTESIAN_POINT('',(9.735065522544,-10.97524905589));
#3647 = CARTESIAN_POINT('',(9.67063636127,-10.97432028951));
#3648 = CARTESIAN_POINT('',(9.606671815703,-10.97359577347));
#3649 = CARTESIAN_POINT('',(9.543044933434,-10.97308210308));
#3650 = CARTESIAN_POINT('',(9.479631206113,-10.97278382709));
#3651 = CARTESIAN_POINT('',(9.416288003996,-10.97270365143));
#3652 = CARTESIAN_POINT('',(9.352927243529,-10.97284249099));
#3653 = CARTESIAN_POINT('',(9.289439293519,-10.97319908243));
#3654 = CARTESIAN_POINT('',(9.225693111674,-10.97377036926));
#3655 = CARTESIAN_POINT('',(9.161566188457,-10.9745513208));
#3656 = CARTESIAN_POINT('',(9.096935204356,-10.97553475507));
#3657 = CARTESIAN_POINT('',(9.031677154039,-10.97671109793));
#3658 = CARTESIAN_POINT('',(8.965667585793,-10.97806810674));
#3659 = CARTESIAN_POINT('',(8.898779518463,-10.97959056191));
#3660 = CARTESIAN_POINT('',(8.830882065987,-10.98125993349));
#3661 = CARTESIAN_POINT('',(8.761838973152,-10.98305403877));
#3662 = CARTESIAN_POINT('',(8.691507000011,-10.98494666945));
#3663 = CARTESIAN_POINT('',(8.619733813946,-10.98690730622));
#3664 = CARTESIAN_POINT('',(8.546356193152,-10.98890051982));
#3665 = CARTESIAN_POINT('',(8.47119474883,-10.99088659288));
#3666 = CARTESIAN_POINT('',(8.392680094486,-10.99285311818));
#3667 = CARTESIAN_POINT('',(8.311721465298,-10.99471379177));
#3668 = CARTESIAN_POINT('',(8.228717303555,-10.99639488815));
#3669 = CARTESIAN_POINT('',(8.14411818916,-10.9978244237));
#3670 = CARTESIAN_POINT('',(8.058295415429,-10.99894012044));
#3671 = CARTESIAN_POINT('',(7.971592809287,-10.99969178009));
#3672 = CARTESIAN_POINT('',(7.884330249902,-11.00004444759));
#3673 = CARTESIAN_POINT('',(7.79680879678,-10.99998034384));
#3674 = CARTESIAN_POINT('',(7.709351906414,-10.99950037493));
#3675 = CARTESIAN_POINT('',(7.622198393658,-10.99862311511));
#3676 = CARTESIAN_POINT('',(7.535953905801,-10.99738797324));
#3677 = CARTESIAN_POINT('',(7.451807008471,-10.99586734934));
#3678 = CARTESIAN_POINT('',(7.369452292439,-10.99411998665));
#3679 = CARTESIAN_POINT('',(7.288967444927,-10.99220976861));
#3680 = CARTESIAN_POINT('',(7.210364185377,-10.99019884889));
#3681 = CARTESIAN_POINT('',(7.133686711497,-10.98814651913));
#3682 = CARTESIAN_POINT('',(7.059071489201,-10.98610971593));
#3683 = CARTESIAN_POINT('',(6.986069696329,-10.98412286321));
#3684 = CARTESIAN_POINT('',(6.914530541725,-10.98222240301));
#3685 = CARTESIAN_POINT('',(6.844286466815,-10.98043895452));
#3686 = CARTESIAN_POINT('',(6.775186339771,-10.97879865302));
#3687 = CARTESIAN_POINT('',(6.707083642004,-10.97732332233));
#3688 = CARTESIAN_POINT('',(6.639837167877,-10.97603095432));
#3689 = CARTESIAN_POINT('',(6.573308683749,-10.97493608943));
#3690 = CARTESIAN_POINT('',(6.507361545087,-10.97405019727));
#3691 = CARTESIAN_POINT('',(6.441859375821,-10.97338201575));
#3692 = CARTESIAN_POINT('',(6.376664109525,-10.97293786392));
#3693 = CARTESIAN_POINT('',(6.311636903131,-10.97272185817));
#3694 = CARTESIAN_POINT('',(6.246628422942,-10.9727362464));
#3695 = CARTESIAN_POINT('',(6.181586741502,-10.97298087002));
#3696 = CARTESIAN_POINT('',(6.116356188946,-10.97345327248));
#3697 = CARTESIAN_POINT('',(6.050801621611,-10.9741490708));
#3698 = CARTESIAN_POINT('',(5.984785547779,-10.9750616452));
#3699 = CARTESIAN_POINT('',(5.918172309889,-10.97618191665));
#3700 = CARTESIAN_POINT('',(5.850825191299,-10.97749803937));
#3701 = CARTESIAN_POINT('',(5.782605440237,-10.9789950476));
#3702 = CARTESIAN_POINT('',(5.713370834726,-10.98065452568));
#3703 = CARTESIAN_POINT('',(5.642973626976,-10.98245403909));
#3704 = CARTESIAN_POINT('',(5.571260072963,-10.98436736034));
#3705 = CARTESIAN_POINT('',(5.522461308555,-10.98569689954));
#3706 = CARTESIAN_POINT('',(5.497787143782,-10.98637001097));
#3707 = ( GEOMETRIC_REPRESENTATION_CONTEXT(2) 
PARAMETRIC_REPRESENTATION_CONTEXT() REPRESENTATION_CONTEXT('2D SPACE',''
  ) );
#3708 = ORIENTED_EDGE('',*,*,#3709,.T.);
#3709 = EDGE_CURVE('',#3515,#3710,#3712,.T.);
#3710 = VERTEX_POINT('',#3711);
#3711 = CARTESIAN_POINT('',(87.475589230481,-51.08533340187,14.57));
#3712 = SURFACE_CURVE('',#3713,(#3718,#3728),.PCURVE_S1.);
#3713 = ELLIPSE('',#3714,143.25983386839,101.3);
#3714 = AXIS2_PLACEMENT_3D('',#3715,#3716,#3717);
#3715 = CARTESIAN_POINT('',(0.,-2.359402231217E-16,15.073401871577));
#3716 = DIRECTION('',(-0.353553390593,-0.612372435696,0.707106781187));
#3717 = DIRECTION('',(-0.353553390593,-0.612372435696,-0.707106781187));
#3718 = PCURVE('',#272,#3719);
#3719 = DEFINITIONAL_REPRESENTATION('',(#3720),#3727);
#3720 = B_SPLINE_CURVE_WITH_KNOTS('',5,(#3721,#3722,#3723,#3724,#3725,
    #3726),.UNSPECIFIED.,.F.,.F.,(6,6),(1.553248231306,1.566970335574),
  .PIECEWISE_BEZIER_KNOTS.);
#3721 = CARTESIAN_POINT('',(0.541146871087,3.704128970633));
#3722 = CARTESIAN_POINT('',(0.538402450234,3.426161941646));
#3723 = CARTESIAN_POINT('',(0.53565802938,3.148178177549));
#3724 = CARTESIAN_POINT('',(0.532913608527,2.870182040019));
#3725 = CARTESIAN_POINT('',(0.530169187673,2.592177891256));
#3726 = CARTESIAN_POINT('',(0.52742476682,2.314170093579));
#3727 = ( GEOMETRIC_REPRESENTATION_CONTEXT(2) 
PARAMETRIC_REPRESENTATION_CONTEXT() REPRESENTATION_CONTEXT('2D SPACE',''
  ) );
#3728 = PCURVE('',#3729,#3734);
#3729 = PLANE('',#3730);
#3730 = AXIS2_PLACEMENT_3D('',#3731,#3732,#3733);
#3731 = CARTESIAN_POINT('',(77.371243493841,-46.58907522388,
    13.411700935788));
#3732 = DIRECTION('',(-0.353553390593,-0.612372435696,0.707106781187));
#3733 = DIRECTION('',(0.353553390593,0.612372435696,0.707106781187));
#3734 = DEFINITIONAL_REPRESENTATION('',(#3735),#3739);
#3735 = ELLIPSE('',#3736,143.25983386839,101.3);
#3736 = AXIS2_PLACEMENT_2D('',#3737,#3738);
#3737 = CARTESIAN_POINT('',(2.35,90.3));
#3738 = DIRECTION('',(-1.,-1.221334841948E-17));
#3739 = ( GEOMETRIC_REPRESENTATION_CONTEXT(2) 
PARAMETRIC_REPRESENTATION_CONTEXT() REPRESENTATION_CONTEXT('2D SPACE',''
  ) );
#3740 = ORIENTED_EDGE('',*,*,#3741,.F.);
#3741 = EDGE_CURVE('',#3481,#3710,#3742,.T.);
#3742 = SURFACE_CURVE('',#3743,(#3748,#3755),.PCURVE_S1.);
#3743 = CIRCLE('',#3744,101.3);
#3744 = AXIS2_PLACEMENT_3D('',#3745,#3746,#3747);
#3745 = CARTESIAN_POINT('',(0.,-2.975891721928E-16,14.57));
#3746 = DIRECTION('',(0.,-1.224646799147E-16,-1.));
#3747 = DIRECTION('',(1.,0.,0.));
#3748 = PCURVE('',#272,#3749);
#3749 = DEFINITIONAL_REPRESENTATION('',(#3750),#3754);
#3750 = LINE('',#3751,#3752);
#3751 = CARTESIAN_POINT('',(0.,2.43));
#3752 = VECTOR('',#3753,1.);
#3753 = DIRECTION('',(1.,0.));
#3754 = ( GEOMETRIC_REPRESENTATION_CONTEXT(2) 
PARAMETRIC_REPRESENTATION_CONTEXT() REPRESENTATION_CONTEXT('2D SPACE',''
  ) );
#3755 = PCURVE('',#3756,#3761);
#3756 = PLANE('',#3757);
#3757 = AXIS2_PLACEMENT_3D('',#3758,#3759,#3760);
#3758 = CARTESIAN_POINT('',(77.950393025946,-45.58595880909,14.57));
#3759 = DIRECTION('',(0.,1.224646799147E-16,1.));
#3760 = DIRECTION('',(0.5,0.866025403784,-1.060575238725E-16));
#3761 = DEFINITIONAL_REPRESENTATION('',(#3762),#3770);
#3762 = ( BOUNDED_CURVE() B_SPLINE_CURVE(2,(#3763,#3764,#3765,#3766,
#3767,#3768,#3769),.UNSPECIFIED.,.T.,.F.) B_SPLINE_CURVE_WITH_KNOTS((1,2
    ,2,2,2,1),(-2.094395102393,0.,2.094395102393,4.188790204786,
6.28318530718,8.377580409573),.UNSPECIFIED.) CURVE() 
GEOMETRIC_REPRESENTATION_ITEM() RATIONAL_B_SPLINE_CURVE((1.,0.5,1.,0.5,
1.,0.5,1.)) REPRESENTATION_ITEM('') );
#3763 = CARTESIAN_POINT('',(51.153401871577,2.571626596636));
#3764 = CARTESIAN_POINT('',(-100.7965981284,-85.15674680672));
#3765 = CARTESIAN_POINT('',(-100.7965981284,90.3));
#3766 = CARTESIAN_POINT('',(-100.7965981284,265.75674680672));
#3767 = CARTESIAN_POINT('',(51.153401871577,178.02837340336));
#3768 = CARTESIAN_POINT('',(203.10340187157,90.3));
#3769 = CARTESIAN_POINT('',(51.153401871577,2.571626596636));
#3770 = ( GEOMETRIC_REPRESENTATION_CONTEXT(2) 
PARAMETRIC_REPRESENTATION_CONTEXT() REPRESENTATION_CONTEXT('2D SPACE',''
  ) );
#3771 = FACE_BOUND('',#3772,.T.);
#3772 = EDGE_LOOP('',(#3773,#3807,#4008,#4040));
#3773 = ORIENTED_EDGE('',*,*,#3774,.T.);
#3774 = EDGE_CURVE('',#3775,#3777,#3779,.T.);
#3775 = VERTEX_POINT('',#3776);
#3776 = CARTESIAN_POINT('',(0.503401871577,-101.2987491855,14.57));
#3777 = VERTEX_POINT('',#3778);
#3778 = CARTESIAN_POINT('',(1.661700935788,-101.2863700109,
    13.411700935788));
#3779 = SURFACE_CURVE('',#3780,(#3785,#3795),.PCURVE_S1.);
#3780 = ELLIPSE('',#3781,143.25983386839,101.3);
#3781 = AXIS2_PLACEMENT_3D('',#3782,#3783,#3784);
#3782 = CARTESIAN_POINT('',(0.,-2.359402231217E-16,15.073401871577));
#3783 = DIRECTION('',(0.707106781187,1.651002285577E-16,0.707106781187)
  );
#3784 = DIRECTION('',(0.707106781187,-8.090982689361E-18,-0.707106781187
    ));
#3785 = PCURVE('',#272,#3786);
#3786 = DEFINITIONAL_REPRESENTATION('',(#3787),#3794);
#3787 = B_SPLINE_CURVE_WITH_KNOTS('',5,(#3788,#3789,#3790,#3791,#3792,
    #3793),.UNSPECIFIED.,.F.,.F.,(6,6),(4.716214971606,4.729937075873),
  .PIECEWISE_BEZIER_KNOTS.);
#3788 = CARTESIAN_POINT('',(1.566970335574,2.314170093579));
#3789 = CARTESIAN_POINT('',(1.56422591472,2.592177891256));
#3790 = CARTESIAN_POINT('',(1.561481493867,2.870182040018));
#3791 = CARTESIAN_POINT('',(1.558737073013,3.148178177549));
#3792 = CARTESIAN_POINT('',(1.55599265216,3.426161941646));
#3793 = CARTESIAN_POINT('',(1.553248231306,3.704128970633));
#3794 = ( GEOMETRIC_REPRESENTATION_CONTEXT(2) 
PARAMETRIC_REPRESENTATION_CONTEXT() REPRESENTATION_CONTEXT('2D SPACE',''
  ) );
#3795 = PCURVE('',#3796,#3801);
#3796 = PLANE('',#3797);
#3797 = AXIS2_PLACEMENT_3D('',#3798,#3799,#3800);
#3798 = CARTESIAN_POINT('',(0.503401871577,-90.3,14.57));
#3799 = DIRECTION('',(0.707106781187,1.651002285577E-16,0.707106781187)
  );
#3800 = DIRECTION('',(0.707106781187,-8.090982689361E-18,-0.707106781187
    ));
#3801 = DEFINITIONAL_REPRESENTATION('',(#3802),#3806);
#3802 = ELLIPSE('',#3803,143.25983386839,101.3);
#3803 = AXIS2_PLACEMENT_2D('',#3804,#3805);
#3804 = CARTESIAN_POINT('',(-0.711917754108,90.3));
#3805 = DIRECTION('',(1.,1.232595164408E-32));
#3806 = ( GEOMETRIC_REPRESENTATION_CONTEXT(2) 
PARAMETRIC_REPRESENTATION_CONTEXT() REPRESENTATION_CONTEXT('2D SPACE',''
  ) );
#3807 = ORIENTED_EDGE('',*,*,#3808,.F.);
#3808 = EDGE_CURVE('',#3809,#3777,#3811,.T.);
#3809 = VERTEX_POINT('',#3810);
#3810 = CARTESIAN_POINT('',(-1.661700935788,-101.2863700109,
    13.411700935788));
#3811 = SURFACE_CURVE('',#3812,(#3857,#3930),.PCURVE_S1.);
#3812 = B_SPLINE_CURVE_WITH_KNOTS('',8,(#3813,#3814,#3815,#3816,#3817,
    #3818,#3819,#3820,#3821,#3822,#3823,#3824,#3825,#3826,#3827,#3828,
    #3829,#3830,#3831,#3832,#3833,#3834,#3835,#3836,#3837,#3838,#3839,
    #3840,#3841,#3842,#3843,#3844,#3845,#3846,#3847,#3848,#3849,#3850,
    #3851,#3852,#3853,#3854,#3855,#3856),.UNSPECIFIED.,.F.,.F.,(9,7,7,7,
    7,7,9),(0.,1.,1.919240843758,2.754875629458,4.048352941616,
    5.56755596019,6.937859283379),.UNSPECIFIED.);
#3813 = CARTESIAN_POINT('',(-1.661700935788,-101.2863700109,
    13.411700935788));
#3814 = CARTESIAN_POINT('',(-1.839487300193,-101.2834532535,
    13.233914571384));
#3815 = CARTESIAN_POINT('',(-1.988946860163,-101.2806444631,
    13.040977508543));
#3816 = CARTESIAN_POINT('',(-2.111208658536,-101.2781241428,
    12.837398340738));
#3817 = CARTESIAN_POINT('',(-2.207504447659,-101.2760135806,
    12.626426326091));
#3818 = CARTESIAN_POINT('',(-2.278924357469,-101.274387519,
    12.410496238403));
#3819 = CARTESIAN_POINT('',(-2.326279390761,-101.2732885992,
    12.191475309823));
#3820 = CARTESIAN_POINT('',(-2.35,-101.2727381875,11.970851209184));
#3821 = CARTESIAN_POINT('',(-2.35,-101.2727381875,11.546984548124));
#3822 = CARTESIAN_POINT('',(-2.329956046644,-101.2732032554,
    11.343945807317));
#3823 = CARTESIAN_POINT('',(-2.289860419997,-101.2741337752,
    11.143223435096));
#3824 = CARTESIAN_POINT('',(-2.230040336194,-101.2754995941,
    10.94713092389));
#3825 = CARTESIAN_POINT('',(-2.151137844124,-101.27724145,
    10.757913140439));
#3826 = CARTESIAN_POINT('',(-2.054091486097,-101.2792756792,
    10.577704502978));
#3827 = CARTESIAN_POINT('',(-1.940119722514,-101.2815022039,
    10.408487796216));
#3828 = CARTESIAN_POINT('',(-1.693062840962,-101.2859189748,
    10.10984732768));
#3829 = CARTESIAN_POINT('',(-1.562644534385,-101.2880942859,
    9.978186700492));
#3830 = CARTESIAN_POINT('',(-1.420566605417,-101.2902625856,
    9.858428556081));
#3831 = CARTESIAN_POINT('',(-1.268109548776,-101.2923406363,
    9.751770771432));
#3832 = CARTESIAN_POINT('',(-1.106692080429,-101.294248293,
    9.659239868043));
#3833 = CARTESIAN_POINT('',(-0.937845975779,-101.2959145956,
    9.581678130172));
#3834 = CARTESIAN_POINT('',(-0.763192614907,-101.2972827735,
    9.519730260232));
#3835 = CARTESIAN_POINT('',(-0.307701394854,-101.2999106429,
    9.402779992392));
#3836 = CARTESIAN_POINT('',(-1.780019993356E-02,-101.3007192124,
    9.369328434947));
#3837 = CARTESIAN_POINT('',(0.276370818559,-101.3005446084,
    9.377476111158));
#3838 = CARTESIAN_POINT('',(0.565033901431,-101.2993321325,
    9.427628645612));
#3839 = CARTESIAN_POINT('',(0.838655006708,-101.2972323219,
    9.516760030064));
#3840 = CARTESIAN_POINT('',(1.088895841623,-101.2945737625,
    9.638559367521));
#3841 = CARTESIAN_POINT('',(1.309727514,-101.2917076957,9.783585695316)
  );
#3842 = CARTESIAN_POINT('',(1.719011454112,-101.2856548583,
    10.122174816908));
#3843 = CARTESIAN_POINT('',(1.904630968518,-101.2823581725,
    10.327686864637));
#3844 = CARTESIAN_POINT('',(2.056012943744,-101.2793260756,
    10.548665797939));
#3845 = CARTESIAN_POINT('',(2.174831414392,-101.2767557721,
    10.780096742584));
#3846 = CARTESIAN_POINT('',(2.262691388572,-101.2747642862,
    11.018328649079));
#3847 = CARTESIAN_POINT('',(2.320847205026,-101.2734146218,
    11.26068207382));
#3848 = CARTESIAN_POINT('',(2.35,-101.2727381875,11.505163571113));
#3849 = CARTESIAN_POINT('',(2.35,-101.2727381875,11.970839590259));
#3850 = CARTESIAN_POINT('',(2.326282858903,-101.2732885244,
    12.191457588165));
#3851 = CARTESIAN_POINT('',(2.278926769226,-101.274387452,
    12.410490442388));
#3852 = CARTESIAN_POINT('',(2.207507764889,-101.276013514,
    12.626423857291));
#3853 = CARTESIAN_POINT('',(2.111209947233,-101.2781241323,
    12.837397406195));
#3854 = CARTESIAN_POINT('',(1.988941686148,-101.2806445629,
    13.040985435104));
#3855 = CARTESIAN_POINT('',(1.839484452214,-101.2834533003,
    13.233917419363));
#3856 = CARTESIAN_POINT('',(1.661700935788,-101.2863700109,
    13.411700935788));
#3857 = PCURVE('',#272,#3858);
#3858 = DEFINITIONAL_REPRESENTATION('',(#3859),#3929);
#3859 = B_SPLINE_CURVE_WITH_KNOTS('',3,(#3860,#3861,#3862,#3863,#3864,
    #3865,#3866,#3867,#3868,#3869,#3870,#3871,#3872,#3873,#3874,#3875,
    #3876,#3877,#3878,#3879,#3880,#3881,#3882,#3883,#3884,#3885,#3886,
    #3887,#3888,#3889,#3890,#3891,#3892,#3893,#3894,#3895,#3896,#3897,
    #3898,#3899,#3900,#3901,#3902,#3903,#3904,#3905,#3906,#3907,#3908,
    #3909,#3910,#3911,#3912,#3913,#3914,#3915,#3916,#3917,#3918,#3919,
    #3920,#3921,#3922,#3923,#3924,#3925,#3926,#3927,#3928),
  .UNSPECIFIED.,.F.,.F.,(4,1,1,1,1,1,1,1,1,1,1,1,1,1,1,1,1,1,1,1,1,1,1,1
    ,1,1,1,1,1,1,1,1,1,1,1,1,1,1,1,1,1,1,1,1,1,1,1,1,1,1,1,1,1,1,1,1,1,1
    ,1,1,1,1,1,1,1,1,4),(0.,0.105119080051,0.210238160102,0.315357240154
    ,0.420476320205,0.525595400256,0.630714480307,0.735833560358,
    0.84095264041,0.946071720461,1.051190800512,1.156309880563,
    1.261428960614,1.366548040666,1.471667120717,1.576786200768,
    1.681905280819,1.78702436087,1.892143440922,1.997262520973,
    2.102381601024,2.207500681075,2.312619761126,2.417738841178,
    2.522857921229,2.62797700128,2.733096081331,2.838215161382,
    2.943334241434,3.048453321485,3.153572401536,3.258691481587,
    3.363810561638,3.46892964169,3.574048721741,3.679167801792,
    3.784286881843,3.889405961894,3.994525041946,4.099644121997,
    4.204763202048,4.309882282099,4.41500136215,4.520120442202,
    4.625239522253,4.730358602304,4.835477682355,4.940596762406,
    5.045715842458,5.150834922509,5.25595400256,5.361073082611,
    5.466192162662,5.571311242714,5.676430322765,5.781549402816,
    5.886668482867,5.991787562918,6.09690664297,6.202025723021,
    6.307144803072,6.412263883123,6.517382963174,6.622502043226,
    6.727621123277,6.832740203328,6.937859283379),
  .QUASI_UNIFORM_KNOTS.);
#3860 = CARTESIAN_POINT('',(1.587200823019,3.588299064212));
#3861 = CARTESIAN_POINT('',(1.58769285838,3.638153737798));
#3862 = CARTESIAN_POINT('',(1.58861925534,3.74091877058));
#3863 = CARTESIAN_POINT('',(1.58984023112,3.902836430418));
#3864 = CARTESIAN_POINT('',(1.590897035812,4.071049608417));
#3865 = CARTESIAN_POINT('',(1.591793953659,4.244355474266));
#3866 = CARTESIAN_POINT('',(1.592534967228,4.42169337915));
#3867 = CARTESIAN_POINT('',(1.593123621893,4.602148407373));
#3868 = CARTESIAN_POINT('',(1.593562908733,4.78491938515));
#3869 = CARTESIAN_POINT('',(1.593855147729,4.969309158243));
#3870 = CARTESIAN_POINT('',(1.594001903279,5.154669799428));
#3871 = CARTESIAN_POINT('',(1.594003798286,5.340509522813));
#3872 = CARTESIAN_POINT('',(1.593860768283,5.525835002947));
#3873 = CARTESIAN_POINT('',(1.593573705292,5.709428542103));
#3874 = CARTESIAN_POINT('',(1.593144411556,5.89015419598));
#3875 = CARTESIAN_POINT('',(1.592575579129,6.066879643542));
#3876 = CARTESIAN_POINT('',(1.591870764592,6.238504117251));
#3877 = CARTESIAN_POINT('',(1.591034366663,6.403957775657));
#3878 = CARTESIAN_POINT('',(1.590071601475,6.562209073619));
#3879 = CARTESIAN_POINT('',(1.588988488745,6.712268527135));
#3880 = CARTESIAN_POINT('',(1.587791801257,6.853198729588));
#3881 = CARTESIAN_POINT('',(1.586488944287,6.984125978845));
#3882 = CARTESIAN_POINT('',(1.585088126689,7.104223918348));
#3883 = CARTESIAN_POINT('',(1.583598115101,7.212742410908));
#3884 = CARTESIAN_POINT('',(1.582028199506,7.309004909648));
#3885 = CARTESIAN_POINT('',(1.580388231569,7.392409597617));
#3886 = CARTESIAN_POINT('',(1.578688194352,7.462443951244));
#3887 = CARTESIAN_POINT('',(1.576939582356,7.518642061591));
#3888 = CARTESIAN_POINT('',(1.575150017451,7.560757722449));
#3889 = CARTESIAN_POINT('',(1.573322677801,7.588527269834));
#3890 = CARTESIAN_POINT('',(1.571477047365,7.601476551797));
#3891 = CARTESIAN_POINT('',(1.569628952626,7.599502319039));
#3892 = CARTESIAN_POINT('',(1.567795169873,7.582723637352));
#3893 = CARTESIAN_POINT('',(1.565991882271,7.551517013793));
#3894 = CARTESIAN_POINT('',(1.564234792306,7.506502709192));
#3895 = CARTESIAN_POINT('',(1.562538785731,7.448543204077));
#3896 = CARTESIAN_POINT('',(1.560917759789,7.378742654547));
#3897 = CARTESIAN_POINT('',(1.559384276395,7.298431277071));
#3898 = CARTESIAN_POINT('',(1.557949797561,7.20921039662));
#3899 = CARTESIAN_POINT('',(1.556622831158,7.112771683135));
#3900 = CARTESIAN_POINT('',(1.555414940113,7.011561218211));
#3901 = CARTESIAN_POINT('',(1.554298670056,6.904606263204));
#3902 = CARTESIAN_POINT('',(1.553274485051,6.792705695388));
#3903 = CARTESIAN_POINT('',(1.552340291914,6.676486284179));
#3904 = CARTESIAN_POINT('',(1.551494603206,6.556537420733));
#3905 = CARTESIAN_POINT('',(1.550735744143,6.433383012929));
#3906 = CARTESIAN_POINT('',(1.550062114728,6.3074962715));
#3907 = CARTESIAN_POINT('',(1.549472164994,6.17930238208));
#3908 = CARTESIAN_POINT('',(1.54896444366,6.049183884998));
#3909 = CARTESIAN_POINT('',(1.548537624293,5.917485007438));
#3910 = CARTESIAN_POINT('',(1.548190535379,5.784515674335));
#3911 = CARTESIAN_POINT('',(1.5479221878,5.65055657459));
#3912 = CARTESIAN_POINT('',(1.547731802441,5.515859576619));
#3913 = CARTESIAN_POINT('',(1.547618836701,5.380665467237));
#3914 = CARTESIAN_POINT('',(1.5475830152,5.245157350592));
#3915 = CARTESIAN_POINT('',(1.547624347904,5.109655557307));
#3916 = CARTESIAN_POINT('',(1.547742863421,4.974464977888));
#3917 = CARTESIAN_POINT('',(1.54793886654,4.839785009665));
#3918 = CARTESIAN_POINT('',(1.548212907579,4.705862755259));
#3919 = CARTESIAN_POINT('',(1.548565764655,4.572956766949));
#3920 = CARTESIAN_POINT('',(1.548998421595,4.441351758287));
#3921 = CARTESIAN_POINT('',(1.549512045906,4.311359908207));
#3922 = CARTESIAN_POINT('',(1.550107965416,4.183325974633));
#3923 = CARTESIAN_POINT('',(1.55078764374,4.057631863647));
#3924 = CARTESIAN_POINT('',(1.551552654369,3.934700992255));
#3925 = CARTESIAN_POINT('',(1.552404653041,3.815005585911));
#3926 = CARTESIAN_POINT('',(1.553345348997,3.699064147401));
#3927 = CARTESIAN_POINT('',(1.554032764374,3.624672815025));
#3928 = CARTESIAN_POINT('',(1.554391830571,3.588299064212));
#3929 = ( GEOMETRIC_REPRESENTATION_CONTEXT(2) 
PARAMETRIC_REPRESENTATION_CONTEXT() REPRESENTATION_CONTEXT('2D SPACE',''
  ) );
#3930 = PCURVE('',#3931,#3936);
#3931 = CYLINDRICAL_SURFACE('',#3932,2.35);
#3932 = AXIS2_PLACEMENT_3D('',#3933,#3934,#3935);
#3933 = CARTESIAN_POINT('',(1.002531391237E-14,-90.3,11.75));
#3934 = DIRECTION('',(-1.110223024625E-16,1.,-1.224646799147E-16));
#3935 = DIRECTION('',(1.,1.110223024625E-16,-1.359631073447E-32));
#3936 = DEFINITIONAL_REPRESENTATION('',(#3937),#4007);
#3937 = B_SPLINE_CURVE_WITH_KNOTS('',3,(#3938,#3939,#3940,#3941,#3942,
    #3943,#3944,#3945,#3946,#3947,#3948,#3949,#3950,#3951,#3952,#3953,
    #3954,#3955,#3956,#3957,#3958,#3959,#3960,#3961,#3962,#3963,#3964,
    #3965,#3966,#3967,#3968,#3969,#3970,#3971,#3972,#3973,#3974,#3975,
    #3976,#3977,#3978,#3979,#3980,#3981,#3982,#3983,#3984,#3985,#3986,
    #3987,#3988,#3989,#3990,#3991,#3992,#3993,#3994,#3995,#3996,#3997,
    #3998,#3999,#4000,#4001,#4002,#4003,#4004,#4005,#4006),
  .UNSPECIFIED.,.F.,.F.,(4,1,1,1,1,1,1,1,1,1,1,1,1,1,1,1,1,1,1,1,1,1,1,1
    ,1,1,1,1,1,1,1,1,1,1,1,1,1,1,1,1,1,1,1,1,1,1,1,1,1,1,1,1,1,1,1,1,1,1
    ,1,1,1,1,1,1,1,1,4),(0.,0.105119080051,0.210238160102,0.315357240154
    ,0.420476320205,0.525595400256,0.630714480307,0.735833560358,
    0.84095264041,0.946071720461,1.051190800512,1.156309880563,
    1.261428960614,1.366548040666,1.471667120717,1.576786200768,
    1.681905280819,1.78702436087,1.892143440922,1.997262520973,
    2.102381601024,2.207500681075,2.312619761126,2.417738841178,
    2.522857921229,2.62797700128,2.733096081331,2.838215161382,
    2.943334241434,3.048453321485,3.153572401536,3.258691481587,
    3.363810561638,3.46892964169,3.574048721741,3.679167801792,
    3.784286881843,3.889405961894,3.994525041946,4.099644121997,
    4.204763202048,4.309882282099,4.41500136215,4.520120442202,
    4.625239522253,4.730358602304,4.835477682355,4.940596762406,
    5.045715842458,5.150834922509,5.25595400256,5.361073082611,
    5.466192162662,5.571311242714,5.676430322765,5.781549402816,
    5.886668482867,5.991787562918,6.09690664297,6.202025723021,
    6.307144803072,6.412263883123,6.517382963174,6.622502043226,
    6.727621123277,6.832740203328,6.937859283379),
  .QUASI_UNIFORM_KNOTS.);
#3938 = CARTESIAN_POINT('',(10.210176124167,-10.98637001097));
#3939 = CARTESIAN_POINT('',(10.180186807173,-10.98555149198));
#3940 = CARTESIAN_POINT('',(10.121018040738,-10.98394017462));
#3941 = CARTESIAN_POINT('',(10.034406010997,-10.98165298423));
#3942 = CARTESIAN_POINT('',(9.949638765289,-10.97955218299));
#3943 = CARTESIAN_POINT('',(9.866447453686,-10.97768044527));
#3944 = CARTESIAN_POINT('',(9.78457385019,-10.97607273313));
#3945 = CARTESIAN_POINT('',(9.703768463942,-10.97475600191));
#3946 = CARTESIAN_POINT('',(9.623786646409,-10.97375055958));
#3947 = CARTESIAN_POINT('',(9.544381150207,-10.97307087178));
#3948 = CARTESIAN_POINT('',(9.465312953076,-10.97272629449));
#3949 = CARTESIAN_POINT('',(9.386293831879,-10.97272182996));
#3950 = CARTESIAN_POINT('',(9.307253159569,-10.97305770861));
#3951 = CARTESIAN_POINT('',(9.228216595515,-10.97372557712));
#3952 = CARTESIAN_POINT('',(9.14917979253,-10.97470873752));
#3953 = CARTESIAN_POINT('',(9.070144499658,-10.97598264656));
#3954 = CARTESIAN_POINT('',(8.991109653859,-10.97751554049));
#3955 = CARTESIAN_POINT('',(8.91207449286,-10.97926921227));
#3956 = CARTESIAN_POINT('',(8.83303823708,-10.98119994105));
#3957 = CARTESIAN_POINT('',(8.754001465457,-10.98325954742));
#3958 = CARTESIAN_POINT('',(8.67496447561,-10.98539668069));
#3959 = CARTESIAN_POINT('',(8.595923234008,-10.98755816136));
#3960 = CARTESIAN_POINT('',(8.516882511911,-10.98968995695));
#3961 = CARTESIAN_POINT('',(8.437842915062,-10.99173888222));
#3962 = CARTESIAN_POINT('',(8.358803614127,-10.99365387441));
#3963 = CARTESIAN_POINT('',(8.279766644305,-10.99538717618));
#3964 = CARTESIAN_POINT('',(8.200720509915,-10.9968957578));
#3965 = CARTESIAN_POINT('',(8.121704910822,-10.99814135299));
#3966 = CARTESIAN_POINT('',(8.042571954366,-10.99909527906));
#3967 = CARTESIAN_POINT('',(7.962983824849,-10.99973387385));
#3968 = CARTESIAN_POINT('',(7.883298293478,-11.00003427704));
#3969 = CARTESIAN_POINT('',(7.803692202715,-10.99998836986));
#3970 = CARTESIAN_POINT('',(7.72438524873,-10.99959979166));
#3971 = CARTESIAN_POINT('',(7.645587674881,-10.99888451565));
#3972 = CARTESIAN_POINT('',(7.567521982705,-10.99786979462));
#3973 = CARTESIAN_POINT('',(7.490424353449,-10.99659289482));
#3974 = CARTESIAN_POINT('',(7.41455434061,-10.99509939439));
#3975 = CARTESIAN_POINT('',(7.340194384599,-10.99344089237));
#3976 = CARTESIAN_POINT('',(7.26768575352,-10.99167344568));
#3977 = CARTESIAN_POINT('',(7.197334025526,-10.98985220494));
#3978 = CARTESIAN_POINT('',(7.129805697855,-10.98803974387));
#3979 = CARTESIAN_POINT('',(7.063613101038,-10.98623410453));
#3980 = CARTESIAN_POINT('',(6.998717024058,-10.98446623089));
#3981 = CARTESIAN_POINT('',(6.934976843315,-10.98276116759));
#3982 = CARTESIAN_POINT('',(6.872288015099,-10.98114143542));
#3983 = CARTESIAN_POINT('',(6.810543314087,-10.97962639053));
#3984 = CARTESIAN_POINT('',(6.749641612224,-10.97823267282));
#3985 = CARTESIAN_POINT('',(6.689484138813,-10.97697436947));
#3986 = CARTESIAN_POINT('',(6.629974232987,-10.97586325593));
#3987 = CARTESIAN_POINT('',(6.571016295364,-10.9749090113));
#3988 = CARTESIAN_POINT('',(6.512514892151,-10.97411942987));
#3989 = CARTESIAN_POINT('',(6.454374356784,-10.97350061681));
#3990 = CARTESIAN_POINT('',(6.396496467603,-10.97305716586));
#3991 = CARTESIAN_POINT('',(6.338785476685,-10.97279231184));
#3992 = CARTESIAN_POINT('',(6.281125743056,-10.97270806066));
#3993 = CARTESIAN_POINT('',(6.223461864961,-10.97280526504));
#3994 = CARTESIAN_POINT('',(6.165731735544,-10.97308303267));
#3995 = CARTESIAN_POINT('',(6.107826251875,-10.9735392911));
#3996 = CARTESIAN_POINT('',(6.049651828708,-10.97417068971));
#3997 = CARTESIAN_POINT('',(5.991112477387,-10.9749724911));
#3998 = CARTESIAN_POINT('',(5.932113552546,-10.97593842901));
#3999 = CARTESIAN_POINT('',(5.872559770171,-10.977060543));
#4000 = CARTESIAN_POINT('',(5.812354799423,-10.978328995));
#4001 = CARTESIAN_POINT('',(5.751400385227,-10.97973185986));
#4002 = CARTESIAN_POINT('',(5.689595589426,-10.9812549396));
#4003 = CARTESIAN_POINT('',(5.626835506077,-10.98288143309));
#4004 = CARTESIAN_POINT('',(5.563011049285,-10.98459210754));
#4005 = CARTESIAN_POINT('',(5.519672762766,-10.98577308788));
#4006 = CARTESIAN_POINT('',(5.497787143782,-10.98637001097));
#4007 = ( GEOMETRIC_REPRESENTATION_CONTEXT(2) 
PARAMETRIC_REPRESENTATION_CONTEXT() REPRESENTATION_CONTEXT('2D SPACE',''
  ) );
#4008 = ORIENTED_EDGE('',*,*,#4009,.T.);
#4009 = EDGE_CURVE('',#3809,#4010,#4012,.T.);
#4010 = VERTEX_POINT('',#4011);
#4011 = CARTESIAN_POINT('',(-0.503401871577,-101.2987491855,14.57));
#4012 = SURFACE_CURVE('',#4013,(#4018,#4028),.PCURVE_S1.);
#4013 = ELLIPSE('',#4014,143.25983386839,101.3);
#4014 = AXIS2_PLACEMENT_3D('',#4015,#4016,#4017);
#4015 = CARTESIAN_POINT('',(0.,-2.359402231217E-16,15.073401871577));
#4016 = DIRECTION('',(-0.707106781187,8.090982689361E-18,0.707106781187)
  );
#4017 = DIRECTION('',(-0.707106781187,-1.651002285577E-16,
    -0.707106781187));
#4018 = PCURVE('',#272,#4019);
#4019 = DEFINITIONAL_REPRESENTATION('',(#4020),#4027);
#4020 = B_SPLINE_CURVE_WITH_KNOTS('',5,(#4021,#4022,#4023,#4024,#4025,
    #4026),.UNSPECIFIED.,.F.,.F.,(6,6),(1.553248231306,1.566970335574),
  .PIECEWISE_BEZIER_KNOTS.);
#4021 = CARTESIAN_POINT('',(1.588344422284,3.704128970633));
#4022 = CARTESIAN_POINT('',(1.58560000143,3.426161941646));
#4023 = CARTESIAN_POINT('',(1.582855580577,3.148178177549));
#4024 = CARTESIAN_POINT('',(1.580111159723,2.870182040019));
#4025 = CARTESIAN_POINT('',(1.57736673887,2.592177891256));
#4026 = CARTESIAN_POINT('',(1.574622318016,2.314170093579));
#4027 = ( GEOMETRIC_REPRESENTATION_CONTEXT(2) 
PARAMETRIC_REPRESENTATION_CONTEXT() REPRESENTATION_CONTEXT('2D SPACE',''
  ) );
#4028 = PCURVE('',#4029,#4034);
#4029 = PLANE('',#4030);
#4030 = AXIS2_PLACEMENT_3D('',#4031,#4032,#4033);
#4031 = CARTESIAN_POINT('',(-1.661700935788,-90.3,13.411700935788));
#4032 = DIRECTION('',(-0.707106781187,8.090982689361E-18,0.707106781187)
  );
#4033 = DIRECTION('',(0.707106781187,1.651002285577E-16,0.707106781187)
  );
#4034 = DEFINITIONAL_REPRESENTATION('',(#4035),#4039);
#4035 = ELLIPSE('',#4036,143.25983386839,101.3);
#4036 = AXIS2_PLACEMENT_2D('',#4037,#4038);
#4037 = CARTESIAN_POINT('',(2.35,90.3));
#4038 = DIRECTION('',(-1.,2.465190328816E-32));
#4039 = ( GEOMETRIC_REPRESENTATION_CONTEXT(2) 
PARAMETRIC_REPRESENTATION_CONTEXT() REPRESENTATION_CONTEXT('2D SPACE',''
  ) );
#4040 = ORIENTED_EDGE('',*,*,#4041,.F.);
#4041 = EDGE_CURVE('',#3775,#4010,#4042,.T.);
#4042 = SURFACE_CURVE('',#4043,(#4048,#4055),.PCURVE_S1.);
#4043 = CIRCLE('',#4044,101.3);
#4044 = AXIS2_PLACEMENT_3D('',#4045,#4046,#4047);
#4045 = CARTESIAN_POINT('',(0.,-2.975891721928E-16,14.57));
#4046 = DIRECTION('',(0.,-1.224646799147E-16,-1.));
#4047 = DIRECTION('',(1.,0.,0.));
#4048 = PCURVE('',#272,#4049);
#4049 = DEFINITIONAL_REPRESENTATION('',(#4050),#4054);
#4050 = LINE('',#4051,#4052);
#4051 = CARTESIAN_POINT('',(0.,2.43));
#4052 = VECTOR('',#4053,1.);
#4053 = DIRECTION('',(1.,0.));
#4054 = ( GEOMETRIC_REPRESENTATION_CONTEXT(2) 
PARAMETRIC_REPRESENTATION_CONTEXT() REPRESENTATION_CONTEXT('2D SPACE',''
  ) );
#4055 = PCURVE('',#4056,#4061);
#4056 = PLANE('',#4057);
#4057 = AXIS2_PLACEMENT_3D('',#4058,#4059,#4060);
#4058 = CARTESIAN_POINT('',(-0.503401871577,-90.3,14.57));
#4059 = DIRECTION('',(0.,1.224646799147E-16,1.));
#4060 = DIRECTION('',(1.,1.110223024625E-16,-1.359631073447E-32));
#4061 = DEFINITIONAL_REPRESENTATION('',(#4062),#4070);
#4062 = ( BOUNDED_CURVE() B_SPLINE_CURVE(2,(#4063,#4064,#4065,#4066,
#4067,#4068,#4069),.UNSPECIFIED.,.T.,.F.) B_SPLINE_CURVE_WITH_KNOTS((1,2
    ,2,2,2,1),(-2.094395102393,0.,2.094395102393,4.188790204786,
6.28318530718,8.377580409573),.UNSPECIFIED.) CURVE() 
GEOMETRIC_REPRESENTATION_ITEM() RATIONAL_B_SPLINE_CURVE((1.,0.5,1.,0.5,
1.,0.5,1.)) REPRESENTATION_ITEM('') );
#4063 = CARTESIAN_POINT('',(101.80340187157,90.3));
#4064 = CARTESIAN_POINT('',(101.80340187157,-85.15674680672));
#4065 = CARTESIAN_POINT('',(-50.14659812842,2.571626596636));
#4066 = CARTESIAN_POINT('',(-202.0965981284,90.3));
#4067 = CARTESIAN_POINT('',(-50.14659812842,178.02837340336));
#4068 = CARTESIAN_POINT('',(101.80340187157,265.75674680672));
#4069 = CARTESIAN_POINT('',(101.80340187157,90.3));
#4070 = ( GEOMETRIC_REPRESENTATION_CONTEXT(2) 
PARAMETRIC_REPRESENTATION_CONTEXT() REPRESENTATION_CONTEXT('2D SPACE',''
  ) );
#4071 = FACE_BOUND('',#4072,.T.);
#4072 = EDGE_LOOP('',(#4073,#4107,#4308,#4340));
#4073 = ORIENTED_EDGE('',*,*,#4074,.T.);
#4074 = EDGE_CURVE('',#4075,#4077,#4079,.T.);
#4075 = VERTEX_POINT('',#4076);
#4076 = CARTESIAN_POINT('',(-87.47558923048,-51.08533340187,14.57));
#4077 = VERTEX_POINT('',#4078);
#4078 = CARTESIAN_POINT('',(-86.88571901872,-52.08226022937,
    13.411700935788));
#4079 = SURFACE_CURVE('',#4080,(#4085,#4095),.PCURVE_S1.);
#4080 = ELLIPSE('',#4081,143.25983386839,101.3);
#4081 = AXIS2_PLACEMENT_3D('',#4082,#4083,#4084);
#4082 = CARTESIAN_POINT('',(0.,-2.359402231217E-16,15.073401871577));
#4083 = DIRECTION('',(0.353553390593,-0.612372435696,0.707106781187));
#4084 = DIRECTION('',(0.353553390593,-0.612372435696,-0.707106781187));
#4085 = PCURVE('',#272,#4086);
#4086 = DEFINITIONAL_REPRESENTATION('',(#4087),#4094);
#4087 = B_SPLINE_CURVE_WITH_KNOTS('',5,(#4088,#4089,#4090,#4091,#4092,
    #4093),.UNSPECIFIED.,.F.,.F.,(6,6),(4.716214971606,4.729937075873),
  .PIECEWISE_BEZIER_KNOTS.);
#4088 = CARTESIAN_POINT('',(2.61416788677,2.314170093579));
#4089 = CARTESIAN_POINT('',(2.611423465917,2.592177891256));
#4090 = CARTESIAN_POINT('',(2.608679045063,2.870182040018));
#4091 = CARTESIAN_POINT('',(2.60593462421,3.148178177549));
#4092 = CARTESIAN_POINT('',(2.603190203356,3.426161941646));
#4093 = CARTESIAN_POINT('',(2.600445782503,3.704128970633));
#4094 = ( GEOMETRIC_REPRESENTATION_CONTEXT(2) 
PARAMETRIC_REPRESENTATION_CONTEXT() REPRESENTATION_CONTEXT('2D SPACE',''
  ) );
#4095 = PCURVE('',#4096,#4101);
#4096 = PLANE('',#4097);
#4097 = AXIS2_PLACEMENT_3D('',#4098,#4099,#4100);
#4098 = CARTESIAN_POINT('',(-77.95039302594,-45.58595880909,14.57));
#4099 = DIRECTION('',(0.353553390593,-0.612372435696,0.707106781187));
#4100 = DIRECTION('',(0.353553390593,-0.612372435696,-0.707106781187));
#4101 = DEFINITIONAL_REPRESENTATION('',(#4102),#4106);
#4102 = ELLIPSE('',#4103,143.25983386839,101.3);
#4103 = AXIS2_PLACEMENT_2D('',#4104,#4105);
#4104 = CARTESIAN_POINT('',(-0.711917754108,90.3));
#4105 = DIRECTION('',(1.,4.329780281177E-17));
#4106 = ( GEOMETRIC_REPRESENTATION_CONTEXT(2) 
PARAMETRIC_REPRESENTATION_CONTEXT() REPRESENTATION_CONTEXT('2D SPACE',''
  ) );
#4107 = ORIENTED_EDGE('',*,*,#4108,.F.);
#4108 = EDGE_CURVE('',#4109,#4077,#4111,.T.);
#4109 = VERTEX_POINT('',#4110);
#4110 = CARTESIAN_POINT('',(-88.5474199545,-49.2041097816,
    13.411700935788));
#4111 = SURFACE_CURVE('',#4112,(#4157,#4230),.PCURVE_S1.);
#4112 = B_SPLINE_CURVE_WITH_KNOTS('',8,(#4113,#4114,#4115,#4116,#4117,
    #4118,#4119,#4120,#4121,#4122,#4123,#4124,#4125,#4126,#4127,#4128,
    #4129,#4130,#4131,#4132,#4133,#4134,#4135,#4136,#4137,#4138,#4139,
    #4140,#4141,#4142,#4143,#4144,#4145,#4146,#4147,#4148,#4149,#4150,
    #4151,#4152,#4153,#4154,#4155,#4156),.UNSPECIFIED.,.F.,.F.,(9,7,7,7,
    7,7,9),(0.,1.,1.919240854642,2.754875649998,4.048352977584,
    5.567556043079,6.937859383249),.UNSPECIFIED.);
#4113 = CARTESIAN_POINT('',(-88.5474199545,-49.2041097816,
    13.411700935788));
#4114 = CARTESIAN_POINT('',(-88.6337871499,-49.04868389635,
    13.23391457306));
#4115 = CARTESIAN_POINT('',(-88.70608444878,-48.9178437204,
    13.040977502828));
#4116 = CARTESIAN_POINT('',(-88.76503268308,-48.81070174315,
    12.837398347801));
#4117 = CARTESIAN_POINT('',(-88.81135277815,-48.72625186063,
    12.626426325366));
#4118 = CARTESIAN_POINT('',(-88.84565452445,-48.66358736983,
    12.410496231396));
#4119 = CARTESIAN_POINT('',(-88.86838034637,-48.62202725232,
    12.191475317191));
#4120 = CARTESIAN_POINT('',(-88.87976398121,-48.60120939487,
    11.970851206549));
#4121 = CARTESIAN_POINT('',(-88.87976398121,-48.60120939487,
    11.546984548143));
#4122 = CARTESIAN_POINT('',(-88.87014476519,-48.61880050164,
    11.343945807304));
#4123 = CARTESIAN_POINT('',(-88.85090280562,-48.65398959278,
    11.143223435079));
#4124 = CARTESIAN_POINT('',(-88.82217559757,-48.70647821446,
    10.947130923892));
#4125 = CARTESIAN_POINT('',(-88.78423284303,-48.77568070497,
    10.757913140455));
#4126 = CARTESIAN_POINT('',(-88.73747135813,-48.86074243093,
    10.577704502984));
#4127 = CARTESIAN_POINT('',(-88.68241370335,-48.96055813592,
    10.408487796202));
#4128 = CARTESIAN_POINT('',(-88.56271029838,-49.17672405691,
    10.109847327733));
#4129 = CARTESIAN_POINT('',(-88.49938501973,-49.29075727913,
    9.978186700451));
#4130 = CARTESIAN_POINT('',(-88.43022385784,-49.41488452481,
    9.858428556043));
#4131 = CARTESIAN_POINT('',(-88.35579497423,-49.54795523415,
    9.751770771448));
#4132 = CARTESIAN_POINT('',(-88.27673831923,-49.68870069063,
    9.659239868076));
#4133 = CARTESIAN_POINT('',(-88.19375832735,-49.83575885794,
    9.581678130171));
#4134 = CARTESIAN_POINT('',(-88.10761652364,-49.98769719433,
    9.519730260215));
#4135 = CARTESIAN_POINT('',(-87.88214671531,-50.38347809675,
    9.402779992392));
#4136 = CARTESIAN_POINT('',(-87.73789635954,-50.63494418086,
    9.369328434947));
#4137 = CARTESIAN_POINT('',(-87.59065963882,-50.88961645395,
    9.377476111158));
#4138 = CARTESIAN_POINT('',(-87.4452780625,-51.13899977893,
    9.427628645613));
#4139 = CARTESIAN_POINT('',(-87.30664902052,-51.3749127018,
    9.516760030063));
#4140 = CARTESIAN_POINT('',(-87.17922622309,-51.5902983422,
    9.638559367521));
#4141 = CARTESIAN_POINT('',(-87.06632830025,-51.78011114704,
    9.783585695316));
#4142 = CARTESIAN_POINT('',(-86.85644441703,-52.13153502141,
    10.122174820375));
#4143 = CARTESIAN_POINT('',(-86.76077965335,-52.2906378816,
    10.327686853051));
#4144 = CARTESIAN_POINT('',(-86.68246278427,-52.42022248359,
    10.548665811592));
#4145 = CARTESIAN_POINT('',(-86.62082760284,-52.52183714239,
    10.780096741883));
#4146 = CARTESIAN_POINT('',(-86.57517294355,-52.59693036047,
    11.01832863548));
#4147 = CARTESIAN_POINT('',(-86.54492618632,-52.6466199515,
    11.260682086963));
#4148 = CARTESIAN_POINT('',(-86.52976398121,-52.67152879265,
    11.505163566585));
#4149 = CARTESIAN_POINT('',(-86.52976398121,-52.67152879265,
    11.970839590259));
#4150 = CARTESIAN_POINT('',(-86.54209915752,-52.65126431443,
    12.191457588165));
#4151 = CARTESIAN_POINT('',(-86.56672890156,-52.61080220153,
    12.410490442388));
#4152 = CARTESIAN_POINT('',(-86.6038466147,-52.54976456045,
    12.626423857291));
#4153 = CARTESIAN_POINT('',(-86.65382337261,-52.46742351319,
    12.837397406195));
#4154 = CARTESIAN_POINT('',(-86.71714026011,-52.36279630833,
    13.040985435104));
#4155 = CARTESIAN_POINT('',(-86.79430131497,-52.23476691563,
    13.233917419363));
#4156 = CARTESIAN_POINT('',(-86.88571901872,-52.08226022937,
    13.411700935788));
#4157 = PCURVE('',#272,#4158);
#4158 = DEFINITIONAL_REPRESENTATION('',(#4159),#4229);
#4159 = B_SPLINE_CURVE_WITH_KNOTS('',3,(#4160,#4161,#4162,#4163,#4164,
    #4165,#4166,#4167,#4168,#4169,#4170,#4171,#4172,#4173,#4174,#4175,
    #4176,#4177,#4178,#4179,#4180,#4181,#4182,#4183,#4184,#4185,#4186,
    #4187,#4188,#4189,#4190,#4191,#4192,#4193,#4194,#4195,#4196,#4197,
    #4198,#4199,#4200,#4201,#4202,#4203,#4204,#4205,#4206,#4207,#4208,
    #4209,#4210,#4211,#4212,#4213,#4214,#4215,#4216,#4217,#4218,#4219,
    #4220,#4221,#4222,#4223,#4224,#4225,#4226,#4227,#4228),
  .UNSPECIFIED.,.F.,.F.,(4,1,1,1,1,1,1,1,1,1,1,1,1,1,1,1,1,1,1,1,1,1,1,1
    ,1,1,1,1,1,1,1,1,1,1,1,1,1,1,1,1,1,1,1,1,1,1,1,1,1,1,1,1,1,1,1,1,1,1
    ,1,1,1,1,1,1,1,1,4),(0.,0.105119081564,0.210238163129,0.315357244693
    ,0.420476326258,0.525595407822,0.630714489386,0.735833570951,
    0.840952652515,0.946071734079,1.051190815644,1.156309897208,
    1.261428978773,1.366548060337,1.471667141901,1.576786223466,
    1.68190530503,1.787024386595,1.892143468159,1.997262549723,
    2.102381631288,2.207500712852,2.312619794416,2.417738875981,
    2.522857957545,2.62797703911,2.733096120674,2.838215202238,
    2.943334283803,3.048453365367,3.153572446932,3.258691528496,
    3.36381061006,3.468929691625,3.574048773189,3.679167854753,
    3.784286936318,3.889406017882,3.994525099447,4.099644181011,
    4.204763262575,4.30988234414,4.415001425704,4.520120507269,
    4.625239588833,4.730358670397,4.835477751962,4.940596833526,
    5.04571591509,5.150834996655,5.255954078219,5.361073159784,
    5.466192241348,5.571311322912,5.676430404477,5.781549486041,
    5.886668567606,5.99178764917,6.096906730734,6.202025812299,
    6.307144893863,6.412263975428,6.517383056992,6.622502138556,
    6.727621220121,6.832740301685,6.937859383249),
  .QUASI_UNIFORM_KNOTS.);
#4160 = CARTESIAN_POINT('',(2.634398374215,3.588299064212));
#4161 = CARTESIAN_POINT('',(2.634890409582,3.638153738431));
#4162 = CARTESIAN_POINT('',(2.635816806554,3.740918772783));
#4163 = CARTESIAN_POINT('',(2.637037782352,3.902836435434));
#4164 = CARTESIAN_POINT('',(2.638094587052,4.071049615585));
#4165 = CARTESIAN_POINT('',(2.638991504902,4.244355484145));
#4166 = CARTESIAN_POINT('',(2.639732518472,4.421693392161));
#4167 = CARTESIAN_POINT('',(2.640321173137,4.602148423271));
#4168 = CARTESIAN_POINT('',(2.640760459968,4.784919403454));
#4169 = CARTESIAN_POINT('',(2.641052698949,4.969309179064));
#4170 = CARTESIAN_POINT('',(2.641199454486,5.15466982444));
#4171 = CARTESIAN_POINT('',(2.641201349473,5.340509548529));
#4172 = CARTESIAN_POINT('',(2.64105831945,5.52583502892));
#4173 = CARTESIAN_POINT('',(2.640771256437,5.709428568243));
#4174 = CARTESIAN_POINT('',(2.64034196268,5.89015422208));
#4175 = CARTESIAN_POINT('',(2.639773130231,6.066879669421));
#4176 = CARTESIAN_POINT('',(2.639068315672,6.238504142722));
#4177 = CARTESIAN_POINT('',(2.638231917721,6.403957800533));
#4178 = CARTESIAN_POINT('',(2.637269152512,6.562209097714));
#4179 = CARTESIAN_POINT('',(2.63618603976,6.712268550246));
#4180 = CARTESIAN_POINT('',(2.634989352252,6.853198751534));
#4181 = CARTESIAN_POINT('',(2.633686495261,6.984125999495));
#4182 = CARTESIAN_POINT('',(2.632285677644,7.104223937487));
#4183 = CARTESIAN_POINT('',(2.630795666037,7.212742428337));
#4184 = CARTESIAN_POINT('',(2.629225750425,7.309004925188));
#4185 = CARTESIAN_POINT('',(2.627585782473,7.392409611108));
#4186 = CARTESIAN_POINT('',(2.625885745241,7.462443962539));
#4187 = CARTESIAN_POINT('',(2.624137133232,7.518642070517));
#4188 = CARTESIAN_POINT('',(2.622347568315,7.560757728904));
#4189 = CARTESIAN_POINT('',(2.620520228655,7.588527273645));
#4190 = CARTESIAN_POINT('',(2.618674598212,7.601476552846));
#4191 = CARTESIAN_POINT('',(2.61682650347,7.59950231725));
#4192 = CARTESIAN_POINT('',(2.614992720716,7.582723632701));
#4193 = CARTESIAN_POINT('',(2.613189433118,7.551517006305));
#4194 = CARTESIAN_POINT('',(2.611432343159,7.506502698944));
#4195 = CARTESIAN_POINT('',(2.609736336594,7.448543191201));
#4196 = CARTESIAN_POINT('',(2.608115310664,7.378742639228));
#4197 = CARTESIAN_POINT('',(2.606581827286,7.298431259559));
#4198 = CARTESIAN_POINT('',(2.605147348469,7.209210377198));
#4199 = CARTESIAN_POINT('',(2.603820382087,7.112771662245));
#4200 = CARTESIAN_POINT('',(2.602612491062,7.011561195988));
#4201 = CARTESIAN_POINT('',(2.601496221049,6.904606242695));
#4202 = CARTESIAN_POINT('',(2.600472036084,6.792705676313));
#4203 = CARTESIAN_POINT('',(2.599537842977,6.676486266137));
#4204 = CARTESIAN_POINT('',(2.598692154293,6.556537403691));
#4205 = CARTESIAN_POINT('',(2.597933295251,6.433382997316));
#4206 = CARTESIAN_POINT('',(2.597259665855,6.307496257865));
#4207 = CARTESIAN_POINT('',(2.596669716141,6.17930237076));
#4208 = CARTESIAN_POINT('',(2.596161994824,6.049183875956));
#4209 = CARTESIAN_POINT('',(2.595735175471,5.91748500036));
#4210 = CARTESIAN_POINT('',(2.595388086566,5.784515668938));
#4211 = CARTESIAN_POINT('',(2.595119738991,5.65055657101));
#4212 = CARTESIAN_POINT('',(2.594929353634,5.51585957546));
#4213 = CARTESIAN_POINT('',(2.594816387896,5.380665469462));
#4214 = CARTESIAN_POINT('',(2.594780566397,5.245157354543));
#4215 = CARTESIAN_POINT('',(2.594821899099,5.109655560447));
#4216 = CARTESIAN_POINT('',(2.594940414614,4.974464980891));
#4217 = CARTESIAN_POINT('',(2.595136417732,4.839785012347));
#4218 = CARTESIAN_POINT('',(2.59541045877,4.705862757666));
#4219 = CARTESIAN_POINT('',(2.595763315845,4.572956769067));
#4220 = CARTESIAN_POINT('',(2.596195972785,4.44135176012));
#4221 = CARTESIAN_POINT('',(2.596709597096,4.311359909757));
#4222 = CARTESIAN_POINT('',(2.597305516607,4.183325975902));
#4223 = CARTESIAN_POINT('',(2.597985194931,4.057631864641));
#4224 = CARTESIAN_POINT('',(2.59875020556,3.934700992983));
#4225 = CARTESIAN_POINT('',(2.599602204234,3.815005586381));
#4226 = CARTESIAN_POINT('',(2.600542900191,3.699064147626));
#4227 = CARTESIAN_POINT('',(2.601230315569,3.624672815098));
#4228 = CARTESIAN_POINT('',(2.601589381767,3.588299064212));
#4229 = ( GEOMETRIC_REPRESENTATION_CONTEXT(2) 
PARAMETRIC_REPRESENTATION_CONTEXT() REPRESENTATION_CONTEXT('2D SPACE',''
  ) );
#4230 = PCURVE('',#4231,#4236);
#4231 = CYLINDRICAL_SURFACE('',#4232,2.35);
#4232 = AXIS2_PLACEMENT_3D('',#4233,#4234,#4235);
#4233 = CARTESIAN_POINT('',(-78.20209396173,-45.15,11.75));
#4234 = DIRECTION('',(0.866025403784,0.5,-6.123233995737E-17));
#4235 = DIRECTION('',(0.5,-0.866025403784,1.060575238725E-16));
#4236 = DEFINITIONAL_REPRESENTATION('',(#4237),#4307);
#4237 = B_SPLINE_CURVE_WITH_KNOTS('',3,(#4238,#4239,#4240,#4241,#4242,
    #4243,#4244,#4245,#4246,#4247,#4248,#4249,#4250,#4251,#4252,#4253,
    #4254,#4255,#4256,#4257,#4258,#4259,#4260,#4261,#4262,#4263,#4264,
    #4265,#4266,#4267,#4268,#4269,#4270,#4271,#4272,#4273,#4274,#4275,
    #4276,#4277,#4278,#4279,#4280,#4281,#4282,#4283,#4284,#4285,#4286,
    #4287,#4288,#4289,#4290,#4291,#4292,#4293,#4294,#4295,#4296,#4297,
    #4298,#4299,#4300,#4301,#4302,#4303,#4304,#4305,#4306),
  .UNSPECIFIED.,.F.,.F.,(4,1,1,1,1,1,1,1,1,1,1,1,1,1,1,1,1,1,1,1,1,1,1,1
    ,1,1,1,1,1,1,1,1,1,1,1,1,1,1,1,1,1,1,1,1,1,1,1,1,1,1,1,1,1,1,1,1,1,1
    ,1,1,1,1,1,1,1,1,4),(0.,0.105119081564,0.210238163129,0.315357244693
    ,0.420476326258,0.525595407822,0.630714489386,0.735833570951,
    0.840952652515,0.946071734079,1.051190815644,1.156309897208,
    1.261428978773,1.366548060337,1.471667141901,1.576786223466,
    1.68190530503,1.787024386595,1.892143468159,1.997262549723,
    2.102381631288,2.207500712852,2.312619794416,2.417738875981,
    2.522857957545,2.62797703911,2.733096120674,2.838215202238,
    2.943334283803,3.048453365367,3.153572446932,3.258691528496,
    3.36381061006,3.468929691625,3.574048773189,3.679167854753,
    3.784286936318,3.889406017882,3.994525099447,4.099644181011,
    4.204763262575,4.30988234414,4.415001425704,4.520120507269,
    4.625239588833,4.730358670397,4.835477751962,4.940596833526,
    5.04571591509,5.150834996655,5.255954078219,5.361073159784,
    5.466192241348,5.571311322912,5.676430404477,5.781549486041,
    5.886668567606,5.99178764917,6.096906730734,6.202025812299,
    6.307144893863,6.412263975428,6.517383056992,6.622502138556,
    6.727621220121,6.832740301685,6.937859383249),
  .QUASI_UNIFORM_KNOTS.);
#4238 = CARTESIAN_POINT('',(10.210176124167,-10.98637001097));
#4239 = CARTESIAN_POINT('',(10.180186806824,-10.98555149197));
#4240 = CARTESIAN_POINT('',(10.121018039539,-10.98394017459));
#4241 = CARTESIAN_POINT('',(10.034406008356,-10.98165298416));
#4242 = CARTESIAN_POINT('',(9.949638761726,-10.97955218291));
#4243 = CARTESIAN_POINT('',(9.86644744904,-10.97768044518));
#4244 = CARTESIAN_POINT('',(9.784573844282,-10.97607273302));
#4245 = CARTESIAN_POINT('',(9.703768456893,-10.97475600181));
#4246 = CARTESIAN_POINT('',(9.623786638458,-10.97375055949));
#4247 = CARTESIAN_POINT('',(9.544381141299,-10.97307087172));
#4248 = CARTESIAN_POINT('',(9.465312942433,-10.97272629447));
#4249 = CARTESIAN_POINT('',(9.38629382094,-10.97272182999));
#4250 = CARTESIAN_POINT('',(9.307253148452,-10.97305770868));
#4251 = CARTESIAN_POINT('',(9.228216584186,-10.97372557724));
#4252 = CARTESIAN_POINT('',(9.149179781002,-10.97470873768));
#4253 = CARTESIAN_POINT('',(9.070144487929,-10.97598264676));
#4254 = CARTESIAN_POINT('',(8.99110964193,-10.97751554073));
#4255 = CARTESIAN_POINT('',(8.912074480728,-10.97926921255));
#4256 = CARTESIAN_POINT('',(8.833038224743,-10.98119994136));
#4257 = CARTESIAN_POINT('',(8.754001452919,-10.98325954775));
#4258 = CARTESIAN_POINT('',(8.674964462868,-10.98539668104));
#4259 = CARTESIAN_POINT('',(8.595923221024,-10.98755816171));
#4260 = CARTESIAN_POINT('',(8.516882498699,-10.9896899573));
#4261 = CARTESIAN_POINT('',(8.437842901631,-10.99173888256));
#4262 = CARTESIAN_POINT('',(8.358803600479,-10.99365387473));
#4263 = CARTESIAN_POINT('',(8.279766630435,-10.99538717647));
#4264 = CARTESIAN_POINT('',(8.200720495802,-10.99689575805));
#4265 = CARTESIAN_POINT('',(8.121704896502,-10.99814135319));
#4266 = CARTESIAN_POINT('',(8.042571939767,-10.9990952792));
#4267 = CARTESIAN_POINT('',(7.96298381001,-10.99973387394));
#4268 = CARTESIAN_POINT('',(7.883298278439,-11.00003427706));
#4269 = CARTESIAN_POINT('',(7.803692187515,-10.99998836982));
#4270 = CARTESIAN_POINT('',(7.724385233412,-10.99959979155));
#4271 = CARTESIAN_POINT('',(7.645587659489,-10.99888451548));
#4272 = CARTESIAN_POINT('',(7.567521967287,-10.99786979439));
#4273 = CARTESIAN_POINT('',(7.490424338059,-10.99659289454));
#4274 = CARTESIAN_POINT('',(7.414554325308,-10.99509939407));
#4275 = CARTESIAN_POINT('',(7.340194369458,-10.99344089201));
#4276 = CARTESIAN_POINT('',(7.267685738606,-10.9916734453));
#4277 = CARTESIAN_POINT('',(7.197334010987,-10.98985220455));
#4278 = CARTESIAN_POINT('',(7.129805683595,-10.98803974348));
#4279 = CARTESIAN_POINT('',(7.063613088661,-10.98623410419));
#4280 = CARTESIAN_POINT('',(6.998717013303,-10.9844662306));
#4281 = CARTESIAN_POINT('',(6.934976833743,-10.98276116734));
#4282 = CARTESIAN_POINT('',(6.87228800646,-10.9811414352));
#4283 = CARTESIAN_POINT('',(6.810543306422,-10.97962639035));
#4284 = CARTESIAN_POINT('',(6.749641605703,-10.97823267268));
#4285 = CARTESIAN_POINT('',(6.689484133543,-10.97697436937));
#4286 = CARTESIAN_POINT('',(6.629974228901,-10.97586325586));
#4287 = CARTESIAN_POINT('',(6.571016292255,-10.97490901126));
#4288 = CARTESIAN_POINT('',(6.51251488982,-10.97411942985));
#4289 = CARTESIAN_POINT('',(6.454374355241,-10.97350061679));
#4290 = CARTESIAN_POINT('',(6.396496467094,-10.97305716585));
#4291 = CARTESIAN_POINT('',(6.338785477631,-10.97279231184));
#4292 = CARTESIAN_POINT('',(6.281125744738,-10.97270806066));
#4293 = CARTESIAN_POINT('',(6.223461866299,-10.97280526503));
#4294 = CARTESIAN_POINT('',(6.16573173683,-10.97308303266));
#4295 = CARTESIAN_POINT('',(6.107826253034,-10.97353929109));
#4296 = CARTESIAN_POINT('',(6.04965182976,-10.9741706897));
#4297 = CARTESIAN_POINT('',(5.991112478328,-10.97497249109));
#4298 = CARTESIAN_POINT('',(5.932113553378,-10.975938429));
#4299 = CARTESIAN_POINT('',(5.872559770891,-10.97706054298));
#4300 = CARTESIAN_POINT('',(5.81235480003,-10.97832899498));
#4301 = CARTESIAN_POINT('',(5.751400385719,-10.97973185985));
#4302 = CARTESIAN_POINT('',(5.689595589801,-10.98125493959));
#4303 = CARTESIAN_POINT('',(5.626835506331,-10.98288143309));
#4304 = CARTESIAN_POINT('',(5.563011049415,-10.98459210754));
#4305 = CARTESIAN_POINT('',(5.51967276281,-10.98577308788));
#4306 = CARTESIAN_POINT('',(5.497787143782,-10.98637001097));
#4307 = ( GEOMETRIC_REPRESENTATION_CONTEXT(2) 
PARAMETRIC_REPRESENTATION_CONTEXT() REPRESENTATION_CONTEXT('2D SPACE',''
  ) );
#4308 = ORIENTED_EDGE('',*,*,#4309,.T.);
#4309 = EDGE_CURVE('',#4109,#4310,#4312,.T.);
#4310 = VERTEX_POINT('',#4311);
#4311 = CARTESIAN_POINT('',(-87.97899110205,-50.21341578367,14.57));
#4312 = SURFACE_CURVE('',#4313,(#4318,#4328),.PCURVE_S1.);
#4313 = ELLIPSE('',#4314,143.25983386839,101.3);
#4314 = AXIS2_PLACEMENT_3D('',#4315,#4316,#4317);
#4315 = CARTESIAN_POINT('',(0.,-2.359402231217E-16,15.073401871577));
#4316 = DIRECTION('',(-0.353553390593,0.612372435696,0.707106781187));
#4317 = DIRECTION('',(-0.353553390593,0.612372435696,-0.707106781187));
#4318 = PCURVE('',#272,#4319);
#4319 = DEFINITIONAL_REPRESENTATION('',(#4320),#4327);
#4320 = B_SPLINE_CURVE_WITH_KNOTS('',5,(#4321,#4322,#4323,#4324,#4325,
    #4326),.UNSPECIFIED.,.F.,.F.,(6,6),(1.553248231306,1.566970335574),
  .PIECEWISE_BEZIER_KNOTS.);
#4321 = CARTESIAN_POINT('',(2.63554197348,3.704128970633));
#4322 = CARTESIAN_POINT('',(2.632797552627,3.426161941646));
#4323 = CARTESIAN_POINT('',(2.630053131773,3.148178177549));
#4324 = CARTESIAN_POINT('',(2.62730871092,2.870182040019));
#4325 = CARTESIAN_POINT('',(2.624564290066,2.592177891256));
#4326 = CARTESIAN_POINT('',(2.621819869213,2.314170093579));
#4327 = ( GEOMETRIC_REPRESENTATION_CONTEXT(2) 
PARAMETRIC_REPRESENTATION_CONTEXT() REPRESENTATION_CONTEXT('2D SPACE',''
  ) );
#4328 = PCURVE('',#4329,#4334);
#4329 = PLANE('',#4330);
#4330 = AXIS2_PLACEMENT_3D('',#4331,#4332,#4333);
#4331 = CARTESIAN_POINT('',(-79.03294442962,-43.71092477611,
    13.411700935788));
#4332 = DIRECTION('',(-0.353553390593,0.612372435696,0.707106781187));
#4333 = DIRECTION('',(0.353553390593,-0.612372435696,0.707106781187));
#4334 = DEFINITIONAL_REPRESENTATION('',(#4335),#4339);
#4335 = ELLIPSE('',#4336,143.25983386839,101.3);
#4336 = AXIS2_PLACEMENT_2D('',#4337,#4338);
#4337 = CARTESIAN_POINT('',(2.35,90.3));
#4338 = DIRECTION('',(-1.,-6.772449965074E-17));
#4339 = ( GEOMETRIC_REPRESENTATION_CONTEXT(2) 
PARAMETRIC_REPRESENTATION_CONTEXT() REPRESENTATION_CONTEXT('2D SPACE',''
  ) );
#4340 = ORIENTED_EDGE('',*,*,#4341,.F.);
#4341 = EDGE_CURVE('',#4075,#4310,#4342,.T.);
#4342 = SURFACE_CURVE('',#4343,(#4348,#4355),.PCURVE_S1.);
#4343 = CIRCLE('',#4344,101.3);
#4344 = AXIS2_PLACEMENT_3D('',#4345,#4346,#4347);
#4345 = CARTESIAN_POINT('',(0.,-2.975891721928E-16,14.57));
#4346 = DIRECTION('',(0.,-1.224646799147E-16,-1.));
#4347 = DIRECTION('',(1.,0.,0.));
#4348 = PCURVE('',#272,#4349);
#4349 = DEFINITIONAL_REPRESENTATION('',(#4350),#4354);
#4350 = LINE('',#4351,#4352);
#4351 = CARTESIAN_POINT('',(0.,2.43));
#4352 = VECTOR('',#4353,1.);
#4353 = DIRECTION('',(1.,0.));
#4354 = ( GEOMETRIC_REPRESENTATION_CONTEXT(2) 
PARAMETRIC_REPRESENTATION_CONTEXT() REPRESENTATION_CONTEXT('2D SPACE',''
  ) );
#4355 = PCURVE('',#4356,#4361);
#4356 = PLANE('',#4357);
#4357 = AXIS2_PLACEMENT_3D('',#4358,#4359,#4360);
#4358 = CARTESIAN_POINT('',(-78.45379489752,-44.7140411909,14.57));
#4359 = DIRECTION('',(0.,1.224646799147E-16,1.));
#4360 = DIRECTION('',(0.5,-0.866025403784,1.060575238725E-16));
#4361 = DEFINITIONAL_REPRESENTATION('',(#4362),#4370);
#4362 = ( BOUNDED_CURVE() B_SPLINE_CURVE(2,(#4363,#4364,#4365,#4366,
#4367,#4368,#4369),.UNSPECIFIED.,.T.,.F.) B_SPLINE_CURVE_WITH_KNOTS((1,2
    ,2,2,2,1),(-2.094395102393,0.,2.094395102393,4.188790204786,
6.28318530718,8.377580409573),.UNSPECIFIED.) CURVE() 
GEOMETRIC_REPRESENTATION_ITEM() RATIONAL_B_SPLINE_CURVE((1.,0.5,1.,0.5,
1.,0.5,1.)) REPRESENTATION_ITEM('') );
#4363 = CARTESIAN_POINT('',(51.153401871577,178.02837340336));
#4364 = CARTESIAN_POINT('',(203.10340187157,90.3));
#4365 = CARTESIAN_POINT('',(51.153401871577,2.571626596636));
#4366 = CARTESIAN_POINT('',(-100.7965981284,-85.15674680672));
#4367 = CARTESIAN_POINT('',(-100.7965981284,90.3));
#4368 = CARTESIAN_POINT('',(-100.7965981284,265.75674680672));
#4369 = CARTESIAN_POINT('',(51.153401871577,178.02837340336));
#4370 = ( GEOMETRIC_REPRESENTATION_CONTEXT(2) 
PARAMETRIC_REPRESENTATION_CONTEXT() REPRESENTATION_CONTEXT('2D SPACE',''
  ) );
#4371 = FACE_BOUND('',#4372,.T.);
#4372 = EDGE_LOOP('',(#4373,#4407,#4608,#4640));
#4373 = ORIENTED_EDGE('',*,*,#4374,.T.);
#4374 = EDGE_CURVE('',#4375,#4377,#4379,.T.);
#4375 = VERTEX_POINT('',#4376);
#4376 = CARTESIAN_POINT('',(-87.97899110205,50.213415783674,14.57));
#4377 = VERTEX_POINT('',#4378);
#4378 = CARTESIAN_POINT('',(-88.5474199545,49.204109781602,
    13.411700935788));
#4379 = SURFACE_CURVE('',#4380,(#4385,#4395),.PCURVE_S1.);
#4380 = ELLIPSE('',#4381,143.25983386839,101.3);
#4381 = AXIS2_PLACEMENT_3D('',#4382,#4383,#4384);
#4382 = CARTESIAN_POINT('',(0.,-2.359402231217E-16,15.073401871577));
#4383 = DIRECTION('',(-0.353553390593,-0.612372435696,0.707106781187));
#4384 = DIRECTION('',(-0.353553390593,-0.612372435696,-0.707106781187));
#4385 = PCURVE('',#272,#4386);
#4386 = DEFINITIONAL_REPRESENTATION('',(#4387),#4394);
#4387 = B_SPLINE_CURVE_WITH_KNOTS('',5,(#4388,#4389,#4390,#4391,#4392,
    #4393),.UNSPECIFIED.,.F.,.F.,(6,6),(4.716214971606,4.729937075873),
  .PIECEWISE_BEZIER_KNOTS.);
#4388 = CARTESIAN_POINT('',(3.661365437967,2.314170093579));
#4389 = CARTESIAN_POINT('',(3.658621017113,2.592177891256));
#4390 = CARTESIAN_POINT('',(3.65587659626,2.870182040018));
#4391 = CARTESIAN_POINT('',(3.653132175406,3.148178177549));
#4392 = CARTESIAN_POINT('',(3.650387754553,3.426161941646));
#4393 = CARTESIAN_POINT('',(3.647643333699,3.704128970633));
#4394 = ( GEOMETRIC_REPRESENTATION_CONTEXT(2) 
PARAMETRIC_REPRESENTATION_CONTEXT() REPRESENTATION_CONTEXT('2D SPACE',''
  ) );
#4395 = PCURVE('',#4396,#4401);
#4396 = PLANE('',#4397);
#4397 = AXIS2_PLACEMENT_3D('',#4398,#4399,#4400);
#4398 = CARTESIAN_POINT('',(-78.45379489752,44.714041190902,14.57));
#4399 = DIRECTION('',(-0.353553390593,-0.612372435696,0.707106781187));
#4400 = DIRECTION('',(-0.353553390593,-0.612372435696,-0.707106781187));
#4401 = DEFINITIONAL_REPRESENTATION('',(#4402),#4406);
#4402 = ELLIPSE('',#4403,143.25983386839,101.3);
#4403 = AXIS2_PLACEMENT_2D('',#4404,#4405);
#4404 = CARTESIAN_POINT('',(-0.711917754108,90.3));
#4405 = DIRECTION('',(1.,1.221334841948E-17));
#4406 = ( GEOMETRIC_REPRESENTATION_CONTEXT(2) 
PARAMETRIC_REPRESENTATION_CONTEXT() REPRESENTATION_CONTEXT('2D SPACE',''
  ) );
#4407 = ORIENTED_EDGE('',*,*,#4408,.F.);
#4408 = EDGE_CURVE('',#4409,#4377,#4411,.T.);
#4409 = VERTEX_POINT('',#4410);
#4410 = CARTESIAN_POINT('',(-86.88571901872,52.082260229372,
    13.411700935788));
#4411 = SURFACE_CURVE('',#4412,(#4457,#4530),.PCURVE_S1.);
#4412 = B_SPLINE_CURVE_WITH_KNOTS('',8,(#4413,#4414,#4415,#4416,#4417,
    #4418,#4419,#4420,#4421,#4422,#4423,#4424,#4425,#4426,#4427,#4428,
    #4429,#4430,#4431,#4432,#4433,#4434,#4435,#4436,#4437,#4438,#4439,
    #4440,#4441,#4442,#4443,#4444,#4445,#4446,#4447,#4448,#4449,#4450,
    #4451,#4452,#4453,#4454,#4455,#4456),.UNSPECIFIED.,.F.,.F.,(9,7,7,7,
    7,7,9),(0.,1.,1.919240854819,2.754875640679,4.048352941028,
    5.567555938673,6.93785924298),.UNSPECIFIED.);
#4413 = CARTESIAN_POINT('',(-86.88571901872,52.082260229372,
    13.411700935788));
#4414 = CARTESIAN_POINT('',(-86.79429985138,52.234769357261,
    13.23391457306));
#4415 = CARTESIAN_POINT('',(-86.71713758461,52.362800742691,
    13.040977502828));
#4416 = CARTESIAN_POINT('',(-86.65382402765,52.467422399726,
    12.837398347801));
#4417 = CARTESIAN_POINT('',(-86.60384833158,52.549761720026,
    12.626426325366));
#4418 = CARTESIAN_POINT('',(-86.56673016378,52.610800149118,
    12.410496231396));
#4419 = CARTESIAN_POINT('',(-86.5421009572,52.651261346979,
    12.191475317191));
#4420 = CARTESIAN_POINT('',(-86.52976398121,52.671528792658,
    11.970851206549));
#4421 = CARTESIAN_POINT('',(-86.52976398121,52.671528792658,
    11.546984548104));
#4422 = CARTESIAN_POINT('',(-86.54018871855,52.654402753834,
    11.34394580733));
#4423 = CARTESIAN_POINT('',(-86.56104238562,52.620144182464,
    11.143223435114));
#4424 = CARTESIAN_POINT('',(-86.59213526137,52.569021379678,
    10.947130923888));
#4425 = CARTESIAN_POINT('',(-86.63309499891,52.501560745082,
    10.757913140421));
#4426 = CARTESIAN_POINT('',(-86.68337987204,52.418533248252,
    10.57770450297));
#4427 = CARTESIAN_POINT('',(-86.74229398083,52.320944068083,
    10.408487796232));
#4428 = CARTESIAN_POINT('',(-86.86964745668,52.109194919088,
    10.10984732935));
#4429 = CARTESIAN_POINT('',(-86.93674048689,51.997337004259,
    9.978186698254));
#4430 = CARTESIAN_POINT('',(-87.00965725223,51.875378061272,
    9.858428555607));
#4431 = CARTESIAN_POINT('',(-87.08768542392,51.744385404794,
    9.75177077329));
#4432 = CARTESIAN_POINT('',(-87.17004623899,51.60554760194,9.65923986853
    ));
#4433 = CARTESIAN_POINT('',(-87.25591235331,51.460155734715,
    9.581678128442));
#4434 = CARTESIAN_POINT('',(-87.34442390757,51.309585581309,
    9.519730260842));
#4435 = CARTESIAN_POINT('',(-87.57444532101,50.916432545256,
    9.402779992111));
#4436 = CARTESIAN_POINT('',(-87.72009615932,50.665775032027,
    9.369328435416));
#4437 = CARTESIAN_POINT('',(-87.8670304568,50.410928155499,
    9.377476110972));
#4438 = CARTESIAN_POINT('',(-88.01031196396,50.160332353639,
    9.427628645131));
#4439 = CARTESIAN_POINT('',(-88.14530402777,49.922319619214,
    9.516760030381));
#4440 = CARTESIAN_POINT('',(-88.26812206493,49.704275419967,
    9.638559368248));
#4441 = CARTESIAN_POINT('',(-88.37605581382,49.511596549494,
    9.783585694593));
#4442 = CARTESIAN_POINT('',(-88.57545587329,49.154119840501,
    10.122174816908));
#4443 = CARTESIAN_POINT('',(-88.66541061692,48.991720282728,
    10.327686864637));
#4444 = CARTESIAN_POINT('',(-88.73847573158,48.859103598053,
    10.548665797939));
#4445 = CARTESIAN_POINT('',(-88.79565901873,48.754918632256,
    10.780096742583));
#4446 = CARTESIAN_POINT('',(-88.83786432847,48.677833919705,
    11.018328649078));
#4447 = CARTESIAN_POINT('',(-88.86577339299,48.626794673051,
    11.260682073822));
#4448 = CARTESIAN_POINT('',(-88.87976398121,48.601209394872,
    11.505163571113));
#4449 = CARTESIAN_POINT('',(-88.87976398121,48.601209394872,
    11.970839590259));
#4450 = CARTESIAN_POINT('',(-88.86838201642,48.622024210034,
    12.191457588165));
#4451 = CARTESIAN_POINT('',(-88.84565567078,48.663585250505,
    12.410490442388));
#4452 = CARTESIAN_POINT('',(-88.81135437959,48.726248953563,
    12.626423857291));
#4453 = CARTESIAN_POINT('',(-88.76503331985,48.810700619141,
    12.837397406196));
#4454 = CARTESIAN_POINT('',(-88.70608194626,48.917848254631,
    13.040985435104));
#4455 = CARTESIAN_POINT('',(-88.63378576719,49.048686384671,
    13.233917419363));
#4456 = CARTESIAN_POINT('',(-88.5474199545,49.204109781602,
    13.411700935788));
#4457 = PCURVE('',#272,#4458);
#4458 = DEFINITIONAL_REPRESENTATION('',(#4459),#4529);
#4459 = B_SPLINE_CURVE_WITH_KNOTS('',3,(#4460,#4461,#4462,#4463,#4464,
    #4465,#4466,#4467,#4468,#4469,#4470,#4471,#4472,#4473,#4474,#4475,
    #4476,#4477,#4478,#4479,#4480,#4481,#4482,#4483,#4484,#4485,#4486,
    #4487,#4488,#4489,#4490,#4491,#4492,#4493,#4494,#4495,#4496,#4497,
    #4498,#4499,#4500,#4501,#4502,#4503,#4504,#4505,#4506,#4507,#4508,
    #4509,#4510,#4511,#4512,#4513,#4514,#4515,#4516,#4517,#4518,#4519,
    #4520,#4521,#4522,#4523,#4524,#4525,#4526,#4527,#4528),
  .UNSPECIFIED.,.F.,.F.,(4,1,1,1,1,1,1,1,1,1,1,1,1,1,1,1,1,1,1,1,1,1,1,1
    ,1,1,1,1,1,1,1,1,1,1,1,1,1,1,1,1,1,1,1,1,1,1,1,1,1,1,1,1,1,1,1,1,1,1
    ,1,1,1,1,1,1,1,1,4),(0.,0.105119079439,0.210238158878,0.315357238317
    ,0.420476317756,0.525595397195,0.630714476635,0.735833556074,
    0.840952635513,0.946071714952,1.051190794391,1.15630987383,
    1.261428953269,1.366548032708,1.471667112147,1.576786191586,
    1.681905271025,1.787024350465,1.892143429904,1.997262509343,
    2.102381588782,2.207500668221,2.31261974766,2.417738827099,
    2.522857906538,2.627976985977,2.733096065416,2.838215144856,
    2.943334224295,3.048453303734,3.153572383173,3.258691462612,
    3.363810542051,3.46892962149,3.574048700929,3.679167780368,
    3.784286859807,3.889405939246,3.994525018686,4.099644098125,
    4.204763177564,4.309882257003,4.415001336442,4.520120415881,
    4.62523949532,4.730358574759,4.835477654198,4.940596733637,
    5.045715813076,5.150834892516,5.255953971955,5.361073051394,
    5.466192130833,5.571311210272,5.676430289711,5.78154936915,
    5.886668448589,5.991787528028,6.096906607467,6.202025686907,
    6.307144766346,6.412263845785,6.517382925224,6.622502004663,
    6.727621084102,6.832740163541,6.93785924298),.QUASI_UNIFORM_KNOTS.);
#4460 = CARTESIAN_POINT('',(3.681595925412,3.588299064212));
#4461 = CARTESIAN_POINT('',(3.682087960768,3.638153737422));
#4462 = CARTESIAN_POINT('',(3.683014357724,3.740918769635));
#4463 = CARTESIAN_POINT('',(3.684235333502,3.902836428793));
#4464 = CARTESIAN_POINT('',(3.685292138188,4.071049605251));
#4465 = CARTESIAN_POINT('',(3.686189056031,4.24435546998));
#4466 = CARTESIAN_POINT('',(3.686930069601,4.421693374083));
#4467 = CARTESIAN_POINT('',(3.68751872427,4.60214840124));
#4468 = CARTESIAN_POINT('',(3.687958011112,4.784919377468));
#4469 = CARTESIAN_POINT('',(3.688250250109,4.969309149151));
#4470 = CARTESIAN_POINT('',(3.688397005668,5.154669790658));
#4471 = CARTESIAN_POINT('',(3.688398900683,5.34050951096));
#4472 = CARTESIAN_POINT('',(3.688255870693,5.525834987795));
#4473 = CARTESIAN_POINT('',(3.68796880772,5.709428523887));
#4474 = CARTESIAN_POINT('',(3.687539514007,5.890154174902));
#4475 = CARTESIAN_POINT('',(3.686970681608,6.066879619885));
#4476 = CARTESIAN_POINT('',(3.686265867103,6.238504091347));
#4477 = CARTESIAN_POINT('',(3.685429469209,6.403957747865));
#4478 = CARTESIAN_POINT('',(3.684466704061,6.562209044433));
#4479 = CARTESIAN_POINT('',(3.683383591375,6.712268496773));
#4480 = CARTESIAN_POINT('',(3.682186903924,6.853198699564));
#4481 = CARTESIAN_POINT('',(3.680884046976,6.984125951235));
#4482 = CARTESIAN_POINT('',(3.679483229412,7.104223892406));
#4483 = CARTESIAN_POINT('',(3.677993217856,7.212742386728));
#4484 = CARTESIAN_POINT('',(3.676423302285,7.309004887851));
#4485 = CARTESIAN_POINT('',(3.674783334369,7.392409578836));
#4486 = CARTESIAN_POINT('',(3.673083297181,7.462443935476));
#4487 = CARTESIAN_POINT('',(3.671334685215,7.518642048605));
#4488 = CARTESIAN_POINT('',(3.669545120304,7.560757713605));
#4489 = CARTESIAN_POINT('',(3.667717780659,7.588527264681));
#4490 = CARTESIAN_POINT('',(3.665872150221,7.601476550437));
#4491 = CARTESIAN_POINT('',(3.664024055477,7.599502321388));
#4492 = CARTESIAN_POINT('',(3.662190272712,7.582723643263));
#4493 = CARTESIAN_POINT('',(3.660386985093,7.551517023014));
#4494 = CARTESIAN_POINT('',(3.658629895107,7.506502721416));
#4495 = CARTESIAN_POINT('',(3.65693388851,7.448543218976));
#4496 = CARTESIAN_POINT('',(3.655312862544,7.378742671805));
#4497 = CARTESIAN_POINT('',(3.653779379125,7.298431296371));
#4498 = CARTESIAN_POINT('',(3.652344900266,7.209210417606));
#4499 = CARTESIAN_POINT('',(3.651017933833,7.112771705224));
#4500 = CARTESIAN_POINT('',(3.649810042755,7.011561240556));
#4501 = CARTESIAN_POINT('',(3.648693772671,6.904606285887));
#4502 = CARTESIAN_POINT('',(3.647669587639,6.7927057181));
#4503 = CARTESIAN_POINT('',(3.646735394476,6.676486306752));
#4504 = CARTESIAN_POINT('',(3.645889705745,6.556537442996));
#4505 = CARTESIAN_POINT('',(3.645130846662,6.433383034742));
#4506 = CARTESIAN_POINT('',(3.644457217226,6.30749629274));
#4507 = CARTESIAN_POINT('',(3.643867267474,6.179302402644));
#4508 = CARTESIAN_POINT('',(3.643359546123,6.049183904798));
#4509 = CARTESIAN_POINT('',(3.642932726741,5.917485026398));
#4510 = CARTESIAN_POINT('',(3.642585637813,5.784515692394));
#4511 = CARTESIAN_POINT('',(3.642317290223,5.650556591695));
#4512 = CARTESIAN_POINT('',(3.642126904852,5.515859592729));
#4513 = CARTESIAN_POINT('',(3.642013939102,5.380665482316));
#4514 = CARTESIAN_POINT('',(3.641978117593,5.245157364618));
#4515 = CARTESIAN_POINT('',(3.64201945029,5.10965557023));
#4516 = CARTESIAN_POINT('',(3.642137965801,4.9744649897));
#4517 = CARTESIAN_POINT('',(3.642333968915,4.839785020351));
#4518 = CARTESIAN_POINT('',(3.64260800995,4.705862764813));
#4519 = CARTESIAN_POINT('',(3.642960867023,4.572956775367));
#4520 = CARTESIAN_POINT('',(3.643393523962,4.44135176557));
#4521 = CARTESIAN_POINT('',(3.643907148273,4.311359914364));
#4522 = CARTESIAN_POINT('',(3.644503067784,4.183325979676));
#4523 = CARTESIAN_POINT('',(3.64518274611,4.057631867598));
#4524 = CARTESIAN_POINT('',(3.645947756742,3.934700995144));
#4525 = CARTESIAN_POINT('',(3.64679975542,3.815005587777));
#4526 = CARTESIAN_POINT('',(3.647740451382,3.699064148296));
#4527 = CARTESIAN_POINT('',(3.648427866764,3.624672815314));
#4528 = CARTESIAN_POINT('',(3.648786932964,3.588299064212));
#4529 = ( GEOMETRIC_REPRESENTATION_CONTEXT(2) 
PARAMETRIC_REPRESENTATION_CONTEXT() REPRESENTATION_CONTEXT('2D SPACE',''
  ) );
#4530 = PCURVE('',#4531,#4536);
#4531 = CYLINDRICAL_SURFACE('',#4532,2.35);
#4532 = AXIS2_PLACEMENT_3D('',#4533,#4534,#4535);
#4533 = CARTESIAN_POINT('',(-78.20209396173,45.15,11.75));
#4534 = DIRECTION('',(0.866025403784,-0.5,6.123233995737E-17));
#4535 = DIRECTION('',(-0.5,-0.866025403784,1.060575238725E-16));
#4536 = DEFINITIONAL_REPRESENTATION('',(#4537),#4607);
#4537 = B_SPLINE_CURVE_WITH_KNOTS('',3,(#4538,#4539,#4540,#4541,#4542,
    #4543,#4544,#4545,#4546,#4547,#4548,#4549,#4550,#4551,#4552,#4553,
    #4554,#4555,#4556,#4557,#4558,#4559,#4560,#4561,#4562,#4563,#4564,
    #4565,#4566,#4567,#4568,#4569,#4570,#4571,#4572,#4573,#4574,#4575,
    #4576,#4577,#4578,#4579,#4580,#4581,#4582,#4583,#4584,#4585,#4586,
    #4587,#4588,#4589,#4590,#4591,#4592,#4593,#4594,#4595,#4596,#4597,
    #4598,#4599,#4600,#4601,#4602,#4603,#4604,#4605,#4606),
  .UNSPECIFIED.,.F.,.F.,(4,1,1,1,1,1,1,1,1,1,1,1,1,1,1,1,1,1,1,1,1,1,1,1
    ,1,1,1,1,1,1,1,1,1,1,1,1,1,1,1,1,1,1,1,1,1,1,1,1,1,1,1,1,1,1,1,1,1,1
    ,1,1,1,1,1,1,1,1,4),(0.,0.105119079439,0.210238158878,0.315357238317
    ,0.420476317756,0.525595397195,0.630714476635,0.735833556074,
    0.840952635513,0.946071714952,1.051190794391,1.15630987383,
    1.261428953269,1.366548032708,1.471667112147,1.576786191586,
    1.681905271025,1.787024350465,1.892143429904,1.997262509343,
    2.102381588782,2.207500668221,2.31261974766,2.417738827099,
    2.522857906538,2.627976985977,2.733096065416,2.838215144856,
    2.943334224295,3.048453303734,3.153572383173,3.258691462612,
    3.363810542051,3.46892962149,3.574048700929,3.679167780368,
    3.784286859807,3.889405939246,3.994525018686,4.099644098125,
    4.204763177564,4.309882257003,4.415001336442,4.520120415881,
    4.62523949532,4.730358574759,4.835477654198,4.940596733637,
    5.045715813076,5.150834892516,5.255953971955,5.361073051394,
    5.466192130833,5.571311210272,5.676430289711,5.78154936915,
    5.886668448589,5.991787528028,6.096906607467,6.202025686907,
    6.307144766346,6.412263845785,6.517382925224,6.622502004663,
    6.727621084102,6.832740163541,6.93785924298),.QUASI_UNIFORM_KNOTS.);
#4538 = CARTESIAN_POINT('',(10.210176124167,-10.98637001097));
#4539 = CARTESIAN_POINT('',(10.18018680743,-10.98555149198));
#4540 = CARTESIAN_POINT('',(10.121018041325,-10.98394017464));
#4541 = CARTESIAN_POINT('',(10.034406011831,-10.98165298425));
#4542 = CARTESIAN_POINT('',(9.949638766828,-10.97955218303));
#4543 = CARTESIAN_POINT('',(9.86644745572,-10.97768044532));
#4544 = CARTESIAN_POINT('',(9.784573852508,-10.97607273317));
#4545 = CARTESIAN_POINT('',(9.703768466646,-10.97475600195));
#4546 = CARTESIAN_POINT('',(9.623786649734,-10.97375055961));
#4547 = CARTESIAN_POINT('',(9.54438115411,-10.97307087181));
#4548 = CARTESIAN_POINT('',(9.465312956808,-10.9727262945));
#4549 = CARTESIAN_POINT('',(9.386293836921,-10.97272182996));
#4550 = CARTESIAN_POINT('',(9.30725316605,-10.97305770857));
#4551 = CARTESIAN_POINT('',(9.228216603403,-10.97372557704));
#4552 = CARTESIAN_POINT('',(9.149179801831,-10.97470873739));
#4553 = CARTESIAN_POINT('',(9.070144510368,-10.97598264637));
#4554 = CARTESIAN_POINT('',(8.991109665977,-10.97751554023));
#4555 = CARTESIAN_POINT('',(8.912074506399,-10.97926921195));
#4556 = CARTESIAN_POINT('',(8.833038251998,-10.98119994067));
#4557 = CARTESIAN_POINT('',(8.754001481919,-10.98325954698));
#4558 = CARTESIAN_POINT('',(8.674964492981,-10.98539668021));
#4559 = CARTESIAN_POINT('',(8.595923251322,-10.98755816089));
#4560 = CARTESIAN_POINT('',(8.516882529889,-10.98968995648));
#4561 = CARTESIAN_POINT('',(8.437842933728,-10.99173888175));
#4562 = CARTESIAN_POINT('',(8.358803633161,-10.99365387397));
#4563 = CARTESIAN_POINT('',(8.279766663552,-10.99538717579));
#4564 = CARTESIAN_POINT('',(8.200720529821,-10.99689575745));
#4565 = CARTESIAN_POINT('',(8.121704931641,-10.9981413527));
#4566 = CARTESIAN_POINT('',(8.042571974512,-10.99909527885));
#4567 = CARTESIAN_POINT('',(7.962983844965,-10.99973387373));
#4568 = CARTESIAN_POINT('',(7.883298313427,-11.000034277));
#4569 = CARTESIAN_POINT('',(7.803692222433,-10.99998836992));
#4570 = CARTESIAN_POINT('',(7.724385268085,-10.9995997918));
#4571 = CARTESIAN_POINT('',(7.645587693765,-10.99888451586));
#4572 = CARTESIAN_POINT('',(7.567522001047,-10.9978697949));
#4573 = CARTESIAN_POINT('',(7.490424371223,-10.99659289514));
#4574 = CARTESIAN_POINT('',(7.414554357826,-10.99509939475));
#4575 = CARTESIAN_POINT('',(7.340194401271,-10.99344089276));
#4576 = CARTESIAN_POINT('',(7.267685769624,-10.99167344609));
#4577 = CARTESIAN_POINT('',(7.197334040883,-10.98985220534));
#4578 = CARTESIAN_POINT('',(7.129805712174,-10.98803974426));
#4579 = CARTESIAN_POINT('',(7.063613114596,-10.9862341049));
#4580 = CARTESIAN_POINT('',(6.99871703684,-10.98446623124));
#4581 = CARTESIAN_POINT('',(6.934976855379,-10.98276116791));
#4582 = CARTESIAN_POINT('',(6.872288026477,-10.9811414357));
#4583 = CARTESIAN_POINT('',(6.810543324814,-10.97962639078));
#4584 = CARTESIAN_POINT('',(6.749641622331,-10.97823267304));
#4585 = CARTESIAN_POINT('',(6.689484148328,-10.97697436966));
#4586 = CARTESIAN_POINT('',(6.629974241936,-10.97586325608));
#4587 = CARTESIAN_POINT('',(6.571016303771,-10.97490901143));
#4588 = CARTESIAN_POINT('',(6.512514900035,-10.97411942996));
#4589 = CARTESIAN_POINT('',(6.454374364165,-10.97350061687));
#4590 = CARTESIAN_POINT('',(6.396496474498,-10.9730571659));
#4591 = CARTESIAN_POINT('',(6.338785483108,-10.97279231186));
#4592 = CARTESIAN_POINT('',(6.281125749021,-10.97270806066));
#4593 = CARTESIAN_POINT('',(6.223461870467,-10.97280526502));
#4594 = CARTESIAN_POINT('',(6.165731740603,-10.97308303264));
#4595 = CARTESIAN_POINT('',(6.107826256492,-10.97353929106));
#4596 = CARTESIAN_POINT('',(6.049651832886,-10.97417068966));
#4597 = CARTESIAN_POINT('',(5.991112481128,-10.97497249104));
#4598 = CARTESIAN_POINT('',(5.932113555848,-10.97593842895));
#4599 = CARTESIAN_POINT('',(5.872559773031,-10.97706054294));
#4600 = CARTESIAN_POINT('',(5.812354801835,-10.97832899494));
#4601 = CARTESIAN_POINT('',(5.751400387182,-10.97973185982));
#4602 = CARTESIAN_POINT('',(5.689595590915,-10.98125493956));
#4603 = CARTESIAN_POINT('',(5.626835507086,-10.98288143307));
#4604 = CARTESIAN_POINT('',(5.563011049801,-10.98459210753));
#4605 = CARTESIAN_POINT('',(5.51967276294,-10.98577308788));
#4606 = CARTESIAN_POINT('',(5.497787143782,-10.98637001097));
#4607 = ( GEOMETRIC_REPRESENTATION_CONTEXT(2) 
PARAMETRIC_REPRESENTATION_CONTEXT() REPRESENTATION_CONTEXT('2D SPACE',''
  ) );
#4608 = ORIENTED_EDGE('',*,*,#4609,.T.);
#4609 = EDGE_CURVE('',#4409,#4610,#4612,.T.);
#4610 = VERTEX_POINT('',#4611);
#4611 = CARTESIAN_POINT('',(-87.47558923048,51.08533340187,14.57));
#4612 = SURFACE_CURVE('',#4613,(#4618,#4628),.PCURVE_S1.);
#4613 = ELLIPSE('',#4614,143.25983386839,101.3);
#4614 = AXIS2_PLACEMENT_3D('',#4615,#4616,#4617);
#4615 = CARTESIAN_POINT('',(0.,-2.359402231217E-16,15.073401871577));
#4616 = DIRECTION('',(0.353553390593,0.612372435696,0.707106781187));
#4617 = DIRECTION('',(0.353553390593,0.612372435696,-0.707106781187));
#4618 = PCURVE('',#272,#4619);
#4619 = DEFINITIONAL_REPRESENTATION('',(#4620),#4627);
#4620 = B_SPLINE_CURVE_WITH_KNOTS('',5,(#4621,#4622,#4623,#4624,#4625,
    #4626),.UNSPECIFIED.,.F.,.F.,(6,6),(1.553248231306,1.566970335574),
  .PIECEWISE_BEZIER_KNOTS.);
#4621 = CARTESIAN_POINT('',(3.682739524677,3.704128970633));
#4622 = CARTESIAN_POINT('',(3.679995103823,3.426161941646));
#4623 = CARTESIAN_POINT('',(3.67725068297,3.148178177549));
#4624 = CARTESIAN_POINT('',(3.674506262116,2.870182040019));
#4625 = CARTESIAN_POINT('',(3.671761841263,2.592177891256));
#4626 = CARTESIAN_POINT('',(3.669017420409,2.314170093579));
#4627 = ( GEOMETRIC_REPRESENTATION_CONTEXT(2) 
PARAMETRIC_REPRESENTATION_CONTEXT() REPRESENTATION_CONTEXT('2D SPACE',''
  ) );
#4628 = PCURVE('',#4629,#4634);
#4629 = PLANE('',#4630);
#4630 = AXIS2_PLACEMENT_3D('',#4631,#4632,#4633);
#4631 = CARTESIAN_POINT('',(-77.37124349384,46.589075223885,
    13.411700935788));
#4632 = DIRECTION('',(0.353553390593,0.612372435696,0.707106781187));
#4633 = DIRECTION('',(-0.353553390593,-0.612372435696,0.707106781187));
#4634 = DEFINITIONAL_REPRESENTATION('',(#4635),#4639);
#4635 = ELLIPSE('',#4636,143.25983386839,101.3);
#4636 = AXIS2_PLACEMENT_2D('',#4637,#4638);
#4637 = CARTESIAN_POINT('',(2.35,90.3));
#4638 = DIRECTION('',(-1.,6.772449965074E-17));
#4639 = ( GEOMETRIC_REPRESENTATION_CONTEXT(2) 
PARAMETRIC_REPRESENTATION_CONTEXT() REPRESENTATION_CONTEXT('2D SPACE',''
  ) );
#4640 = ORIENTED_EDGE('',*,*,#4641,.F.);
#4641 = EDGE_CURVE('',#4375,#4610,#4642,.T.);
#4642 = SURFACE_CURVE('',#4643,(#4648,#4655),.PCURVE_S1.);
#4643 = CIRCLE('',#4644,101.3);
#4644 = AXIS2_PLACEMENT_3D('',#4645,#4646,#4647);
#4645 = CARTESIAN_POINT('',(0.,-2.975891721928E-16,14.57));
#4646 = DIRECTION('',(0.,-1.224646799147E-16,-1.));
#4647 = DIRECTION('',(1.,0.,0.));
#4648 = PCURVE('',#272,#4649);
#4649 = DEFINITIONAL_REPRESENTATION('',(#4650),#4654);
#4650 = LINE('',#4651,#4652);
#4651 = CARTESIAN_POINT('',(0.,2.43));
#4652 = VECTOR('',#4653,1.);
#4653 = DIRECTION('',(1.,0.));
#4654 = ( GEOMETRIC_REPRESENTATION_CONTEXT(2) 
PARAMETRIC_REPRESENTATION_CONTEXT() REPRESENTATION_CONTEXT('2D SPACE',''
  ) );
#4655 = PCURVE('',#4656,#4661);
#4656 = PLANE('',#4657);
#4657 = AXIS2_PLACEMENT_3D('',#4658,#4659,#4660);
#4658 = CARTESIAN_POINT('',(-77.95039302594,45.585958809098,14.57));
#4659 = DIRECTION('',(0.,1.224646799147E-16,1.));
#4660 = DIRECTION('',(-0.5,-0.866025403784,1.060575238725E-16));
#4661 = DEFINITIONAL_REPRESENTATION('',(#4662),#4670);
#4662 = ( BOUNDED_CURVE() B_SPLINE_CURVE(2,(#4663,#4664,#4665,#4666,
#4667,#4668,#4669),.UNSPECIFIED.,.T.,.F.) B_SPLINE_CURVE_WITH_KNOTS((1,2
    ,2,2,2,1),(-2.094395102393,0.,2.094395102393,4.188790204786,
6.28318530718,8.377580409573),.UNSPECIFIED.) CURVE() 
GEOMETRIC_REPRESENTATION_ITEM() RATIONAL_B_SPLINE_CURVE((1.,0.5,1.,0.5,
1.,0.5,1.)) REPRESENTATION_ITEM('') );
#4663 = CARTESIAN_POINT('',(-50.14659812842,178.02837340336));
#4664 = CARTESIAN_POINT('',(101.80340187157,265.75674680672));
#4665 = CARTESIAN_POINT('',(101.80340187157,90.3));
#4666 = CARTESIAN_POINT('',(101.80340187157,-85.15674680672));
#4667 = CARTESIAN_POINT('',(-50.14659812842,2.571626596636));
#4668 = CARTESIAN_POINT('',(-202.0965981284,90.3));
#4669 = CARTESIAN_POINT('',(-50.14659812842,178.02837340336));
#4670 = ( GEOMETRIC_REPRESENTATION_CONTEXT(2) 
PARAMETRIC_REPRESENTATION_CONTEXT() REPRESENTATION_CONTEXT('2D SPACE',''
  ) );
#4671 = FACE_BOUND('',#4672,.T.);
#4672 = EDGE_LOOP('',(#4673,#4707,#4902,#4934));
#4673 = ORIENTED_EDGE('',*,*,#4674,.T.);
#4674 = EDGE_CURVE('',#4675,#4677,#4679,.T.);
#4675 = VERTEX_POINT('',#4676);
#4676 = CARTESIAN_POINT('',(-0.503401871577,101.29874918554,14.57));
#4677 = VERTEX_POINT('',#4678);
#4678 = CARTESIAN_POINT('',(-1.661700935788,101.28637001097,
    13.411700935788));
#4679 = SURFACE_CURVE('',#4680,(#4685,#4695),.PCURVE_S1.);
#4680 = ELLIPSE('',#4681,143.25983386839,101.3);
#4681 = AXIS2_PLACEMENT_3D('',#4682,#4683,#4684);
#4682 = CARTESIAN_POINT('',(0.,-2.359402231217E-16,15.073401871577));
#4683 = DIRECTION('',(-0.707106781187,-7.041364024483E-17,0.707106781187
    ));
#4684 = DIRECTION('',(-0.707106781187,-2.436048514919E-16,
    -0.707106781187));
#4685 = PCURVE('',#272,#4686);
#4686 = DEFINITIONAL_REPRESENTATION('',(#4687),#4694);
#4687 = B_SPLINE_CURVE_WITH_KNOTS('',5,(#4688,#4689,#4690,#4691,#4692,
    #4693),.UNSPECIFIED.,.F.,.F.,(6,6),(4.716214971606,4.729937075873),
  .PIECEWISE_BEZIER_KNOTS.);
#4688 = CARTESIAN_POINT('',(4.708562989163,2.314170093579));
#4689 = CARTESIAN_POINT('',(4.70581856831,2.592177891256));
#4690 = CARTESIAN_POINT('',(4.703074147456,2.870182040018));
#4691 = CARTESIAN_POINT('',(4.700329726603,3.148178177549));
#4692 = CARTESIAN_POINT('',(4.697585305749,3.426161941646));
#4693 = CARTESIAN_POINT('',(4.694840884896,3.704128970633));
#4694 = ( GEOMETRIC_REPRESENTATION_CONTEXT(2) 
PARAMETRIC_REPRESENTATION_CONTEXT() REPRESENTATION_CONTEXT('2D SPACE',''
  ) );
#4695 = PCURVE('',#4696,#4701);
#4696 = PLANE('',#4697);
#4697 = AXIS2_PLACEMENT_3D('',#4698,#4699,#4700);
#4698 = CARTESIAN_POINT('',(-0.503401871577,90.3,14.57));
#4699 = DIRECTION('',(-0.707106781187,-7.041364024483E-17,0.707106781187
    ));
#4700 = DIRECTION('',(-0.707106781187,-2.436048514919E-16,
    -0.707106781187));
#4701 = DEFINITIONAL_REPRESENTATION('',(#4702),#4706);
#4702 = ELLIPSE('',#4703,143.25983386839,101.3);
#4703 = AXIS2_PLACEMENT_2D('',#4704,#4705);
#4704 = CARTESIAN_POINT('',(-0.711917754108,90.3));
#4705 = DIRECTION('',(1.,0.));
#4706 = ( GEOMETRIC_REPRESENTATION_CONTEXT(2) 
PARAMETRIC_REPRESENTATION_CONTEXT() REPRESENTATION_CONTEXT('2D SPACE',''
  ) );
#4707 = ORIENTED_EDGE('',*,*,#4708,.F.);
#4708 = EDGE_CURVE('',#4709,#4677,#4711,.T.);
#4709 = VERTEX_POINT('',#4710);
#4710 = CARTESIAN_POINT('',(1.661700935788,101.28637001097,
    13.411700935788));
#4711 = SURFACE_CURVE('',#4712,(#4751,#4824),.PCURVE_S1.);
#4712 = B_SPLINE_CURVE_WITH_KNOTS('',7,(#4713,#4714,#4715,#4716,#4717,
    #4718,#4719,#4720,#4721,#4722,#4723,#4724,#4725,#4726,#4727,#4728,
    #4729,#4730,#4731,#4732,#4733,#4734,#4735,#4736,#4737,#4738,#4739,
    #4740,#4741,#4742,#4743,#4744,#4745,#4746,#4747,#4748,#4749,#4750),
  .UNSPECIFIED.,.F.,.F.,(8,6,6,6,6,6,8),(0.,1.,2.143375738135,
    3.053040126986,3.577677619108,4.587719377234,5.562133125655),
  .UNSPECIFIED.);
#4713 = CARTESIAN_POINT('',(1.661700935788,101.28637001097,
    13.411700935788));
#4714 = CARTESIAN_POINT('',(1.864882097418,101.28303662735,
    13.208519774159));
#4715 = CARTESIAN_POINT('',(2.030294882391,101.27984720816,
    12.985140655419));
#4716 = CARTESIAN_POINT('',(2.159758986138,101.27709028683,
    12.748751456662));
#4717 = CARTESIAN_POINT('',(2.255256543639,101.27493674119,
    12.50409625792));
#4718 = CARTESIAN_POINT('',(2.318377145204,101.2734719701,
    12.254480749835));
#4719 = CARTESIAN_POINT('',(2.35,101.27273818753,12.002388103153));
#4720 = CARTESIAN_POINT('',(2.35,101.27273818753,11.461425566261));
#4721 = CARTESIAN_POINT('',(2.308657051498,101.27369744114,
    11.173011201378));
#4722 = CARTESIAN_POINT('',(2.226059119483,101.27561457965,
    10.888193155997));
#4723 = CARTESIAN_POINT('',(2.100637043655,101.2784173895,
    10.610764951709));
#4724 = CARTESIAN_POINT('',(1.929845833607,101.28195816631,
    10.346276548833));
#4725 = CARTESIAN_POINT('',(1.710467245917,101.28591851702,
    10.10267442521));
#4726 = CARTESIAN_POINT('',(1.225412900789,101.29281594762,
    9.726427707948));
#4727 = CARTESIAN_POINT('',(0.970166298524,101.29591307862,
    9.574918773907));
#4728 = CARTESIAN_POINT('',(0.680072123312,101.29861625035,
    9.456751955661));
#4729 = CARTESIAN_POINT('',(0.365556486355,101.30039001537,
    9.384246684885));
#4730 = CARTESIAN_POINT('',(4.050080439573E-02,101.30085520122,
    9.363846819385));
#4731 = CARTESIAN_POINT('',(-0.280487677067,101.30006764728,
    9.395792697261));
#4732 = CARTESIAN_POINT('',(-0.759711090607,101.29730285952,
    9.518836356724));
#4733 = CARTESIAN_POINT('',(-0.926940966764,101.29598417326,
    9.578560880126));
#4734 = CARTESIAN_POINT('',(-1.08489569626,101.29442363191,
    9.651307311438));
#4735 = CARTESIAN_POINT('',(-1.232619742561,101.29269611007,9.7353327408
    ));
#4736 = CARTESIAN_POINT('',(-1.369412175236,101.29087677431,
    9.828845206188));
#4737 = CARTESIAN_POINT('',(-1.494827979385,101.28903423452,
    9.930004210135));
#4738 = CARTESIAN_POINT('',(-1.827886676664,101.28374445826,
    10.242767144986));
#4739 = CARTESIAN_POINT('',(-2.006203546983,101.28035872704,
    10.471797231123));
#4740 = CARTESIAN_POINT('',(-2.145552851361,101.27741021189,
    10.715546336555));
#4741 = CARTESIAN_POINT('',(-2.248223243387,101.27510000381,
    10.968594479968));
#4742 = CARTESIAN_POINT('',(-2.316020907621,101.27352663076,
    11.227106770424));
#4743 = CARTESIAN_POINT('',(-2.35,101.27273818753,11.488383475733));
#4744 = CARTESIAN_POINT('',(-2.35,101.27273818753,12.00238831564));
#4745 = CARTESIAN_POINT('',(-2.318377091027,101.27347197137,
    12.254481305276));
#4746 = CARTESIAN_POINT('',(-2.255256329606,101.27493674612,
    12.50409705229));
#4747 = CARTESIAN_POINT('',(-2.159758588472,101.27709029594,
    12.748752279588));
#4748 = CARTESIAN_POINT('',(-2.030294452521,101.27984721629,
    12.985141213863));
#4749 = CARTESIAN_POINT('',(-1.864881869558,101.28303663109,
    13.208520002018));
#4750 = CARTESIAN_POINT('',(-1.661700935788,101.28637001097,
    13.411700935788));
#4751 = PCURVE('',#272,#4752);
#4752 = DEFINITIONAL_REPRESENTATION('',(#4753),#4823);
#4753 = B_SPLINE_CURVE_WITH_KNOTS('',3,(#4754,#4755,#4756,#4757,#4758,
    #4759,#4760,#4761,#4762,#4763,#4764,#4765,#4766,#4767,#4768,#4769,
    #4770,#4771,#4772,#4773,#4774,#4775,#4776,#4777,#4778,#4779,#4780,
    #4781,#4782,#4783,#4784,#4785,#4786,#4787,#4788,#4789,#4790,#4791,
    #4792,#4793,#4794,#4795,#4796,#4797,#4798,#4799,#4800,#4801,#4802,
    #4803,#4804,#4805,#4806,#4807,#4808,#4809,#4810,#4811,#4812,#4813,
    #4814,#4815,#4816,#4817,#4818,#4819,#4820,#4821,#4822),
  .UNSPECIFIED.,.F.,.F.,(4,1,1,1,1,1,1,1,1,1,1,1,1,1,1,1,1,1,1,1,1,1,1,1
    ,1,1,1,1,1,1,1,1,1,1,1,1,1,1,1,1,1,1,1,1,1,1,1,1,1,1,1,1,1,1,1,1,1,1
    ,1,1,1,1,1,1,1,1,4),(0.,8.42747443281E-02,0.168549488656,
    0.252824232984,0.337098977312,0.421373721641,0.505648465969,
    0.589923210297,0.674197954625,0.758472698953,0.842747443281,
    0.927022187609,1.011296931937,1.095571676265,1.179846420593,
    1.264121164922,1.34839590925,1.432670653578,1.516945397906,
    1.601220142234,1.685494886562,1.76976963089,1.854044375218,
    1.938319119546,2.022593863874,2.106868608203,2.191143352531,
    2.275418096859,2.359692841187,2.443967585515,2.528242329843,
    2.612517074171,2.696791818499,2.781066562827,2.865341307155,
    2.949616051484,3.033890795812,3.11816554014,3.202440284468,
    3.286715028796,3.370989773124,3.455264517452,3.53953926178,
    3.623814006108,3.708088750436,3.792363494765,3.876638239093,
    3.960912983421,4.045187727749,4.129462472077,4.213737216405,
    4.298011960733,4.382286705061,4.466561449389,4.550836193718,
    4.635110938046,4.719385682374,4.803660426702,4.88793517103,
    4.972209915358,5.056484659686,5.140759404014,5.225034148342,
    5.30930889267,5.393583636999,5.477858381327,5.562133125655),
  .QUASI_UNIFORM_KNOTS.);
#4754 = CARTESIAN_POINT('',(4.728793476609,3.588299064212));
#4755 = CARTESIAN_POINT('',(4.729187940042,3.628260424315));
#4756 = CARTESIAN_POINT('',(4.729939796153,3.710162322268));
#4757 = CARTESIAN_POINT('',(4.730958650088,3.838199980693));
#4758 = CARTESIAN_POINT('',(4.73187086764,3.970636219279));
#4759 = CARTESIAN_POINT('',(4.732678701322,4.106802090269));
#4760 = CARTESIAN_POINT('',(4.733384313439,4.246093749187));
#4761 = CARTESIAN_POINT('',(4.733989730255,4.387975413973));
#4762 = CARTESIAN_POINT('',(4.734496799148,4.531968152733));
#4763 = CARTESIAN_POINT('',(4.734907148302,4.677643361399));
#4764 = CARTESIAN_POINT('',(4.735222148876,4.824614527905));
#4765 = CARTESIAN_POINT('',(4.735442878476,4.972533766075));
#4766 = CARTESIAN_POINT('',(4.735570088772,5.121073320785));
#4767 = CARTESIAN_POINT('',(4.735604165175,5.269964485924));
#4768 = CARTESIAN_POINT('',(4.735545122447,5.418816941257));
#4769 = CARTESIAN_POINT('',(4.735392795671,5.567289504652));
#4770 = CARTESIAN_POINT('',(4.73514663845,5.71508135387));
#4771 = CARTESIAN_POINT('',(4.734805777282,5.861852128171));
#4772 = CARTESIAN_POINT('',(4.734369038563,6.007234812745));
#4773 = CARTESIAN_POINT('',(4.733834983016,6.150823891326));
#4774 = CARTESIAN_POINT('',(4.733201939475,6.292170016128));
#4775 = CARTESIAN_POINT('',(4.732468041897,6.430772657799));
#4776 = CARTESIAN_POINT('',(4.731631268464,6.56607258005));
#4777 = CARTESIAN_POINT('',(4.730689489759,6.697444242168));
#4778 = CARTESIAN_POINT('',(4.729640505569,6.824184816552));
#4779 = CARTESIAN_POINT('',(4.728482151381,6.945511914014));
#4780 = CARTESIAN_POINT('',(4.727212177134,7.0605239034));
#4781 = CARTESIAN_POINT('',(4.725829013176,7.168294131052));
#4782 = CARTESIAN_POINT('',(4.724303183822,7.269332097031));
#4783 = CARTESIAN_POINT('',(4.72265255683,7.360440407667));
#4784 = CARTESIAN_POINT('',(4.720890292899,7.439485484387));
#4785 = CARTESIAN_POINT('',(4.719033757915,7.504511184756));
#4786 = CARTESIAN_POINT('',(4.717101701451,7.55398019525));
#4787 = CARTESIAN_POINT('',(4.715114533882,7.586713666809));
#4788 = CARTESIAN_POINT('',(4.713093811915,7.601913410644));
#4789 = CARTESIAN_POINT('',(4.711061689255,7.599158360121));
#4790 = CARTESIAN_POINT('',(4.709041223801,7.578423604602));
#4791 = CARTESIAN_POINT('',(4.707053247075,7.540036512674));
#4792 = CARTESIAN_POINT('',(4.705126109414,7.484863015878));
#4793 = CARTESIAN_POINT('',(4.703298026484,7.414993181331));
#4794 = CARTESIAN_POINT('',(4.701571172902,7.331801054818));
#4795 = CARTESIAN_POINT('',(4.699954470601,7.236858044129));
#4796 = CARTESIAN_POINT('',(4.698453306932,7.131725881222));
#4797 = CARTESIAN_POINT('',(4.697071962673,7.017969282283));
#4798 = CARTESIAN_POINT('',(4.695814153656,6.897311302705));
#4799 = CARTESIAN_POINT('',(4.694672694466,6.770411173256));
#4800 = CARTESIAN_POINT('',(4.693645643493,6.638203858022));
#4801 = CARTESIAN_POINT('',(4.692730428215,6.501490025731));
#4802 = CARTESIAN_POINT('',(4.691924678099,6.36098760745));
#4803 = CARTESIAN_POINT('',(4.69122608067,6.217331750281));
#4804 = CARTESIAN_POINT('',(4.690632491559,6.071087260245));
#4805 = CARTESIAN_POINT('',(4.690141969969,5.922756656963));
#4806 = CARTESIAN_POINT('',(4.689752829455,5.772788467746));
#4807 = CARTESIAN_POINT('',(4.689463679526,5.621585339198));
#4808 = CARTESIAN_POINT('',(4.689273472642,5.469510237495));
#4809 = CARTESIAN_POINT('',(4.689181529309,5.316899285789));
#4810 = CARTESIAN_POINT('',(4.689187642397,5.164049984977));
#4811 = CARTESIAN_POINT('',(4.689291821124,5.011485526714));
#4812 = CARTESIAN_POINT('',(4.689494341695,4.85948977932));
#4813 = CARTESIAN_POINT('',(4.689795929898,4.708410238629));
#4814 = CARTESIAN_POINT('',(4.690197672699,4.558615131142));
#4815 = CARTESIAN_POINT('',(4.69070099324,4.410513989256));
#4816 = CARTESIAN_POINT('',(4.691307606594,4.264561623737));
#4817 = CARTESIAN_POINT('',(4.692019477951,4.121267383666));
#4818 = CARTESIAN_POINT('',(4.692838776914,3.981202541584));
#4819 = CARTESIAN_POINT('',(4.693767829241,3.845012886399));
#4820 = CARTESIAN_POINT('',(4.694809064738,3.713415679763));
#4821 = CARTESIAN_POINT('',(4.695579663478,3.629310289475));
#4822 = CARTESIAN_POINT('',(4.695984484161,3.588299064212));
#4823 = ( GEOMETRIC_REPRESENTATION_CONTEXT(2) 
PARAMETRIC_REPRESENTATION_CONTEXT() REPRESENTATION_CONTEXT('2D SPACE',''
  ) );
#4824 = PCURVE('',#4825,#4830);
#4825 = CYLINDRICAL_SURFACE('',#4826,2.35);
#4826 = AXIS2_PLACEMENT_3D('',#4827,#4828,#4829);
#4827 = CARTESIAN_POINT('',(-2.005062782473E-14,90.3,11.75));
#4828 = DIRECTION('',(2.22044604925E-16,-1.,1.224646799147E-16));
#4829 = DIRECTION('',(-1.,-2.22044604925E-16,2.719262146894E-32));
#4830 = DEFINITIONAL_REPRESENTATION('',(#4831),#4901);
#4831 = B_SPLINE_CURVE_WITH_KNOTS('',3,(#4832,#4833,#4834,#4835,#4836,
    #4837,#4838,#4839,#4840,#4841,#4842,#4843,#4844,#4845,#4846,#4847,
    #4848,#4849,#4850,#4851,#4852,#4853,#4854,#4855,#4856,#4857,#4858,
    #4859,#4860,#4861,#4862,#4863,#4864,#4865,#4866,#4867,#4868,#4869,
    #4870,#4871,#4872,#4873,#4874,#4875,#4876,#4877,#4878,#4879,#4880,
    #4881,#4882,#4883,#4884,#4885,#4886,#4887,#4888,#4889,#4890,#4891,
    #4892,#4893,#4894,#4895,#4896,#4897,#4898,#4899,#4900),
  .UNSPECIFIED.,.F.,.F.,(4,1,1,1,1,1,1,1,1,1,1,1,1,1,1,1,1,1,1,1,1,1,1,1
    ,1,1,1,1,1,1,1,1,1,1,1,1,1,1,1,1,1,1,1,1,1,1,1,1,1,1,1,1,1,1,1,1,1,1
    ,1,1,1,1,1,1,1,1,4),(0.,8.42747443281E-02,0.168549488656,
    0.252824232984,0.337098977312,0.421373721641,0.505648465969,
    0.589923210297,0.674197954625,0.758472698953,0.842747443281,
    0.927022187609,1.011296931937,1.095571676265,1.179846420593,
    1.264121164922,1.34839590925,1.432670653578,1.516945397906,
    1.601220142234,1.685494886562,1.76976963089,1.854044375218,
    1.938319119546,2.022593863874,2.106868608203,2.191143352531,
    2.275418096859,2.359692841187,2.443967585515,2.528242329843,
    2.612517074171,2.696791818499,2.781066562827,2.865341307155,
    2.949616051484,3.033890795812,3.11816554014,3.202440284468,
    3.286715028796,3.370989773124,3.455264517452,3.53953926178,
    3.623814006108,3.708088750436,3.792363494765,3.876638239093,
    3.960912983421,4.045187727749,4.129462472077,4.213737216405,
    4.298011960733,4.382286705061,4.466561449389,4.550836193718,
    4.635110938046,4.719385682374,4.803660426702,4.88793517103,
    4.972209915358,5.056484659686,5.140759404014,5.225034148342,
    5.30930889267,5.393583636999,5.477858381327,5.562133125655),
  .QUASI_UNIFORM_KNOTS.);
#4832 = CARTESIAN_POINT('',(10.210176124167,-10.98637001097));
#4833 = CARTESIAN_POINT('',(10.18613318323,-10.98571415089));
#4834 = CARTESIAN_POINT('',(10.138569269597,-10.98441819779));
#4835 = CARTESIAN_POINT('',(10.06863708212,-10.98255037388));
#4836 = CARTESIAN_POINT('',(9.999962571692,-10.98078916522));
#4837 = CARTESIAN_POINT('',(9.932402976992,-10.97915911404));
#4838 = CARTESIAN_POINT('',(9.865821090461,-10.97768131535));
#4839 = CARTESIAN_POINT('',(9.800084856498,-10.976373203));
#4840 = CARTESIAN_POINT('',(9.735065522851,-10.97524905589));
#4841 = CARTESIAN_POINT('',(9.670636361617,-10.97432028952));
#4842 = CARTESIAN_POINT('',(9.606671816092,-10.97359577347));
#4843 = CARTESIAN_POINT('',(9.543044933864,-10.97308210308));
#4844 = CARTESIAN_POINT('',(9.479631206585,-10.97278382709));
#4845 = CARTESIAN_POINT('',(9.416288004511,-10.97270365143));
#4846 = CARTESIAN_POINT('',(9.35292724409,-10.97284249099));
#4847 = CARTESIAN_POINT('',(9.289439294128,-10.97319908242));
#4848 = CARTESIAN_POINT('',(9.225693112333,-10.97377036925));
#4849 = CARTESIAN_POINT('',(9.161566189167,-10.97455132079));
#4850 = CARTESIAN_POINT('',(9.096935205118,-10.97553475506));
#4851 = CARTESIAN_POINT('',(9.031677154857,-10.97671109791));
#4852 = CARTESIAN_POINT('',(8.96566758667,-10.97806810672));
#4853 = CARTESIAN_POINT('',(8.898779519402,-10.97959056188));
#4854 = CARTESIAN_POINT('',(8.83088206699,-10.98125993346));
#4855 = CARTESIAN_POINT('',(8.761838974222,-10.98305403874));
#4856 = CARTESIAN_POINT('',(8.691507001154,-10.98494666942));
#4857 = CARTESIAN_POINT('',(8.619733815167,-10.98690730619));
#4858 = CARTESIAN_POINT('',(8.546356194454,-10.98890051979));
#4859 = CARTESIAN_POINT('',(8.471194750227,-10.99088659285));
#4860 = CARTESIAN_POINT('',(8.39268009563,-10.99285311815));
#4861 = CARTESIAN_POINT('',(8.311721466158,-10.99471379175));
#4862 = CARTESIAN_POINT('',(8.228717304171,-10.99639488814));
#4863 = CARTESIAN_POINT('',(8.144118189593,-10.9978244237));
#4864 = CARTESIAN_POINT('',(8.058295415711,-10.99894012043));
#4865 = CARTESIAN_POINT('',(7.971592809399,-10.99969178009));
#4866 = CARTESIAN_POINT('',(7.884330249783,-11.00004444759));
#4867 = CARTESIAN_POINT('',(7.796808796356,-10.99998034384));
#4868 = CARTESIAN_POINT('',(7.709351905654,-10.99950037492));
#4869 = CARTESIAN_POINT('',(7.622198392673,-10.9986231151));
#4870 = CARTESIAN_POINT('',(7.53595390492,-10.99738797322));
#4871 = CARTESIAN_POINT('',(7.451807007626,-10.99586734933));
#4872 = CARTESIAN_POINT('',(7.369452291645,-10.99411998663));
#4873 = CARTESIAN_POINT('',(7.28896744418,-10.99220976859));
#4874 = CARTESIAN_POINT('',(7.210364184676,-10.99019884887));
#4875 = CARTESIAN_POINT('',(7.133686710841,-10.98814651911));
#4876 = CARTESIAN_POINT('',(7.059071488588,-10.98610971591));
#4877 = CARTESIAN_POINT('',(6.986069695755,-10.98412286319));
#4878 = CARTESIAN_POINT('',(6.914530541188,-10.982222403));
#4879 = CARTESIAN_POINT('',(6.844286466313,-10.98043895451));
#4880 = CARTESIAN_POINT('',(6.775186339301,-10.97879865301));
#4881 = CARTESIAN_POINT('',(6.707083641565,-10.97732332232));
#4882 = CARTESIAN_POINT('',(6.639837167467,-10.97603095431));
#4883 = CARTESIAN_POINT('',(6.573308683367,-10.97493608942));
#4884 = CARTESIAN_POINT('',(6.507361544732,-10.97405019727));
#4885 = CARTESIAN_POINT('',(6.441859375491,-10.97338201575));
#4886 = CARTESIAN_POINT('',(6.37666410922,-10.97293786392));
#4887 = CARTESIAN_POINT('',(6.31163690285,-10.97272185817));
#4888 = CARTESIAN_POINT('',(6.246628422684,-10.9727362464));
#4889 = CARTESIAN_POINT('',(6.181586741267,-10.97298087002));
#4890 = CARTESIAN_POINT('',(6.116356188734,-10.97345327248));
#4891 = CARTESIAN_POINT('',(6.050801621422,-10.9741490708));
#4892 = CARTESIAN_POINT('',(5.984785547611,-10.9750616452));
#4893 = CARTESIAN_POINT('',(5.918172309744,-10.97618191665));
#4894 = CARTESIAN_POINT('',(5.850825191176,-10.97749803937));
#4895 = CARTESIAN_POINT('',(5.782605440138,-10.9789950476));
#4896 = CARTESIAN_POINT('',(5.713370834651,-10.98065452568));
#4897 = CARTESIAN_POINT('',(5.642973626925,-10.9824540391));
#4898 = CARTESIAN_POINT('',(5.571260072936,-10.98436736034));
#4899 = CARTESIAN_POINT('',(5.522461308546,-10.98569689954));
#4900 = CARTESIAN_POINT('',(5.497787143782,-10.98637001097));
#4901 = ( GEOMETRIC_REPRESENTATION_CONTEXT(2) 
PARAMETRIC_REPRESENTATION_CONTEXT() REPRESENTATION_CONTEXT('2D SPACE',''
  ) );
#4902 = ORIENTED_EDGE('',*,*,#4903,.T.);
#4903 = EDGE_CURVE('',#4709,#4904,#4906,.T.);
#4904 = VERTEX_POINT('',#4905);
#4905 = CARTESIAN_POINT('',(0.503401871577,101.29874918554,14.57));
#4906 = SURFACE_CURVE('',#4907,(#4912,#4922),.PCURVE_S1.);
#4907 = ELLIPSE('',#4908,143.25983386839,101.3);
#4908 = AXIS2_PLACEMENT_3D('',#4909,#4910,#4911);
#4909 = CARTESIAN_POINT('',(0.,-2.359402231217E-16,15.073401871577));
#4910 = DIRECTION('',(0.707106781187,2.436048514919E-16,0.707106781187)
  );
#4911 = DIRECTION('',(0.707106781187,7.041364024483E-17,-0.707106781187)
  );
#4912 = PCURVE('',#272,#4913);
#4913 = DEFINITIONAL_REPRESENTATION('',(#4914),#4921);
#4914 = B_SPLINE_CURVE_WITH_KNOTS('',5,(#4915,#4916,#4917,#4918,#4919,
    #4920),.UNSPECIFIED.,.F.,.F.,(6,6),(1.553248231306,1.566970335574),
  .PIECEWISE_BEZIER_KNOTS.);
#4915 = CARTESIAN_POINT('',(4.729937075873,3.704128970633));
#4916 = CARTESIAN_POINT('',(4.72719265502,3.426161941646));
#4917 = CARTESIAN_POINT('',(4.724448234166,3.148178177549));
#4918 = CARTESIAN_POINT('',(4.721703813313,2.870182040019));
#4919 = CARTESIAN_POINT('',(4.718959392459,2.592177891256));
#4920 = CARTESIAN_POINT('',(4.716214971606,2.314170093579));
#4921 = ( GEOMETRIC_REPRESENTATION_CONTEXT(2) 
PARAMETRIC_REPRESENTATION_CONTEXT() REPRESENTATION_CONTEXT('2D SPACE',''
  ) );
#4922 = PCURVE('',#4923,#4928);
#4923 = PLANE('',#4924);
#4924 = AXIS2_PLACEMENT_3D('',#4925,#4926,#4927);
#4925 = CARTESIAN_POINT('',(1.661700935788,90.3,13.411700935788));
#4926 = DIRECTION('',(0.707106781187,2.436048514919E-16,0.707106781187)
  );
#4927 = DIRECTION('',(-0.707106781187,-7.041364024483E-17,0.707106781187
    ));
#4928 = DEFINITIONAL_REPRESENTATION('',(#4929),#4933);
#4929 = ELLIPSE('',#4930,143.25983386839,101.3);
#4930 = AXIS2_PLACEMENT_2D('',#4931,#4932);
#4931 = CARTESIAN_POINT('',(2.35,90.3));
#4932 = DIRECTION('',(-1.,0.));
#4933 = ( GEOMETRIC_REPRESENTATION_CONTEXT(2) 
PARAMETRIC_REPRESENTATION_CONTEXT() REPRESENTATION_CONTEXT('2D SPACE',''
  ) );
#4934 = ORIENTED_EDGE('',*,*,#4935,.F.);
#4935 = EDGE_CURVE('',#4675,#4904,#4936,.T.);
#4936 = SURFACE_CURVE('',#4937,(#4942,#4949),.PCURVE_S1.);
#4937 = CIRCLE('',#4938,101.3);
#4938 = AXIS2_PLACEMENT_3D('',#4939,#4940,#4941);
#4939 = CARTESIAN_POINT('',(0.,-2.975891721928E-16,14.57));
#4940 = DIRECTION('',(0.,-1.224646799147E-16,-1.));
#4941 = DIRECTION('',(1.,0.,0.));
#4942 = PCURVE('',#272,#4943);
#4943 = DEFINITIONAL_REPRESENTATION('',(#4944),#4948);
#4944 = LINE('',#4945,#4946);
#4945 = CARTESIAN_POINT('',(0.,2.43));
#4946 = VECTOR('',#4947,1.);
#4947 = DIRECTION('',(1.,0.));
#4948 = ( GEOMETRIC_REPRESENTATION_CONTEXT(2) 
PARAMETRIC_REPRESENTATION_CONTEXT() REPRESENTATION_CONTEXT('2D SPACE',''
  ) );
#4949 = PCURVE('',#4950,#4955);
#4950 = PLANE('',#4951);
#4951 = AXIS2_PLACEMENT_3D('',#4952,#4953,#4954);
#4952 = CARTESIAN_POINT('',(0.503401871577,90.3,14.57));
#4953 = DIRECTION('',(0.,1.224646799147E-16,1.));
#4954 = DIRECTION('',(-1.,-2.22044604925E-16,2.719262146894E-32));
#4955 = DEFINITIONAL_REPRESENTATION('',(#4956),#4964);
#4956 = ( BOUNDED_CURVE() B_SPLINE_CURVE(2,(#4957,#4958,#4959,#4960,
#4961,#4962,#4963),.UNSPECIFIED.,.T.,.F.) B_SPLINE_CURVE_WITH_KNOTS((1,2
    ,2,2,2,1),(-2.094395102393,0.,2.094395102393,4.188790204786,
6.28318530718,8.377580409573),.UNSPECIFIED.) CURVE() 
GEOMETRIC_REPRESENTATION_ITEM() RATIONAL_B_SPLINE_CURVE((1.,0.5,1.,0.5,
1.,0.5,1.)) REPRESENTATION_ITEM('') );
#4957 = CARTESIAN_POINT('',(-100.7965981284,90.3));
#4958 = CARTESIAN_POINT('',(-100.7965981284,265.75674680672));
#4959 = CARTESIAN_POINT('',(51.153401871577,178.02837340336));
#4960 = CARTESIAN_POINT('',(203.10340187157,90.3));
#4961 = CARTESIAN_POINT('',(51.153401871577,2.571626596636));
#4962 = CARTESIAN_POINT('',(-100.7965981284,-85.15674680672));
#4963 = CARTESIAN_POINT('',(-100.7965981284,90.3));
#4964 = ( GEOMETRIC_REPRESENTATION_CONTEXT(2) 
PARAMETRIC_REPRESENTATION_CONTEXT() REPRESENTATION_CONTEXT('2D SPACE',''
  ) );
#4965 = FACE_BOUND('',#4966,.T.);
#4966 = EDGE_LOOP('',(#4967,#5001,#5196,#5228));
#4967 = ORIENTED_EDGE('',*,*,#4968,.T.);
#4968 = EDGE_CURVE('',#4969,#4971,#4973,.T.);
#4969 = VERTEX_POINT('',#4970);
#4970 = CARTESIAN_POINT('',(87.475589230481,51.08533340187,14.57));
#4971 = VERTEX_POINT('',#4972);
#4972 = CARTESIAN_POINT('',(86.88571901872,52.082260229372,
    13.411700935788));
#4973 = SURFACE_CURVE('',#4974,(#4979,#4989),.PCURVE_S1.);
#4974 = ELLIPSE('',#4975,143.25983386839,101.3);
#4975 = AXIS2_PLACEMENT_3D('',#4976,#4977,#4978);
#4976 = CARTESIAN_POINT('',(0.,-2.359402231217E-16,15.073401871577));
#4977 = DIRECTION('',(-0.353553390593,0.612372435696,0.707106781187));
#4978 = DIRECTION('',(-0.353553390593,0.612372435696,-0.707106781187));
#4979 = PCURVE('',#272,#4980);
#4980 = DEFINITIONAL_REPRESENTATION('',(#4981),#4988);
#4981 = B_SPLINE_CURVE_WITH_KNOTS('',5,(#4982,#4983,#4984,#4985,#4986,
    #4987),.UNSPECIFIED.,.F.,.F.,(6,6),(4.716214971606,4.729937075873),
  .PIECEWISE_BEZIER_KNOTS.);
#4982 = CARTESIAN_POINT('',(5.75576054036,2.314170093579));
#4983 = CARTESIAN_POINT('',(5.753016119507,2.592177891256));
#4984 = CARTESIAN_POINT('',(5.750271698653,2.870182040018));
#4985 = CARTESIAN_POINT('',(5.7475272778,3.148178177549));
#4986 = CARTESIAN_POINT('',(5.744782856946,3.426161941646));
#4987 = CARTESIAN_POINT('',(5.742038436093,3.704128970633));
#4988 = ( GEOMETRIC_REPRESENTATION_CONTEXT(2) 
PARAMETRIC_REPRESENTATION_CONTEXT() REPRESENTATION_CONTEXT('2D SPACE',''
  ) );
#4989 = PCURVE('',#4990,#4995);
#4990 = PLANE('',#4991);
#4991 = AXIS2_PLACEMENT_3D('',#4992,#4993,#4994);
#4992 = CARTESIAN_POINT('',(77.950393025946,45.585958809098,14.57));
#4993 = DIRECTION('',(-0.353553390593,0.612372435696,0.707106781187));
#4994 = DIRECTION('',(-0.353553390593,0.612372435696,-0.707106781187));
#4995 = DEFINITIONAL_REPRESENTATION('',(#4996),#5000);
#4996 = ELLIPSE('',#4997,143.25983386839,101.3);
#4997 = AXIS2_PLACEMENT_2D('',#4998,#4999);
#4998 = CARTESIAN_POINT('',(-0.711917754108,90.3));
#4999 = DIRECTION('',(1.,1.221334841948E-17));
#5000 = ( GEOMETRIC_REPRESENTATION_CONTEXT(2) 
PARAMETRIC_REPRESENTATION_CONTEXT() REPRESENTATION_CONTEXT('2D SPACE',''
  ) );
#5001 = ORIENTED_EDGE('',*,*,#5002,.F.);
#5002 = EDGE_CURVE('',#5003,#4971,#5005,.T.);
#5003 = VERTEX_POINT('',#5004);
#5004 = CARTESIAN_POINT('',(88.547419954508,49.204109781602,
    13.411700935788));
#5005 = SURFACE_CURVE('',#5006,(#5045,#5118),.PCURVE_S1.);
#5006 = B_SPLINE_CURVE_WITH_KNOTS('',7,(#5007,#5008,#5009,#5010,#5011,
    #5012,#5013,#5014,#5015,#5016,#5017,#5018,#5019,#5020,#5021,#5022,
    #5023,#5024,#5025,#5026,#5027,#5028,#5029,#5030,#5031,#5032,#5033,
    #5034,#5035,#5036,#5037,#5038,#5039,#5040,#5041,#5042,#5043,#5044),
  .UNSPECIFIED.,.F.,.F.,(8,6,6,6,6,6,8),(0.,1.,2.14337573359,
    3.053040124932,3.57767761691,4.587719374761,5.562133122915),
  .UNSPECIFIED.);
#5007 = CARTESIAN_POINT('',(88.547419954508,49.204109781602,
    13.411700935788));
#5008 = CARTESIAN_POINT('',(88.64612374043,49.026483042252,
    13.208519774159));
#5009 = CARTESIAN_POINT('',(88.726068014872,48.881636658758,
    12.985140655419));
#5010 = CARTESIAN_POINT('',(88.78841250284,48.768138995371,
    12.748751456661));
#5011 = CARTESIAN_POINT('',(88.834296256356,48.684358911755,
    12.50409625792));
#5012 = CARTESIAN_POINT('',(88.864588028167,48.628962481755,
    12.254480749835));
#5013 = CARTESIAN_POINT('',(88.879763981211,48.601209394872,
    12.002388103153));
#5014 = CARTESIAN_POINT('',(88.879763981211,48.601209394872,
    11.461425567409));
#5015 = CARTESIAN_POINT('',(88.859923244548,48.637493066087,
    11.173011197386));
#5016 = CARTESIAN_POINT('',(88.820284570933,48.709983539644,
    10.888193162622));
#5017 = CARTESIAN_POINT('',(88.76000083435,48.820003654177,
    10.610764945567));
#5018 = CARTESIAN_POINT('',(88.677671635218,48.969683563435,
    10.346276551958));
#5019 = CARTESIAN_POINT('',(88.571412103893,49.161651172002,
    10.102674424502));
#5020 = CARTESIAN_POINT('',(88.33485828155,49.58516927223,9.726427707393
    ));
#5021 = CARTESIAN_POINT('',(88.209917175251,49.807767878249,
    9.574918774795));
#5022 = CARTESIAN_POINT('',(88.067211103117,50.060348389217,
    9.456751955485));
#5023 = CARTESIAN_POINT('',(87.911489409354,50.333613804729,
    9.384246684369));
#5024 = CARTESIAN_POINT('',(87.749364431099,50.615352875887,
    9.363846819913));
#5025 = CARTESIAN_POINT('',(87.588188149562,50.892943276644,
    9.395792697026));
#5026 = CARTESIAN_POINT('',(87.346182065895,51.306580533766,
    9.518836356724));
#5027 = CARTESIAN_POINT('',(87.261425112008,51.450746511657,
    9.578560880126));
#5028 = CARTESIAN_POINT('',(87.181096278813,51.586759049376,
    9.651307311438));
#5029 = CARTESIAN_POINT('',(87.105738177857,51.7138280653,9.7353327408)
  );
#5030 = CARTESIAN_POINT('',(87.035766370537,51.831384119163,
    9.828845206188));
#5031 = CARTESIAN_POINT('',(86.971462782196,51.939076121697,
    9.930004210135));
#5032 = CARTESIAN_POINT('',(86.800352352933,52.224868526361,
    10.242767144987));
#5033 = CARTESIAN_POINT('',(86.70826178853,52.37760260037,
    10.471797231121));
#5034 = CARTESIAN_POINT('',(86.636033647318,52.49680838039,
    10.715546336558));
#5035 = CARTESIAN_POINT('',(86.582697752421,52.584568444059,
    10.968594479966));
#5036 = CARTESIAN_POINT('',(86.547436339268,52.642496257076,
    11.227106770425));
#5037 = CARTESIAN_POINT('',(86.529763981211,52.671528792658,
    11.488383475733));
#5038 = CARTESIAN_POINT('',(86.529763981211,52.671528792658,
    12.002388315641));
#5039 = CARTESIAN_POINT('',(86.546210911147,52.644509442068,
    12.254481305276));
#5040 = CARTESIAN_POINT('',(86.579039824003,52.590577646546,
    12.504097052291));
#5041 = CARTESIAN_POINT('',(86.628653723424,52.508950951632,
    12.748752279588));
#5042 = CARTESIAN_POINT('',(86.695773354455,52.398210181193,
    12.985141213863));
#5043 = CARTESIAN_POINT('',(86.78124176018,52.256553389642,
    13.208520002019));
#5044 = CARTESIAN_POINT('',(86.88571901872,52.082260229372,
    13.411700935788));
#5045 = PCURVE('',#272,#5046);
#5046 = DEFINITIONAL_REPRESENTATION('',(#5047),#5117);
#5047 = B_SPLINE_CURVE_WITH_KNOTS('',3,(#5048,#5049,#5050,#5051,#5052,
    #5053,#5054,#5055,#5056,#5057,#5058,#5059,#5060,#5061,#5062,#5063,
    #5064,#5065,#5066,#5067,#5068,#5069,#5070,#5071,#5072,#5073,#5074,
    #5075,#5076,#5077,#5078,#5079,#5080,#5081,#5082,#5083,#5084,#5085,
    #5086,#5087,#5088,#5089,#5090,#5091,#5092,#5093,#5094,#5095,#5096,
    #5097,#5098,#5099,#5100,#5101,#5102,#5103,#5104,#5105,#5106,#5107,
    #5108,#5109,#5110,#5111,#5112,#5113,#5114,#5115,#5116),
  .UNSPECIFIED.,.F.,.F.,(4,1,1,1,1,1,1,1,1,1,1,1,1,1,1,1,1,1,1,1,1,1,1,1
    ,1,1,1,1,1,1,1,1,1,1,1,1,1,1,1,1,1,1,1,1,1,1,1,1,1,1,1,1,1,1,1,1,1,1
    ,1,1,1,1,1,1,1,1,4),(0.,8.427474428659E-02,0.168549488573,
    0.25282423286,0.337098977146,0.421373721433,0.50564846572,
    0.589923210006,0.674197954293,0.758472698579,0.842747442866,
    0.927022187153,1.011296931439,1.095571675726,1.179846420012,
    1.264121164299,1.348395908585,1.432670652872,1.516945397159,
    1.601220141445,1.685494885732,1.769769630018,1.854044374305,
    1.938319118592,2.022593862878,2.106868607165,2.191143351451,
    2.275418095738,2.359692840025,2.443967584311,2.528242328598,
    2.612517072884,2.696791817171,2.781066561458,2.865341305744,
    2.949616050031,3.033890794317,3.118165538604,3.20244028289,
    3.286715027177,3.370989771464,3.45526451575,3.539539260037,
    3.623814004323,3.70808874861,3.792363492897,3.876638237183,
    3.96091298147,4.045187725756,4.129462470043,4.21373721433,
    4.298011958616,4.382286702903,4.466561447189,4.550836191476,
    4.635110935763,4.719385680049,4.803660424336,4.887935168622,
    4.972209912909,5.056484657195,5.140759401482,5.225034145769,
    5.309308890055,5.393583634342,5.477858378628,5.562133122915),
  .QUASI_UNIFORM_KNOTS.);
#5048 = CARTESIAN_POINT('',(5.775991027805,3.588299064212));
#5049 = CARTESIAN_POINT('',(5.776385491239,3.628260424295));
#5050 = CARTESIAN_POINT('',(5.777137347349,3.710162322207));
#5051 = CARTESIAN_POINT('',(5.778156201284,3.838199980565));
#5052 = CARTESIAN_POINT('',(5.779068418835,3.970636219081));
#5053 = CARTESIAN_POINT('',(5.779876252517,4.106802089998));
#5054 = CARTESIAN_POINT('',(5.780581864634,4.246093748841));
#5055 = CARTESIAN_POINT('',(5.78118728145,4.387975413551));
#5056 = CARTESIAN_POINT('',(5.781694350343,4.531968152234));
#5057 = CARTESIAN_POINT('',(5.782104699497,4.677643360822));
#5058 = CARTESIAN_POINT('',(5.782419700071,4.824614527254));
#5059 = CARTESIAN_POINT('',(5.782640429672,4.972533765336));
#5060 = CARTESIAN_POINT('',(5.782767639968,5.121073320013));
#5061 = CARTESIAN_POINT('',(5.782801716372,5.269964484918));
#5062 = CARTESIAN_POINT('',(5.782742673643,5.418816940847));
#5063 = CARTESIAN_POINT('',(5.782590346867,5.56728950497));
#5064 = CARTESIAN_POINT('',(5.782344189645,5.715081354709));
#5065 = CARTESIAN_POINT('',(5.782003328476,5.861852129417));
#5066 = CARTESIAN_POINT('',(5.781566589754,6.007234814406));
#5067 = CARTESIAN_POINT('',(5.781032534203,6.150823893475));
#5068 = CARTESIAN_POINT('',(5.780399490658,6.292170018807));
#5069 = CARTESIAN_POINT('',(5.779665593075,6.430772660963));
#5070 = CARTESIAN_POINT('',(5.778828819638,6.566072583583));
#5071 = CARTESIAN_POINT('',(5.777887040927,6.697444245949));
#5072 = CARTESIAN_POINT('',(5.77683805673,6.824184820552));
#5073 = CARTESIAN_POINT('',(5.775679702533,6.945511918298));
#5074 = CARTESIAN_POINT('',(5.774409728275,7.060523908032));
#5075 = CARTESIAN_POINT('',(5.773026564312,7.168294135376));
#5076 = CARTESIAN_POINT('',(5.77150073496,7.269332100578));
#5077 = CARTESIAN_POINT('',(5.769850107971,7.360440410428));
#5078 = CARTESIAN_POINT('',(5.768087844043,7.439485486455));
#5079 = CARTESIAN_POINT('',(5.766231309063,7.504511186236));
#5080 = CARTESIAN_POINT('',(5.764299252601,7.55398019621));
#5081 = CARTESIAN_POINT('',(5.762312085037,7.586713667299));
#5082 = CARTESIAN_POINT('',(5.760291363075,7.601913410734));
#5083 = CARTESIAN_POINT('',(5.758259240424,7.599158359933));
#5084 = CARTESIAN_POINT('',(5.756238774979,7.578423604301));
#5085 = CARTESIAN_POINT('',(5.754250798259,7.54003651238));
#5086 = CARTESIAN_POINT('',(5.752323660599,7.484863015473));
#5087 = CARTESIAN_POINT('',(5.750495577669,7.414993180859));
#5088 = CARTESIAN_POINT('',(5.748768724089,7.331801054288));
#5089 = CARTESIAN_POINT('',(5.747152021788,7.236858043555));
#5090 = CARTESIAN_POINT('',(5.745650858121,7.131725880619));
#5091 = CARTESIAN_POINT('',(5.744269513863,7.017969281664));
#5092 = CARTESIAN_POINT('',(5.743011704846,6.897311302078));
#5093 = CARTESIAN_POINT('',(5.741870245657,6.770411172629));
#5094 = CARTESIAN_POINT('',(5.740843194685,6.638203857401));
#5095 = CARTESIAN_POINT('',(5.739927979408,6.501490025121));
#5096 = CARTESIAN_POINT('',(5.739122229292,6.360987606857));
#5097 = CARTESIAN_POINT('',(5.738423631864,6.217331749707));
#5098 = CARTESIAN_POINT('',(5.737830042753,6.071087259695));
#5099 = CARTESIAN_POINT('',(5.737339521164,5.922756656439));
#5100 = CARTESIAN_POINT('',(5.73695038065,5.77278846725));
#5101 = CARTESIAN_POINT('',(5.736661230722,5.621585338731));
#5102 = CARTESIAN_POINT('',(5.736471023838,5.46951023706));
#5103 = CARTESIAN_POINT('',(5.736379080505,5.316899285386));
#5104 = CARTESIAN_POINT('',(5.736385193594,5.164049984607));
#5105 = CARTESIAN_POINT('',(5.736489372321,5.011485526379));
#5106 = CARTESIAN_POINT('',(5.736691892892,4.859489779021));
#5107 = CARTESIAN_POINT('',(5.736993481095,4.708410238364));
#5108 = CARTESIAN_POINT('',(5.737395223896,4.558615130913));
#5109 = CARTESIAN_POINT('',(5.737898544437,4.410513989062));
#5110 = CARTESIAN_POINT('',(5.738505157791,4.264561623578));
#5111 = CARTESIAN_POINT('',(5.739217029148,4.121267383542));
#5112 = CARTESIAN_POINT('',(5.740036328112,3.981202541493));
#5113 = CARTESIAN_POINT('',(5.740965380438,3.845012886341));
#5114 = CARTESIAN_POINT('',(5.742006615934,3.713415679735));
#5115 = CARTESIAN_POINT('',(5.742777214675,3.629310289466));
#5116 = CARTESIAN_POINT('',(5.743182035357,3.588299064212));
#5117 = ( GEOMETRIC_REPRESENTATION_CONTEXT(2) 
PARAMETRIC_REPRESENTATION_CONTEXT() REPRESENTATION_CONTEXT('2D SPACE',''
  ) );
#5118 = PCURVE('',#5119,#5124);
#5119 = CYLINDRICAL_SURFACE('',#5120,2.35);
#5120 = AXIS2_PLACEMENT_3D('',#5121,#5122,#5123);
#5121 = CARTESIAN_POINT('',(78.202093961735,45.15,11.75));
#5122 = DIRECTION('',(-0.866025403784,-0.5,6.123233995737E-17));
#5123 = DIRECTION('',(-0.5,0.866025403784,-1.060575238725E-16));
#5124 = DEFINITIONAL_REPRESENTATION('',(#5125),#5195);
#5125 = B_SPLINE_CURVE_WITH_KNOTS('',3,(#5126,#5127,#5128,#5129,#5130,
    #5131,#5132,#5133,#5134,#5135,#5136,#5137,#5138,#5139,#5140,#5141,
    #5142,#5143,#5144,#5145,#5146,#5147,#5148,#5149,#5150,#5151,#5152,
    #5153,#5154,#5155,#5156,#5157,#5158,#5159,#5160,#5161,#5162,#5163,
    #5164,#5165,#5166,#5167,#5168,#5169,#5170,#5171,#5172,#5173,#5174,
    #5175,#5176,#5177,#5178,#5179,#5180,#5181,#5182,#5183,#5184,#5185,
    #5186,#5187,#5188,#5189,#5190,#5191,#5192,#5193,#5194),
  .UNSPECIFIED.,.F.,.F.,(4,1,1,1,1,1,1,1,1,1,1,1,1,1,1,1,1,1,1,1,1,1,1,1
    ,1,1,1,1,1,1,1,1,1,1,1,1,1,1,1,1,1,1,1,1,1,1,1,1,1,1,1,1,1,1,1,1,1,1
    ,1,1,1,1,1,1,1,1,4),(0.,8.427474428659E-02,0.168549488573,
    0.25282423286,0.337098977146,0.421373721433,0.50564846572,
    0.589923210006,0.674197954293,0.758472698579,0.842747442866,
    0.927022187153,1.011296931439,1.095571675726,1.179846420012,
    1.264121164299,1.348395908585,1.432670652872,1.516945397159,
    1.601220141445,1.685494885732,1.769769630018,1.854044374305,
    1.938319118592,2.022593862878,2.106868607165,2.191143351451,
    2.275418095738,2.359692840025,2.443967584311,2.528242328598,
    2.612517072884,2.696791817171,2.781066561458,2.865341305744,
    2.949616050031,3.033890794317,3.118165538604,3.20244028289,
    3.286715027177,3.370989771464,3.45526451575,3.539539260037,
    3.623814004323,3.70808874861,3.792363492897,3.876638237183,
    3.96091298147,4.045187725756,4.129462470043,4.21373721433,
    4.298011958616,4.382286702903,4.466561447189,4.550836191476,
    4.635110935763,4.719385680049,4.803660424336,4.887935168622,
    4.972209912909,5.056484657195,5.140759401482,5.225034145769,
    5.309308890055,5.393583634342,5.477858378628,5.562133122915),
  .QUASI_UNIFORM_KNOTS.);
#5126 = CARTESIAN_POINT('',(10.210176124167,-10.98637001097));
#5127 = CARTESIAN_POINT('',(10.186133183242,-10.98571415089));
#5128 = CARTESIAN_POINT('',(10.138569269632,-10.98441819779));
#5129 = CARTESIAN_POINT('',(10.068637082189,-10.98255037388));
#5130 = CARTESIAN_POINT('',(9.999962571792,-10.98078916522));
#5131 = CARTESIAN_POINT('',(9.932402977124,-10.97915911404));
#5132 = CARTESIAN_POINT('',(9.865821090624,-10.97768131536));
#5133 = CARTESIAN_POINT('',(9.800084856691,-10.97637320301));
#5134 = CARTESIAN_POINT('',(9.735065523074,-10.9752490559));
#5135 = CARTESIAN_POINT('',(9.670636361871,-10.97432028952));
#5136 = CARTESIAN_POINT('',(9.606671816373,-10.97359577347));
#5137 = CARTESIAN_POINT('',(9.543044934181,-10.97308210308));
#5138 = CARTESIAN_POINT('',(9.479631206914,-10.97278382709));
#5139 = CARTESIAN_POINT('',(9.416288004939,-10.97270365143));
#5140 = CARTESIAN_POINT('',(9.352927244264,-10.97284249099));
#5141 = CARTESIAN_POINT('',(9.28943929399,-10.97319908242));
#5142 = CARTESIAN_POINT('',(9.225693111972,-10.97377036925));
#5143 = CARTESIAN_POINT('',(9.161566188625,-10.9745513208));
#5144 = CARTESIAN_POINT('',(9.096935204377,-10.97553475507));
#5145 = CARTESIAN_POINT('',(9.031677153865,-10.97671109793));
#5146 = CARTESIAN_POINT('',(8.965667585392,-10.97806810675));
#5147 = CARTESIAN_POINT('',(8.898779517846,-10.97959056192));
#5148 = CARTESIAN_POINT('',(8.830882065192,-10.98125993351));
#5149 = CARTESIAN_POINT('',(8.761838972202,-10.98305403879));
#5150 = CARTESIAN_POINT('',(8.691506998868,-10.98494666948));
#5151 = CARTESIAN_POINT('',(8.619733812518,-10.98690730626));
#5152 = CARTESIAN_POINT('',(8.546356191374,-10.98890051987));
#5153 = CARTESIAN_POINT('',(8.471194747049,-10.99088659293));
#5154 = CARTESIAN_POINT('',(8.392680092677,-10.99285311822));
#5155 = CARTESIAN_POINT('',(8.311721463488,-10.99471379181));
#5156 = CARTESIAN_POINT('',(8.228717301753,-10.99639488818));
#5157 = CARTESIAN_POINT('',(8.144118187377,-10.99782442373));
#5158 = CARTESIAN_POINT('',(8.058295413674,-10.99894012045));
#5159 = CARTESIAN_POINT('',(7.971592807568,-10.9996917801));
#5160 = CARTESIAN_POINT('',(7.884330248227,-11.00004444759));
#5161 = CARTESIAN_POINT('',(7.796808795153,-10.99998034384));
#5162 = CARTESIAN_POINT('',(7.709351904841,-10.99950037492));
#5163 = CARTESIAN_POINT('',(7.622198392141,-10.99862311509));
#5164 = CARTESIAN_POINT('',(7.535953904368,-10.99738797321));
#5165 = CARTESIAN_POINT('',(7.451807007117,-10.99586734932));
#5166 = CARTESIAN_POINT('',(7.369452291162,-10.99411998662));
#5167 = CARTESIAN_POINT('',(7.288967443726,-10.99220976858));
#5168 = CARTESIAN_POINT('',(7.21036418425,-10.99019884886));
#5169 = CARTESIAN_POINT('',(7.133686710443,-10.9881465191));
#5170 = CARTESIAN_POINT('',(7.059071488216,-10.9861097159));
#5171 = CARTESIAN_POINT('',(6.986069695406,-10.98412286318));
#5172 = CARTESIAN_POINT('',(6.914530540861,-10.98222240299));
#5173 = CARTESIAN_POINT('',(6.844286466007,-10.9804389545));
#5174 = CARTESIAN_POINT('',(6.775186339014,-10.978798653));
#5175 = CARTESIAN_POINT('',(6.707083641297,-10.97732332231));
#5176 = CARTESIAN_POINT('',(6.639837167217,-10.9760309543));
#5177 = CARTESIAN_POINT('',(6.573308683134,-10.97493608942));
#5178 = CARTESIAN_POINT('',(6.507361544515,-10.97405019726));
#5179 = CARTESIAN_POINT('',(6.44185937529,-10.97338201574));
#5180 = CARTESIAN_POINT('',(6.376664109034,-10.97293786392));
#5181 = CARTESIAN_POINT('',(6.311636902678,-10.97272185817));
#5182 = CARTESIAN_POINT('',(6.246628422527,-10.9727362464));
#5183 = CARTESIAN_POINT('',(6.181586741124,-10.97298087002));
#5184 = CARTESIAN_POINT('',(6.116356188604,-10.97345327249));
#5185 = CARTESIAN_POINT('',(6.050801621306,-10.9741490708));
#5186 = CARTESIAN_POINT('',(5.984785547509,-10.9750616452));
#5187 = CARTESIAN_POINT('',(5.918172309656,-10.97618191666));
#5188 = CARTESIAN_POINT('',(5.850825191102,-10.97749803938));
#5189 = CARTESIAN_POINT('',(5.782605440077,-10.9789950476));
#5190 = CARTESIAN_POINT('',(5.713370834605,-10.98065452568));
#5191 = CARTESIAN_POINT('',(5.642973626894,-10.9824540391));
#5192 = CARTESIAN_POINT('',(5.57126007292,-10.98436736034));
#5193 = CARTESIAN_POINT('',(5.522461308541,-10.98569689954));
#5194 = CARTESIAN_POINT('',(5.497787143782,-10.98637001097));
#5195 = ( GEOMETRIC_REPRESENTATION_CONTEXT(2) 
PARAMETRIC_REPRESENTATION_CONTEXT() REPRESENTATION_CONTEXT('2D SPACE',''
  ) );
#5196 = ORIENTED_EDGE('',*,*,#5197,.T.);
#5197 = EDGE_CURVE('',#5003,#5198,#5200,.T.);
#5198 = VERTEX_POINT('',#5199);
#5199 = CARTESIAN_POINT('',(87.978991102057,50.213415783674,14.57));
#5200 = SURFACE_CURVE('',#5201,(#5206,#5216),.PCURVE_S1.);
#5201 = ELLIPSE('',#5202,143.25983386839,101.3);
#5202 = AXIS2_PLACEMENT_3D('',#5203,#5204,#5205);
#5203 = CARTESIAN_POINT('',(0.,-2.359402231217E-16,15.073401871577));
#5204 = DIRECTION('',(0.353553390593,-0.612372435696,0.707106781187));
#5205 = DIRECTION('',(0.353553390593,-0.612372435696,-0.707106781187));
#5206 = PCURVE('',#272,#5207);
#5207 = DEFINITIONAL_REPRESENTATION('',(#5208),#5215);
#5208 = B_SPLINE_CURVE_WITH_KNOTS('',5,(#5209,#5210,#5211,#5212,#5213,
    #5214),.UNSPECIFIED.,.F.,.F.,(6,6),(1.553248231306,1.566970335574),
  .PIECEWISE_BEZIER_KNOTS.);
#5209 = CARTESIAN_POINT('',(5.77713462707,3.704128970633));
#5210 = CARTESIAN_POINT('',(5.774390206217,3.426161941646));
#5211 = CARTESIAN_POINT('',(5.771645785363,3.148178177549));
#5212 = CARTESIAN_POINT('',(5.76890136451,2.870182040019));
#5213 = CARTESIAN_POINT('',(5.766156943656,2.592177891256));
#5214 = CARTESIAN_POINT('',(5.763412522803,2.314170093579));
#5215 = ( GEOMETRIC_REPRESENTATION_CONTEXT(2) 
PARAMETRIC_REPRESENTATION_CONTEXT() REPRESENTATION_CONTEXT('2D SPACE',''
  ) );
#5216 = PCURVE('',#5217,#5222);
#5217 = PLANE('',#5218);
#5218 = AXIS2_PLACEMENT_3D('',#5219,#5220,#5221);
#5219 = CARTESIAN_POINT('',(79.032944429629,43.710924776115,
    13.411700935788));
#5220 = DIRECTION('',(0.353553390593,-0.612372435696,0.707106781187));
#5221 = DIRECTION('',(-0.353553390593,0.612372435696,0.707106781187));
#5222 = DEFINITIONAL_REPRESENTATION('',(#5223),#5227);
#5223 = ELLIPSE('',#5224,143.25983386839,101.3);
#5224 = AXIS2_PLACEMENT_2D('',#5225,#5226);
#5225 = CARTESIAN_POINT('',(2.35,90.3));
#5226 = DIRECTION('',(-1.,-4.329780281177E-17));
#5227 = ( GEOMETRIC_REPRESENTATION_CONTEXT(2) 
PARAMETRIC_REPRESENTATION_CONTEXT() REPRESENTATION_CONTEXT('2D SPACE',''
  ) );
#5228 = ORIENTED_EDGE('',*,*,#5229,.F.);
#5229 = EDGE_CURVE('',#4969,#5198,#5230,.T.);
#5230 = SURFACE_CURVE('',#5231,(#5236,#5243),.PCURVE_S1.);
#5231 = CIRCLE('',#5232,101.3);
#5232 = AXIS2_PLACEMENT_3D('',#5233,#5234,#5235);
#5233 = CARTESIAN_POINT('',(0.,-2.975891721928E-16,14.57));
#5234 = DIRECTION('',(0.,-1.224646799147E-16,-1.));
#5235 = DIRECTION('',(1.,0.,0.));
#5236 = PCURVE('',#272,#5237);
#5237 = DEFINITIONAL_REPRESENTATION('',(#5238),#5242);
#5238 = LINE('',#5239,#5240);
#5239 = CARTESIAN_POINT('',(0.,2.43));
#5240 = VECTOR('',#5241,1.);
#5241 = DIRECTION('',(1.,0.));
#5242 = ( GEOMETRIC_REPRESENTATION_CONTEXT(2) 
PARAMETRIC_REPRESENTATION_CONTEXT() REPRESENTATION_CONTEXT('2D SPACE',''
  ) );
#5243 = PCURVE('',#5244,#5249);
#5244 = PLANE('',#5245);
#5245 = AXIS2_PLACEMENT_3D('',#5246,#5247,#5248);
#5246 = CARTESIAN_POINT('',(78.453794897523,44.714041190902,14.57));
#5247 = DIRECTION('',(0.,1.224646799147E-16,1.));
#5248 = DIRECTION('',(-0.5,0.866025403784,-1.060575238725E-16));
#5249 = DEFINITIONAL_REPRESENTATION('',(#5250),#5258);
#5250 = ( BOUNDED_CURVE() B_SPLINE_CURVE(2,(#5251,#5252,#5253,#5254,
#5255,#5256,#5257),.UNSPECIFIED.,.T.,.F.) B_SPLINE_CURVE_WITH_KNOTS((1,2
    ,2,2,2,1),(-2.094395102393,0.,2.094395102393,4.188790204786,
6.28318530718,8.377580409573),.UNSPECIFIED.) CURVE() 
GEOMETRIC_REPRESENTATION_ITEM() RATIONAL_B_SPLINE_CURVE((1.,0.5,1.,0.5,
1.,0.5,1.)) REPRESENTATION_ITEM('') );
#5251 = CARTESIAN_POINT('',(-50.14659812842,2.571626596636));
#5252 = CARTESIAN_POINT('',(-202.0965981284,90.3));
#5253 = CARTESIAN_POINT('',(-50.14659812842,178.02837340336));
#5254 = CARTESIAN_POINT('',(101.80340187157,265.75674680672));
#5255 = CARTESIAN_POINT('',(101.80340187157,90.3));
#5256 = CARTESIAN_POINT('',(101.80340187157,-85.15674680672));
#5257 = CARTESIAN_POINT('',(-50.14659812842,2.571626596636));
#5258 = ( GEOMETRIC_REPRESENTATION_CONTEXT(2) 
PARAMETRIC_REPRESENTATION_CONTEXT() REPRESENTATION_CONTEXT('2D SPACE',''
  ) );
#5259 = ADVANCED_FACE('',(#5260),#5244,.F.);
#5260 = FACE_BOUND('',#5261,.F.);
#5261 = EDGE_LOOP('',(#5262,#5293,#5314,#5315));
#5262 = ORIENTED_EDGE('',*,*,#5263,.F.);
#5263 = EDGE_CURVE('',#5264,#5266,#5268,.T.);
#5264 = VERTEX_POINT('',#5265);
#5265 = CARTESIAN_POINT('',(81.916732864496,46.71336935832,14.57));
#5266 = VERTEX_POINT('',#5267);
#5267 = CARTESIAN_POINT('',(81.413330992919,47.585286976517,14.57));
#5268 = SURFACE_CURVE('',#5269,(#5274,#5281),.PCURVE_S1.);
#5269 = CIRCLE('',#5270,94.3);
#5270 = AXIS2_PLACEMENT_3D('',#5271,#5272,#5273);
#5271 = CARTESIAN_POINT('',(0.,-2.975891721928E-16,14.57));
#5272 = DIRECTION('',(-0.,1.224646799147E-16,1.));
#5273 = DIRECTION('',(1.,0.,0.));
#5274 = PCURVE('',#5244,#5275);
#5275 = DEFINITIONAL_REPRESENTATION('',(#5276),#5280);
#5276 = CIRCLE('',#5277,94.3);
#5277 = AXIS2_PLACEMENT_2D('',#5278,#5279);
#5278 = CARTESIAN_POINT('',(0.503401871577,90.3));
#5279 = DIRECTION('',(-0.5,-0.866025403784));
#5280 = ( GEOMETRIC_REPRESENTATION_CONTEXT(2) 
PARAMETRIC_REPRESENTATION_CONTEXT() REPRESENTATION_CONTEXT('2D SPACE',''
  ) );
#5281 = PCURVE('',#5282,#5287);
#5282 = CYLINDRICAL_SURFACE('',#5283,94.3);
#5283 = AXIS2_PLACEMENT_3D('',#5284,#5285,#5286);
#5284 = CARTESIAN_POINT('',(0.,-9.184850993605E-16,9.5));
#5285 = DIRECTION('',(-0.,1.224646799147E-16,1.));
#5286 = DIRECTION('',(1.,0.,0.));
#5287 = DEFINITIONAL_REPRESENTATION('',(#5288),#5292);
#5288 = LINE('',#5289,#5290);
#5289 = CARTESIAN_POINT('',(-6.28318530718,5.07));
#5290 = VECTOR('',#5291,1.);
#5291 = DIRECTION('',(1.,-0.));
#5292 = ( GEOMETRIC_REPRESENTATION_CONTEXT(2) 
PARAMETRIC_REPRESENTATION_CONTEXT() REPRESENTATION_CONTEXT('2D SPACE',''
  ) );
#5293 = ORIENTED_EDGE('',*,*,#5294,.T.);
#5294 = EDGE_CURVE('',#5264,#5198,#5295,.T.);
#5295 = SURFACE_CURVE('',#5296,(#5300,#5307),.PCURVE_S1.);
#5296 = LINE('',#5297,#5298);
#5297 = CARTESIAN_POINT('',(78.453794897523,44.714041190902,14.57));
#5298 = VECTOR('',#5299,1.);
#5299 = DIRECTION('',(0.866025403784,0.5,-6.123233995737E-17));
#5300 = PCURVE('',#5244,#5301);
#5301 = DEFINITIONAL_REPRESENTATION('',(#5302),#5306);
#5302 = LINE('',#5303,#5304);
#5303 = CARTESIAN_POINT('',(0.,0.));
#5304 = VECTOR('',#5305,1.);
#5305 = DIRECTION('',(6.494150356797E-33,-1.));
#5306 = ( GEOMETRIC_REPRESENTATION_CONTEXT(2) 
PARAMETRIC_REPRESENTATION_CONTEXT() REPRESENTATION_CONTEXT('2D SPACE',''
  ) );
#5307 = PCURVE('',#5217,#5308);
#5308 = DEFINITIONAL_REPRESENTATION('',(#5309),#5313);
#5309 = LINE('',#5310,#5311);
#5310 = CARTESIAN_POINT('',(1.638082245892,-5.258145156129E-15));
#5311 = VECTOR('',#5312,1.);
#5312 = DIRECTION('',(6.106674209742E-18,-1.));
#5313 = ( GEOMETRIC_REPRESENTATION_CONTEXT(2) 
PARAMETRIC_REPRESENTATION_CONTEXT() REPRESENTATION_CONTEXT('2D SPACE',''
  ) );
#5314 = ORIENTED_EDGE('',*,*,#5229,.F.);
#5315 = ORIENTED_EDGE('',*,*,#5316,.F.);
#5316 = EDGE_CURVE('',#5266,#4969,#5317,.T.);
#5317 = SURFACE_CURVE('',#5318,(#5322,#5329),.PCURVE_S1.);
#5318 = LINE('',#5319,#5320);
#5319 = CARTESIAN_POINT('',(77.950393025946,45.585958809098,14.57));
#5320 = VECTOR('',#5321,1.);
#5321 = DIRECTION('',(0.866025403784,0.5,-6.123233995737E-17));
#5322 = PCURVE('',#5244,#5323);
#5323 = DEFINITIONAL_REPRESENTATION('',(#5324),#5328);
#5324 = LINE('',#5325,#5326);
#5325 = CARTESIAN_POINT('',(1.006803743154,8.548717289614E-15));
#5326 = VECTOR('',#5327,1.);
#5327 = DIRECTION('',(6.494150356797E-33,-1.));
#5328 = ( GEOMETRIC_REPRESENTATION_CONTEXT(2) 
PARAMETRIC_REPRESENTATION_CONTEXT() REPRESENTATION_CONTEXT('2D SPACE',''
  ) );
#5329 = PCURVE('',#4990,#5330);
#5330 = DEFINITIONAL_REPRESENTATION('',(#5331),#5335);
#5331 = LINE('',#5332,#5333);
#5332 = CARTESIAN_POINT('',(0.,0.));
#5333 = VECTOR('',#5334,1.);
#5334 = DIRECTION('',(-6.106674209742E-18,-1.));
#5335 = ( GEOMETRIC_REPRESENTATION_CONTEXT(2) 
PARAMETRIC_REPRESENTATION_CONTEXT() REPRESENTATION_CONTEXT('2D SPACE',''
  ) );
#5336 = ADVANCED_FACE('',(#5337),#5282,.F.);
#5337 = FACE_BOUND('',#5338,.T.);
#5338 = EDGE_LOOP('',(#5339,#5368,#5502,#5531,#5665,#5692,#5716,#5743,
    #5877,#5901,#6035,#6062,#6086,#6113,#6247,#6271,#6405,#6432,#6456,
    #6483,#6617,#6641,#6775,#6800,#6801,#6828,#6962,#6986,#7009,#7031,
    #7032,#7056,#7190,#7217,#7241,#7268,#7402,#7426,#7560,#7587));
#5339 = ORIENTED_EDGE('',*,*,#5340,.F.);
#5340 = EDGE_CURVE('',#5341,#5343,#5345,.T.);
#5341 = VERTEX_POINT('',#5342);
#5342 = CARTESIAN_POINT('',(-1.661700935788,-94.28535808915,
    13.411700935788));
#5343 = VERTEX_POINT('',#5344);
#5344 = CARTESIAN_POINT('',(-0.503401871577,-94.29865633483,14.57));
#5345 = SURFACE_CURVE('',#5346,(#5351,#5361),.PCURVE_S1.);
#5346 = ELLIPSE('',#5347,133.36033893178,94.3);
#5347 = AXIS2_PLACEMENT_3D('',#5348,#5349,#5350);
#5348 = CARTESIAN_POINT('',(0.,-2.359402231217E-16,15.073401871577));
#5349 = DIRECTION('',(-0.707106781187,8.090982689361E-18,0.707106781187)
  );
#5350 = DIRECTION('',(0.707106781187,1.651002285577E-16,0.707106781187)
  );
#5351 = PCURVE('',#5282,#5352);
#5352 = DEFINITIONAL_REPRESENTATION('',(#5353),#5360);
#5353 = B_SPLINE_CURVE_WITH_KNOTS('',5,(#5354,#5355,#5356,#5357,#5358,
    #5359),.UNSPECIFIED.,.F.,.F.,(6,6),(4.693538120127,4.708278979788),
  .PIECEWISE_BEZIER_KNOTS.);
#5354 = CARTESIAN_POINT('',(-1.589647187053,3.795871029367));
#5355 = CARTESIAN_POINT('',(-1.58669901512,4.073834247451));
#5356 = CARTESIAN_POINT('',(-1.583750843188,4.351816777781));
#5357 = CARTESIAN_POINT('',(-1.580802671256,4.629813587069));
#5358 = CARTESIAN_POINT('',(-1.577854499324,4.907819641329));
#5359 = CARTESIAN_POINT('',(-1.574906327392,5.185829906421));
#5360 = ( GEOMETRIC_REPRESENTATION_CONTEXT(2) 
PARAMETRIC_REPRESENTATION_CONTEXT() REPRESENTATION_CONTEXT('2D SPACE',''
  ) );
#5361 = PCURVE('',#4029,#5362);
#5362 = DEFINITIONAL_REPRESENTATION('',(#5363),#5367);
#5363 = ELLIPSE('',#5364,133.36033893178,94.3);
#5364 = AXIS2_PLACEMENT_2D('',#5365,#5366);
#5365 = CARTESIAN_POINT('',(2.35,90.3));
#5366 = DIRECTION('',(1.,-2.465190328816E-32));
#5367 = ( GEOMETRIC_REPRESENTATION_CONTEXT(2) 
PARAMETRIC_REPRESENTATION_CONTEXT() REPRESENTATION_CONTEXT('2D SPACE',''
  ) );
#5368 = ORIENTED_EDGE('',*,*,#5369,.T.);
#5369 = EDGE_CURVE('',#5341,#5370,#5372,.T.);
#5370 = VERTEX_POINT('',#5371);
#5371 = CARTESIAN_POINT('',(-0.678232998313,-94.29756094406,9.5));
#5372 = SURFACE_CURVE('',#5373,(#5400,#5451),.PCURVE_S1.);
#5373 = B_SPLINE_CURVE_WITH_KNOTS('',7,(#5374,#5375,#5376,#5377,#5378,
    #5379,#5380,#5381,#5382,#5383,#5384,#5385,#5386,#5387,#5388,#5389,
    #5390,#5391,#5392,#5393,#5394,#5395,#5396,#5397,#5398,#5399),
  .UNSPECIFIED.,.F.,.F.,(8,6,6,6,8),(0.,1.,1.831192243813,2.10828749385,
    2.533916097587),.UNSPECIFIED.);
#5374 = CARTESIAN_POINT('',(-1.661700935788,-94.28535808915,
    13.411700935788));
#5375 = CARTESIAN_POINT('',(-1.864883525267,-94.28177716518,
    13.20851834631));
#5376 = CARTESIAN_POINT('',(-2.030298324372,-94.27835085181,
    12.985134585719));
#5377 = CARTESIAN_POINT('',(-2.159751449391,-94.2753893935,
    12.748762894377));
#5378 = CARTESIAN_POINT('',(-2.255254299143,-94.27307583663,
    12.504098125696));
#5379 = CARTESIAN_POINT('',(-2.318372126368,-94.27150230597,
    12.25450305157));
#5380 = CARTESIAN_POINT('',(-2.35,-94.27071390416,12.002402956383));
#5381 = CARTESIAN_POINT('',(-2.35,-94.27071390416,11.540204620339));
#5382 = CARTESIAN_POINT('',(-2.32814928259,-94.27125860164,
    11.330533831701));
#5383 = CARTESIAN_POINT('',(-2.284492713663,-94.27234689071,
    11.122316874794));
#5384 = CARTESIAN_POINT('',(-2.218634213628,-94.27395667514,
    10.916987298305));
#5385 = CARTESIAN_POINT('',(-2.12982639554,-94.27604318467,
    10.716295652499));
#5386 = CARTESIAN_POINT('',(-2.017069757599,-94.27852581027,
    10.522559236575));
#5387 = CARTESIAN_POINT('',(-1.833316842978,-94.28218846032,
    10.277823332325));
#5388 = CARTESIAN_POINT('',(-1.784585163079,-94.28313367353,
    10.217759697101));
#5389 = CARTESIAN_POINT('',(-1.733027881627,-94.28410337221,
    10.158950546949));
#5390 = CARTESIAN_POINT('',(-1.678612322759,-94.28509184959,
    10.101537765511));
#5391 = CARTESIAN_POINT('',(-1.621309489394,-94.28609266954,
    10.045676323025));
#5392 = CARTESIAN_POINT('',(-1.56109439176,-94.28709865606,
    9.991534461434));
#5393 = CARTESIAN_POINT('',(-1.40094867634,-94.28964287627,
    9.859050403799));
#5394 = CARTESIAN_POINT('',(-1.296838423092,-94.29118037489,
    9.783133750299));
#5395 = CARTESIAN_POINT('',(-1.185762300326,-94.29268149874,
    9.712460102543));
#5396 = CARTESIAN_POINT('',(-1.067967055056,-94.29410904098,
    9.647930816773));
#5397 = CARTESIAN_POINT('',(-0.943799401962,-94.29542374111,
    9.590432408388));
#5398 = CARTESIAN_POINT('',(-0.813705928218,-94.29658655819,
    9.540836538416));
#5399 = CARTESIAN_POINT('',(-0.678232998312,-94.29756094406,9.5));
#5400 = PCURVE('',#5282,#5401);
#5401 = DEFINITIONAL_REPRESENTATION('',(#5402),#5450);
#5402 = B_SPLINE_CURVE_WITH_KNOTS('',3,(#5403,#5404,#5405,#5406,#5407,
    #5408,#5409,#5410,#5411,#5412,#5413,#5414,#5415,#5416,#5417,#5418,
    #5419,#5420,#5421,#5422,#5423,#5424,#5425,#5426,#5427,#5428,#5429,
    #5430,#5431,#5432,#5433,#5434,#5435,#5436,#5437,#5438,#5439,#5440,
    #5441,#5442,#5443,#5444,#5445,#5446,#5447,#5448,#5449),
  .UNSPECIFIED.,.F.,.F.,(4,1,1,1,1,1,1,1,1,1,1,1,1,1,1,1,1,1,1,1,1,1,1,1
    ,1,1,1,1,1,1,1,1,1,1,1,1,1,1,1,1,1,1,1,1,4),(0.,5.75890022179E-02,
    0.115178004436,0.172767006654,0.230356008872,0.287945011089,
    0.345534013307,0.403123015525,0.460712017743,0.518301019961,
    0.575890022179,0.633479024397,0.691068026615,0.748657028833,
    0.806246031051,0.863835033268,0.921424035486,0.979013037704,
    1.036602039922,1.09419104214,1.151780044358,1.209369046576,
    1.266958048794,1.324547051012,1.38213605323,1.439725055447,
    1.497314057665,1.554903059883,1.612492062101,1.670081064319,
    1.727670066537,1.785259068755,1.842848070973,1.900437073191,
    1.958026075408,2.015615077626,2.073204079844,2.130793082062,
    2.18838208428,2.245971086498,2.303560088716,2.361149090934,
    2.418738093152,2.47632709537,2.533916097587),.QUASI_UNIFORM_KNOTS.);
#5403 = CARTESIAN_POINT('',(-1.588418669795,3.911700935788));
#5404 = CARTESIAN_POINT('',(-1.588708243765,3.884396650402));
#5405 = CARTESIAN_POINT('',(-1.58926879469,3.828856849538));
#5406 = CARTESIAN_POINT('',(-1.590054613594,3.743008158637));
#5407 = CARTESIAN_POINT('',(-1.590786207882,3.654883069281));
#5408 = CARTESIAN_POINT('',(-1.591464362822,3.564716555921));
#5409 = CARTESIAN_POINT('',(-1.5920898535,3.472727510005));
#5410 = CARTESIAN_POINT('',(-1.592663437265,3.379117526156));
#5411 = CARTESIAN_POINT('',(-1.593185845577,3.28407297601));
#5412 = CARTESIAN_POINT('',(-1.593657776678,3.187766088031));
#5413 = CARTESIAN_POINT('',(-1.594079888627,3.09035619547));
#5414 = CARTESIAN_POINT('',(-1.594452792747,2.991990856051));
#5415 = CARTESIAN_POINT('',(-1.594777047386,2.892806937555));
#5416 = CARTESIAN_POINT('',(-1.595053151935,2.792931659585));
#5417 = CARTESIAN_POINT('',(-1.595281541063,2.692483606866));
#5418 = CARTESIAN_POINT('',(-1.59546257899,2.591573732963));
#5419 = CARTESIAN_POINT('',(-1.595596554216,2.490306334134));
#5420 = CARTESIAN_POINT('',(-1.59568367278,2.388780126205));
#5421 = CARTESIAN_POINT('',(-1.595724056991,2.287088983792));
#5422 = CARTESIAN_POINT('',(-1.595717723394,2.185324042281));
#5423 = CARTESIAN_POINT('',(-1.595664662648,2.083653761763));
#5424 = CARTESIAN_POINT('',(-1.595564814678,1.982160731001));
#5425 = CARTESIAN_POINT('',(-1.595418026509,1.88094755228));
#5426 = CARTESIAN_POINT('',(-1.595224067488,1.78011674289));
#5427 = CARTESIAN_POINT('',(-1.594982630352,1.679777295821));
#5428 = CARTESIAN_POINT('',(-1.594693336226,1.580044134114));
#5429 = CARTESIAN_POINT('',(-1.594355738722,1.481039508912));
#5430 = CARTESIAN_POINT('',(-1.593969328463,1.382893921303));
#5431 = CARTESIAN_POINT('',(-1.593533537648,1.285747212255));
#5432 = CARTESIAN_POINT('',(-1.593047744999,1.189749678128));
#5433 = CARTESIAN_POINT('',(-1.592511280141,1.09506315222));
#5434 = CARTESIAN_POINT('',(-1.59192343101,1.00186244778));
#5435 = CARTESIAN_POINT('',(-1.591283440933,0.910335655038));
#5436 = CARTESIAN_POINT('',(-1.590590545281,0.820688941351));
#5437 = CARTESIAN_POINT('',(-1.589843850231,0.733133378099));
#5438 = CARTESIAN_POINT('',(-1.589042654355,0.647924425575));
#5439 = CARTESIAN_POINT('',(-1.588186357732,0.565341212478));
#5440 = CARTESIAN_POINT('',(-1.587274352087,0.485678917502));
#5441 = CARTESIAN_POINT('',(-1.586306340015,0.409268555479));
#5442 = CARTESIAN_POINT('',(-1.585280542806,0.336358349229));
#5443 = CARTESIAN_POINT('',(-1.584198181892,0.267437617986));
#5444 = CARTESIAN_POINT('',(-1.58306059412,0.202970619752));
#5445 = CARTESIAN_POINT('',(-1.581869461456,0.143423058554));
#5446 = CARTESIAN_POINT('',(-1.580626758587,8.925484795902E-02));
#5447 = CARTESIAN_POINT('',(-1.579334731747,4.092254050536E-02));
#5448 = CARTESIAN_POINT('',(-1.578442267116,1.289207161607E-02));
#5449 = CARTESIAN_POINT('',(-1.577988679349,1.740829702612E-13));
#5450 = ( GEOMETRIC_REPRESENTATION_CONTEXT(2) 
PARAMETRIC_REPRESENTATION_CONTEXT() REPRESENTATION_CONTEXT('2D SPACE',''
  ) );
#5451 = PCURVE('',#3931,#5452);
#5452 = DEFINITIONAL_REPRESENTATION('',(#5453),#5501);
#5453 = B_SPLINE_CURVE_WITH_KNOTS('',3,(#5454,#5455,#5456,#5457,#5458,
    #5459,#5460,#5461,#5462,#5463,#5464,#5465,#5466,#5467,#5468,#5469,
    #5470,#5471,#5472,#5473,#5474,#5475,#5476,#5477,#5478,#5479,#5480,
    #5481,#5482,#5483,#5484,#5485,#5486,#5487,#5488,#5489,#5490,#5491,
    #5492,#5493,#5494,#5495,#5496,#5497,#5498,#5499,#5500),
  .UNSPECIFIED.,.F.,.F.,(4,1,1,1,1,1,1,1,1,1,1,1,1,1,1,1,1,1,1,1,1,1,1,1
    ,1,1,1,1,1,1,1,1,1,1,1,1,1,1,1,1,1,1,1,1,4),(0.,5.75890022179E-02,
    0.115178004436,0.172767006654,0.230356008872,0.287945011089,
    0.345534013307,0.403123015525,0.460712017743,0.518301019961,
    0.575890022179,0.633479024397,0.691068026615,0.748657028833,
    0.806246031051,0.863835033268,0.921424035486,0.979013037704,
    1.036602039922,1.09419104214,1.151780044358,1.209369046576,
    1.266958048794,1.324547051012,1.38213605323,1.439725055447,
    1.497314057665,1.554903059883,1.612492062101,1.670081064319,
    1.727670066537,1.785259068755,1.842848070973,1.900437073191,
    1.958026075408,2.015615077626,2.073204079844,2.130793082062,
    2.18838208428,2.245971086498,2.303560088716,2.361149090934,
    2.418738093152,2.47632709537,2.533916097587),.QUASI_UNIFORM_KNOTS.);
#5454 = CARTESIAN_POINT('',(10.210176124167,-3.985358089154));
#5455 = CARTESIAN_POINT('',(10.193745869739,-3.9848768128));
#5456 = CARTESIAN_POINT('',(10.161129954158,-3.983921789996));
#5457 = CARTESIAN_POINT('',(10.112889707485,-3.982522494497));
#5458 = CARTESIAN_POINT('',(10.06528202151,-3.981167506391));
#5459 = CARTESIAN_POINT('',(10.018259025281,-3.979866425437));
#5460 = CARTESIAN_POINT('',(9.97177446935,-3.978627964299));
#5461 = CARTESIAN_POINT('',(9.92578373845,-3.977459868472));
#5462 = CARTESIAN_POINT('',(9.880243488457,-3.976369012983));
#5463 = CARTESIAN_POINT('',(9.835111421599,-3.975361450523));
#5464 = CARTESIAN_POINT('',(9.790346052958,-3.974442470772));
#5465 = CARTESIAN_POINT('',(9.745906500607,-3.973616654277));
#5466 = CARTESIAN_POINT('',(9.701752285415,-3.972887924721));
#5467 = CARTESIAN_POINT('',(9.657843140691,-3.97225959795));
#5468 = CARTESIAN_POINT('',(9.614138827952,-3.971734427494));
#5469 = CARTESIAN_POINT('',(9.57059896105,-3.971314646321));
#5470 = CARTESIAN_POINT('',(9.527182823794,-3.971002003211));
#5471 = CARTESIAN_POINT('',(9.483849229598,-3.970797797506));
#5472 = CARTESIAN_POINT('',(9.440556234588,-3.970702895871));
#5473 = CARTESIAN_POINT('',(9.397261398393,-3.970717789865));
#5474 = CARTESIAN_POINT('',(9.35395527537,-3.970842419539));
#5475 = CARTESIAN_POINT('',(9.310591601267,-3.971076224422));
#5476 = CARTESIAN_POINT('',(9.267131751368,-3.971418239295));
#5477 = CARTESIAN_POINT('',(9.223535596613,-3.971867048034));
#5478 = CARTESIAN_POINT('',(9.179763708153,-3.972420765649));
#5479 = CARTESIAN_POINT('',(9.135776537165,-3.973077006207));
#5480 = CARTESIAN_POINT('',(9.091534415031,-3.973832848437));
#5481 = CARTESIAN_POINT('',(9.046997337907,-3.974684796268));
#5482 = CARTESIAN_POINT('',(9.002124801512,-3.975628735627));
#5483 = CARTESIAN_POINT('',(8.956875621213,-3.976659887136));
#5484 = CARTESIAN_POINT('',(8.911207689484,-3.977772756905));
#5485 = CARTESIAN_POINT('',(8.865077881122,-3.9789610792));
#5486 = CARTESIAN_POINT('',(8.818441262417,-3.980217775775));
#5487 = CARTESIAN_POINT('',(8.771252715254,-3.981534841114));
#5488 = CARTESIAN_POINT('',(8.723458569092,-3.982903514965));
#5489 = CARTESIAN_POINT('',(8.67501666561,-3.984313640034));
#5490 = CARTESIAN_POINT('',(8.625886191364,-3.985753853609));
#5491 = CARTESIAN_POINT('',(8.576021192593,-3.987211740989));
#5492 = CARTESIAN_POINT('',(8.525384672128,-3.988673405785));
#5493 = CARTESIAN_POINT('',(8.473859663293,-3.990125907207));
#5494 = CARTESIAN_POINT('',(8.421473887352,-3.991550889131));
#5495 = CARTESIAN_POINT('',(8.368238432987,-3.992929468942));
#5496 = CARTESIAN_POINT('',(8.314162400244,-3.99424207588));
#5497 = CARTESIAN_POINT('',(8.259248951713,-3.99546883584));
#5498 = CARTESIAN_POINT('',(8.203497007735,-3.996589752432));
#5499 = CARTESIAN_POINT('',(8.165764543996,-3.997253355194));
#5500 = CARTESIAN_POINT('',(8.146756152563,-3.997560944067));
#5501 = ( GEOMETRIC_REPRESENTATION_CONTEXT(2) 
PARAMETRIC_REPRESENTATION_CONTEXT() REPRESENTATION_CONTEXT('2D SPACE',''
  ) );
#5502 = ORIENTED_EDGE('',*,*,#5503,.T.);
#5503 = EDGE_CURVE('',#5370,#5504,#5506,.T.);
#5504 = VERTEX_POINT('',#5505);
#5505 = CARTESIAN_POINT('',(-81.32496679331,-47.73614747825,9.5));
#5506 = SURFACE_CURVE('',#5507,(#5512,#5519),.PCURVE_S1.);
#5507 = CIRCLE('',#5508,94.3);
#5508 = AXIS2_PLACEMENT_3D('',#5509,#5510,#5511);
#5509 = CARTESIAN_POINT('',(0.,-9.184850993605E-16,9.5));
#5510 = DIRECTION('',(0.,-1.224646799147E-16,-1.));
#5511 = DIRECTION('',(1.,0.,0.));
#5512 = PCURVE('',#5282,#5513);
#5513 = DEFINITIONAL_REPRESENTATION('',(#5514),#5518);
#5514 = LINE('',#5515,#5516);
#5515 = CARTESIAN_POINT('',(-0.,0.));
#5516 = VECTOR('',#5517,1.);
#5517 = DIRECTION('',(-1.,0.));
#5518 = ( GEOMETRIC_REPRESENTATION_CONTEXT(2) 
PARAMETRIC_REPRESENTATION_CONTEXT() REPRESENTATION_CONTEXT('2D SPACE',''
  ) );
#5519 = PCURVE('',#5520,#5525);
#5520 = TOROIDAL_SURFACE('',#5521,91.3,3.);
#5521 = AXIS2_PLACEMENT_3D('',#5522,#5523,#5524);
#5522 = CARTESIAN_POINT('',(0.,-9.184850993605E-16,9.5));
#5523 = DIRECTION('',(-0.,1.224646799147E-16,1.));
#5524 = DIRECTION('',(1.,0.,0.));
#5525 = DEFINITIONAL_REPRESENTATION('',(#5526),#5530);
#5526 = LINE('',#5527,#5528);
#5527 = CARTESIAN_POINT('',(-0.,6.28318530718));
#5528 = VECTOR('',#5529,1.);
#5529 = DIRECTION('',(-1.,0.));
#5530 = ( GEOMETRIC_REPRESENTATION_CONTEXT(2) 
PARAMETRIC_REPRESENTATION_CONTEXT() REPRESENTATION_CONTEXT('2D SPACE',''
  ) );
#5531 = ORIENTED_EDGE('',*,*,#5532,.T.);
#5532 = EDGE_CURVE('',#5504,#5533,#5535,.T.);
#5533 = VERTEX_POINT('',#5534);
#5534 = CARTESIAN_POINT('',(-80.82266484222,-48.58175426846,
    13.411700935788));
#5535 = SURFACE_CURVE('',#5536,(#5563,#5614),.PCURVE_S1.);
#5536 = B_SPLINE_CURVE_WITH_KNOTS('',7,(#5537,#5538,#5539,#5540,#5541,
    #5542,#5543,#5544,#5545,#5546,#5547,#5548,#5549,#5550,#5551,#5552,
    #5553,#5554,#5555,#5556,#5557,#5558,#5559,#5560,#5561,#5562),
  .UNSPECIFIED.,.F.,.F.,(8,6,6,6,8),(0.,0.277445545656,0.458099254086,
    0.999999417452,1.651920361631),.UNSPECIFIED.);
#5537 = CARTESIAN_POINT('',(-81.32496679331,-47.73614747825,9.5));
#5538 = CARTESIAN_POINT('',(-81.25641001685,-47.8529431952,
    9.540822526503));
#5539 = CARTESIAN_POINT('',(-81.19036018828,-47.96501964562,
    9.590409099622));
#5540 = CARTESIAN_POINT('',(-81.12712978668,-48.07190841137,
    9.647908348977));
#5541 = CARTESIAN_POINT('',(-81.0669830891,-48.17322991977,
    9.712448531128));
#5542 = CARTESIAN_POINT('',(-81.01013394947,-48.26869261982,
    9.783137636019));
#5543 = CARTESIAN_POINT('',(-80.95674357741,-48.35809215838,
    9.85906349344));
#5544 = CARTESIAN_POINT('',(-80.8744754894,-48.495496729,9.991534461434)
  );
#5545 = CARTESIAN_POINT('',(-80.84349673069,-48.54714153998,
    10.045676323025));
#5546 = CARTESIAN_POINT('',(-80.81397857851,-48.59626683941,
    10.101537765511));
#5547 = CARTESIAN_POINT('',(-80.78591475256,-48.64289785706,
    10.158950546949));
#5548 = CARTESIAN_POINT('',(-80.75929632814,-48.68706292321,
    10.217759697101));
#5549 = CARTESIAN_POINT('',(-80.73411190954,-48.72879318936,
    10.277823332325));
#5550 = CARTESIAN_POINT('',(-80.63906350424,-48.88609655642,
    10.522559236575));
#5551 = CARTESIAN_POINT('',(-80.58053516844,-48.98250535652,
    10.716295652499));
#5552 = CARTESIAN_POINT('',(-80.53432428913,-49.05837192827,
    10.916987298304));
#5553 = CARTESIAN_POINT('',(-80.5000009249,-49.11460217014,
    11.122316874795));
#5554 = CARTESIAN_POINT('',(-80.47723015445,-49.15186572334,
    11.330533831701));
#5555 = CARTESIAN_POINT('',(-80.46583307389,-49.17051665097,
    11.540204620339));
#5556 = CARTESIAN_POINT('',(-80.46583307389,-49.17051665097,
    12.002389667395));
#5557 = CARTESIAN_POINT('',(-80.48232738052,-49.14352426304,
    12.254483836574));
#5558 = CARTESIAN_POINT('',(-80.51525082931,-49.08964635089,
    12.504100364702));
#5559 = CARTESIAN_POINT('',(-80.56500358576,-49.00809907974,
    12.748755710227));
#5560 = CARTESIAN_POINT('',(-80.63230071817,-48.89746037643,
    12.985144077101));
#5561 = CARTESIAN_POINT('',(-80.7179740576,-48.75592229357,
    13.208521609201));
#5562 = CARTESIAN_POINT('',(-80.82266484222,-48.58175426846,
    13.411700935788));
#5563 = PCURVE('',#5282,#5564);
#5564 = DEFINITIONAL_REPRESENTATION('',(#5565),#5613);
#5565 = B_SPLINE_CURVE_WITH_KNOTS('',3,(#5566,#5567,#5568,#5569,#5570,
    #5571,#5572,#5573,#5574,#5575,#5576,#5577,#5578,#5579,#5580,#5581,
    #5582,#5583,#5584,#5585,#5586,#5587,#5588,#5589,#5590,#5591,#5592,
    #5593,#5594,#5595,#5596,#5597,#5598,#5599,#5600,#5601,#5602,#5603,
    #5604,#5605,#5606,#5607,#5608,#5609,#5610,#5611,#5612),
  .UNSPECIFIED.,.F.,.F.,(4,1,1,1,1,1,1,1,1,1,1,1,1,1,1,1,1,1,1,1,1,1,1,1
    ,1,1,1,1,1,1,1,1,1,1,1,1,1,1,1,1,1,1,1,1,4),(0.,3.754364458253E-02,
    7.508728916506E-02,0.112630933748,0.15017457833,0.187718222913,
    0.225261867495,0.262805512078,0.30034915666,0.337892801243,
    0.375436445825,0.412980090408,0.45052373499,0.488067379573,
    0.525611024155,0.563154668738,0.600698313321,0.638241957903,
    0.675785602486,0.713329247068,0.750872891651,0.788416536233,
    0.825960180816,0.863503825398,0.901047469981,0.938591114563,
    0.976134759146,1.013678403728,1.051222048311,1.088765692893,
    1.126309337476,1.163852982058,1.201396626641,1.238940271224,
    1.276483915806,1.314027560389,1.351571204971,1.389114849554,
    1.426658494136,1.464202138719,1.501745783301,1.539289427884,
    1.576833072466,1.614376717049,1.651920361631),
  .QUASI_UNIFORM_KNOTS.);
#5566 = CARTESIAN_POINT('',(-2.610801525438,1.06581410364E-14));
#5567 = CARTESIAN_POINT('',(-2.610348040809,1.288900129349E-02));
#5568 = CARTESIAN_POINT('',(-2.609455681224,4.091554208518E-02));
#5569 = CARTESIAN_POINT('',(-2.608163588247,8.924879673833E-02));
#5570 = CARTESIAN_POINT('',(-2.606920677305,0.143425599079));
#5571 = CARTESIAN_POINT('',(-2.605729270167,0.202988089532));
#5572 = CARTESIAN_POINT('',(-2.604591412333,0.267473705622));
#5573 = CARTESIAN_POINT('',(-2.603508851612,0.336412450593));
#5574 = CARTESIAN_POINT('',(-2.602482983027,0.409334631055));
#5575 = CARTESIAN_POINT('',(-2.601515087344,0.485742710806));
#5576 = CARTESIAN_POINT('',(-2.600603164213,0.565404010613));
#5577 = CARTESIAN_POINT('',(-2.599746951864,0.647985207423));
#5578 = CARTESIAN_POINT('',(-2.598945832502,0.733191817491));
#5579 = CARTESIAN_POINT('',(-2.598199208843,0.820744592302));
#5580 = CARTESIAN_POINT('',(-2.597506378713,0.910388183014));
#5581 = CARTESIAN_POINT('',(-2.596866448627,1.001911548208));
#5582 = CARTESIAN_POINT('',(-2.596278654047,1.09510855998));
#5583 = CARTESIAN_POINT('',(-2.595742238437,1.189791162493));
#5584 = CARTESIAN_POINT('',(-2.595256489852,1.285784573961));
#5585 = CARTESIAN_POINT('',(-2.594820738034,1.382926989455));
#5586 = CARTESIAN_POINT('',(-2.594434361814,1.481068138322));
#5587 = CARTESIAN_POINT('',(-2.594096793488,1.580068202931));
#5588 = CARTESIAN_POINT('',(-2.593807523771,1.679796703294));
#5589 = CARTESIAN_POINT('',(-2.593566106353,1.780131407985));
#5590 = CARTESIAN_POINT('',(-2.593372162426,1.880957410366));
#5591 = CARTESIAN_POINT('',(-2.59322538478,1.982165738915));
#5592 = CARTESIAN_POINT('',(-2.5931255428,2.083653872781));
#5593 = CARTESIAN_POINT('',(-2.593072483544,2.185319294495));
#5594 = CARTESIAN_POINT('',(-2.593066146906,2.287079166315));
#5595 = CARTESIAN_POINT('',(-2.593106523176,2.388766477585));
#5596 = CARTESIAN_POINT('',(-2.593193632864,2.490290482493));
#5597 = CARTESIAN_POINT('',(-2.593327599943,2.59155718025));
#5598 = CARTESIAN_POINT('',(-2.593508631448,2.692467581194));
#5599 = CARTESIAN_POINT('',(-2.593737016367,2.792917044033));
#5600 = CARTESIAN_POINT('',(-2.594013119214,2.892794291471));
#5601 = CARTESIAN_POINT('',(-2.594337374834,2.991980473429));
#5602 = CARTESIAN_POINT('',(-2.59471028267,3.090348175061));
#5603 = CARTESIAN_POINT('',(-2.595132400924,3.187760392791));
#5604 = CARTESIAN_POINT('',(-2.595604340477,3.284069469616));
#5605 = CARTESIAN_POINT('',(-2.596126758567,3.379115982677));
#5606 = CARTESIAN_POINT('',(-2.596700352199,3.472727601164));
#5607 = CARTESIAN_POINT('',(-2.597325851256,3.564717830545));
#5608 = CARTESIAN_POINT('',(-2.598004011336,3.654884942401));
#5609 = CARTESIAN_POINT('',(-2.598735606061,3.743009957988));
#5610 = CARTESIAN_POINT('',(-2.599521419775,3.828857895062));
#5611 = CARTESIAN_POINT('',(-2.600081964589,3.884397000338));
#5612 = CARTESIAN_POINT('',(-2.600371534991,3.911700935788));
#5613 = ( GEOMETRIC_REPRESENTATION_CONTEXT(2) 
PARAMETRIC_REPRESENTATION_CONTEXT() REPRESENTATION_CONTEXT('2D SPACE',''
  ) );
#5614 = PCURVE('',#4231,#5615);
#5615 = DEFINITIONAL_REPRESENTATION('',(#5616),#5664);
#5616 = B_SPLINE_CURVE_WITH_KNOTS('',3,(#5617,#5618,#5619,#5620,#5621,
    #5622,#5623,#5624,#5625,#5626,#5627,#5628,#5629,#5630,#5631,#5632,
    #5633,#5634,#5635,#5636,#5637,#5638,#5639,#5640,#5641,#5642,#5643,
    #5644,#5645,#5646,#5647,#5648,#5649,#5650,#5651,#5652,#5653,#5654,
    #5655,#5656,#5657,#5658,#5659,#5660,#5661,#5662,#5663),
  .UNSPECIFIED.,.F.,.F.,(4,1,1,1,1,1,1,1,1,1,1,1,1,1,1,1,1,1,1,1,1,1,1,1
    ,1,1,1,1,1,1,1,1,1,1,1,1,1,1,1,1,1,1,1,1,4),(0.,3.754364458253E-02,
    7.508728916506E-02,0.112630933748,0.15017457833,0.187718222913,
    0.225261867495,0.262805512078,0.30034915666,0.337892801243,
    0.375436445825,0.412980090408,0.45052373499,0.488067379573,
    0.525611024155,0.563154668738,0.600698313321,0.638241957903,
    0.675785602486,0.713329247068,0.750872891651,0.788416536233,
    0.825960180816,0.863503825398,0.901047469981,0.938591114563,
    0.976134759146,1.013678403728,1.051222048311,1.088765692893,
    1.126309337476,1.163852982058,1.201396626641,1.238940271224,
    1.276483915806,1.314027560389,1.351571204971,1.389114849554,
    1.426658494136,1.464202138719,1.501745783301,1.539289427884,
    1.576833072466,1.614376717049,1.651920361631),
  .QUASI_UNIFORM_KNOTS.);
#5617 = CARTESIAN_POINT('',(7.561207115386,-3.997560944067));
#5618 = CARTESIAN_POINT('',(7.542203053543,-3.997253429053));
#5619 = CARTESIAN_POINT('',(7.504475128423,-3.996589917658));
#5620 = CARTESIAN_POINT('',(7.448720563092,-3.995468975306));
#5621 = CARTESIAN_POINT('',(7.39379801522,-3.994242017435));
#5622 = CARTESIAN_POINT('',(7.339709290312,-3.992929085639));
#5623 = CARTESIAN_POINT('',(7.286460481821,-3.991550125345));
#5624 = CARTESIAN_POINT('',(7.234063784466,-3.990124804742));
#5625 = CARTESIAN_POINT('',(7.18253342511,-3.988672114879));
#5626 = CARTESIAN_POINT('',(7.131901107214,-3.987210548151));
#5627 = CARTESIAN_POINT('',(7.082038820465,-3.985752731838));
#5628 = CARTESIAN_POINT('',(7.032911322137,-3.984312607965));
#5629 = CARTESIAN_POINT('',(6.984472198204,-3.982902575546));
#5630 = CARTESIAN_POINT('',(6.936680769558,-3.981533998397));
#5631 = CARTESIAN_POINT('',(6.889494842418,-3.980217030447));
#5632 = CARTESIAN_POINT('',(6.842860764162,-3.978960430349));
#5633 = CARTESIAN_POINT('',(6.796733423047,-3.977772201921));
#5634 = CARTESIAN_POINT('',(6.751067892963,-3.976659421963));
#5635 = CARTESIAN_POINT('',(6.705821055429,-3.975628354936));
#5636 = CARTESIAN_POINT('',(6.66095080944,-3.974684493633));
#5637 = CARTESIAN_POINT('',(6.616415976593,-3.97383261649));
#5638 = CARTESIAN_POINT('',(6.57217605864,-3.973076836786));
#5639 = CARTESIAN_POINT('',(6.528191057666,-3.972420649926));
#5640 = CARTESIAN_POINT('',(6.484421310688,-3.97186697664));
#5641 = CARTESIAN_POINT('',(6.440827275176,-3.971418202427));
#5642 = CARTESIAN_POINT('',(6.397369525847,-3.971076211949));
#5643 = CARTESIAN_POINT('',(6.35400794734,-3.97084242108));
#5644 = CARTESIAN_POINT('',(6.310703890934,-3.970717794934));
#5645 = CARTESIAN_POINT('',(6.267411209462,-3.97070289374));
#5646 = CARTESIAN_POINT('',(6.224119854855,-3.970797777271));
#5647 = CARTESIAN_POINT('',(6.180787224887,-3.971001962407));
#5648 = CARTESIAN_POINT('',(6.137371424607,-3.971314586514));
#5649 = CARTESIAN_POINT('',(6.093831379218,-3.971734352878));
#5650 = CARTESIAN_POINT('',(6.050126514396,-3.972259514116));
#5651 = CARTESIAN_POINT('',(6.006216575569,-3.97288783797));
#5652 = CARTESIAN_POINT('',(5.962061428945,-3.973616571094));
#5653 = CARTESIAN_POINT('',(5.917620881376,-3.974442397352));
#5654 = CARTESIAN_POINT('',(5.872854502965,-3.975361392239));
#5655 = CARTESIAN_POINT('',(5.827721449743,-3.976368973778));
#5656 = CARTESIAN_POINT('',(5.78218027811,-3.977459850204));
#5657 = CARTESIAN_POINT('',(5.736188746461,-3.978627966131));
#5658 = CARTESIAN_POINT('',(5.689703584554,-3.979866443443));
#5659 = CARTESIAN_POINT('',(5.642680261322,-3.981167533552));
#5660 = CARTESIAN_POINT('',(5.595072590575,-3.982522521566));
#5661 = CARTESIAN_POINT('',(5.546832723687,-3.983921806819));
#5662 = CARTESIAN_POINT('',(5.514217192303,-3.984876818778));
#5663 = CARTESIAN_POINT('',(5.497787143782,-3.985358089154));
#5664 = ( GEOMETRIC_REPRESENTATION_CONTEXT(2) 
PARAMETRIC_REPRESENTATION_CONTEXT() REPRESENTATION_CONTEXT('2D SPACE',''
  ) );
#5665 = ORIENTED_EDGE('',*,*,#5666,.F.);
#5666 = EDGE_CURVE('',#5667,#5533,#5669,.T.);
#5667 = VERTEX_POINT('',#5668);
#5668 = CARTESIAN_POINT('',(-81.41333099291,-47.58528697651,14.57));
#5669 = SURFACE_CURVE('',#5670,(#5675,#5685),.PCURVE_S1.);
#5670 = ELLIPSE('',#5671,133.36033893178,94.3);
#5671 = AXIS2_PLACEMENT_3D('',#5672,#5673,#5674);
#5672 = CARTESIAN_POINT('',(0.,-2.359402231217E-16,15.073401871577));
#5673 = DIRECTION('',(0.353553390593,-0.612372435696,0.707106781187));
#5674 = DIRECTION('',(-0.353553390593,0.612372435696,0.707106781187));
#5675 = PCURVE('',#5282,#5676);
#5676 = DEFINITIONAL_REPRESENTATION('',(#5677),#5684);
#5677 = B_SPLINE_CURVE_WITH_KNOTS('',5,(#5678,#5679,#5680,#5681,#5682,
    #5683),.UNSPECIFIED.,.F.,.F.,(6,6),(1.574906327392,1.589647187053),
  .PIECEWISE_BEZIER_KNOTS.);
#5678 = CARTESIAN_POINT('',(-2.613883877394,5.185829906421));
#5679 = CARTESIAN_POINT('',(-2.610935705462,4.907819641329));
#5680 = CARTESIAN_POINT('',(-2.60798753353,4.629813587069));
#5681 = CARTESIAN_POINT('',(-2.605039361598,4.351816777781));
#5682 = CARTESIAN_POINT('',(-2.602091189666,4.073834247451));
#5683 = CARTESIAN_POINT('',(-2.599143017734,3.795871029367));
#5684 = ( GEOMETRIC_REPRESENTATION_CONTEXT(2) 
PARAMETRIC_REPRESENTATION_CONTEXT() REPRESENTATION_CONTEXT('2D SPACE',''
  ) );
#5685 = PCURVE('',#4096,#5686);
#5686 = DEFINITIONAL_REPRESENTATION('',(#5687),#5691);
#5687 = ELLIPSE('',#5688,133.36033893178,94.3);
#5688 = AXIS2_PLACEMENT_2D('',#5689,#5690);
#5689 = CARTESIAN_POINT('',(-0.711917754108,90.3));
#5690 = DIRECTION('',(-1.,-4.329780281177E-17));
#5691 = ( GEOMETRIC_REPRESENTATION_CONTEXT(2) 
PARAMETRIC_REPRESENTATION_CONTEXT() REPRESENTATION_CONTEXT('2D SPACE',''
  ) );
#5692 = ORIENTED_EDGE('',*,*,#5693,.F.);
#5693 = EDGE_CURVE('',#5694,#5667,#5696,.T.);
#5694 = VERTEX_POINT('',#5695);
#5695 = CARTESIAN_POINT('',(-81.91673286449,-46.71336935832,14.57));
#5696 = SURFACE_CURVE('',#5697,(#5702,#5709),.PCURVE_S1.);
#5697 = CIRCLE('',#5698,94.3);
#5698 = AXIS2_PLACEMENT_3D('',#5699,#5700,#5701);
#5699 = CARTESIAN_POINT('',(0.,-2.975891721928E-16,14.57));
#5700 = DIRECTION('',(-0.,1.224646799147E-16,1.));
#5701 = DIRECTION('',(1.,0.,0.));
#5702 = PCURVE('',#5282,#5703);
#5703 = DEFINITIONAL_REPRESENTATION('',(#5704),#5708);
#5704 = LINE('',#5705,#5706);
#5705 = CARTESIAN_POINT('',(-6.28318530718,5.07));
#5706 = VECTOR('',#5707,1.);
#5707 = DIRECTION('',(1.,-0.));
#5708 = ( GEOMETRIC_REPRESENTATION_CONTEXT(2) 
PARAMETRIC_REPRESENTATION_CONTEXT() REPRESENTATION_CONTEXT('2D SPACE',''
  ) );
#5709 = PCURVE('',#4356,#5710);
#5710 = DEFINITIONAL_REPRESENTATION('',(#5711),#5715);
#5711 = CIRCLE('',#5712,94.3);
#5712 = AXIS2_PLACEMENT_2D('',#5713,#5714);
#5713 = CARTESIAN_POINT('',(0.503401871577,90.3));
#5714 = DIRECTION('',(0.5,0.866025403784));
#5715 = ( GEOMETRIC_REPRESENTATION_CONTEXT(2) 
PARAMETRIC_REPRESENTATION_CONTEXT() REPRESENTATION_CONTEXT('2D SPACE',''
  ) );
#5716 = ORIENTED_EDGE('',*,*,#5717,.F.);
#5717 = EDGE_CURVE('',#5718,#5694,#5720,.T.);
#5718 = VERTEX_POINT('',#5719);
#5719 = CARTESIAN_POINT('',(-82.48436577801,-45.70360382069,
    13.411700935788));
#5720 = SURFACE_CURVE('',#5721,(#5726,#5736),.PCURVE_S1.);
#5721 = ELLIPSE('',#5722,133.36033893178,94.3);
#5722 = AXIS2_PLACEMENT_3D('',#5723,#5724,#5725);
#5723 = CARTESIAN_POINT('',(0.,-2.359402231217E-16,15.073401871577));
#5724 = DIRECTION('',(-0.353553390593,0.612372435696,0.707106781187));
#5725 = DIRECTION('',(0.353553390593,-0.612372435696,0.707106781187));
#5726 = PCURVE('',#5282,#5727);
#5727 = DEFINITIONAL_REPRESENTATION('',(#5728),#5735);
#5728 = B_SPLINE_CURVE_WITH_KNOTS('',5,(#5729,#5730,#5731,#5732,#5733,
    #5734),.UNSPECIFIED.,.F.,.F.,(6,6),(4.693538120127,4.708278979788),
  .PIECEWISE_BEZIER_KNOTS.);
#5729 = CARTESIAN_POINT('',(-2.636844738249,3.795871029367));
#5730 = CARTESIAN_POINT('',(-2.633896566317,4.073834247451));
#5731 = CARTESIAN_POINT('',(-2.630948394385,4.351816777781));
#5732 = CARTESIAN_POINT('',(-2.628000222453,4.629813587069));
#5733 = CARTESIAN_POINT('',(-2.625052050521,4.907819641329));
#5734 = CARTESIAN_POINT('',(-2.622103878589,5.185829906421));
#5735 = ( GEOMETRIC_REPRESENTATION_CONTEXT(2) 
PARAMETRIC_REPRESENTATION_CONTEXT() REPRESENTATION_CONTEXT('2D SPACE',''
  ) );
#5736 = PCURVE('',#4329,#5737);
#5737 = DEFINITIONAL_REPRESENTATION('',(#5738),#5742);
#5738 = ELLIPSE('',#5739,133.36033893178,94.3);
#5739 = AXIS2_PLACEMENT_2D('',#5740,#5741);
#5740 = CARTESIAN_POINT('',(2.35,90.3));
#5741 = DIRECTION('',(1.,6.772449965074E-17));
#5742 = ( GEOMETRIC_REPRESENTATION_CONTEXT(2) 
PARAMETRIC_REPRESENTATION_CONTEXT() REPRESENTATION_CONTEXT('2D SPACE',''
  ) );
#5743 = ORIENTED_EDGE('',*,*,#5744,.T.);
#5744 = EDGE_CURVE('',#5718,#5745,#5747,.T.);
#5745 = VERTEX_POINT('',#5746);
#5746 = CARTESIAN_POINT('',(-82.00319979162,-46.56141346581,9.5));
#5747 = SURFACE_CURVE('',#5748,(#5775,#5826),.PCURVE_S1.);
#5748 = B_SPLINE_CURVE_WITH_KNOTS('',7,(#5749,#5750,#5751,#5752,#5753,
    #5754,#5755,#5756,#5757,#5758,#5759,#5760,#5761,#5762,#5763,#5764,
    #5765,#5766,#5767,#5768,#5769,#5770,#5771,#5772,#5773,#5774),
  .UNSPECIFIED.,.F.,.F.,(8,6,6,6,8),(0.,1.,1.831192243813,2.10828749385,
    2.533916097439),.UNSPECIFIED.);
#5749 = CARTESIAN_POINT('',(-82.48436577801,-45.70360382069,
    13.411700935788));
#5750 = CARTESIAN_POINT('',(-82.58285590162,-45.52585207461,
    13.20851834631));
#5751 = CARTESIAN_POINT('',(-82.66259602676,-45.38088549974,
    12.985134585719));
#5752 = CARTESIAN_POINT('',(-82.72475789114,-45.26729507571,
    12.748762894377));
#5753 = CARTESIAN_POINT('',(-82.77050571699,-45.18343040326,
    12.504098125696));
#5754 = CARTESIAN_POINT('',(-82.80070191308,-45.12798199612,
    12.25450305157));
#5755 = CARTESIAN_POINT('',(-82.81583307389,-45.10019725318,
    12.002402956383));
#5756 = CARTESIAN_POINT('',(-82.81583307389,-45.10019725318,
    11.540204620339));
#5757 = CARTESIAN_POINT('',(-82.80537943704,-45.11939287829,
    11.330533831701));
#5758 = CARTESIAN_POINT('',(-82.78449363856,-45.15774472056,
    11.122316874794));
#5759 = CARTESIAN_POINT('',(-82.75295850276,-45.21558474686,
    10.916987298304));
#5760 = CARTESIAN_POINT('',(-82.71036156398,-45.29353782815,
    10.716295652499));
#5761 = CARTESIAN_POINT('',(-82.65613326184,-45.39242925384,
    10.522559236575));
#5762 = CARTESIAN_POINT('',(-82.56742875252,-45.55339527095,
    10.277823332325));
#5763 = CARTESIAN_POINT('',(-82.54388149122,-45.59607075032,
    10.217759697101));
#5764 = CARTESIAN_POINT('',(-82.51894263419,-45.64120551515,
    10.158950546949));
#5765 = CARTESIAN_POINT('',(-82.49259090127,-45.68882501018,
    10.101537765511));
#5766 = CARTESIAN_POINT('',(-82.46480622009,-45.73895112955,
    10.045676323025));
#5767 = CARTESIAN_POINT('',(-82.43556988116,-45.79160192706,
    9.991534461434));
#5768 = CARTESIAN_POINT('',(-82.35770038279,-45.93156429499,
    9.859050403827));
#5769 = CARTESIAN_POINT('',(-82.30697676903,-46.02249516844,
    9.783133750295));
#5770 = CARTESIAN_POINT('',(-82.25273871901,-46.11944047446,
    9.71246010252));
#5771 = CARTESIAN_POINT('',(-82.19507738422,-46.22216792044,
    9.647930816761));
#5772 = CARTESIAN_POINT('',(-82.1341321214,-46.33035761237,
    9.590432408398));
#5773 = CARTESIAN_POINT('',(-82.07009241369,-46.44360327399,
    9.540836538435));
#5774 = CARTESIAN_POINT('',(-82.00319979162,-46.56141346581,9.5));
#5775 = PCURVE('',#5282,#5776);
#5776 = DEFINITIONAL_REPRESENTATION('',(#5777),#5825);
#5777 = B_SPLINE_CURVE_WITH_KNOTS('',3,(#5778,#5779,#5780,#5781,#5782,
    #5783,#5784,#5785,#5786,#5787,#5788,#5789,#5790,#5791,#5792,#5793,
    #5794,#5795,#5796,#5797,#5798,#5799,#5800,#5801,#5802,#5803,#5804,
    #5805,#5806,#5807,#5808,#5809,#5810,#5811,#5812,#5813,#5814,#5815,
    #5816,#5817,#5818,#5819,#5820,#5821,#5822,#5823,#5824),
  .UNSPECIFIED.,.F.,.F.,(4,1,1,1,1,1,1,1,1,1,1,1,1,1,1,1,1,1,1,1,1,1,1,1
    ,1,1,1,1,1,1,1,1,1,1,1,1,1,1,1,1,1,1,1,1,4),(0.,5.758900221451E-02,
    0.115178004429,0.172767006644,0.230356008858,0.287945011073,
    0.345534013287,0.403123015502,0.460712017716,0.518301019931,
    0.575890022145,0.63347902436,0.691068026574,0.748657028789,
    0.806246031003,0.863835033218,0.921424035432,0.979013037647,
    1.036602039861,1.094191042076,1.15178004429,1.209369046505,
    1.266958048719,1.324547050934,1.382136053148,1.439725055363,
    1.497314057577,1.554903059792,1.612492062006,1.670081064221,
    1.727670066435,1.78525906865,1.842848070864,1.900437073079,
    1.958026075293,2.015615077508,2.073204079722,2.130793081937,
    2.188382084152,2.245971086366,2.303560088581,2.361149090795,
    2.41873809301,2.476327095224,2.533916097439),.QUASI_UNIFORM_KNOTS.);
#5778 = CARTESIAN_POINT('',(-2.635616220992,3.911700935788));
#5779 = CARTESIAN_POINT('',(-2.635905794961,3.884396650403));
#5780 = CARTESIAN_POINT('',(-2.636466345887,3.828856849543));
#5781 = CARTESIAN_POINT('',(-2.63725216479,3.743008158647));
#5782 = CARTESIAN_POINT('',(-2.637983759079,3.654883069297));
#5783 = CARTESIAN_POINT('',(-2.638661914019,3.564716555943));
#5784 = CARTESIAN_POINT('',(-2.639287404696,3.472727510032));
#5785 = CARTESIAN_POINT('',(-2.639860988461,3.379117526189));
#5786 = CARTESIAN_POINT('',(-2.640383396773,3.28407297605));
#5787 = CARTESIAN_POINT('',(-2.640855327874,3.187766088077));
#5788 = CARTESIAN_POINT('',(-2.641277439823,3.090356195522));
#5789 = CARTESIAN_POINT('',(-2.641650343943,2.991990856109));
#5790 = CARTESIAN_POINT('',(-2.641974598583,2.892806937619));
#5791 = CARTESIAN_POINT('',(-2.642250703131,2.792931659656));
#5792 = CARTESIAN_POINT('',(-2.642479092259,2.692483606943));
#5793 = CARTESIAN_POINT('',(-2.642660130187,2.591573733046));
#5794 = CARTESIAN_POINT('',(-2.642794105413,2.490306334223));
#5795 = CARTESIAN_POINT('',(-2.642881223976,2.3887801263));
#5796 = CARTESIAN_POINT('',(-2.642921608187,2.287088983894));
#5797 = CARTESIAN_POINT('',(-2.642915274591,2.185324042388));
#5798 = CARTESIAN_POINT('',(-2.642862213844,2.083653761876));
#5799 = CARTESIAN_POINT('',(-2.642762365875,1.98216073112));
#5800 = CARTESIAN_POINT('',(-2.642615577706,1.880947552405));
#5801 = CARTESIAN_POINT('',(-2.642421618685,1.78011674302));
#5802 = CARTESIAN_POINT('',(-2.642180181549,1.679777295956));
#5803 = CARTESIAN_POINT('',(-2.641890887423,1.580044134254));
#5804 = CARTESIAN_POINT('',(-2.641553289919,1.481039509056));
#5805 = CARTESIAN_POINT('',(-2.64116687966,1.382893921452));
#5806 = CARTESIAN_POINT('',(-2.640731088845,1.285747212409));
#5807 = CARTESIAN_POINT('',(-2.640245296196,1.189749678285));
#5808 = CARTESIAN_POINT('',(-2.639708831338,1.09506315238));
#5809 = CARTESIAN_POINT('',(-2.639120982208,1.001862447943));
#5810 = CARTESIAN_POINT('',(-2.638480992131,0.910335655203));
#5811 = CARTESIAN_POINT('',(-2.637788096479,0.820688941518));
#5812 = CARTESIAN_POINT('',(-2.637041401429,0.733133378266));
#5813 = CARTESIAN_POINT('',(-2.636240205553,0.647924425743));
#5814 = CARTESIAN_POINT('',(-2.63538390893,0.565341212645));
#5815 = CARTESIAN_POINT('',(-2.634471903285,0.485678917666));
#5816 = CARTESIAN_POINT('',(-2.633503891214,0.409268555644));
#5817 = CARTESIAN_POINT('',(-2.632478094005,0.33635834936));
#5818 = CARTESIAN_POINT('',(-2.63139573309,0.26743761808));
#5819 = CARTESIAN_POINT('',(-2.630258145317,0.202970619816));
#5820 = CARTESIAN_POINT('',(-2.629067012653,0.1434230586));
#5821 = CARTESIAN_POINT('',(-2.627824309784,8.925484799331E-02));
#5822 = CARTESIAN_POINT('',(-2.626532282944,4.092254052832E-02));
#5823 = CARTESIAN_POINT('',(-2.625639818313,1.289207162555E-02));
#5824 = CARTESIAN_POINT('',(-2.625186230545,3.996802888651E-14));
#5825 = ( GEOMETRIC_REPRESENTATION_CONTEXT(2) 
PARAMETRIC_REPRESENTATION_CONTEXT() REPRESENTATION_CONTEXT('2D SPACE',''
  ) );
#5826 = PCURVE('',#4231,#5827);
#5827 = DEFINITIONAL_REPRESENTATION('',(#5828),#5876);
#5828 = B_SPLINE_CURVE_WITH_KNOTS('',3,(#5829,#5830,#5831,#5832,#5833,
    #5834,#5835,#5836,#5837,#5838,#5839,#5840,#5841,#5842,#5843,#5844,
    #5845,#5846,#5847,#5848,#5849,#5850,#5851,#5852,#5853,#5854,#5855,
    #5856,#5857,#5858,#5859,#5860,#5861,#5862,#5863,#5864,#5865,#5866,
    #5867,#5868,#5869,#5870,#5871,#5872,#5873,#5874,#5875),
  .UNSPECIFIED.,.F.,.F.,(4,1,1,1,1,1,1,1,1,1,1,1,1,1,1,1,1,1,1,1,1,1,1,1
    ,1,1,1,1,1,1,1,1,1,1,1,1,1,1,1,1,1,1,1,1,4),(0.,5.758900221451E-02,
    0.115178004429,0.172767006644,0.230356008858,0.287945011073,
    0.345534013287,0.403123015502,0.460712017716,0.518301019931,
    0.575890022145,0.63347902436,0.691068026574,0.748657028789,
    0.806246031003,0.863835033218,0.921424035432,0.979013037647,
    1.036602039861,1.094191042076,1.15178004429,1.209369046505,
    1.266958048719,1.324547050934,1.382136053148,1.439725055363,
    1.497314057577,1.554903059792,1.612492062006,1.670081064221,
    1.727670066435,1.78525906865,1.842848070864,1.900437073079,
    1.958026075293,2.015615077508,2.073204079722,2.130793081937,
    2.188382084152,2.245971086366,2.303560088581,2.361149090795,
    2.41873809301,2.476327095224,2.533916097439),.QUASI_UNIFORM_KNOTS.);
#5829 = CARTESIAN_POINT('',(10.210176124167,-3.985358089154));
#5830 = CARTESIAN_POINT('',(10.19374586974,-3.9848768128));
#5831 = CARTESIAN_POINT('',(10.161129954161,-3.983921789996));
#5832 = CARTESIAN_POINT('',(10.112889707491,-3.982522494497));
#5833 = CARTESIAN_POINT('',(10.065282021519,-3.981167506392));
#5834 = CARTESIAN_POINT('',(10.018259025292,-3.979866425437));
#5835 = CARTESIAN_POINT('',(9.971774469364,-3.978627964299));
#5836 = CARTESIAN_POINT('',(9.925783738466,-3.977459868472));
#5837 = CARTESIAN_POINT('',(9.880243488476,-3.976369012983));
#5838 = CARTESIAN_POINT('',(9.83511142162,-3.975361450523));
#5839 = CARTESIAN_POINT('',(9.790346052981,-3.974442470772));
#5840 = CARTESIAN_POINT('',(9.745906500633,-3.973616654277));
#5841 = CARTESIAN_POINT('',(9.701752285444,-3.972887924722));
#5842 = CARTESIAN_POINT('',(9.657843140722,-3.972259597951));
#5843 = CARTESIAN_POINT('',(9.614138827985,-3.971734427495));
#5844 = CARTESIAN_POINT('',(9.570598961086,-3.971314646322));
#5845 = CARTESIAN_POINT('',(9.527182823832,-3.971002003211));
#5846 = CARTESIAN_POINT('',(9.483849229638,-3.970797797506));
#5847 = CARTESIAN_POINT('',(9.440556234631,-3.970702895871));
#5848 = CARTESIAN_POINT('',(9.397261398438,-3.970717789865));
#5849 = CARTESIAN_POINT('',(9.353955275418,-3.970842419539));
#5850 = CARTESIAN_POINT('',(9.310591601318,-3.971076224422));
#5851 = CARTESIAN_POINT('',(9.267131751422,-3.971418239295));
#5852 = CARTESIAN_POINT('',(9.223535596669,-3.971867048033));
#5853 = CARTESIAN_POINT('',(9.179763708213,-3.972420765648));
#5854 = CARTESIAN_POINT('',(9.135776537227,-3.973077006206));
#5855 = CARTESIAN_POINT('',(9.091534415097,-3.973832848435));
#5856 = CARTESIAN_POINT('',(9.046997337975,-3.974684796267));
#5857 = CARTESIAN_POINT('',(9.002124801584,-3.975628735625));
#5858 = CARTESIAN_POINT('',(8.956875621288,-3.976659887134));
#5859 = CARTESIAN_POINT('',(8.911207689562,-3.977772756903));
#5860 = CARTESIAN_POINT('',(8.865077881204,-3.978961079198));
#5861 = CARTESIAN_POINT('',(8.818441262503,-3.980217775773));
#5862 = CARTESIAN_POINT('',(8.771252715343,-3.981534841112));
#5863 = CARTESIAN_POINT('',(8.723458569185,-3.982903514962));
#5864 = CARTESIAN_POINT('',(8.675016665708,-3.984313640031));
#5865 = CARTESIAN_POINT('',(8.625886191466,-3.985753853606));
#5866 = CARTESIAN_POINT('',(8.576021192699,-3.987211740986));
#5867 = CARTESIAN_POINT('',(8.525384672241,-3.988673405782));
#5868 = CARTESIAN_POINT('',(8.47385966339,-3.990125907204));
#5869 = CARTESIAN_POINT('',(8.421473887427,-3.991550889129));
#5870 = CARTESIAN_POINT('',(8.368238433043,-3.992929468941));
#5871 = CARTESIAN_POINT('',(8.314162400288,-3.994242075879));
#5872 = CARTESIAN_POINT('',(8.259248951751,-3.99546883584));
#5873 = CARTESIAN_POINT('',(8.203497007765,-3.996589752431));
#5874 = CARTESIAN_POINT('',(8.165764544009,-3.997253355193));
#5875 = CARTESIAN_POINT('',(8.146756152563,-3.997560944067));
#5876 = ( GEOMETRIC_REPRESENTATION_CONTEXT(2) 
PARAMETRIC_REPRESENTATION_CONTEXT() REPRESENTATION_CONTEXT('2D SPACE',''
  ) );
#5877 = ORIENTED_EDGE('',*,*,#5878,.T.);
#5878 = EDGE_CURVE('',#5745,#5879,#5881,.T.);
#5879 = VERTEX_POINT('',#5880);
#5880 = CARTESIAN_POINT('',(-82.00319979162,46.56141346581,9.5));
#5881 = SURFACE_CURVE('',#5882,(#5887,#5894),.PCURVE_S1.);
#5882 = CIRCLE('',#5883,94.3);
#5883 = AXIS2_PLACEMENT_3D('',#5884,#5885,#5886);
#5884 = CARTESIAN_POINT('',(0.,-9.184850993605E-16,9.5));
#5885 = DIRECTION('',(0.,-1.224646799147E-16,-1.));
#5886 = DIRECTION('',(1.,0.,0.));
#5887 = PCURVE('',#5282,#5888);
#5888 = DEFINITIONAL_REPRESENTATION('',(#5889),#5893);
#5889 = LINE('',#5890,#5891);
#5890 = CARTESIAN_POINT('',(-0.,0.));
#5891 = VECTOR('',#5892,1.);
#5892 = DIRECTION('',(-1.,0.));
#5893 = ( GEOMETRIC_REPRESENTATION_CONTEXT(2) 
PARAMETRIC_REPRESENTATION_CONTEXT() REPRESENTATION_CONTEXT('2D SPACE',''
  ) );
#5894 = PCURVE('',#5520,#5895);
#5895 = DEFINITIONAL_REPRESENTATION('',(#5896),#5900);
#5896 = LINE('',#5897,#5898);
#5897 = CARTESIAN_POINT('',(-0.,6.28318530718));
#5898 = VECTOR('',#5899,1.);
#5899 = DIRECTION('',(-1.,0.));
#5900 = ( GEOMETRIC_REPRESENTATION_CONTEXT(2) 
PARAMETRIC_REPRESENTATION_CONTEXT() REPRESENTATION_CONTEXT('2D SPACE',''
  ) );
#5901 = ORIENTED_EDGE('',*,*,#5902,.T.);
#5902 = EDGE_CURVE('',#5879,#5903,#5905,.T.);
#5903 = VERTEX_POINT('',#5904);
#5904 = CARTESIAN_POINT('',(-82.48436577801,45.703603820692,
    13.411700935788));
#5905 = SURFACE_CURVE('',#5906,(#5933,#5984),.PCURVE_S1.);
#5906 = B_SPLINE_CURVE_WITH_KNOTS('',7,(#5907,#5908,#5909,#5910,#5911,
    #5912,#5913,#5914,#5915,#5916,#5917,#5918,#5919,#5920,#5921,#5922,
    #5923,#5924,#5925,#5926,#5927,#5928,#5929,#5930,#5931,#5932),
  .UNSPECIFIED.,.F.,.F.,(8,6,6,6,8),(0.,0.277445545739,0.458099254148,
    0.999999417452,1.651920361556),.UNSPECIFIED.);
#5907 = CARTESIAN_POINT('',(-82.00319979162,46.56141346581,9.5));
#5908 = CARTESIAN_POINT('',(-82.0700694613,46.443643697365,
    9.540822526486));
#5909 = CARTESIAN_POINT('',(-82.13410560027,46.330404642657,
    9.590409099614));
#5910 = CARTESIAN_POINT('',(-82.195058786,46.22220112566,9.647908348993)
  );
#5911 = CARTESIAN_POINT('',(-82.25273243744,46.119451803406,
    9.712448531153));
#5912 = CARTESIAN_POINT('',(-82.30698099095,46.022487654318,
    9.783137636021));
#5913 = CARTESIAN_POINT('',(-82.35770807639,45.931550466552,
    9.859063493407));
#5914 = CARTESIAN_POINT('',(-82.43556988116,45.791601927063,
    9.991534461434));
#5915 = CARTESIAN_POINT('',(-82.46480622009,45.738951129558,
    10.045676323025));
#5916 = CARTESIAN_POINT('',(-82.49259090127,45.688825010181,
    10.101537765511));
#5917 = CARTESIAN_POINT('',(-82.51894263419,45.641205515152,
    10.158950546949));
#5918 = CARTESIAN_POINT('',(-82.54388149122,45.596070750324,
    10.217759697101));
#5919 = CARTESIAN_POINT('',(-82.56742875252,45.553395270959,
    10.277823332325));
#5920 = CARTESIAN_POINT('',(-82.65613326184,45.392429253849,
    10.522559236575));
#5921 = CARTESIAN_POINT('',(-82.71036156398,45.293537828151,
    10.716295652499));
#5922 = CARTESIAN_POINT('',(-82.75295850276,45.215584746863,
    10.916987298304));
#5923 = CARTESIAN_POINT('',(-82.78449363856,45.157744720565,
    11.122316874794));
#5924 = CARTESIAN_POINT('',(-82.80537943704,45.119392878295,
    11.330533831701));
#5925 = CARTESIAN_POINT('',(-82.81583307389,45.100197253187,
    11.540204620339));
#5926 = CARTESIAN_POINT('',(-82.81583307389,45.100197253187,
    12.002389667395));
#5927 = CARTESIAN_POINT('',(-82.80070413355,45.127977935712,
    12.254483836575));
#5928 = CARTESIAN_POINT('',(-82.77050621732,45.183429434818,
    12.504100364701));
#5929 = CARTESIAN_POINT('',(-82.72476058712,45.267290221386,
    12.748755710227));
#5930 = CARTESIAN_POINT('',(-82.66259322562,45.380890599306,
    12.985144077101));
#5931 = CARTESIAN_POINT('',(-82.58285431998,45.52585492911,
    13.208521609201));
#5932 = CARTESIAN_POINT('',(-82.48436577801,45.703603820692,
    13.411700935788));
#5933 = PCURVE('',#5282,#5934);
#5934 = DEFINITIONAL_REPRESENTATION('',(#5935),#5983);
#5935 = B_SPLINE_CURVE_WITH_KNOTS('',3,(#5936,#5937,#5938,#5939,#5940,
    #5941,#5942,#5943,#5944,#5945,#5946,#5947,#5948,#5949,#5950,#5951,
    #5952,#5953,#5954,#5955,#5956,#5957,#5958,#5959,#5960,#5961,#5962,
    #5963,#5964,#5965,#5966,#5967,#5968,#5969,#5970,#5971,#5972,#5973,
    #5974,#5975,#5976,#5977,#5978,#5979,#5980,#5981,#5982),
  .UNSPECIFIED.,.F.,.F.,(4,1,1,1,1,1,1,1,1,1,1,1,1,1,1,1,1,1,1,1,1,1,1,1
    ,1,1,1,1,1,1,1,1,1,1,1,1,1,1,1,1,1,1,1,1,4),(0.,3.754364458082E-02,
    7.508728916163E-02,0.112630933742,0.150174578323,0.187718222904,
    0.225261867485,0.262805512066,0.300349156647,0.337892801227,
    0.375436445808,0.412980090389,0.45052373497,0.488067379551,
    0.525611024131,0.563154668712,0.600698313293,0.638241957874,
    0.675785602455,0.713329247036,0.750872891616,0.788416536197,
    0.825960180778,0.863503825359,0.90104746994,0.93859111452,
    0.976134759101,1.013678403682,1.051222048263,1.088765692844,
    1.126309337424,1.163852982005,1.201396626586,1.238940271167,
    1.276483915748,1.314027560329,1.351571204909,1.38911484949,
    1.426658494071,1.464202138652,1.501745783233,1.539289427813,
    1.576833072394,1.614376716975,1.651920361556),
  .QUASI_UNIFORM_KNOTS.);
#5936 = CARTESIAN_POINT('',(-3.657999076634,1.207922650792E-13));
#5937 = CARTESIAN_POINT('',(-3.657545592006,1.288900128371E-02));
#5938 = CARTESIAN_POINT('',(-3.656653232421,4.091554206119E-02));
#5939 = CARTESIAN_POINT('',(-3.655361139444,8.924879670091E-02));
#5940 = CARTESIAN_POINT('',(-3.654118228503,0.143425599027));
#5941 = CARTESIAN_POINT('',(-3.652926821365,0.202988089456));
#5942 = CARTESIAN_POINT('',(-3.651788963531,0.26747370551));
#5943 = CARTESIAN_POINT('',(-3.650706402811,0.336412450436));
#5944 = CARTESIAN_POINT('',(-3.649680534226,0.40933463086));
#5945 = CARTESIAN_POINT('',(-3.648712638543,0.485742710611));
#5946 = CARTESIAN_POINT('',(-3.647800715412,0.565404010415));
#5947 = CARTESIAN_POINT('',(-3.646944503063,0.647985207225));
#5948 = CARTESIAN_POINT('',(-3.646143383701,0.733191817293));
#5949 = CARTESIAN_POINT('',(-3.645396760041,0.820744592105));
#5950 = CARTESIAN_POINT('',(-3.644703929911,0.910388182818));
#5951 = CARTESIAN_POINT('',(-3.644063999825,1.001911548016));
#5952 = CARTESIAN_POINT('',(-3.643476205245,1.09510855979));
#5953 = CARTESIAN_POINT('',(-3.642939789635,1.189791162308));
#5954 = CARTESIAN_POINT('',(-3.64245404105,1.285784573779));
#5955 = CARTESIAN_POINT('',(-3.642018289232,1.382926989278));
#5956 = CARTESIAN_POINT('',(-3.641631913011,1.48106813815));
#5957 = CARTESIAN_POINT('',(-3.641294344685,1.580068202764));
#5958 = CARTESIAN_POINT('',(-3.641005074968,1.679796703134));
#5959 = CARTESIAN_POINT('',(-3.64076365755,1.780131407831));
#5960 = CARTESIAN_POINT('',(-3.640569713622,1.880957410218));
#5961 = CARTESIAN_POINT('',(-3.640422935977,1.982165738773));
#5962 = CARTESIAN_POINT('',(-3.640323093997,2.083653872646));
#5963 = CARTESIAN_POINT('',(-3.640270034741,2.185319294367));
#5964 = CARTESIAN_POINT('',(-3.640263698103,2.287079166194));
#5965 = CARTESIAN_POINT('',(-3.640304074372,2.388766477471));
#5966 = CARTESIAN_POINT('',(-3.640391184061,2.490290482387));
#5967 = CARTESIAN_POINT('',(-3.64052515114,2.591557180151));
#5968 = CARTESIAN_POINT('',(-3.640706182644,2.692467581102));
#5969 = CARTESIAN_POINT('',(-3.640934567563,2.792917043948));
#5970 = CARTESIAN_POINT('',(-3.64121067041,2.892794291395));
#5971 = CARTESIAN_POINT('',(-3.64153492603,2.99198047336));
#5972 = CARTESIAN_POINT('',(-3.641907833866,3.090348174999));
#5973 = CARTESIAN_POINT('',(-3.64232995212,3.187760392737));
#5974 = CARTESIAN_POINT('',(-3.642801891673,3.284069469569));
#5975 = CARTESIAN_POINT('',(-3.643324309763,3.379115982637));
#5976 = CARTESIAN_POINT('',(-3.643897903396,3.472727601131));
#5977 = CARTESIAN_POINT('',(-3.644523402452,3.56471783052));
#5978 = CARTESIAN_POINT('',(-3.645201562533,3.654884942383));
#5979 = CARTESIAN_POINT('',(-3.645933157257,3.743009957976));
#5980 = CARTESIAN_POINT('',(-3.646718970972,3.828857895056));
#5981 = CARTESIAN_POINT('',(-3.647279515785,3.884397000336));
#5982 = CARTESIAN_POINT('',(-3.647569086188,3.911700935788));
#5983 = ( GEOMETRIC_REPRESENTATION_CONTEXT(2) 
PARAMETRIC_REPRESENTATION_CONTEXT() REPRESENTATION_CONTEXT('2D SPACE',''
  ) );
#5984 = PCURVE('',#4531,#5985);
#5985 = DEFINITIONAL_REPRESENTATION('',(#5986),#6034);
#5986 = B_SPLINE_CURVE_WITH_KNOTS('',3,(#5987,#5988,#5989,#5990,#5991,
    #5992,#5993,#5994,#5995,#5996,#5997,#5998,#5999,#6000,#6001,#6002,
    #6003,#6004,#6005,#6006,#6007,#6008,#6009,#6010,#6011,#6012,#6013,
    #6014,#6015,#6016,#6017,#6018,#6019,#6020,#6021,#6022,#6023,#6024,
    #6025,#6026,#6027,#6028,#6029,#6030,#6031,#6032,#6033),
  .UNSPECIFIED.,.F.,.F.,(4,1,1,1,1,1,1,1,1,1,1,1,1,1,1,1,1,1,1,1,1,1,1,1
    ,1,1,1,1,1,1,1,1,1,1,1,1,1,1,1,1,1,1,1,1,4),(0.,3.754364458082E-02,
    7.508728916163E-02,0.112630933742,0.150174578323,0.187718222904,
    0.225261867485,0.262805512066,0.300349156647,0.337892801227,
    0.375436445808,0.412980090389,0.45052373497,0.488067379551,
    0.525611024131,0.563154668712,0.600698313293,0.638241957874,
    0.675785602455,0.713329247036,0.750872891616,0.788416536197,
    0.825960180778,0.863503825359,0.90104746994,0.93859111452,
    0.976134759101,1.013678403682,1.051222048263,1.088765692844,
    1.126309337424,1.163852982005,1.201396626586,1.238940271167,
    1.276483915748,1.314027560329,1.351571204909,1.38911484949,
    1.426658494071,1.464202138652,1.501745783233,1.539289427813,
    1.576833072394,1.614376716975,1.651920361556),
  .QUASI_UNIFORM_KNOTS.);
#5987 = CARTESIAN_POINT('',(7.561207115386,-3.997560944067));
#5988 = CARTESIAN_POINT('',(7.542203053557,-3.997253429053));
#5989 = CARTESIAN_POINT('',(7.504475128455,-3.996589917659));
#5990 = CARTESIAN_POINT('',(7.448720563133,-3.995468975307));
#5991 = CARTESIAN_POINT('',(7.39379801527,-3.994242017437));
#5992 = CARTESIAN_POINT('',(7.339709290378,-3.992929085641));
#5993 = CARTESIAN_POINT('',(7.286460481911,-3.991550125347));
#5994 = CARTESIAN_POINT('',(7.234063784581,-3.990124804746));
#5995 = CARTESIAN_POINT('',(7.182533425244,-3.988672114883));
#5996 = CARTESIAN_POINT('',(7.131901107339,-3.987210548155));
#5997 = CARTESIAN_POINT('',(7.082038820586,-3.985752731841));
#5998 = CARTESIAN_POINT('',(7.032911322252,-3.984312607968));
#5999 = CARTESIAN_POINT('',(6.984472198315,-3.982902575549));
#6000 = CARTESIAN_POINT('',(6.936680769663,-3.9815339984));
#6001 = CARTESIAN_POINT('',(6.889494842519,-3.980217030449));
#6002 = CARTESIAN_POINT('',(6.842860764258,-3.978960430352));
#6003 = CARTESIAN_POINT('',(6.79673342314,-3.977772201923));
#6004 = CARTESIAN_POINT('',(6.751067893052,-3.976659421965));
#6005 = CARTESIAN_POINT('',(6.705821055514,-3.975628354938));
#6006 = CARTESIAN_POINT('',(6.66095080952,-3.974684493635));
#6007 = CARTESIAN_POINT('',(6.61641597667,-3.973832616491));
#6008 = CARTESIAN_POINT('',(6.572176058714,-3.973076836787));
#6009 = CARTESIAN_POINT('',(6.528191057736,-3.972420649927));
#6010 = CARTESIAN_POINT('',(6.484421310755,-3.971866976641));
#6011 = CARTESIAN_POINT('',(6.44082727524,-3.971418202427));
#6012 = CARTESIAN_POINT('',(6.397369525908,-3.971076211949));
#6013 = CARTESIAN_POINT('',(6.354007947398,-3.97084242108));
#6014 = CARTESIAN_POINT('',(6.310703890988,-3.970717794934));
#6015 = CARTESIAN_POINT('',(6.267411209513,-3.97070289374));
#6016 = CARTESIAN_POINT('',(6.224119854904,-3.970797777271));
#6017 = CARTESIAN_POINT('',(6.180787224932,-3.971001962407));
#6018 = CARTESIAN_POINT('',(6.137371424649,-3.971314586514));
#6019 = CARTESIAN_POINT('',(6.093831379257,-3.971734352878));
#6020 = CARTESIAN_POINT('',(6.050126514433,-3.972259514116));
#6021 = CARTESIAN_POINT('',(6.006216575603,-3.97288783797));
#6022 = CARTESIAN_POINT('',(5.962061428976,-3.973616571093));
#6023 = CARTESIAN_POINT('',(5.917620881404,-3.974442397351));
#6024 = CARTESIAN_POINT('',(5.87285450299,-3.975361392238));
#6025 = CARTESIAN_POINT('',(5.827721449765,-3.976368973778));
#6026 = CARTESIAN_POINT('',(5.782180278129,-3.977459850204));
#6027 = CARTESIAN_POINT('',(5.736188746477,-3.97862796613));
#6028 = CARTESIAN_POINT('',(5.689703584567,-3.979866443442));
#6029 = CARTESIAN_POINT('',(5.642680261332,-3.981167533552));
#6030 = CARTESIAN_POINT('',(5.595072590582,-3.982522521566));
#6031 = CARTESIAN_POINT('',(5.54683272369,-3.983921806819));
#6032 = CARTESIAN_POINT('',(5.514217192304,-3.984876818778));
#6033 = CARTESIAN_POINT('',(5.497787143782,-3.985358089154));
#6034 = ( GEOMETRIC_REPRESENTATION_CONTEXT(2) 
PARAMETRIC_REPRESENTATION_CONTEXT() REPRESENTATION_CONTEXT('2D SPACE',''
  ) );
#6035 = ORIENTED_EDGE('',*,*,#6036,.F.);
#6036 = EDGE_CURVE('',#6037,#5903,#6039,.T.);
#6037 = VERTEX_POINT('',#6038);
#6038 = CARTESIAN_POINT('',(-81.91673286449,46.71336935832,14.57));
#6039 = SURFACE_CURVE('',#6040,(#6045,#6055),.PCURVE_S1.);
#6040 = ELLIPSE('',#6041,133.36033893178,94.3);
#6041 = AXIS2_PLACEMENT_3D('',#6042,#6043,#6044);
#6042 = CARTESIAN_POINT('',(0.,-2.359402231217E-16,15.073401871577));
#6043 = DIRECTION('',(-0.353553390593,-0.612372435696,0.707106781187));
#6044 = DIRECTION('',(0.353553390593,0.612372435696,0.707106781187));
#6045 = PCURVE('',#5282,#6046);
#6046 = DEFINITIONAL_REPRESENTATION('',(#6047),#6054);
#6047 = B_SPLINE_CURVE_WITH_KNOTS('',5,(#6048,#6049,#6050,#6051,#6052,
    #6053),.UNSPECIFIED.,.F.,.F.,(6,6),(1.574906327392,1.589647187053),
  .PIECEWISE_BEZIER_KNOTS.);
#6048 = CARTESIAN_POINT('',(-3.661081428591,5.185829906421));
#6049 = CARTESIAN_POINT('',(-3.658133256659,4.907819641329));
#6050 = CARTESIAN_POINT('',(-3.655185084727,4.629813587069));
#6051 = CARTESIAN_POINT('',(-3.652236912795,4.351816777781));
#6052 = CARTESIAN_POINT('',(-3.649288740863,4.073834247451));
#6053 = CARTESIAN_POINT('',(-3.64634056893,3.795871029367));
#6054 = ( GEOMETRIC_REPRESENTATION_CONTEXT(2) 
PARAMETRIC_REPRESENTATION_CONTEXT() REPRESENTATION_CONTEXT('2D SPACE',''
  ) );
#6055 = PCURVE('',#4396,#6056);
#6056 = DEFINITIONAL_REPRESENTATION('',(#6057),#6061);
#6057 = ELLIPSE('',#6058,133.36033893178,94.3);
#6058 = AXIS2_PLACEMENT_2D('',#6059,#6060);
#6059 = CARTESIAN_POINT('',(-0.711917754108,90.3));
#6060 = DIRECTION('',(-1.,-1.221334841948E-17));
#6061 = ( GEOMETRIC_REPRESENTATION_CONTEXT(2) 
PARAMETRIC_REPRESENTATION_CONTEXT() REPRESENTATION_CONTEXT('2D SPACE',''
  ) );
#6062 = ORIENTED_EDGE('',*,*,#6063,.F.);
#6063 = EDGE_CURVE('',#6064,#6037,#6066,.T.);
#6064 = VERTEX_POINT('',#6065);
#6065 = CARTESIAN_POINT('',(-81.41333099291,47.585286976517,14.57));
#6066 = SURFACE_CURVE('',#6067,(#6072,#6079),.PCURVE_S1.);
#6067 = CIRCLE('',#6068,94.3);
#6068 = AXIS2_PLACEMENT_3D('',#6069,#6070,#6071);
#6069 = CARTESIAN_POINT('',(0.,-2.975891721928E-16,14.57));
#6070 = DIRECTION('',(-0.,1.224646799147E-16,1.));
#6071 = DIRECTION('',(1.,0.,0.));
#6072 = PCURVE('',#5282,#6073);
#6073 = DEFINITIONAL_REPRESENTATION('',(#6074),#6078);
#6074 = LINE('',#6075,#6076);
#6075 = CARTESIAN_POINT('',(-6.28318530718,5.07));
#6076 = VECTOR('',#6077,1.);
#6077 = DIRECTION('',(1.,-0.));
#6078 = ( GEOMETRIC_REPRESENTATION_CONTEXT(2) 
PARAMETRIC_REPRESENTATION_CONTEXT() REPRESENTATION_CONTEXT('2D SPACE',''
  ) );
#6079 = PCURVE('',#4656,#6080);
#6080 = DEFINITIONAL_REPRESENTATION('',(#6081),#6085);
#6081 = CIRCLE('',#6082,94.3);
#6082 = AXIS2_PLACEMENT_2D('',#6083,#6084);
#6083 = CARTESIAN_POINT('',(0.503401871577,90.3));
#6084 = DIRECTION('',(-0.5,0.866025403784));
#6085 = ( GEOMETRIC_REPRESENTATION_CONTEXT(2) 
PARAMETRIC_REPRESENTATION_CONTEXT() REPRESENTATION_CONTEXT('2D SPACE',''
  ) );
#6086 = ORIENTED_EDGE('',*,*,#6087,.F.);
#6087 = EDGE_CURVE('',#6088,#6064,#6090,.T.);
#6088 = VERTEX_POINT('',#6089);
#6089 = CARTESIAN_POINT('',(-80.82266484222,48.581754268462,
    13.411700935788));
#6090 = SURFACE_CURVE('',#6091,(#6096,#6106),.PCURVE_S1.);
#6091 = ELLIPSE('',#6092,133.36033893178,94.3);
#6092 = AXIS2_PLACEMENT_3D('',#6093,#6094,#6095);
#6093 = CARTESIAN_POINT('',(0.,-2.359402231217E-16,15.073401871577));
#6094 = DIRECTION('',(0.353553390593,0.612372435696,0.707106781187));
#6095 = DIRECTION('',(-0.353553390593,-0.612372435696,0.707106781187));
#6096 = PCURVE('',#5282,#6097);
#6097 = DEFINITIONAL_REPRESENTATION('',(#6098),#6105);
#6098 = B_SPLINE_CURVE_WITH_KNOTS('',5,(#6099,#6100,#6101,#6102,#6103,
    #6104),.UNSPECIFIED.,.F.,.F.,(6,6),(4.693538120127,4.708278979788),
  .PIECEWISE_BEZIER_KNOTS.);
#6099 = CARTESIAN_POINT('',(-3.684042289446,3.795871029367));
#6100 = CARTESIAN_POINT('',(-3.681094117514,4.073834247451));
#6101 = CARTESIAN_POINT('',(-3.678145945582,4.351816777781));
#6102 = CARTESIAN_POINT('',(-3.675197773649,4.629813587069));
#6103 = CARTESIAN_POINT('',(-3.672249601717,4.907819641329));
#6104 = CARTESIAN_POINT('',(-3.669301429785,5.185829906421));
#6105 = ( GEOMETRIC_REPRESENTATION_CONTEXT(2) 
PARAMETRIC_REPRESENTATION_CONTEXT() REPRESENTATION_CONTEXT('2D SPACE',''
  ) );
#6106 = PCURVE('',#4629,#6107);
#6107 = DEFINITIONAL_REPRESENTATION('',(#6108),#6112);
#6108 = ELLIPSE('',#6109,133.36033893178,94.3);
#6109 = AXIS2_PLACEMENT_2D('',#6110,#6111);
#6110 = CARTESIAN_POINT('',(2.35,90.3));
#6111 = DIRECTION('',(1.,-6.772449965074E-17));
#6112 = ( GEOMETRIC_REPRESENTATION_CONTEXT(2) 
PARAMETRIC_REPRESENTATION_CONTEXT() REPRESENTATION_CONTEXT('2D SPACE',''
  ) );
#6113 = ORIENTED_EDGE('',*,*,#6114,.T.);
#6114 = EDGE_CURVE('',#6088,#6115,#6117,.T.);
#6115 = VERTEX_POINT('',#6116);
#6116 = CARTESIAN_POINT('',(-81.32496679331,47.736147478257,9.5));
#6117 = SURFACE_CURVE('',#6118,(#6145,#6196),.PCURVE_S1.);
#6118 = B_SPLINE_CURVE_WITH_KNOTS('',7,(#6119,#6120,#6121,#6122,#6123,
    #6124,#6125,#6126,#6127,#6128,#6129,#6130,#6131,#6132,#6133,#6134,
    #6135,#6136,#6137,#6138,#6139,#6140,#6141,#6142,#6143,#6144),
  .UNSPECIFIED.,.F.,.F.,(8,6,6,6,8),(0.,1.,1.831192243813,2.108287493849
    ,2.533916097587),.UNSPECIFIED.);
#6119 = CARTESIAN_POINT('',(-80.82266484222,48.581754268462,
    13.411700935788));
#6120 = CARTESIAN_POINT('',(-80.71797237635,48.755925090571,
    13.20851834631));
#6121 = CARTESIAN_POINT('',(-80.63229770238,48.897465352074,
    12.985134585719));
#6122 = CARTESIAN_POINT('',(-80.56500644174,49.008094317785,
    12.748762894377));
#6123 = CARTESIAN_POINT('',(-80.51525141784,49.089645433367,
    12.504098125696));
#6124 = CARTESIAN_POINT('',(-80.48232978671,49.143520309848,
    12.25450305157));
#6125 = CARTESIAN_POINT('',(-80.46583307389,49.170516650973,
    12.002402956383));
#6126 = CARTESIAN_POINT('',(-80.46583307389,49.170516650973,
    11.540204620339));
#6127 = CARTESIAN_POINT('',(-80.47723015445,49.151865723346,
    11.330533831701));
#6128 = CARTESIAN_POINT('',(-80.5000009249,49.114602170149,
    11.122316874795));
#6129 = CARTESIAN_POINT('',(-80.53432428913,49.058371928277,
    10.916987298304));
#6130 = CARTESIAN_POINT('',(-80.58053516844,48.982505356527,
    10.716295652499));
#6131 = CARTESIAN_POINT('',(-80.63906350424,48.886096556421,
    10.522559236575));
#6132 = CARTESIAN_POINT('',(-80.73411190954,48.728793189368,
    10.277823332325));
#6133 = CARTESIAN_POINT('',(-80.75929632814,48.68706292321,
    10.217759697101));
#6134 = CARTESIAN_POINT('',(-80.78591475256,48.642897857063,
    10.158950546949));
#6135 = CARTESIAN_POINT('',(-80.81397857851,48.596266839411,
    10.101537765511));
#6136 = CARTESIAN_POINT('',(-80.84349673069,48.547141539982,
    10.045676323025));
#6137 = CARTESIAN_POINT('',(-80.8744754894,48.495496729001,
    9.991534461434));
#6138 = CARTESIAN_POINT('',(-80.95675170644,48.358078581244,
    9.859050403799));
#6139 = CARTESIAN_POINT('',(-81.01013834593,48.268685206451,
    9.783133750299));
#6140 = CARTESIAN_POINT('',(-81.0669764187,48.173241024305,
    9.712460102543));
#6141 = CARTESIAN_POINT('',(-81.12711032918,48.071941120575,
    9.647930816773));
#6142 = CARTESIAN_POINT('',(-81.19033271944,47.965066128732,
    9.590432408388));
#6143 = CARTESIAN_POINT('',(-81.25638648544,47.852983284142,
    9.540836538416));
#6144 = CARTESIAN_POINT('',(-81.32496679331,47.736147478257,9.5));
#6145 = PCURVE('',#5282,#6146);
#6146 = DEFINITIONAL_REPRESENTATION('',(#6147),#6195);
#6147 = B_SPLINE_CURVE_WITH_KNOTS('',3,(#6148,#6149,#6150,#6151,#6152,
    #6153,#6154,#6155,#6156,#6157,#6158,#6159,#6160,#6161,#6162,#6163,
    #6164,#6165,#6166,#6167,#6168,#6169,#6170,#6171,#6172,#6173,#6174,
    #6175,#6176,#6177,#6178,#6179,#6180,#6181,#6182,#6183,#6184,#6185,
    #6186,#6187,#6188,#6189,#6190,#6191,#6192,#6193,#6194),
  .UNSPECIFIED.,.F.,.F.,(4,1,1,1,1,1,1,1,1,1,1,1,1,1,1,1,1,1,1,1,1,1,1,1
    ,1,1,1,1,1,1,1,1,1,1,1,1,1,1,1,1,1,1,1,1,4),(0.,5.758900221788E-02,
    0.115178004436,0.172767006654,0.230356008872,0.287945011089,
    0.345534013307,0.403123015525,0.460712017743,0.518301019961,
    0.575890022179,0.633479024397,0.691068026615,0.748657028832,
    0.80624603105,0.863835033268,0.921424035486,0.979013037704,
    1.036602039922,1.09419104214,1.151780044358,1.209369046575,
    1.266958048793,1.324547051011,1.382136053229,1.439725055447,
    1.497314057665,1.554903059883,1.612492062101,1.670081064319,
    1.727670066536,1.785259068754,1.842848070972,1.90043707319,
    1.958026075408,2.015615077626,2.073204079844,2.130793082062,
    2.188382084279,2.245971086497,2.303560088715,2.361149090933,
    2.418738093151,2.476327095369,2.533916097587),
  .QUASI_UNIFORM_KNOTS.);
#6148 = CARTESIAN_POINT('',(-3.682813772188,3.911700935788));
#6149 = CARTESIAN_POINT('',(-3.683103346158,3.884396650402));
#6150 = CARTESIAN_POINT('',(-3.683663897083,3.828856849538));
#6151 = CARTESIAN_POINT('',(-3.684449715987,3.743008158637));
#6152 = CARTESIAN_POINT('',(-3.685181310275,3.654883069281));
#6153 = CARTESIAN_POINT('',(-3.685859465216,3.564716555921));
#6154 = CARTESIAN_POINT('',(-3.686484955893,3.472727510005));
#6155 = CARTESIAN_POINT('',(-3.687058539658,3.379117526156));
#6156 = CARTESIAN_POINT('',(-3.68758094797,3.284072976011));
#6157 = CARTESIAN_POINT('',(-3.688052879071,3.187766088031));
#6158 = CARTESIAN_POINT('',(-3.68847499102,3.090356195471));
#6159 = CARTESIAN_POINT('',(-3.68884789514,2.991990856051));
#6160 = CARTESIAN_POINT('',(-3.689172149779,2.892806937555));
#6161 = CARTESIAN_POINT('',(-3.689448254328,2.792931659586));
#6162 = CARTESIAN_POINT('',(-3.689676643456,2.692483606866));
#6163 = CARTESIAN_POINT('',(-3.689857681383,2.591573732963));
#6164 = CARTESIAN_POINT('',(-3.689991656609,2.490306334134));
#6165 = CARTESIAN_POINT('',(-3.690078775173,2.388780126205));
#6166 = CARTESIAN_POINT('',(-3.690119159384,2.287088983793));
#6167 = CARTESIAN_POINT('',(-3.690112825787,2.185324042281));
#6168 = CARTESIAN_POINT('',(-3.690059765041,2.083653761763));
#6169 = CARTESIAN_POINT('',(-3.689959917072,1.982160731001));
#6170 = CARTESIAN_POINT('',(-3.689813128902,1.880947552281));
#6171 = CARTESIAN_POINT('',(-3.689619169881,1.780116742891));
#6172 = CARTESIAN_POINT('',(-3.689377732745,1.679777295821));
#6173 = CARTESIAN_POINT('',(-3.689088438619,1.580044134114));
#6174 = CARTESIAN_POINT('',(-3.688750841115,1.481039508912));
#6175 = CARTESIAN_POINT('',(-3.688364430856,1.382893921303));
#6176 = CARTESIAN_POINT('',(-3.687928640041,1.285747212256));
#6177 = CARTESIAN_POINT('',(-3.687442847392,1.189749678128));
#6178 = CARTESIAN_POINT('',(-3.686906382534,1.09506315222));
#6179 = CARTESIAN_POINT('',(-3.686318533403,1.00186244778));
#6180 = CARTESIAN_POINT('',(-3.685678543326,0.910335655038));
#6181 = CARTESIAN_POINT('',(-3.684985647674,0.820688941351));
#6182 = CARTESIAN_POINT('',(-3.684238952625,0.733133378099));
#6183 = CARTESIAN_POINT('',(-3.683437756748,0.647924425575));
#6184 = CARTESIAN_POINT('',(-3.682581460125,0.565341212478));
#6185 = CARTESIAN_POINT('',(-3.68166945448,0.485678917502));
#6186 = CARTESIAN_POINT('',(-3.680701442408,0.409268555479));
#6187 = CARTESIAN_POINT('',(-3.679675645199,0.336358349229));
#6188 = CARTESIAN_POINT('',(-3.678593284285,0.267437617986));
#6189 = CARTESIAN_POINT('',(-3.677455696513,0.202970619752));
#6190 = CARTESIAN_POINT('',(-3.676264563849,0.143423058554));
#6191 = CARTESIAN_POINT('',(-3.67502186098,8.925484795898E-02));
#6192 = CARTESIAN_POINT('',(-3.67372983414,4.092254050531E-02));
#6193 = CARTESIAN_POINT('',(-3.672837369509,1.289207161601E-02));
#6194 = CARTESIAN_POINT('',(-3.672383781742,1.127986593019E-13));
#6195 = ( GEOMETRIC_REPRESENTATION_CONTEXT(2) 
PARAMETRIC_REPRESENTATION_CONTEXT() REPRESENTATION_CONTEXT('2D SPACE',''
  ) );
#6196 = PCURVE('',#4531,#6197);
#6197 = DEFINITIONAL_REPRESENTATION('',(#6198),#6246);
#6198 = B_SPLINE_CURVE_WITH_KNOTS('',3,(#6199,#6200,#6201,#6202,#6203,
    #6204,#6205,#6206,#6207,#6208,#6209,#6210,#6211,#6212,#6213,#6214,
    #6215,#6216,#6217,#6218,#6219,#6220,#6221,#6222,#6223,#6224,#6225,
    #6226,#6227,#6228,#6229,#6230,#6231,#6232,#6233,#6234,#6235,#6236,
    #6237,#6238,#6239,#6240,#6241,#6242,#6243,#6244,#6245),
  .UNSPECIFIED.,.F.,.F.,(4,1,1,1,1,1,1,1,1,1,1,1,1,1,1,1,1,1,1,1,1,1,1,1
    ,1,1,1,1,1,1,1,1,1,1,1,1,1,1,1,1,1,1,1,1,4),(0.,5.758900221788E-02,
    0.115178004436,0.172767006654,0.230356008872,0.287945011089,
    0.345534013307,0.403123015525,0.460712017743,0.518301019961,
    0.575890022179,0.633479024397,0.691068026615,0.748657028832,
    0.80624603105,0.863835033268,0.921424035486,0.979013037704,
    1.036602039922,1.09419104214,1.151780044358,1.209369046575,
    1.266958048793,1.324547051011,1.382136053229,1.439725055447,
    1.497314057665,1.554903059883,1.612492062101,1.670081064319,
    1.727670066536,1.785259068754,1.842848070972,1.90043707319,
    1.958026075408,2.015615077626,2.073204079844,2.130793082062,
    2.188382084279,2.245971086497,2.303560088715,2.361149090933,
    2.418738093151,2.476327095369,2.533916097587),
  .QUASI_UNIFORM_KNOTS.);
#6199 = CARTESIAN_POINT('',(10.210176124167,-3.985358089154));
#6200 = CARTESIAN_POINT('',(10.193745869739,-3.9848768128));
#6201 = CARTESIAN_POINT('',(10.161129954158,-3.983921789996));
#6202 = CARTESIAN_POINT('',(10.112889707485,-3.982522494497));
#6203 = CARTESIAN_POINT('',(10.065282021511,-3.981167506391));
#6204 = CARTESIAN_POINT('',(10.018259025281,-3.979866425437));
#6205 = CARTESIAN_POINT('',(9.97177446935,-3.978627964299));
#6206 = CARTESIAN_POINT('',(9.92578373845,-3.977459868472));
#6207 = CARTESIAN_POINT('',(9.880243488457,-3.976369012983));
#6208 = CARTESIAN_POINT('',(9.835111421599,-3.975361450523));
#6209 = CARTESIAN_POINT('',(9.790346052958,-3.974442470772));
#6210 = CARTESIAN_POINT('',(9.745906500607,-3.973616654277));
#6211 = CARTESIAN_POINT('',(9.701752285416,-3.972887924721));
#6212 = CARTESIAN_POINT('',(9.657843140691,-3.97225959795));
#6213 = CARTESIAN_POINT('',(9.614138827952,-3.971734427494));
#6214 = CARTESIAN_POINT('',(9.57059896105,-3.971314646321));
#6215 = CARTESIAN_POINT('',(9.527182823794,-3.971002003211));
#6216 = CARTESIAN_POINT('',(9.483849229598,-3.970797797506));
#6217 = CARTESIAN_POINT('',(9.440556234588,-3.970702895871));
#6218 = CARTESIAN_POINT('',(9.397261398393,-3.970717789865));
#6219 = CARTESIAN_POINT('',(9.35395527537,-3.970842419539));
#6220 = CARTESIAN_POINT('',(9.310591601267,-3.971076224422));
#6221 = CARTESIAN_POINT('',(9.267131751369,-3.971418239295));
#6222 = CARTESIAN_POINT('',(9.223535596613,-3.971867048034));
#6223 = CARTESIAN_POINT('',(9.179763708154,-3.972420765649));
#6224 = CARTESIAN_POINT('',(9.135776537165,-3.973077006207));
#6225 = CARTESIAN_POINT('',(9.091534415032,-3.973832848436));
#6226 = CARTESIAN_POINT('',(9.046997337907,-3.974684796268));
#6227 = CARTESIAN_POINT('',(9.002124801513,-3.975628735626));
#6228 = CARTESIAN_POINT('',(8.956875621214,-3.976659887136));
#6229 = CARTESIAN_POINT('',(8.911207689484,-3.977772756905));
#6230 = CARTESIAN_POINT('',(8.865077881122,-3.9789610792));
#6231 = CARTESIAN_POINT('',(8.818441262418,-3.980217775775));
#6232 = CARTESIAN_POINT('',(8.771252715254,-3.981534841114));
#6233 = CARTESIAN_POINT('',(8.723458569092,-3.982903514965));
#6234 = CARTESIAN_POINT('',(8.67501666561,-3.984313640034));
#6235 = CARTESIAN_POINT('',(8.625886191364,-3.985753853609));
#6236 = CARTESIAN_POINT('',(8.576021192593,-3.987211740989));
#6237 = CARTESIAN_POINT('',(8.525384672128,-3.988673405785));
#6238 = CARTESIAN_POINT('',(8.473859663293,-3.990125907207));
#6239 = CARTESIAN_POINT('',(8.421473887352,-3.991550889131));
#6240 = CARTESIAN_POINT('',(8.368238432987,-3.992929468942));
#6241 = CARTESIAN_POINT('',(8.314162400244,-3.99424207588));
#6242 = CARTESIAN_POINT('',(8.259248951713,-3.99546883584));
#6243 = CARTESIAN_POINT('',(8.203497007735,-3.996589752432));
#6244 = CARTESIAN_POINT('',(8.165764543996,-3.997253355194));
#6245 = CARTESIAN_POINT('',(8.146756152563,-3.997560944067));
#6246 = ( GEOMETRIC_REPRESENTATION_CONTEXT(2) 
PARAMETRIC_REPRESENTATION_CONTEXT() REPRESENTATION_CONTEXT('2D SPACE',''
  ) );
#6247 = ORIENTED_EDGE('',*,*,#6248,.T.);
#6248 = EDGE_CURVE('',#6115,#6249,#6251,.T.);
#6249 = VERTEX_POINT('',#6250);
#6250 = CARTESIAN_POINT('',(-0.678232998313,94.297560944067,9.5));
#6251 = SURFACE_CURVE('',#6252,(#6257,#6264),.PCURVE_S1.);
#6252 = CIRCLE('',#6253,94.3);
#6253 = AXIS2_PLACEMENT_3D('',#6254,#6255,#6256);
#6254 = CARTESIAN_POINT('',(0.,-9.184850993605E-16,9.5));
#6255 = DIRECTION('',(0.,-1.224646799147E-16,-1.));
#6256 = DIRECTION('',(1.,0.,0.));
#6257 = PCURVE('',#5282,#6258);
#6258 = DEFINITIONAL_REPRESENTATION('',(#6259),#6263);
#6259 = LINE('',#6260,#6261);
#6260 = CARTESIAN_POINT('',(-0.,0.));
#6261 = VECTOR('',#6262,1.);
#6262 = DIRECTION('',(-1.,0.));
#6263 = ( GEOMETRIC_REPRESENTATION_CONTEXT(2) 
PARAMETRIC_REPRESENTATION_CONTEXT() REPRESENTATION_CONTEXT('2D SPACE',''
  ) );
#6264 = PCURVE('',#5520,#6265);
#6265 = DEFINITIONAL_REPRESENTATION('',(#6266),#6270);
#6266 = LINE('',#6267,#6268);
#6267 = CARTESIAN_POINT('',(-0.,6.28318530718));
#6268 = VECTOR('',#6269,1.);
#6269 = DIRECTION('',(-1.,0.));
#6270 = ( GEOMETRIC_REPRESENTATION_CONTEXT(2) 
PARAMETRIC_REPRESENTATION_CONTEXT() REPRESENTATION_CONTEXT('2D SPACE',''
  ) );
#6271 = ORIENTED_EDGE('',*,*,#6272,.T.);
#6272 = EDGE_CURVE('',#6249,#6273,#6275,.T.);
#6273 = VERTEX_POINT('',#6274);
#6274 = CARTESIAN_POINT('',(-1.661700935788,94.285358089154,
    13.411700935788));
#6275 = SURFACE_CURVE('',#6276,(#6303,#6354),.PCURVE_S1.);
#6276 = B_SPLINE_CURVE_WITH_KNOTS('',7,(#6277,#6278,#6279,#6280,#6281,
    #6282,#6283,#6284,#6285,#6286,#6287,#6288,#6289,#6290,#6291,#6292,
    #6293,#6294,#6295,#6296,#6297,#6298,#6299,#6300,#6301,#6302),
  .UNSPECIFIED.,.F.,.F.,(8,6,6,6,8),(0.,0.277445545656,0.458099254086,
    0.999999417452,1.651920910399),.UNSPECIFIED.);
#6277 = CARTESIAN_POINT('',(-0.678232998313,94.297560944067,9.5));
#6278 = CARTESIAN_POINT('',(-0.813659444477,94.296586892524,
    9.540822526503));
#6279 = CARTESIAN_POINT('',(-0.943745411984,94.295424288276,
    9.590409099622));
#6280 = CARTESIAN_POINT('',(-1.067928999305,94.294109537067,
    9.647908348978));
#6281 = CARTESIAN_POINT('',(-1.185749348324,94.292681723212,
    9.712448531128));
#6282 = CARTESIAN_POINT('',(-1.296847041494,94.291180274132,
    9.783137636019));
#6283 = CARTESIAN_POINT('',(-1.400964498997,94.289642624897,
    9.85906349344));
#6284 = CARTESIAN_POINT('',(-1.56109439176,94.287098656064,
    9.991534461434));
#6285 = CARTESIAN_POINT('',(-1.621309489394,94.28609266954,
    10.045676323025));
#6286 = CARTESIAN_POINT('',(-1.678612322759,94.285091849592,
    10.101537765511));
#6287 = CARTESIAN_POINT('',(-1.733027881627,94.284103372216,
    10.158950546949));
#6288 = CARTESIAN_POINT('',(-1.784585163079,94.283133673535,
    10.217759697101));
#6289 = CARTESIAN_POINT('',(-1.833316842978,94.282188460328,
    10.277823332325));
#6290 = CARTESIAN_POINT('',(-2.017069757599,94.278525810271,
    10.522559236575));
#6291 = CARTESIAN_POINT('',(-2.12982639554,94.276043184678,
    10.716295652499));
#6292 = CARTESIAN_POINT('',(-2.218634213628,94.273956675141,
    10.916987298304));
#6293 = CARTESIAN_POINT('',(-2.284492713663,94.272346890714,
    11.122316874794));
#6294 = CARTESIAN_POINT('',(-2.32814928259,94.271258601641,
    11.330533831701));
#6295 = CARTESIAN_POINT('',(-2.35,94.27071390416,11.540204620339));
#6296 = CARTESIAN_POINT('',(-2.35,94.27071390416,12.002389879849));
#6297 = CARTESIAN_POINT('',(-2.318376698858,94.271502200111,
    12.254484391918));
#6298 = CARTESIAN_POINT('',(-2.255255174012,94.273075791005,
    12.504101158925));
#6299 = CARTESIAN_POINT('',(-2.159756603768,94.275389310918,
    12.748756532966));
#6300 = CARTESIAN_POINT('',(-2.030292077703,94.278350984472,
    12.985144635335));
#6301 = CARTESIAN_POINT('',(-1.864880034669,94.2817772267,
    13.208521836908));
#6302 = CARTESIAN_POINT('',(-1.661700935788,94.285358089154,
    13.411700935788));
#6303 = PCURVE('',#5282,#6304);
#6304 = DEFINITIONAL_REPRESENTATION('',(#6305),#6353);
#6305 = B_SPLINE_CURVE_WITH_KNOTS('',3,(#6306,#6307,#6308,#6309,#6310,
    #6311,#6312,#6313,#6314,#6315,#6316,#6317,#6318,#6319,#6320,#6321,
    #6322,#6323,#6324,#6325,#6326,#6327,#6328,#6329,#6330,#6331,#6332,
    #6333,#6334,#6335,#6336,#6337,#6338,#6339,#6340,#6341,#6342,#6343,
    #6344,#6345,#6346,#6347,#6348,#6349,#6350,#6351,#6352),
  .UNSPECIFIED.,.F.,.F.,(4,1,1,1,1,1,1,1,1,1,1,1,1,1,1,1,1,1,1,1,1,1,1,1
    ,1,1,1,1,1,1,1,1,1,1,1,1,1,1,1,1,1,1,1,1,4),(0.,3.754365705453E-02,
    7.508731410906E-02,0.112630971164,0.150174628218,0.187718285273,
    0.225261942327,0.262805599382,0.300349256436,0.337892913491,
    0.375436570545,0.4129802276,0.450523884654,0.488067541709,
    0.525611198763,0.563154855818,0.600698512872,0.638242169927,
    0.675785826982,0.713329484036,0.750873141091,0.788416798145,
    0.8259604552,0.863504112254,0.901047769309,0.938591426363,
    0.976135083418,1.013678740472,1.051222397527,1.088766054581,
    1.126309711636,1.16385336869,1.201397025745,1.2389406828,
    1.276484339854,1.314027996909,1.351571653963,1.389115311018,
    1.426658968072,1.464202625127,1.501746282181,1.539289939236,
    1.57683359629,1.614377253345,1.651920910399),.QUASI_UNIFORM_KNOTS.);
#6306 = CARTESIAN_POINT('',(-4.705196627831,1.740829702612E-13));
#6307 = CARTESIAN_POINT('',(-4.704743143052,1.288900557488E-02));
#6308 = CARTESIAN_POINT('',(-4.703850783175,4.091555642419E-02));
#6309 = CARTESIAN_POINT('',(-4.702558689792,8.924883019569E-02));
#6310 = CARTESIAN_POINT('',(-4.701315778479,0.143425655235));
#6311 = CARTESIAN_POINT('',(-4.700124371006,0.202988171509));
#6312 = CARTESIAN_POINT('',(-4.698986512875,0.267473816066));
#6313 = CARTESIAN_POINT('',(-4.697903951897,0.3364125917));
#6314 = CARTESIAN_POINT('',(-4.696878083096,0.409334804445));
#6315 = CARTESIAN_POINT('',(-4.695910187233,0.485742917957));
#6316 = CARTESIAN_POINT('',(-4.694998263957,0.565404252986));
#6317 = CARTESIAN_POINT('',(-4.694142051499,0.647985485986));
#6318 = CARTESIAN_POINT('',(-4.693340932062,0.733192133049));
#6319 = CARTESIAN_POINT('',(-4.692594308361,0.82074494541));
#6320 = CARTESIAN_POINT('',(-4.691901478223,0.910388574154));
#6321 = CARTESIAN_POINT('',(-4.69126154816,1.001911977725));
#6322 = CARTESIAN_POINT('',(-4.690673753634,1.095109028069));
#6323 = CARTESIAN_POINT('',(-4.690137338109,1.189791669239));
#6324 = CARTESIAN_POINT('',(-4.689651589639,1.285785119339));
#6325 = CARTESIAN_POINT('',(-4.689215837965,1.382927573349));
#6326 = CARTESIAN_POINT('',(-4.688829461917,1.481068760528));
#6327 = CARTESIAN_POINT('',(-4.688491893794,1.580068863167));
#6328 = CARTESIAN_POINT('',(-4.688202624308,1.679797401206));
#6329 = CARTESIAN_POINT('',(-4.687961207151,1.780132143151));
#6330 = CARTESIAN_POINT('',(-4.687767263512,1.880958182284));
#6331 = CARTESIAN_POINT('',(-4.687620486185,1.982166547076));
#6332 = CARTESIAN_POINT('',(-4.687520644554,2.083654716386));
#6333 = CARTESIAN_POINT('',(-4.687467585676,2.185320173525));
#6334 = CARTESIAN_POINT('',(-4.687461249446,2.287080077516));
#6335 = CARTESIAN_POINT('',(-4.687501626162,2.388767434983));
#6336 = CARTESIAN_POINT('',(-4.687588736349,2.4902914918));
#6337 = CARTESIAN_POINT('',(-4.687722703979,2.591558239874));
#6338 = CARTESIAN_POINT('',(-4.687903736073,2.69246868321));
#6339 = CARTESIAN_POINT('',(-4.688132121602,2.792918175143));
#6340 = CARTESIAN_POINT('',(-4.688408225049,2.892795434004));
#6341 = CARTESIAN_POINT('',(-4.688732481226,2.991981606381));
#6342 = CARTESIAN_POINT('',(-4.689105389535,3.090349275214));
#6343 = CARTESIAN_POINT('',(-4.68952750814,3.187761435893));
#6344 = CARTESIAN_POINT('',(-4.689999447882,3.284070431617));
#6345 = CARTESIAN_POINT('',(-4.690521865964,3.379116841006));
#6346 = CARTESIAN_POINT('',(-4.691095459363,3.472728336013));
#6347 = CARTESIAN_POINT('',(-4.691720957941,3.564718426112));
#6348 = CARTESIAN_POINT('',(-4.692399117289,3.654885388043));
#6349 = CARTESIAN_POINT('',(-4.693130711035,3.743010249224));
#6350 = CARTESIAN_POINT('',(-4.693916523551,3.828858034329));
#6351 = CARTESIAN_POINT('',(-4.694477067456,3.884397044858));
#6352 = CARTESIAN_POINT('',(-4.694766637384,3.911700935788));
#6353 = ( GEOMETRIC_REPRESENTATION_CONTEXT(2) 
PARAMETRIC_REPRESENTATION_CONTEXT() REPRESENTATION_CONTEXT('2D SPACE',''
  ) );
#6354 = PCURVE('',#4825,#6355);
#6355 = DEFINITIONAL_REPRESENTATION('',(#6356),#6404);
#6356 = B_SPLINE_CURVE_WITH_KNOTS('',3,(#6357,#6358,#6359,#6360,#6361,
    #6362,#6363,#6364,#6365,#6366,#6367,#6368,#6369,#6370,#6371,#6372,
    #6373,#6374,#6375,#6376,#6377,#6378,#6379,#6380,#6381,#6382,#6383,
    #6384,#6385,#6386,#6387,#6388,#6389,#6390,#6391,#6392,#6393,#6394,
    #6395,#6396,#6397,#6398,#6399,#6400,#6401,#6402,#6403),
  .UNSPECIFIED.,.F.,.F.,(4,1,1,1,1,1,1,1,1,1,1,1,1,1,1,1,1,1,1,1,1,1,1,1
    ,1,1,1,1,1,1,1,1,1,1,1,1,1,1,1,1,1,1,1,1,4),(0.,3.754365705453E-02,
    7.508731410906E-02,0.112630971164,0.150174628218,0.187718285273,
    0.225261942327,0.262805599382,0.300349256436,0.337892913491,
    0.375436570545,0.4129802276,0.450523884654,0.488067541709,
    0.525611198763,0.563154855818,0.600698512872,0.638242169927,
    0.675785826982,0.713329484036,0.750873141091,0.788416798145,
    0.8259604552,0.863504112254,0.901047769309,0.938591426363,
    0.976135083418,1.013678740472,1.051222397527,1.088766054581,
    1.126309711636,1.16385336869,1.201397025745,1.2389406828,
    1.276484339854,1.314027996909,1.351571653963,1.389115311018,
    1.426658968072,1.464202625127,1.501746282181,1.539289939236,
    1.57683359629,1.614377253345,1.651920910399),.QUASI_UNIFORM_KNOTS.);
#6357 = CARTESIAN_POINT('',(7.561207115386,-3.997560944067));
#6358 = CARTESIAN_POINT('',(7.54220304723,-3.997253428951));
#6359 = CARTESIAN_POINT('',(7.50447510967,-3.996589917319));
#6360 = CARTESIAN_POINT('',(7.448720526233,-3.995468974536));
#6361 = CARTESIAN_POINT('',(7.393797960807,-3.994242016176));
#6362 = CARTESIAN_POINT('',(7.339709218901,-3.992929083854));
#6363 = CARTESIAN_POINT('',(7.286460393986,-3.991550123016));
#6364 = CARTESIAN_POINT('',(7.234063680782,-3.990124801871));
#6365 = CARTESIAN_POINT('',(7.182533306243,-3.988672111486));
#6366 = CARTESIAN_POINT('',(7.131900973625,-3.987210544266));
#6367 = CARTESIAN_POINT('',(7.082038672423,-3.985752727497));
#6368 = CARTESIAN_POINT('',(7.032911160027,-3.984312603221));
#6369 = CARTESIAN_POINT('',(6.984472022332,-3.982902570458));
#6370 = CARTESIAN_POINT('',(6.936680580216,-3.981533993033));
#6371 = CARTESIAN_POINT('',(6.889494639805,-3.980217024877));
#6372 = CARTESIAN_POINT('',(6.842860548433,-3.97896042465));
#6373 = CARTESIAN_POINT('',(6.79673319433,-3.977772196174));
#6374 = CARTESIAN_POINT('',(6.751067651345,-3.976659416251));
#6375 = CARTESIAN_POINT('',(6.705820800963,-3.975628349345));
#6376 = CARTESIAN_POINT('',(6.660950542139,-3.974684488249));
#6377 = CARTESIAN_POINT('',(6.616415696438,-3.973832611402));
#6378 = CARTESIAN_POINT('',(6.572175765573,-3.973076832081));
#6379 = CARTESIAN_POINT('',(6.528190751591,-3.972420645691));
#6380 = CARTESIAN_POINT('',(6.484420991471,-3.971866972962));
#6381 = CARTESIAN_POINT('',(6.440826942651,-3.971418199392));
#6382 = CARTESIAN_POINT('',(6.397369179781,-3.97107620964));
#6383 = CARTESIAN_POINT('',(6.354007587555,-3.970842419578));
#6384 = CARTESIAN_POINT('',(6.310703516848,-3.970717794319));
#6385 = CARTESIAN_POINT('',(6.267410821793,-3.970702894085));
#6386 = CARTESIAN_POINT('',(6.224119446886,-3.970797778664));
#6387 = CARTESIAN_POINT('',(6.180786793302,-3.971001964963));
#6388 = CARTESIAN_POINT('',(6.13737096906,-3.971314590336));
#6389 = CARTESIAN_POINT('',(6.09383090195,-3.971734358037));
#6390 = CARTESIAN_POINT('',(6.05012601991,-3.972259520622));
#6391 = CARTESIAN_POINT('',(6.006216070317,-3.97288784576));
#6392 = CARTESIAN_POINT('',(5.962060921021,-3.973616580019));
#6393 = CARTESIAN_POINT('',(5.917620380197,-3.974442407175));
#6394 = CARTESIAN_POINT('',(5.872854018921,-3.975361402639));
#6395 = CARTESIAN_POINT('',(5.827720993821,-3.976368984361));
#6396 = CARTESIAN_POINT('',(5.782179861466,-3.977459860521));
#6397 = CARTESIAN_POINT('',(5.736188379962,-3.978627975703));
#6398 = CARTESIAN_POINT('',(5.689703278281,-3.979866451794));
#6399 = CARTESIAN_POINT('',(5.642680024036,-3.981167540242));
#6400 = CARTESIAN_POINT('',(5.59507242914,-3.982522526228));
#6401 = CARTESIAN_POINT('',(5.546832642545,-3.983921809196));
#6402 = CARTESIAN_POINT('',(5.514217165463,-3.984876819565));
#6403 = CARTESIAN_POINT('',(5.497787143782,-3.985358089154));
#6404 = ( GEOMETRIC_REPRESENTATION_CONTEXT(2) 
PARAMETRIC_REPRESENTATION_CONTEXT() REPRESENTATION_CONTEXT('2D SPACE',''
  ) );
#6405 = ORIENTED_EDGE('',*,*,#6406,.F.);
#6406 = EDGE_CURVE('',#6407,#6273,#6409,.T.);
#6407 = VERTEX_POINT('',#6408);
#6408 = CARTESIAN_POINT('',(-0.503401871577,94.298656334837,14.57));
#6409 = SURFACE_CURVE('',#6410,(#6415,#6425),.PCURVE_S1.);
#6410 = ELLIPSE('',#6411,133.36033893178,94.3);
#6411 = AXIS2_PLACEMENT_3D('',#6412,#6413,#6414);
#6412 = CARTESIAN_POINT('',(0.,-2.359402231217E-16,15.073401871577));
#6413 = DIRECTION('',(-0.707106781187,-7.041364024483E-17,0.707106781187
    ));
#6414 = DIRECTION('',(0.707106781187,2.436048514919E-16,0.707106781187)
  );
#6415 = PCURVE('',#5282,#6416);
#6416 = DEFINITIONAL_REPRESENTATION('',(#6417),#6424);
#6417 = B_SPLINE_CURVE_WITH_KNOTS('',5,(#6418,#6419,#6420,#6421,#6422,
    #6423),.UNSPECIFIED.,.F.,.F.,(6,6),(1.574906327392,1.589647187053),
  .PIECEWISE_BEZIER_KNOTS.);
#6418 = CARTESIAN_POINT('',(-4.708278979788,5.185829906421));
#6419 = CARTESIAN_POINT('',(-4.705330807855,4.907819641329));
#6420 = CARTESIAN_POINT('',(-4.702382635923,4.629813587069));
#6421 = CARTESIAN_POINT('',(-4.699434463991,4.351816777781));
#6422 = CARTESIAN_POINT('',(-4.696486292059,4.073834247451));
#6423 = CARTESIAN_POINT('',(-4.693538120127,3.795871029367));
#6424 = ( GEOMETRIC_REPRESENTATION_CONTEXT(2) 
PARAMETRIC_REPRESENTATION_CONTEXT() REPRESENTATION_CONTEXT('2D SPACE',''
  ) );
#6425 = PCURVE('',#4696,#6426);
#6426 = DEFINITIONAL_REPRESENTATION('',(#6427),#6431);
#6427 = ELLIPSE('',#6428,133.36033893178,94.3);
#6428 = AXIS2_PLACEMENT_2D('',#6429,#6430);
#6429 = CARTESIAN_POINT('',(-0.711917754108,90.3));
#6430 = DIRECTION('',(-1.,0.));
#6431 = ( GEOMETRIC_REPRESENTATION_CONTEXT(2) 
PARAMETRIC_REPRESENTATION_CONTEXT() REPRESENTATION_CONTEXT('2D SPACE',''
  ) );
#6432 = ORIENTED_EDGE('',*,*,#6433,.F.);
#6433 = EDGE_CURVE('',#6434,#6407,#6436,.T.);
#6434 = VERTEX_POINT('',#6435);
#6435 = CARTESIAN_POINT('',(0.503401871577,94.298656334837,14.57));
#6436 = SURFACE_CURVE('',#6437,(#6442,#6449),.PCURVE_S1.);
#6437 = CIRCLE('',#6438,94.3);
#6438 = AXIS2_PLACEMENT_3D('',#6439,#6440,#6441);
#6439 = CARTESIAN_POINT('',(0.,-2.975891721928E-16,14.57));
#6440 = DIRECTION('',(-0.,1.224646799147E-16,1.));
#6441 = DIRECTION('',(1.,0.,0.));
#6442 = PCURVE('',#5282,#6443);
#6443 = DEFINITIONAL_REPRESENTATION('',(#6444),#6448);
#6444 = LINE('',#6445,#6446);
#6445 = CARTESIAN_POINT('',(-6.28318530718,5.07));
#6446 = VECTOR('',#6447,1.);
#6447 = DIRECTION('',(1.,-0.));
#6448 = ( GEOMETRIC_REPRESENTATION_CONTEXT(2) 
PARAMETRIC_REPRESENTATION_CONTEXT() REPRESENTATION_CONTEXT('2D SPACE',''
  ) );
#6449 = PCURVE('',#4950,#6450);
#6450 = DEFINITIONAL_REPRESENTATION('',(#6451),#6455);
#6451 = CIRCLE('',#6452,94.3);
#6452 = AXIS2_PLACEMENT_2D('',#6453,#6454);
#6453 = CARTESIAN_POINT('',(0.503401871577,90.3));
#6454 = DIRECTION('',(-1.,2.22044604925E-16));
#6455 = ( GEOMETRIC_REPRESENTATION_CONTEXT(2) 
PARAMETRIC_REPRESENTATION_CONTEXT() REPRESENTATION_CONTEXT('2D SPACE',''
  ) );
#6456 = ORIENTED_EDGE('',*,*,#6457,.F.);
#6457 = EDGE_CURVE('',#6458,#6434,#6460,.T.);
#6458 = VERTEX_POINT('',#6459);
#6459 = CARTESIAN_POINT('',(1.661700935788,94.285358089154,
    13.411700935788));
#6460 = SURFACE_CURVE('',#6461,(#6466,#6476),.PCURVE_S1.);
#6461 = ELLIPSE('',#6462,133.36033893178,94.3);
#6462 = AXIS2_PLACEMENT_3D('',#6463,#6464,#6465);
#6463 = CARTESIAN_POINT('',(0.,-2.359402231217E-16,15.073401871577));
#6464 = DIRECTION('',(0.707106781187,2.436048514919E-16,0.707106781187)
  );
#6465 = DIRECTION('',(-0.707106781187,-7.041364024483E-17,0.707106781187
    ));
#6466 = PCURVE('',#5282,#6467);
#6467 = DEFINITIONAL_REPRESENTATION('',(#6468),#6475);
#6468 = B_SPLINE_CURVE_WITH_KNOTS('',5,(#6469,#6470,#6471,#6472,#6473,
    #6474),.UNSPECIFIED.,.F.,.F.,(6,6),(4.693538120127,4.708278979788),
  .PIECEWISE_BEZIER_KNOTS.);
#6469 = CARTESIAN_POINT('',(-4.731239840642,3.795871029367));
#6470 = CARTESIAN_POINT('',(-4.72829166871,4.073834247451));
#6471 = CARTESIAN_POINT('',(-4.725343496778,4.351816777781));
#6472 = CARTESIAN_POINT('',(-4.722395324846,4.629813587069));
#6473 = CARTESIAN_POINT('',(-4.719447152914,4.907819641329));
#6474 = CARTESIAN_POINT('',(-4.716498980982,5.185829906421));
#6475 = ( GEOMETRIC_REPRESENTATION_CONTEXT(2) 
PARAMETRIC_REPRESENTATION_CONTEXT() REPRESENTATION_CONTEXT('2D SPACE',''
  ) );
#6476 = PCURVE('',#4923,#6477);
#6477 = DEFINITIONAL_REPRESENTATION('',(#6478),#6482);
#6478 = ELLIPSE('',#6479,133.36033893178,94.3);
#6479 = AXIS2_PLACEMENT_2D('',#6480,#6481);
#6480 = CARTESIAN_POINT('',(2.35,90.3));
#6481 = DIRECTION('',(1.,0.));
#6482 = ( GEOMETRIC_REPRESENTATION_CONTEXT(2) 
PARAMETRIC_REPRESENTATION_CONTEXT() REPRESENTATION_CONTEXT('2D SPACE',''
  ) );
#6483 = ORIENTED_EDGE('',*,*,#6484,.T.);
#6484 = EDGE_CURVE('',#6458,#6485,#6487,.T.);
#6485 = VERTEX_POINT('',#6486);
#6486 = CARTESIAN_POINT('',(0.678232998313,94.297560944067,9.5));
#6487 = SURFACE_CURVE('',#6488,(#6515,#6566),.PCURVE_S1.);
#6488 = B_SPLINE_CURVE_WITH_KNOTS('',7,(#6489,#6490,#6491,#6492,#6493,
    #6494,#6495,#6496,#6497,#6498,#6499,#6500,#6501,#6502,#6503,#6504,
    #6505,#6506,#6507,#6508,#6509,#6510,#6511,#6512,#6513,#6514),
  .UNSPECIFIED.,.F.,.F.,(8,6,6,6,8),(0.,1.,1.831236008298,2.108345848138
    ,2.533996862356),.UNSPECIFIED.);
#6489 = CARTESIAN_POINT('',(1.661700935788,94.285358089154,
    13.411700935788));
#6490 = CARTESIAN_POINT('',(1.864880262376,94.281777222687,
    13.208521609201));
#6491 = CARTESIAN_POINT('',(2.030292507451,94.278350975743,
    12.985144077101));
#6492 = CARTESIAN_POINT('',(2.159757001361,94.275389301132,
    12.748755710227));
#6493 = CARTESIAN_POINT('',(2.255255388008,94.273075785711,
    12.504100364702));
#6494 = CARTESIAN_POINT('',(2.318376753026,94.271502198752,
    12.254483836574));
#6495 = CARTESIAN_POINT('',(2.35,94.27071390416,12.002389667395));
#6496 = CARTESIAN_POINT('',(2.35,94.27071390416,11.540204620339));
#6497 = CARTESIAN_POINT('',(2.32814928259,94.271258601641,
    11.330533831701));
#6498 = CARTESIAN_POINT('',(2.284492713663,94.272346890714,
    11.122316874795));
#6499 = CARTESIAN_POINT('',(2.218634213628,94.273956675141,
    10.916987298304));
#6500 = CARTESIAN_POINT('',(2.12982639554,94.276043184678,
    10.716295652499));
#6501 = CARTESIAN_POINT('',(2.017069757599,94.278525810271,
    10.522559236575));
#6502 = CARTESIAN_POINT('',(1.833316842978,94.282188460328,
    10.277823332325));
#6503 = CARTESIAN_POINT('',(1.784585163079,94.283133673535,
    10.217759697101));
#6504 = CARTESIAN_POINT('',(1.733027881627,94.284103372216,
    10.158950546949));
#6505 = CARTESIAN_POINT('',(1.678612322759,94.285091849592,
    10.101537765511));
#6506 = CARTESIAN_POINT('',(1.621309489394,94.28609266954,
    10.045676323025));
#6507 = CARTESIAN_POINT('',(1.56109439176,94.287098656064,9.991534461434
    ));
#6508 = CARTESIAN_POINT('',(1.40094867634,94.289642876271,9.859050403799
    ));
#6509 = CARTESIAN_POINT('',(1.296838423092,94.291180374899,
    9.783133750299));
#6510 = CARTESIAN_POINT('',(1.185762300326,94.292681498744,
    9.712460102543));
#6511 = CARTESIAN_POINT('',(1.067967055056,94.294109040983,
    9.647930816773));
#6512 = CARTESIAN_POINT('',(0.943799401962,94.295423741113,
    9.590432408388));
#6513 = CARTESIAN_POINT('',(0.813705928218,94.296586558191,
    9.540836538416));
#6514 = CARTESIAN_POINT('',(0.678232998312,94.297560944067,9.5));
#6515 = PCURVE('',#5282,#6516);
#6516 = DEFINITIONAL_REPRESENTATION('',(#6517),#6565);
#6517 = B_SPLINE_CURVE_WITH_KNOTS('',3,(#6518,#6519,#6520,#6521,#6522,
    #6523,#6524,#6525,#6526,#6527,#6528,#6529,#6530,#6531,#6532,#6533,
    #6534,#6535,#6536,#6537,#6538,#6539,#6540,#6541,#6542,#6543,#6544,
    #6545,#6546,#6547,#6548,#6549,#6550,#6551,#6552,#6553,#6554,#6555,
    #6556,#6557,#6558,#6559,#6560,#6561,#6562,#6563,#6564),
  .UNSPECIFIED.,.F.,.F.,(4,1,1,1,1,1,1,1,1,1,1,1,1,1,1,1,1,1,1,1,1,1,1,1
    ,1,1,1,1,1,1,1,1,1,1,1,1,1,1,1,1,1,1,1,1,4),(0.,5.759083778081E-02,
    0.115181675562,0.172772513342,0.230363351123,0.287954188904,
    0.345545026685,0.403135864466,0.460726702247,0.518317540027,
    0.575908377808,0.633499215589,0.69109005337,0.748680891151,
    0.806271728931,0.863862566712,0.921453404493,0.979044242274,
    1.036635080055,1.094225917835,1.151816755616,1.209407593397,
    1.266998431178,1.324589268959,1.38218010674,1.43977094452,
    1.497361782301,1.554952620082,1.612543457863,1.670134295644,
    1.727725133424,1.785315971205,1.842906808986,1.900497646767,
    1.958088484548,2.015679322328,2.073270160109,2.13086099789,
    2.188451835671,2.246042673452,2.303633511233,2.361224349013,
    2.418815186794,2.476406024575,2.533996862356),
  .QUASI_UNIFORM_KNOTS.);
#6518 = CARTESIAN_POINT('',(-4.730011323385,3.911700935788));
#6519 = CARTESIAN_POINT('',(-4.730300901722,3.884396252026));
#6520 = CARTESIAN_POINT('',(-4.730861461386,3.828855599438));
#6521 = CARTESIAN_POINT('',(-4.731647294383,3.743005209376));
#6522 = CARTESIAN_POINT('',(-4.732378905461,3.654877629653));
#6523 = CARTESIAN_POINT('',(-4.733057079032,3.5647078605));
#6524 = CARTESIAN_POINT('',(-4.733682588776,3.472714897004));
#6525 = CARTESIAN_POINT('',(-4.734256190355,3.379100482184));
#6526 = CARTESIAN_POINT('',(-4.734778613703,3.284051123681));
#6527 = CARTESIAN_POINT('',(-4.735250555878,3.18773916406));
#6528 = CARTESIAN_POINT('',(-4.735672674163,3.090324036749));
#6529 = CARTESIAN_POINT('',(-4.736045579478,2.991953408279));
#6530 = CARTESIAN_POINT('',(-4.736369830056,2.89276429085));
#6531 = CARTESIAN_POINT('',(-4.736645925364,2.792884107181));
#6532 = CARTESIAN_POINT('',(-4.73687430026,2.692431714531));
#6533 = CARTESIAN_POINT('',(-4.737055319264,2.5915183971));
#6534 = CARTESIAN_POINT('',(-4.737189271358,2.49024880179));
#6535 = CARTESIAN_POINT('',(-4.737276363564,2.388721926973));
#6536 = CARTESIAN_POINT('',(-4.737316719822,2.287031769381));
#6537 = CARTESIAN_POINT('',(-4.737310360605,2.185269117747));
#6538 = CARTESIAN_POINT('',(-4.737257276204,2.083600978684));
#6539 = CARTESIAN_POINT('',(-4.737157406457,1.982110184883));
#6540 = CARTESIAN_POINT('',(-4.737010598368,1.880899267908));
#6541 = CARTESIAN_POINT('',(-4.736816621256,1.780070758777));
#6542 = CARTESIAN_POINT('',(-4.736575167846,1.679733641623));
#6543 = CARTESIAN_POINT('',(-4.736285859254,1.580002836612));
#6544 = CARTESIAN_POINT('',(-4.735948249092,1.481000590227));
#6545 = CARTESIAN_POINT('',(-4.735561827991,1.382857399081));
#6546 = CARTESIAN_POINT('',(-4.735126028162,1.285713099201));
#6547 = CARTESIAN_POINT('',(-4.734640228349,1.189717981587));
#6548 = CARTESIAN_POINT('',(-4.734103758202,1.095033873641));
#6549 = CARTESIAN_POINT('',(-4.733515905689,1.001835581966));
#6550 = CARTESIAN_POINT('',(-4.732875914174,0.910311189726));
#6551 = CARTESIAN_POINT('',(-4.732183019062,0.820666855017));
#6552 = CARTESIAN_POINT('',(-4.731436326573,0.733113640516));
#6553 = CARTESIAN_POINT('',(-4.730635135386,0.647907001985));
#6554 = CARTESIAN_POINT('',(-4.729778845609,0.565326052622));
#6555 = CARTESIAN_POINT('',(-4.728866849061,0.485665960595));
#6556 = CARTESIAN_POINT('',(-4.727898848215,0.409257711229));
#6557 = CARTESIAN_POINT('',(-4.726873064559,0.336349525619));
#6558 = CARTESIAN_POINT('',(-4.725790719759,0.26743071209));
#6559 = CARTESIAN_POINT('',(-4.72465315054,0.202965493826));
#6560 = CARTESIAN_POINT('',(-4.72346203881,0.143419546885));
#6561 = CARTESIAN_POINT('',(-4.722219359151,8.925275547312E-02));
#6562 = CARTESIAN_POINT('',(-4.720927357673,4.092164355171E-02));
#6563 = CARTESIAN_POINT('',(-4.720034911279,1.28918037654E-02));
#6564 = CARTESIAN_POINT('',(-4.719581332939,1.767475055203E-13));
#6565 = ( GEOMETRIC_REPRESENTATION_CONTEXT(2) 
PARAMETRIC_REPRESENTATION_CONTEXT() REPRESENTATION_CONTEXT('2D SPACE',''
  ) );
#6566 = PCURVE('',#4825,#6567);
#6567 = DEFINITIONAL_REPRESENTATION('',(#6568),#6616);
#6568 = B_SPLINE_CURVE_WITH_KNOTS('',3,(#6569,#6570,#6571,#6572,#6573,
    #6574,#6575,#6576,#6577,#6578,#6579,#6580,#6581,#6582,#6583,#6584,
    #6585,#6586,#6587,#6588,#6589,#6590,#6591,#6592,#6593,#6594,#6595,
    #6596,#6597,#6598,#6599,#6600,#6601,#6602,#6603,#6604,#6605,#6606,
    #6607,#6608,#6609,#6610,#6611,#6612,#6613,#6614,#6615),
  .UNSPECIFIED.,.F.,.F.,(4,1,1,1,1,1,1,1,1,1,1,1,1,1,1,1,1,1,1,1,1,1,1,1
    ,1,1,1,1,1,1,1,1,1,1,1,1,1,1,1,1,1,1,1,1,4),(0.,5.759083778081E-02,
    0.115181675562,0.172772513342,0.230363351123,0.287954188904,
    0.345545026685,0.403135864466,0.460726702247,0.518317540027,
    0.575908377808,0.633499215589,0.69109005337,0.748680891151,
    0.806271728931,0.863862566712,0.921453404493,0.979044242274,
    1.036635080055,1.094225917835,1.151816755616,1.209407593397,
    1.266998431178,1.324589268959,1.38218010674,1.43977094452,
    1.497361782301,1.554952620082,1.612543457863,1.670134295644,
    1.727725133424,1.785315971205,1.842906808986,1.900497646767,
    1.958088484548,2.015679322328,2.073270160109,2.13086099789,
    2.188451835671,2.246042673452,2.303633511233,2.361224349013,
    2.418815186794,2.476406024575,2.533996862356),
  .QUASI_UNIFORM_KNOTS.);
#6569 = CARTESIAN_POINT('',(10.210176124167,-3.985358089154));
#6570 = CARTESIAN_POINT('',(10.193745625452,-3.984876805583));
#6571 = CARTESIAN_POINT('',(10.16112920704,-3.983921767665));
#6572 = CARTESIAN_POINT('',(10.112888045665,-3.982522445596));
#6573 = CARTESIAN_POINT('',(10.065279112363,-3.981167423761));
#6574 = CARTESIAN_POINT('',(10.018254554728,-3.979866303544));
#6575 = CARTESIAN_POINT('',(9.97176818294,-3.978627800459));
#6576 = CARTESIAN_POINT('',(9.925775462448,-3.977459663622));
#6577 = CARTESIAN_POINT('',(9.880233119626,-3.976368771583));
#6578 = CARTESIAN_POINT('',(9.835098909558,-3.975361180085));
#6579 = CARTESIAN_POINT('',(9.79033138538,-3.974442181179));
#6580 = CARTESIAN_POINT('',(9.745889699885,-3.973616357058));
#6581 = CARTESIAN_POINT('',(9.701733419935,-3.972887632384));
#6582 = CARTESIAN_POINT('',(9.657822349128,-3.972259323398));
#6583 = CARTESIAN_POINT('',(9.614116350341,-3.971734183502));
#6584 = CARTESIAN_POINT('',(9.570575165699,-3.971314444965));
#6585 = CARTESIAN_POINT('',(9.527158217089,-3.971001855141));
#6586 = CARTESIAN_POINT('',(9.483824427216,-3.970797710675));
#6587 = CARTESIAN_POINT('',(9.440531893101,-3.970702874097));
#6588 = CARTESIAN_POINT('',(9.397238024259,-3.970717828386));
#6589 = CARTESIAN_POINT('',(9.353932764198,-3.970842513463));
#6590 = CARTESIAN_POINT('',(9.310569956632,-3.971076368859));
#6591 = CARTESIAN_POINT('',(9.267110951442,-3.971418429143));
#6592 = CARTESIAN_POINT('',(9.223515629725,-3.971867278071));
#6593 = CARTESIAN_POINT('',(9.179744563126,-3.972421030538));
#6594 = CARTESIAN_POINT('',(9.135758205793,-3.973077300531));
#6595 = CARTESIAN_POINT('',(9.091516891335,-3.973833166724));
#6596 = CARTESIAN_POINT('',(9.04698061827,-3.974685133024));
#6597 = CARTESIAN_POINT('',(9.002108884607,-3.975629085366));
#6598 = CARTESIAN_POINT('',(8.956860507993,-3.976660244421));
#6599 = CARTESIAN_POINT('',(8.911193383189,-3.977773116385));
#6600 = CARTESIAN_POINT('',(8.865064387245,-3.978961435661));
#6601 = CARTESIAN_POINT('',(8.818428588901,-3.980218124182));
#6602 = CARTESIAN_POINT('',(8.771240871891,-3.981535176687));
#6603 = CARTESIAN_POINT('',(8.723447568216,-3.982903833228));
#6604 = CARTESIAN_POINT('',(8.675006525548,-3.984313936776));
#6605 = CARTESIAN_POINT('',(8.62587693125,-3.985754125121));
#6606 = CARTESIAN_POINT('',(8.576012836398,-3.987211984039));
#6607 = CARTESIAN_POINT('',(8.525377237417,-3.988673618034));
#6608 = CARTESIAN_POINT('',(8.473853179386,-3.99012608678));
#6609 = CARTESIAN_POINT('',(8.421468394876,-3.991551034772));
#6610 = CARTESIAN_POINT('',(8.3682339676,-3.992929580596));
#6611 = CARTESIAN_POINT('',(8.314158997558,-3.994242154637));
#6612 = CARTESIAN_POINT('',(8.259246646519,-3.995468884026));
#6613 = CARTESIAN_POINT('',(8.203495834691,-3.996589773617));
#6614 = CARTESIAN_POINT('',(8.165764149065,-3.997253361583));
#6615 = CARTESIAN_POINT('',(8.146756152563,-3.997560944067));
#6616 = ( GEOMETRIC_REPRESENTATION_CONTEXT(2) 
PARAMETRIC_REPRESENTATION_CONTEXT() REPRESENTATION_CONTEXT('2D SPACE',''
  ) );
#6617 = ORIENTED_EDGE('',*,*,#6618,.T.);
#6618 = EDGE_CURVE('',#6485,#6619,#6621,.T.);
#6619 = VERTEX_POINT('',#6620);
#6620 = CARTESIAN_POINT('',(81.324966793317,47.736147478257,9.5));
#6621 = SURFACE_CURVE('',#6622,(#6627,#6634),.PCURVE_S1.);
#6622 = CIRCLE('',#6623,94.3);
#6623 = AXIS2_PLACEMENT_3D('',#6624,#6625,#6626);
#6624 = CARTESIAN_POINT('',(0.,-9.184850993605E-16,9.5));
#6625 = DIRECTION('',(0.,-1.224646799147E-16,-1.));
#6626 = DIRECTION('',(1.,0.,0.));
#6627 = PCURVE('',#5282,#6628);
#6628 = DEFINITIONAL_REPRESENTATION('',(#6629),#6633);
#6629 = LINE('',#6630,#6631);
#6630 = CARTESIAN_POINT('',(-0.,0.));
#6631 = VECTOR('',#6632,1.);
#6632 = DIRECTION('',(-1.,0.));
#6633 = ( GEOMETRIC_REPRESENTATION_CONTEXT(2) 
PARAMETRIC_REPRESENTATION_CONTEXT() REPRESENTATION_CONTEXT('2D SPACE',''
  ) );
#6634 = PCURVE('',#5520,#6635);
#6635 = DEFINITIONAL_REPRESENTATION('',(#6636),#6640);
#6636 = LINE('',#6637,#6638);
#6637 = CARTESIAN_POINT('',(-0.,6.28318530718));
#6638 = VECTOR('',#6639,1.);
#6639 = DIRECTION('',(-1.,0.));
#6640 = ( GEOMETRIC_REPRESENTATION_CONTEXT(2) 
PARAMETRIC_REPRESENTATION_CONTEXT() REPRESENTATION_CONTEXT('2D SPACE',''
  ) );
#6641 = ORIENTED_EDGE('',*,*,#6642,.T.);
#6642 = EDGE_CURVE('',#6619,#6643,#6645,.T.);
#6643 = VERTEX_POINT('',#6644);
#6644 = CARTESIAN_POINT('',(80.822664842226,48.581754268462,
    13.411700935788));
#6645 = SURFACE_CURVE('',#6646,(#6673,#6724),.PCURVE_S1.);
#6646 = B_SPLINE_CURVE_WITH_KNOTS('',7,(#6647,#6648,#6649,#6650,#6651,
    #6652,#6653,#6654,#6655,#6656,#6657,#6658,#6659,#6660,#6661,#6662,
    #6663,#6664,#6665,#6666,#6667,#6668,#6669,#6670,#6671,#6672),
  .UNSPECIFIED.,.F.,.F.,(8,6,6,6,8),(0.,0.277445545658,0.458099254088,
    0.999999417452,1.651920910397),.UNSPECIFIED.);
#6647 = CARTESIAN_POINT('',(81.324966793317,47.736147478257,9.5));
#6648 = CARTESIAN_POINT('',(81.256410016855,47.852943195208,
    9.540822526503));
#6649 = CARTESIAN_POINT('',(81.190360188287,47.965019645621,
    9.590409099622));
#6650 = CARTESIAN_POINT('',(81.12712978668,48.071908411371,
    9.647908348978));
#6651 = CARTESIAN_POINT('',(81.0669830891,48.173229919776,9.712448531128
    ));
#6652 = CARTESIAN_POINT('',(81.01013394947,48.268692619822,
    9.783137636019));
#6653 = CARTESIAN_POINT('',(80.956743577419,48.35809215838,
    9.859063493439));
#6654 = CARTESIAN_POINT('',(80.874475489401,48.495496729001,
    9.991534461433));
#6655 = CARTESIAN_POINT('',(80.843496730698,48.547141539982,
    10.045676323025));
#6656 = CARTESIAN_POINT('',(80.813978578516,48.596266839411,
    10.101537765511));
#6657 = CARTESIAN_POINT('',(80.785914752563,48.642897857064,
    10.158950546949));
#6658 = CARTESIAN_POINT('',(80.759296328146,48.687062923211,
    10.217759697101));
#6659 = CARTESIAN_POINT('',(80.734111909547,48.728793189368,
    10.277823332325));
#6660 = CARTESIAN_POINT('',(80.639063504242,48.886096556421,
    10.522559236575));
#6661 = CARTESIAN_POINT('',(80.58053516844,48.982505356527,
    10.716295652499));
#6662 = CARTESIAN_POINT('',(80.534324289132,49.058371928278,
    10.916987298304));
#6663 = CARTESIAN_POINT('',(80.500000924906,49.114602170149,
    11.122316874794));
#6664 = CARTESIAN_POINT('',(80.477230154459,49.151865723346,
    11.330533831701));
#6665 = CARTESIAN_POINT('',(80.465833073897,49.170516650974,
    11.540204620339));
#6666 = CARTESIAN_POINT('',(80.465833073897,49.170516650974,
    12.002389879849));
#6667 = CARTESIAN_POINT('',(80.482327408788,49.143524216808,
    12.254484391918));
#6668 = CARTESIAN_POINT('',(80.515250940901,49.089646168213,
    12.504101158926));
#6669 = CARTESIAN_POINT('',(80.565003793039,49.008098740314,
    12.748756532965));
#6670 = CARTESIAN_POINT('',(80.632300940607,48.897460008629,
    12.985144635336));
#6671 = CARTESIAN_POINT('',(80.717974174933,48.755922098384,
    13.208521836907));
#6672 = CARTESIAN_POINT('',(80.822664842226,48.581754268462,
    13.411700935788));
#6673 = PCURVE('',#5282,#6674);
#6674 = DEFINITIONAL_REPRESENTATION('',(#6675),#6723);
#6675 = B_SPLINE_CURVE_WITH_KNOTS('',3,(#6676,#6677,#6678,#6679,#6680,
    #6681,#6682,#6683,#6684,#6685,#6686,#6687,#6688,#6689,#6690,#6691,
    #6692,#6693,#6694,#6695,#6696,#6697,#6698,#6699,#6700,#6701,#6702,
    #6703,#6704,#6705,#6706,#6707,#6708,#6709,#6710,#6711,#6712,#6713,
    #6714,#6715,#6716,#6717,#6718,#6719,#6720,#6721,#6722),
  .UNSPECIFIED.,.F.,.F.,(4,1,1,1,1,1,1,1,1,1,1,1,1,1,1,1,1,1,1,1,1,1,1,1
    ,1,1,1,1,1,1,1,1,1,1,1,1,1,1,1,1,1,1,1,1,4),(0.,3.754365705447E-02,
    7.508731410894E-02,0.112630971163,0.150174628218,0.187718285272,
    0.225261942327,0.262805599381,0.300349256436,0.33789291349,
    0.375436570545,0.412980227599,0.450523884654,0.488067541708,
    0.525611198763,0.563154855817,0.600698512872,0.638242169926,
    0.67578582698,0.713329484035,0.750873141089,0.788416798144,
    0.825960455198,0.863504112253,0.901047769307,0.938591426362,
    0.976135083416,1.013678740471,1.051222397525,1.08876605458,
    1.126309711634,1.163853368689,1.201397025743,1.238940682798,
    1.276484339852,1.314027996907,1.351571653961,1.389115311015,
    1.42665896807,1.464202625124,1.501746282179,1.539289939233,
    1.576833596288,1.614377253342,1.651920910397),
  .QUASI_UNIFORM_KNOTS.);
#6676 = CARTESIAN_POINT('',(-5.752394179027,1.678657213233E-13));
#6677 = CARTESIAN_POINT('',(-5.751940694248,1.288900557469E-02));
#6678 = CARTESIAN_POINT('',(-5.751048334372,4.091555642367E-02));
#6679 = CARTESIAN_POINT('',(-5.749756240989,8.92488301947E-02));
#6680 = CARTESIAN_POINT('',(-5.748513329676,0.143425655234));
#6681 = CARTESIAN_POINT('',(-5.747321922203,0.202988171507));
#6682 = CARTESIAN_POINT('',(-5.746184064072,0.267473816063));
#6683 = CARTESIAN_POINT('',(-5.745101503094,0.336412591696));
#6684 = CARTESIAN_POINT('',(-5.744075634292,0.40933480444));
#6685 = CARTESIAN_POINT('',(-5.74310773843,0.485742917951));
#6686 = CARTESIAN_POINT('',(-5.742195815154,0.56540425298));
#6687 = CARTESIAN_POINT('',(-5.741339602695,0.64798548598));
#6688 = CARTESIAN_POINT('',(-5.740538483259,0.733192133042));
#6689 = CARTESIAN_POINT('',(-5.739791859558,0.820744945403));
#6690 = CARTESIAN_POINT('',(-5.73909902942,0.910388574147));
#6691 = CARTESIAN_POINT('',(-5.738459099357,1.001911977718));
#6692 = CARTESIAN_POINT('',(-5.737871304831,1.095109028063));
#6693 = CARTESIAN_POINT('',(-5.737334889306,1.189791669232));
#6694 = CARTESIAN_POINT('',(-5.736849140835,1.285785119333));
#6695 = CARTESIAN_POINT('',(-5.736413389161,1.382927573343));
#6696 = CARTESIAN_POINT('',(-5.736027013114,1.481068760522));
#6697 = CARTESIAN_POINT('',(-5.73568944499,1.580068863161));
#6698 = CARTESIAN_POINT('',(-5.735400175505,1.6797974012));
#6699 = CARTESIAN_POINT('',(-5.735158758347,1.780132143146));
#6700 = CARTESIAN_POINT('',(-5.734964814709,1.880958182279));
#6701 = CARTESIAN_POINT('',(-5.734818037382,1.982166547071));
#6702 = CARTESIAN_POINT('',(-5.73471819575,2.083654716381));
#6703 = CARTESIAN_POINT('',(-5.734665136873,2.18532017352));
#6704 = CARTESIAN_POINT('',(-5.734658800643,2.287080077511));
#6705 = CARTESIAN_POINT('',(-5.734699177358,2.388767434979));
#6706 = CARTESIAN_POINT('',(-5.734786287546,2.490291491797));
#6707 = CARTESIAN_POINT('',(-5.734920255175,2.591558239871));
#6708 = CARTESIAN_POINT('',(-5.73510128727,2.692468683206));
#6709 = CARTESIAN_POINT('',(-5.735329672799,2.79291817514));
#6710 = CARTESIAN_POINT('',(-5.735605776246,2.892795434001));
#6711 = CARTESIAN_POINT('',(-5.735930032422,2.991981606378));
#6712 = CARTESIAN_POINT('',(-5.736302940732,3.090349275212));
#6713 = CARTESIAN_POINT('',(-5.736725059336,3.187761435891));
#6714 = CARTESIAN_POINT('',(-5.737196999079,3.284070431615));
#6715 = CARTESIAN_POINT('',(-5.737719417161,3.379116841005));
#6716 = CARTESIAN_POINT('',(-5.73829301056,3.472728336012));
#6717 = CARTESIAN_POINT('',(-5.738918509137,3.564718426111));
#6718 = CARTESIAN_POINT('',(-5.739596668485,3.654885388043));
#6719 = CARTESIAN_POINT('',(-5.740328262232,3.743010249224));
#6720 = CARTESIAN_POINT('',(-5.741114074748,3.828858034329));
#6721 = CARTESIAN_POINT('',(-5.741674618653,3.884397044857));
#6722 = CARTESIAN_POINT('',(-5.741964188581,3.911700935788));
#6723 = ( GEOMETRIC_REPRESENTATION_CONTEXT(2) 
PARAMETRIC_REPRESENTATION_CONTEXT() REPRESENTATION_CONTEXT('2D SPACE',''
  ) );
#6724 = PCURVE('',#5119,#6725);
#6725 = DEFINITIONAL_REPRESENTATION('',(#6726),#6774);
#6726 = B_SPLINE_CURVE_WITH_KNOTS('',3,(#6727,#6728,#6729,#6730,#6731,
    #6732,#6733,#6734,#6735,#6736,#6737,#6738,#6739,#6740,#6741,#6742,
    #6743,#6744,#6745,#6746,#6747,#6748,#6749,#6750,#6751,#6752,#6753,
    #6754,#6755,#6756,#6757,#6758,#6759,#6760,#6761,#6762,#6763,#6764,
    #6765,#6766,#6767,#6768,#6769,#6770,#6771,#6772,#6773),
  .UNSPECIFIED.,.F.,.F.,(4,1,1,1,1,1,1,1,1,1,1,1,1,1,1,1,1,1,1,1,1,1,1,1
    ,1,1,1,1,1,1,1,1,1,1,1,1,1,1,1,1,1,1,1,1,4),(0.,3.754365705447E-02,
    7.508731410894E-02,0.112630971163,0.150174628218,0.187718285272,
    0.225261942327,0.262805599381,0.300349256436,0.33789291349,
    0.375436570545,0.412980227599,0.450523884654,0.488067541708,
    0.525611198763,0.563154855817,0.600698512872,0.638242169926,
    0.67578582698,0.713329484035,0.750873141089,0.788416798144,
    0.825960455198,0.863504112253,0.901047769307,0.938591426362,
    0.976135083416,1.013678740471,1.051222397525,1.08876605458,
    1.126309711634,1.163853368689,1.201397025743,1.238940682798,
    1.276484339852,1.314027996907,1.351571653961,1.389115311015,
    1.42665896807,1.464202625124,1.501746282179,1.539289939233,
    1.576833596288,1.614377253342,1.651920910397),
  .QUASI_UNIFORM_KNOTS.);
#6727 = CARTESIAN_POINT('',(7.561207115386,-3.997560944067));
#6728 = CARTESIAN_POINT('',(7.542203047231,-3.997253428951));
#6729 = CARTESIAN_POINT('',(7.504475109671,-3.996589917319));
#6730 = CARTESIAN_POINT('',(7.448720526234,-3.995468974536));
#6731 = CARTESIAN_POINT('',(7.393797960808,-3.994242016176));
#6732 = CARTESIAN_POINT('',(7.339709218903,-3.992929083854));
#6733 = CARTESIAN_POINT('',(7.286460393988,-3.991550123016));
#6734 = CARTESIAN_POINT('',(7.234063680785,-3.990124801871));
#6735 = CARTESIAN_POINT('',(7.182533306247,-3.988672111486));
#6736 = CARTESIAN_POINT('',(7.131900973629,-3.987210544266));
#6737 = CARTESIAN_POINT('',(7.082038672426,-3.985752727497));
#6738 = CARTESIAN_POINT('',(7.03291116003,-3.984312603221));
#6739 = CARTESIAN_POINT('',(6.984472022336,-3.982902570458));
#6740 = CARTESIAN_POINT('',(6.93668058022,-3.981533993033));
#6741 = CARTESIAN_POINT('',(6.889494639808,-3.980217024877));
#6742 = CARTESIAN_POINT('',(6.842860548436,-3.97896042465));
#6743 = CARTESIAN_POINT('',(6.796733194333,-3.977772196174));
#6744 = CARTESIAN_POINT('',(6.751067651348,-3.976659416251));
#6745 = CARTESIAN_POINT('',(6.705820800966,-3.975628349345));
#6746 = CARTESIAN_POINT('',(6.660950542142,-3.974684488249));
#6747 = CARTESIAN_POINT('',(6.616415696441,-3.973832611402));
#6748 = CARTESIAN_POINT('',(6.572175765575,-3.973076832081));
#6749 = CARTESIAN_POINT('',(6.528190751593,-3.972420645691));
#6750 = CARTESIAN_POINT('',(6.484420991473,-3.971866972962));
#6751 = CARTESIAN_POINT('',(6.440826942653,-3.971418199392));
#6752 = CARTESIAN_POINT('',(6.397369179783,-3.97107620964));
#6753 = CARTESIAN_POINT('',(6.354007587557,-3.970842419578));
#6754 = CARTESIAN_POINT('',(6.31070351685,-3.970717794319));
#6755 = CARTESIAN_POINT('',(6.267410821795,-3.970702894085));
#6756 = CARTESIAN_POINT('',(6.224119446887,-3.970797778664));
#6757 = CARTESIAN_POINT('',(6.180786793304,-3.971001964963));
#6758 = CARTESIAN_POINT('',(6.137370969061,-3.971314590336));
#6759 = CARTESIAN_POINT('',(6.093830901952,-3.971734358037));
#6760 = CARTESIAN_POINT('',(6.050126019912,-3.972259520622));
#6761 = CARTESIAN_POINT('',(6.006216070318,-3.97288784576));
#6762 = CARTESIAN_POINT('',(5.962060921022,-3.973616580019));
#6763 = CARTESIAN_POINT('',(5.917620380197,-3.974442407175));
#6764 = CARTESIAN_POINT('',(5.872854018922,-3.975361402639));
#6765 = CARTESIAN_POINT('',(5.827720993821,-3.976368984361));
#6766 = CARTESIAN_POINT('',(5.782179861466,-3.977459860521));
#6767 = CARTESIAN_POINT('',(5.736188379963,-3.978627975703));
#6768 = CARTESIAN_POINT('',(5.689703278281,-3.979866451794));
#6769 = CARTESIAN_POINT('',(5.642680024036,-3.981167540242));
#6770 = CARTESIAN_POINT('',(5.595072429141,-3.982522526228));
#6771 = CARTESIAN_POINT('',(5.546832642545,-3.983921809196));
#6772 = CARTESIAN_POINT('',(5.514217165463,-3.984876819565));
#6773 = CARTESIAN_POINT('',(5.497787143782,-3.985358089154));
#6774 = ( GEOMETRIC_REPRESENTATION_CONTEXT(2) 
PARAMETRIC_REPRESENTATION_CONTEXT() REPRESENTATION_CONTEXT('2D SPACE',''
  ) );
#6775 = ORIENTED_EDGE('',*,*,#6776,.F.);
#6776 = EDGE_CURVE('',#5266,#6643,#6777,.T.);
#6777 = SURFACE_CURVE('',#6778,(#6783,#6793),.PCURVE_S1.);
#6778 = ELLIPSE('',#6779,133.36033893178,94.3);
#6779 = AXIS2_PLACEMENT_3D('',#6780,#6781,#6782);
#6780 = CARTESIAN_POINT('',(0.,-2.359402231217E-16,15.073401871577));
#6781 = DIRECTION('',(-0.353553390593,0.612372435696,0.707106781187));
#6782 = DIRECTION('',(0.353553390593,-0.612372435696,0.707106781187));
#6783 = PCURVE('',#5282,#6784);
#6784 = DEFINITIONAL_REPRESENTATION('',(#6785),#6792);
#6785 = B_SPLINE_CURVE_WITH_KNOTS('',5,(#6786,#6787,#6788,#6789,#6790,
    #6791),.UNSPECIFIED.,.F.,.F.,(6,6),(1.574906327392,1.589647187053),
  .PIECEWISE_BEZIER_KNOTS.);
#6786 = CARTESIAN_POINT('',(-5.755476530984,5.185829906421));
#6787 = CARTESIAN_POINT('',(-5.752528359052,4.907819641329));
#6788 = CARTESIAN_POINT('',(-5.74958018712,4.629813587069));
#6789 = CARTESIAN_POINT('',(-5.746632015188,4.351816777781));
#6790 = CARTESIAN_POINT('',(-5.743683843256,4.073834247451));
#6791 = CARTESIAN_POINT('',(-5.740735671324,3.795871029367));
#6792 = ( GEOMETRIC_REPRESENTATION_CONTEXT(2) 
PARAMETRIC_REPRESENTATION_CONTEXT() REPRESENTATION_CONTEXT('2D SPACE',''
  ) );
#6793 = PCURVE('',#4990,#6794);
#6794 = DEFINITIONAL_REPRESENTATION('',(#6795),#6799);
#6795 = ELLIPSE('',#6796,133.36033893178,94.3);
#6796 = AXIS2_PLACEMENT_2D('',#6797,#6798);
#6797 = CARTESIAN_POINT('',(-0.711917754108,90.3));
#6798 = DIRECTION('',(-1.,-1.221334841948E-17));
#6799 = ( GEOMETRIC_REPRESENTATION_CONTEXT(2) 
PARAMETRIC_REPRESENTATION_CONTEXT() REPRESENTATION_CONTEXT('2D SPACE',''
  ) );
#6800 = ORIENTED_EDGE('',*,*,#5263,.F.);
#6801 = ORIENTED_EDGE('',*,*,#6802,.F.);
#6802 = EDGE_CURVE('',#6803,#5264,#6805,.T.);
#6803 = VERTEX_POINT('',#6804);
#6804 = CARTESIAN_POINT('',(82.484365778014,45.703603820692,
    13.411700935788));
#6805 = SURFACE_CURVE('',#6806,(#6811,#6821),.PCURVE_S1.);
#6806 = ELLIPSE('',#6807,133.36033893178,94.3);
#6807 = AXIS2_PLACEMENT_3D('',#6808,#6809,#6810);
#6808 = CARTESIAN_POINT('',(0.,-2.359402231217E-16,15.073401871577));
#6809 = DIRECTION('',(0.353553390593,-0.612372435696,0.707106781187));
#6810 = DIRECTION('',(-0.353553390593,0.612372435696,0.707106781187));
#6811 = PCURVE('',#5282,#6812);
#6812 = DEFINITIONAL_REPRESENTATION('',(#6813),#6820);
#6813 = B_SPLINE_CURVE_WITH_KNOTS('',5,(#6814,#6815,#6816,#6817,#6818,
    #6819),.UNSPECIFIED.,.F.,.F.,(6,6),(4.693538120127,4.708278979788),
  .PIECEWISE_BEZIER_KNOTS.);
#6814 = CARTESIAN_POINT('',(-5.778437391839,3.795871029367));
#6815 = CARTESIAN_POINT('',(-5.775489219907,4.073834247451));
#6816 = CARTESIAN_POINT('',(-5.772541047975,4.351816777781));
#6817 = CARTESIAN_POINT('',(-5.769592876043,4.629813587069));
#6818 = CARTESIAN_POINT('',(-5.766644704111,4.907819641329));
#6819 = CARTESIAN_POINT('',(-5.763696532178,5.185829906421));
#6820 = ( GEOMETRIC_REPRESENTATION_CONTEXT(2) 
PARAMETRIC_REPRESENTATION_CONTEXT() REPRESENTATION_CONTEXT('2D SPACE',''
  ) );
#6821 = PCURVE('',#5217,#6822);
#6822 = DEFINITIONAL_REPRESENTATION('',(#6823),#6827);
#6823 = ELLIPSE('',#6824,133.36033893178,94.3);
#6824 = AXIS2_PLACEMENT_2D('',#6825,#6826);
#6825 = CARTESIAN_POINT('',(2.35,90.3));
#6826 = DIRECTION('',(1.,4.329780281177E-17));
#6827 = ( GEOMETRIC_REPRESENTATION_CONTEXT(2) 
PARAMETRIC_REPRESENTATION_CONTEXT() REPRESENTATION_CONTEXT('2D SPACE',''
  ) );
#6828 = ORIENTED_EDGE('',*,*,#6829,.T.);
#6829 = EDGE_CURVE('',#6803,#6830,#6832,.T.);
#6830 = VERTEX_POINT('',#6831);
#6831 = CARTESIAN_POINT('',(82.003199791629,46.56141346581,9.5));
#6832 = SURFACE_CURVE('',#6833,(#6860,#6911),.PCURVE_S1.);
#6833 = B_SPLINE_CURVE_WITH_KNOTS('',7,(#6834,#6835,#6836,#6837,#6838,
    #6839,#6840,#6841,#6842,#6843,#6844,#6845,#6846,#6847,#6848,#6849,
    #6850,#6851,#6852,#6853,#6854,#6855,#6856,#6857,#6858,#6859),
  .UNSPECIFIED.,.F.,.F.,(8,6,6,6,8),(0.,1.,1.831236008299,2.108345848139
    ,2.533996862211),.UNSPECIFIED.);
#6834 = CARTESIAN_POINT('',(82.484365778014,45.703603820692,
    13.411700935788));
#6835 = CARTESIAN_POINT('',(82.58285431998,45.52585492911,
    13.208521609201));
#6836 = CARTESIAN_POINT('',(82.662593225624,45.380890599306,
    12.985144077101));
#6837 = CARTESIAN_POINT('',(82.724760587129,45.267290221386,
    12.748755710227));
#6838 = CARTESIAN_POINT('',(82.770506217325,45.183429434818,
    12.504100364702));
#6839 = CARTESIAN_POINT('',(82.800704133553,45.127977935712,
    12.254483836574));
#6840 = CARTESIAN_POINT('',(82.815833073897,45.100197253187,
    12.002389667395));
#6841 = CARTESIAN_POINT('',(82.815833073897,45.100197253187,
    11.540204620339));
#6842 = CARTESIAN_POINT('',(82.805379437048,45.119392878296,
    11.330533831701));
#6843 = CARTESIAN_POINT('',(82.784493638569,45.157744720565,
    11.122316874795));
#6844 = CARTESIAN_POINT('',(82.752958502759,45.215584746863,
    10.916987298304));
#6845 = CARTESIAN_POINT('',(82.71036156398,45.293537828151,
    10.716295652499));
#6846 = CARTESIAN_POINT('',(82.656133261841,45.392429253849,
    10.522559236575));
#6847 = CARTESIAN_POINT('',(82.567428752525,45.55339527096,
    10.277823332325));
#6848 = CARTESIAN_POINT('',(82.543881491225,45.596070750324,
    10.217759697101));
#6849 = CARTESIAN_POINT('',(82.51894263419,45.641205515152,
    10.158950546949));
#6850 = CARTESIAN_POINT('',(82.492590901275,45.688825010181,
    10.101537765511));
#6851 = CARTESIAN_POINT('',(82.464806220093,45.738951129558,
    10.045676323025));
#6852 = CARTESIAN_POINT('',(82.435569881161,45.791601927063,
    9.991534461433));
#6853 = CARTESIAN_POINT('',(82.357700382799,45.931564294997,
    9.859050403827));
#6854 = CARTESIAN_POINT('',(82.306976769031,46.022495168444,
    9.783133750295));
#6855 = CARTESIAN_POINT('',(82.252738719015,46.119440474468,
    9.71246010252));
#6856 = CARTESIAN_POINT('',(82.195077384222,46.222167920439,
    9.647930816761));
#6857 = CARTESIAN_POINT('',(82.134132121408,46.330357612374,
    9.590432408398));
#6858 = CARTESIAN_POINT('',(82.07009241369,46.443603273997,
    9.540836538434));
#6859 = CARTESIAN_POINT('',(82.003199791629,46.56141346581,9.5));
#6860 = PCURVE('',#5282,#6861);
#6861 = DEFINITIONAL_REPRESENTATION('',(#6862),#6910);
#6862 = B_SPLINE_CURVE_WITH_KNOTS('',3,(#6863,#6864,#6865,#6866,#6867,
    #6868,#6869,#6870,#6871,#6872,#6873,#6874,#6875,#6876,#6877,#6878,
    #6879,#6880,#6881,#6882,#6883,#6884,#6885,#6886,#6887,#6888,#6889,
    #6890,#6891,#6892,#6893,#6894,#6895,#6896,#6897,#6898,#6899,#6900,
    #6901,#6902,#6903,#6904,#6905,#6906,#6907,#6908,#6909),
  .UNSPECIFIED.,.F.,.F.,(4,1,1,1,1,1,1,1,1,1,1,1,1,1,1,1,1,1,1,1,1,1,1,1
    ,1,1,1,1,1,1,1,1,1,1,1,1,1,1,1,1,1,1,1,1,4),(0.,5.759083777753E-02,
    0.115181675555,0.172772513333,0.23036335111,0.287954188888,
    0.345545026665,0.403135864443,0.46072670222,0.518317539998,
    0.575908377775,0.633499215553,0.69109005333,0.748680891108,
    0.806271728885,0.863862566663,0.92145340444,0.979044242218,
    1.036635079995,1.094225917773,1.151816755551,1.209407593328,
    1.266998431106,1.324589268883,1.382180106661,1.439770944438,
    1.497361782216,1.554952619993,1.612543457771,1.670134295548,
    1.727725133326,1.785315971103,1.842906808881,1.900497646658,
    1.958088484436,2.015679322213,2.073270159991,2.130860997768,
    2.188451835546,2.246042673323,2.303633511101,2.361224348879,
    2.418815186656,2.476406024434,2.533996862211),
  .QUASI_UNIFORM_KNOTS.);
#6863 = CARTESIAN_POINT('',(-5.777208874582,3.911700935788));
#6864 = CARTESIAN_POINT('',(-5.777498452919,3.884396252027));
#6865 = CARTESIAN_POINT('',(-5.778059012582,3.828855599443));
#6866 = CARTESIAN_POINT('',(-5.77884484558,3.743005209385));
#6867 = CARTESIAN_POINT('',(-5.779576456658,3.654877629668));
#6868 = CARTESIAN_POINT('',(-5.780254630228,3.564707860521));
#6869 = CARTESIAN_POINT('',(-5.780880139973,3.47271489703));
#6870 = CARTESIAN_POINT('',(-5.781453741551,3.379100482216));
#6871 = CARTESIAN_POINT('',(-5.781976164899,3.284051123719));
#6872 = CARTESIAN_POINT('',(-5.782448107074,3.187739164104));
#6873 = CARTESIAN_POINT('',(-5.782870225359,3.090324036799));
#6874 = CARTESIAN_POINT('',(-5.783243130674,2.991953408335));
#6875 = CARTESIAN_POINT('',(-5.783567381253,2.892764290912));
#6876 = CARTESIAN_POINT('',(-5.78384347656,2.79288410725));
#6877 = CARTESIAN_POINT('',(-5.784071851457,2.692431714605));
#6878 = CARTESIAN_POINT('',(-5.78425287046,2.59151839718));
#6879 = CARTESIAN_POINT('',(-5.784386822555,2.490248801877));
#6880 = CARTESIAN_POINT('',(-5.78447391476,2.388721927066));
#6881 = CARTESIAN_POINT('',(-5.784514271019,2.28703176948));
#6882 = CARTESIAN_POINT('',(-5.784507911802,2.185269117852));
#6883 = CARTESIAN_POINT('',(-5.784454827401,2.083600978794));
#6884 = CARTESIAN_POINT('',(-5.784354957654,1.982110184999));
#6885 = CARTESIAN_POINT('',(-5.784208149565,1.880899268029));
#6886 = CARTESIAN_POINT('',(-5.784014172453,1.780070758904));
#6887 = CARTESIAN_POINT('',(-5.783772719043,1.679733641755));
#6888 = CARTESIAN_POINT('',(-5.783483410451,1.580002836749));
#6889 = CARTESIAN_POINT('',(-5.783145800289,1.481000590368));
#6890 = CARTESIAN_POINT('',(-5.782759379188,1.382857399226));
#6891 = CARTESIAN_POINT('',(-5.78232357936,1.285713099351));
#6892 = CARTESIAN_POINT('',(-5.781837779546,1.18971798174));
#6893 = CARTESIAN_POINT('',(-5.7813013094,1.095033873797));
#6894 = CARTESIAN_POINT('',(-5.780713456887,1.001835582125));
#6895 = CARTESIAN_POINT('',(-5.780073465372,0.910311189887));
#6896 = CARTESIAN_POINT('',(-5.77938057026,0.820666855179));
#6897 = CARTESIAN_POINT('',(-5.778633877771,0.73311364068));
#6898 = CARTESIAN_POINT('',(-5.777832686584,0.647907002149));
#6899 = CARTESIAN_POINT('',(-5.776976396807,0.565326052786));
#6900 = CARTESIAN_POINT('',(-5.77606440026,0.485665960757));
#6901 = CARTESIAN_POINT('',(-5.775096399414,0.409257711391));
#6902 = CARTESIAN_POINT('',(-5.774070615758,0.336349525748));
#6903 = CARTESIAN_POINT('',(-5.772988270957,0.267430712182));
#6904 = CARTESIAN_POINT('',(-5.771850701737,0.202965493889));
#6905 = CARTESIAN_POINT('',(-5.770659590008,0.14341954693));
#6906 = CARTESIAN_POINT('',(-5.769416910349,8.925275550679E-02));
#6907 = CARTESIAN_POINT('',(-5.768124908871,4.092164357432E-02));
#6908 = CARTESIAN_POINT('',(-5.767232462476,1.289180377478E-02));
#6909 = CARTESIAN_POINT('',(-5.766778884135,1.056932319443E-13));
#6910 = ( GEOMETRIC_REPRESENTATION_CONTEXT(2) 
PARAMETRIC_REPRESENTATION_CONTEXT() REPRESENTATION_CONTEXT('2D SPACE',''
  ) );
#6911 = PCURVE('',#5119,#6912);
#6912 = DEFINITIONAL_REPRESENTATION('',(#6913),#6961);
#6913 = B_SPLINE_CURVE_WITH_KNOTS('',3,(#6914,#6915,#6916,#6917,#6918,
    #6919,#6920,#6921,#6922,#6923,#6924,#6925,#6926,#6927,#6928,#6929,
    #6930,#6931,#6932,#6933,#6934,#6935,#6936,#6937,#6938,#6939,#6940,
    #6941,#6942,#6943,#6944,#6945,#6946,#6947,#6948,#6949,#6950,#6951,
    #6952,#6953,#6954,#6955,#6956,#6957,#6958,#6959,#6960),
  .UNSPECIFIED.,.F.,.F.,(4,1,1,1,1,1,1,1,1,1,1,1,1,1,1,1,1,1,1,1,1,1,1,1
    ,1,1,1,1,1,1,1,1,1,1,1,1,1,1,1,1,1,1,1,1,4),(0.,5.759083777753E-02,
    0.115181675555,0.172772513333,0.23036335111,0.287954188888,
    0.345545026665,0.403135864443,0.46072670222,0.518317539998,
    0.575908377775,0.633499215553,0.69109005333,0.748680891108,
    0.806271728885,0.863862566663,0.92145340444,0.979044242218,
    1.036635079995,1.094225917773,1.151816755551,1.209407593328,
    1.266998431106,1.324589268883,1.382180106661,1.439770944438,
    1.497361782216,1.554952619993,1.612543457771,1.670134295548,
    1.727725133326,1.785315971103,1.842906808881,1.900497646658,
    1.958088484436,2.015679322213,2.073270159991,2.130860997768,
    2.188451835546,2.246042673323,2.303633511101,2.361224348879,
    2.418815186656,2.476406024434,2.533996862211),
  .QUASI_UNIFORM_KNOTS.);
#6914 = CARTESIAN_POINT('',(10.210176124167,-3.985358089154));
#6915 = CARTESIAN_POINT('',(10.193745625453,-3.984876805583));
#6916 = CARTESIAN_POINT('',(10.161129207043,-3.983921767665));
#6917 = CARTESIAN_POINT('',(10.11288804567,-3.982522445596));
#6918 = CARTESIAN_POINT('',(10.065279112371,-3.981167423762));
#6919 = CARTESIAN_POINT('',(10.018254554738,-3.979866303544));
#6920 = CARTESIAN_POINT('',(9.971768182953,-3.97862780046));
#6921 = CARTESIAN_POINT('',(9.925775462463,-3.977459663622));
#6922 = CARTESIAN_POINT('',(9.880233119644,-3.976368771583));
#6923 = CARTESIAN_POINT('',(9.835098909578,-3.975361180086));
#6924 = CARTESIAN_POINT('',(9.790331385403,-3.974442181179));
#6925 = CARTESIAN_POINT('',(9.74588969991,-3.973616357058));
#6926 = CARTESIAN_POINT('',(9.701733419963,-3.972887632384));
#6927 = CARTESIAN_POINT('',(9.657822349158,-3.972259323399));
#6928 = CARTESIAN_POINT('',(9.614116350373,-3.971734183503));
#6929 = CARTESIAN_POINT('',(9.570575165734,-3.971314444965));
#6930 = CARTESIAN_POINT('',(9.527158217126,-3.971001855141));
#6931 = CARTESIAN_POINT('',(9.483824427255,-3.970797710676));
#6932 = CARTESIAN_POINT('',(9.440531893143,-3.970702874097));
#6933 = CARTESIAN_POINT('',(9.397238024304,-3.970717828386));
#6934 = CARTESIAN_POINT('',(9.353932764245,-3.970842513463));
#6935 = CARTESIAN_POINT('',(9.310569956682,-3.971076368859));
#6936 = CARTESIAN_POINT('',(9.267110951495,-3.971418429143));
#6937 = CARTESIAN_POINT('',(9.22351562978,-3.97186727807));
#6938 = CARTESIAN_POINT('',(9.179744563184,-3.972421030537));
#6939 = CARTESIAN_POINT('',(9.135758205853,-3.97307730053));
#6940 = CARTESIAN_POINT('',(9.091516891398,-3.973833166723));
#6941 = CARTESIAN_POINT('',(9.046980618337,-3.974685133023));
#6942 = CARTESIAN_POINT('',(9.002108884677,-3.975629085365));
#6943 = CARTESIAN_POINT('',(8.956860508066,-3.976660244419));
#6944 = CARTESIAN_POINT('',(8.911193383265,-3.977773116383));
#6945 = CARTESIAN_POINT('',(8.865064387325,-3.978961435659));
#6946 = CARTESIAN_POINT('',(8.818428588984,-3.98021812418));
#6947 = CARTESIAN_POINT('',(8.771240871978,-3.981535176684));
#6948 = CARTESIAN_POINT('',(8.723447568308,-3.982903833225));
#6949 = CARTESIAN_POINT('',(8.675006525643,-3.984313936773));
#6950 = CARTESIAN_POINT('',(8.62587693135,-3.985754125118));
#6951 = CARTESIAN_POINT('',(8.576012836501,-3.987211984036));
#6952 = CARTESIAN_POINT('',(8.525377237527,-3.988673618031));
#6953 = CARTESIAN_POINT('',(8.473853179481,-3.990126086777));
#6954 = CARTESIAN_POINT('',(8.421468394949,-3.99155103477));
#6955 = CARTESIAN_POINT('',(8.368233967655,-3.992929580594));
#6956 = CARTESIAN_POINT('',(8.314158997601,-3.994242154636));
#6957 = CARTESIAN_POINT('',(8.259246646555,-3.995468884025));
#6958 = CARTESIAN_POINT('',(8.20349583472,-3.996589773616));
#6959 = CARTESIAN_POINT('',(8.165764149078,-3.997253361583));
#6960 = CARTESIAN_POINT('',(8.146756152563,-3.997560944067));
#6961 = ( GEOMETRIC_REPRESENTATION_CONTEXT(2) 
PARAMETRIC_REPRESENTATION_CONTEXT() REPRESENTATION_CONTEXT('2D SPACE',''
  ) );
#6962 = ORIENTED_EDGE('',*,*,#6963,.T.);
#6963 = EDGE_CURVE('',#6830,#6964,#6966,.T.);
#6964 = VERTEX_POINT('',#6965);
#6965 = CARTESIAN_POINT('',(94.3,-9.184850993605E-16,9.5));
#6966 = SURFACE_CURVE('',#6967,(#6972,#6979),.PCURVE_S1.);
#6967 = CIRCLE('',#6968,94.3);
#6968 = AXIS2_PLACEMENT_3D('',#6969,#6970,#6971);
#6969 = CARTESIAN_POINT('',(0.,-9.184850993605E-16,9.5));
#6970 = DIRECTION('',(0.,-1.224646799147E-16,-1.));
#6971 = DIRECTION('',(1.,0.,0.));
#6972 = PCURVE('',#5282,#6973);
#6973 = DEFINITIONAL_REPRESENTATION('',(#6974),#6978);
#6974 = LINE('',#6975,#6976);
#6975 = CARTESIAN_POINT('',(-0.,0.));
#6976 = VECTOR('',#6977,1.);
#6977 = DIRECTION('',(-1.,0.));
#6978 = ( GEOMETRIC_REPRESENTATION_CONTEXT(2) 
PARAMETRIC_REPRESENTATION_CONTEXT() REPRESENTATION_CONTEXT('2D SPACE',''
  ) );
#6979 = PCURVE('',#5520,#6980);
#6980 = DEFINITIONAL_REPRESENTATION('',(#6981),#6985);
#6981 = LINE('',#6982,#6983);
#6982 = CARTESIAN_POINT('',(-0.,6.28318530718));
#6983 = VECTOR('',#6984,1.);
#6984 = DIRECTION('',(-1.,0.));
#6985 = ( GEOMETRIC_REPRESENTATION_CONTEXT(2) 
PARAMETRIC_REPRESENTATION_CONTEXT() REPRESENTATION_CONTEXT('2D SPACE',''
  ) );
#6986 = ORIENTED_EDGE('',*,*,#6987,.T.);
#6987 = EDGE_CURVE('',#6964,#6988,#6990,.T.);
#6988 = VERTEX_POINT('',#6989);
#6989 = CARTESIAN_POINT('',(94.3,0.,17.));
#6990 = SEAM_CURVE('',#6991,(#6995,#7002),.PCURVE_S1.);
#6991 = LINE('',#6992,#6993);
#6992 = CARTESIAN_POINT('',(94.3,-9.184850993605E-16,9.5));
#6993 = VECTOR('',#6994,1.);
#6994 = DIRECTION('',(0.,1.224646799147E-16,1.));
#6995 = PCURVE('',#5282,#6996);
#6996 = DEFINITIONAL_REPRESENTATION('',(#6997),#7001);
#6997 = LINE('',#6998,#6999);
#6998 = CARTESIAN_POINT('',(-6.28318530718,0.));
#6999 = VECTOR('',#7000,1.);
#7000 = DIRECTION('',(-0.,1.));
#7001 = ( GEOMETRIC_REPRESENTATION_CONTEXT(2) 
PARAMETRIC_REPRESENTATION_CONTEXT() REPRESENTATION_CONTEXT('2D SPACE',''
  ) );
#7002 = PCURVE('',#5282,#7003);
#7003 = DEFINITIONAL_REPRESENTATION('',(#7004),#7008);
#7004 = LINE('',#7005,#7006);
#7005 = CARTESIAN_POINT('',(-0.,0.));
#7006 = VECTOR('',#7007,1.);
#7007 = DIRECTION('',(-0.,1.));
#7008 = ( GEOMETRIC_REPRESENTATION_CONTEXT(2) 
PARAMETRIC_REPRESENTATION_CONTEXT() REPRESENTATION_CONTEXT('2D SPACE',''
  ) );
#7009 = ORIENTED_EDGE('',*,*,#7010,.F.);
#7010 = EDGE_CURVE('',#6988,#6988,#7011,.T.);
#7011 = SURFACE_CURVE('',#7012,(#7017,#7024),.PCURVE_S1.);
#7012 = CIRCLE('',#7013,94.3);
#7013 = AXIS2_PLACEMENT_3D('',#7014,#7015,#7016);
#7014 = CARTESIAN_POINT('',(0.,0.,17.));
#7015 = DIRECTION('',(0.,-1.224646799147E-16,-1.));
#7016 = DIRECTION('',(1.,0.,0.));
#7017 = PCURVE('',#5282,#7018);
#7018 = DEFINITIONAL_REPRESENTATION('',(#7019),#7023);
#7019 = LINE('',#7020,#7021);
#7020 = CARTESIAN_POINT('',(-0.,7.5));
#7021 = VECTOR('',#7022,1.);
#7022 = DIRECTION('',(-1.,0.));
#7023 = ( GEOMETRIC_REPRESENTATION_CONTEXT(2) 
PARAMETRIC_REPRESENTATION_CONTEXT() REPRESENTATION_CONTEXT('2D SPACE',''
  ) );
#7024 = PCURVE('',#3443,#7025);
#7025 = DEFINITIONAL_REPRESENTATION('',(#7026),#7030);
#7026 = CIRCLE('',#7027,94.3);
#7027 = AXIS2_PLACEMENT_2D('',#7028,#7029);
#7028 = CARTESIAN_POINT('',(0.,0.));
#7029 = DIRECTION('',(1.,-0.));
#7030 = ( GEOMETRIC_REPRESENTATION_CONTEXT(2) 
PARAMETRIC_REPRESENTATION_CONTEXT() REPRESENTATION_CONTEXT('2D SPACE',''
  ) );
#7031 = ORIENTED_EDGE('',*,*,#6987,.F.);
#7032 = ORIENTED_EDGE('',*,*,#7033,.T.);
#7033 = EDGE_CURVE('',#6964,#7034,#7036,.T.);
#7034 = VERTEX_POINT('',#7035);
#7035 = CARTESIAN_POINT('',(82.003199791629,-46.56141346581,9.5));
#7036 = SURFACE_CURVE('',#7037,(#7042,#7049),.PCURVE_S1.);
#7037 = CIRCLE('',#7038,94.3);
#7038 = AXIS2_PLACEMENT_3D('',#7039,#7040,#7041);
#7039 = CARTESIAN_POINT('',(0.,-9.184850993605E-16,9.5));
#7040 = DIRECTION('',(0.,-1.224646799147E-16,-1.));
#7041 = DIRECTION('',(1.,0.,0.));
#7042 = PCURVE('',#5282,#7043);
#7043 = DEFINITIONAL_REPRESENTATION('',(#7044),#7048);
#7044 = LINE('',#7045,#7046);
#7045 = CARTESIAN_POINT('',(-0.,0.));
#7046 = VECTOR('',#7047,1.);
#7047 = DIRECTION('',(-1.,0.));
#7048 = ( GEOMETRIC_REPRESENTATION_CONTEXT(2) 
PARAMETRIC_REPRESENTATION_CONTEXT() REPRESENTATION_CONTEXT('2D SPACE',''
  ) );
#7049 = PCURVE('',#5520,#7050);
#7050 = DEFINITIONAL_REPRESENTATION('',(#7051),#7055);
#7051 = LINE('',#7052,#7053);
#7052 = CARTESIAN_POINT('',(-0.,6.28318530718));
#7053 = VECTOR('',#7054,1.);
#7054 = DIRECTION('',(-1.,0.));
#7055 = ( GEOMETRIC_REPRESENTATION_CONTEXT(2) 
PARAMETRIC_REPRESENTATION_CONTEXT() REPRESENTATION_CONTEXT('2D SPACE',''
  ) );
#7056 = ORIENTED_EDGE('',*,*,#7057,.T.);
#7057 = EDGE_CURVE('',#7034,#7058,#7060,.T.);
#7058 = VERTEX_POINT('',#7059);
#7059 = CARTESIAN_POINT('',(82.484365778014,-45.70360382069,
    13.411700935788));
#7060 = SURFACE_CURVE('',#7061,(#7088,#7139),.PCURVE_S1.);
#7061 = B_SPLINE_CURVE_WITH_KNOTS('',7,(#7062,#7063,#7064,#7065,#7066,
    #7067,#7068,#7069,#7070,#7071,#7072,#7073,#7074,#7075,#7076,#7077,
    #7078,#7079,#7080,#7081,#7082,#7083,#7084,#7085,#7086,#7087),
  .UNSPECIFIED.,.F.,.F.,(8,6,6,6,8),(0.,0.277445545657,0.458099254086,
    0.999999417452,1.651920910399),.UNSPECIFIED.);
#7062 = CARTESIAN_POINT('',(82.003199791629,-46.56141346581,9.5));
#7063 = CARTESIAN_POINT('',(82.070069461331,-46.44364369731,
    9.540822526503));
#7064 = CARTESIAN_POINT('',(82.134105600271,-46.33040464265,
    9.590409099622));
#7065 = CARTESIAN_POINT('',(82.195058785986,-46.22220112569,
    9.647908348978));
#7066 = CARTESIAN_POINT('',(82.252732437425,-46.11945180343,
    9.712448531128));
#7067 = CARTESIAN_POINT('',(82.306980990963,-46.02248765431,
    9.783137636019));
#7068 = CARTESIAN_POINT('',(82.357708076416,-45.93155046651,
    9.859063493439));
#7069 = CARTESIAN_POINT('',(82.435569881161,-45.79160192706,
    9.991534461434));
#7070 = CARTESIAN_POINT('',(82.464806220093,-45.73895112955,
    10.045676323025));
#7071 = CARTESIAN_POINT('',(82.492590901275,-45.68882501018,
    10.101537765511));
#7072 = CARTESIAN_POINT('',(82.51894263419,-45.64120551515,
    10.158950546949));
#7073 = CARTESIAN_POINT('',(82.543881491225,-45.59607075032,
    10.217759697101));
#7074 = CARTESIAN_POINT('',(82.567428752525,-45.55339527095,
    10.277823332325));
#7075 = CARTESIAN_POINT('',(82.656133261841,-45.39242925384,
    10.522559236575));
#7076 = CARTESIAN_POINT('',(82.71036156398,-45.29353782815,
    10.716295652499));
#7077 = CARTESIAN_POINT('',(82.75295850276,-45.21558474686,
    10.916987298304));
#7078 = CARTESIAN_POINT('',(82.784493638569,-45.15774472056,
    11.122316874794));
#7079 = CARTESIAN_POINT('',(82.805379437048,-45.11939287829,
    11.330533831701));
#7080 = CARTESIAN_POINT('',(82.815833073898,-45.10019725318,
    11.540204620339));
#7081 = CARTESIAN_POINT('',(82.815833073898,-45.10019725318,
    12.002389879849));
#7082 = CARTESIAN_POINT('',(82.800704107646,-45.1279779833,
    12.254484391918));
#7083 = CARTESIAN_POINT('',(82.770506114912,-45.18342962279,
    12.504101158926));
#7084 = CARTESIAN_POINT('',(82.724760396808,-45.2672905706,
    12.748756532965));
#7085 = CARTESIAN_POINT('',(82.66259301831,-45.38089097584,
    12.985144635335));
#7086 = CARTESIAN_POINT('',(82.582854209602,-45.52585512831,
    13.208521836908));
#7087 = CARTESIAN_POINT('',(82.484365778014,-45.70360382069,
    13.411700935788));
#7088 = PCURVE('',#5282,#7089);
#7089 = DEFINITIONAL_REPRESENTATION('',(#7090),#7138);
#7090 = B_SPLINE_CURVE_WITH_KNOTS('',3,(#7091,#7092,#7093,#7094,#7095,
    #7096,#7097,#7098,#7099,#7100,#7101,#7102,#7103,#7104,#7105,#7106,
    #7107,#7108,#7109,#7110,#7111,#7112,#7113,#7114,#7115,#7116,#7117,
    #7118,#7119,#7120,#7121,#7122,#7123,#7124,#7125,#7126,#7127,#7128,
    #7129,#7130,#7131,#7132,#7133,#7134,#7135,#7136,#7137),
  .UNSPECIFIED.,.F.,.F.,(4,1,1,1,1,1,1,1,1,1,1,1,1,1,1,1,1,1,1,1,1,1,1,1
    ,1,1,1,1,1,1,1,1,1,1,1,1,1,1,1,1,1,1,1,1,4),(0.,3.754365705452E-02,
    7.508731410904E-02,0.112630971164,0.150174628218,0.187718285273,
    0.225261942327,0.262805599382,0.300349256436,0.337892913491,
    0.375436570545,0.4129802276,0.450523884654,0.488067541709,
    0.525611198763,0.563154855818,0.600698512872,0.638242169927,
    0.675785826981,0.713329484036,0.75087314109,0.788416798145,
    0.825960455199,0.863504112254,0.901047769308,0.938591426363,
    0.976135083418,1.013678740472,1.051222397527,1.088766054581,
    1.126309711636,1.16385336869,1.201397025745,1.238940682799,
    1.276484339854,1.314027996908,1.351571653963,1.389115311017,
    1.426658968072,1.464202625126,1.501746282181,1.539289939235,
    1.57683359629,1.614377253344,1.651920910399),.QUASI_UNIFORM_KNOTS.);
#7091 = CARTESIAN_POINT('',(-0.516406423044,9.947598300641E-14));
#7092 = CARTESIAN_POINT('',(-0.515952938265,1.288900557471E-02));
#7093 = CARTESIAN_POINT('',(-0.515060578389,4.091555642389E-02));
#7094 = CARTESIAN_POINT('',(-0.513768485006,8.924883019528E-02));
#7095 = CARTESIAN_POINT('',(-0.512525573693,0.143425655235));
#7096 = CARTESIAN_POINT('',(-0.51133416622,0.202988171508));
#7097 = CARTESIAN_POINT('',(-0.510196308089,0.267473816065));
#7098 = CARTESIAN_POINT('',(-0.509113747111,0.336412591698));
#7099 = CARTESIAN_POINT('',(-0.508087878309,0.409334804443));
#7100 = CARTESIAN_POINT('',(-0.507119982447,0.485742917955));
#7101 = CARTESIAN_POINT('',(-0.506208059171,0.565404252985));
#7102 = CARTESIAN_POINT('',(-0.505351846712,0.647985485985));
#7103 = CARTESIAN_POINT('',(-0.504550727275,0.733192133047));
#7104 = CARTESIAN_POINT('',(-0.503804103575,0.820744945408));
#7105 = CARTESIAN_POINT('',(-0.503111273437,0.910388574152));
#7106 = CARTESIAN_POINT('',(-0.502471343374,1.001911977723));
#7107 = CARTESIAN_POINT('',(-0.501883548848,1.095109028068));
#7108 = CARTESIAN_POINT('',(-0.501347133323,1.189791669237));
#7109 = CARTESIAN_POINT('',(-0.500861384852,1.285785119337));
#7110 = CARTESIAN_POINT('',(-0.500425633178,1.382927573347));
#7111 = CARTESIAN_POINT('',(-0.500039257131,1.481068760526));
#7112 = CARTESIAN_POINT('',(-0.499701689007,1.580068863166));
#7113 = CARTESIAN_POINT('',(-0.499412419522,1.679797401204));
#7114 = CARTESIAN_POINT('',(-0.499171002364,1.78013214315));
#7115 = CARTESIAN_POINT('',(-0.498977058726,1.880958182283));
#7116 = CARTESIAN_POINT('',(-0.498830281399,1.982166547075));
#7117 = CARTESIAN_POINT('',(-0.498730439767,2.083654716385));
#7118 = CARTESIAN_POINT('',(-0.49867738089,2.185320173524));
#7119 = CARTESIAN_POINT('',(-0.49867104466,2.287080077515));
#7120 = CARTESIAN_POINT('',(-0.498711421375,2.388767434982));
#7121 = CARTESIAN_POINT('',(-0.498798531563,2.4902914918));
#7122 = CARTESIAN_POINT('',(-0.498932499192,2.591558239874));
#7123 = CARTESIAN_POINT('',(-0.499113531287,2.692468683209));
#7124 = CARTESIAN_POINT('',(-0.499341916816,2.792918175142));
#7125 = CARTESIAN_POINT('',(-0.499618020263,2.892795434003));
#7126 = CARTESIAN_POINT('',(-0.499942276439,2.99198160638));
#7127 = CARTESIAN_POINT('',(-0.500315184749,3.090349275214));
#7128 = CARTESIAN_POINT('',(-0.500737303353,3.187761435892));
#7129 = CARTESIAN_POINT('',(-0.501209243096,3.284070431616));
#7130 = CARTESIAN_POINT('',(-0.501731661178,3.379116841006));
#7131 = CARTESIAN_POINT('',(-0.502305254577,3.472728336013));
#7132 = CARTESIAN_POINT('',(-0.502930753154,3.564718426112));
#7133 = CARTESIAN_POINT('',(-0.503608912502,3.654885388043));
#7134 = CARTESIAN_POINT('',(-0.504340506249,3.743010249224));
#7135 = CARTESIAN_POINT('',(-0.505126318765,3.828858034329));
#7136 = CARTESIAN_POINT('',(-0.50568686267,3.884397044858));
#7137 = CARTESIAN_POINT('',(-0.505976432598,3.911700935788));
#7138 = ( GEOMETRIC_REPRESENTATION_CONTEXT(2) 
PARAMETRIC_REPRESENTATION_CONTEXT() REPRESENTATION_CONTEXT('2D SPACE',''
  ) );
#7139 = PCURVE('',#3631,#7140);
#7140 = DEFINITIONAL_REPRESENTATION('',(#7141),#7189);
#7141 = B_SPLINE_CURVE_WITH_KNOTS('',3,(#7142,#7143,#7144,#7145,#7146,
    #7147,#7148,#7149,#7150,#7151,#7152,#7153,#7154,#7155,#7156,#7157,
    #7158,#7159,#7160,#7161,#7162,#7163,#7164,#7165,#7166,#7167,#7168,
    #7169,#7170,#7171,#7172,#7173,#7174,#7175,#7176,#7177,#7178,#7179,
    #7180,#7181,#7182,#7183,#7184,#7185,#7186,#7187,#7188),
  .UNSPECIFIED.,.F.,.F.,(4,1,1,1,1,1,1,1,1,1,1,1,1,1,1,1,1,1,1,1,1,1,1,1
    ,1,1,1,1,1,1,1,1,1,1,1,1,1,1,1,1,1,1,1,1,4),(0.,3.754365705452E-02,
    7.508731410904E-02,0.112630971164,0.150174628218,0.187718285273,
    0.225261942327,0.262805599382,0.300349256436,0.337892913491,
    0.375436570545,0.4129802276,0.450523884654,0.488067541709,
    0.525611198763,0.563154855818,0.600698512872,0.638242169927,
    0.675785826981,0.713329484036,0.75087314109,0.788416798145,
    0.825960455199,0.863504112254,0.901047769308,0.938591426363,
    0.976135083418,1.013678740472,1.051222397527,1.088766054581,
    1.126309711636,1.16385336869,1.201397025745,1.238940682799,
    1.276484339854,1.314027996908,1.351571653963,1.389115311017,
    1.426658968072,1.464202625126,1.501746282181,1.539289939235,
    1.57683359629,1.614377253344,1.651920910399),.QUASI_UNIFORM_KNOTS.);
#7142 = CARTESIAN_POINT('',(7.561207115386,-3.997560944067));
#7143 = CARTESIAN_POINT('',(7.542203047231,-3.997253428951));
#7144 = CARTESIAN_POINT('',(7.504475109671,-3.996589917319));
#7145 = CARTESIAN_POINT('',(7.448720526234,-3.995468974536));
#7146 = CARTESIAN_POINT('',(7.393797960807,-3.994242016176));
#7147 = CARTESIAN_POINT('',(7.339709218901,-3.992929083854));
#7148 = CARTESIAN_POINT('',(7.286460393987,-3.991550123016));
#7149 = CARTESIAN_POINT('',(7.234063680783,-3.990124801871));
#7150 = CARTESIAN_POINT('',(7.182533306245,-3.988672111486));
#7151 = CARTESIAN_POINT('',(7.131900973626,-3.987210544266));
#7152 = CARTESIAN_POINT('',(7.082038672424,-3.985752727497));
#7153 = CARTESIAN_POINT('',(7.032911160028,-3.984312603221));
#7154 = CARTESIAN_POINT('',(6.984472022333,-3.982902570457));
#7155 = CARTESIAN_POINT('',(6.936680580217,-3.981533993033));
#7156 = CARTESIAN_POINT('',(6.889494639805,-3.980217024877));
#7157 = CARTESIAN_POINT('',(6.842860548434,-3.97896042465));
#7158 = CARTESIAN_POINT('',(6.796733194331,-3.977772196174));
#7159 = CARTESIAN_POINT('',(6.751067651346,-3.976659416251));
#7160 = CARTESIAN_POINT('',(6.705820800963,-3.975628349345));
#7161 = CARTESIAN_POINT('',(6.66095054214,-3.97468448825));
#7162 = CARTESIAN_POINT('',(6.616415696439,-3.973832611402));
#7163 = CARTESIAN_POINT('',(6.572175765573,-3.973076832081));
#7164 = CARTESIAN_POINT('',(6.528190751591,-3.972420645691));
#7165 = CARTESIAN_POINT('',(6.484420991471,-3.971866972962));
#7166 = CARTESIAN_POINT('',(6.440826942651,-3.971418199392));
#7167 = CARTESIAN_POINT('',(6.397369179781,-3.97107620964));
#7168 = CARTESIAN_POINT('',(6.354007587556,-3.970842419578));
#7169 = CARTESIAN_POINT('',(6.310703516848,-3.970717794319));
#7170 = CARTESIAN_POINT('',(6.267410821793,-3.970702894085));
#7171 = CARTESIAN_POINT('',(6.224119446886,-3.970797778664));
#7172 = CARTESIAN_POINT('',(6.180786793303,-3.971001964963));
#7173 = CARTESIAN_POINT('',(6.13737096906,-3.971314590336));
#7174 = CARTESIAN_POINT('',(6.093830901951,-3.971734358037));
#7175 = CARTESIAN_POINT('',(6.050126019911,-3.972259520622));
#7176 = CARTESIAN_POINT('',(6.006216070317,-3.97288784576));
#7177 = CARTESIAN_POINT('',(5.962060921021,-3.973616580019));
#7178 = CARTESIAN_POINT('',(5.917620380197,-3.974442407175));
#7179 = CARTESIAN_POINT('',(5.872854018922,-3.975361402639));
#7180 = CARTESIAN_POINT('',(5.827720993821,-3.976368984361));
#7181 = CARTESIAN_POINT('',(5.782179861466,-3.977459860521));
#7182 = CARTESIAN_POINT('',(5.736188379962,-3.978627975703));
#7183 = CARTESIAN_POINT('',(5.689703278281,-3.979866451794));
#7184 = CARTESIAN_POINT('',(5.642680024036,-3.981167540242));
#7185 = CARTESIAN_POINT('',(5.59507242914,-3.982522526228));
#7186 = CARTESIAN_POINT('',(5.546832642545,-3.983921809196));
#7187 = CARTESIAN_POINT('',(5.514217165463,-3.984876819565));
#7188 = CARTESIAN_POINT('',(5.497787143782,-3.985358089154));
#7189 = ( GEOMETRIC_REPRESENTATION_CONTEXT(2) 
PARAMETRIC_REPRESENTATION_CONTEXT() REPRESENTATION_CONTEXT('2D SPACE',''
  ) );
#7190 = ORIENTED_EDGE('',*,*,#7191,.F.);
#7191 = EDGE_CURVE('',#7192,#7058,#7194,.T.);
#7192 = VERTEX_POINT('',#7193);
#7193 = CARTESIAN_POINT('',(81.916732864496,-46.71336935832,14.57));
#7194 = SURFACE_CURVE('',#7195,(#7200,#7210),.PCURVE_S1.);
#7195 = ELLIPSE('',#7196,133.36033893178,94.3);
#7196 = AXIS2_PLACEMENT_3D('',#7197,#7198,#7199);
#7197 = CARTESIAN_POINT('',(0.,-2.359402231217E-16,15.073401871577));
#7198 = DIRECTION('',(0.353553390593,0.612372435696,0.707106781187));
#7199 = DIRECTION('',(-0.353553390593,-0.612372435696,0.707106781187));
#7200 = PCURVE('',#5282,#7201);
#7201 = DEFINITIONAL_REPRESENTATION('',(#7202),#7209);
#7202 = B_SPLINE_CURVE_WITH_KNOTS('',5,(#7203,#7204,#7205,#7206,#7207,
    #7208),.UNSPECIFIED.,.F.,.F.,(6,6),(1.574906327392,1.589647187053),
  .PIECEWISE_BEZIER_KNOTS.);
#7203 = CARTESIAN_POINT('',(-0.519488775001,5.185829906421));
#7204 = CARTESIAN_POINT('',(-0.516540603069,4.907819641329));
#7205 = CARTESIAN_POINT('',(-0.513592431137,4.629813587069));
#7206 = CARTESIAN_POINT('',(-0.510644259205,4.351816777781));
#7207 = CARTESIAN_POINT('',(-0.507696087273,4.073834247451));
#7208 = CARTESIAN_POINT('',(-0.504747915341,3.795871029367));
#7209 = ( GEOMETRIC_REPRESENTATION_CONTEXT(2) 
PARAMETRIC_REPRESENTATION_CONTEXT() REPRESENTATION_CONTEXT('2D SPACE',''
  ) );
#7210 = PCURVE('',#3502,#7211);
#7211 = DEFINITIONAL_REPRESENTATION('',(#7212),#7216);
#7212 = ELLIPSE('',#7213,133.36033893178,94.3);
#7213 = AXIS2_PLACEMENT_2D('',#7214,#7215);
#7214 = CARTESIAN_POINT('',(-0.711917754108,90.3));
#7215 = DIRECTION('',(-1.,1.221334841948E-17));
#7216 = ( GEOMETRIC_REPRESENTATION_CONTEXT(2) 
PARAMETRIC_REPRESENTATION_CONTEXT() REPRESENTATION_CONTEXT('2D SPACE',''
  ) );
#7217 = ORIENTED_EDGE('',*,*,#7218,.F.);
#7218 = EDGE_CURVE('',#7219,#7192,#7221,.T.);
#7219 = VERTEX_POINT('',#7220);
#7220 = CARTESIAN_POINT('',(81.413330992919,-47.58528697651,14.57));
#7221 = SURFACE_CURVE('',#7222,(#7227,#7234),.PCURVE_S1.);
#7222 = CIRCLE('',#7223,94.3);
#7223 = AXIS2_PLACEMENT_3D('',#7224,#7225,#7226);
#7224 = CARTESIAN_POINT('',(0.,-2.975891721928E-16,14.57));
#7225 = DIRECTION('',(-0.,1.224646799147E-16,1.));
#7226 = DIRECTION('',(1.,0.,0.));
#7227 = PCURVE('',#5282,#7228);
#7228 = DEFINITIONAL_REPRESENTATION('',(#7229),#7233);
#7229 = LINE('',#7230,#7231);
#7230 = CARTESIAN_POINT('',(-6.28318530718,5.07));
#7231 = VECTOR('',#7232,1.);
#7232 = DIRECTION('',(1.,-0.));
#7233 = ( GEOMETRIC_REPRESENTATION_CONTEXT(2) 
PARAMETRIC_REPRESENTATION_CONTEXT() REPRESENTATION_CONTEXT('2D SPACE',''
  ) );
#7234 = PCURVE('',#3756,#7235);
#7235 = DEFINITIONAL_REPRESENTATION('',(#7236),#7240);
#7236 = CIRCLE('',#7237,94.3);
#7237 = AXIS2_PLACEMENT_2D('',#7238,#7239);
#7238 = CARTESIAN_POINT('',(0.503401871577,90.3));
#7239 = DIRECTION('',(0.5,-0.866025403784));
#7240 = ( GEOMETRIC_REPRESENTATION_CONTEXT(2) 
PARAMETRIC_REPRESENTATION_CONTEXT() REPRESENTATION_CONTEXT('2D SPACE',''
  ) );
#7241 = ORIENTED_EDGE('',*,*,#7242,.F.);
#7242 = EDGE_CURVE('',#7243,#7219,#7245,.T.);
#7243 = VERTEX_POINT('',#7244);
#7244 = CARTESIAN_POINT('',(80.822664842226,-48.58175426846,
    13.411700935788));
#7245 = SURFACE_CURVE('',#7246,(#7251,#7261),.PCURVE_S1.);
#7246 = ELLIPSE('',#7247,133.36033893178,94.3);
#7247 = AXIS2_PLACEMENT_3D('',#7248,#7249,#7250);
#7248 = CARTESIAN_POINT('',(0.,-2.359402231217E-16,15.073401871577));
#7249 = DIRECTION('',(-0.353553390593,-0.612372435696,0.707106781187));
#7250 = DIRECTION('',(0.353553390593,0.612372435696,0.707106781187));
#7251 = PCURVE('',#5282,#7252);
#7252 = DEFINITIONAL_REPRESENTATION('',(#7253),#7260);
#7253 = B_SPLINE_CURVE_WITH_KNOTS('',5,(#7254,#7255,#7256,#7257,#7258,
    #7259),.UNSPECIFIED.,.F.,.F.,(6,6),(4.693538120127,4.708278979788),
  .PIECEWISE_BEZIER_KNOTS.);
#7254 = CARTESIAN_POINT('',(-0.542449635856,3.795871029367));
#7255 = CARTESIAN_POINT('',(-0.539501463924,4.073834247451));
#7256 = CARTESIAN_POINT('',(-0.536553291992,4.351816777781));
#7257 = CARTESIAN_POINT('',(-0.53360512006,4.629813587069));
#7258 = CARTESIAN_POINT('',(-0.530656948128,4.907819641329));
#7259 = CARTESIAN_POINT('',(-0.527708776195,5.185829906421));
#7260 = ( GEOMETRIC_REPRESENTATION_CONTEXT(2) 
PARAMETRIC_REPRESENTATION_CONTEXT() REPRESENTATION_CONTEXT('2D SPACE',''
  ) );
#7261 = PCURVE('',#3729,#7262);
#7262 = DEFINITIONAL_REPRESENTATION('',(#7263),#7267);
#7263 = ELLIPSE('',#7264,133.36033893178,94.3);
#7264 = AXIS2_PLACEMENT_2D('',#7265,#7266);
#7265 = CARTESIAN_POINT('',(2.35,90.3));
#7266 = DIRECTION('',(1.,1.221334841948E-17));
#7267 = ( GEOMETRIC_REPRESENTATION_CONTEXT(2) 
PARAMETRIC_REPRESENTATION_CONTEXT() REPRESENTATION_CONTEXT('2D SPACE',''
  ) );
#7268 = ORIENTED_EDGE('',*,*,#7269,.T.);
#7269 = EDGE_CURVE('',#7243,#7270,#7272,.T.);
#7270 = VERTEX_POINT('',#7271);
#7271 = CARTESIAN_POINT('',(81.324966793317,-47.73614747825,9.5));
#7272 = SURFACE_CURVE('',#7273,(#7300,#7351),.PCURVE_S1.);
#7273 = B_SPLINE_CURVE_WITH_KNOTS('',7,(#7274,#7275,#7276,#7277,#7278,
    #7279,#7280,#7281,#7282,#7283,#7284,#7285,#7286,#7287,#7288,#7289,
    #7290,#7291,#7292,#7293,#7294,#7295,#7296,#7297,#7298,#7299),
  .UNSPECIFIED.,.F.,.F.,(8,6,6,6,8),(0.,1.,1.831236008298,2.108345848138
    ,2.533996862356),.UNSPECIFIED.);
#7274 = CARTESIAN_POINT('',(80.822664842226,-48.58175426846,
    13.411700935788));
#7275 = CARTESIAN_POINT('',(80.717974057604,-48.75592229357,
    13.208521609201));
#7276 = CARTESIAN_POINT('',(80.632300718174,-48.89746037643,
    12.985144077101));
#7277 = CARTESIAN_POINT('',(80.565003585768,-49.00809907974,
    12.748755710227));
#7278 = CARTESIAN_POINT('',(80.515250829317,-49.08964635089,
    12.504100364702));
#7279 = CARTESIAN_POINT('',(80.482327380527,-49.14352426304,
    12.254483836574));
#7280 = CARTESIAN_POINT('',(80.465833073898,-49.17051665097,
    12.002389667395));
#7281 = CARTESIAN_POINT('',(80.465833073898,-49.17051665097,
    11.540204620339));
#7282 = CARTESIAN_POINT('',(80.477230154459,-49.15186572334,
    11.330533831701));
#7283 = CARTESIAN_POINT('',(80.500000924906,-49.11460217015,
    11.122316874795));
#7284 = CARTESIAN_POINT('',(80.534324289132,-49.05837192827,
    10.916987298304));
#7285 = CARTESIAN_POINT('',(80.58053516844,-48.98250535652,
    10.716295652499));
#7286 = CARTESIAN_POINT('',(80.639063504242,-48.88609655642,
    10.522559236575));
#7287 = CARTESIAN_POINT('',(80.734111909547,-48.72879318936,
    10.277823332325));
#7288 = CARTESIAN_POINT('',(80.759296328146,-48.68706292321,
    10.217759697101));
#7289 = CARTESIAN_POINT('',(80.785914752563,-48.64289785706,
    10.158950546949));
#7290 = CARTESIAN_POINT('',(80.813978578517,-48.59626683941,
    10.101537765511));
#7291 = CARTESIAN_POINT('',(80.843496730699,-48.54714153998,
    10.045676323025));
#7292 = CARTESIAN_POINT('',(80.874475489401,-48.495496729,9.991534461434
    ));
#7293 = CARTESIAN_POINT('',(80.956751706443,-48.35807858124,
    9.859050403799));
#7294 = CARTESIAN_POINT('',(81.010138345937,-48.26868520645,
    9.783133750299));
#7295 = CARTESIAN_POINT('',(81.066976418704,-48.1732410243,
    9.712460102543));
#7296 = CARTESIAN_POINT('',(81.127110329183,-48.07194112057,
    9.647930816773));
#7297 = CARTESIAN_POINT('',(81.190332719442,-47.96506612873,
    9.590432408388));
#7298 = CARTESIAN_POINT('',(81.256386485443,-47.85298328414,
    9.540836538416));
#7299 = CARTESIAN_POINT('',(81.324966793317,-47.73614747825,9.5));
#7300 = PCURVE('',#5282,#7301);
#7301 = DEFINITIONAL_REPRESENTATION('',(#7302),#7350);
#7302 = B_SPLINE_CURVE_WITH_KNOTS('',3,(#7303,#7304,#7305,#7306,#7307,
    #7308,#7309,#7310,#7311,#7312,#7313,#7314,#7315,#7316,#7317,#7318,
    #7319,#7320,#7321,#7322,#7323,#7324,#7325,#7326,#7327,#7328,#7329,
    #7330,#7331,#7332,#7333,#7334,#7335,#7336,#7337,#7338,#7339,#7340,
    #7341,#7342,#7343,#7344,#7345,#7346,#7347,#7348,#7349),
  .UNSPECIFIED.,.F.,.F.,(4,1,1,1,1,1,1,1,1,1,1,1,1,1,1,1,1,1,1,1,1,1,1,1
    ,1,1,1,1,1,1,1,1,1,1,1,1,1,1,1,1,1,1,1,1,4),(0.,5.759083778081E-02,
    0.115181675562,0.172772513342,0.230363351123,0.287954188904,
    0.345545026685,0.403135864466,0.460726702247,0.518317540027,
    0.575908377808,0.633499215589,0.69109005337,0.748680891151,
    0.806271728931,0.863862566712,0.921453404493,0.979044242274,
    1.036635080055,1.094225917835,1.151816755616,1.209407593397,
    1.266998431178,1.324589268959,1.38218010674,1.43977094452,
    1.497361782301,1.554952620082,1.612543457863,1.670134295644,
    1.727725133424,1.785315971205,1.842906808986,1.900497646767,
    1.958088484548,2.015679322328,2.073270160109,2.13086099789,
    2.188451835671,2.246042673452,2.303633511233,2.361224349013,
    2.418815186794,2.476406024575,2.533996862356),
  .QUASI_UNIFORM_KNOTS.);
#7303 = CARTESIAN_POINT('',(-0.541221118599,3.911700935788));
#7304 = CARTESIAN_POINT('',(-0.541510696936,3.884396252026));
#7305 = CARTESIAN_POINT('',(-0.5420712566,3.828855599438));
#7306 = CARTESIAN_POINT('',(-0.542857089597,3.743005209376));
#7307 = CARTESIAN_POINT('',(-0.543588700675,3.654877629653));
#7308 = CARTESIAN_POINT('',(-0.544266874246,3.5647078605));
#7309 = CARTESIAN_POINT('',(-0.54489238399,3.472714897004));
#7310 = CARTESIAN_POINT('',(-0.545465985568,3.379100482184));
#7311 = CARTESIAN_POINT('',(-0.545988408916,3.284051123681));
#7312 = CARTESIAN_POINT('',(-0.546460351091,3.18773916406));
#7313 = CARTESIAN_POINT('',(-0.546882469377,3.090324036749));
#7314 = CARTESIAN_POINT('',(-0.547255374691,2.991953408279));
#7315 = CARTESIAN_POINT('',(-0.54757962527,2.89276429085));
#7316 = CARTESIAN_POINT('',(-0.547855720577,2.792884107181));
#7317 = CARTESIAN_POINT('',(-0.548084095474,2.692431714531));
#7318 = CARTESIAN_POINT('',(-0.548265114477,2.5915183971));
#7319 = CARTESIAN_POINT('',(-0.548399066572,2.49024880179));
#7320 = CARTESIAN_POINT('',(-0.548486158777,2.388721926973));
#7321 = CARTESIAN_POINT('',(-0.548526515036,2.287031769381));
#7322 = CARTESIAN_POINT('',(-0.548520155819,2.185269117747));
#7323 = CARTESIAN_POINT('',(-0.548467071418,2.083600978683));
#7324 = CARTESIAN_POINT('',(-0.548367201671,1.982110184883));
#7325 = CARTESIAN_POINT('',(-0.548220393581,1.880899267907));
#7326 = CARTESIAN_POINT('',(-0.54802641647,1.780070758777));
#7327 = CARTESIAN_POINT('',(-0.54778496306,1.679733641623));
#7328 = CARTESIAN_POINT('',(-0.547495654468,1.580002836612));
#7329 = CARTESIAN_POINT('',(-0.547158044306,1.481000590227));
#7330 = CARTESIAN_POINT('',(-0.546771623205,1.38285739908));
#7331 = CARTESIAN_POINT('',(-0.546335823376,1.285713099201));
#7332 = CARTESIAN_POINT('',(-0.545850023562,1.189717981587));
#7333 = CARTESIAN_POINT('',(-0.545313553416,1.09503387364));
#7334 = CARTESIAN_POINT('',(-0.544725700903,1.001835581966));
#7335 = CARTESIAN_POINT('',(-0.544085709388,0.910311189726));
#7336 = CARTESIAN_POINT('',(-0.543392814276,0.820666855016));
#7337 = CARTESIAN_POINT('',(-0.542646121786,0.733113640516));
#7338 = CARTESIAN_POINT('',(-0.5418449306,0.647907001985));
#7339 = CARTESIAN_POINT('',(-0.540988640822,0.565326052622));
#7340 = CARTESIAN_POINT('',(-0.540076644275,0.485665960595));
#7341 = CARTESIAN_POINT('',(-0.539108643429,0.409257711229));
#7342 = CARTESIAN_POINT('',(-0.538082859773,0.336349525618));
#7343 = CARTESIAN_POINT('',(-0.537000514973,0.267430712089));
#7344 = CARTESIAN_POINT('',(-0.535862945753,0.202965493826));
#7345 = CARTESIAN_POINT('',(-0.534671834024,0.143419546885));
#7346 = CARTESIAN_POINT('',(-0.533429154365,8.9252755473E-02));
#7347 = CARTESIAN_POINT('',(-0.532137152887,4.092164355166E-02));
#7348 = CARTESIAN_POINT('',(-0.531244706493,1.289180376537E-02));
#7349 = CARTESIAN_POINT('',(-0.530791128152,1.483257960899E-13));
#7350 = ( GEOMETRIC_REPRESENTATION_CONTEXT(2) 
PARAMETRIC_REPRESENTATION_CONTEXT() REPRESENTATION_CONTEXT('2D SPACE',''
  ) );
#7351 = PCURVE('',#3631,#7352);
#7352 = DEFINITIONAL_REPRESENTATION('',(#7353),#7401);
#7353 = B_SPLINE_CURVE_WITH_KNOTS('',3,(#7354,#7355,#7356,#7357,#7358,
    #7359,#7360,#7361,#7362,#7363,#7364,#7365,#7366,#7367,#7368,#7369,
    #7370,#7371,#7372,#7373,#7374,#7375,#7376,#7377,#7378,#7379,#7380,
    #7381,#7382,#7383,#7384,#7385,#7386,#7387,#7388,#7389,#7390,#7391,
    #7392,#7393,#7394,#7395,#7396,#7397,#7398,#7399,#7400),
  .UNSPECIFIED.,.F.,.F.,(4,1,1,1,1,1,1,1,1,1,1,1,1,1,1,1,1,1,1,1,1,1,1,1
    ,1,1,1,1,1,1,1,1,1,1,1,1,1,1,1,1,1,1,1,1,4),(0.,5.759083778081E-02,
    0.115181675562,0.172772513342,0.230363351123,0.287954188904,
    0.345545026685,0.403135864466,0.460726702247,0.518317540027,
    0.575908377808,0.633499215589,0.69109005337,0.748680891151,
    0.806271728931,0.863862566712,0.921453404493,0.979044242274,
    1.036635080055,1.094225917835,1.151816755616,1.209407593397,
    1.266998431178,1.324589268959,1.38218010674,1.43977094452,
    1.497361782301,1.554952620082,1.612543457863,1.670134295644,
    1.727725133424,1.785315971205,1.842906808986,1.900497646767,
    1.958088484548,2.015679322328,2.073270160109,2.13086099789,
    2.188451835671,2.246042673452,2.303633511233,2.361224349013,
    2.418815186794,2.476406024575,2.533996862356),
  .QUASI_UNIFORM_KNOTS.);
#7354 = CARTESIAN_POINT('',(10.210176124167,-3.985358089154));
#7355 = CARTESIAN_POINT('',(10.193745625452,-3.984876805583));
#7356 = CARTESIAN_POINT('',(10.16112920704,-3.983921767665));
#7357 = CARTESIAN_POINT('',(10.112888045665,-3.982522445596));
#7358 = CARTESIAN_POINT('',(10.065279112363,-3.981167423761));
#7359 = CARTESIAN_POINT('',(10.018254554728,-3.979866303544));
#7360 = CARTESIAN_POINT('',(9.97176818294,-3.978627800459));
#7361 = CARTESIAN_POINT('',(9.925775462448,-3.977459663622));
#7362 = CARTESIAN_POINT('',(9.880233119626,-3.976368771583));
#7363 = CARTESIAN_POINT('',(9.835098909558,-3.975361180085));
#7364 = CARTESIAN_POINT('',(9.79033138538,-3.974442181179));
#7365 = CARTESIAN_POINT('',(9.745889699885,-3.973616357058));
#7366 = CARTESIAN_POINT('',(9.701733419935,-3.972887632384));
#7367 = CARTESIAN_POINT('',(9.657822349128,-3.972259323398));
#7368 = CARTESIAN_POINT('',(9.614116350341,-3.971734183502));
#7369 = CARTESIAN_POINT('',(9.570575165699,-3.971314444965));
#7370 = CARTESIAN_POINT('',(9.527158217089,-3.971001855141));
#7371 = CARTESIAN_POINT('',(9.483824427216,-3.970797710676));
#7372 = CARTESIAN_POINT('',(9.440531893101,-3.970702874097));
#7373 = CARTESIAN_POINT('',(9.397238024259,-3.970717828386));
#7374 = CARTESIAN_POINT('',(9.353932764198,-3.970842513463));
#7375 = CARTESIAN_POINT('',(9.310569956632,-3.971076368859));
#7376 = CARTESIAN_POINT('',(9.267110951442,-3.971418429143));
#7377 = CARTESIAN_POINT('',(9.223515629725,-3.971867278071));
#7378 = CARTESIAN_POINT('',(9.179744563126,-3.972421030538));
#7379 = CARTESIAN_POINT('',(9.135758205793,-3.973077300531));
#7380 = CARTESIAN_POINT('',(9.091516891334,-3.973833166724));
#7381 = CARTESIAN_POINT('',(9.04698061827,-3.974685133024));
#7382 = CARTESIAN_POINT('',(9.002108884607,-3.975629085366));
#7383 = CARTESIAN_POINT('',(8.956860507993,-3.976660244421));
#7384 = CARTESIAN_POINT('',(8.911193383189,-3.977773116385));
#7385 = CARTESIAN_POINT('',(8.865064387245,-3.978961435661));
#7386 = CARTESIAN_POINT('',(8.8184285889,-3.980218124182));
#7387 = CARTESIAN_POINT('',(8.771240871891,-3.981535176687));
#7388 = CARTESIAN_POINT('',(8.723447568216,-3.982903833228));
#7389 = CARTESIAN_POINT('',(8.675006525548,-3.984313936776));
#7390 = CARTESIAN_POINT('',(8.62587693125,-3.985754125121));
#7391 = CARTESIAN_POINT('',(8.576012836397,-3.987211984039));
#7392 = CARTESIAN_POINT('',(8.525377237416,-3.988673618034));
#7393 = CARTESIAN_POINT('',(8.473853179385,-3.99012608678));
#7394 = CARTESIAN_POINT('',(8.421468394875,-3.991551034772));
#7395 = CARTESIAN_POINT('',(8.3682339676,-3.992929580596));
#7396 = CARTESIAN_POINT('',(8.314158997558,-3.994242154637));
#7397 = CARTESIAN_POINT('',(8.259246646519,-3.995468884026));
#7398 = CARTESIAN_POINT('',(8.203495834691,-3.996589773617));
#7399 = CARTESIAN_POINT('',(8.165764149065,-3.997253361583));
#7400 = CARTESIAN_POINT('',(8.146756152563,-3.997560944067));
#7401 = ( GEOMETRIC_REPRESENTATION_CONTEXT(2) 
PARAMETRIC_REPRESENTATION_CONTEXT() REPRESENTATION_CONTEXT('2D SPACE',''
  ) );
#7402 = ORIENTED_EDGE('',*,*,#7403,.T.);
#7403 = EDGE_CURVE('',#7270,#7404,#7406,.T.);
#7404 = VERTEX_POINT('',#7405);
#7405 = CARTESIAN_POINT('',(0.678232998313,-94.29756094406,9.5));
#7406 = SURFACE_CURVE('',#7407,(#7412,#7419),.PCURVE_S1.);
#7407 = CIRCLE('',#7408,94.3);
#7408 = AXIS2_PLACEMENT_3D('',#7409,#7410,#7411);
#7409 = CARTESIAN_POINT('',(0.,-9.184850993605E-16,9.5));
#7410 = DIRECTION('',(0.,-1.224646799147E-16,-1.));
#7411 = DIRECTION('',(1.,0.,0.));
#7412 = PCURVE('',#5282,#7413);
#7413 = DEFINITIONAL_REPRESENTATION('',(#7414),#7418);
#7414 = LINE('',#7415,#7416);
#7415 = CARTESIAN_POINT('',(-0.,0.));
#7416 = VECTOR('',#7417,1.);
#7417 = DIRECTION('',(-1.,0.));
#7418 = ( GEOMETRIC_REPRESENTATION_CONTEXT(2) 
PARAMETRIC_REPRESENTATION_CONTEXT() REPRESENTATION_CONTEXT('2D SPACE',''
  ) );
#7419 = PCURVE('',#5520,#7420);
#7420 = DEFINITIONAL_REPRESENTATION('',(#7421),#7425);
#7421 = LINE('',#7422,#7423);
#7422 = CARTESIAN_POINT('',(-0.,6.28318530718));
#7423 = VECTOR('',#7424,1.);
#7424 = DIRECTION('',(-1.,0.));
#7425 = ( GEOMETRIC_REPRESENTATION_CONTEXT(2) 
PARAMETRIC_REPRESENTATION_CONTEXT() REPRESENTATION_CONTEXT('2D SPACE',''
  ) );
#7426 = ORIENTED_EDGE('',*,*,#7427,.T.);
#7427 = EDGE_CURVE('',#7404,#7428,#7430,.T.);
#7428 = VERTEX_POINT('',#7429);
#7429 = CARTESIAN_POINT('',(1.661700935788,-94.28535808915,
    13.411700935788));
#7430 = SURFACE_CURVE('',#7431,(#7458,#7509),.PCURVE_S1.);
#7431 = B_SPLINE_CURVE_WITH_KNOTS('',7,(#7432,#7433,#7434,#7435,#7436,
    #7437,#7438,#7439,#7440,#7441,#7442,#7443,#7444,#7445,#7446,#7447,
    #7448,#7449,#7450,#7451,#7452,#7453,#7454,#7455,#7456,#7457),
  .UNSPECIFIED.,.F.,.F.,(8,6,6,6,8),(0.,0.277445545739,0.458099254148,
    0.999999417452,1.651920361557),.UNSPECIFIED.);
#7432 = CARTESIAN_POINT('',(0.678232998312,-94.29756094406,9.5));
#7433 = CARTESIAN_POINT('',(0.813659444421,-94.29658689252,
    9.540822526486));
#7434 = CARTESIAN_POINT('',(0.943745411982,-94.29542428827,
    9.590409099614));
#7435 = CARTESIAN_POINT('',(1.067928999348,-94.29410953706,
    9.647908348993));
#7436 = CARTESIAN_POINT('',(1.185749348359,-94.29268172321,
    9.712448531153));
#7437 = CARTESIAN_POINT('',(1.296847041485,-94.29118027413,
    9.783137636021));
#7438 = CARTESIAN_POINT('',(1.400964498957,-94.28964262489,
    9.859063493407));
#7439 = CARTESIAN_POINT('',(1.56109439176,-94.28709865606,9.991534461434
    ));
#7440 = CARTESIAN_POINT('',(1.621309489394,-94.28609266954,
    10.045676323025));
#7441 = CARTESIAN_POINT('',(1.678612322759,-94.28509184959,
    10.101537765511));
#7442 = CARTESIAN_POINT('',(1.733027881627,-94.28410337221,
    10.158950546949));
#7443 = CARTESIAN_POINT('',(1.784585163079,-94.28313367353,
    10.217759697101));
#7444 = CARTESIAN_POINT('',(1.833316842978,-94.28218846032,
    10.277823332325));
#7445 = CARTESIAN_POINT('',(2.017069757599,-94.27852581027,
    10.522559236575));
#7446 = CARTESIAN_POINT('',(2.12982639554,-94.27604318467,
    10.716295652499));
#7447 = CARTESIAN_POINT('',(2.218634213628,-94.27395667514,
    10.916987298304));
#7448 = CARTESIAN_POINT('',(2.284492713663,-94.27234689071,
    11.122316874795));
#7449 = CARTESIAN_POINT('',(2.32814928259,-94.27125860164,
    11.330533831701));
#7450 = CARTESIAN_POINT('',(2.35,-94.27071390416,11.540204620339));
#7451 = CARTESIAN_POINT('',(2.35,-94.27071390416,12.002389667395));
#7452 = CARTESIAN_POINT('',(2.318376753026,-94.27150219875,
    12.254483836575));
#7453 = CARTESIAN_POINT('',(2.255255388009,-94.27307578571,
    12.504100364702));
#7454 = CARTESIAN_POINT('',(2.159757001361,-94.27538930113,
    12.748755710227));
#7455 = CARTESIAN_POINT('',(2.030292507451,-94.27835097574,
    12.985144077101));
#7456 = CARTESIAN_POINT('',(1.864880262376,-94.28177722268,
    13.208521609201));
#7457 = CARTESIAN_POINT('',(1.661700935788,-94.28535808915,
    13.411700935788));
#7458 = PCURVE('',#5282,#7459);
#7459 = DEFINITIONAL_REPRESENTATION('',(#7460),#7508);
#7460 = B_SPLINE_CURVE_WITH_KNOTS('',3,(#7461,#7462,#7463,#7464,#7465,
    #7466,#7467,#7468,#7469,#7470,#7471,#7472,#7473,#7474,#7475,#7476,
    #7477,#7478,#7479,#7480,#7481,#7482,#7483,#7484,#7485,#7486,#7487,
    #7488,#7489,#7490,#7491,#7492,#7493,#7494,#7495,#7496,#7497,#7498,
    #7499,#7500,#7501,#7502,#7503,#7504,#7505,#7506,#7507),
  .UNSPECIFIED.,.F.,.F.,(4,1,1,1,1,1,1,1,1,1,1,1,1,1,1,1,1,1,1,1,1,1,1,1
    ,1,1,1,1,1,1,1,1,1,1,1,1,1,1,1,1,1,1,1,1,4),(0.,3.754364458083E-02,
    7.508728916166E-02,0.112630933742,0.150174578323,0.187718222904,
    0.225261867485,0.262805512066,0.300349156647,0.337892801227,
    0.375436445808,0.412980090389,0.45052373497,0.488067379551,
    0.525611024132,0.563154668712,0.600698313293,0.638241957874,
    0.675785602455,0.713329247036,0.750872891617,0.788416536197,
    0.825960180778,0.863503825359,0.90104746994,0.938591114521,
    0.976134759102,1.013678403682,1.051222048263,1.088765692844,
    1.126309337425,1.163852982006,1.201396626587,1.238940271167,
    1.276483915748,1.314027560329,1.35157120491,1.389114849491,
    1.426658494072,1.464202138652,1.501745783233,1.539289427814,
    1.576833072395,1.614376716976,1.651920361557),
  .QUASI_UNIFORM_KNOTS.);
#7461 = CARTESIAN_POINT('',(-1.563603974241,1.731947918415E-13));
#7462 = CARTESIAN_POINT('',(-1.563150489613,1.288900128377E-02));
#7463 = CARTESIAN_POINT('',(-1.562258130028,4.091554206127E-02));
#7464 = CARTESIAN_POINT('',(-1.560966037051,8.924879670103E-02));
#7465 = CARTESIAN_POINT('',(-1.55972312611,0.143425599027));
#7466 = CARTESIAN_POINT('',(-1.558531718972,0.202988089456));
#7467 = CARTESIAN_POINT('',(-1.557393861138,0.26747370551));
#7468 = CARTESIAN_POINT('',(-1.556311300418,0.336412450436));
#7469 = CARTESIAN_POINT('',(-1.555285431833,0.40933463086));
#7470 = CARTESIAN_POINT('',(-1.554317536149,0.485742710612));
#7471 = CARTESIAN_POINT('',(-1.553405613019,0.565404010416));
#7472 = CARTESIAN_POINT('',(-1.552549400669,0.647985207225));
#7473 = CARTESIAN_POINT('',(-1.551748281307,0.733191817293));
#7474 = CARTESIAN_POINT('',(-1.551001657648,0.820744592106));
#7475 = CARTESIAN_POINT('',(-1.550308827518,0.910388182819));
#7476 = CARTESIAN_POINT('',(-1.549668897432,1.001911548016));
#7477 = CARTESIAN_POINT('',(-1.549081102852,1.095108559791));
#7478 = CARTESIAN_POINT('',(-1.548544687242,1.189791162308));
#7479 = CARTESIAN_POINT('',(-1.548058938657,1.28578457378));
#7480 = CARTESIAN_POINT('',(-1.547623186838,1.382926989279));
#7481 = CARTESIAN_POINT('',(-1.547236810618,1.481068138151));
#7482 = CARTESIAN_POINT('',(-1.546899242292,1.580068202765));
#7483 = CARTESIAN_POINT('',(-1.546609972575,1.679796703135));
#7484 = CARTESIAN_POINT('',(-1.546368555157,1.780131407832));
#7485 = CARTESIAN_POINT('',(-1.546174611229,1.880957410219));
#7486 = CARTESIAN_POINT('',(-1.546027833584,1.982165738774));
#7487 = CARTESIAN_POINT('',(-1.545927991604,2.083653872647));
#7488 = CARTESIAN_POINT('',(-1.545874932348,2.185319294368));
#7489 = CARTESIAN_POINT('',(-1.54586859571,2.287079166195));
#7490 = CARTESIAN_POINT('',(-1.545908971979,2.388766477472));
#7491 = CARTESIAN_POINT('',(-1.545996081668,2.490290482388));
#7492 = CARTESIAN_POINT('',(-1.546130048747,2.591557180152));
#7493 = CARTESIAN_POINT('',(-1.546311080251,2.692467581103));
#7494 = CARTESIAN_POINT('',(-1.54653946517,2.792917043949));
#7495 = CARTESIAN_POINT('',(-1.546815568017,2.892794291396));
#7496 = CARTESIAN_POINT('',(-1.547139823637,2.99198047336));
#7497 = CARTESIAN_POINT('',(-1.547512731473,3.090348175));
#7498 = CARTESIAN_POINT('',(-1.547934849727,3.187760392737));
#7499 = CARTESIAN_POINT('',(-1.54840678928,3.28406946957));
#7500 = CARTESIAN_POINT('',(-1.54892920737,3.379115982637));
#7501 = CARTESIAN_POINT('',(-1.549502801002,3.472727601132));
#7502 = CARTESIAN_POINT('',(-1.550128300059,3.56471783052));
#7503 = CARTESIAN_POINT('',(-1.55080646014,3.654884942383));
#7504 = CARTESIAN_POINT('',(-1.551538054864,3.743009957976));
#7505 = CARTESIAN_POINT('',(-1.552323868579,3.828857895056));
#7506 = CARTESIAN_POINT('',(-1.552884413392,3.884397000336));
#7507 = CARTESIAN_POINT('',(-1.553173983795,3.911700935788));
#7508 = ( GEOMETRIC_REPRESENTATION_CONTEXT(2) 
PARAMETRIC_REPRESENTATION_CONTEXT() REPRESENTATION_CONTEXT('2D SPACE',''
  ) );
#7509 = PCURVE('',#3931,#7510);
#7510 = DEFINITIONAL_REPRESENTATION('',(#7511),#7559);
#7511 = B_SPLINE_CURVE_WITH_KNOTS('',3,(#7512,#7513,#7514,#7515,#7516,
    #7517,#7518,#7519,#7520,#7521,#7522,#7523,#7524,#7525,#7526,#7527,
    #7528,#7529,#7530,#7531,#7532,#7533,#7534,#7535,#7536,#7537,#7538,
    #7539,#7540,#7541,#7542,#7543,#7544,#7545,#7546,#7547,#7548,#7549,
    #7550,#7551,#7552,#7553,#7554,#7555,#7556,#7557,#7558),
  .UNSPECIFIED.,.F.,.F.,(4,1,1,1,1,1,1,1,1,1,1,1,1,1,1,1,1,1,1,1,1,1,1,1
    ,1,1,1,1,1,1,1,1,1,1,1,1,1,1,1,1,1,1,1,1,4),(0.,3.754364458083E-02,
    7.508728916166E-02,0.112630933742,0.150174578323,0.187718222904,
    0.225261867485,0.262805512066,0.300349156647,0.337892801227,
    0.375436445808,0.412980090389,0.45052373497,0.488067379551,
    0.525611024132,0.563154668712,0.600698313293,0.638241957874,
    0.675785602455,0.713329247036,0.750872891617,0.788416536197,
    0.825960180778,0.863503825359,0.90104746994,0.938591114521,
    0.976134759102,1.013678403682,1.051222048263,1.088765692844,
    1.126309337425,1.163852982006,1.201396626587,1.238940271167,
    1.276483915748,1.314027560329,1.35157120491,1.389114849491,
    1.426658494072,1.464202138652,1.501745783233,1.539289427814,
    1.576833072395,1.614376716976,1.651920361557),
  .QUASI_UNIFORM_KNOTS.);
#7512 = CARTESIAN_POINT('',(7.561207115386,-3.997560944067));
#7513 = CARTESIAN_POINT('',(7.542203053557,-3.997253429053));
#7514 = CARTESIAN_POINT('',(7.504475128455,-3.996589917659));
#7515 = CARTESIAN_POINT('',(7.448720563133,-3.995468975307));
#7516 = CARTESIAN_POINT('',(7.39379801527,-3.994242017436));
#7517 = CARTESIAN_POINT('',(7.339709290377,-3.992929085641));
#7518 = CARTESIAN_POINT('',(7.28646048191,-3.991550125347));
#7519 = CARTESIAN_POINT('',(7.234063784581,-3.990124804746));
#7520 = CARTESIAN_POINT('',(7.182533425243,-3.988672114883));
#7521 = CARTESIAN_POINT('',(7.131901107339,-3.987210548155));
#7522 = CARTESIAN_POINT('',(7.082038820586,-3.985752731841));
#7523 = CARTESIAN_POINT('',(7.032911322252,-3.984312607968));
#7524 = CARTESIAN_POINT('',(6.984472198314,-3.982902575549));
#7525 = CARTESIAN_POINT('',(6.936680769663,-3.9815339984));
#7526 = CARTESIAN_POINT('',(6.889494842519,-3.98021703045));
#7527 = CARTESIAN_POINT('',(6.842860764258,-3.978960430351));
#7528 = CARTESIAN_POINT('',(6.796733423139,-3.977772201923));
#7529 = CARTESIAN_POINT('',(6.751067893051,-3.976659421965));
#7530 = CARTESIAN_POINT('',(6.705821055514,-3.975628354938));
#7531 = CARTESIAN_POINT('',(6.66095080952,-3.974684493635));
#7532 = CARTESIAN_POINT('',(6.61641597667,-3.973832616491));
#7533 = CARTESIAN_POINT('',(6.572176058714,-3.973076836787));
#7534 = CARTESIAN_POINT('',(6.528191057736,-3.972420649927));
#7535 = CARTESIAN_POINT('',(6.484421310755,-3.97186697664));
#7536 = CARTESIAN_POINT('',(6.44082727524,-3.971418202427));
#7537 = CARTESIAN_POINT('',(6.397369525907,-3.971076211949));
#7538 = CARTESIAN_POINT('',(6.354007947397,-3.97084242108));
#7539 = CARTESIAN_POINT('',(6.310703890988,-3.970717794934));
#7540 = CARTESIAN_POINT('',(6.267411209512,-3.97070289374));
#7541 = CARTESIAN_POINT('',(6.224119854903,-3.970797777271));
#7542 = CARTESIAN_POINT('',(6.180787224932,-3.971001962407));
#7543 = CARTESIAN_POINT('',(6.137371424649,-3.971314586513));
#7544 = CARTESIAN_POINT('',(6.093831379257,-3.971734352878));
#7545 = CARTESIAN_POINT('',(6.050126514433,-3.972259514116));
#7546 = CARTESIAN_POINT('',(6.006216575603,-3.97288783797));
#7547 = CARTESIAN_POINT('',(5.962061428976,-3.973616571093));
#7548 = CARTESIAN_POINT('',(5.917620881404,-3.974442397351));
#7549 = CARTESIAN_POINT('',(5.87285450299,-3.975361392238));
#7550 = CARTESIAN_POINT('',(5.827721449765,-3.976368973778));
#7551 = CARTESIAN_POINT('',(5.782180278129,-3.977459850204));
#7552 = CARTESIAN_POINT('',(5.736188746477,-3.97862796613));
#7553 = CARTESIAN_POINT('',(5.689703584567,-3.979866443442));
#7554 = CARTESIAN_POINT('',(5.642680261332,-3.981167533552));
#7555 = CARTESIAN_POINT('',(5.595072590582,-3.982522521566));
#7556 = CARTESIAN_POINT('',(5.54683272369,-3.983921806819));
#7557 = CARTESIAN_POINT('',(5.514217192304,-3.984876818778));
#7558 = CARTESIAN_POINT('',(5.497787143782,-3.985358089154));
#7559 = ( GEOMETRIC_REPRESENTATION_CONTEXT(2) 
PARAMETRIC_REPRESENTATION_CONTEXT() REPRESENTATION_CONTEXT('2D SPACE',''
  ) );
#7560 = ORIENTED_EDGE('',*,*,#7561,.F.);
#7561 = EDGE_CURVE('',#7562,#7428,#7564,.T.);
#7562 = VERTEX_POINT('',#7563);
#7563 = CARTESIAN_POINT('',(0.503401871577,-94.29865633483,14.57));
#7564 = SURFACE_CURVE('',#7565,(#7570,#7580),.PCURVE_S1.);
#7565 = ELLIPSE('',#7566,133.36033893178,94.3);
#7566 = AXIS2_PLACEMENT_3D('',#7567,#7568,#7569);
#7567 = CARTESIAN_POINT('',(0.,-2.359402231217E-16,15.073401871577));
#7568 = DIRECTION('',(0.707106781187,1.651002285577E-16,0.707106781187)
  );
#7569 = DIRECTION('',(-0.707106781187,8.090982689361E-18,0.707106781187)
  );
#7570 = PCURVE('',#5282,#7571);
#7571 = DEFINITIONAL_REPRESENTATION('',(#7572),#7579);
#7572 = B_SPLINE_CURVE_WITH_KNOTS('',5,(#7573,#7574,#7575,#7576,#7577,
    #7578),.UNSPECIFIED.,.F.,.F.,(6,6),(1.574906327392,1.589647187053),
  .PIECEWISE_BEZIER_KNOTS.);
#7573 = CARTESIAN_POINT('',(-1.566686326198,5.185829906421));
#7574 = CARTESIAN_POINT('',(-1.563738154266,4.907819641329));
#7575 = CARTESIAN_POINT('',(-1.560789982334,4.629813587069));
#7576 = CARTESIAN_POINT('',(-1.557841810401,4.351816777781));
#7577 = CARTESIAN_POINT('',(-1.554893638469,4.073834247451));
#7578 = CARTESIAN_POINT('',(-1.551945466537,3.795871029367));
#7579 = ( GEOMETRIC_REPRESENTATION_CONTEXT(2) 
PARAMETRIC_REPRESENTATION_CONTEXT() REPRESENTATION_CONTEXT('2D SPACE',''
  ) );
#7580 = PCURVE('',#3796,#7581);
#7581 = DEFINITIONAL_REPRESENTATION('',(#7582),#7586);
#7582 = ELLIPSE('',#7583,133.36033893178,94.3);
#7583 = AXIS2_PLACEMENT_2D('',#7584,#7585);
#7584 = CARTESIAN_POINT('',(-0.711917754108,90.3));
#7585 = DIRECTION('',(-1.,-1.232595164408E-32));
#7586 = ( GEOMETRIC_REPRESENTATION_CONTEXT(2) 
PARAMETRIC_REPRESENTATION_CONTEXT() REPRESENTATION_CONTEXT('2D SPACE',''
  ) );
#7587 = ORIENTED_EDGE('',*,*,#7588,.F.);
#7588 = EDGE_CURVE('',#5343,#7562,#7589,.T.);
#7589 = SURFACE_CURVE('',#7590,(#7595,#7602),.PCURVE_S1.);
#7590 = CIRCLE('',#7591,94.3);
#7591 = AXIS2_PLACEMENT_3D('',#7592,#7593,#7594);
#7592 = CARTESIAN_POINT('',(0.,-2.975891721928E-16,14.57));
#7593 = DIRECTION('',(-0.,1.224646799147E-16,1.));
#7594 = DIRECTION('',(1.,0.,0.));
#7595 = PCURVE('',#5282,#7596);
#7596 = DEFINITIONAL_REPRESENTATION('',(#7597),#7601);
#7597 = LINE('',#7598,#7599);
#7598 = CARTESIAN_POINT('',(-6.28318530718,5.07));
#7599 = VECTOR('',#7600,1.);
#7600 = DIRECTION('',(1.,-0.));
#7601 = ( GEOMETRIC_REPRESENTATION_CONTEXT(2) 
PARAMETRIC_REPRESENTATION_CONTEXT() REPRESENTATION_CONTEXT('2D SPACE',''
  ) );
#7602 = PCURVE('',#4056,#7603);
#7603 = DEFINITIONAL_REPRESENTATION('',(#7604),#7608);
#7604 = CIRCLE('',#7605,94.3);
#7605 = AXIS2_PLACEMENT_2D('',#7606,#7607);
#7606 = CARTESIAN_POINT('',(0.503401871577,90.3));
#7607 = DIRECTION('',(1.,-1.110223024625E-16));
#7608 = ( GEOMETRIC_REPRESENTATION_CONTEXT(2) 
PARAMETRIC_REPRESENTATION_CONTEXT() REPRESENTATION_CONTEXT('2D SPACE',''
  ) );
#7609 = ADVANCED_FACE('',(#7610),#5520,.F.);
#7610 = FACE_BOUND('',#7611,.T.);
#7611 = EDGE_LOOP('',(#7612,#7636,#7658,#7659,#7701,#7702,#7744,#7745,
    #7787,#7788,#7830,#7831,#7873,#7874,#7916,#7917));
#7612 = ORIENTED_EDGE('',*,*,#7613,.T.);
#7613 = EDGE_CURVE('',#7614,#7614,#7616,.T.);
#7614 = VERTEX_POINT('',#7615);
#7615 = CARTESIAN_POINT('',(91.3,-1.285879139105E-15,6.5));
#7616 = SURFACE_CURVE('',#7617,(#7622,#7629),.PCURVE_S1.);
#7617 = CIRCLE('',#7618,91.3);
#7618 = AXIS2_PLACEMENT_3D('',#7619,#7620,#7621);
#7619 = CARTESIAN_POINT('',(0.,-1.285879139105E-15,6.5));
#7620 = DIRECTION('',(0.,-1.224646799147E-16,-1.));
#7621 = DIRECTION('',(1.,0.,0.));
#7622 = PCURVE('',#5520,#7623);
#7623 = DEFINITIONAL_REPRESENTATION('',(#7624),#7628);
#7624 = LINE('',#7625,#7626);
#7625 = CARTESIAN_POINT('',(-0.,4.712388980385));
#7626 = VECTOR('',#7627,1.);
#7627 = DIRECTION('',(-1.,0.));
#7628 = ( GEOMETRIC_REPRESENTATION_CONTEXT(2) 
PARAMETRIC_REPRESENTATION_CONTEXT() REPRESENTATION_CONTEXT('2D SPACE',''
  ) );
#7629 = PCURVE('',#43,#7630);
#7630 = DEFINITIONAL_REPRESENTATION('',(#7631),#7635);
#7631 = CIRCLE('',#7632,91.3);
#7632 = AXIS2_PLACEMENT_2D('',#7633,#7634);
#7633 = CARTESIAN_POINT('',(0.,0.));
#7634 = DIRECTION('',(1.,-0.));
#7635 = ( GEOMETRIC_REPRESENTATION_CONTEXT(2) 
PARAMETRIC_REPRESENTATION_CONTEXT() REPRESENTATION_CONTEXT('2D SPACE',''
  ) );
#7636 = ORIENTED_EDGE('',*,*,#7637,.T.);
#7637 = EDGE_CURVE('',#7614,#6964,#7638,.T.);
#7638 = SEAM_CURVE('',#7639,(#7644,#7651),.PCURVE_S1.);
#7639 = CIRCLE('',#7640,3.);
#7640 = AXIS2_PLACEMENT_3D('',#7641,#7642,#7643);
#7641 = CARTESIAN_POINT('',(91.3,-9.184850993605E-16,9.5));
#7642 = DIRECTION('',(0.,-1.,1.224646799147E-16));
#7643 = DIRECTION('',(-4.736951571734E-15,-1.224646799147E-16,-1.));
#7644 = PCURVE('',#5520,#7645);
#7645 = DEFINITIONAL_REPRESENTATION('',(#7646),#7650);
#7646 = LINE('',#7647,#7648);
#7647 = CARTESIAN_POINT('',(-0.,4.712388980385));
#7648 = VECTOR('',#7649,1.);
#7649 = DIRECTION('',(-0.,1.));
#7650 = ( GEOMETRIC_REPRESENTATION_CONTEXT(2) 
PARAMETRIC_REPRESENTATION_CONTEXT() REPRESENTATION_CONTEXT('2D SPACE',''
  ) );
#7651 = PCURVE('',#5520,#7652);
#7652 = DEFINITIONAL_REPRESENTATION('',(#7653),#7657);
#7653 = LINE('',#7654,#7655);
#7654 = CARTESIAN_POINT('',(-6.28318530718,4.712388980385));
#7655 = VECTOR('',#7656,1.);
#7656 = DIRECTION('',(-0.,1.));
#7657 = ( GEOMETRIC_REPRESENTATION_CONTEXT(2) 
PARAMETRIC_REPRESENTATION_CONTEXT() REPRESENTATION_CONTEXT('2D SPACE',''
  ) );
#7658 = ORIENTED_EDGE('',*,*,#6963,.F.);
#7659 = ORIENTED_EDGE('',*,*,#7660,.T.);
#7660 = EDGE_CURVE('',#6830,#6619,#7661,.T.);
#7661 = SURFACE_CURVE('',#7662,(#7673,#7687),.PCURVE_S1.);
#7662 = B_SPLINE_CURVE_WITH_KNOTS('',5,(#7663,#7664,#7665,#7666,#7667,
    #7668,#7669,#7670,#7671,#7672),.UNSPECIFIED.,.F.,.F.,(6,4,6),(0.,
    0.497988257847,1.),.UNSPECIFIED.);
#7663 = CARTESIAN_POINT('',(82.003199791629,46.56141346581,9.5));
#7664 = CARTESIAN_POINT('',(81.938578323433,46.675223738585,
    9.460549953217));
#7665 = CARTESIAN_POINT('',(81.871656492636,46.791311210337,
    9.430539070605));
#7666 = CARTESIAN_POINT('',(81.803443293845,46.909118634955,
    9.410343673861));
#7667 = CARTESIAN_POINT('',(81.734757510353,47.027915750807,
    9.400163860776));
#7668 = CARTESIAN_POINT('',(81.596969625158,47.266565876232,
    9.399838112292));
#7669 = CARTESIAN_POINT('',(81.527861908796,47.386431396126,
    9.409854664133));
#7670 = CARTESIAN_POINT('',(81.459379873743,47.505397885331,
    9.430052993209));
#7671 = CARTESIAN_POINT('',(81.391755147266,47.622364507615,
    9.460230490844));
#7672 = CARTESIAN_POINT('',(81.324966793317,47.736147478257,9.5));
#7673 = PCURVE('',#5520,#7674);
#7674 = DEFINITIONAL_REPRESENTATION('',(#7675),#7686);
#7675 = B_SPLINE_CURVE_WITH_KNOTS('',5,(#7676,#7677,#7678,#7679,#7680,
    #7681,#7682,#7683,#7684,#7685),.UNSPECIFIED.,.F.,.F.,(6,4,6),(0.,
    0.497988257847,1.),.UNSPECIFIED.);
#7676 = CARTESIAN_POINT('',(-5.766778884135,6.28318530718));
#7677 = CARTESIAN_POINT('',(-5.765391008137,6.270035291585));
#7678 = CARTESIAN_POINT('',(-5.763970088164,6.260031570034));
#7679 = CARTESIAN_POINT('',(-5.76252649078,6.253295462926));
#7680 = CARTESIAN_POINT('',(-5.761071277106,6.249900448546));
#7681 = CARTESIAN_POINT('',(-5.758148945342,6.249791805346));
#7682 = CARTESIAN_POINT('',(-5.756681681888,6.25313237452));
#7683 = CARTESIAN_POINT('',(-5.755226013846,6.259869530671));
#7684 = CARTESIAN_POINT('',(-5.753793293901,6.269928804128));
#7685 = CARTESIAN_POINT('',(-5.752394179027,6.28318530718));
#7686 = ( GEOMETRIC_REPRESENTATION_CONTEXT(2) 
PARAMETRIC_REPRESENTATION_CONTEXT() REPRESENTATION_CONTEXT('2D SPACE',''
  ) );
#7687 = PCURVE('',#5119,#7688);
#7688 = DEFINITIONAL_REPRESENTATION('',(#7689),#7700);
#7689 = B_SPLINE_CURVE_WITH_KNOTS('',5,(#7690,#7691,#7692,#7693,#7694,
    #7695,#7696,#7697,#7698,#7699),.UNSPECIFIED.,.F.,.F.,(6,4,6),(0.,
    0.497988257847,1.),.UNSPECIFIED.);
#7690 = CARTESIAN_POINT('',(8.146756152563,-3.997560944067));
#7691 = CARTESIAN_POINT('',(8.088590231882,-3.998502247366));
#7692 = CARTESIAN_POINT('',(8.030311433364,-3.998589977704));
#7693 = CARTESIAN_POINT('',(7.971958327629,-3.998419326987));
#7694 = CARTESIAN_POINT('',(7.913559984812,-3.99833425153));
#7695 = CARTESIAN_POINT('',(7.796295641679,-3.998331505331));
#7696 = CARTESIAN_POINT('',(7.737423949848,-3.99841522731));
#7697 = CARTESIAN_POINT('',(7.678596706218,-3.998591289854));
#7698 = CARTESIAN_POINT('',(7.619844057638,-3.998509869943));
#7699 = CARTESIAN_POINT('',(7.561207115386,-3.997560944067));
#7700 = ( GEOMETRIC_REPRESENTATION_CONTEXT(2) 
PARAMETRIC_REPRESENTATION_CONTEXT() REPRESENTATION_CONTEXT('2D SPACE',''
  ) );
#7701 = ORIENTED_EDGE('',*,*,#6618,.F.);
#7702 = ORIENTED_EDGE('',*,*,#7703,.T.);
#7703 = EDGE_CURVE('',#6485,#6249,#7704,.T.);
#7704 = SURFACE_CURVE('',#7705,(#7716,#7730),.PCURVE_S1.);
#7705 = B_SPLINE_CURVE_WITH_KNOTS('',5,(#7706,#7707,#7708,#7709,#7710,
    #7711,#7712,#7713,#7714,#7715),.UNSPECIFIED.,.F.,.F.,(6,4,6),(0.,
    0.497988257847,1.),.UNSPECIFIED.);
#7706 = CARTESIAN_POINT('',(0.678232998312,94.297560944067,9.5));
#7707 = CARTESIAN_POINT('',(0.54735967678,94.298502247366,9.460549953217
    ));
#7708 = CARTESIAN_POINT('',(0.413364061783,94.298589977704,
    9.430539070606));
#7709 = CARTESIAN_POINT('',(0.277233239914,94.298419326987,9.41034367386
    ));
#7710 = CARTESIAN_POINT('',(0.140009027943,94.29833425153,9.400163860776
    ));
#7711 = CARTESIAN_POINT('',(-0.135561985889,94.298331505331,
    9.399838112292));
#7712 = CARTESIAN_POINT('',(-0.273922429336,94.29841522731,
    9.409854664133));
#7713 = CARTESIAN_POINT('',(-0.411191448713,94.298591289854,
    9.430052993209));
#7714 = CARTESIAN_POINT('',(-0.546299878245,94.298509869943,
    9.460230490844));
#7715 = CARTESIAN_POINT('',(-0.678232998313,94.297560944067,9.5));
#7716 = PCURVE('',#5520,#7717);
#7717 = DEFINITIONAL_REPRESENTATION('',(#7718),#7729);
#7718 = B_SPLINE_CURVE_WITH_KNOTS('',5,(#7719,#7720,#7721,#7722,#7723,
    #7724,#7725,#7726,#7727,#7728),.UNSPECIFIED.,.F.,.F.,(6,4,6),(0.,
    0.497988257847,1.),.UNSPECIFIED.);
#7719 = CARTESIAN_POINT('',(-4.719581332939,6.28318530718));
#7720 = CARTESIAN_POINT('',(-4.71819345694,6.270035291585));
#7721 = CARTESIAN_POINT('',(-4.716772536967,6.260031570034));
#7722 = CARTESIAN_POINT('',(-4.715328939584,6.253295462926));
#7723 = CARTESIAN_POINT('',(-4.71387372591,6.249900448546));
#7724 = CARTESIAN_POINT('',(-4.710951394146,6.249791805346));
#7725 = CARTESIAN_POINT('',(-4.709484130691,6.25313237452));
#7726 = CARTESIAN_POINT('',(-4.708028462649,6.259869530671));
#7727 = CARTESIAN_POINT('',(-4.706595742704,6.269928804128));
#7728 = CARTESIAN_POINT('',(-4.705196627831,6.28318530718));
#7729 = ( GEOMETRIC_REPRESENTATION_CONTEXT(2) 
PARAMETRIC_REPRESENTATION_CONTEXT() REPRESENTATION_CONTEXT('2D SPACE',''
  ) );
#7730 = PCURVE('',#4825,#7731);
#7731 = DEFINITIONAL_REPRESENTATION('',(#7732),#7743);
#7732 = B_SPLINE_CURVE_WITH_KNOTS('',5,(#7733,#7734,#7735,#7736,#7737,
    #7738,#7739,#7740,#7741,#7742),.UNSPECIFIED.,.F.,.F.,(6,4,6),(0.,
    0.497988257847,1.),.UNSPECIFIED.);
#7733 = CARTESIAN_POINT('',(8.146756152563,-3.997560944067));
#7734 = CARTESIAN_POINT('',(8.088590231882,-3.998502247366));
#7735 = CARTESIAN_POINT('',(8.030311433364,-3.998589977704));
#7736 = CARTESIAN_POINT('',(7.971958327629,-3.998419326987));
#7737 = CARTESIAN_POINT('',(7.913559984812,-3.99833425153));
#7738 = CARTESIAN_POINT('',(7.796295641679,-3.998331505331));
#7739 = CARTESIAN_POINT('',(7.737423949848,-3.99841522731));
#7740 = CARTESIAN_POINT('',(7.678596706218,-3.998591289854));
#7741 = CARTESIAN_POINT('',(7.619844057638,-3.998509869943));
#7742 = CARTESIAN_POINT('',(7.561207115386,-3.997560944067));
#7743 = ( GEOMETRIC_REPRESENTATION_CONTEXT(2) 
PARAMETRIC_REPRESENTATION_CONTEXT() REPRESENTATION_CONTEXT('2D SPACE',''
  ) );
#7744 = ORIENTED_EDGE('',*,*,#6248,.F.);
#7745 = ORIENTED_EDGE('',*,*,#7746,.T.);
#7746 = EDGE_CURVE('',#6115,#5879,#7747,.T.);
#7747 = SURFACE_CURVE('',#7748,(#7759,#7773),.PCURVE_S1.);
#7748 = B_SPLINE_CURVE_WITH_KNOTS('',5,(#7749,#7750,#7751,#7752,#7753,
    #7754,#7755,#7756,#7757,#7758),.UNSPECIFIED.,.F.,.F.,(6,4,6),(0.,
    0.497988257847,1.),.UNSPECIFIED.);
#7749 = CARTESIAN_POINT('',(-81.32496679331,47.736147478257,9.5));
#7750 = CARTESIAN_POINT('',(-81.39121864665,47.623278508782,
    9.460549953217));
#7751 = CARTESIAN_POINT('',(-81.45829243085,47.507278767368,
    9.430539070605));
#7752 = CARTESIAN_POINT('',(-81.52621005393,47.389300692032,
    9.410343673861));
#7753 = CARTESIAN_POINT('',(-81.59474848241,47.270418500723,
    9.400163860776));
#7754 = CARTESIAN_POINT('',(-81.73253161104,47.031765629098,
    9.399838112292));
#7755 = CARTESIAN_POINT('',(-81.80178433813,46.911983831184,
    9.409854664133));
#7756 = CARTESIAN_POINT('',(-81.87057132245,46.793193404522,
    9.430052993209));
#7757 = CARTESIAN_POINT('',(-81.93805502551,46.676145362327,
    9.460230490844));
#7758 = CARTESIAN_POINT('',(-82.00319979162,46.56141346581,9.5));
#7759 = PCURVE('',#5520,#7760);
#7760 = DEFINITIONAL_REPRESENTATION('',(#7761),#7772);
#7761 = B_SPLINE_CURVE_WITH_KNOTS('',5,(#7762,#7763,#7764,#7765,#7766,
    #7767,#7768,#7769,#7770,#7771),.UNSPECIFIED.,.F.,.F.,(6,4,6),(0.,
    0.497988257847,1.),.UNSPECIFIED.);
#7762 = CARTESIAN_POINT('',(-3.672383781742,6.28318530718));
#7763 = CARTESIAN_POINT('',(-3.670995905744,6.270035291585));
#7764 = CARTESIAN_POINT('',(-3.669574985771,6.260031570034));
#7765 = CARTESIAN_POINT('',(-3.668131388387,6.253295462926));
#7766 = CARTESIAN_POINT('',(-3.666676174713,6.249900448546));
#7767 = CARTESIAN_POINT('',(-3.663753842949,6.249791805346));
#7768 = CARTESIAN_POINT('',(-3.662286579495,6.25313237452));
#7769 = CARTESIAN_POINT('',(-3.660830911452,6.259869530671));
#7770 = CARTESIAN_POINT('',(-3.659398191508,6.269928804128));
#7771 = CARTESIAN_POINT('',(-3.657999076634,6.28318530718));
#7772 = ( GEOMETRIC_REPRESENTATION_CONTEXT(2) 
PARAMETRIC_REPRESENTATION_CONTEXT() REPRESENTATION_CONTEXT('2D SPACE',''
  ) );
#7773 = PCURVE('',#4531,#7774);
#7774 = DEFINITIONAL_REPRESENTATION('',(#7775),#7786);
#7775 = B_SPLINE_CURVE_WITH_KNOTS('',5,(#7776,#7777,#7778,#7779,#7780,
    #7781,#7782,#7783,#7784,#7785),.UNSPECIFIED.,.F.,.F.,(6,4,6),(0.,
    0.497988257847,1.),.UNSPECIFIED.);
#7776 = CARTESIAN_POINT('',(8.146756152563,-3.997560944067));
#7777 = CARTESIAN_POINT('',(8.088590231882,-3.998502247366));
#7778 = CARTESIAN_POINT('',(8.030311433364,-3.998589977704));
#7779 = CARTESIAN_POINT('',(7.971958327629,-3.998419326987));
#7780 = CARTESIAN_POINT('',(7.913559984812,-3.99833425153));
#7781 = CARTESIAN_POINT('',(7.796295641679,-3.998331505331));
#7782 = CARTESIAN_POINT('',(7.737423949848,-3.99841522731));
#7783 = CARTESIAN_POINT('',(7.678596706218,-3.998591289854));
#7784 = CARTESIAN_POINT('',(7.619844057638,-3.998509869943));
#7785 = CARTESIAN_POINT('',(7.561207115386,-3.997560944067));
#7786 = ( GEOMETRIC_REPRESENTATION_CONTEXT(2) 
PARAMETRIC_REPRESENTATION_CONTEXT() REPRESENTATION_CONTEXT('2D SPACE',''
  ) );
#7787 = ORIENTED_EDGE('',*,*,#5878,.F.);
#7788 = ORIENTED_EDGE('',*,*,#7789,.T.);
#7789 = EDGE_CURVE('',#5745,#5504,#7790,.T.);
#7790 = SURFACE_CURVE('',#7791,(#7802,#7816),.PCURVE_S1.);
#7791 = B_SPLINE_CURVE_WITH_KNOTS('',5,(#7792,#7793,#7794,#7795,#7796,
    #7797,#7798,#7799,#7800,#7801),.UNSPECIFIED.,.F.,.F.,(6,4,6),(0.,
    0.497988257847,1.),.UNSPECIFIED.);
#7792 = CARTESIAN_POINT('',(-82.00319979162,-46.56141346581,9.5));
#7793 = CARTESIAN_POINT('',(-81.93857832343,-46.67522373858,
    9.460549953217));
#7794 = CARTESIAN_POINT('',(-81.87165649263,-46.79131121033,
    9.430539070605));
#7795 = CARTESIAN_POINT('',(-81.80344329384,-46.90911863495,
    9.410343673861));
#7796 = CARTESIAN_POINT('',(-81.73475751035,-47.0279157508,
    9.400163860776));
#7797 = CARTESIAN_POINT('',(-81.59696962515,-47.26656587623,
    9.399838112292));
#7798 = CARTESIAN_POINT('',(-81.52786190879,-47.38643139612,
    9.409854664133));
#7799 = CARTESIAN_POINT('',(-81.45937987374,-47.50539788533,
    9.430052993209));
#7800 = CARTESIAN_POINT('',(-81.39175514726,-47.62236450761,
    9.460230490844));
#7801 = CARTESIAN_POINT('',(-81.32496679331,-47.73614747825,9.5));
#7802 = PCURVE('',#5520,#7803);
#7803 = DEFINITIONAL_REPRESENTATION('',(#7804),#7815);
#7804 = B_SPLINE_CURVE_WITH_KNOTS('',5,(#7805,#7806,#7807,#7808,#7809,
    #7810,#7811,#7812,#7813,#7814),.UNSPECIFIED.,.F.,.F.,(6,4,6),(0.,
    0.497988257847,1.),.UNSPECIFIED.);
#7805 = CARTESIAN_POINT('',(-2.625186230545,6.28318530718));
#7806 = CARTESIAN_POINT('',(-2.623798354547,6.270035291585));
#7807 = CARTESIAN_POINT('',(-2.622377434574,6.260031570034));
#7808 = CARTESIAN_POINT('',(-2.62093383719,6.253295462926));
#7809 = CARTESIAN_POINT('',(-2.619478623517,6.249900448546));
#7810 = CARTESIAN_POINT('',(-2.616556291752,6.249791805346));
#7811 = CARTESIAN_POINT('',(-2.615089028298,6.25313237452));
#7812 = CARTESIAN_POINT('',(-2.613633360256,6.259869530671));
#7813 = CARTESIAN_POINT('',(-2.612200640311,6.269928804128));
#7814 = CARTESIAN_POINT('',(-2.610801525438,6.28318530718));
#7815 = ( GEOMETRIC_REPRESENTATION_CONTEXT(2) 
PARAMETRIC_REPRESENTATION_CONTEXT() REPRESENTATION_CONTEXT('2D SPACE',''
  ) );
#7816 = PCURVE('',#4231,#7817);
#7817 = DEFINITIONAL_REPRESENTATION('',(#7818),#7829);
#7818 = B_SPLINE_CURVE_WITH_KNOTS('',5,(#7819,#7820,#7821,#7822,#7823,
    #7824,#7825,#7826,#7827,#7828),.UNSPECIFIED.,.F.,.F.,(6,4,6),(0.,
    0.497988257847,1.),.UNSPECIFIED.);
#7819 = CARTESIAN_POINT('',(8.146756152563,-3.997560944067));
#7820 = CARTESIAN_POINT('',(8.088590231882,-3.998502247366));
#7821 = CARTESIAN_POINT('',(8.030311433364,-3.998589977704));
#7822 = CARTESIAN_POINT('',(7.971958327628,-3.998419326987));
#7823 = CARTESIAN_POINT('',(7.913559984812,-3.99833425153));
#7824 = CARTESIAN_POINT('',(7.796295641679,-3.998331505331));
#7825 = CARTESIAN_POINT('',(7.737423949848,-3.99841522731));
#7826 = CARTESIAN_POINT('',(7.678596706218,-3.998591289854));
#7827 = CARTESIAN_POINT('',(7.619844057638,-3.998509869943));
#7828 = CARTESIAN_POINT('',(7.561207115386,-3.997560944067));
#7829 = ( GEOMETRIC_REPRESENTATION_CONTEXT(2) 
PARAMETRIC_REPRESENTATION_CONTEXT() REPRESENTATION_CONTEXT('2D SPACE',''
  ) );
#7830 = ORIENTED_EDGE('',*,*,#5503,.F.);
#7831 = ORIENTED_EDGE('',*,*,#7832,.T.);
#7832 = EDGE_CURVE('',#5370,#7404,#7833,.T.);
#7833 = SURFACE_CURVE('',#7834,(#7845,#7859),.PCURVE_S1.);
#7834 = B_SPLINE_CURVE_WITH_KNOTS('',5,(#7835,#7836,#7837,#7838,#7839,
    #7840,#7841,#7842,#7843,#7844),.UNSPECIFIED.,.F.,.F.,(6,4,6),(0.,
    0.497988257847,1.),.UNSPECIFIED.);
#7835 = CARTESIAN_POINT('',(-0.678232998312,-94.29756094406,9.5));
#7836 = CARTESIAN_POINT('',(-0.54735967678,-94.29850224736,
    9.460549953217));
#7837 = CARTESIAN_POINT('',(-0.413364061783,-94.2985899777,
    9.430539070606));
#7838 = CARTESIAN_POINT('',(-0.277233239914,-94.29841932698,
    9.41034367386));
#7839 = CARTESIAN_POINT('',(-0.140009027943,-94.29833425153,
    9.400163860776));
#7840 = CARTESIAN_POINT('',(0.135561985888,-94.29833150533,
    9.399838112292));
#7841 = CARTESIAN_POINT('',(0.273922429336,-94.29841522731,
    9.409854664133));
#7842 = CARTESIAN_POINT('',(0.411191448713,-94.29859128985,
    9.430052993209));
#7843 = CARTESIAN_POINT('',(0.546299878245,-94.29850986994,
    9.460230490844));
#7844 = CARTESIAN_POINT('',(0.678232998313,-94.29756094406,9.5));
#7845 = PCURVE('',#5520,#7846);
#7846 = DEFINITIONAL_REPRESENTATION('',(#7847),#7858);
#7847 = B_SPLINE_CURVE_WITH_KNOTS('',5,(#7848,#7849,#7850,#7851,#7852,
    #7853,#7854,#7855,#7856,#7857),.UNSPECIFIED.,.F.,.F.,(6,4,6),(0.,
    0.497988257847,1.),.UNSPECIFIED.);
#7848 = CARTESIAN_POINT('',(-1.577988679349,6.28318530718));
#7849 = CARTESIAN_POINT('',(-1.576600803351,6.270035291585));
#7850 = CARTESIAN_POINT('',(-1.575179883378,6.260031570034));
#7851 = CARTESIAN_POINT('',(-1.573736285994,6.253295462926));
#7852 = CARTESIAN_POINT('',(-1.57228107232,6.249900448546));
#7853 = CARTESIAN_POINT('',(-1.569358740556,6.249791805346));
#7854 = CARTESIAN_POINT('',(-1.567891477102,6.25313237452));
#7855 = CARTESIAN_POINT('',(-1.566435809059,6.259869530671));
#7856 = CARTESIAN_POINT('',(-1.565003089115,6.269928804128));
#7857 = CARTESIAN_POINT('',(-1.563603974241,6.28318530718));
#7858 = ( GEOMETRIC_REPRESENTATION_CONTEXT(2) 
PARAMETRIC_REPRESENTATION_CONTEXT() REPRESENTATION_CONTEXT('2D SPACE',''
  ) );
#7859 = PCURVE('',#3931,#7860);
#7860 = DEFINITIONAL_REPRESENTATION('',(#7861),#7872);
#7861 = B_SPLINE_CURVE_WITH_KNOTS('',5,(#7862,#7863,#7864,#7865,#7866,
    #7867,#7868,#7869,#7870,#7871),.UNSPECIFIED.,.F.,.F.,(6,4,6),(0.,
    0.497988257847,1.),.UNSPECIFIED.);
#7862 = CARTESIAN_POINT('',(8.146756152563,-3.997560944067));
#7863 = CARTESIAN_POINT('',(8.088590231882,-3.998502247366));
#7864 = CARTESIAN_POINT('',(8.030311433364,-3.998589977704));
#7865 = CARTESIAN_POINT('',(7.971958327629,-3.998419326987));
#7866 = CARTESIAN_POINT('',(7.913559984812,-3.99833425153));
#7867 = CARTESIAN_POINT('',(7.796295641679,-3.998331505331));
#7868 = CARTESIAN_POINT('',(7.737423949848,-3.99841522731));
#7869 = CARTESIAN_POINT('',(7.678596706218,-3.998591289854));
#7870 = CARTESIAN_POINT('',(7.619844057638,-3.998509869943));
#7871 = CARTESIAN_POINT('',(7.561207115386,-3.997560944067));
#7872 = ( GEOMETRIC_REPRESENTATION_CONTEXT(2) 
PARAMETRIC_REPRESENTATION_CONTEXT() REPRESENTATION_CONTEXT('2D SPACE',''
  ) );
#7873 = ORIENTED_EDGE('',*,*,#7403,.F.);
#7874 = ORIENTED_EDGE('',*,*,#7875,.T.);
#7875 = EDGE_CURVE('',#7270,#7034,#7876,.T.);
#7876 = SURFACE_CURVE('',#7877,(#7888,#7902),.PCURVE_S1.);
#7877 = B_SPLINE_CURVE_WITH_KNOTS('',5,(#7878,#7879,#7880,#7881,#7882,
    #7883,#7884,#7885,#7886,#7887),.UNSPECIFIED.,.F.,.F.,(6,4,6),(0.,
    0.497988257847,1.),.UNSPECIFIED.);
#7878 = CARTESIAN_POINT('',(81.324966793317,-47.73614747825,9.5));
#7879 = CARTESIAN_POINT('',(81.391218646654,-47.62327850878,
    9.460549953217));
#7880 = CARTESIAN_POINT('',(81.458292430853,-47.50727876736,
    9.430539070606));
#7881 = CARTESIAN_POINT('',(81.526210053931,-47.38930069203,
    9.41034367386));
#7882 = CARTESIAN_POINT('',(81.59474848241,-47.27041850072,
    9.400163860776));
#7883 = CARTESIAN_POINT('',(81.732531611047,-47.03176562909,
    9.399838112292));
#7884 = CARTESIAN_POINT('',(81.801784338131,-46.91198383118,
    9.409854664133));
#7885 = CARTESIAN_POINT('',(81.870571322456,-46.79319340452,
    9.430052993209));
#7886 = CARTESIAN_POINT('',(81.93805502551,-46.67614536232,
    9.460230490844));
#7887 = CARTESIAN_POINT('',(82.003199791629,-46.56141346581,9.5));
#7888 = PCURVE('',#5520,#7889);
#7889 = DEFINITIONAL_REPRESENTATION('',(#7890),#7901);
#7890 = B_SPLINE_CURVE_WITH_KNOTS('',5,(#7891,#7892,#7893,#7894,#7895,
    #7896,#7897,#7898,#7899,#7900),.UNSPECIFIED.,.F.,.F.,(6,4,6),(0.,
    0.497988257847,1.),.UNSPECIFIED.);
#7891 = CARTESIAN_POINT('',(-0.530791128152,6.28318530718));
#7892 = CARTESIAN_POINT('',(-0.529403252154,6.270035291585));
#7893 = CARTESIAN_POINT('',(-0.527982332181,6.260031570034));
#7894 = CARTESIAN_POINT('',(-0.526538734797,6.253295462926));
#7895 = CARTESIAN_POINT('',(-0.525083521123,6.249900448546));
#7896 = CARTESIAN_POINT('',(-0.522161189359,6.249791805346));
#7897 = CARTESIAN_POINT('',(-0.520693925905,6.25313237452));
#7898 = CARTESIAN_POINT('',(-0.519238257863,6.259869530671));
#7899 = CARTESIAN_POINT('',(-0.517805537918,6.269928804128));
#7900 = CARTESIAN_POINT('',(-0.516406423044,6.28318530718));
#7901 = ( GEOMETRIC_REPRESENTATION_CONTEXT(2) 
PARAMETRIC_REPRESENTATION_CONTEXT() REPRESENTATION_CONTEXT('2D SPACE',''
  ) );
#7902 = PCURVE('',#3631,#7903);
#7903 = DEFINITIONAL_REPRESENTATION('',(#7904),#7915);
#7904 = B_SPLINE_CURVE_WITH_KNOTS('',5,(#7905,#7906,#7907,#7908,#7909,
    #7910,#7911,#7912,#7913,#7914),.UNSPECIFIED.,.F.,.F.,(6,4,6),(0.,
    0.497988257847,1.),.UNSPECIFIED.);
#7905 = CARTESIAN_POINT('',(8.146756152563,-3.997560944067));
#7906 = CARTESIAN_POINT('',(8.088590231882,-3.998502247366));
#7907 = CARTESIAN_POINT('',(8.030311433364,-3.998589977704));
#7908 = CARTESIAN_POINT('',(7.971958327629,-3.998419326987));
#7909 = CARTESIAN_POINT('',(7.913559984812,-3.99833425153));
#7910 = CARTESIAN_POINT('',(7.796295641679,-3.998331505331));
#7911 = CARTESIAN_POINT('',(7.737423949848,-3.99841522731));
#7912 = CARTESIAN_POINT('',(7.678596706218,-3.998591289854));
#7913 = CARTESIAN_POINT('',(7.619844057638,-3.998509869943));
#7914 = CARTESIAN_POINT('',(7.561207115386,-3.997560944067));
#7915 = ( GEOMETRIC_REPRESENTATION_CONTEXT(2) 
PARAMETRIC_REPRESENTATION_CONTEXT() REPRESENTATION_CONTEXT('2D SPACE',''
  ) );
#7916 = ORIENTED_EDGE('',*,*,#7033,.F.);
#7917 = ORIENTED_EDGE('',*,*,#7637,.F.);
#7918 = ADVANCED_FACE('',(#7919),#5217,.F.);
#7919 = FACE_BOUND('',#7920,.F.);
#7920 = EDGE_LOOP('',(#7921,#7922,#7943,#7944));
#7921 = ORIENTED_EDGE('',*,*,#6802,.F.);
#7922 = ORIENTED_EDGE('',*,*,#7923,.T.);
#7923 = EDGE_CURVE('',#6803,#5003,#7924,.T.);
#7924 = SURFACE_CURVE('',#7925,(#7929,#7936),.PCURVE_S1.);
#7925 = LINE('',#7926,#7927);
#7926 = CARTESIAN_POINT('',(79.032944429629,43.710924776115,
    13.411700935788));
#7927 = VECTOR('',#7928,1.);
#7928 = DIRECTION('',(0.866025403784,0.5,-6.123233995737E-17));
#7929 = PCURVE('',#5217,#7930);
#7930 = DEFINITIONAL_REPRESENTATION('',(#7931),#7935);
#7931 = LINE('',#7932,#7933);
#7932 = CARTESIAN_POINT('',(0.,0.));
#7933 = VECTOR('',#7934,1.);
#7934 = DIRECTION('',(6.106674209742E-18,-1.));
#7935 = ( GEOMETRIC_REPRESENTATION_CONTEXT(2) 
PARAMETRIC_REPRESENTATION_CONTEXT() REPRESENTATION_CONTEXT('2D SPACE',''
  ) );
#7936 = PCURVE('',#5119,#7937);
#7937 = DEFINITIONAL_REPRESENTATION('',(#7938),#7942);
#7938 = LINE('',#7939,#7940);
#7939 = CARTESIAN_POINT('',(10.210176124167,0.));
#7940 = VECTOR('',#7941,1.);
#7941 = DIRECTION('',(0.,-1.));
#7942 = ( GEOMETRIC_REPRESENTATION_CONTEXT(2) 
PARAMETRIC_REPRESENTATION_CONTEXT() REPRESENTATION_CONTEXT('2D SPACE',''
  ) );
#7943 = ORIENTED_EDGE('',*,*,#5197,.T.);
#7944 = ORIENTED_EDGE('',*,*,#5294,.F.);
#7945 = ADVANCED_FACE('',(#7946),#5119,.F.);
#7946 = FACE_BOUND('',#7947,.F.);
#7947 = EDGE_LOOP('',(#7948,#7949,#7970,#7971,#7972,#7973));
#7948 = ORIENTED_EDGE('',*,*,#6642,.T.);
#7949 = ORIENTED_EDGE('',*,*,#7950,.T.);
#7950 = EDGE_CURVE('',#6643,#4971,#7951,.T.);
#7951 = SURFACE_CURVE('',#7952,(#7956,#7963),.PCURVE_S1.);
#7952 = LINE('',#7953,#7954);
#7953 = CARTESIAN_POINT('',(77.371243493841,46.589075223885,
    13.411700935788));
#7954 = VECTOR('',#7955,1.);
#7955 = DIRECTION('',(0.866025403784,0.5,-6.123233995737E-17));
#7956 = PCURVE('',#5119,#7957);
#7957 = DEFINITIONAL_REPRESENTATION('',(#7958),#7962);
#7958 = LINE('',#7959,#7960);
#7959 = CARTESIAN_POINT('',(5.497787143782,0.));
#7960 = VECTOR('',#7961,1.);
#7961 = DIRECTION('',(0.,-1.));
#7962 = ( GEOMETRIC_REPRESENTATION_CONTEXT(2) 
PARAMETRIC_REPRESENTATION_CONTEXT() REPRESENTATION_CONTEXT('2D SPACE',''
  ) );
#7963 = PCURVE('',#4990,#7964);
#7964 = DEFINITIONAL_REPRESENTATION('',(#7965),#7969);
#7965 = LINE('',#7966,#7967);
#7966 = CARTESIAN_POINT('',(1.638082245892,-5.399995880273E-15));
#7967 = VECTOR('',#7968,1.);
#7968 = DIRECTION('',(-6.106674209742E-18,-1.));
#7969 = ( GEOMETRIC_REPRESENTATION_CONTEXT(2) 
PARAMETRIC_REPRESENTATION_CONTEXT() REPRESENTATION_CONTEXT('2D SPACE',''
  ) );
#7970 = ORIENTED_EDGE('',*,*,#5002,.F.);
#7971 = ORIENTED_EDGE('',*,*,#7923,.F.);
#7972 = ORIENTED_EDGE('',*,*,#6829,.T.);
#7973 = ORIENTED_EDGE('',*,*,#7660,.T.);
#7974 = ADVANCED_FACE('',(#7975),#4990,.F.);
#7975 = FACE_BOUND('',#7976,.F.);
#7976 = EDGE_LOOP('',(#7977,#7978,#7979,#7980));
#7977 = ORIENTED_EDGE('',*,*,#6776,.F.);
#7978 = ORIENTED_EDGE('',*,*,#5316,.T.);
#7979 = ORIENTED_EDGE('',*,*,#4968,.T.);
#7980 = ORIENTED_EDGE('',*,*,#7950,.F.);
#7981 = ADVANCED_FACE('',(#7982),#4950,.F.);
#7982 = FACE_BOUND('',#7983,.F.);
#7983 = EDGE_LOOP('',(#7984,#7985,#8006,#8007));
#7984 = ORIENTED_EDGE('',*,*,#6433,.F.);
#7985 = ORIENTED_EDGE('',*,*,#7986,.T.);
#7986 = EDGE_CURVE('',#6434,#4904,#7987,.T.);
#7987 = SURFACE_CURVE('',#7988,(#7992,#7999),.PCURVE_S1.);
#7988 = LINE('',#7989,#7990);
#7989 = CARTESIAN_POINT('',(0.503401871577,90.3,14.57));
#7990 = VECTOR('',#7991,1.);
#7991 = DIRECTION('',(-2.22044604925E-16,1.,-1.224646799147E-16));
#7992 = PCURVE('',#4950,#7993);
#7993 = DEFINITIONAL_REPRESENTATION('',(#7994),#7998);
#7994 = LINE('',#7995,#7996);
#7995 = CARTESIAN_POINT('',(0.,0.));
#7996 = VECTOR('',#7997,1.);
#7997 = DIRECTION('',(-3.330135684236E-48,-1.));
#7998 = ( GEOMETRIC_REPRESENTATION_CONTEXT(2) 
PARAMETRIC_REPRESENTATION_CONTEXT() REPRESENTATION_CONTEXT('2D SPACE',''
  ) );
#7999 = PCURVE('',#4923,#8000);
#8000 = DEFINITIONAL_REPRESENTATION('',(#8001),#8005);
#8001 = LINE('',#8002,#8003);
#8002 = CARTESIAN_POINT('',(1.638082245892,-1.153433339537E-16));
#8003 = VECTOR('',#8004,1.);
#8004 = DIRECTION('',(-2.465190328816E-32,-1.));
#8005 = ( GEOMETRIC_REPRESENTATION_CONTEXT(2) 
PARAMETRIC_REPRESENTATION_CONTEXT() REPRESENTATION_CONTEXT('2D SPACE',''
  ) );
#8006 = ORIENTED_EDGE('',*,*,#4935,.F.);
#8007 = ORIENTED_EDGE('',*,*,#8008,.F.);
#8008 = EDGE_CURVE('',#6407,#4675,#8009,.T.);
#8009 = SURFACE_CURVE('',#8010,(#8014,#8021),.PCURVE_S1.);
#8010 = LINE('',#8011,#8012);
#8011 = CARTESIAN_POINT('',(-0.503401871577,90.3,14.57));
#8012 = VECTOR('',#8013,1.);
#8013 = DIRECTION('',(-2.22044604925E-16,1.,-1.224646799147E-16));
#8014 = PCURVE('',#4950,#8015);
#8015 = DEFINITIONAL_REPRESENTATION('',(#8016),#8020);
#8016 = LINE('',#8017,#8018);
#8017 = CARTESIAN_POINT('',(1.006803743154,-2.235553393856E-16));
#8018 = VECTOR('',#8019,1.);
#8019 = DIRECTION('',(-3.330135684236E-48,-1.));
#8020 = ( GEOMETRIC_REPRESENTATION_CONTEXT(2) 
PARAMETRIC_REPRESENTATION_CONTEXT() REPRESENTATION_CONTEXT('2D SPACE',''
  ) );
#8021 = PCURVE('',#4696,#8022);
#8022 = DEFINITIONAL_REPRESENTATION('',(#8023),#8027);
#8023 = LINE('',#8024,#8025);
#8024 = CARTESIAN_POINT('',(-0.,0.));
#8025 = VECTOR('',#8026,1.);
#8026 = DIRECTION('',(0.,-1.));
#8027 = ( GEOMETRIC_REPRESENTATION_CONTEXT(2) 
PARAMETRIC_REPRESENTATION_CONTEXT() REPRESENTATION_CONTEXT('2D SPACE',''
  ) );
#8028 = ADVANCED_FACE('',(#8029),#4923,.F.);
#8029 = FACE_BOUND('',#8030,.F.);
#8030 = EDGE_LOOP('',(#8031,#8032,#8053,#8054));
#8031 = ORIENTED_EDGE('',*,*,#6457,.F.);
#8032 = ORIENTED_EDGE('',*,*,#8033,.T.);
#8033 = EDGE_CURVE('',#6458,#4709,#8034,.T.);
#8034 = SURFACE_CURVE('',#8035,(#8039,#8046),.PCURVE_S1.);
#8035 = LINE('',#8036,#8037);
#8036 = CARTESIAN_POINT('',(1.661700935788,90.3,13.411700935788));
#8037 = VECTOR('',#8038,1.);
#8038 = DIRECTION('',(-2.22044604925E-16,1.,-1.224646799147E-16));
#8039 = PCURVE('',#4923,#8040);
#8040 = DEFINITIONAL_REPRESENTATION('',(#8041),#8045);
#8041 = LINE('',#8042,#8043);
#8042 = CARTESIAN_POINT('',(0.,0.));
#8043 = VECTOR('',#8044,1.);
#8044 = DIRECTION('',(-2.465190328816E-32,-1.));
#8045 = ( GEOMETRIC_REPRESENTATION_CONTEXT(2) 
PARAMETRIC_REPRESENTATION_CONTEXT() REPRESENTATION_CONTEXT('2D SPACE',''
  ) );
#8046 = PCURVE('',#4825,#8047);
#8047 = DEFINITIONAL_REPRESENTATION('',(#8048),#8052);
#8048 = LINE('',#8049,#8050);
#8049 = CARTESIAN_POINT('',(10.210176124167,0.));
#8050 = VECTOR('',#8051,1.);
#8051 = DIRECTION('',(0.,-1.));
#8052 = ( GEOMETRIC_REPRESENTATION_CONTEXT(2) 
PARAMETRIC_REPRESENTATION_CONTEXT() REPRESENTATION_CONTEXT('2D SPACE',''
  ) );
#8053 = ORIENTED_EDGE('',*,*,#4903,.T.);
#8054 = ORIENTED_EDGE('',*,*,#7986,.F.);
#8055 = ADVANCED_FACE('',(#8056),#4825,.F.);
#8056 = FACE_BOUND('',#8057,.F.);
#8057 = EDGE_LOOP('',(#8058,#8059,#8080,#8081,#8082,#8083));
#8058 = ORIENTED_EDGE('',*,*,#6272,.T.);
#8059 = ORIENTED_EDGE('',*,*,#8060,.T.);
#8060 = EDGE_CURVE('',#6273,#4677,#8061,.T.);
#8061 = SURFACE_CURVE('',#8062,(#8066,#8073),.PCURVE_S1.);
#8062 = LINE('',#8063,#8064);
#8063 = CARTESIAN_POINT('',(-1.661700935788,90.3,13.411700935788));
#8064 = VECTOR('',#8065,1.);
#8065 = DIRECTION('',(-2.22044604925E-16,1.,-1.224646799147E-16));
#8066 = PCURVE('',#4825,#8067);
#8067 = DEFINITIONAL_REPRESENTATION('',(#8068),#8072);
#8068 = LINE('',#8069,#8070);
#8069 = CARTESIAN_POINT('',(5.497787143782,0.));
#8070 = VECTOR('',#8071,1.);
#8071 = DIRECTION('',(0.,-1.));
#8072 = ( GEOMETRIC_REPRESENTATION_CONTEXT(2) 
PARAMETRIC_REPRESENTATION_CONTEXT() REPRESENTATION_CONTEXT('2D SPACE',''
  ) );
#8073 = PCURVE('',#4696,#8074);
#8074 = DEFINITIONAL_REPRESENTATION('',(#8075),#8079);
#8075 = LINE('',#8076,#8077);
#8076 = CARTESIAN_POINT('',(1.638082245892,-3.990447822421E-16));
#8077 = VECTOR('',#8078,1.);
#8078 = DIRECTION('',(0.,-1.));
#8079 = ( GEOMETRIC_REPRESENTATION_CONTEXT(2) 
PARAMETRIC_REPRESENTATION_CONTEXT() REPRESENTATION_CONTEXT('2D SPACE',''
  ) );
#8080 = ORIENTED_EDGE('',*,*,#4708,.F.);
#8081 = ORIENTED_EDGE('',*,*,#8033,.F.);
#8082 = ORIENTED_EDGE('',*,*,#6484,.T.);
#8083 = ORIENTED_EDGE('',*,*,#7703,.T.);
#8084 = ADVANCED_FACE('',(#8085),#4696,.F.);
#8085 = FACE_BOUND('',#8086,.F.);
#8086 = EDGE_LOOP('',(#8087,#8088,#8089,#8090));
#8087 = ORIENTED_EDGE('',*,*,#6406,.F.);
#8088 = ORIENTED_EDGE('',*,*,#8008,.T.);
#8089 = ORIENTED_EDGE('',*,*,#4674,.T.);
#8090 = ORIENTED_EDGE('',*,*,#8060,.F.);
#8091 = ADVANCED_FACE('',(#8092),#4656,.F.);
#8092 = FACE_BOUND('',#8093,.F.);
#8093 = EDGE_LOOP('',(#8094,#8095,#8116,#8117));
#8094 = ORIENTED_EDGE('',*,*,#6063,.F.);
#8095 = ORIENTED_EDGE('',*,*,#8096,.T.);
#8096 = EDGE_CURVE('',#6064,#4610,#8097,.T.);
#8097 = SURFACE_CURVE('',#8098,(#8102,#8109),.PCURVE_S1.);
#8098 = LINE('',#8099,#8100);
#8099 = CARTESIAN_POINT('',(-77.95039302594,45.585958809098,14.57));
#8100 = VECTOR('',#8101,1.);
#8101 = DIRECTION('',(-0.866025403784,0.5,-6.123233995737E-17));
#8102 = PCURVE('',#4656,#8103);
#8103 = DEFINITIONAL_REPRESENTATION('',(#8104),#8108);
#8104 = LINE('',#8105,#8106);
#8105 = CARTESIAN_POINT('',(0.,0.));
#8106 = VECTOR('',#8107,1.);
#8107 = DIRECTION('',(-6.494150356797E-33,-1.));
#8108 = ( GEOMETRIC_REPRESENTATION_CONTEXT(2) 
PARAMETRIC_REPRESENTATION_CONTEXT() REPRESENTATION_CONTEXT('2D SPACE',''
  ) );
#8109 = PCURVE('',#4629,#8110);
#8110 = DEFINITIONAL_REPRESENTATION('',(#8111),#8115);
#8111 = LINE('',#8112,#8113);
#8112 = CARTESIAN_POINT('',(1.638082245892,4.84488436796E-15));
#8113 = VECTOR('',#8114,1.);
#8114 = DIRECTION('',(6.106674209742E-18,-1.));
#8115 = ( GEOMETRIC_REPRESENTATION_CONTEXT(2) 
PARAMETRIC_REPRESENTATION_CONTEXT() REPRESENTATION_CONTEXT('2D SPACE',''
  ) );
#8116 = ORIENTED_EDGE('',*,*,#4641,.F.);
#8117 = ORIENTED_EDGE('',*,*,#8118,.F.);
#8118 = EDGE_CURVE('',#6037,#4375,#8119,.T.);
#8119 = SURFACE_CURVE('',#8120,(#8124,#8131),.PCURVE_S1.);
#8120 = LINE('',#8121,#8122);
#8121 = CARTESIAN_POINT('',(-78.45379489752,44.714041190902,14.57));
#8122 = VECTOR('',#8123,1.);
#8123 = DIRECTION('',(-0.866025403784,0.5,-6.123233995737E-17));
#8124 = PCURVE('',#4656,#8125);
#8125 = DEFINITIONAL_REPRESENTATION('',(#8126),#8130);
#8126 = LINE('',#8127,#8128);
#8127 = CARTESIAN_POINT('',(1.006803743154,-8.937295348233E-15));
#8128 = VECTOR('',#8129,1.);
#8129 = DIRECTION('',(-6.494150356797E-33,-1.));
#8130 = ( GEOMETRIC_REPRESENTATION_CONTEXT(2) 
PARAMETRIC_REPRESENTATION_CONTEXT() REPRESENTATION_CONTEXT('2D SPACE',''
  ) );
#8131 = PCURVE('',#4396,#8132);
#8132 = DEFINITIONAL_REPRESENTATION('',(#8133),#8137);
#8133 = LINE('',#8134,#8135);
#8134 = CARTESIAN_POINT('',(-0.,0.));
#8135 = VECTOR('',#8136,1.);
#8136 = DIRECTION('',(-6.106674209742E-18,-1.));
#8137 = ( GEOMETRIC_REPRESENTATION_CONTEXT(2) 
PARAMETRIC_REPRESENTATION_CONTEXT() REPRESENTATION_CONTEXT('2D SPACE',''
  ) );
#8138 = ADVANCED_FACE('',(#8139),#4629,.F.);
#8139 = FACE_BOUND('',#8140,.F.);
#8140 = EDGE_LOOP('',(#8141,#8142,#8163,#8164));
#8141 = ORIENTED_EDGE('',*,*,#6087,.F.);
#8142 = ORIENTED_EDGE('',*,*,#8143,.T.);
#8143 = EDGE_CURVE('',#6088,#4409,#8144,.T.);
#8144 = SURFACE_CURVE('',#8145,(#8149,#8156),.PCURVE_S1.);
#8145 = LINE('',#8146,#8147);
#8146 = CARTESIAN_POINT('',(-77.37124349384,46.589075223885,
    13.411700935788));
#8147 = VECTOR('',#8148,1.);
#8148 = DIRECTION('',(-0.866025403784,0.5,-6.123233995737E-17));
#8149 = PCURVE('',#4629,#8150);
#8150 = DEFINITIONAL_REPRESENTATION('',(#8151),#8155);
#8151 = LINE('',#8152,#8153);
#8152 = CARTESIAN_POINT('',(0.,0.));
#8153 = VECTOR('',#8154,1.);
#8154 = DIRECTION('',(6.106674209742E-18,-1.));
#8155 = ( GEOMETRIC_REPRESENTATION_CONTEXT(2) 
PARAMETRIC_REPRESENTATION_CONTEXT() REPRESENTATION_CONTEXT('2D SPACE',''
  ) );
#8156 = PCURVE('',#4531,#8157);
#8157 = DEFINITIONAL_REPRESENTATION('',(#8158),#8162);
#8158 = LINE('',#8159,#8160);
#8159 = CARTESIAN_POINT('',(10.210176124167,0.));
#8160 = VECTOR('',#8161,1.);
#8161 = DIRECTION('',(0.,-1.));
#8162 = ( GEOMETRIC_REPRESENTATION_CONTEXT(2) 
PARAMETRIC_REPRESENTATION_CONTEXT() REPRESENTATION_CONTEXT('2D SPACE',''
  ) );
#8163 = ORIENTED_EDGE('',*,*,#4609,.T.);
#8164 = ORIENTED_EDGE('',*,*,#8096,.F.);
#8165 = ADVANCED_FACE('',(#8166),#4531,.F.);
#8166 = FACE_BOUND('',#8167,.F.);
#8167 = EDGE_LOOP('',(#8168,#8169,#8190,#8191,#8192,#8193));
#8168 = ORIENTED_EDGE('',*,*,#5902,.T.);
#8169 = ORIENTED_EDGE('',*,*,#8170,.T.);
#8170 = EDGE_CURVE('',#5903,#4377,#8171,.T.);
#8171 = SURFACE_CURVE('',#8172,(#8176,#8183),.PCURVE_S1.);
#8172 = LINE('',#8173,#8174);
#8173 = CARTESIAN_POINT('',(-79.03294442962,43.710924776115,
    13.411700935788));
#8174 = VECTOR('',#8175,1.);
#8175 = DIRECTION('',(-0.866025403784,0.5,-6.123233995737E-17));
#8176 = PCURVE('',#4531,#8177);
#8177 = DEFINITIONAL_REPRESENTATION('',(#8178),#8182);
#8178 = LINE('',#8179,#8180);
#8179 = CARTESIAN_POINT('',(5.497787143782,0.));
#8180 = VECTOR('',#8181,1.);
#8181 = DIRECTION('',(0.,-1.));
#8182 = ( GEOMETRIC_REPRESENTATION_CONTEXT(2) 
PARAMETRIC_REPRESENTATION_CONTEXT() REPRESENTATION_CONTEXT('2D SPACE',''
  ) );
#8183 = PCURVE('',#4396,#8184);
#8184 = DEFINITIONAL_REPRESENTATION('',(#8185),#8189);
#8185 = LINE('',#8186,#8187);
#8186 = CARTESIAN_POINT('',(1.638082245892,4.703033643816E-15));
#8187 = VECTOR('',#8188,1.);
#8188 = DIRECTION('',(-6.106674209742E-18,-1.));
#8189 = ( GEOMETRIC_REPRESENTATION_CONTEXT(2) 
PARAMETRIC_REPRESENTATION_CONTEXT() REPRESENTATION_CONTEXT('2D SPACE',''
  ) );
#8190 = ORIENTED_EDGE('',*,*,#4408,.F.);
#8191 = ORIENTED_EDGE('',*,*,#8143,.F.);
#8192 = ORIENTED_EDGE('',*,*,#6114,.T.);
#8193 = ORIENTED_EDGE('',*,*,#7746,.T.);
#8194 = ADVANCED_FACE('',(#8195),#4396,.F.);
#8195 = FACE_BOUND('',#8196,.F.);
#8196 = EDGE_LOOP('',(#8197,#8198,#8199,#8200));
#8197 = ORIENTED_EDGE('',*,*,#6036,.F.);
#8198 = ORIENTED_EDGE('',*,*,#8118,.T.);
#8199 = ORIENTED_EDGE('',*,*,#4374,.T.);
#8200 = ORIENTED_EDGE('',*,*,#8170,.F.);
#8201 = ADVANCED_FACE('',(#8202),#4356,.F.);
#8202 = FACE_BOUND('',#8203,.F.);
#8203 = EDGE_LOOP('',(#8204,#8205,#8226,#8227));
#8204 = ORIENTED_EDGE('',*,*,#5693,.F.);
#8205 = ORIENTED_EDGE('',*,*,#8206,.T.);
#8206 = EDGE_CURVE('',#5694,#4310,#8207,.T.);
#8207 = SURFACE_CURVE('',#8208,(#8212,#8219),.PCURVE_S1.);
#8208 = LINE('',#8209,#8210);
#8209 = CARTESIAN_POINT('',(-78.45379489752,-44.7140411909,14.57));
#8210 = VECTOR('',#8211,1.);
#8211 = DIRECTION('',(-0.866025403784,-0.5,6.123233995737E-17));
#8212 = PCURVE('',#4356,#8213);
#8213 = DEFINITIONAL_REPRESENTATION('',(#8214),#8218);
#8214 = LINE('',#8215,#8216);
#8215 = CARTESIAN_POINT('',(0.,0.));
#8216 = VECTOR('',#8217,1.);
#8217 = DIRECTION('',(6.494150356797E-33,-1.));
#8218 = ( GEOMETRIC_REPRESENTATION_CONTEXT(2) 
PARAMETRIC_REPRESENTATION_CONTEXT() REPRESENTATION_CONTEXT('2D SPACE',''
  ) );
#8219 = PCURVE('',#4329,#8220);
#8220 = DEFINITIONAL_REPRESENTATION('',(#8221),#8225);
#8221 = LINE('',#8222,#8223);
#8222 = CARTESIAN_POINT('',(1.638082245892,-4.511817460573E-15));
#8223 = VECTOR('',#8224,1.);
#8224 = DIRECTION('',(-6.106674209742E-18,-1.));
#8225 = ( GEOMETRIC_REPRESENTATION_CONTEXT(2) 
PARAMETRIC_REPRESENTATION_CONTEXT() REPRESENTATION_CONTEXT('2D SPACE',''
  ) );
#8226 = ORIENTED_EDGE('',*,*,#4341,.F.);
#8227 = ORIENTED_EDGE('',*,*,#8228,.F.);
#8228 = EDGE_CURVE('',#5667,#4075,#8229,.T.);
#8229 = SURFACE_CURVE('',#8230,(#8234,#8241),.PCURVE_S1.);
#8230 = LINE('',#8231,#8232);
#8231 = CARTESIAN_POINT('',(-77.95039302594,-45.58595880909,14.57));
#8232 = VECTOR('',#8233,1.);
#8233 = DIRECTION('',(-0.866025403784,-0.5,6.123233995737E-17));
#8234 = PCURVE('',#4356,#8235);
#8235 = DEFINITIONAL_REPRESENTATION('',(#8236),#8240);
#8236 = LINE('',#8237,#8238);
#8237 = CARTESIAN_POINT('',(1.006803743154,9.214851104389E-15));
#8238 = VECTOR('',#8239,1.);
#8239 = DIRECTION('',(6.494150356797E-33,-1.));
#8240 = ( GEOMETRIC_REPRESENTATION_CONTEXT(2) 
PARAMETRIC_REPRESENTATION_CONTEXT() REPRESENTATION_CONTEXT('2D SPACE',''
  ) );
#8241 = PCURVE('',#4096,#8242);
#8242 = DEFINITIONAL_REPRESENTATION('',(#8243),#8247);
#8243 = LINE('',#8244,#8245);
#8244 = CARTESIAN_POINT('',(0.,0.));
#8245 = VECTOR('',#8246,1.);
#8246 = DIRECTION('',(6.106674209742E-18,-1.));
#8247 = ( GEOMETRIC_REPRESENTATION_CONTEXT(2) 
PARAMETRIC_REPRESENTATION_CONTEXT() REPRESENTATION_CONTEXT('2D SPACE',''
  ) );
#8248 = ADVANCED_FACE('',(#8249),#4329,.F.);
#8249 = FACE_BOUND('',#8250,.F.);
#8250 = EDGE_LOOP('',(#8251,#8252,#8273,#8274));
#8251 = ORIENTED_EDGE('',*,*,#5717,.F.);
#8252 = ORIENTED_EDGE('',*,*,#8253,.T.);
#8253 = EDGE_CURVE('',#5718,#4109,#8254,.T.);
#8254 = SURFACE_CURVE('',#8255,(#8259,#8266),.PCURVE_S1.);
#8255 = LINE('',#8256,#8257);
#8256 = CARTESIAN_POINT('',(-79.03294442962,-43.71092477611,
    13.411700935788));
#8257 = VECTOR('',#8258,1.);
#8258 = DIRECTION('',(-0.866025403784,-0.5,6.123233995737E-17));
#8259 = PCURVE('',#4329,#8260);
#8260 = DEFINITIONAL_REPRESENTATION('',(#8261),#8265);
#8261 = LINE('',#8262,#8263);
#8262 = CARTESIAN_POINT('',(0.,0.));
#8263 = VECTOR('',#8264,1.);
#8264 = DIRECTION('',(-6.106674209742E-18,-1.));
#8265 = ( GEOMETRIC_REPRESENTATION_CONTEXT(2) 
PARAMETRIC_REPRESENTATION_CONTEXT() REPRESENTATION_CONTEXT('2D SPACE',''
  ) );
#8266 = PCURVE('',#4231,#8267);
#8267 = DEFINITIONAL_REPRESENTATION('',(#8268),#8272);
#8268 = LINE('',#8269,#8270);
#8269 = CARTESIAN_POINT('',(10.210176124167,0.));
#8270 = VECTOR('',#8271,1.);
#8271 = DIRECTION('',(0.,-1.));
#8272 = ( GEOMETRIC_REPRESENTATION_CONTEXT(2) 
PARAMETRIC_REPRESENTATION_CONTEXT() REPRESENTATION_CONTEXT('2D SPACE',''
  ) );
#8273 = ORIENTED_EDGE('',*,*,#4309,.T.);
#8274 = ORIENTED_EDGE('',*,*,#8206,.F.);
#8275 = ADVANCED_FACE('',(#8276),#4231,.F.);
#8276 = FACE_BOUND('',#8277,.F.);
#8277 = EDGE_LOOP('',(#8278,#8279,#8300,#8301,#8302,#8303));
#8278 = ORIENTED_EDGE('',*,*,#5532,.T.);
#8279 = ORIENTED_EDGE('',*,*,#8280,.T.);
#8280 = EDGE_CURVE('',#5533,#4077,#8281,.T.);
#8281 = SURFACE_CURVE('',#8282,(#8286,#8293),.PCURVE_S1.);
#8282 = LINE('',#8283,#8284);
#8283 = CARTESIAN_POINT('',(-77.37124349384,-46.58907522388,
    13.411700935788));
#8284 = VECTOR('',#8285,1.);
#8285 = DIRECTION('',(-0.866025403784,-0.5,6.123233995737E-17));
#8286 = PCURVE('',#4231,#8287);
#8287 = DEFINITIONAL_REPRESENTATION('',(#8288),#8292);
#8288 = LINE('',#8289,#8290);
#8289 = CARTESIAN_POINT('',(5.497787143782,0.));
#8290 = VECTOR('',#8291,1.);
#8291 = DIRECTION('',(0.,-1.));
#8292 = ( GEOMETRIC_REPRESENTATION_CONTEXT(2) 
PARAMETRIC_REPRESENTATION_CONTEXT() REPRESENTATION_CONTEXT('2D SPACE',''
  ) );
#8293 = PCURVE('',#4096,#8294);
#8294 = DEFINITIONAL_REPRESENTATION('',(#8295),#8299);
#8295 = LINE('',#8296,#8297);
#8296 = CARTESIAN_POINT('',(1.638082245892,-4.369966736429E-15));
#8297 = VECTOR('',#8298,1.);
#8298 = DIRECTION('',(6.106674209742E-18,-1.));
#8299 = ( GEOMETRIC_REPRESENTATION_CONTEXT(2) 
PARAMETRIC_REPRESENTATION_CONTEXT() REPRESENTATION_CONTEXT('2D SPACE',''
  ) );
#8300 = ORIENTED_EDGE('',*,*,#4108,.F.);
#8301 = ORIENTED_EDGE('',*,*,#8253,.F.);
#8302 = ORIENTED_EDGE('',*,*,#5744,.T.);
#8303 = ORIENTED_EDGE('',*,*,#7789,.T.);
#8304 = ADVANCED_FACE('',(#8305),#4096,.F.);
#8305 = FACE_BOUND('',#8306,.F.);
#8306 = EDGE_LOOP('',(#8307,#8308,#8309,#8310));
#8307 = ORIENTED_EDGE('',*,*,#5666,.F.);
#8308 = ORIENTED_EDGE('',*,*,#8228,.T.);
#8309 = ORIENTED_EDGE('',*,*,#4074,.T.);
#8310 = ORIENTED_EDGE('',*,*,#8280,.F.);
#8311 = ADVANCED_FACE('',(#8312),#4056,.F.);
#8312 = FACE_BOUND('',#8313,.F.);
#8313 = EDGE_LOOP('',(#8314,#8315,#8336,#8337));
#8314 = ORIENTED_EDGE('',*,*,#7588,.F.);
#8315 = ORIENTED_EDGE('',*,*,#8316,.T.);
#8316 = EDGE_CURVE('',#5343,#4010,#8317,.T.);
#8317 = SURFACE_CURVE('',#8318,(#8322,#8329),.PCURVE_S1.);
#8318 = LINE('',#8319,#8320);
#8319 = CARTESIAN_POINT('',(-0.503401871577,-90.3,14.57));
#8320 = VECTOR('',#8321,1.);
#8321 = DIRECTION('',(1.110223024625E-16,-1.,1.224646799147E-16));
#8322 = PCURVE('',#4056,#8323);
#8323 = DEFINITIONAL_REPRESENTATION('',(#8324),#8328);
#8324 = LINE('',#8325,#8326);
#8325 = CARTESIAN_POINT('',(0.,0.));
#8326 = VECTOR('',#8327,1.);
#8327 = DIRECTION('',(-1.665067842118E-48,-1.));
#8328 = ( GEOMETRIC_REPRESENTATION_CONTEXT(2) 
PARAMETRIC_REPRESENTATION_CONTEXT() REPRESENTATION_CONTEXT('2D SPACE',''
  ) );
#8329 = PCURVE('',#4029,#8330);
#8330 = DEFINITIONAL_REPRESENTATION('',(#8331),#8335);
#8331 = LINE('',#8332,#8333);
#8332 = CARTESIAN_POINT('',(1.638082245892,-2.704477531932E-16));
#8333 = VECTOR('',#8334,1.);
#8334 = DIRECTION('',(0.,-1.));
#8335 = ( GEOMETRIC_REPRESENTATION_CONTEXT(2) 
PARAMETRIC_REPRESENTATION_CONTEXT() REPRESENTATION_CONTEXT('2D SPACE',''
  ) );
#8336 = ORIENTED_EDGE('',*,*,#4041,.F.);
#8337 = ORIENTED_EDGE('',*,*,#8338,.F.);
#8338 = EDGE_CURVE('',#7562,#3775,#8339,.T.);
#8339 = SURFACE_CURVE('',#8340,(#8344,#8351),.PCURVE_S1.);
#8340 = LINE('',#8341,#8342);
#8341 = CARTESIAN_POINT('',(0.503401871577,-90.3,14.57));
#8342 = VECTOR('',#8343,1.);
#8343 = DIRECTION('',(1.110223024625E-16,-1.,1.224646799147E-16));
#8344 = PCURVE('',#4056,#8345);
#8345 = DEFINITIONAL_REPRESENTATION('',(#8346),#8350);
#8346 = LINE('',#8347,#8348);
#8347 = CARTESIAN_POINT('',(1.006803743154,-1.117776696928E-16));
#8348 = VECTOR('',#8349,1.);
#8349 = DIRECTION('',(-1.665067842118E-48,-1.));
#8350 = ( GEOMETRIC_REPRESENTATION_CONTEXT(2) 
PARAMETRIC_REPRESENTATION_CONTEXT() REPRESENTATION_CONTEXT('2D SPACE',''
  ) );
#8351 = PCURVE('',#3796,#8352);
#8352 = DEFINITIONAL_REPRESENTATION('',(#8353),#8357);
#8353 = LINE('',#8354,#8355);
#8354 = CARTESIAN_POINT('',(0.,0.));
#8355 = VECTOR('',#8356,1.);
#8356 = DIRECTION('',(0.,-1.));
#8357 = ( GEOMETRIC_REPRESENTATION_CONTEXT(2) 
PARAMETRIC_REPRESENTATION_CONTEXT() REPRESENTATION_CONTEXT('2D SPACE',''
  ) );
#8358 = ADVANCED_FACE('',(#8359),#4029,.F.);
#8359 = FACE_BOUND('',#8360,.F.);
#8360 = EDGE_LOOP('',(#8361,#8362,#8383,#8384));
#8361 = ORIENTED_EDGE('',*,*,#5340,.F.);
#8362 = ORIENTED_EDGE('',*,*,#8363,.T.);
#8363 = EDGE_CURVE('',#5341,#3809,#8364,.T.);
#8364 = SURFACE_CURVE('',#8365,(#8369,#8376),.PCURVE_S1.);
#8365 = LINE('',#8366,#8367);
#8366 = CARTESIAN_POINT('',(-1.661700935788,-90.3,13.411700935788));
#8367 = VECTOR('',#8368,1.);
#8368 = DIRECTION('',(1.110223024625E-16,-1.,1.224646799147E-16));
#8369 = PCURVE('',#4029,#8370);
#8370 = DEFINITIONAL_REPRESENTATION('',(#8371),#8375);
#8371 = LINE('',#8372,#8373);
#8372 = CARTESIAN_POINT('',(0.,0.));
#8373 = VECTOR('',#8374,1.);
#8374 = DIRECTION('',(0.,-1.));
#8375 = ( GEOMETRIC_REPRESENTATION_CONTEXT(2) 
PARAMETRIC_REPRESENTATION_CONTEXT() REPRESENTATION_CONTEXT('2D SPACE',''
  ) );
#8376 = PCURVE('',#3931,#8377);
#8377 = DEFINITIONAL_REPRESENTATION('',(#8378),#8382);
#8378 = LINE('',#8379,#8380);
#8379 = CARTESIAN_POINT('',(10.210176124167,0.));
#8380 = VECTOR('',#8381,1.);
#8381 = DIRECTION('',(0.,-1.));
#8382 = ( GEOMETRIC_REPRESENTATION_CONTEXT(2) 
PARAMETRIC_REPRESENTATION_CONTEXT() REPRESENTATION_CONTEXT('2D SPACE',''
  ) );
#8383 = ORIENTED_EDGE('',*,*,#4009,.T.);
#8384 = ORIENTED_EDGE('',*,*,#8316,.F.);
#8385 = ADVANCED_FACE('',(#8386),#3931,.F.);
#8386 = FACE_BOUND('',#8387,.F.);
#8387 = EDGE_LOOP('',(#8388,#8389,#8410,#8411,#8412,#8413));
#8388 = ORIENTED_EDGE('',*,*,#7427,.T.);
#8389 = ORIENTED_EDGE('',*,*,#8390,.T.);
#8390 = EDGE_CURVE('',#7428,#3777,#8391,.T.);
#8391 = SURFACE_CURVE('',#8392,(#8396,#8403),.PCURVE_S1.);
#8392 = LINE('',#8393,#8394);
#8393 = CARTESIAN_POINT('',(1.661700935788,-90.3,13.411700935788));
#8394 = VECTOR('',#8395,1.);
#8395 = DIRECTION('',(1.110223024625E-16,-1.,1.224646799147E-16));
#8396 = PCURVE('',#3931,#8397);
#8397 = DEFINITIONAL_REPRESENTATION('',(#8398),#8402);
#8398 = LINE('',#8399,#8400);
#8399 = CARTESIAN_POINT('',(5.497787143782,0.));
#8400 = VECTOR('',#8401,1.);
#8401 = DIRECTION('',(0.,-1.));
#8402 = ( GEOMETRIC_REPRESENTATION_CONTEXT(2) 
PARAMETRIC_REPRESENTATION_CONTEXT() REPRESENTATION_CONTEXT('2D SPACE',''
  ) );
#8403 = PCURVE('',#3796,#8404);
#8404 = DEFINITIONAL_REPRESENTATION('',(#8405),#8409);
#8405 = LINE('',#8406,#8407);
#8406 = CARTESIAN_POINT('',(1.638082245892,1.325369509526E-17));
#8407 = VECTOR('',#8408,1.);
#8408 = DIRECTION('',(0.,-1.));
#8409 = ( GEOMETRIC_REPRESENTATION_CONTEXT(2) 
PARAMETRIC_REPRESENTATION_CONTEXT() REPRESENTATION_CONTEXT('2D SPACE',''
  ) );
#8410 = ORIENTED_EDGE('',*,*,#3808,.F.);
#8411 = ORIENTED_EDGE('',*,*,#8363,.F.);
#8412 = ORIENTED_EDGE('',*,*,#5369,.T.);
#8413 = ORIENTED_EDGE('',*,*,#7832,.T.);
#8414 = ADVANCED_FACE('',(#8415),#3796,.F.);
#8415 = FACE_BOUND('',#8416,.F.);
#8416 = EDGE_LOOP('',(#8417,#8418,#8419,#8420));
#8417 = ORIENTED_EDGE('',*,*,#7561,.F.);
#8418 = ORIENTED_EDGE('',*,*,#8338,.T.);
#8419 = ORIENTED_EDGE('',*,*,#3774,.T.);
#8420 = ORIENTED_EDGE('',*,*,#8390,.F.);
#8421 = ADVANCED_FACE('',(#8422),#3756,.F.);
#8422 = FACE_BOUND('',#8423,.F.);
#8423 = EDGE_LOOP('',(#8424,#8425,#8446,#8447));
#8424 = ORIENTED_EDGE('',*,*,#7218,.F.);
#8425 = ORIENTED_EDGE('',*,*,#8426,.T.);
#8426 = EDGE_CURVE('',#7219,#3710,#8427,.T.);
#8427 = SURFACE_CURVE('',#8428,(#8432,#8439),.PCURVE_S1.);
#8428 = LINE('',#8429,#8430);
#8429 = CARTESIAN_POINT('',(77.950393025946,-45.58595880909,14.57));
#8430 = VECTOR('',#8431,1.);
#8431 = DIRECTION('',(0.866025403784,-0.5,6.123233995737E-17));
#8432 = PCURVE('',#3756,#8433);
#8433 = DEFINITIONAL_REPRESENTATION('',(#8434),#8438);
#8434 = LINE('',#8435,#8436);
#8435 = CARTESIAN_POINT('',(0.,0.));
#8436 = VECTOR('',#8437,1.);
#8437 = DIRECTION('',(-6.494150356797E-33,-1.));
#8438 = ( GEOMETRIC_REPRESENTATION_CONTEXT(2) 
PARAMETRIC_REPRESENTATION_CONTEXT() REPRESENTATION_CONTEXT('2D SPACE',''
  ) );
#8439 = PCURVE('',#3729,#8440);
#8440 = DEFINITIONAL_REPRESENTATION('',(#8441),#8445);
#8441 = LINE('',#8442,#8443);
#8442 = CARTESIAN_POINT('',(1.638082245892,4.480989038891E-15));
#8443 = VECTOR('',#8444,1.);
#8444 = DIRECTION('',(-6.106674209742E-18,-1.));
#8445 = ( GEOMETRIC_REPRESENTATION_CONTEXT(2) 
PARAMETRIC_REPRESENTATION_CONTEXT() REPRESENTATION_CONTEXT('2D SPACE',''
  ) );
#8446 = ORIENTED_EDGE('',*,*,#3741,.F.);
#8447 = ORIENTED_EDGE('',*,*,#8448,.F.);
#8448 = EDGE_CURVE('',#7192,#3481,#8449,.T.);
#8449 = SURFACE_CURVE('',#8450,(#8454,#8461),.PCURVE_S1.);
#8450 = LINE('',#8451,#8452);
#8451 = CARTESIAN_POINT('',(78.453794897523,-44.7140411909,14.57));
#8452 = VECTOR('',#8453,1.);
#8453 = DIRECTION('',(0.866025403784,-0.5,6.123233995737E-17));
#8454 = PCURVE('',#3756,#8455);
#8455 = DEFINITIONAL_REPRESENTATION('',(#8456),#8460);
#8456 = LINE('',#8457,#8458);
#8457 = CARTESIAN_POINT('',(1.006803743154,-9.159339953158E-15));
#8458 = VECTOR('',#8459,1.);
#8459 = DIRECTION('',(-6.494150356797E-33,-1.));
#8460 = ( GEOMETRIC_REPRESENTATION_CONTEXT(2) 
PARAMETRIC_REPRESENTATION_CONTEXT() REPRESENTATION_CONTEXT('2D SPACE',''
  ) );
#8461 = PCURVE('',#3502,#8462);
#8462 = DEFINITIONAL_REPRESENTATION('',(#8463),#8467);
#8463 = LINE('',#8464,#8465);
#8464 = CARTESIAN_POINT('',(0.,0.));
#8465 = VECTOR('',#8466,1.);
#8466 = DIRECTION('',(6.106674209742E-18,-1.));
#8467 = ( GEOMETRIC_REPRESENTATION_CONTEXT(2) 
PARAMETRIC_REPRESENTATION_CONTEXT() REPRESENTATION_CONTEXT('2D SPACE',''
  ) );
#8468 = ADVANCED_FACE('',(#8469),#3729,.F.);
#8469 = FACE_BOUND('',#8470,.F.);
#8470 = EDGE_LOOP('',(#8471,#8472,#8493,#8494));
#8471 = ORIENTED_EDGE('',*,*,#7242,.F.);
#8472 = ORIENTED_EDGE('',*,*,#8473,.T.);
#8473 = EDGE_CURVE('',#7243,#3515,#8474,.T.);
#8474 = SURFACE_CURVE('',#8475,(#8479,#8486),.PCURVE_S1.);
#8475 = LINE('',#8476,#8477);
#8476 = CARTESIAN_POINT('',(77.371243493841,-46.58907522388,
    13.411700935788));
#8477 = VECTOR('',#8478,1.);
#8478 = DIRECTION('',(0.866025403784,-0.5,6.123233995737E-17));
#8479 = PCURVE('',#3729,#8480);
#8480 = DEFINITIONAL_REPRESENTATION('',(#8481),#8485);
#8481 = LINE('',#8482,#8483);
#8482 = CARTESIAN_POINT('',(0.,0.));
#8483 = VECTOR('',#8484,1.);
#8484 = DIRECTION('',(-6.106674209742E-18,-1.));
#8485 = ( GEOMETRIC_REPRESENTATION_CONTEXT(2) 
PARAMETRIC_REPRESENTATION_CONTEXT() REPRESENTATION_CONTEXT('2D SPACE',''
  ) );
#8486 = PCURVE('',#3631,#8487);
#8487 = DEFINITIONAL_REPRESENTATION('',(#8488),#8492);
#8488 = LINE('',#8489,#8490);
#8489 = CARTESIAN_POINT('',(10.210176124167,0.));
#8490 = VECTOR('',#8491,1.);
#8491 = DIRECTION('',(0.,-1.));
#8492 = ( GEOMETRIC_REPRESENTATION_CONTEXT(2) 
PARAMETRIC_REPRESENTATION_CONTEXT() REPRESENTATION_CONTEXT('2D SPACE',''
  ) );
#8493 = ORIENTED_EDGE('',*,*,#3709,.T.);
#8494 = ORIENTED_EDGE('',*,*,#8426,.F.);
#8495 = ADVANCED_FACE('',(#8496),#3631,.F.);
#8496 = FACE_BOUND('',#8497,.F.);
#8497 = EDGE_LOOP('',(#8498,#8499,#8520,#8521,#8522,#8523));
#8498 = ORIENTED_EDGE('',*,*,#7057,.T.);
#8499 = ORIENTED_EDGE('',*,*,#8500,.T.);
#8500 = EDGE_CURVE('',#7058,#3483,#8501,.T.);
#8501 = SURFACE_CURVE('',#8502,(#8506,#8513),.PCURVE_S1.);
#8502 = LINE('',#8503,#8504);
#8503 = CARTESIAN_POINT('',(79.032944429629,-43.71092477611,
    13.411700935788));
#8504 = VECTOR('',#8505,1.);
#8505 = DIRECTION('',(0.866025403784,-0.5,6.123233995737E-17));
#8506 = PCURVE('',#3631,#8507);
#8507 = DEFINITIONAL_REPRESENTATION('',(#8508),#8512);
#8508 = LINE('',#8509,#8510);
#8509 = CARTESIAN_POINT('',(5.497787143782,0.));
#8510 = VECTOR('',#8511,1.);
#8511 = DIRECTION('',(0.,-1.));
#8512 = ( GEOMETRIC_REPRESENTATION_CONTEXT(2) 
PARAMETRIC_REPRESENTATION_CONTEXT() REPRESENTATION_CONTEXT('2D SPACE',''
  ) );
#8513 = PCURVE('',#3502,#8514);
#8514 = DEFINITIONAL_REPRESENTATION('',(#8515),#8519);
#8515 = LINE('',#8516,#8517);
#8516 = CARTESIAN_POINT('',(1.638082245892,4.622839763035E-15));
#8517 = VECTOR('',#8518,1.);
#8518 = DIRECTION('',(6.106674209742E-18,-1.));
#8519 = ( GEOMETRIC_REPRESENTATION_CONTEXT(2) 
PARAMETRIC_REPRESENTATION_CONTEXT() REPRESENTATION_CONTEXT('2D SPACE',''
  ) );
#8520 = ORIENTED_EDGE('',*,*,#3514,.F.);
#8521 = ORIENTED_EDGE('',*,*,#8473,.F.);
#8522 = ORIENTED_EDGE('',*,*,#7269,.T.);
#8523 = ORIENTED_EDGE('',*,*,#7875,.T.);
#8524 = ADVANCED_FACE('',(#8525),#3502,.F.);
#8525 = FACE_BOUND('',#8526,.F.);
#8526 = EDGE_LOOP('',(#8527,#8528,#8529,#8530));
#8527 = ORIENTED_EDGE('',*,*,#7191,.F.);
#8528 = ORIENTED_EDGE('',*,*,#8448,.T.);
#8529 = ORIENTED_EDGE('',*,*,#3480,.T.);
#8530 = ORIENTED_EDGE('',*,*,#8500,.F.);
#8531 = ADVANCED_FACE('',(#8532,#8535),#3443,.F.);
#8532 = FACE_BOUND('',#8533,.T.);
#8533 = EDGE_LOOP('',(#8534));
#8534 = ORIENTED_EDGE('',*,*,#7010,.T.);
#8535 = FACE_BOUND('',#8536,.T.);
#8536 = EDGE_LOOP('',(#8537));
#8537 = ORIENTED_EDGE('',*,*,#3426,.F.);
#8538 = ADVANCED_FACE('',(#8539,#8542,#8552,#8555,#8558,#8561,#8564,
    #8567,#8570,#8573,#8576,#8586,#8589,#8592,#8602),#43,.F.);
#8539 = FACE_BOUND('',#8540,.T.);
#8540 = EDGE_LOOP('',(#8541));
#8541 = ORIENTED_EDGE('',*,*,#7613,.F.);
#8542 = FACE_BOUND('',#8543,.T.);
#8543 = EDGE_LOOP('',(#8544,#8545,#8546,#8547,#8548,#8549,#8550,#8551));
#8544 = ORIENTED_EDGE('',*,*,#2990,.F.);
#8545 = ORIENTED_EDGE('',*,*,#3098,.F.);
#8546 = ORIENTED_EDGE('',*,*,#3044,.F.);
#8547 = ORIENTED_EDGE('',*,*,#2941,.T.);
#8548 = ORIENTED_EDGE('',*,*,#2838,.F.);
#8549 = ORIENTED_EDGE('',*,*,#2708,.T.);
#8550 = ORIENTED_EDGE('',*,*,#2784,.F.);
#8551 = ORIENTED_EDGE('',*,*,#2892,.T.);
#8552 = FACE_BOUND('',#8553,.T.);
#8553 = EDGE_LOOP('',(#8554));
#8554 = ORIENTED_EDGE('',*,*,#21,.T.);
#8555 = FACE_BOUND('',#8556,.T.);
#8556 = EDGE_LOOP('',(#8557));
#8557 = ORIENTED_EDGE('',*,*,#2682,.T.);
#8558 = FACE_BOUND('',#8559,.T.);
#8559 = EDGE_LOOP('',(#8560));
#8560 = ORIENTED_EDGE('',*,*,#2632,.T.);
#8561 = FACE_BOUND('',#8562,.T.);
#8562 = EDGE_LOOP('',(#8563));
#8563 = ORIENTED_EDGE('',*,*,#3154,.T.);
#8564 = FACE_BOUND('',#8565,.T.);
#8565 = EDGE_LOOP('',(#8566));
#8566 = ORIENTED_EDGE('',*,*,#3375,.T.);
#8567 = FACE_BOUND('',#8568,.T.);
#8568 = EDGE_LOOP('',(#8569));
#8569 = ORIENTED_EDGE('',*,*,#3204,.T.);
#8570 = FACE_BOUND('',#8571,.T.);
#8571 = EDGE_LOOP('',(#8572));
#8572 = ORIENTED_EDGE('',*,*,#1914,.T.);
#8573 = FACE_BOUND('',#8574,.T.);
#8574 = EDGE_LOOP('',(#8575));
#8575 = ORIENTED_EDGE('',*,*,#1864,.T.);
#8576 = FACE_BOUND('',#8577,.T.);
#8577 = EDGE_LOOP('',(#8578,#8579,#8580,#8581,#8582,#8583,#8584,#8585));
#8578 = ORIENTED_EDGE('',*,*,#1368,.F.);
#8579 = ORIENTED_EDGE('',*,*,#1758,.F.);
#8580 = ORIENTED_EDGE('',*,*,#1704,.F.);
#8581 = ORIENTED_EDGE('',*,*,#1655,.T.);
#8582 = ORIENTED_EDGE('',*,*,#1601,.F.);
#8583 = ORIENTED_EDGE('',*,*,#1547,.T.);
#8584 = ORIENTED_EDGE('',*,*,#1493,.F.);
#8585 = ORIENTED_EDGE('',*,*,#1444,.T.);
#8586 = FACE_BOUND('',#8587,.T.);
#8587 = EDGE_LOOP('',(#8588));
#8588 = ORIENTED_EDGE('',*,*,#1814,.T.);
#8589 = FACE_BOUND('',#8590,.T.);
#8590 = EDGE_LOOP('',(#8591));
#8591 = ORIENTED_EDGE('',*,*,#2160,.T.);
#8592 = FACE_BOUND('',#8593,.T.);
#8593 = EDGE_LOOP('',(#8594,#8595,#8596,#8597,#8598,#8599,#8600,#8601));
#8594 = ORIENTED_EDGE('',*,*,#2468,.F.);
#8595 = ORIENTED_EDGE('',*,*,#2576,.F.);
#8596 = ORIENTED_EDGE('',*,*,#2522,.F.);
#8597 = ORIENTED_EDGE('',*,*,#2419,.T.);
#8598 = ORIENTED_EDGE('',*,*,#2316,.F.);
#8599 = ORIENTED_EDGE('',*,*,#2186,.T.);
#8600 = ORIENTED_EDGE('',*,*,#2262,.F.);
#8601 = ORIENTED_EDGE('',*,*,#2370,.T.);
#8602 = FACE_BOUND('',#8603,.T.);
#8603 = EDGE_LOOP('',(#8604));
#8604 = ORIENTED_EDGE('',*,*,#2085,.T.);
#8605 = ( GEOMETRIC_REPRESENTATION_CONTEXT(3) 
GLOBAL_UNCERTAINTY_ASSIGNED_CONTEXT((#8609)) 
GLOBAL_UNIT_ASSIGNED_CONTEXT((#8606,#8607,#8608)) REPRESENTATION_CONTEXT
('Context #1','3D Context with UNIT and UNCERTAINTY') );
#8606 = ( LENGTH_UNIT() NAMED_UNIT(*) SI_UNIT(.MILLI.,.METRE.) );
#8607 = ( NAMED_UNIT(*) PLANE_ANGLE_UNIT() SI_UNIT($,.RADIAN.) );
#8608 = ( NAMED_UNIT(*) SI_UNIT($,.STERADIAN.) SOLID_ANGLE_UNIT() );
#8609 = UNCERTAINTY_MEASURE_WITH_UNIT(LENGTH_MEASURE(1.E-07),#8606,
  'distance_accuracy_value','confusion accuracy');
#8610 = PRODUCT_RELATED_PRODUCT_CATEGORY('part',$,(#7));
#8611 = MECHANICAL_DESIGN_GEOMETRIC_PRESENTATION_REPRESENTATION('',(
    #8612),#8605);
#8612 = STYLED_ITEM('color',(#8613),#15);
#8613 = PRESENTATION_STYLE_ASSIGNMENT((#8614));
#8614 = SURFACE_STYLE_USAGE(.BOTH.,#8615);
#8615 = SURFACE_SIDE_STYLE('',(#8616));
#8616 = SURFACE_STYLE_FILL_AREA(#8617);
#8617 = FILL_AREA_STYLE('',(#8618));
#8618 = FILL_AREA_STYLE_COLOUR('',#8619);
#8619 = COLOUR_RGB('',0.592448674037,0.726243505819,0.840359767846);
ENDSEC;
END-ISO-10303-21;
