ISO-10303-21;
HEADER;
FILE_DESCRIPTION(('Open CASCADE Model'),'2;1');
FILE_NAME('Open CASCADE Shape Model','2026-09-26T11:50:13',('Author'),(
    'Open CASCADE'),'Open CASCADE STEP processor 8.0','Open CASCADE 8.0'
  ,'Unknown');
FILE_SCHEMA((
'AP242_MANAGED_MODEL_BASED_3D_ENGINEERING_MIM_LF {1 0 10303 442 1 1 4 }'
    ));
ENDSEC;
DATA;
#1 = APPLICATION_PROTOCOL_DEFINITION('international standard',
  'ap242_managed_model_based_3d_engineering',2013,#2);
#2 = APPLICATION_CONTEXT('Managed model based 3d engineering');
#3 = SHAPE_DEFINITION_REPRESENTATION(#4,#10);
#4 = PRODUCT_DEFINITION_SHAPE('','',#5);
#5 = PRODUCT_DEFINITION('design','',#6,#9);
#6 = PRODUCT_DEFINITION_FORMATION('','',#7);
#7 = PRODUCT('Rear tube plate','Rear tube plate','',(#8));
#8 = PRODUCT_CONTEXT('',#2,'mechanical');
#9 = PRODUCT_DEFINITION_CONTEXT('part definition',#2,'design');
#10 = ADVANCED_BREP_SHAPE_REPRESENTATION('',(#11,#15),#8569);
#11 = AXIS2_PLACEMENT_3D('',#12,#13,#14);
#12 = CARTESIAN_POINT('',(0.,0.,0.));
#13 = DIRECTION('',(0.,0.,1.));
#14 = DIRECTION('',(1.,0.,-0.));
#15 = MANIFOLD_SOLID_BREP('',#16);
#16 = CLOSED_SHELL('',(#17,#106,#161,#196,#251,#1352,#1428,#1475,#1529,
    #1583,#1637,#1684,#1738,#1770,#1820,#1870,#1920,#1975,#2010,#2065,
    #2116,#2166,#2242,#2296,#2350,#2397,#2444,#2498,#2552,#2584,#2634,
    #2684,#2760,#2814,#2868,#2915,#2962,#3016,#3070,#3102,#3152,#3202,
    #3257,#3292,#3347,#3398,#5235,#5312,#7585,#7894,#7920,#7948,#7955,
    #8002,#8028,#8056,#8063,#8110,#8136,#8164,#8171,#8218,#8244,#8272,
    #8279,#8326,#8352,#8380,#8387,#8434,#8460,#8488,#8495,#8502));
#17 = ADVANCED_FACE('',(#18),#31,.F.);
#18 = FACE_BOUND('',#19,.F.);
#19 = EDGE_LOOP('',(#20,#54,#78,#105));
#20 = ORIENTED_EDGE('',*,*,#21,.T.);
#21 = EDGE_CURVE('',#22,#22,#24,.T.);
#22 = VERTEX_POINT('',#23);
#23 = CARTESIAN_POINT('',(55.878052242976,-11.28166108553,10.5));
#24 = SURFACE_CURVE('',#25,(#30,#42),.PCURVE_S1.);
#25 = CIRCLE('',#26,7.65);
#26 = AXIS2_PLACEMENT_3D('',#27,#28,#29);
#27 = CARTESIAN_POINT('',(48.228052242976,-11.28166108553,10.5));
#28 = DIRECTION('',(0.,0.,1.));
#29 = DIRECTION('',(1.,0.,-0.));
#30 = PCURVE('',#31,#36);
#31 = TOROIDAL_SURFACE('',#32,7.65,1.5);
#32 = AXIS2_PLACEMENT_3D('',#33,#34,#35);
#33 = CARTESIAN_POINT('',(48.228052242976,-11.28166108553,9.));
#34 = DIRECTION('',(0.,0.,1.));
#35 = DIRECTION('',(1.,0.,-0.));
#36 = DEFINITIONAL_REPRESENTATION('',(#37),#41);
#37 = LINE('',#38,#39);
#38 = CARTESIAN_POINT('',(0.,1.570796326795));
#39 = VECTOR('',#40,1.);
#40 = DIRECTION('',(1.,0.));
#41 = ( GEOMETRIC_REPRESENTATION_CONTEXT(2) 
PARAMETRIC_REPRESENTATION_CONTEXT() REPRESENTATION_CONTEXT('2D SPACE',''
  ) );
#42 = PCURVE('',#43,#48);
#43 = PLANE('',#44);
#44 = AXIS2_PLACEMENT_3D('',#45,#46,#47);
#45 = CARTESIAN_POINT('',(0.,0.,10.5));
#46 = DIRECTION('',(0.,0.,1.));
#47 = DIRECTION('',(1.,0.,-0.));
#48 = DEFINITIONAL_REPRESENTATION('',(#49),#53);
#49 = CIRCLE('',#50,7.65);
#50 = AXIS2_PLACEMENT_2D('',#51,#52);
#51 = CARTESIAN_POINT('',(48.228052242976,-11.28166108553));
#52 = DIRECTION('',(1.,-0.));
#53 = ( GEOMETRIC_REPRESENTATION_CONTEXT(2) 
PARAMETRIC_REPRESENTATION_CONTEXT() REPRESENTATION_CONTEXT('2D SPACE',''
  ) );
#54 = ORIENTED_EDGE('',*,*,#55,.T.);
#55 = EDGE_CURVE('',#22,#56,#58,.T.);
#56 = VERTEX_POINT('',#57);
#57 = CARTESIAN_POINT('',(54.378052242976,-11.28166108553,9.));
#58 = SEAM_CURVE('',#59,(#64,#71),.PCURVE_S1.);
#59 = CIRCLE('',#60,1.5);
#60 = AXIS2_PLACEMENT_3D('',#61,#62,#63);
#61 = CARTESIAN_POINT('',(55.878052242976,-11.28166108553,9.));
#62 = DIRECTION('',(0.,-1.,0.));
#63 = DIRECTION('',(-1.184237892933E-15,0.,1.));
#64 = PCURVE('',#31,#65);
#65 = DEFINITIONAL_REPRESENTATION('',(#66),#70);
#66 = LINE('',#67,#68);
#67 = CARTESIAN_POINT('',(0.,1.570796326795));
#68 = VECTOR('',#69,1.);
#69 = DIRECTION('',(0.,1.));
#70 = ( GEOMETRIC_REPRESENTATION_CONTEXT(2) 
PARAMETRIC_REPRESENTATION_CONTEXT() REPRESENTATION_CONTEXT('2D SPACE',''
  ) );
#71 = PCURVE('',#31,#72);
#72 = DEFINITIONAL_REPRESENTATION('',(#73),#77);
#73 = LINE('',#74,#75);
#74 = CARTESIAN_POINT('',(6.28318530718,1.570796326795));
#75 = VECTOR('',#76,1.);
#76 = DIRECTION('',(0.,1.));
#77 = ( GEOMETRIC_REPRESENTATION_CONTEXT(2) 
PARAMETRIC_REPRESENTATION_CONTEXT() REPRESENTATION_CONTEXT('2D SPACE',''
  ) );
#78 = ORIENTED_EDGE('',*,*,#79,.F.);
#79 = EDGE_CURVE('',#56,#56,#80,.T.);
#80 = SURFACE_CURVE('',#81,(#86,#93),.PCURVE_S1.);
#81 = CIRCLE('',#82,6.15);
#82 = AXIS2_PLACEMENT_3D('',#83,#84,#85);
#83 = CARTESIAN_POINT('',(48.228052242976,-11.28166108553,9.));
#84 = DIRECTION('',(0.,0.,1.));
#85 = DIRECTION('',(1.,0.,-0.));
#86 = PCURVE('',#31,#87);
#87 = DEFINITIONAL_REPRESENTATION('',(#88),#92);
#88 = LINE('',#89,#90);
#89 = CARTESIAN_POINT('',(0.,3.14159265359));
#90 = VECTOR('',#91,1.);
#91 = DIRECTION('',(1.,0.));
#92 = ( GEOMETRIC_REPRESENTATION_CONTEXT(2) 
PARAMETRIC_REPRESENTATION_CONTEXT() REPRESENTATION_CONTEXT('2D SPACE',''
  ) );
#93 = PCURVE('',#94,#99);
#94 = CYLINDRICAL_SURFACE('',#95,6.15);
#95 = AXIS2_PLACEMENT_3D('',#96,#97,#98);
#96 = CARTESIAN_POINT('',(48.228052242976,-11.28166108553,6.6));
#97 = DIRECTION('',(0.,0.,1.));
#98 = DIRECTION('',(1.,0.,-0.));
#99 = DEFINITIONAL_REPRESENTATION('',(#100),#104);
#100 = LINE('',#101,#102);
#101 = CARTESIAN_POINT('',(0.,2.4));
#102 = VECTOR('',#103,1.);
#103 = DIRECTION('',(1.,0.));
#104 = ( GEOMETRIC_REPRESENTATION_CONTEXT(2) 
PARAMETRIC_REPRESENTATION_CONTEXT() REPRESENTATION_CONTEXT('2D SPACE',''
  ) );
#105 = ORIENTED_EDGE('',*,*,#55,.F.);
#106 = ADVANCED_FACE('',(#107),#94,.T.);
#107 = FACE_BOUND('',#108,.T.);
#108 = EDGE_LOOP('',(#109,#110,#133,#160));
#109 = ORIENTED_EDGE('',*,*,#79,.F.);
#110 = ORIENTED_EDGE('',*,*,#111,.F.);
#111 = EDGE_CURVE('',#112,#56,#114,.T.);
#112 = VERTEX_POINT('',#113);
#113 = CARTESIAN_POINT('',(54.378052242976,-11.28166108553,6.6));
#114 = SEAM_CURVE('',#115,(#119,#126),.PCURVE_S1.);
#115 = LINE('',#116,#117);
#116 = CARTESIAN_POINT('',(54.378052242976,-11.28166108553,6.6));
#117 = VECTOR('',#118,1.);
#118 = DIRECTION('',(0.,0.,1.));
#119 = PCURVE('',#94,#120);
#120 = DEFINITIONAL_REPRESENTATION('',(#121),#125);
#121 = LINE('',#122,#123);
#122 = CARTESIAN_POINT('',(6.28318530718,-0.));
#123 = VECTOR('',#124,1.);
#124 = DIRECTION('',(0.,1.));
#125 = ( GEOMETRIC_REPRESENTATION_CONTEXT(2) 
PARAMETRIC_REPRESENTATION_CONTEXT() REPRESENTATION_CONTEXT('2D SPACE',''
  ) );
#126 = PCURVE('',#94,#127);
#127 = DEFINITIONAL_REPRESENTATION('',(#128),#132);
#128 = LINE('',#129,#130);
#129 = CARTESIAN_POINT('',(0.,-0.));
#130 = VECTOR('',#131,1.);
#131 = DIRECTION('',(0.,1.));
#132 = ( GEOMETRIC_REPRESENTATION_CONTEXT(2) 
PARAMETRIC_REPRESENTATION_CONTEXT() REPRESENTATION_CONTEXT('2D SPACE',''
  ) );
#133 = ORIENTED_EDGE('',*,*,#134,.T.);
#134 = EDGE_CURVE('',#112,#112,#135,.T.);
#135 = SURFACE_CURVE('',#136,(#141,#148),.PCURVE_S1.);
#136 = CIRCLE('',#137,6.15);
#137 = AXIS2_PLACEMENT_3D('',#138,#139,#140);
#138 = CARTESIAN_POINT('',(48.228052242976,-11.28166108553,6.6));
#139 = DIRECTION('',(0.,0.,1.));
#140 = DIRECTION('',(1.,0.,-0.));
#141 = PCURVE('',#94,#142);
#142 = DEFINITIONAL_REPRESENTATION('',(#143),#147);
#143 = LINE('',#144,#145);
#144 = CARTESIAN_POINT('',(0.,0.));
#145 = VECTOR('',#146,1.);
#146 = DIRECTION('',(1.,0.));
#147 = ( GEOMETRIC_REPRESENTATION_CONTEXT(2) 
PARAMETRIC_REPRESENTATION_CONTEXT() REPRESENTATION_CONTEXT('2D SPACE',''
  ) );
#148 = PCURVE('',#149,#154);
#149 = PLANE('',#150);
#150 = AXIS2_PLACEMENT_3D('',#151,#152,#153);
#151 = CARTESIAN_POINT('',(48.228052242976,-11.28166108553,6.6));
#152 = DIRECTION('',(0.,0.,1.));
#153 = DIRECTION('',(1.,0.,-0.));
#154 = DEFINITIONAL_REPRESENTATION('',(#155),#159);
#155 = CIRCLE('',#156,6.15);
#156 = AXIS2_PLACEMENT_2D('',#157,#158);
#157 = CARTESIAN_POINT('',(0.,0.));
#158 = DIRECTION('',(1.,0.));
#159 = ( GEOMETRIC_REPRESENTATION_CONTEXT(2) 
PARAMETRIC_REPRESENTATION_CONTEXT() REPRESENTATION_CONTEXT('2D SPACE',''
  ) );
#160 = ORIENTED_EDGE('',*,*,#111,.T.);
#161 = ADVANCED_FACE('',(#162,#165),#149,.F.);
#162 = FACE_BOUND('',#163,.F.);
#163 = EDGE_LOOP('',(#164));
#164 = ORIENTED_EDGE('',*,*,#134,.T.);
#165 = FACE_BOUND('',#166,.F.);
#166 = EDGE_LOOP('',(#167));
#167 = ORIENTED_EDGE('',*,*,#168,.F.);
#168 = EDGE_CURVE('',#169,#169,#171,.T.);
#169 = VERTEX_POINT('',#170);
#170 = CARTESIAN_POINT('',(51.028052242976,-11.28166108553,6.6));
#171 = SURFACE_CURVE('',#172,(#177,#184),.PCURVE_S1.);
#172 = CIRCLE('',#173,2.8);
#173 = AXIS2_PLACEMENT_3D('',#174,#175,#176);
#174 = CARTESIAN_POINT('',(48.228052242976,-11.28166108553,6.6));
#175 = DIRECTION('',(0.,0.,1.));
#176 = DIRECTION('',(1.,0.,-0.));
#177 = PCURVE('',#149,#178);
#178 = DEFINITIONAL_REPRESENTATION('',(#179),#183);
#179 = CIRCLE('',#180,2.8);
#180 = AXIS2_PLACEMENT_2D('',#181,#182);
#181 = CARTESIAN_POINT('',(0.,0.));
#182 = DIRECTION('',(1.,0.));
#183 = ( GEOMETRIC_REPRESENTATION_CONTEXT(2) 
PARAMETRIC_REPRESENTATION_CONTEXT() REPRESENTATION_CONTEXT('2D SPACE',''
  ) );
#184 = PCURVE('',#185,#190);
#185 = CYLINDRICAL_SURFACE('',#186,2.8);
#186 = AXIS2_PLACEMENT_3D('',#187,#188,#189);
#187 = CARTESIAN_POINT('',(48.228052242976,-11.28166108553,-1.));
#188 = DIRECTION('',(0.,0.,1.));
#189 = DIRECTION('',(1.,0.,-0.));
#190 = DEFINITIONAL_REPRESENTATION('',(#191),#195);
#191 = LINE('',#192,#193);
#192 = CARTESIAN_POINT('',(0.,7.6));
#193 = VECTOR('',#194,1.);
#194 = DIRECTION('',(1.,0.));
#195 = ( GEOMETRIC_REPRESENTATION_CONTEXT(2) 
PARAMETRIC_REPRESENTATION_CONTEXT() REPRESENTATION_CONTEXT('2D SPACE',''
  ) );
#196 = ADVANCED_FACE('',(#197),#185,.F.);
#197 = FACE_BOUND('',#198,.F.);
#198 = EDGE_LOOP('',(#199,#228,#249,#250));
#199 = ORIENTED_EDGE('',*,*,#200,.F.);
#200 = EDGE_CURVE('',#201,#201,#203,.T.);
#201 = VERTEX_POINT('',#202);
#202 = CARTESIAN_POINT('',(51.028052242976,-11.28166108553,17.));
#203 = SURFACE_CURVE('',#204,(#209,#216),.PCURVE_S1.);
#204 = CIRCLE('',#205,2.8);
#205 = AXIS2_PLACEMENT_3D('',#206,#207,#208);
#206 = CARTESIAN_POINT('',(48.228052242976,-11.28166108553,17.));
#207 = DIRECTION('',(0.,0.,1.));
#208 = DIRECTION('',(1.,0.,-0.));
#209 = PCURVE('',#185,#210);
#210 = DEFINITIONAL_REPRESENTATION('',(#211),#215);
#211 = LINE('',#212,#213);
#212 = CARTESIAN_POINT('',(0.,18.));
#213 = VECTOR('',#214,1.);
#214 = DIRECTION('',(1.,0.));
#215 = ( GEOMETRIC_REPRESENTATION_CONTEXT(2) 
PARAMETRIC_REPRESENTATION_CONTEXT() REPRESENTATION_CONTEXT('2D SPACE',''
  ) );
#216 = PCURVE('',#217,#222);
#217 = PLANE('',#218);
#218 = AXIS2_PLACEMENT_3D('',#219,#220,#221);
#219 = CARTESIAN_POINT('',(48.228052242976,-11.28166108553,17.));
#220 = DIRECTION('',(0.,0.,1.));
#221 = DIRECTION('',(1.,0.,-0.));
#222 = DEFINITIONAL_REPRESENTATION('',(#223),#227);
#223 = CIRCLE('',#224,2.8);
#224 = AXIS2_PLACEMENT_2D('',#225,#226);
#225 = CARTESIAN_POINT('',(0.,0.));
#226 = DIRECTION('',(1.,0.));
#227 = ( GEOMETRIC_REPRESENTATION_CONTEXT(2) 
PARAMETRIC_REPRESENTATION_CONTEXT() REPRESENTATION_CONTEXT('2D SPACE',''
  ) );
#228 = ORIENTED_EDGE('',*,*,#229,.F.);
#229 = EDGE_CURVE('',#169,#201,#230,.T.);
#230 = SEAM_CURVE('',#231,(#235,#242),.PCURVE_S1.);
#231 = LINE('',#232,#233);
#232 = CARTESIAN_POINT('',(51.028052242976,-11.28166108553,-1.));
#233 = VECTOR('',#234,1.);
#234 = DIRECTION('',(0.,0.,1.));
#235 = PCURVE('',#185,#236);
#236 = DEFINITIONAL_REPRESENTATION('',(#237),#241);
#237 = LINE('',#238,#239);
#238 = CARTESIAN_POINT('',(6.28318530718,-0.));
#239 = VECTOR('',#240,1.);
#240 = DIRECTION('',(0.,1.));
#241 = ( GEOMETRIC_REPRESENTATION_CONTEXT(2) 
PARAMETRIC_REPRESENTATION_CONTEXT() REPRESENTATION_CONTEXT('2D SPACE',''
  ) );
#242 = PCURVE('',#185,#243);
#243 = DEFINITIONAL_REPRESENTATION('',(#244),#248);
#244 = LINE('',#245,#246);
#245 = CARTESIAN_POINT('',(0.,-0.));
#246 = VECTOR('',#247,1.);
#247 = DIRECTION('',(0.,1.));
#248 = ( GEOMETRIC_REPRESENTATION_CONTEXT(2) 
PARAMETRIC_REPRESENTATION_CONTEXT() REPRESENTATION_CONTEXT('2D SPACE',''
  ) );
#249 = ORIENTED_EDGE('',*,*,#168,.T.);
#250 = ORIENTED_EDGE('',*,*,#229,.T.);
#251 = ADVANCED_FACE('',(#252,#283,#314,#345,#376,#628,#659,#690,#693,
    #945,#976,#1007,#1038,#1069,#1100),#217,.T.);
#252 = FACE_BOUND('',#253,.T.);
#253 = EDGE_LOOP('',(#254));
#254 = ORIENTED_EDGE('',*,*,#255,.T.);
#255 = EDGE_CURVE('',#256,#256,#258,.T.);
#256 = VERTEX_POINT('',#257);
#257 = CARTESIAN_POINT('',(101.3,0.,17.));
#258 = SURFACE_CURVE('',#259,(#264,#271),.PCURVE_S1.);
#259 = CIRCLE('',#260,101.3);
#260 = AXIS2_PLACEMENT_3D('',#261,#262,#263);
#261 = CARTESIAN_POINT('',(0.,0.,17.));
#262 = DIRECTION('',(0.,0.,1.));
#263 = DIRECTION('',(1.,0.,-0.));
#264 = PCURVE('',#217,#265);
#265 = DEFINITIONAL_REPRESENTATION('',(#266),#270);
#266 = CIRCLE('',#267,101.3);
#267 = AXIS2_PLACEMENT_2D('',#268,#269);
#268 = CARTESIAN_POINT('',(-48.22805224297,11.281661085532));
#269 = DIRECTION('',(1.,0.));
#270 = ( GEOMETRIC_REPRESENTATION_CONTEXT(2) 
PARAMETRIC_REPRESENTATION_CONTEXT() REPRESENTATION_CONTEXT('2D SPACE',''
  ) );
#271 = PCURVE('',#272,#277);
#272 = CYLINDRICAL_SURFACE('',#273,101.3);
#273 = AXIS2_PLACEMENT_3D('',#274,#275,#276);
#274 = CARTESIAN_POINT('',(0.,0.,0.));
#275 = DIRECTION('',(0.,0.,1.));
#276 = DIRECTION('',(1.,0.,-0.));
#277 = DEFINITIONAL_REPRESENTATION('',(#278),#282);
#278 = LINE('',#279,#280);
#279 = CARTESIAN_POINT('',(0.,17.));
#280 = VECTOR('',#281,1.);
#281 = DIRECTION('',(1.,0.));
#282 = ( GEOMETRIC_REPRESENTATION_CONTEXT(2) 
PARAMETRIC_REPRESENTATION_CONTEXT() REPRESENTATION_CONTEXT('2D SPACE',''
  ) );
#283 = FACE_BOUND('',#284,.T.);
#284 = EDGE_LOOP('',(#285));
#285 = ORIENTED_EDGE('',*,*,#286,.F.);
#286 = EDGE_CURVE('',#287,#287,#289,.T.);
#287 = VERTEX_POINT('',#288);
#288 = CARTESIAN_POINT('',(-31.08423121844,-36.12588787469,17.));
#289 = SURFACE_CURVE('',#290,(#295,#302),.PCURVE_S1.);
#290 = CIRCLE('',#291,2.8);
#291 = AXIS2_PLACEMENT_3D('',#292,#293,#294);
#292 = CARTESIAN_POINT('',(-33.88423121844,-36.12588787469,17.));
#293 = DIRECTION('',(0.,0.,1.));
#294 = DIRECTION('',(1.,0.,-0.));
#295 = PCURVE('',#217,#296);
#296 = DEFINITIONAL_REPRESENTATION('',(#297),#301);
#297 = CIRCLE('',#298,2.8);
#298 = AXIS2_PLACEMENT_2D('',#299,#300);
#299 = CARTESIAN_POINT('',(-82.11228346142,-24.84422678916));
#300 = DIRECTION('',(1.,0.));
#301 = ( GEOMETRIC_REPRESENTATION_CONTEXT(2) 
PARAMETRIC_REPRESENTATION_CONTEXT() REPRESENTATION_CONTEXT('2D SPACE',''
  ) );
#302 = PCURVE('',#303,#308);
#303 = CYLINDRICAL_SURFACE('',#304,2.8);
#304 = AXIS2_PLACEMENT_3D('',#305,#306,#307);
#305 = CARTESIAN_POINT('',(-33.88423121844,-36.12588787469,-1.));
#306 = DIRECTION('',(0.,0.,1.));
#307 = DIRECTION('',(1.,0.,-0.));
#308 = DEFINITIONAL_REPRESENTATION('',(#309),#313);
#309 = LINE('',#310,#311);
#310 = CARTESIAN_POINT('',(0.,18.));
#311 = VECTOR('',#312,1.);
#312 = DIRECTION('',(1.,0.));
#313 = ( GEOMETRIC_REPRESENTATION_CONTEXT(2) 
PARAMETRIC_REPRESENTATION_CONTEXT() REPRESENTATION_CONTEXT('2D SPACE',''
  ) );
#314 = FACE_BOUND('',#315,.T.);
#315 = EDGE_LOOP('',(#316));
#316 = ORIENTED_EDGE('',*,*,#317,.F.);
#317 = EDGE_CURVE('',#318,#318,#320,.T.);
#318 = VERTEX_POINT('',#319);
#319 = CARTESIAN_POINT('',(-40.19423824944,-24.765,17.));
#320 = SURFACE_CURVE('',#321,(#326,#333),.PCURVE_S1.);
#321 = CIRCLE('',#322,2.7);
#322 = AXIS2_PLACEMENT_3D('',#323,#324,#325);
#323 = CARTESIAN_POINT('',(-42.89423824944,-24.765,17.));
#324 = DIRECTION('',(0.,0.,1.));
#325 = DIRECTION('',(1.,0.,-0.));
#326 = PCURVE('',#217,#327);
#327 = DEFINITIONAL_REPRESENTATION('',(#328),#332);
#328 = CIRCLE('',#329,2.7);
#329 = AXIS2_PLACEMENT_2D('',#330,#331);
#330 = CARTESIAN_POINT('',(-91.12229049241,-13.48333891446));
#331 = DIRECTION('',(1.,0.));
#332 = ( GEOMETRIC_REPRESENTATION_CONTEXT(2) 
PARAMETRIC_REPRESENTATION_CONTEXT() REPRESENTATION_CONTEXT('2D SPACE',''
  ) );
#333 = PCURVE('',#334,#339);
#334 = CYLINDRICAL_SURFACE('',#335,2.7);
#335 = AXIS2_PLACEMENT_3D('',#336,#337,#338);
#336 = CARTESIAN_POINT('',(-42.89423824944,-24.765,-1.));
#337 = DIRECTION('',(0.,0.,1.));
#338 = DIRECTION('',(1.,0.,-0.));
#339 = DEFINITIONAL_REPRESENTATION('',(#340),#344);
#340 = LINE('',#341,#342);
#341 = CARTESIAN_POINT('',(0.,18.));
#342 = VECTOR('',#343,1.);
#343 = DIRECTION('',(1.,0.));
#344 = ( GEOMETRIC_REPRESENTATION_CONTEXT(2) 
PARAMETRIC_REPRESENTATION_CONTEXT() REPRESENTATION_CONTEXT('2D SPACE',''
  ) );
#345 = FACE_BOUND('',#346,.T.);
#346 = EDGE_LOOP('',(#347));
#347 = ORIENTED_EDGE('',*,*,#348,.F.);
#348 = EDGE_CURVE('',#349,#349,#351,.T.);
#349 = VERTEX_POINT('',#350);
#350 = CARTESIAN_POINT('',(-11.81443152877,-32.54476119956,17.));
#351 = SURFACE_CURVE('',#352,(#357,#364),.PCURVE_S1.);
#352 = CIRCLE('',#353,2.);
#353 = AXIS2_PLACEMENT_3D('',#354,#355,#356);
#354 = CARTESIAN_POINT('',(-13.81443152877,-32.54476119956,17.));
#355 = DIRECTION('',(0.,0.,1.));
#356 = DIRECTION('',(1.,0.,-0.));
#357 = PCURVE('',#217,#358);
#358 = DEFINITIONAL_REPRESENTATION('',(#359),#363);
#359 = CIRCLE('',#360,2.);
#360 = AXIS2_PLACEMENT_2D('',#361,#362);
#361 = CARTESIAN_POINT('',(-62.04248377174,-21.26310011403));
#362 = DIRECTION('',(1.,0.));
#363 = ( GEOMETRIC_REPRESENTATION_CONTEXT(2) 
PARAMETRIC_REPRESENTATION_CONTEXT() REPRESENTATION_CONTEXT('2D SPACE',''
  ) );
#364 = PCURVE('',#365,#370);
#365 = CYLINDRICAL_SURFACE('',#366,2.);
#366 = AXIS2_PLACEMENT_3D('',#367,#368,#369);
#367 = CARTESIAN_POINT('',(-13.81443152877,-32.54476119956,-1.));
#368 = DIRECTION('',(0.,0.,1.));
#369 = DIRECTION('',(1.,0.,-0.));
#370 = DEFINITIONAL_REPRESENTATION('',(#371),#375);
#371 = LINE('',#372,#373);
#372 = CARTESIAN_POINT('',(0.,18.));
#373 = VECTOR('',#374,1.);
#374 = DIRECTION('',(1.,0.));
#375 = ( GEOMETRIC_REPRESENTATION_CONTEXT(2) 
PARAMETRIC_REPRESENTATION_CONTEXT() REPRESENTATION_CONTEXT('2D SPACE',''
  ) );
#376 = FACE_BOUND('',#377,.T.);
#377 = EDGE_LOOP('',(#378,#413,#446,#472,#505,#538,#571,#597));
#378 = ORIENTED_EDGE('',*,*,#379,.T.);
#379 = EDGE_CURVE('',#380,#382,#384,.T.);
#380 = VERTEX_POINT('',#381);
#381 = CARTESIAN_POINT('',(64.164935344112,-63.53700553446,17.));
#382 = VERTEX_POINT('',#383);
#383 = CARTESIAN_POINT('',(-40.86244818771,-80.52546384906,17.));
#384 = SURFACE_CURVE('',#385,(#390,#401),.PCURVE_S1.);
#385 = CIRCLE('',#386,90.3);
#386 = AXIS2_PLACEMENT_3D('',#387,#388,#389);
#387 = CARTESIAN_POINT('',(8.733911313053E-15,-3.174613242978E-14,17.));
#388 = DIRECTION('',(-0.,0.,-1.));
#389 = DIRECTION('',(-0.493365253862,-0.869822238323,0.));
#390 = PCURVE('',#217,#391);
#391 = DEFINITIONAL_REPRESENTATION('',(#392),#400);
#392 = ( BOUNDED_CURVE() B_SPLINE_CURVE(2,(#393,#394,#395,#396,#397,#398
,#399),.UNSPECIFIED.,.T.,.F.) B_SPLINE_CURVE_WITH_KNOTS((1,2,2,2,2,1),(
    -2.094395102393,0.,2.094395102393,4.188790204786,6.28318530718,
8.377580409573),.UNSPECIFIED.) CURVE() GEOMETRIC_REPRESENTATION_ITEM() 
RATIONAL_B_SPLINE_CURVE((1.,0.5,1.,0.5,1.,0.5,1.)) REPRESENTATION_ITEM(
  '') );
#393 = CARTESIAN_POINT('',(-92.77893466671,-67.26328703505));
#394 = CARTESIAN_POINT('',(-228.8227754894,9.901104844893));
#395 = CARTESIAN_POINT('',(-93.97453144246,89.136331085801));
#396 = CARTESIAN_POINT('',(40.873712604509,168.3715573267));
#397 = CARTESIAN_POINT('',(42.069309380256,11.971939205852));
#398 = CARTESIAN_POINT('',(43.264906156002,-144.427678915));
#399 = CARTESIAN_POINT('',(-92.77893466671,-67.26328703505));
#400 = ( GEOMETRIC_REPRESENTATION_CONTEXT(2) 
PARAMETRIC_REPRESENTATION_CONTEXT() REPRESENTATION_CONTEXT('2D SPACE',''
  ) );
#401 = PCURVE('',#402,#407);
#402 = CYLINDRICAL_SURFACE('',#403,90.3);
#403 = AXIS2_PLACEMENT_3D('',#404,#405,#406);
#404 = CARTESIAN_POINT('',(8.733911313053E-15,-3.174613242978E-14,9.5));
#405 = DIRECTION('',(-0.,-0.,-1.));
#406 = DIRECTION('',(-0.493365253862,-0.869822238323,0.));
#407 = DEFINITIONAL_REPRESENTATION('',(#408),#412);
#408 = LINE('',#409,#410);
#409 = CARTESIAN_POINT('',(-6.28318530718,-7.5));
#410 = VECTOR('',#411,1.);
#411 = DIRECTION('',(1.,-0.));
#412 = ( GEOMETRIC_REPRESENTATION_CONTEXT(2) 
PARAMETRIC_REPRESENTATION_CONTEXT() REPRESENTATION_CONTEXT('2D SPACE',''
  ) );
#413 = ORIENTED_EDGE('',*,*,#414,.T.);
#414 = EDGE_CURVE('',#382,#415,#417,.T.);
#415 = VERTEX_POINT('',#416);
#416 = CARTESIAN_POINT('',(-42.53166191674,-74.98498339401,17.));
#417 = SURFACE_CURVE('',#418,(#423,#434),.PCURVE_S1.);
#418 = CIRCLE('',#419,4.);
#419 = AXIS2_PLACEMENT_3D('',#420,#421,#422);
#420 = CARTESIAN_POINT('',(-39.05237296344,-76.95844440945,17.));
#421 = DIRECTION('',(-0.,0.,-1.));
#422 = DIRECTION('',(-0.869822238323,0.493365253862,0.));
#423 = PCURVE('',#217,#424);
#424 = DEFINITIONAL_REPRESENTATION('',(#425),#433);
#425 = ( BOUNDED_CURVE() B_SPLINE_CURVE(2,(#426,#427,#428,#429,#430,#431
,#432),.UNSPECIFIED.,.T.,.F.) B_SPLINE_CURVE_WITH_KNOTS((1,2,2,2,2,1),(
    -2.094395102393,0.,2.094395102393,4.188790204786,6.28318530718,
8.377580409573),.UNSPECIFIED.) CURVE() GEOMETRIC_REPRESENTATION_ITEM() 
RATIONAL_B_SPLINE_CURVE((1.,0.5,1.,0.5,1.,0.5,1.)) REPRESENTATION_ITEM(
  '') );
#426 = CARTESIAN_POINT('',(-90.75971415971,-63.70332230847));
#427 = CARTESIAN_POINT('',(-87.3415794142,-57.67701706716));
#428 = CARTESIAN_POINT('',(-83.83171335702,-63.65036121099));
#429 = CARTESIAN_POINT('',(-80.32184729983,-69.62370535482));
#430 = CARTESIAN_POINT('',(-87.24984810253,-69.6766664523));
#431 = CARTESIAN_POINT('',(-94.17784890523,-69.72962754979));
#432 = CARTESIAN_POINT('',(-90.75971415971,-63.70332230847));
#433 = ( GEOMETRIC_REPRESENTATION_CONTEXT(2) 
PARAMETRIC_REPRESENTATION_CONTEXT() REPRESENTATION_CONTEXT('2D SPACE',''
  ) );
#434 = PCURVE('',#435,#440);
#435 = CYLINDRICAL_SURFACE('',#436,4.);
#436 = AXIS2_PLACEMENT_3D('',#437,#438,#439);
#437 = CARTESIAN_POINT('',(-39.05237296344,-76.95844440945,9.5));
#438 = DIRECTION('',(-0.,-0.,-1.));
#439 = DIRECTION('',(-0.869822238323,0.493365253862,0.));
#440 = DEFINITIONAL_REPRESENTATION('',(#441),#445);
#441 = LINE('',#442,#443);
#442 = CARTESIAN_POINT('',(-6.28318530718,-7.5));
#443 = VECTOR('',#444,1.);
#444 = DIRECTION('',(1.,-0.));
#445 = ( GEOMETRIC_REPRESENTATION_CONTEXT(2) 
PARAMETRIC_REPRESENTATION_CONTEXT() REPRESENTATION_CONTEXT('2D SPACE',''
  ) );
#446 = ORIENTED_EDGE('',*,*,#447,.T.);
#447 = EDGE_CURVE('',#415,#448,#450,.T.);
#448 = VERTEX_POINT('',#449);
#449 = CARTESIAN_POINT('',(-24.29221494289,-42.82812502513,17.));
#450 = SURFACE_CURVE('',#451,(#455,#461),.PCURVE_S1.);
#451 = LINE('',#452,#453);
#452 = CARTESIAN_POINT('',(-8.697236297529,-15.33356774585,17.));
#453 = VECTOR('',#454,1.);
#454 = DIRECTION('',(0.493365253862,0.869822238323,-0.));
#455 = PCURVE('',#217,#456);
#456 = DEFINITIONAL_REPRESENTATION('',(#457),#460);
#457 = B_SPLINE_CURVE_WITH_KNOTS('',1,(#458,#459),.UNSPECIFIED.,.F.,.F.,
  (2,2),(-68.57885786313,-31.60939795271),.PIECEWISE_BEZIER_KNOTS.);
#458 = CARTESIAN_POINT('',(-90.75971415971,-63.70332230847));
#459 = CARTESIAN_POINT('',(-72.52026718587,-31.54646393959));
#460 = ( GEOMETRIC_REPRESENTATION_CONTEXT(2) 
PARAMETRIC_REPRESENTATION_CONTEXT() REPRESENTATION_CONTEXT('2D SPACE',''
  ) );
#461 = PCURVE('',#462,#467);
#462 = PLANE('',#463);
#463 = AXIS2_PLACEMENT_3D('',#464,#465,#466);
#464 = CARTESIAN_POINT('',(-24.29221494289,-42.82812502513,9.5));
#465 = DIRECTION('',(0.869822238323,-0.493365253862,0.));
#466 = DIRECTION('',(-0.493365253862,-0.869822238323,0.));
#467 = DEFINITIONAL_REPRESENTATION('',(#468),#471);
#468 = B_SPLINE_CURVE_WITH_KNOTS('',1,(#469,#470),.UNSPECIFIED.,.F.,.F.,
  (2,2),(-68.57885786313,-31.60939795271),.PIECEWISE_BEZIER_KNOTS.);
#469 = CARTESIAN_POINT('',(36.969459910417,-7.5));
#470 = CARTESIAN_POINT('',(0.,-7.5));
#471 = ( GEOMETRIC_REPRESENTATION_CONTEXT(2) 
PARAMETRIC_REPRESENTATION_CONTEXT() REPRESENTATION_CONTEXT('2D SPACE',''
  ) );
#472 = ORIENTED_EDGE('',*,*,#473,.T.);
#473 = EDGE_CURVE('',#448,#474,#476,.T.);
#474 = VERTEX_POINT('',#475);
#475 = CARTESIAN_POINT('',(-19.12766882445,-41.17392725186,17.));
#476 = SURFACE_CURVE('',#477,(#482,#493),.PCURVE_S1.);
#477 = CIRCLE('',#478,4.);
#478 = AXIS2_PLACEMENT_3D('',#479,#480,#481);
#479 = CARTESIAN_POINT('',(-20.8129259896,-44.80158604057,17.));
#480 = DIRECTION('',(0.,0.,-1.));
#481 = DIRECTION('',(0.421314291288,0.906914697178,0.));
#482 = PCURVE('',#217,#483);
#483 = DEFINITIONAL_REPRESENTATION('',(#484),#492);
#484 = ( BOUNDED_CURVE() B_SPLINE_CURVE(2,(#485,#486,#487,#488,#489,#490
,#491),.UNSPECIFIED.,.T.,.F.) B_SPLINE_CURVE_WITH_KNOTS((1,2,2,2,2,1),(
    -2.094395102393,0.,2.094395102393,4.188790204786,6.28318530718,
8.377580409573),.UNSPECIFIED.) CURVE() GEOMETRIC_REPRESENTATION_ITEM() 
RATIONAL_B_SPLINE_CURVE((1.,0.5,1.,0.5,1.,0.5,1.)) REPRESENTATION_ITEM(
  '') );
#485 = CARTESIAN_POINT('',(-67.35572106742,-29.89226616633));
#486 = CARTESIAN_POINT('',(-61.07243173285,-32.81121720019));
#487 = CARTESIAN_POINT('',(-66.74196214786,-36.79322986633));
#488 = CARTESIAN_POINT('',(-72.41149256287,-40.77524253246));
#489 = CARTESIAN_POINT('',(-73.02525148243,-33.87427883247));
#490 = CARTESIAN_POINT('',(-73.63901040199,-26.97331513247));
#491 = CARTESIAN_POINT('',(-67.35572106742,-29.89226616633));
#492 = ( GEOMETRIC_REPRESENTATION_CONTEXT(2) 
PARAMETRIC_REPRESENTATION_CONTEXT() REPRESENTATION_CONTEXT('2D SPACE',''
  ) );
#493 = PCURVE('',#494,#499);
#494 = CYLINDRICAL_SURFACE('',#495,4.);
#495 = AXIS2_PLACEMENT_3D('',#496,#497,#498);
#496 = CARTESIAN_POINT('',(-20.8129259896,-44.80158604057,9.5));
#497 = DIRECTION('',(-0.,0.,-1.));
#498 = DIRECTION('',(0.421314291288,0.906914697178,0.));
#499 = DEFINITIONAL_REPRESENTATION('',(#500),#504);
#500 = LINE('',#501,#502);
#501 = CARTESIAN_POINT('',(-6.28318530718,-7.5));
#502 = VECTOR('',#503,1.);
#503 = DIRECTION('',(1.,-0.));
#504 = ( GEOMETRIC_REPRESENTATION_CONTEXT(2) 
PARAMETRIC_REPRESENTATION_CONTEXT() REPRESENTATION_CONTEXT('2D SPACE',''
  ) );
#505 = ORIENTED_EDGE('',*,*,#506,.F.);
#506 = EDGE_CURVE('',#507,#474,#509,.T.);
#507 = VERTEX_POINT('',#508);
#508 = CARTESIAN_POINT('',(31.13264610823,-33.04418778393,17.));
#509 = SURFACE_CURVE('',#510,(#515,#526),.PCURVE_S1.);
#510 = CIRCLE('',#511,45.4);
#511 = AXIS2_PLACEMENT_3D('',#512,#513,#514);
#512 = CARTESIAN_POINT('',(3.840201411215E-15,-7.054189373994E-15,17.));
#513 = DIRECTION('',(-0.,0.,-1.));
#514 = DIRECTION('',(0.742424269075,-0.669929999842,-0.));
#515 = PCURVE('',#217,#516);
#516 = DEFINITIONAL_REPRESENTATION('',(#517),#525);
#517 = ( BOUNDED_CURVE() B_SPLINE_CURVE(2,(#518,#519,#520,#521,#522,#523
,#524),.UNSPECIFIED.,.T.,.F.) B_SPLINE_CURVE_WITH_KNOTS((1,2,2,2,2,1),(
    -2.094395102393,0.,2.094395102393,4.188790204786,6.28318530718,
8.377580409573),.UNSPECIFIED.) CURVE() GEOMETRIC_REPRESENTATION_ITEM() 
RATIONAL_B_SPLINE_CURVE((1.,0.5,1.,0.5,1.,0.5,1.)) REPRESENTATION_ITEM(
  '') );
#518 = CARTESIAN_POINT('',(-14.52199042694,-19.13316090727));
#519 = CARTESIAN_POINT('',(-67.20200742165,-77.51377249569));
#520 = CARTESIAN_POINT('',(-91.42109164834,-2.701233712272));
#521 = CARTESIAN_POINT('',(-115.640175875,72.111305071148));
#522 = CARTESIAN_POINT('',(-38.74107465363,55.679377876144));
#523 = CARTESIAN_POINT('',(38.158026567757,39.24745068114));
#524 = CARTESIAN_POINT('',(-14.52199042694,-19.13316090727));
#525 = ( GEOMETRIC_REPRESENTATION_CONTEXT(2) 
PARAMETRIC_REPRESENTATION_CONTEXT() REPRESENTATION_CONTEXT('2D SPACE',''
  ) );
#526 = PCURVE('',#527,#532);
#527 = CYLINDRICAL_SURFACE('',#528,45.4);
#528 = AXIS2_PLACEMENT_3D('',#529,#530,#531);
#529 = CARTESIAN_POINT('',(3.840201411215E-15,-7.054189373994E-15,9.5));
#530 = DIRECTION('',(-0.,0.,-1.));
#531 = DIRECTION('',(0.742424269075,-0.669929999842,-0.));
#532 = DEFINITIONAL_REPRESENTATION('',(#533),#537);
#533 = LINE('',#534,#535);
#534 = CARTESIAN_POINT('',(0.,-7.5));
#535 = VECTOR('',#536,1.);
#536 = DIRECTION('',(1.,0.));
#537 = ( GEOMETRIC_REPRESENTATION_CONTEXT(2) 
PARAMETRIC_REPRESENTATION_CONTEXT() REPRESENTATION_CONTEXT('2D SPACE',''
  ) );
#538 = ORIENTED_EDGE('',*,*,#539,.T.);
#539 = EDGE_CURVE('',#507,#540,#542,.T.);
#540 = VERTEX_POINT('',#541);
#541 = CARTESIAN_POINT('',(36.555330522418,-32.98587289123,17.));
#542 = SURFACE_CURVE('',#543,(#548,#559),.PCURVE_S1.);
#543 = CIRCLE('',#544,4.);
#544 = AXIS2_PLACEMENT_3D('',#545,#546,#547);
#545 = CARTESIAN_POINT('',(33.875610523052,-35.95556996753,17.));
#546 = DIRECTION('',(0.,0.,-1.));
#547 = DIRECTION('',(0.669929999842,0.742424269075,0.));
#548 = PCURVE('',#217,#549);
#549 = DEFINITIONAL_REPRESENTATION('',(#550),#558);
#550 = ( BOUNDED_CURVE() B_SPLINE_CURVE(2,(#551,#552,#553,#554,#555,#556
,#557),.UNSPECIFIED.,.T.,.F.) B_SPLINE_CURVE_WITH_KNOTS((1,2,2,2,2,1),(
    -2.094395102393,0.,2.094395102393,4.188790204786,6.28318530718,
8.377580409573),.UNSPECIFIED.) CURVE() GEOMETRIC_REPRESENTATION_ITEM() 
RATIONAL_B_SPLINE_CURVE((1.,0.5,1.,0.5,1.,0.5,1.)) REPRESENTATION_ITEM(
  '') );
#551 = CARTESIAN_POINT('',(-11.67272172055,-21.7042118057));
#552 = CARTESIAN_POINT('',(-6.529055501314,-26.34562299466));
#553 = CARTESIAN_POINT('',(-13.12046860998,-28.47946301463));
#554 = CARTESIAN_POINT('',(-19.71188171865,-30.6133030346));
#555 = CARTESIAN_POINT('',(-18.26413482922,-23.83805182567));
#556 = CARTESIAN_POINT('',(-16.8163879398,-17.06280061674));
#557 = CARTESIAN_POINT('',(-11.67272172055,-21.7042118057));
#558 = ( GEOMETRIC_REPRESENTATION_CONTEXT(2) 
PARAMETRIC_REPRESENTATION_CONTEXT() REPRESENTATION_CONTEXT('2D SPACE',''
  ) );
#559 = PCURVE('',#560,#565);
#560 = CYLINDRICAL_SURFACE('',#561,4.);
#561 = AXIS2_PLACEMENT_3D('',#562,#563,#564);
#562 = CARTESIAN_POINT('',(33.875610523052,-35.95556996753,9.5));
#563 = DIRECTION('',(-0.,0.,-1.));
#564 = DIRECTION('',(0.669929999842,0.742424269075,0.));
#565 = DEFINITIONAL_REPRESENTATION('',(#566),#570);
#566 = LINE('',#567,#568);
#567 = CARTESIAN_POINT('',(-6.28318530718,-7.5));
#568 = VECTOR('',#569,1.);
#569 = DIRECTION('',(1.,-0.));
#570 = ( GEOMETRIC_REPRESENTATION_CONTEXT(2) 
PARAMETRIC_REPRESENTATION_CONTEXT() REPRESENTATION_CONTEXT('2D SPACE',''
  ) );
#571 = ORIENTED_EDGE('',*,*,#572,.T.);
#572 = EDGE_CURVE('',#540,#573,#575,.T.);
#573 = VERTEX_POINT('',#574);
#574 = CARTESIAN_POINT('',(64.002354774525,-57.75282316316,17.));
#575 = SURFACE_CURVE('',#576,(#580,#586),.PCURVE_S1.);
#576 = LINE('',#577,#578);
#577 = CARTESIAN_POINT('',(48.0982717726,-43.40169973312,17.));
#578 = VECTOR('',#579,1.);
#579 = DIRECTION('',(0.742424269075,-0.669929999842,0.));
#580 = PCURVE('',#217,#581);
#581 = DEFINITIONAL_REPRESENTATION('',(#582),#585);
#582 = B_SPLINE_CURVE_WITH_KNOTS('',1,(#583,#584),.UNSPECIFIED.,.F.,.F.,
  (2,2),(-15.54763459518,21.421825315234),.PIECEWISE_BEZIER_KNOTS.);
#583 = CARTESIAN_POINT('',(-11.67272172055,-21.7042118057));
#584 = CARTESIAN_POINT('',(15.774302531549,-46.47116207763));
#585 = ( GEOMETRIC_REPRESENTATION_CONTEXT(2) 
PARAMETRIC_REPRESENTATION_CONTEXT() REPRESENTATION_CONTEXT('2D SPACE',''
  ) );
#586 = PCURVE('',#587,#592);
#587 = PLANE('',#588);
#588 = AXIS2_PLACEMENT_3D('',#589,#590,#591);
#589 = CARTESIAN_POINT('',(64.002354774525,-57.75282316316,9.5));
#590 = DIRECTION('',(-0.669929999842,-0.742424269075,0.));
#591 = DIRECTION('',(-0.742424269075,0.669929999842,0.));
#592 = DEFINITIONAL_REPRESENTATION('',(#593),#596);
#593 = B_SPLINE_CURVE_WITH_KNOTS('',1,(#594,#595),.UNSPECIFIED.,.F.,.F.,
  (2,2),(-15.54763459518,21.421825315234),.PIECEWISE_BEZIER_KNOTS.);
#594 = CARTESIAN_POINT('',(36.969459910417,-7.5));
#595 = CARTESIAN_POINT('',(0.,-7.5));
#596 = ( GEOMETRIC_REPRESENTATION_CONTEXT(2) 
PARAMETRIC_REPRESENTATION_CONTEXT() REPRESENTATION_CONTEXT('2D SPACE',''
  ) );
#597 = ORIENTED_EDGE('',*,*,#598,.T.);
#598 = EDGE_CURVE('',#573,#380,#599,.T.);
#599 = SURFACE_CURVE('',#600,(#605,#616),.PCURVE_S1.);
#600 = CIRCLE('',#601,4.);
#601 = AXIS2_PLACEMENT_3D('',#602,#603,#604);
#602 = CARTESIAN_POINT('',(61.322634775159,-60.72252023946,17.));
#603 = DIRECTION('',(-0.,0.,-1.));
#604 = DIRECTION('',(0.710575142238,-0.703621323748,-0.));
#605 = PCURVE('',#217,#606);
#606 = DEFINITIONAL_REPRESENTATION('',(#607),#615);
#607 = ( BOUNDED_CURVE() B_SPLINE_CURVE(2,(#608,#609,#610,#611,#612,#613
,#614),.UNSPECIFIED.,.T.,.F.) B_SPLINE_CURVE_WITH_KNOTS((1,2,2,2,2,1),(
    -2.094395102393,0.,2.094395102393,4.188790204786,6.28318530718,
8.377580409573),.UNSPECIFIED.) CURVE() GEOMETRIC_REPRESENTATION_ITEM() 
RATIONAL_B_SPLINE_CURVE((1.,0.5,1.,0.5,1.,0.5,1.)) REPRESENTATION_ITEM(
  '') );
#608 = CARTESIAN_POINT('',(15.936883101136,-52.25534444892));
#609 = CARTESIAN_POINT('',(11.062051573053,-57.17835344473));
#610 = CARTESIAN_POINT('',(9.236016483665,-50.49512100434));
#611 = CARTESIAN_POINT('',(7.409981394277,-43.81188856394));
#612 = CARTESIAN_POINT('',(14.110848011748,-45.57211200853));
#613 = CARTESIAN_POINT('',(20.811714629219,-47.33233545311));
#614 = CARTESIAN_POINT('',(15.936883101136,-52.25534444892));
#615 = ( GEOMETRIC_REPRESENTATION_CONTEXT(2) 
PARAMETRIC_REPRESENTATION_CONTEXT() REPRESENTATION_CONTEXT('2D SPACE',''
  ) );
#616 = PCURVE('',#617,#622);
#617 = CYLINDRICAL_SURFACE('',#618,4.);
#618 = AXIS2_PLACEMENT_3D('',#619,#620,#621);
#619 = CARTESIAN_POINT('',(61.322634775159,-60.72252023946,9.5));
#620 = DIRECTION('',(-0.,0.,-1.));
#621 = DIRECTION('',(0.710575142238,-0.703621323748,-0.));
#622 = DEFINITIONAL_REPRESENTATION('',(#623),#627);
#623 = LINE('',#624,#625);
#624 = CARTESIAN_POINT('',(-6.28318530718,-7.5));
#625 = VECTOR('',#626,1.);
#626 = DIRECTION('',(1.,-0.));
#627 = ( GEOMETRIC_REPRESENTATION_CONTEXT(2) 
PARAMETRIC_REPRESENTATION_CONTEXT() REPRESENTATION_CONTEXT('2D SPACE',''
  ) );
#628 = FACE_BOUND('',#629,.T.);
#629 = EDGE_LOOP('',(#630));
#630 = ORIENTED_EDGE('',*,*,#631,.F.);
#631 = EDGE_CURVE('',#632,#632,#634,.T.);
#632 = VERTEX_POINT('',#633);
#633 = CARTESIAN_POINT('',(45.594238249443,-24.765,17.));
#634 = SURFACE_CURVE('',#635,(#640,#647),.PCURVE_S1.);
#635 = CIRCLE('',#636,2.7);
#636 = AXIS2_PLACEMENT_3D('',#637,#638,#639);
#637 = CARTESIAN_POINT('',(42.894238249443,-24.765,17.));
#638 = DIRECTION('',(0.,0.,1.));
#639 = DIRECTION('',(1.,0.,-0.));
#640 = PCURVE('',#217,#641);
#641 = DEFINITIONAL_REPRESENTATION('',(#642),#646);
#642 = CIRCLE('',#643,2.7);
#643 = AXIS2_PLACEMENT_2D('',#644,#645);
#644 = CARTESIAN_POINT('',(-5.333813993532,-13.48333891446));
#645 = DIRECTION('',(1.,0.));
#646 = ( GEOMETRIC_REPRESENTATION_CONTEXT(2) 
PARAMETRIC_REPRESENTATION_CONTEXT() REPRESENTATION_CONTEXT('2D SPACE',''
  ) );
#647 = PCURVE('',#648,#653);
#648 = CYLINDRICAL_SURFACE('',#649,2.7);
#649 = AXIS2_PLACEMENT_3D('',#650,#651,#652);
#650 = CARTESIAN_POINT('',(42.894238249443,-24.765,-1.));
#651 = DIRECTION('',(0.,0.,1.));
#652 = DIRECTION('',(1.,0.,-0.));
#653 = DEFINITIONAL_REPRESENTATION('',(#654),#658);
#654 = LINE('',#655,#656);
#655 = CARTESIAN_POINT('',(0.,18.));
#656 = VECTOR('',#657,1.);
#657 = DIRECTION('',(1.,0.));
#658 = ( GEOMETRIC_REPRESENTATION_CONTEXT(2) 
PARAMETRIC_REPRESENTATION_CONTEXT() REPRESENTATION_CONTEXT('2D SPACE',''
  ) );
#659 = FACE_BOUND('',#660,.T.);
#660 = EDGE_LOOP('',(#661));
#661 = ORIENTED_EDGE('',*,*,#662,.F.);
#662 = EDGE_CURVE('',#663,#663,#665,.T.);
#663 = VERTEX_POINT('',#664);
#664 = CARTESIAN_POINT('',(34.544761199567,-13.81443152877,17.));
#665 = SURFACE_CURVE('',#666,(#671,#678),.PCURVE_S1.);
#666 = CIRCLE('',#667,2.);
#667 = AXIS2_PLACEMENT_3D('',#668,#669,#670);
#668 = CARTESIAN_POINT('',(32.544761199567,-13.81443152877,17.));
#669 = DIRECTION('',(0.,0.,1.));
#670 = DIRECTION('',(1.,0.,-0.));
#671 = PCURVE('',#217,#672);
#672 = DEFINITIONAL_REPRESENTATION('',(#673),#677);
#673 = CIRCLE('',#674,2.);
#674 = AXIS2_PLACEMENT_2D('',#675,#676);
#675 = CARTESIAN_POINT('',(-15.6832910434,-2.53277044324));
#676 = DIRECTION('',(1.,0.));
#677 = ( GEOMETRIC_REPRESENTATION_CONTEXT(2) 
PARAMETRIC_REPRESENTATION_CONTEXT() REPRESENTATION_CONTEXT('2D SPACE',''
  ) );
#678 = PCURVE('',#679,#684);
#679 = CYLINDRICAL_SURFACE('',#680,2.);
#680 = AXIS2_PLACEMENT_3D('',#681,#682,#683);
#681 = CARTESIAN_POINT('',(32.544761199567,-13.81443152877,-1.));
#682 = DIRECTION('',(0.,0.,1.));
#683 = DIRECTION('',(1.,0.,-0.));
#684 = DEFINITIONAL_REPRESENTATION('',(#685),#689);
#685 = LINE('',#686,#687);
#686 = CARTESIAN_POINT('',(0.,18.));
#687 = VECTOR('',#688,1.);
#688 = DIRECTION('',(1.,0.));
#689 = ( GEOMETRIC_REPRESENTATION_CONTEXT(2) 
PARAMETRIC_REPRESENTATION_CONTEXT() REPRESENTATION_CONTEXT('2D SPACE',''
  ) );
#690 = FACE_BOUND('',#691,.T.);
#691 = EDGE_LOOP('',(#692));
#692 = ORIENTED_EDGE('',*,*,#200,.F.);
#693 = FACE_BOUND('',#694,.T.);
#694 = EDGE_LOOP('',(#695,#730,#763,#789,#822,#855,#888,#914));
#695 = ORIENTED_EDGE('',*,*,#696,.T.);
#696 = EDGE_CURVE('',#697,#699,#701,.T.);
#697 = VERTEX_POINT('',#698);
#698 = CARTESIAN_POINT('',(-87.10712854529,-23.79996127295,17.));
#699 = VERTEX_POINT('',#700);
#700 = CARTESIAN_POINT('',(-49.30587325095,75.650650115914,17.));
#701 = SURFACE_CURVE('',#702,(#707,#718),.PCURVE_S1.);
#702 = CIRCLE('',#703,90.3);
#703 = AXIS2_PLACEMENT_3D('',#704,#705,#706);
#704 = CARTESIAN_POINT('',(6.006144667292E-14,-2.282940292999E-14,17.));
#705 = DIRECTION('',(-0.,0.,-1.));
#706 = DIRECTION('',(-0.506605528234,0.862177962351,0.));
#707 = PCURVE('',#217,#708);
#708 = DEFINITIONAL_REPRESENTATION('',(#709),#717);
#709 = ( BOUNDED_CURVE() B_SPLINE_CURVE(2,(#710,#711,#712,#713,#714,#715
,#716),.UNSPECIFIED.,.T.,.F.) B_SPLINE_CURVE_WITH_KNOTS((1,2,2,2,2,1),(
    -2.094395102393,0.,2.094395102393,4.188790204786,6.28318530718,
8.377580409573),.UNSPECIFIED.) CURVE() GEOMETRIC_REPRESENTATION_ITEM() 
RATIONAL_B_SPLINE_CURVE((1.,0.5,1.,0.5,1.,0.5,1.)) REPRESENTATION_ITEM(
  '') );
#710 = CARTESIAN_POINT('',(-93.97453144246,89.136331085801));
#711 = CARTESIAN_POINT('',(40.873712604509,168.3715573267));
#712 = CARTESIAN_POINT('',(42.069309380256,11.971939205852));
#713 = CARTESIAN_POINT('',(43.264906156002,-144.427678915));
#714 = CARTESIAN_POINT('',(-92.77893466671,-67.26328703505));
#715 = CARTESIAN_POINT('',(-228.8227754894,9.901104844893));
#716 = CARTESIAN_POINT('',(-93.97453144246,89.136331085801));
#717 = ( GEOMETRIC_REPRESENTATION_CONTEXT(2) 
PARAMETRIC_REPRESENTATION_CONTEXT() REPRESENTATION_CONTEXT('2D SPACE',''
  ) );
#718 = PCURVE('',#719,#724);
#719 = CYLINDRICAL_SURFACE('',#720,90.3);
#720 = AXIS2_PLACEMENT_3D('',#721,#722,#723);
#721 = CARTESIAN_POINT('',(6.006144667292E-14,-2.282940292999E-14,9.5));
#722 = DIRECTION('',(-0.,-0.,-1.));
#723 = DIRECTION('',(-0.506605528234,0.862177962351,0.));
#724 = DEFINITIONAL_REPRESENTATION('',(#725),#729);
#725 = LINE('',#726,#727);
#726 = CARTESIAN_POINT('',(-6.28318530718,-7.5));
#727 = VECTOR('',#728,1.);
#728 = DIRECTION('',(1.,-0.));
#729 = ( GEOMETRIC_REPRESENTATION_CONTEXT(2) 
PARAMETRIC_REPRESENTATION_CONTEXT() REPRESENTATION_CONTEXT('2D SPACE',''
  ) );
#730 = ORIENTED_EDGE('',*,*,#731,.T.);
#731 = EDGE_CURVE('',#699,#732,#734,.T.);
#732 = VERTEX_POINT('',#733);
#733 = CARTESIAN_POINT('',(-43.67306956319,74.325991382074,17.));
#734 = SURFACE_CURVE('',#735,(#740,#751),.PCURVE_S1.);
#735 = CIRCLE('',#736,4.);
#736 = AXIS2_PLACEMENT_3D('',#737,#738,#739);
#737 = CARTESIAN_POINT('',(-47.1217814126,72.29956926914,17.));
#738 = DIRECTION('',(0.,0.,-1.));
#739 = DIRECTION('',(0.862177962351,0.506605528234,0.));
#740 = PCURVE('',#217,#741);
#741 = DEFINITIONAL_REPRESENTATION('',(#742),#750);
#742 = ( BOUNDED_CURVE() B_SPLINE_CURVE(2,(#743,#744,#745,#746,#747,#748
,#749),.UNSPECIFIED.,.T.,.F.) B_SPLINE_CURVE_WITH_KNOTS((1,2,2,2,2,1),(
    -2.094395102393,0.,2.094395102393,4.188790204786,6.28318530718,
8.377580409573),.UNSPECIFIED.) CURVE() GEOMETRIC_REPRESENTATION_ITEM() 
RATIONAL_B_SPLINE_CURVE((1.,0.5,1.,0.5,1.,0.5,1.)) REPRESENTATION_ITEM(
  '') );
#743 = CARTESIAN_POINT('',(-91.90112180617,85.607652467607));
#744 = CARTESIAN_POINT('',(-88.39125574898,79.634308323776));
#745 = CARTESIAN_POINT('',(-95.31925655168,79.58134722629));
#746 = CARTESIAN_POINT('',(-102.2472573543,79.528386128804));
#747 = CARTESIAN_POINT('',(-98.82912260886,85.554691370121));
#748 = CARTESIAN_POINT('',(-95.41098786335,91.580996611437));
#749 = CARTESIAN_POINT('',(-91.90112180617,85.607652467607));
#750 = ( GEOMETRIC_REPRESENTATION_CONTEXT(2) 
PARAMETRIC_REPRESENTATION_CONTEXT() REPRESENTATION_CONTEXT('2D SPACE',''
  ) );
#751 = PCURVE('',#752,#757);
#752 = CYLINDRICAL_SURFACE('',#753,4.);
#753 = AXIS2_PLACEMENT_3D('',#754,#755,#756);
#754 = CARTESIAN_POINT('',(-47.1217814126,72.29956926914,9.5));
#755 = DIRECTION('',(-0.,0.,-1.));
#756 = DIRECTION('',(0.862177962351,0.506605528234,0.));
#757 = DEFINITIONAL_REPRESENTATION('',(#758),#762);
#758 = LINE('',#759,#760);
#759 = CARTESIAN_POINT('',(-6.28318530718,-7.5));
#760 = VECTOR('',#761,1.);
#761 = DIRECTION('',(1.,-0.));
#762 = ( GEOMETRIC_REPRESENTATION_CONTEXT(2) 
PARAMETRIC_REPRESENTATION_CONTEXT() REPRESENTATION_CONTEXT('2D SPACE',''
  ) );
#763 = ORIENTED_EDGE('',*,*,#764,.T.);
#764 = EDGE_CURVE('',#732,#765,#767,.T.);
#765 = VERTEX_POINT('',#766);
#766 = CARTESIAN_POINT('',(-24.94413679677,42.451737767304,17.));
#767 = SURFACE_CURVE('',#768,(#772,#778),.PCURVE_S1.);
#768 = LINE('',#769,#770);
#769 = CARTESIAN_POINT('',(-3.81939860402,6.500129039849,17.));
#770 = VECTOR('',#771,1.);
#771 = DIRECTION('',(0.506605528234,-0.862177962351,0.));
#772 = PCURVE('',#217,#773);
#773 = DEFINITIONAL_REPRESENTATION('',(#774),#777);
#774 = B_SPLINE_CURVE_WITH_KNOTS('',1,(#775,#776),.UNSPECIFIED.,.F.,.F.,
  (2,2),(-78.66805381721,-41.6985939068),.PIECEWISE_BEZIER_KNOTS.);
#775 = CARTESIAN_POINT('',(-91.90112180617,85.607652467607));
#776 = CARTESIAN_POINT('',(-73.17218903974,53.733398852837));
#777 = ( GEOMETRIC_REPRESENTATION_CONTEXT(2) 
PARAMETRIC_REPRESENTATION_CONTEXT() REPRESENTATION_CONTEXT('2D SPACE',''
  ) );
#778 = PCURVE('',#779,#784);
#779 = PLANE('',#780);
#780 = AXIS2_PLACEMENT_3D('',#781,#782,#783);
#781 = CARTESIAN_POINT('',(-24.94413679677,42.451737767304,9.5));
#782 = DIRECTION('',(-0.862177962351,-0.506605528234,0.));
#783 = DIRECTION('',(-0.506605528234,0.862177962351,0.));
#784 = DEFINITIONAL_REPRESENTATION('',(#785),#788);
#785 = B_SPLINE_CURVE_WITH_KNOTS('',1,(#786,#787),.UNSPECIFIED.,.F.,.F.,
  (2,2),(-78.66805381721,-41.6985939068),.PIECEWISE_BEZIER_KNOTS.);
#786 = CARTESIAN_POINT('',(36.969459910418,-7.5));
#787 = CARTESIAN_POINT('',(0.,-7.5));
#788 = ( GEOMETRIC_REPRESENTATION_CONTEXT(2) 
PARAMETRIC_REPRESENTATION_CONTEXT() REPRESENTATION_CONTEXT('2D SPACE',''
  ) );
#789 = ORIENTED_EDGE('',*,*,#790,.T.);
#790 = EDGE_CURVE('',#765,#791,#793,.T.);
#791 = VERTEX_POINT('',#792);
#792 = CARTESIAN_POINT('',(-26.09383256146,37.152010743085,17.));
#793 = SURFACE_CURVE('',#794,(#799,#810),.PCURVE_S1.);
#794 = CIRCLE('',#795,4.);
#795 = AXIS2_PLACEMENT_3D('',#796,#797,#798);
#796 = CARTESIAN_POINT('',(-28.39284864617,40.42531565437,17.));
#797 = DIRECTION('',(-0.,0.,-1.));
#798 = DIRECTION('',(0.574754021178,-0.818326227821,-0.));
#799 = PCURVE('',#217,#800);
#800 = DEFINITIONAL_REPRESENTATION('',(#801),#809);
#801 = ( BOUNDED_CURVE() B_SPLINE_CURVE(2,(#802,#803,#804,#805,#806,#807
,#808),.UNSPECIFIED.,.T.,.F.) B_SPLINE_CURVE_WITH_KNOTS((1,2,2,2,2,1),(
    -2.094395102393,0.,2.094395102393,4.188790204786,6.28318530718,
8.377580409573),.UNSPECIFIED.) CURVE() GEOMETRIC_REPRESENTATION_ITEM() 
RATIONAL_B_SPLINE_CURVE((1.,0.5,1.,0.5,1.,0.5,1.)) REPRESENTATION_ITEM(
  '') );
#802 = CARTESIAN_POINT('',(-74.32188480443,48.433671828618));
#803 = CARTESIAN_POINT('',(-79.99141521944,44.451659162481));
#804 = CARTESIAN_POINT('',(-80.60517413901,51.352622862477));
#805 = CARTESIAN_POINT('',(-81.21893305857,58.253586562473));
#806 = CARTESIAN_POINT('',(-74.93564372399,55.334635528613));
#807 = CARTESIAN_POINT('',(-68.65235438942,52.415684494754));
#808 = CARTESIAN_POINT('',(-74.32188480443,48.433671828618));
#809 = ( GEOMETRIC_REPRESENTATION_CONTEXT(2) 
PARAMETRIC_REPRESENTATION_CONTEXT() REPRESENTATION_CONTEXT('2D SPACE',''
  ) );
#810 = PCURVE('',#811,#816);
#811 = CYLINDRICAL_SURFACE('',#812,4.);
#812 = AXIS2_PLACEMENT_3D('',#813,#814,#815);
#813 = CARTESIAN_POINT('',(-28.39284864617,40.42531565437,9.5));
#814 = DIRECTION('',(-0.,0.,-1.));
#815 = DIRECTION('',(0.574754021178,-0.818326227821,-0.));
#816 = DEFINITIONAL_REPRESENTATION('',(#817),#821);
#817 = LINE('',#818,#819);
#818 = CARTESIAN_POINT('',(-6.28318530718,-7.5));
#819 = VECTOR('',#820,1.);
#820 = DIRECTION('',(1.,-0.));
#821 = ( GEOMETRIC_REPRESENTATION_CONTEXT(2) 
PARAMETRIC_REPRESENTATION_CONTEXT() REPRESENTATION_CONTEXT('2D SPACE',''
  ) );
#822 = ORIENTED_EDGE('',*,*,#823,.F.);
#823 = EDGE_CURVE('',#824,#791,#826,.T.);
#824 = VERTEX_POINT('',#825);
#825 = CARTESIAN_POINT('',(-44.18342912242,-10.43956852479,17.));
#826 = SURFACE_CURVE('',#827,(#832,#843),.PCURVE_S1.);
#827 = CIRCLE('',#828,45.4);
#828 = AXIS2_PLACEMENT_3D('',#829,#830,#831);
#829 = CARTESIAN_POINT('',(1.717023723128E-14,-8.426770959254E-15,17.));
#830 = DIRECTION('',(-0.,0.,-1.));
#831 = DIRECTION('',(-0.951388533158,-0.307993277485,0.));
#832 = PCURVE('',#217,#833);
#833 = DEFINITIONAL_REPRESENTATION('',(#834),#842);
#834 = ( BOUNDED_CURVE() B_SPLINE_CURVE(2,(#835,#836,#837,#838,#839,#840
,#841),.UNSPECIFIED.,.T.,.F.) B_SPLINE_CURVE_WITH_KNOTS((1,2,2,2,2,1),(
    -2.094395102393,0.,2.094395102393,4.188790204786,6.28318530718,
8.377580409573),.UNSPECIFIED.) CURVE() GEOMETRIC_REPRESENTATION_ITEM() 
RATIONAL_B_SPLINE_CURVE((1.,0.5,1.,0.5,1.,0.5,1.)) REPRESENTATION_ITEM(
  '') );
#835 = CARTESIAN_POINT('',(-91.42109164834,-2.701233712272));
#836 = CARTESIAN_POINT('',(-115.640175875,72.111305071148));
#837 = CARTESIAN_POINT('',(-38.74107465363,55.679377876144));
#838 = CARTESIAN_POINT('',(38.158026567758,39.24745068114));
#839 = CARTESIAN_POINT('',(-14.52199042694,-19.13316090727));
#840 = CARTESIAN_POINT('',(-67.20200742165,-77.51377249569));
#841 = CARTESIAN_POINT('',(-91.42109164834,-2.701233712272));
#842 = ( GEOMETRIC_REPRESENTATION_CONTEXT(2) 
PARAMETRIC_REPRESENTATION_CONTEXT() REPRESENTATION_CONTEXT('2D SPACE',''
  ) );
#843 = PCURVE('',#844,#849);
#844 = CYLINDRICAL_SURFACE('',#845,45.4);
#845 = AXIS2_PLACEMENT_3D('',#846,#847,#848);
#846 = CARTESIAN_POINT('',(1.717023723128E-14,-8.426770959254E-15,9.5));
#847 = DIRECTION('',(-0.,0.,-1.));
#848 = DIRECTION('',(-0.951388533158,-0.307993277485,0.));
#849 = DEFINITIONAL_REPRESENTATION('',(#850),#854);
#850 = LINE('',#851,#852);
#851 = CARTESIAN_POINT('',(0.,-7.5));
#852 = VECTOR('',#853,1.);
#853 = DIRECTION('',(1.,0.));
#854 = ( GEOMETRIC_REPRESENTATION_CONTEXT(2) 
PARAMETRIC_REPRESENTATION_CONTEXT() REPRESENTATION_CONTEXT('2D SPACE',''
  ) );
#855 = ORIENTED_EDGE('',*,*,#856,.T.);
#856 = EDGE_CURVE('',#824,#857,#859,.T.);
#857 = VERTEX_POINT('',#858);
#858 = CARTESIAN_POINT('',(-46.84426915102,-15.16490843053,17.));
#859 = SURFACE_CURVE('',#860,(#865,#876),.PCURVE_S1.);
#860 = CIRCLE('',#861,4.);
#861 = AXIS2_PLACEMENT_3D('',#862,#863,#864);
#862 = CARTESIAN_POINT('',(-48.07624226096,-11.3593542979,17.));
#863 = DIRECTION('',(-0.,0.,-1.));
#864 = DIRECTION('',(0.307993277485,-0.951388533158,-0.));
#865 = PCURVE('',#217,#866);
#866 = DEFINITIONAL_REPRESENTATION('',(#867),#875);
#867 = ( BOUNDED_CURVE() B_SPLINE_CURVE(2,(#868,#869,#870,#871,#872,#873
,#874),.UNSPECIFIED.,.T.,.F.) B_SPLINE_CURVE_WITH_KNOTS((1,2,2,2,2,1),(
    -2.094395102393,0.,2.094395102393,4.188790204786,6.28318530718,
8.377580409573),.UNSPECIFIED.) CURVE() GEOMETRIC_REPRESENTATION_ITEM() 
RATIONAL_B_SPLINE_CURVE((1.,0.5,1.,0.5,1.,0.5,1.)) REPRESENTATION_ITEM(
  '') );
#868 = CARTESIAN_POINT('',(-95.07232139399,-3.883247345));
#869 = CARTESIAN_POINT('',(-101.6637345026,-6.017087364973));
#870 = CARTESIAN_POINT('',(-100.2159876132,0.758163843961));
#871 = CARTESIAN_POINT('',(-98.76824072381,7.533415052894));
#872 = CARTESIAN_POINT('',(-93.62457450457,2.892003863933));
#873 = CARTESIAN_POINT('',(-88.48090828532,-1.749407325028));
#874 = CARTESIAN_POINT('',(-95.07232139399,-3.883247345));
#875 = ( GEOMETRIC_REPRESENTATION_CONTEXT(2) 
PARAMETRIC_REPRESENTATION_CONTEXT() REPRESENTATION_CONTEXT('2D SPACE',''
  ) );
#876 = PCURVE('',#877,#882);
#877 = CYLINDRICAL_SURFACE('',#878,4.);
#878 = AXIS2_PLACEMENT_3D('',#879,#880,#881);
#879 = CARTESIAN_POINT('',(-48.07624226096,-11.3593542979,9.5));
#880 = DIRECTION('',(-0.,0.,-1.));
#881 = DIRECTION('',(0.307993277485,-0.951388533158,-0.));
#882 = DEFINITIONAL_REPRESENTATION('',(#883),#887);
#883 = LINE('',#884,#885);
#884 = CARTESIAN_POINT('',(-6.28318530718,-7.5));
#885 = VECTOR('',#886,1.);
#886 = DIRECTION('',(1.,-0.));
#887 = ( GEOMETRIC_REPRESENTATION_CONTEXT(2) 
PARAMETRIC_REPRESENTATION_CONTEXT() REPRESENTATION_CONTEXT('2D SPACE',''
  ) );
#888 = ORIENTED_EDGE('',*,*,#889,.T.);
#889 = EDGE_CURVE('',#857,#890,#892,.T.);
#890 = VERTEX_POINT('',#891);
#891 = CARTESIAN_POINT('',(-82.01658938683,-26.55125355518,17.));
#892 = SURFACE_CURVE('',#893,(#897,#903),.PCURVE_S1.);
#893 = LINE('',#894,#895);
#894 = CARTESIAN_POINT('',(-20.83460503268,-6.744792548441,17.));
#895 = VECTOR('',#896,1.);
#896 = DIRECTION('',(-0.951388533158,-0.307993277485,0.));
#897 = PCURVE('',#217,#898);
#898 = DEFINITIONAL_REPRESENTATION('',(#899),#902);
#899 = B_SPLINE_CURVE_WITH_KNOTS('',1,(#900,#901),.UNSPECIFIED.,.F.,.F.,
  (2,2),(27.338635280801,64.308095191218),.PIECEWISE_BEZIER_KNOTS.);
#900 = CARTESIAN_POINT('',(-95.07232139399,-3.883247345));
#901 = CARTESIAN_POINT('',(-130.2446416298,-15.26959246964));
#902 = ( GEOMETRIC_REPRESENTATION_CONTEXT(2) 
PARAMETRIC_REPRESENTATION_CONTEXT() REPRESENTATION_CONTEXT('2D SPACE',''
  ) );
#903 = PCURVE('',#904,#909);
#904 = PLANE('',#905);
#905 = AXIS2_PLACEMENT_3D('',#906,#907,#908);
#906 = CARTESIAN_POINT('',(-82.01658938683,-26.55125355518,9.5));
#907 = DIRECTION('',(-0.307993277485,0.951388533158,0.));
#908 = DIRECTION('',(0.951388533158,0.307993277485,0.));
#909 = DEFINITIONAL_REPRESENTATION('',(#910),#913);
#910 = B_SPLINE_CURVE_WITH_KNOTS('',1,(#911,#912),.UNSPECIFIED.,.F.,.F.,
  (2,2),(27.338635280801,64.308095191218),.PIECEWISE_BEZIER_KNOTS.);
#911 = CARTESIAN_POINT('',(36.969459910418,-7.5));
#912 = CARTESIAN_POINT('',(0.,-7.5));
#913 = ( GEOMETRIC_REPRESENTATION_CONTEXT(2) 
PARAMETRIC_REPRESENTATION_CONTEXT() REPRESENTATION_CONTEXT('2D SPACE',''
  ) );
#914 = ORIENTED_EDGE('',*,*,#915,.T.);
#915 = EDGE_CURVE('',#890,#697,#916,.T.);
#916 = SURFACE_CURVE('',#917,(#922,#933),.PCURVE_S1.);
#917 = CIRCLE('',#918,4.);
#918 = AXIS2_PLACEMENT_3D('',#919,#920,#921);
#919 = CARTESIAN_POINT('',(-83.24856249677,-22.74569942254,17.));
#920 = DIRECTION('',(-0.,0.,-1.));
#921 = DIRECTION('',(-0.964641512129,-0.263565462602,0.));
#922 = PCURVE('',#217,#923);
#923 = DEFINITIONAL_REPRESENTATION('',(#924),#932);
#924 = ( BOUNDED_CURVE() B_SPLINE_CURVE(2,(#925,#926,#927,#928,#929,#930
,#931),.UNSPECIFIED.,.T.,.F.) B_SPLINE_CURVE_WITH_KNOTS((1,2,2,2,2,1),(
    -2.094395102393,0.,2.094395102393,4.188790204786,6.28318530718,
8.377580409573),.UNSPECIFIED.) CURVE() GEOMETRIC_REPRESENTATION_ITEM() 
RATIONAL_B_SPLINE_CURVE((1.,0.5,1.,0.5,1.,0.5,1.)) REPRESENTATION_ITEM(
  '') );
#925 = CARTESIAN_POINT('',(-135.3351807882,-12.51830018742));
#926 = CARTESIAN_POINT('',(-137.1612158776,-5.835067747031));
#927 = CARTESIAN_POINT('',(-130.4603492601,-7.595291191616));
#928 = CARTESIAN_POINT('',(-123.7594826427,-9.355514636201));
#929 = CARTESIAN_POINT('',(-128.6343141707,-14.278523632));
#930 = CARTESIAN_POINT('',(-133.5091456988,-19.20153262781));
#931 = CARTESIAN_POINT('',(-135.3351807882,-12.51830018742));
#932 = ( GEOMETRIC_REPRESENTATION_CONTEXT(2) 
PARAMETRIC_REPRESENTATION_CONTEXT() REPRESENTATION_CONTEXT('2D SPACE',''
  ) );
#933 = PCURVE('',#934,#939);
#934 = CYLINDRICAL_SURFACE('',#935,4.);
#935 = AXIS2_PLACEMENT_3D('',#936,#937,#938);
#936 = CARTESIAN_POINT('',(-83.24856249677,-22.74569942254,9.5));
#937 = DIRECTION('',(-0.,-0.,-1.));
#938 = DIRECTION('',(-0.964641512129,-0.263565462602,0.));
#939 = DEFINITIONAL_REPRESENTATION('',(#940),#944);
#940 = LINE('',#941,#942);
#941 = CARTESIAN_POINT('',(-6.28318530718,-7.5));
#942 = VECTOR('',#943,1.);
#943 = DIRECTION('',(1.,-0.));
#944 = ( GEOMETRIC_REPRESENTATION_CONTEXT(2) 
PARAMETRIC_REPRESENTATION_CONTEXT() REPRESENTATION_CONTEXT('2D SPACE',''
  ) );
#945 = FACE_BOUND('',#946,.T.);
#946 = EDGE_LOOP('',(#947));
#947 = ORIENTED_EDGE('',*,*,#948,.F.);
#948 = EDGE_CURVE('',#949,#949,#951,.T.);
#949 = VERTEX_POINT('',#950);
#950 = CARTESIAN_POINT('',(-30.54476119956,13.814431528772,17.));
#951 = SURFACE_CURVE('',#952,(#957,#964),.PCURVE_S1.);
#952 = CIRCLE('',#953,2.);
#953 = AXIS2_PLACEMENT_3D('',#954,#955,#956);
#954 = CARTESIAN_POINT('',(-32.54476119956,13.814431528772,17.));
#955 = DIRECTION('',(0.,0.,1.));
#956 = DIRECTION('',(1.,0.,-0.));
#957 = PCURVE('',#217,#958);
#958 = DEFINITIONAL_REPRESENTATION('',(#959),#963);
#959 = CIRCLE('',#960,2.);
#960 = AXIS2_PLACEMENT_2D('',#961,#962);
#961 = CARTESIAN_POINT('',(-80.77281344254,25.096092614304));
#962 = DIRECTION('',(1.,0.));
#963 = ( GEOMETRIC_REPRESENTATION_CONTEXT(2) 
PARAMETRIC_REPRESENTATION_CONTEXT() REPRESENTATION_CONTEXT('2D SPACE',''
  ) );
#964 = PCURVE('',#965,#970);
#965 = CYLINDRICAL_SURFACE('',#966,2.);
#966 = AXIS2_PLACEMENT_3D('',#967,#968,#969);
#967 = CARTESIAN_POINT('',(-32.54476119956,13.814431528772,-1.));
#968 = DIRECTION('',(0.,0.,1.));
#969 = DIRECTION('',(1.,0.,-0.));
#970 = DEFINITIONAL_REPRESENTATION('',(#971),#975);
#971 = LINE('',#972,#973);
#972 = CARTESIAN_POINT('',(0.,18.));
#973 = VECTOR('',#974,1.);
#974 = DIRECTION('',(1.,0.));
#975 = ( GEOMETRIC_REPRESENTATION_CONTEXT(2) 
PARAMETRIC_REPRESENTATION_CONTEXT() REPRESENTATION_CONTEXT('2D SPACE',''
  ) );
#976 = FACE_BOUND('',#977,.T.);
#977 = EDGE_LOOP('',(#978));
#978 = ORIENTED_EDGE('',*,*,#979,.F.);
#979 = EDGE_CURVE('',#980,#980,#982,.T.);
#980 = VERTEX_POINT('',#981);
#981 = CARTESIAN_POINT('',(-11.54382102453,47.407548960226,17.));
#982 = SURFACE_CURVE('',#983,(#988,#995),.PCURVE_S1.);
#983 = CIRCLE('',#984,2.8);
#984 = AXIS2_PLACEMENT_3D('',#985,#986,#987);
#985 = CARTESIAN_POINT('',(-14.34382102453,47.407548960226,17.));
#986 = DIRECTION('',(0.,0.,1.));
#987 = DIRECTION('',(1.,0.,-0.));
#988 = PCURVE('',#217,#989);
#989 = DEFINITIONAL_REPRESENTATION('',(#990),#994);
#990 = CIRCLE('',#991,2.8);
#991 = AXIS2_PLACEMENT_2D('',#992,#993);
#992 = CARTESIAN_POINT('',(-62.5718732675,58.689210045758));
#993 = DIRECTION('',(1.,0.));
#994 = ( GEOMETRIC_REPRESENTATION_CONTEXT(2) 
PARAMETRIC_REPRESENTATION_CONTEXT() REPRESENTATION_CONTEXT('2D SPACE',''
  ) );
#995 = PCURVE('',#996,#1001);
#996 = CYLINDRICAL_SURFACE('',#997,2.8);
#997 = AXIS2_PLACEMENT_3D('',#998,#999,#1000);
#998 = CARTESIAN_POINT('',(-14.34382102453,47.407548960226,-1.));
#999 = DIRECTION('',(0.,0.,1.));
#1000 = DIRECTION('',(1.,0.,-0.));
#1001 = DEFINITIONAL_REPRESENTATION('',(#1002),#1006);
#1002 = LINE('',#1003,#1004);
#1003 = CARTESIAN_POINT('',(0.,18.));
#1004 = VECTOR('',#1005,1.);
#1005 = DIRECTION('',(1.,0.));
#1006 = ( GEOMETRIC_REPRESENTATION_CONTEXT(2) 
PARAMETRIC_REPRESENTATION_CONTEXT() REPRESENTATION_CONTEXT('2D SPACE',''
  ) );
#1007 = FACE_BOUND('',#1008,.T.);
#1008 = EDGE_LOOP('',(#1009));
#1009 = ORIENTED_EDGE('',*,*,#1010,.F.);
#1010 = EDGE_CURVE('',#1011,#1011,#1013,.T.);
#1011 = VERTEX_POINT('',#1012);
#1012 = CARTESIAN_POINT('',(28.5,-6.98048675514E-15,17.));
#1013 = SURFACE_CURVE('',#1014,(#1019,#1026),.PCURVE_S1.);
#1014 = CIRCLE('',#1015,28.5);
#1015 = AXIS2_PLACEMENT_3D('',#1016,#1017,#1018);
#1016 = CARTESIAN_POINT('',(0.,0.,17.));
#1017 = DIRECTION('',(0.,0.,1.));
#1018 = DIRECTION('',(1.,0.,-0.));
#1019 = PCURVE('',#217,#1020);
#1020 = DEFINITIONAL_REPRESENTATION('',(#1021),#1025);
#1021 = CIRCLE('',#1022,28.5);
#1022 = AXIS2_PLACEMENT_2D('',#1023,#1024);
#1023 = CARTESIAN_POINT('',(-48.22805224297,11.281661085532));
#1024 = DIRECTION('',(1.,0.));
#1025 = ( GEOMETRIC_REPRESENTATION_CONTEXT(2) 
PARAMETRIC_REPRESENTATION_CONTEXT() REPRESENTATION_CONTEXT('2D SPACE',''
  ) );
#1026 = PCURVE('',#1027,#1032);
#1027 = CYLINDRICAL_SURFACE('',#1028,28.5);
#1028 = AXIS2_PLACEMENT_3D('',#1029,#1030,#1031);
#1029 = CARTESIAN_POINT('',(0.,0.,-1.));
#1030 = DIRECTION('',(0.,0.,1.));
#1031 = DIRECTION('',(1.,0.,-0.));
#1032 = DEFINITIONAL_REPRESENTATION('',(#1033),#1037);
#1033 = LINE('',#1034,#1035);
#1034 = CARTESIAN_POINT('',(0.,18.));
#1035 = VECTOR('',#1036,1.);
#1036 = DIRECTION('',(1.,0.));
#1037 = ( GEOMETRIC_REPRESENTATION_CONTEXT(2) 
PARAMETRIC_REPRESENTATION_CONTEXT() REPRESENTATION_CONTEXT('2D SPACE',''
  ) );
#1038 = FACE_BOUND('',#1039,.T.);
#1039 = EDGE_LOOP('',(#1040));
#1040 = ORIENTED_EDGE('',*,*,#1041,.F.);
#1041 = EDGE_CURVE('',#1042,#1042,#1044,.T.);
#1042 = VERTEX_POINT('',#1043);
#1043 = CARTESIAN_POINT('',(15.814431528772,32.544761199567,17.));
#1044 = SURFACE_CURVE('',#1045,(#1050,#1057),.PCURVE_S1.);
#1045 = CIRCLE('',#1046,2.);
#1046 = AXIS2_PLACEMENT_3D('',#1047,#1048,#1049);
#1047 = CARTESIAN_POINT('',(13.814431528772,32.544761199567,17.));
#1048 = DIRECTION('',(0.,0.,1.));
#1049 = DIRECTION('',(1.,0.,-0.));
#1050 = PCURVE('',#217,#1051);
#1051 = DEFINITIONAL_REPRESENTATION('',(#1052),#1056);
#1052 = CIRCLE('',#1053,2.);
#1053 = AXIS2_PLACEMENT_2D('',#1054,#1055);
#1054 = CARTESIAN_POINT('',(-34.4136207142,43.8264222851));
#1055 = DIRECTION('',(1.,0.));
#1056 = ( GEOMETRIC_REPRESENTATION_CONTEXT(2) 
PARAMETRIC_REPRESENTATION_CONTEXT() REPRESENTATION_CONTEXT('2D SPACE',''
  ) );
#1057 = PCURVE('',#1058,#1063);
#1058 = CYLINDRICAL_SURFACE('',#1059,2.);
#1059 = AXIS2_PLACEMENT_3D('',#1060,#1061,#1062);
#1060 = CARTESIAN_POINT('',(13.814431528772,32.544761199567,-1.));
#1061 = DIRECTION('',(0.,0.,1.));
#1062 = DIRECTION('',(1.,0.,-0.));
#1063 = DEFINITIONAL_REPRESENTATION('',(#1064),#1068);
#1064 = LINE('',#1065,#1066);
#1065 = CARTESIAN_POINT('',(0.,18.));
#1066 = VECTOR('',#1067,1.);
#1067 = DIRECTION('',(1.,0.));
#1068 = ( GEOMETRIC_REPRESENTATION_CONTEXT(2) 
PARAMETRIC_REPRESENTATION_CONTEXT() REPRESENTATION_CONTEXT('2D SPACE',''
  ) );
#1069 = FACE_BOUND('',#1070,.T.);
#1070 = EDGE_LOOP('',(#1071));
#1071 = ORIENTED_EDGE('',*,*,#1072,.F.);
#1072 = EDGE_CURVE('',#1073,#1073,#1075,.T.);
#1073 = VERTEX_POINT('',#1074);
#1074 = CARTESIAN_POINT('',(2.7,49.53,17.));
#1075 = SURFACE_CURVE('',#1076,(#1081,#1088),.PCURVE_S1.);
#1076 = CIRCLE('',#1077,2.7);
#1077 = AXIS2_PLACEMENT_3D('',#1078,#1079,#1080);
#1078 = CARTESIAN_POINT('',(3.032837798088E-15,49.53,17.));
#1079 = DIRECTION('',(0.,0.,1.));
#1080 = DIRECTION('',(1.,0.,-0.));
#1081 = PCURVE('',#217,#1082);
#1082 = DEFINITIONAL_REPRESENTATION('',(#1083),#1087);
#1083 = CIRCLE('',#1084,2.7);
#1084 = AXIS2_PLACEMENT_2D('',#1085,#1086);
#1085 = CARTESIAN_POINT('',(-48.22805224297,60.811661085532));
#1086 = DIRECTION('',(1.,0.));
#1087 = ( GEOMETRIC_REPRESENTATION_CONTEXT(2) 
PARAMETRIC_REPRESENTATION_CONTEXT() REPRESENTATION_CONTEXT('2D SPACE',''
  ) );
#1088 = PCURVE('',#1089,#1094);
#1089 = CYLINDRICAL_SURFACE('',#1090,2.7);
#1090 = AXIS2_PLACEMENT_3D('',#1091,#1092,#1093);
#1091 = CARTESIAN_POINT('',(3.032837798088E-15,49.53,-1.));
#1092 = DIRECTION('',(0.,0.,1.));
#1093 = DIRECTION('',(1.,0.,-0.));
#1094 = DEFINITIONAL_REPRESENTATION('',(#1095),#1099);
#1095 = LINE('',#1096,#1097);
#1096 = CARTESIAN_POINT('',(0.,18.));
#1097 = VECTOR('',#1098,1.);
#1098 = DIRECTION('',(1.,0.));
#1099 = ( GEOMETRIC_REPRESENTATION_CONTEXT(2) 
PARAMETRIC_REPRESENTATION_CONTEXT() REPRESENTATION_CONTEXT('2D SPACE',''
  ) );
#1100 = FACE_BOUND('',#1101,.T.);
#1101 = EDGE_LOOP('',(#1102,#1137,#1170,#1196,#1229,#1262,#1295,#1321));
#1102 = ORIENTED_EDGE('',*,*,#1103,.T.);
#1103 = EDGE_CURVE('',#1104,#1106,#1108,.T.);
#1104 = VERTEX_POINT('',#1105);
#1105 = CARTESIAN_POINT('',(22.942193201179,87.336966807417,17.));
#1106 = VERTEX_POINT('',#1107);
#1107 = CARTESIAN_POINT('',(90.168321438669,4.874813733149,17.));
#1108 = SURFACE_CURVE('',#1109,(#1114,#1125),.PCURVE_S1.);
#1109 = CIRCLE('',#1110,90.3);
#1110 = AXIS2_PLACEMENT_3D('',#1111,#1112,#1113);
#1111 = CARTESIAN_POINT('',(-1.184982426576E-14,-4.929994259759E-16,17.)
  );
#1112 = DIRECTION('',(0.,0.,-1.));
#1113 = DIRECTION('',(0.999970782096,7.64427597253E-03,0.));
#1114 = PCURVE('',#217,#1115);
#1115 = DEFINITIONAL_REPRESENTATION('',(#1116),#1124);
#1116 = ( BOUNDED_CURVE() B_SPLINE_CURVE(2,(#1117,#1118,#1119,#1120,
#1121,#1122,#1123),.UNSPECIFIED.,.T.,.F.) B_SPLINE_CURVE_WITH_KNOTS((1,2
    ,2,2,2,1),(-2.094395102393,0.,2.094395102393,4.188790204786,
6.28318530718,8.377580409573),.UNSPECIFIED.) CURVE() 
GEOMETRIC_REPRESENTATION_ITEM() RATIONAL_B_SPLINE_CURVE((1.,0.5,1.,0.5,
1.,0.5,1.)) REPRESENTATION_ITEM('') );
#1117 = CARTESIAN_POINT('',(42.069309380256,11.971939205852));
#1118 = CARTESIAN_POINT('',(43.264906156002,-144.427678915));
#1119 = CARTESIAN_POINT('',(-92.77893466671,-67.26328703505));
#1120 = CARTESIAN_POINT('',(-228.8227754894,9.901104844894));
#1121 = CARTESIAN_POINT('',(-93.97453144246,89.136331085801));
#1122 = CARTESIAN_POINT('',(40.873712604509,168.3715573267));
#1123 = CARTESIAN_POINT('',(42.069309380256,11.971939205852));
#1124 = ( GEOMETRIC_REPRESENTATION_CONTEXT(2) 
PARAMETRIC_REPRESENTATION_CONTEXT() REPRESENTATION_CONTEXT('2D SPACE',''
  ) );
#1125 = PCURVE('',#1126,#1131);
#1126 = CYLINDRICAL_SURFACE('',#1127,90.3);
#1127 = AXIS2_PLACEMENT_3D('',#1128,#1129,#1130);
#1128 = CARTESIAN_POINT('',(-1.184982426576E-14,-4.929994259759E-16,9.5)
  );
#1129 = DIRECTION('',(-0.,0.,-1.));
#1130 = DIRECTION('',(0.999970782096,7.64427597253E-03,0.));
#1131 = DEFINITIONAL_REPRESENTATION('',(#1132),#1136);
#1132 = LINE('',#1133,#1134);
#1133 = CARTESIAN_POINT('',(-6.28318530718,-7.5));
#1134 = VECTOR('',#1135,1.);
#1135 = DIRECTION('',(1.,-0.));
#1136 = ( GEOMETRIC_REPRESENTATION_CONTEXT(2) 
PARAMETRIC_REPRESENTATION_CONTEXT() REPRESENTATION_CONTEXT('2D SPACE',''
  ) );
#1137 = ORIENTED_EDGE('',*,*,#1138,.T.);
#1138 = EDGE_CURVE('',#1106,#1139,#1141,.T.);
#1139 = VERTEX_POINT('',#1140);
#1140 = CARTESIAN_POINT('',(86.204731479938,0.658992011936,17.));
#1141 = SURFACE_CURVE('',#1142,(#1147,#1158),.PCURVE_S1.);
#1142 = CIRCLE('',#1143,4.);
#1143 = AXIS2_PLACEMENT_3D('',#1144,#1145,#1146);
#1144 = CARTESIAN_POINT('',(86.174154376048,4.658875140318,17.));
#1145 = DIRECTION('',(-0.,0.,-1.));
#1146 = DIRECTION('',(7.644275972542E-03,-0.999970782096,-0.));
#1147 = PCURVE('',#217,#1148);
#1148 = DEFINITIONAL_REPRESENTATION('',(#1149),#1157);
#1149 = ( BOUNDED_CURVE() B_SPLINE_CURVE(2,(#1150,#1151,#1152,#1153,
#1154,#1155,#1156),.UNSPECIFIED.,.T.,.F.) B_SPLINE_CURVE_WITH_KNOTS((1,2
    ,2,2,2,1),(-2.094395102393,0.,2.094395102393,4.188790204786,
6.28318530718,8.377580409573),.UNSPECIFIED.) CURVE() 
GEOMETRIC_REPRESENTATION_ITEM() RATIONAL_B_SPLINE_CURVE((1.,0.5,1.,0.5,
1.,0.5,1.)) REPRESENTATION_ITEM('') );
#1150 = CARTESIAN_POINT('',(37.976679236962,11.940653097468));
#1151 = CARTESIAN_POINT('',(31.048678434266,11.887691999982));
#1152 = CARTESIAN_POINT('',(34.466813179779,17.913997241299));
#1153 = CARTESIAN_POINT('',(37.884947925292,23.940302482616));
#1154 = CARTESIAN_POINT('',(41.394813982475,17.966958338785));
#1155 = CARTESIAN_POINT('',(44.904680039658,11.993614194955));
#1156 = CARTESIAN_POINT('',(37.976679236962,11.940653097468));
#1157 = ( GEOMETRIC_REPRESENTATION_CONTEXT(2) 
PARAMETRIC_REPRESENTATION_CONTEXT() REPRESENTATION_CONTEXT('2D SPACE',''
  ) );
#1158 = PCURVE('',#1159,#1164);
#1159 = CYLINDRICAL_SURFACE('',#1160,4.);
#1160 = AXIS2_PLACEMENT_3D('',#1161,#1162,#1163);
#1161 = CARTESIAN_POINT('',(86.174154376048,4.658875140318,9.5));
#1162 = DIRECTION('',(-0.,0.,-1.));
#1163 = DIRECTION('',(7.644275972542E-03,-0.999970782096,-0.));
#1164 = DEFINITIONAL_REPRESENTATION('',(#1165),#1169);
#1165 = LINE('',#1166,#1167);
#1166 = CARTESIAN_POINT('',(-6.28318530718,-7.5));
#1167 = VECTOR('',#1168,1.);
#1168 = DIRECTION('',(1.,-0.));
#1169 = ( GEOMETRIC_REPRESENTATION_CONTEXT(2) 
PARAMETRIC_REPRESENTATION_CONTEXT() REPRESENTATION_CONTEXT('2D SPACE',''
  ) );
#1170 = ORIENTED_EDGE('',*,*,#1171,.T.);
#1171 = EDGE_CURVE('',#1139,#1172,#1174,.T.);
#1172 = VERTEX_POINT('',#1173);
#1173 = CARTESIAN_POINT('',(49.236351739666,0.376387257825,17.));
#1174 = SURFACE_CURVE('',#1175,(#1179,#1185),.PCURVE_S1.);
#1175 = LINE('',#1176,#1177);
#1176 = CARTESIAN_POINT('',(48.687674083781,0.372192891853,17.));
#1177 = VECTOR('',#1178,1.);
#1178 = DIRECTION('',(-0.999970782096,-7.64427597253E-03,0.));
#1179 = PCURVE('',#217,#1180);
#1180 = DEFINITIONAL_REPRESENTATION('',(#1181),#1184);
#1181 = B_SPLINE_CURVE_WITH_KNOTS('',1,(#1182,#1183),.UNSPECIFIED.,.F.,
  .F.,(2,2),(-37.51815359798,-0.548693687565),.PIECEWISE_BEZIER_KNOTS.);
#1182 = CARTESIAN_POINT('',(37.976679236962,11.940653097468));
#1183 = CARTESIAN_POINT('',(1.008299496691,11.658048343358));
#1184 = ( GEOMETRIC_REPRESENTATION_CONTEXT(2) 
PARAMETRIC_REPRESENTATION_CONTEXT() REPRESENTATION_CONTEXT('2D SPACE',''
  ) );
#1185 = PCURVE('',#1186,#1191);
#1186 = PLANE('',#1187);
#1187 = AXIS2_PLACEMENT_3D('',#1188,#1189,#1190);
#1188 = CARTESIAN_POINT('',(49.236351739666,0.376387257825,9.5));
#1189 = DIRECTION('',(-7.64427597253E-03,0.999970782096,0.));
#1190 = DIRECTION('',(0.999970782096,7.64427597253E-03,0.));
#1191 = DEFINITIONAL_REPRESENTATION('',(#1192),#1195);
#1192 = B_SPLINE_CURVE_WITH_KNOTS('',1,(#1193,#1194),.UNSPECIFIED.,.F.,
  .F.,(2,2),(-37.51815359798,-0.548693687565),.PIECEWISE_BEZIER_KNOTS.);
#1193 = CARTESIAN_POINT('',(36.969459910418,-7.5));
#1194 = CARTESIAN_POINT('',(-4.440892098501E-16,-7.5));
#1195 = ( GEOMETRIC_REPRESENTATION_CONTEXT(2) 
PARAMETRIC_REPRESENTATION_CONTEXT() REPRESENTATION_CONTEXT('2D SPACE',''
  ) );
#1196 = ORIENTED_EDGE('',*,*,#1197,.T.);
#1197 = EDGE_CURVE('',#1172,#1198,#1200,.T.);
#1198 = VERTEX_POINT('',#1199);
#1199 = CARTESIAN_POINT('',(45.221501385916,4.021916508782,17.));
#1200 = SURFACE_CURVE('',#1201,(#1206,#1217),.PCURVE_S1.);
#1201 = CIRCLE('',#1202,4.);
#1202 = AXIS2_PLACEMENT_3D('',#1203,#1204,#1205);
#1203 = CARTESIAN_POINT('',(49.205774635776,4.376270386208,17.));
#1204 = DIRECTION('',(-0.,0.,-1.));
#1205 = DIRECTION('',(-0.996068312465,-8.858846935643E-02,0.));
#1206 = PCURVE('',#217,#1207);
#1207 = DEFINITIONAL_REPRESENTATION('',(#1208),#1216);
#1208 = ( BOUNDED_CURVE() B_SPLINE_CURVE(2,(#1209,#1210,#1211,#1212,
#1213,#1214,#1215),.UNSPECIFIED.,.T.,.F.) B_SPLINE_CURVE_WITH_KNOTS((1,2
    ,2,2,2,1),(-2.094395102393,0.,2.094395102393,4.188790204786,
6.28318530718,8.377580409573),.UNSPECIFIED.) CURVE() 
GEOMETRIC_REPRESENTATION_ITEM() RATIONAL_B_SPLINE_CURVE((1.,0.5,1.,0.5,
1.,0.5,1.)) REPRESENTATION_ITEM('') );
#1209 = CARTESIAN_POINT('',(-3.00655085706,15.303577594314));
#1210 = CARTESIAN_POINT('',(-3.62030977662,22.20454129431));
#1211 = CARTESIAN_POINT('',(2.662979557951,19.285590260451));
#1212 = CARTESIAN_POINT('',(8.946268892521,16.366639226592));
#1213 = CARTESIAN_POINT('',(3.276738477511,12.384626560455));
#1214 = CARTESIAN_POINT('',(-2.392791937499,8.402613894319));
#1215 = CARTESIAN_POINT('',(-3.00655085706,15.303577594314));
#1216 = ( GEOMETRIC_REPRESENTATION_CONTEXT(2) 
PARAMETRIC_REPRESENTATION_CONTEXT() REPRESENTATION_CONTEXT('2D SPACE',''
  ) );
#1217 = PCURVE('',#1218,#1223);
#1218 = CYLINDRICAL_SURFACE('',#1219,4.);
#1219 = AXIS2_PLACEMENT_3D('',#1220,#1221,#1222);
#1220 = CARTESIAN_POINT('',(49.205774635776,4.376270386208,9.5));
#1221 = DIRECTION('',(-0.,-0.,-1.));
#1222 = DIRECTION('',(-0.996068312465,-8.858846935643E-02,0.));
#1223 = DEFINITIONAL_REPRESENTATION('',(#1224),#1228);
#1224 = LINE('',#1225,#1226);
#1225 = CARTESIAN_POINT('',(-6.28318530718,-7.5));
#1226 = VECTOR('',#1227,1.);
#1227 = DIRECTION('',(1.,-0.));
#1228 = ( GEOMETRIC_REPRESENTATION_CONTEXT(2) 
PARAMETRIC_REPRESENTATION_CONTEXT() REPRESENTATION_CONTEXT('2D SPACE',''
  ) );
#1229 = ORIENTED_EDGE('',*,*,#1230,.F.);
#1230 = EDGE_CURVE('',#1231,#1198,#1233,.T.);
#1231 = VERTEX_POINT('',#1232);
#1232 = CARTESIAN_POINT('',(13.050783014193,43.483756308723,17.));
#1233 = SURFACE_CURVE('',#1234,(#1239,#1250),.PCURVE_S1.);
#1234 = CIRCLE('',#1235,45.4);
#1235 = AXIS2_PLACEMENT_3D('',#1236,#1237,#1238);
#1236 = CARTESIAN_POINT('',(2.714919044007E-15,-2.370402696044E-15,17.)
  );
#1237 = DIRECTION('',(0.,0.,-1.));
#1238 = DIRECTION('',(0.208964264082,0.977923277326,0.));
#1239 = PCURVE('',#217,#1240);
#1240 = DEFINITIONAL_REPRESENTATION('',(#1241),#1249);
#1241 = ( BOUNDED_CURVE() B_SPLINE_CURVE(2,(#1242,#1243,#1244,#1245,
#1246,#1247,#1248),.UNSPECIFIED.,.T.,.F.) B_SPLINE_CURVE_WITH_KNOTS((1,2
    ,2,2,2,1),(-2.094395102393,0.,2.094395102393,4.188790204786,
6.28318530718,8.377580409573),.UNSPECIFIED.) CURVE() 
GEOMETRIC_REPRESENTATION_ITEM() RATIONAL_B_SPLINE_CURVE((1.,0.5,1.,0.5,
1.,0.5,1.)) REPRESENTATION_ITEM('') );
#1242 = CARTESIAN_POINT('',(-38.74107465363,55.679377876144));
#1243 = CARTESIAN_POINT('',(38.158026567757,39.24745068114));
#1244 = CARTESIAN_POINT('',(-14.52199042694,-19.13316090727));
#1245 = CARTESIAN_POINT('',(-67.20200742165,-77.51377249569));
#1246 = CARTESIAN_POINT('',(-91.42109164834,-2.701233712272));
#1247 = CARTESIAN_POINT('',(-115.640175875,72.111305071148));
#1248 = CARTESIAN_POINT('',(-38.74107465363,55.679377876144));
#1249 = ( GEOMETRIC_REPRESENTATION_CONTEXT(2) 
PARAMETRIC_REPRESENTATION_CONTEXT() REPRESENTATION_CONTEXT('2D SPACE',''
  ) );
#1250 = PCURVE('',#1251,#1256);
#1251 = CYLINDRICAL_SURFACE('',#1252,45.4);
#1252 = AXIS2_PLACEMENT_3D('',#1253,#1254,#1255);
#1253 = CARTESIAN_POINT('',(2.714919044007E-15,-2.370402696044E-15,9.5)
  );
#1254 = DIRECTION('',(0.,0.,-1.));
#1255 = DIRECTION('',(0.208964264082,0.977923277326,0.));
#1256 = DEFINITIONAL_REPRESENTATION('',(#1257),#1261);
#1257 = LINE('',#1258,#1259);
#1258 = CARTESIAN_POINT('',(0.,-7.5));
#1259 = VECTOR('',#1260,1.);
#1260 = DIRECTION('',(1.,0.));
#1261 = ( GEOMETRIC_REPRESENTATION_CONTEXT(2) 
PARAMETRIC_REPRESENTATION_CONTEXT() REPRESENTATION_CONTEXT('2D SPACE',''
  ) );
#1262 = ORIENTED_EDGE('',*,*,#1263,.T.);
#1263 = EDGE_CURVE('',#1231,#1264,#1266,.T.);
#1264 = VERTEX_POINT('',#1265);
#1265 = CARTESIAN_POINT('',(10.288938628606,48.150781321769,17.));
#1266 = SURFACE_CURVE('',#1267,(#1272,#1283),.PCURVE_S1.);
#1267 = CIRCLE('',#1268,4.);
#1268 = AXIS2_PLACEMENT_3D('',#1269,#1270,#1271);
#1269 = CARTESIAN_POINT('',(14.200631737911,47.314924265439,17.));
#1270 = DIRECTION('',(-0.,0.,-1.));
#1271 = DIRECTION('',(-0.977923277326,0.208964264082,0.));
#1272 = PCURVE('',#217,#1273);
#1273 = DEFINITIONAL_REPRESENTATION('',(#1274),#1282);
#1274 = ( BOUNDED_CURVE() B_SPLINE_CURVE(2,(#1275,#1276,#1277,#1278,
#1279,#1280,#1281),.UNSPECIFIED.,.T.,.F.) B_SPLINE_CURVE_WITH_KNOTS((1,2
    ,2,2,2,1),(-2.094395102393,0.,2.094395102393,4.188790204786,
6.28318530718,8.377580409573),.UNSPECIFIED.) CURVE() 
GEOMETRIC_REPRESENTATION_ITEM() RATIONAL_B_SPLINE_CURVE((1.,0.5,1.,0.5,
1.,0.5,1.)) REPRESENTATION_ITEM('') );
#1275 = CARTESIAN_POINT('',(-37.93911361437,59.432442407301));
#1276 = CARTESIAN_POINT('',(-36.49136672494,66.207693616234));
#1277 = CARTESIAN_POINT('',(-31.34770050569,61.566282427273));
#1278 = CARTESIAN_POINT('',(-26.20403428645,56.924871238313));
#1279 = CARTESIAN_POINT('',(-32.79544739512,54.79103121834));
#1280 = CARTESIAN_POINT('',(-39.38686050379,52.657191198368));
#1281 = CARTESIAN_POINT('',(-37.93911361437,59.432442407301));
#1282 = ( GEOMETRIC_REPRESENTATION_CONTEXT(2) 
PARAMETRIC_REPRESENTATION_CONTEXT() REPRESENTATION_CONTEXT('2D SPACE',''
  ) );
#1283 = PCURVE('',#1284,#1289);
#1284 = CYLINDRICAL_SURFACE('',#1285,4.);
#1285 = AXIS2_PLACEMENT_3D('',#1286,#1287,#1288);
#1286 = CARTESIAN_POINT('',(14.200631737911,47.314924265439,9.5));
#1287 = DIRECTION('',(-0.,-0.,-1.));
#1288 = DIRECTION('',(-0.977923277326,0.208964264082,0.));
#1289 = DEFINITIONAL_REPRESENTATION('',(#1290),#1294);
#1290 = LINE('',#1291,#1292);
#1291 = CARTESIAN_POINT('',(-6.28318530718,-7.5));
#1292 = VECTOR('',#1293,1.);
#1293 = DIRECTION('',(1.,-0.));
#1294 = ( GEOMETRIC_REPRESENTATION_CONTEXT(2) 
PARAMETRIC_REPRESENTATION_CONTEXT() REPRESENTATION_CONTEXT('2D SPACE',''
  ) );
#1295 = ORIENTED_EDGE('',*,*,#1296,.T.);
#1296 = EDGE_CURVE('',#1264,#1297,#1299,.T.);
#1297 = VERTEX_POINT('',#1298);
#1298 = CARTESIAN_POINT('',(18.014234612309,84.304076718346,17.));
#1299 = SURFACE_CURVE('',#1300,(#1304,#1310),.PCURVE_S1.);
#1300 = LINE('',#1301,#1302);
#1301 = CARTESIAN_POINT('',(8.907372442317,41.685246467416,17.));
#1302 = VECTOR('',#1303,1.);
#1303 = DIRECTION('',(0.208964264082,0.977923277326,-0.));
#1304 = PCURVE('',#217,#1305);
#1305 = DEFINITIONAL_REPRESENTATION('',(#1306),#1309);
#1306 = B_SPLINE_CURVE_WITH_KNOTS('',1,(#1307,#1308),.UNSPECIFIED.,.F.,
  .F.,(2,2),(6.611494995835,43.580954906252),.PIECEWISE_BEZIER_KNOTS.);
#1307 = CARTESIAN_POINT('',(-37.93911361437,59.432442407301));
#1308 = CARTESIAN_POINT('',(-30.21381763066,95.585737803878));
#1309 = ( GEOMETRIC_REPRESENTATION_CONTEXT(2) 
PARAMETRIC_REPRESENTATION_CONTEXT() REPRESENTATION_CONTEXT('2D SPACE',''
  ) );
#1310 = PCURVE('',#1311,#1316);
#1311 = PLANE('',#1312);
#1312 = AXIS2_PLACEMENT_3D('',#1313,#1314,#1315);
#1313 = CARTESIAN_POINT('',(18.014234612309,84.304076718346,9.5));
#1314 = DIRECTION('',(0.977923277326,-0.208964264082,0.));
#1315 = DIRECTION('',(-0.208964264082,-0.977923277326,0.));
#1316 = DEFINITIONAL_REPRESENTATION('',(#1317),#1320);
#1317 = B_SPLINE_CURVE_WITH_KNOTS('',1,(#1318,#1319),.UNSPECIFIED.,.F.,
  .F.,(2,2),(6.611494995835,43.580954906252),.PIECEWISE_BEZIER_KNOTS.);
#1318 = CARTESIAN_POINT('',(36.969459910418,-7.5));
#1319 = CARTESIAN_POINT('',(0.,-7.5));
#1320 = ( GEOMETRIC_REPRESENTATION_CONTEXT(2) 
PARAMETRIC_REPRESENTATION_CONTEXT() REPRESENTATION_CONTEXT('2D SPACE',''
  ) );
#1321 = ORIENTED_EDGE('',*,*,#1322,.T.);
#1322 = EDGE_CURVE('',#1297,#1104,#1323,.T.);
#1323 = SURFACE_CURVE('',#1324,(#1329,#1340),.PCURVE_S1.);
#1324 = CIRCLE('',#1325,4.);
#1325 = AXIS2_PLACEMENT_3D('',#1326,#1327,#1328);
#1326 = CARTESIAN_POINT('',(21.925927721614,83.468219662016,17.));
#1327 = DIRECTION('',(0.,0.,-1.));
#1328 = DIRECTION('',(0.254066369891,0.96718678635,0.));
#1329 = PCURVE('',#217,#1330);
#1330 = DEFINITIONAL_REPRESENTATION('',(#1331),#1339);
#1331 = ( BOUNDED_CURVE() B_SPLINE_CURVE(2,(#1332,#1333,#1334,#1335,
#1336,#1337,#1338),.UNSPECIFIED.,.T.,.F.) B_SPLINE_CURVE_WITH_KNOTS((1,2
    ,2,2,2,1),(-2.094395102393,0.,2.094395102393,4.188790204786,
6.28318530718,8.377580409573),.UNSPECIFIED.) CURVE() 
GEOMETRIC_REPRESENTATION_ITEM() RATIONAL_B_SPLINE_CURVE((1.,0.5,1.,0.5,
1.,0.5,1.)) REPRESENTATION_ITEM('') );
#1332 = CARTESIAN_POINT('',(-25.28585904179,98.618627892949));
#1333 = CARTESIAN_POINT('',(-18.58499242432,96.858404448364));
#1334 = CARTESIAN_POINT('',(-23.4598239524,91.935395452556));
#1335 = CARTESIAN_POINT('',(-28.33465548049,87.012386456747));
#1336 = CARTESIAN_POINT('',(-30.16069056988,93.695618897141));
#1337 = CARTESIAN_POINT('',(-31.98672565926,100.37885133753));
#1338 = CARTESIAN_POINT('',(-25.28585904179,98.618627892949));
#1339 = ( GEOMETRIC_REPRESENTATION_CONTEXT(2) 
PARAMETRIC_REPRESENTATION_CONTEXT() REPRESENTATION_CONTEXT('2D SPACE',''
  ) );
#1340 = PCURVE('',#1341,#1346);
#1341 = CYLINDRICAL_SURFACE('',#1342,4.);
#1342 = AXIS2_PLACEMENT_3D('',#1343,#1344,#1345);
#1343 = CARTESIAN_POINT('',(21.925927721614,83.468219662016,9.5));
#1344 = DIRECTION('',(-0.,0.,-1.));
#1345 = DIRECTION('',(0.254066369891,0.96718678635,0.));
#1346 = DEFINITIONAL_REPRESENTATION('',(#1347),#1351);
#1347 = LINE('',#1348,#1349);
#1348 = CARTESIAN_POINT('',(-6.28318530718,-7.5));
#1349 = VECTOR('',#1350,1.);
#1350 = DIRECTION('',(1.,-0.));
#1351 = ( GEOMETRIC_REPRESENTATION_CONTEXT(2) 
PARAMETRIC_REPRESENTATION_CONTEXT() REPRESENTATION_CONTEXT('2D SPACE',''
  ) );
#1352 = ADVANCED_FACE('',(#1353),#1159,.F.);
#1353 = FACE_BOUND('',#1354,.T.);
#1354 = EDGE_LOOP('',(#1355,#1385,#1406,#1407));
#1355 = ORIENTED_EDGE('',*,*,#1356,.T.);
#1356 = EDGE_CURVE('',#1357,#1359,#1361,.T.);
#1357 = VERTEX_POINT('',#1358);
#1358 = CARTESIAN_POINT('',(90.168321438669,4.874813733149,10.5));
#1359 = VERTEX_POINT('',#1360);
#1360 = CARTESIAN_POINT('',(86.204731479938,0.658992011936,10.5));
#1361 = SURFACE_CURVE('',#1362,(#1367,#1374),.PCURVE_S1.);
#1362 = CIRCLE('',#1363,4.);
#1363 = AXIS2_PLACEMENT_3D('',#1364,#1365,#1366);
#1364 = CARTESIAN_POINT('',(86.174154376048,4.658875140318,10.5));
#1365 = DIRECTION('',(-0.,0.,-1.));
#1366 = DIRECTION('',(7.644275972542E-03,-0.999970782096,-0.));
#1367 = PCURVE('',#1159,#1368);
#1368 = DEFINITIONAL_REPRESENTATION('',(#1369),#1373);
#1369 = LINE('',#1370,#1371);
#1370 = CARTESIAN_POINT('',(-6.28318530718,-1.));
#1371 = VECTOR('',#1372,1.);
#1372 = DIRECTION('',(1.,-0.));
#1373 = ( GEOMETRIC_REPRESENTATION_CONTEXT(2) 
PARAMETRIC_REPRESENTATION_CONTEXT() REPRESENTATION_CONTEXT('2D SPACE',''
  ) );
#1374 = PCURVE('',#43,#1375);
#1375 = DEFINITIONAL_REPRESENTATION('',(#1376),#1384);
#1376 = ( BOUNDED_CURVE() B_SPLINE_CURVE(2,(#1377,#1378,#1379,#1380,
#1381,#1382,#1383),.UNSPECIFIED.,.T.,.F.) B_SPLINE_CURVE_WITH_KNOTS((1,2
    ,2,2,2,1),(-2.094395102393,0.,2.094395102393,4.188790204786,
6.28318530718,8.377580409573),.UNSPECIFIED.) CURVE() 
GEOMETRIC_REPRESENTATION_ITEM() RATIONAL_B_SPLINE_CURVE((1.,0.5,1.,0.5,
1.,0.5,1.)) REPRESENTATION_ITEM('') );
#1377 = CARTESIAN_POINT('',(86.204731479938,0.658992011936));
#1378 = CARTESIAN_POINT('',(79.276730677242,0.60603091445));
#1379 = CARTESIAN_POINT('',(82.694865422755,6.632336155767));
#1380 = CARTESIAN_POINT('',(86.113000168267,12.658641397083));
#1381 = CARTESIAN_POINT('',(89.622866225451,6.685297253253));
#1382 = CARTESIAN_POINT('',(93.132732282634,0.711953109422));
#1383 = CARTESIAN_POINT('',(86.204731479938,0.658992011936));
#1384 = ( GEOMETRIC_REPRESENTATION_CONTEXT(2) 
PARAMETRIC_REPRESENTATION_CONTEXT() REPRESENTATION_CONTEXT('2D SPACE',''
  ) );
#1385 = ORIENTED_EDGE('',*,*,#1386,.T.);
#1386 = EDGE_CURVE('',#1359,#1139,#1387,.T.);
#1387 = SURFACE_CURVE('',#1388,(#1392,#1399),.PCURVE_S1.);
#1388 = LINE('',#1389,#1390);
#1389 = CARTESIAN_POINT('',(86.204731479938,0.658992011936,9.5));
#1390 = VECTOR('',#1391,1.);
#1391 = DIRECTION('',(0.,0.,1.));
#1392 = PCURVE('',#1159,#1393);
#1393 = DEFINITIONAL_REPRESENTATION('',(#1394),#1398);
#1394 = LINE('',#1395,#1396);
#1395 = CARTESIAN_POINT('',(-0.,0.));
#1396 = VECTOR('',#1397,1.);
#1397 = DIRECTION('',(-0.,-1.));
#1398 = ( GEOMETRIC_REPRESENTATION_CONTEXT(2) 
PARAMETRIC_REPRESENTATION_CONTEXT() REPRESENTATION_CONTEXT('2D SPACE',''
  ) );
#1399 = PCURVE('',#1186,#1400);
#1400 = DEFINITIONAL_REPRESENTATION('',(#1401),#1405);
#1401 = LINE('',#1402,#1403);
#1402 = CARTESIAN_POINT('',(36.969459910418,0.));
#1403 = VECTOR('',#1404,1.);
#1404 = DIRECTION('',(0.,-1.));
#1405 = ( GEOMETRIC_REPRESENTATION_CONTEXT(2) 
PARAMETRIC_REPRESENTATION_CONTEXT() REPRESENTATION_CONTEXT('2D SPACE',''
  ) );
#1406 = ORIENTED_EDGE('',*,*,#1138,.F.);
#1407 = ORIENTED_EDGE('',*,*,#1408,.F.);
#1408 = EDGE_CURVE('',#1357,#1106,#1409,.T.);
#1409 = SURFACE_CURVE('',#1410,(#1414,#1421),.PCURVE_S1.);
#1410 = LINE('',#1411,#1412);
#1411 = CARTESIAN_POINT('',(90.168321438669,4.874813733149,9.5));
#1412 = VECTOR('',#1413,1.);
#1413 = DIRECTION('',(0.,0.,1.));
#1414 = PCURVE('',#1159,#1415);
#1415 = DEFINITIONAL_REPRESENTATION('',(#1416),#1420);
#1416 = LINE('',#1417,#1418);
#1417 = CARTESIAN_POINT('',(-1.617162880651,0.));
#1418 = VECTOR('',#1419,1.);
#1419 = DIRECTION('',(-0.,-1.));
#1420 = ( GEOMETRIC_REPRESENTATION_CONTEXT(2) 
PARAMETRIC_REPRESENTATION_CONTEXT() REPRESENTATION_CONTEXT('2D SPACE',''
  ) );
#1421 = PCURVE('',#1126,#1422);
#1422 = DEFINITIONAL_REPRESENTATION('',(#1423),#1427);
#1423 = LINE('',#1424,#1425);
#1424 = CARTESIAN_POINT('',(-4.6366553856E-02,0.));
#1425 = VECTOR('',#1426,1.);
#1426 = DIRECTION('',(-0.,-1.));
#1427 = ( GEOMETRIC_REPRESENTATION_CONTEXT(2) 
PARAMETRIC_REPRESENTATION_CONTEXT() REPRESENTATION_CONTEXT('2D SPACE',''
  ) );
#1428 = ADVANCED_FACE('',(#1429),#1186,.T.);
#1429 = FACE_BOUND('',#1430,.T.);
#1430 = EDGE_LOOP('',(#1431,#1452,#1473,#1474));
#1431 = ORIENTED_EDGE('',*,*,#1432,.F.);
#1432 = EDGE_CURVE('',#1433,#1359,#1435,.T.);
#1433 = VERTEX_POINT('',#1434);
#1434 = CARTESIAN_POINT('',(49.236351739666,0.376387257825,10.5));
#1435 = SURFACE_CURVE('',#1436,(#1440,#1446),.PCURVE_S1.);
#1436 = LINE('',#1437,#1438);
#1437 = CARTESIAN_POINT('',(24.618175869833,0.188193628913,10.5));
#1438 = VECTOR('',#1439,1.);
#1439 = DIRECTION('',(0.999970782096,7.64427597253E-03,-0.));
#1440 = PCURVE('',#1186,#1441);
#1441 = DEFINITIONAL_REPRESENTATION('',(#1442),#1445);
#1442 = B_SPLINE_CURVE_WITH_KNOTS('',1,(#1443,#1444),.UNSPECIFIED.,.F.,
  .F.,(2,2),(24.618895182359,61.588355092777),.PIECEWISE_BEZIER_KNOTS.);
#1443 = CARTESIAN_POINT('',(0.,-1.));
#1444 = CARTESIAN_POINT('',(36.969459910418,-1.));
#1445 = ( GEOMETRIC_REPRESENTATION_CONTEXT(2) 
PARAMETRIC_REPRESENTATION_CONTEXT() REPRESENTATION_CONTEXT('2D SPACE',''
  ) );
#1446 = PCURVE('',#43,#1447);
#1447 = DEFINITIONAL_REPRESENTATION('',(#1448),#1451);
#1448 = B_SPLINE_CURVE_WITH_KNOTS('',1,(#1449,#1450),.UNSPECIFIED.,.F.,
  .F.,(2,2),(24.618895182359,61.588355092777),.PIECEWISE_BEZIER_KNOTS.);
#1449 = CARTESIAN_POINT('',(49.236351739666,0.376387257825));
#1450 = CARTESIAN_POINT('',(86.204731479938,0.658992011936));
#1451 = ( GEOMETRIC_REPRESENTATION_CONTEXT(2) 
PARAMETRIC_REPRESENTATION_CONTEXT() REPRESENTATION_CONTEXT('2D SPACE',''
  ) );
#1452 = ORIENTED_EDGE('',*,*,#1453,.T.);
#1453 = EDGE_CURVE('',#1433,#1172,#1454,.T.);
#1454 = SURFACE_CURVE('',#1455,(#1459,#1466),.PCURVE_S1.);
#1455 = LINE('',#1456,#1457);
#1456 = CARTESIAN_POINT('',(49.236351739666,0.376387257825,9.5));
#1457 = VECTOR('',#1458,1.);
#1458 = DIRECTION('',(0.,0.,1.));
#1459 = PCURVE('',#1186,#1460);
#1460 = DEFINITIONAL_REPRESENTATION('',(#1461),#1465);
#1461 = LINE('',#1462,#1463);
#1462 = CARTESIAN_POINT('',(0.,0.));
#1463 = VECTOR('',#1464,1.);
#1464 = DIRECTION('',(0.,-1.));
#1465 = ( GEOMETRIC_REPRESENTATION_CONTEXT(2) 
PARAMETRIC_REPRESENTATION_CONTEXT() REPRESENTATION_CONTEXT('2D SPACE',''
  ) );
#1466 = PCURVE('',#1218,#1467);
#1467 = DEFINITIONAL_REPRESENTATION('',(#1468),#1472);
#1468 = LINE('',#1469,#1470);
#1469 = CARTESIAN_POINT('',(-1.489735924238,0.));
#1470 = VECTOR('',#1471,1.);
#1471 = DIRECTION('',(-0.,-1.));
#1472 = ( GEOMETRIC_REPRESENTATION_CONTEXT(2) 
PARAMETRIC_REPRESENTATION_CONTEXT() REPRESENTATION_CONTEXT('2D SPACE',''
  ) );
#1473 = ORIENTED_EDGE('',*,*,#1171,.F.);
#1474 = ORIENTED_EDGE('',*,*,#1386,.F.);
#1475 = ADVANCED_FACE('',(#1476),#1218,.F.);
#1476 = FACE_BOUND('',#1477,.T.);
#1477 = EDGE_LOOP('',(#1478,#1506,#1527,#1528));
#1478 = ORIENTED_EDGE('',*,*,#1479,.T.);
#1479 = EDGE_CURVE('',#1433,#1480,#1482,.T.);
#1480 = VERTEX_POINT('',#1481);
#1481 = CARTESIAN_POINT('',(45.221501385916,4.021916508782,10.5));
#1482 = SURFACE_CURVE('',#1483,(#1488,#1495),.PCURVE_S1.);
#1483 = CIRCLE('',#1484,4.);
#1484 = AXIS2_PLACEMENT_3D('',#1485,#1486,#1487);
#1485 = CARTESIAN_POINT('',(49.205774635776,4.376270386208,10.5));
#1486 = DIRECTION('',(-0.,0.,-1.));
#1487 = DIRECTION('',(-0.996068312465,-8.858846935643E-02,0.));
#1488 = PCURVE('',#1218,#1489);
#1489 = DEFINITIONAL_REPRESENTATION('',(#1490),#1494);
#1490 = LINE('',#1491,#1492);
#1491 = CARTESIAN_POINT('',(-6.28318530718,-1.));
#1492 = VECTOR('',#1493,1.);
#1493 = DIRECTION('',(1.,-0.));
#1494 = ( GEOMETRIC_REPRESENTATION_CONTEXT(2) 
PARAMETRIC_REPRESENTATION_CONTEXT() REPRESENTATION_CONTEXT('2D SPACE',''
  ) );
#1495 = PCURVE('',#43,#1496);
#1496 = DEFINITIONAL_REPRESENTATION('',(#1497),#1505);
#1497 = ( BOUNDED_CURVE() B_SPLINE_CURVE(2,(#1498,#1499,#1500,#1501,
#1502,#1503,#1504),.UNSPECIFIED.,.T.,.F.) B_SPLINE_CURVE_WITH_KNOTS((1,2
    ,2,2,2,1),(-2.094395102393,0.,2.094395102393,4.188790204786,
6.28318530718,8.377580409573),.UNSPECIFIED.) CURVE() 
GEOMETRIC_REPRESENTATION_ITEM() RATIONAL_B_SPLINE_CURVE((1.,0.5,1.,0.5,
1.,0.5,1.)) REPRESENTATION_ITEM('') );
#1498 = CARTESIAN_POINT('',(45.221501385916,4.021916508782));
#1499 = CARTESIAN_POINT('',(44.607742466355,10.922880208778));
#1500 = CARTESIAN_POINT('',(50.891031800926,8.003929174919));
#1501 = CARTESIAN_POINT('',(57.174321135497,5.084978141059));
#1502 = CARTESIAN_POINT('',(51.504790720487,1.102965474923));
#1503 = CARTESIAN_POINT('',(45.835260305476,-2.879047191214));
#1504 = CARTESIAN_POINT('',(45.221501385916,4.021916508782));
#1505 = ( GEOMETRIC_REPRESENTATION_CONTEXT(2) 
PARAMETRIC_REPRESENTATION_CONTEXT() REPRESENTATION_CONTEXT('2D SPACE',''
  ) );
#1506 = ORIENTED_EDGE('',*,*,#1507,.T.);
#1507 = EDGE_CURVE('',#1480,#1198,#1508,.T.);
#1508 = SURFACE_CURVE('',#1509,(#1513,#1520),.PCURVE_S1.);
#1509 = LINE('',#1510,#1511);
#1510 = CARTESIAN_POINT('',(45.221501385916,4.021916508782,9.5));
#1511 = VECTOR('',#1512,1.);
#1512 = DIRECTION('',(0.,0.,1.));
#1513 = PCURVE('',#1218,#1514);
#1514 = DEFINITIONAL_REPRESENTATION('',(#1515),#1519);
#1515 = LINE('',#1516,#1517);
#1516 = CARTESIAN_POINT('',(-0.,0.));
#1517 = VECTOR('',#1518,1.);
#1518 = DIRECTION('',(-0.,-1.));
#1519 = ( GEOMETRIC_REPRESENTATION_CONTEXT(2) 
PARAMETRIC_REPRESENTATION_CONTEXT() REPRESENTATION_CONTEXT('2D SPACE',''
  ) );
#1520 = PCURVE('',#1251,#1521);
#1521 = DEFINITIONAL_REPRESENTATION('',(#1522),#1526);
#1522 = LINE('',#1523,#1524);
#1523 = CARTESIAN_POINT('',(1.271575851895,0.));
#1524 = VECTOR('',#1525,1.);
#1525 = DIRECTION('',(0.,-1.));
#1526 = ( GEOMETRIC_REPRESENTATION_CONTEXT(2) 
PARAMETRIC_REPRESENTATION_CONTEXT() REPRESENTATION_CONTEXT('2D SPACE',''
  ) );
#1527 = ORIENTED_EDGE('',*,*,#1197,.F.);
#1528 = ORIENTED_EDGE('',*,*,#1453,.F.);
#1529 = ADVANCED_FACE('',(#1530),#1251,.T.);
#1530 = FACE_BOUND('',#1531,.T.);
#1531 = EDGE_LOOP('',(#1532,#1560,#1581,#1582));
#1532 = ORIENTED_EDGE('',*,*,#1533,.F.);
#1533 = EDGE_CURVE('',#1534,#1480,#1536,.T.);
#1534 = VERTEX_POINT('',#1535);
#1535 = CARTESIAN_POINT('',(13.050783014193,43.483756308723,10.5));
#1536 = SURFACE_CURVE('',#1537,(#1542,#1549),.PCURVE_S1.);
#1537 = CIRCLE('',#1538,45.4);
#1538 = AXIS2_PLACEMENT_3D('',#1539,#1540,#1541);
#1539 = CARTESIAN_POINT('',(2.714919044007E-15,-2.370402696044E-15,10.5)
  );
#1540 = DIRECTION('',(0.,0.,-1.));
#1541 = DIRECTION('',(0.208964264082,0.977923277326,0.));
#1542 = PCURVE('',#1251,#1543);
#1543 = DEFINITIONAL_REPRESENTATION('',(#1544),#1548);
#1544 = LINE('',#1545,#1546);
#1545 = CARTESIAN_POINT('',(0.,-1.));
#1546 = VECTOR('',#1547,1.);
#1547 = DIRECTION('',(1.,0.));
#1548 = ( GEOMETRIC_REPRESENTATION_CONTEXT(2) 
PARAMETRIC_REPRESENTATION_CONTEXT() REPRESENTATION_CONTEXT('2D SPACE',''
  ) );
#1549 = PCURVE('',#43,#1550);
#1550 = DEFINITIONAL_REPRESENTATION('',(#1551),#1559);
#1551 = ( BOUNDED_CURVE() B_SPLINE_CURVE(2,(#1552,#1553,#1554,#1555,
#1556,#1557,#1558),.UNSPECIFIED.,.T.,.F.) B_SPLINE_CURVE_WITH_KNOTS((1,2
    ,2,2,2,1),(-2.094395102393,0.,2.094395102393,4.188790204786,
6.28318530718,8.377580409573),.UNSPECIFIED.) CURVE() 
GEOMETRIC_REPRESENTATION_ITEM() RATIONAL_B_SPLINE_CURVE((1.,0.5,1.,0.5,
1.,0.5,1.)) REPRESENTATION_ITEM('') );
#1552 = CARTESIAN_POINT('',(9.48697758934,44.397716790612));
#1553 = CARTESIAN_POINT('',(86.386078810733,27.965789595608));
#1554 = CARTESIAN_POINT('',(33.706061816027,-30.4148219928));
#1555 = CARTESIAN_POINT('',(-18.97395517868,-88.79543358122));
#1556 = CARTESIAN_POINT('',(-43.19303940536,-13.9828947978));
#1557 = CARTESIAN_POINT('',(-67.41212363205,60.829643985615));
#1558 = CARTESIAN_POINT('',(9.48697758934,44.397716790612));
#1559 = ( GEOMETRIC_REPRESENTATION_CONTEXT(2) 
PARAMETRIC_REPRESENTATION_CONTEXT() REPRESENTATION_CONTEXT('2D SPACE',''
  ) );
#1560 = ORIENTED_EDGE('',*,*,#1561,.T.);
#1561 = EDGE_CURVE('',#1534,#1231,#1562,.T.);
#1562 = SURFACE_CURVE('',#1563,(#1567,#1574),.PCURVE_S1.);
#1563 = LINE('',#1564,#1565);
#1564 = CARTESIAN_POINT('',(13.050783014193,43.483756308723,9.5));
#1565 = VECTOR('',#1566,1.);
#1566 = DIRECTION('',(0.,0.,1.));
#1567 = PCURVE('',#1251,#1568);
#1568 = DEFINITIONAL_REPRESENTATION('',(#1569),#1573);
#1569 = LINE('',#1570,#1571);
#1570 = CARTESIAN_POINT('',(8.106040255694E-02,0.));
#1571 = VECTOR('',#1572,1.);
#1572 = DIRECTION('',(0.,-1.));
#1573 = ( GEOMETRIC_REPRESENTATION_CONTEXT(2) 
PARAMETRIC_REPRESENTATION_CONTEXT() REPRESENTATION_CONTEXT('2D SPACE',''
  ) );
#1574 = PCURVE('',#1284,#1575);
#1575 = DEFINITIONAL_REPRESENTATION('',(#1576),#1580);
#1576 = LINE('',#1577,#1578);
#1577 = CARTESIAN_POINT('',(-1.489735924238,0.));
#1578 = VECTOR('',#1579,1.);
#1579 = DIRECTION('',(-0.,-1.));
#1580 = ( GEOMETRIC_REPRESENTATION_CONTEXT(2) 
PARAMETRIC_REPRESENTATION_CONTEXT() REPRESENTATION_CONTEXT('2D SPACE',''
  ) );
#1581 = ORIENTED_EDGE('',*,*,#1230,.T.);
#1582 = ORIENTED_EDGE('',*,*,#1507,.F.);
#1583 = ADVANCED_FACE('',(#1584),#1284,.F.);
#1584 = FACE_BOUND('',#1585,.T.);
#1585 = EDGE_LOOP('',(#1586,#1614,#1635,#1636));
#1586 = ORIENTED_EDGE('',*,*,#1587,.T.);
#1587 = EDGE_CURVE('',#1534,#1588,#1590,.T.);
#1588 = VERTEX_POINT('',#1589);
#1589 = CARTESIAN_POINT('',(10.288938628606,48.150781321769,10.5));
#1590 = SURFACE_CURVE('',#1591,(#1596,#1603),.PCURVE_S1.);
#1591 = CIRCLE('',#1592,4.);
#1592 = AXIS2_PLACEMENT_3D('',#1593,#1594,#1595);
#1593 = CARTESIAN_POINT('',(14.200631737911,47.314924265439,10.5));
#1594 = DIRECTION('',(-0.,0.,-1.));
#1595 = DIRECTION('',(-0.977923277326,0.208964264082,0.));
#1596 = PCURVE('',#1284,#1597);
#1597 = DEFINITIONAL_REPRESENTATION('',(#1598),#1602);
#1598 = LINE('',#1599,#1600);
#1599 = CARTESIAN_POINT('',(-6.28318530718,-1.));
#1600 = VECTOR('',#1601,1.);
#1601 = DIRECTION('',(1.,-0.));
#1602 = ( GEOMETRIC_REPRESENTATION_CONTEXT(2) 
PARAMETRIC_REPRESENTATION_CONTEXT() REPRESENTATION_CONTEXT('2D SPACE',''
  ) );
#1603 = PCURVE('',#43,#1604);
#1604 = DEFINITIONAL_REPRESENTATION('',(#1605),#1613);
#1605 = ( BOUNDED_CURVE() B_SPLINE_CURVE(2,(#1606,#1607,#1608,#1609,
#1610,#1611,#1612),.UNSPECIFIED.,.T.,.F.) B_SPLINE_CURVE_WITH_KNOTS((1,2
    ,2,2,2,1),(-2.094395102393,0.,2.094395102393,4.188790204786,
6.28318530718,8.377580409573),.UNSPECIFIED.) CURVE() 
GEOMETRIC_REPRESENTATION_ITEM() RATIONAL_B_SPLINE_CURVE((1.,0.5,1.,0.5,
1.,0.5,1.)) REPRESENTATION_ITEM('') );
#1606 = CARTESIAN_POINT('',(10.288938628606,48.150781321769));
#1607 = CARTESIAN_POINT('',(11.736685518033,54.926032530702));
#1608 = CARTESIAN_POINT('',(16.880351737277,50.284621341741));
#1609 = CARTESIAN_POINT('',(22.024017956521,45.64321015278));
#1610 = CARTESIAN_POINT('',(15.432604847849,43.509370132808));
#1611 = CARTESIAN_POINT('',(8.841191739178,41.375530112835));
#1612 = CARTESIAN_POINT('',(10.288938628606,48.150781321769));
#1613 = ( GEOMETRIC_REPRESENTATION_CONTEXT(2) 
PARAMETRIC_REPRESENTATION_CONTEXT() REPRESENTATION_CONTEXT('2D SPACE',''
  ) );
#1614 = ORIENTED_EDGE('',*,*,#1615,.T.);
#1615 = EDGE_CURVE('',#1588,#1264,#1616,.T.);
#1616 = SURFACE_CURVE('',#1617,(#1621,#1628),.PCURVE_S1.);
#1617 = LINE('',#1618,#1619);
#1618 = CARTESIAN_POINT('',(10.288938628606,48.150781321769,9.5));
#1619 = VECTOR('',#1620,1.);
#1620 = DIRECTION('',(0.,0.,1.));
#1621 = PCURVE('',#1284,#1622);
#1622 = DEFINITIONAL_REPRESENTATION('',(#1623),#1627);
#1623 = LINE('',#1624,#1625);
#1624 = CARTESIAN_POINT('',(-0.,0.));
#1625 = VECTOR('',#1626,1.);
#1626 = DIRECTION('',(-0.,-1.));
#1627 = ( GEOMETRIC_REPRESENTATION_CONTEXT(2) 
PARAMETRIC_REPRESENTATION_CONTEXT() REPRESENTATION_CONTEXT('2D SPACE',''
  ) );
#1628 = PCURVE('',#1311,#1629);
#1629 = DEFINITIONAL_REPRESENTATION('',(#1630),#1634);
#1630 = LINE('',#1631,#1632);
#1631 = CARTESIAN_POINT('',(36.969459910418,0.));
#1632 = VECTOR('',#1633,1.);
#1633 = DIRECTION('',(0.,-1.));
#1634 = ( GEOMETRIC_REPRESENTATION_CONTEXT(2) 
PARAMETRIC_REPRESENTATION_CONTEXT() REPRESENTATION_CONTEXT('2D SPACE',''
  ) );
#1635 = ORIENTED_EDGE('',*,*,#1263,.F.);
#1636 = ORIENTED_EDGE('',*,*,#1561,.F.);
#1637 = ADVANCED_FACE('',(#1638),#1311,.T.);
#1638 = FACE_BOUND('',#1639,.T.);
#1639 = EDGE_LOOP('',(#1640,#1661,#1682,#1683));
#1640 = ORIENTED_EDGE('',*,*,#1641,.F.);
#1641 = EDGE_CURVE('',#1642,#1588,#1644,.T.);
#1642 = VERTEX_POINT('',#1643);
#1643 = CARTESIAN_POINT('',(18.014234612309,84.304076718346,10.5));
#1644 = SURFACE_CURVE('',#1645,(#1649,#1655),.PCURVE_S1.);
#1645 = LINE('',#1646,#1647);
#1646 = CARTESIAN_POINT('',(9.007117306154,42.152038359173,10.5));
#1647 = VECTOR('',#1648,1.);
#1648 = DIRECTION('',(-0.208964264082,-0.977923277326,0.));
#1649 = PCURVE('',#1311,#1650);
#1650 = DEFINITIONAL_REPRESENTATION('',(#1651),#1654);
#1651 = B_SPLINE_CURVE_WITH_KNOTS('',1,(#1652,#1653),.UNSPECIFIED.,.F.,
  .F.,(2,2),(-43.10362513756,-6.134165227151),.PIECEWISE_BEZIER_KNOTS.);
#1652 = CARTESIAN_POINT('',(0.,-1.));
#1653 = CARTESIAN_POINT('',(36.969459910418,-1.));
#1654 = ( GEOMETRIC_REPRESENTATION_CONTEXT(2) 
PARAMETRIC_REPRESENTATION_CONTEXT() REPRESENTATION_CONTEXT('2D SPACE',''
  ) );
#1655 = PCURVE('',#43,#1656);
#1656 = DEFINITIONAL_REPRESENTATION('',(#1657),#1660);
#1657 = B_SPLINE_CURVE_WITH_KNOTS('',1,(#1658,#1659),.UNSPECIFIED.,.F.,
  .F.,(2,2),(-43.10362513756,-6.134165227151),.PIECEWISE_BEZIER_KNOTS.);
#1658 = CARTESIAN_POINT('',(18.014234612309,84.304076718346));
#1659 = CARTESIAN_POINT('',(10.288938628606,48.150781321769));
#1660 = ( GEOMETRIC_REPRESENTATION_CONTEXT(2) 
PARAMETRIC_REPRESENTATION_CONTEXT() REPRESENTATION_CONTEXT('2D SPACE',''
  ) );
#1661 = ORIENTED_EDGE('',*,*,#1662,.T.);
#1662 = EDGE_CURVE('',#1642,#1297,#1663,.T.);
#1663 = SURFACE_CURVE('',#1664,(#1668,#1675),.PCURVE_S1.);
#1664 = LINE('',#1665,#1666);
#1665 = CARTESIAN_POINT('',(18.014234612309,84.304076718346,9.5));
#1666 = VECTOR('',#1667,1.);
#1667 = DIRECTION('',(0.,0.,1.));
#1668 = PCURVE('',#1311,#1669);
#1669 = DEFINITIONAL_REPRESENTATION('',(#1670),#1674);
#1670 = LINE('',#1671,#1672);
#1671 = CARTESIAN_POINT('',(0.,0.));
#1672 = VECTOR('',#1673,1.);
#1673 = DIRECTION('',(0.,-1.));
#1674 = ( GEOMETRIC_REPRESENTATION_CONTEXT(2) 
PARAMETRIC_REPRESENTATION_CONTEXT() REPRESENTATION_CONTEXT('2D SPACE',''
  ) );
#1675 = PCURVE('',#1341,#1676);
#1676 = DEFINITIONAL_REPRESENTATION('',(#1677),#1681);
#1677 = LINE('',#1678,#1679);
#1678 = CARTESIAN_POINT('',(-1.617162880651,0.));
#1679 = VECTOR('',#1680,1.);
#1680 = DIRECTION('',(-0.,-1.));
#1681 = ( GEOMETRIC_REPRESENTATION_CONTEXT(2) 
PARAMETRIC_REPRESENTATION_CONTEXT() REPRESENTATION_CONTEXT('2D SPACE',''
  ) );
#1682 = ORIENTED_EDGE('',*,*,#1296,.F.);
#1683 = ORIENTED_EDGE('',*,*,#1615,.F.);
#1684 = ADVANCED_FACE('',(#1685),#1341,.F.);
#1685 = FACE_BOUND('',#1686,.T.);
#1686 = EDGE_LOOP('',(#1687,#1715,#1736,#1737));
#1687 = ORIENTED_EDGE('',*,*,#1688,.T.);
#1688 = EDGE_CURVE('',#1642,#1689,#1691,.T.);
#1689 = VERTEX_POINT('',#1690);
#1690 = CARTESIAN_POINT('',(22.942193201179,87.336966807417,10.5));
#1691 = SURFACE_CURVE('',#1692,(#1697,#1704),.PCURVE_S1.);
#1692 = CIRCLE('',#1693,4.);
#1693 = AXIS2_PLACEMENT_3D('',#1694,#1695,#1696);
#1694 = CARTESIAN_POINT('',(21.925927721614,83.468219662016,10.5));
#1695 = DIRECTION('',(0.,0.,-1.));
#1696 = DIRECTION('',(0.254066369891,0.96718678635,0.));
#1697 = PCURVE('',#1341,#1698);
#1698 = DEFINITIONAL_REPRESENTATION('',(#1699),#1703);
#1699 = LINE('',#1700,#1701);
#1700 = CARTESIAN_POINT('',(-6.28318530718,-1.));
#1701 = VECTOR('',#1702,1.);
#1702 = DIRECTION('',(1.,-0.));
#1703 = ( GEOMETRIC_REPRESENTATION_CONTEXT(2) 
PARAMETRIC_REPRESENTATION_CONTEXT() REPRESENTATION_CONTEXT('2D SPACE',''
  ) );
#1704 = PCURVE('',#43,#1705);
#1705 = DEFINITIONAL_REPRESENTATION('',(#1706),#1714);
#1706 = ( BOUNDED_CURVE() B_SPLINE_CURVE(2,(#1707,#1708,#1709,#1710,
#1711,#1712,#1713),.UNSPECIFIED.,.T.,.F.) B_SPLINE_CURVE_WITH_KNOTS((1,2
    ,2,2,2,1),(-2.094395102393,0.,2.094395102393,4.188790204786,
6.28318530718,8.377580409573),.UNSPECIFIED.) CURVE() 
GEOMETRIC_REPRESENTATION_ITEM() RATIONAL_B_SPLINE_CURVE((1.,0.5,1.,0.5,
1.,0.5,1.)) REPRESENTATION_ITEM('') );
#1707 = CARTESIAN_POINT('',(22.942193201179,87.336966807417));
#1708 = CARTESIAN_POINT('',(29.64305981865,85.576743362832));
#1709 = CARTESIAN_POINT('',(24.768228290567,80.653734367023));
#1710 = CARTESIAN_POINT('',(19.893396762484,75.730725371215));
#1711 = CARTESIAN_POINT('',(18.067361673096,82.413957811608));
#1712 = CARTESIAN_POINT('',(16.241326583708,89.097190252001));
#1713 = CARTESIAN_POINT('',(22.942193201179,87.336966807417));
#1714 = ( GEOMETRIC_REPRESENTATION_CONTEXT(2) 
PARAMETRIC_REPRESENTATION_CONTEXT() REPRESENTATION_CONTEXT('2D SPACE',''
  ) );
#1715 = ORIENTED_EDGE('',*,*,#1716,.T.);
#1716 = EDGE_CURVE('',#1689,#1104,#1717,.T.);
#1717 = SURFACE_CURVE('',#1718,(#1722,#1729),.PCURVE_S1.);
#1718 = LINE('',#1719,#1720);
#1719 = CARTESIAN_POINT('',(22.942193201179,87.336966807417,9.5));
#1720 = VECTOR('',#1721,1.);
#1721 = DIRECTION('',(0.,0.,1.));
#1722 = PCURVE('',#1341,#1723);
#1723 = DEFINITIONAL_REPRESENTATION('',(#1724),#1728);
#1724 = LINE('',#1725,#1726);
#1725 = CARTESIAN_POINT('',(-0.,0.));
#1726 = VECTOR('',#1727,1.);
#1727 = DIRECTION('',(-0.,-1.));
#1728 = ( GEOMETRIC_REPRESENTATION_CONTEXT(2) 
PARAMETRIC_REPRESENTATION_CONTEXT() REPRESENTATION_CONTEXT('2D SPACE',''
  ) );
#1729 = PCURVE('',#1126,#1730);
#1730 = DEFINITIONAL_REPRESENTATION('',(#1731),#1735);
#1731 = LINE('',#1732,#1733);
#1732 = CARTESIAN_POINT('',(-1.306269700596,0.));
#1733 = VECTOR('',#1734,1.);
#1734 = DIRECTION('',(-0.,-1.));
#1735 = ( GEOMETRIC_REPRESENTATION_CONTEXT(2) 
PARAMETRIC_REPRESENTATION_CONTEXT() REPRESENTATION_CONTEXT('2D SPACE',''
  ) );
#1736 = ORIENTED_EDGE('',*,*,#1322,.F.);
#1737 = ORIENTED_EDGE('',*,*,#1662,.F.);
#1738 = ADVANCED_FACE('',(#1739),#1126,.F.);
#1739 = FACE_BOUND('',#1740,.T.);
#1740 = EDGE_LOOP('',(#1741,#1767,#1768,#1769));
#1741 = ORIENTED_EDGE('',*,*,#1742,.T.);
#1742 = EDGE_CURVE('',#1689,#1357,#1743,.T.);
#1743 = SURFACE_CURVE('',#1744,(#1749,#1756),.PCURVE_S1.);
#1744 = CIRCLE('',#1745,90.3);
#1745 = AXIS2_PLACEMENT_3D('',#1746,#1747,#1748);
#1746 = CARTESIAN_POINT('',(-1.184982426576E-14,-4.929994259759E-16,10.5
    ));
#1747 = DIRECTION('',(0.,0.,-1.));
#1748 = DIRECTION('',(0.999970782096,7.64427597253E-03,0.));
#1749 = PCURVE('',#1126,#1750);
#1750 = DEFINITIONAL_REPRESENTATION('',(#1751),#1755);
#1751 = LINE('',#1752,#1753);
#1752 = CARTESIAN_POINT('',(-6.28318530718,-1.));
#1753 = VECTOR('',#1754,1.);
#1754 = DIRECTION('',(1.,-0.));
#1755 = ( GEOMETRIC_REPRESENTATION_CONTEXT(2) 
PARAMETRIC_REPRESENTATION_CONTEXT() REPRESENTATION_CONTEXT('2D SPACE',''
  ) );
#1756 = PCURVE('',#43,#1757);
#1757 = DEFINITIONAL_REPRESENTATION('',(#1758),#1766);
#1758 = ( BOUNDED_CURVE() B_SPLINE_CURVE(2,(#1759,#1760,#1761,#1762,
#1763,#1764,#1765),.UNSPECIFIED.,.T.,.F.) B_SPLINE_CURVE_WITH_KNOTS((1,2
    ,2,2,2,1),(-2.094395102393,0.,2.094395102393,4.188790204786,
6.28318530718,8.377580409573),.UNSPECIFIED.) CURVE() 
GEOMETRIC_REPRESENTATION_ITEM() RATIONAL_B_SPLINE_CURVE((1.,0.5,1.,0.5,
1.,0.5,1.)) REPRESENTATION_ITEM('') );
#1759 = CARTESIAN_POINT('',(90.297361623231,0.690278120319));
#1760 = CARTESIAN_POINT('',(91.492958398978,-155.7093400005));
#1761 = CARTESIAN_POINT('',(-44.55088242374,-78.54494812058));
#1762 = CARTESIAN_POINT('',(-180.5947232464,-1.380556240639));
#1763 = CARTESIAN_POINT('',(-45.74647919948,77.854670000269));
#1764 = CARTESIAN_POINT('',(89.101764847485,157.08989624117));
#1765 = CARTESIAN_POINT('',(90.297361623231,0.690278120319));
#1766 = ( GEOMETRIC_REPRESENTATION_CONTEXT(2) 
PARAMETRIC_REPRESENTATION_CONTEXT() REPRESENTATION_CONTEXT('2D SPACE',''
  ) );
#1767 = ORIENTED_EDGE('',*,*,#1408,.T.);
#1768 = ORIENTED_EDGE('',*,*,#1103,.F.);
#1769 = ORIENTED_EDGE('',*,*,#1716,.F.);
#1770 = ADVANCED_FACE('',(#1771),#1089,.F.);
#1771 = FACE_BOUND('',#1772,.F.);
#1772 = EDGE_LOOP('',(#1773,#1774,#1797,#1819));
#1773 = ORIENTED_EDGE('',*,*,#1072,.F.);
#1774 = ORIENTED_EDGE('',*,*,#1775,.F.);
#1775 = EDGE_CURVE('',#1776,#1073,#1778,.T.);
#1776 = VERTEX_POINT('',#1777);
#1777 = CARTESIAN_POINT('',(2.7,49.53,10.5));
#1778 = SEAM_CURVE('',#1779,(#1783,#1790),.PCURVE_S1.);
#1779 = LINE('',#1780,#1781);
#1780 = CARTESIAN_POINT('',(2.7,49.53,-1.));
#1781 = VECTOR('',#1782,1.);
#1782 = DIRECTION('',(0.,0.,1.));
#1783 = PCURVE('',#1089,#1784);
#1784 = DEFINITIONAL_REPRESENTATION('',(#1785),#1789);
#1785 = LINE('',#1786,#1787);
#1786 = CARTESIAN_POINT('',(6.28318530718,-0.));
#1787 = VECTOR('',#1788,1.);
#1788 = DIRECTION('',(0.,1.));
#1789 = ( GEOMETRIC_REPRESENTATION_CONTEXT(2) 
PARAMETRIC_REPRESENTATION_CONTEXT() REPRESENTATION_CONTEXT('2D SPACE',''
  ) );
#1790 = PCURVE('',#1089,#1791);
#1791 = DEFINITIONAL_REPRESENTATION('',(#1792),#1796);
#1792 = LINE('',#1793,#1794);
#1793 = CARTESIAN_POINT('',(0.,-0.));
#1794 = VECTOR('',#1795,1.);
#1795 = DIRECTION('',(0.,1.));
#1796 = ( GEOMETRIC_REPRESENTATION_CONTEXT(2) 
PARAMETRIC_REPRESENTATION_CONTEXT() REPRESENTATION_CONTEXT('2D SPACE',''
  ) );
#1797 = ORIENTED_EDGE('',*,*,#1798,.T.);
#1798 = EDGE_CURVE('',#1776,#1776,#1799,.T.);
#1799 = SURFACE_CURVE('',#1800,(#1805,#1812),.PCURVE_S1.);
#1800 = CIRCLE('',#1801,2.7);
#1801 = AXIS2_PLACEMENT_3D('',#1802,#1803,#1804);
#1802 = CARTESIAN_POINT('',(3.032837798088E-15,49.53,10.5));
#1803 = DIRECTION('',(0.,0.,1.));
#1804 = DIRECTION('',(1.,0.,-0.));
#1805 = PCURVE('',#1089,#1806);
#1806 = DEFINITIONAL_REPRESENTATION('',(#1807),#1811);
#1807 = LINE('',#1808,#1809);
#1808 = CARTESIAN_POINT('',(0.,11.5));
#1809 = VECTOR('',#1810,1.);
#1810 = DIRECTION('',(1.,0.));
#1811 = ( GEOMETRIC_REPRESENTATION_CONTEXT(2) 
PARAMETRIC_REPRESENTATION_CONTEXT() REPRESENTATION_CONTEXT('2D SPACE',''
  ) );
#1812 = PCURVE('',#43,#1813);
#1813 = DEFINITIONAL_REPRESENTATION('',(#1814),#1818);
#1814 = CIRCLE('',#1815,2.7);
#1815 = AXIS2_PLACEMENT_2D('',#1816,#1817);
#1816 = CARTESIAN_POINT('',(3.032837798088E-15,49.53));
#1817 = DIRECTION('',(1.,-0.));
#1818 = ( GEOMETRIC_REPRESENTATION_CONTEXT(2) 
PARAMETRIC_REPRESENTATION_CONTEXT() REPRESENTATION_CONTEXT('2D SPACE',''
  ) );
#1819 = ORIENTED_EDGE('',*,*,#1775,.T.);
#1820 = ADVANCED_FACE('',(#1821),#1058,.F.);
#1821 = FACE_BOUND('',#1822,.F.);
#1822 = EDGE_LOOP('',(#1823,#1824,#1847,#1869));
#1823 = ORIENTED_EDGE('',*,*,#1041,.F.);
#1824 = ORIENTED_EDGE('',*,*,#1825,.F.);
#1825 = EDGE_CURVE('',#1826,#1042,#1828,.T.);
#1826 = VERTEX_POINT('',#1827);
#1827 = CARTESIAN_POINT('',(15.814431528772,32.544761199567,10.5));
#1828 = SEAM_CURVE('',#1829,(#1833,#1840),.PCURVE_S1.);
#1829 = LINE('',#1830,#1831);
#1830 = CARTESIAN_POINT('',(15.814431528772,32.544761199567,-1.));
#1831 = VECTOR('',#1832,1.);
#1832 = DIRECTION('',(0.,0.,1.));
#1833 = PCURVE('',#1058,#1834);
#1834 = DEFINITIONAL_REPRESENTATION('',(#1835),#1839);
#1835 = LINE('',#1836,#1837);
#1836 = CARTESIAN_POINT('',(6.28318530718,-0.));
#1837 = VECTOR('',#1838,1.);
#1838 = DIRECTION('',(0.,1.));
#1839 = ( GEOMETRIC_REPRESENTATION_CONTEXT(2) 
PARAMETRIC_REPRESENTATION_CONTEXT() REPRESENTATION_CONTEXT('2D SPACE',''
  ) );
#1840 = PCURVE('',#1058,#1841);
#1841 = DEFINITIONAL_REPRESENTATION('',(#1842),#1846);
#1842 = LINE('',#1843,#1844);
#1843 = CARTESIAN_POINT('',(0.,-0.));
#1844 = VECTOR('',#1845,1.);
#1845 = DIRECTION('',(0.,1.));
#1846 = ( GEOMETRIC_REPRESENTATION_CONTEXT(2) 
PARAMETRIC_REPRESENTATION_CONTEXT() REPRESENTATION_CONTEXT('2D SPACE',''
  ) );
#1847 = ORIENTED_EDGE('',*,*,#1848,.T.);
#1848 = EDGE_CURVE('',#1826,#1826,#1849,.T.);
#1849 = SURFACE_CURVE('',#1850,(#1855,#1862),.PCURVE_S1.);
#1850 = CIRCLE('',#1851,2.);
#1851 = AXIS2_PLACEMENT_3D('',#1852,#1853,#1854);
#1852 = CARTESIAN_POINT('',(13.814431528772,32.544761199567,10.5));
#1853 = DIRECTION('',(0.,0.,1.));
#1854 = DIRECTION('',(1.,0.,-0.));
#1855 = PCURVE('',#1058,#1856);
#1856 = DEFINITIONAL_REPRESENTATION('',(#1857),#1861);
#1857 = LINE('',#1858,#1859);
#1858 = CARTESIAN_POINT('',(0.,11.5));
#1859 = VECTOR('',#1860,1.);
#1860 = DIRECTION('',(1.,0.));
#1861 = ( GEOMETRIC_REPRESENTATION_CONTEXT(2) 
PARAMETRIC_REPRESENTATION_CONTEXT() REPRESENTATION_CONTEXT('2D SPACE',''
  ) );
#1862 = PCURVE('',#43,#1863);
#1863 = DEFINITIONAL_REPRESENTATION('',(#1864),#1868);
#1864 = CIRCLE('',#1865,2.);
#1865 = AXIS2_PLACEMENT_2D('',#1866,#1867);
#1866 = CARTESIAN_POINT('',(13.814431528772,32.544761199567));
#1867 = DIRECTION('',(1.,-0.));
#1868 = ( GEOMETRIC_REPRESENTATION_CONTEXT(2) 
PARAMETRIC_REPRESENTATION_CONTEXT() REPRESENTATION_CONTEXT('2D SPACE',''
  ) );
#1869 = ORIENTED_EDGE('',*,*,#1825,.T.);
#1870 = ADVANCED_FACE('',(#1871),#1027,.F.);
#1871 = FACE_BOUND('',#1872,.F.);
#1872 = EDGE_LOOP('',(#1873,#1874,#1897,#1919));
#1873 = ORIENTED_EDGE('',*,*,#1010,.F.);
#1874 = ORIENTED_EDGE('',*,*,#1875,.F.);
#1875 = EDGE_CURVE('',#1876,#1011,#1878,.T.);
#1876 = VERTEX_POINT('',#1877);
#1877 = CARTESIAN_POINT('',(28.5,-6.98048675514E-15,10.5));
#1878 = SEAM_CURVE('',#1879,(#1883,#1890),.PCURVE_S1.);
#1879 = LINE('',#1880,#1881);
#1880 = CARTESIAN_POINT('',(28.5,-6.98048675514E-15,-1.));
#1881 = VECTOR('',#1882,1.);
#1882 = DIRECTION('',(0.,0.,1.));
#1883 = PCURVE('',#1027,#1884);
#1884 = DEFINITIONAL_REPRESENTATION('',(#1885),#1889);
#1885 = LINE('',#1886,#1887);
#1886 = CARTESIAN_POINT('',(6.28318530718,-0.));
#1887 = VECTOR('',#1888,1.);
#1888 = DIRECTION('',(0.,1.));
#1889 = ( GEOMETRIC_REPRESENTATION_CONTEXT(2) 
PARAMETRIC_REPRESENTATION_CONTEXT() REPRESENTATION_CONTEXT('2D SPACE',''
  ) );
#1890 = PCURVE('',#1027,#1891);
#1891 = DEFINITIONAL_REPRESENTATION('',(#1892),#1896);
#1892 = LINE('',#1893,#1894);
#1893 = CARTESIAN_POINT('',(0.,-0.));
#1894 = VECTOR('',#1895,1.);
#1895 = DIRECTION('',(0.,1.));
#1896 = ( GEOMETRIC_REPRESENTATION_CONTEXT(2) 
PARAMETRIC_REPRESENTATION_CONTEXT() REPRESENTATION_CONTEXT('2D SPACE',''
  ) );
#1897 = ORIENTED_EDGE('',*,*,#1898,.T.);
#1898 = EDGE_CURVE('',#1876,#1876,#1899,.T.);
#1899 = SURFACE_CURVE('',#1900,(#1905,#1912),.PCURVE_S1.);
#1900 = CIRCLE('',#1901,28.5);
#1901 = AXIS2_PLACEMENT_3D('',#1902,#1903,#1904);
#1902 = CARTESIAN_POINT('',(0.,0.,10.5));
#1903 = DIRECTION('',(0.,0.,1.));
#1904 = DIRECTION('',(1.,0.,-0.));
#1905 = PCURVE('',#1027,#1906);
#1906 = DEFINITIONAL_REPRESENTATION('',(#1907),#1911);
#1907 = LINE('',#1908,#1909);
#1908 = CARTESIAN_POINT('',(0.,11.5));
#1909 = VECTOR('',#1910,1.);
#1910 = DIRECTION('',(1.,0.));
#1911 = ( GEOMETRIC_REPRESENTATION_CONTEXT(2) 
PARAMETRIC_REPRESENTATION_CONTEXT() REPRESENTATION_CONTEXT('2D SPACE',''
  ) );
#1912 = PCURVE('',#43,#1913);
#1913 = DEFINITIONAL_REPRESENTATION('',(#1914),#1918);
#1914 = CIRCLE('',#1915,28.5);
#1915 = AXIS2_PLACEMENT_2D('',#1916,#1917);
#1916 = CARTESIAN_POINT('',(0.,0.));
#1917 = DIRECTION('',(1.,-0.));
#1918 = ( GEOMETRIC_REPRESENTATION_CONTEXT(2) 
PARAMETRIC_REPRESENTATION_CONTEXT() REPRESENTATION_CONTEXT('2D SPACE',''
  ) );
#1919 = ORIENTED_EDGE('',*,*,#1875,.T.);
#1920 = ADVANCED_FACE('',(#1921),#996,.F.);
#1921 = FACE_BOUND('',#1922,.F.);
#1922 = EDGE_LOOP('',(#1923,#1924,#1947,#1974));
#1923 = ORIENTED_EDGE('',*,*,#979,.F.);
#1924 = ORIENTED_EDGE('',*,*,#1925,.F.);
#1925 = EDGE_CURVE('',#1926,#980,#1928,.T.);
#1926 = VERTEX_POINT('',#1927);
#1927 = CARTESIAN_POINT('',(-11.54382102453,47.407548960226,6.6));
#1928 = SEAM_CURVE('',#1929,(#1933,#1940),.PCURVE_S1.);
#1929 = LINE('',#1930,#1931);
#1930 = CARTESIAN_POINT('',(-11.54382102453,47.407548960226,-1.));
#1931 = VECTOR('',#1932,1.);
#1932 = DIRECTION('',(0.,0.,1.));
#1933 = PCURVE('',#996,#1934);
#1934 = DEFINITIONAL_REPRESENTATION('',(#1935),#1939);
#1935 = LINE('',#1936,#1937);
#1936 = CARTESIAN_POINT('',(6.28318530718,-0.));
#1937 = VECTOR('',#1938,1.);
#1938 = DIRECTION('',(0.,1.));
#1939 = ( GEOMETRIC_REPRESENTATION_CONTEXT(2) 
PARAMETRIC_REPRESENTATION_CONTEXT() REPRESENTATION_CONTEXT('2D SPACE',''
  ) );
#1940 = PCURVE('',#996,#1941);
#1941 = DEFINITIONAL_REPRESENTATION('',(#1942),#1946);
#1942 = LINE('',#1943,#1944);
#1943 = CARTESIAN_POINT('',(0.,-0.));
#1944 = VECTOR('',#1945,1.);
#1945 = DIRECTION('',(0.,1.));
#1946 = ( GEOMETRIC_REPRESENTATION_CONTEXT(2) 
PARAMETRIC_REPRESENTATION_CONTEXT() REPRESENTATION_CONTEXT('2D SPACE',''
  ) );
#1947 = ORIENTED_EDGE('',*,*,#1948,.T.);
#1948 = EDGE_CURVE('',#1926,#1926,#1949,.T.);
#1949 = SURFACE_CURVE('',#1950,(#1955,#1962),.PCURVE_S1.);
#1950 = CIRCLE('',#1951,2.8);
#1951 = AXIS2_PLACEMENT_3D('',#1952,#1953,#1954);
#1952 = CARTESIAN_POINT('',(-14.34382102453,47.407548960226,6.6));
#1953 = DIRECTION('',(0.,0.,1.));
#1954 = DIRECTION('',(1.,0.,-0.));
#1955 = PCURVE('',#996,#1956);
#1956 = DEFINITIONAL_REPRESENTATION('',(#1957),#1961);
#1957 = LINE('',#1958,#1959);
#1958 = CARTESIAN_POINT('',(0.,7.6));
#1959 = VECTOR('',#1960,1.);
#1960 = DIRECTION('',(1.,0.));
#1961 = ( GEOMETRIC_REPRESENTATION_CONTEXT(2) 
PARAMETRIC_REPRESENTATION_CONTEXT() REPRESENTATION_CONTEXT('2D SPACE',''
  ) );
#1962 = PCURVE('',#1963,#1968);
#1963 = PLANE('',#1964);
#1964 = AXIS2_PLACEMENT_3D('',#1965,#1966,#1967);
#1965 = CARTESIAN_POINT('',(-14.34382102453,47.407548960226,6.6));
#1966 = DIRECTION('',(0.,0.,1.));
#1967 = DIRECTION('',(1.,0.,-0.));
#1968 = DEFINITIONAL_REPRESENTATION('',(#1969),#1973);
#1969 = CIRCLE('',#1970,2.8);
#1970 = AXIS2_PLACEMENT_2D('',#1971,#1972);
#1971 = CARTESIAN_POINT('',(0.,0.));
#1972 = DIRECTION('',(1.,0.));
#1973 = ( GEOMETRIC_REPRESENTATION_CONTEXT(2) 
PARAMETRIC_REPRESENTATION_CONTEXT() REPRESENTATION_CONTEXT('2D SPACE',''
  ) );
#1974 = ORIENTED_EDGE('',*,*,#1925,.T.);
#1975 = ADVANCED_FACE('',(#1976,#2007),#1963,.F.);
#1976 = FACE_BOUND('',#1977,.F.);
#1977 = EDGE_LOOP('',(#1978));
#1978 = ORIENTED_EDGE('',*,*,#1979,.T.);
#1979 = EDGE_CURVE('',#1980,#1980,#1982,.T.);
#1980 = VERTEX_POINT('',#1981);
#1981 = CARTESIAN_POINT('',(-8.19382102453,47.407548960226,6.6));
#1982 = SURFACE_CURVE('',#1983,(#1988,#1995),.PCURVE_S1.);
#1983 = CIRCLE('',#1984,6.15);
#1984 = AXIS2_PLACEMENT_3D('',#1985,#1986,#1987);
#1985 = CARTESIAN_POINT('',(-14.34382102453,47.407548960226,6.6));
#1986 = DIRECTION('',(0.,0.,1.));
#1987 = DIRECTION('',(1.,0.,-0.));
#1988 = PCURVE('',#1963,#1989);
#1989 = DEFINITIONAL_REPRESENTATION('',(#1990),#1994);
#1990 = CIRCLE('',#1991,6.15);
#1991 = AXIS2_PLACEMENT_2D('',#1992,#1993);
#1992 = CARTESIAN_POINT('',(0.,0.));
#1993 = DIRECTION('',(1.,0.));
#1994 = ( GEOMETRIC_REPRESENTATION_CONTEXT(2) 
PARAMETRIC_REPRESENTATION_CONTEXT() REPRESENTATION_CONTEXT('2D SPACE',''
  ) );
#1995 = PCURVE('',#1996,#2001);
#1996 = CYLINDRICAL_SURFACE('',#1997,6.15);
#1997 = AXIS2_PLACEMENT_3D('',#1998,#1999,#2000);
#1998 = CARTESIAN_POINT('',(-14.34382102453,47.407548960226,6.6));
#1999 = DIRECTION('',(0.,0.,1.));
#2000 = DIRECTION('',(1.,0.,-0.));
#2001 = DEFINITIONAL_REPRESENTATION('',(#2002),#2006);
#2002 = LINE('',#2003,#2004);
#2003 = CARTESIAN_POINT('',(0.,0.));
#2004 = VECTOR('',#2005,1.);
#2005 = DIRECTION('',(1.,0.));
#2006 = ( GEOMETRIC_REPRESENTATION_CONTEXT(2) 
PARAMETRIC_REPRESENTATION_CONTEXT() REPRESENTATION_CONTEXT('2D SPACE',''
  ) );
#2007 = FACE_BOUND('',#2008,.F.);
#2008 = EDGE_LOOP('',(#2009));
#2009 = ORIENTED_EDGE('',*,*,#1948,.F.);
#2010 = ADVANCED_FACE('',(#2011),#1996,.T.);
#2011 = FACE_BOUND('',#2012,.T.);
#2012 = EDGE_LOOP('',(#2013,#2042,#2063,#2064));
#2013 = ORIENTED_EDGE('',*,*,#2014,.F.);
#2014 = EDGE_CURVE('',#2015,#2015,#2017,.T.);
#2015 = VERTEX_POINT('',#2016);
#2016 = CARTESIAN_POINT('',(-8.19382102453,47.407548960226,9.));
#2017 = SURFACE_CURVE('',#2018,(#2023,#2030),.PCURVE_S1.);
#2018 = CIRCLE('',#2019,6.15);
#2019 = AXIS2_PLACEMENT_3D('',#2020,#2021,#2022);
#2020 = CARTESIAN_POINT('',(-14.34382102453,47.407548960226,9.));
#2021 = DIRECTION('',(0.,0.,1.));
#2022 = DIRECTION('',(1.,0.,-0.));
#2023 = PCURVE('',#1996,#2024);
#2024 = DEFINITIONAL_REPRESENTATION('',(#2025),#2029);
#2025 = LINE('',#2026,#2027);
#2026 = CARTESIAN_POINT('',(0.,2.4));
#2027 = VECTOR('',#2028,1.);
#2028 = DIRECTION('',(1.,0.));
#2029 = ( GEOMETRIC_REPRESENTATION_CONTEXT(2) 
PARAMETRIC_REPRESENTATION_CONTEXT() REPRESENTATION_CONTEXT('2D SPACE',''
  ) );
#2030 = PCURVE('',#2031,#2036);
#2031 = TOROIDAL_SURFACE('',#2032,7.65,1.5);
#2032 = AXIS2_PLACEMENT_3D('',#2033,#2034,#2035);
#2033 = CARTESIAN_POINT('',(-14.34382102453,47.407548960226,9.));
#2034 = DIRECTION('',(0.,0.,1.));
#2035 = DIRECTION('',(1.,0.,-0.));
#2036 = DEFINITIONAL_REPRESENTATION('',(#2037),#2041);
#2037 = LINE('',#2038,#2039);
#2038 = CARTESIAN_POINT('',(0.,3.14159265359));
#2039 = VECTOR('',#2040,1.);
#2040 = DIRECTION('',(1.,0.));
#2041 = ( GEOMETRIC_REPRESENTATION_CONTEXT(2) 
PARAMETRIC_REPRESENTATION_CONTEXT() REPRESENTATION_CONTEXT('2D SPACE',''
  ) );
#2042 = ORIENTED_EDGE('',*,*,#2043,.F.);
#2043 = EDGE_CURVE('',#1980,#2015,#2044,.T.);
#2044 = SEAM_CURVE('',#2045,(#2049,#2056),.PCURVE_S1.);
#2045 = LINE('',#2046,#2047);
#2046 = CARTESIAN_POINT('',(-8.19382102453,47.407548960226,6.6));
#2047 = VECTOR('',#2048,1.);
#2048 = DIRECTION('',(0.,0.,1.));
#2049 = PCURVE('',#1996,#2050);
#2050 = DEFINITIONAL_REPRESENTATION('',(#2051),#2055);
#2051 = LINE('',#2052,#2053);
#2052 = CARTESIAN_POINT('',(6.28318530718,-0.));
#2053 = VECTOR('',#2054,1.);
#2054 = DIRECTION('',(0.,1.));
#2055 = ( GEOMETRIC_REPRESENTATION_CONTEXT(2) 
PARAMETRIC_REPRESENTATION_CONTEXT() REPRESENTATION_CONTEXT('2D SPACE',''
  ) );
#2056 = PCURVE('',#1996,#2057);
#2057 = DEFINITIONAL_REPRESENTATION('',(#2058),#2062);
#2058 = LINE('',#2059,#2060);
#2059 = CARTESIAN_POINT('',(0.,-0.));
#2060 = VECTOR('',#2061,1.);
#2061 = DIRECTION('',(0.,1.));
#2062 = ( GEOMETRIC_REPRESENTATION_CONTEXT(2) 
PARAMETRIC_REPRESENTATION_CONTEXT() REPRESENTATION_CONTEXT('2D SPACE',''
  ) );
#2063 = ORIENTED_EDGE('',*,*,#1979,.T.);
#2064 = ORIENTED_EDGE('',*,*,#2043,.T.);
#2065 = ADVANCED_FACE('',(#2066),#2031,.F.);
#2066 = FACE_BOUND('',#2067,.F.);
#2067 = EDGE_LOOP('',(#2068,#2092,#2114,#2115));
#2068 = ORIENTED_EDGE('',*,*,#2069,.T.);
#2069 = EDGE_CURVE('',#2070,#2070,#2072,.T.);
#2070 = VERTEX_POINT('',#2071);
#2071 = CARTESIAN_POINT('',(-6.69382102453,47.407548960226,10.5));
#2072 = SURFACE_CURVE('',#2073,(#2078,#2085),.PCURVE_S1.);
#2073 = CIRCLE('',#2074,7.65);
#2074 = AXIS2_PLACEMENT_3D('',#2075,#2076,#2077);
#2075 = CARTESIAN_POINT('',(-14.34382102453,47.407548960226,10.5));
#2076 = DIRECTION('',(0.,0.,1.));
#2077 = DIRECTION('',(1.,0.,-0.));
#2078 = PCURVE('',#2031,#2079);
#2079 = DEFINITIONAL_REPRESENTATION('',(#2080),#2084);
#2080 = LINE('',#2081,#2082);
#2081 = CARTESIAN_POINT('',(0.,1.570796326795));
#2082 = VECTOR('',#2083,1.);
#2083 = DIRECTION('',(1.,0.));
#2084 = ( GEOMETRIC_REPRESENTATION_CONTEXT(2) 
PARAMETRIC_REPRESENTATION_CONTEXT() REPRESENTATION_CONTEXT('2D SPACE',''
  ) );
#2085 = PCURVE('',#43,#2086);
#2086 = DEFINITIONAL_REPRESENTATION('',(#2087),#2091);
#2087 = CIRCLE('',#2088,7.65);
#2088 = AXIS2_PLACEMENT_2D('',#2089,#2090);
#2089 = CARTESIAN_POINT('',(-14.34382102453,47.407548960226));
#2090 = DIRECTION('',(1.,-0.));
#2091 = ( GEOMETRIC_REPRESENTATION_CONTEXT(2) 
PARAMETRIC_REPRESENTATION_CONTEXT() REPRESENTATION_CONTEXT('2D SPACE',''
  ) );
#2092 = ORIENTED_EDGE('',*,*,#2093,.T.);
#2093 = EDGE_CURVE('',#2070,#2015,#2094,.T.);
#2094 = SEAM_CURVE('',#2095,(#2100,#2107),.PCURVE_S1.);
#2095 = CIRCLE('',#2096,1.5);
#2096 = AXIS2_PLACEMENT_3D('',#2097,#2098,#2099);
#2097 = CARTESIAN_POINT('',(-6.69382102453,47.407548960226,9.));
#2098 = DIRECTION('',(0.,-1.,0.));
#2099 = DIRECTION('',(-1.184237892933E-15,0.,1.));
#2100 = PCURVE('',#2031,#2101);
#2101 = DEFINITIONAL_REPRESENTATION('',(#2102),#2106);
#2102 = LINE('',#2103,#2104);
#2103 = CARTESIAN_POINT('',(0.,1.570796326795));
#2104 = VECTOR('',#2105,1.);
#2105 = DIRECTION('',(0.,1.));
#2106 = ( GEOMETRIC_REPRESENTATION_CONTEXT(2) 
PARAMETRIC_REPRESENTATION_CONTEXT() REPRESENTATION_CONTEXT('2D SPACE',''
  ) );
#2107 = PCURVE('',#2031,#2108);
#2108 = DEFINITIONAL_REPRESENTATION('',(#2109),#2113);
#2109 = LINE('',#2110,#2111);
#2110 = CARTESIAN_POINT('',(6.28318530718,1.570796326795));
#2111 = VECTOR('',#2112,1.);
#2112 = DIRECTION('',(0.,1.));
#2113 = ( GEOMETRIC_REPRESENTATION_CONTEXT(2) 
PARAMETRIC_REPRESENTATION_CONTEXT() REPRESENTATION_CONTEXT('2D SPACE',''
  ) );
#2114 = ORIENTED_EDGE('',*,*,#2014,.F.);
#2115 = ORIENTED_EDGE('',*,*,#2093,.F.);
#2116 = ADVANCED_FACE('',(#2117),#965,.F.);
#2117 = FACE_BOUND('',#2118,.F.);
#2118 = EDGE_LOOP('',(#2119,#2120,#2143,#2165));
#2119 = ORIENTED_EDGE('',*,*,#948,.F.);
#2120 = ORIENTED_EDGE('',*,*,#2121,.F.);
#2121 = EDGE_CURVE('',#2122,#949,#2124,.T.);
#2122 = VERTEX_POINT('',#2123);
#2123 = CARTESIAN_POINT('',(-30.54476119956,13.814431528772,10.5));
#2124 = SEAM_CURVE('',#2125,(#2129,#2136),.PCURVE_S1.);
#2125 = LINE('',#2126,#2127);
#2126 = CARTESIAN_POINT('',(-30.54476119956,13.814431528772,-1.));
#2127 = VECTOR('',#2128,1.);
#2128 = DIRECTION('',(0.,0.,1.));
#2129 = PCURVE('',#965,#2130);
#2130 = DEFINITIONAL_REPRESENTATION('',(#2131),#2135);
#2131 = LINE('',#2132,#2133);
#2132 = CARTESIAN_POINT('',(6.28318530718,-0.));
#2133 = VECTOR('',#2134,1.);
#2134 = DIRECTION('',(0.,1.));
#2135 = ( GEOMETRIC_REPRESENTATION_CONTEXT(2) 
PARAMETRIC_REPRESENTATION_CONTEXT() REPRESENTATION_CONTEXT('2D SPACE',''
  ) );
#2136 = PCURVE('',#965,#2137);
#2137 = DEFINITIONAL_REPRESENTATION('',(#2138),#2142);
#2138 = LINE('',#2139,#2140);
#2139 = CARTESIAN_POINT('',(0.,-0.));
#2140 = VECTOR('',#2141,1.);
#2141 = DIRECTION('',(0.,1.));
#2142 = ( GEOMETRIC_REPRESENTATION_CONTEXT(2) 
PARAMETRIC_REPRESENTATION_CONTEXT() REPRESENTATION_CONTEXT('2D SPACE',''
  ) );
#2143 = ORIENTED_EDGE('',*,*,#2144,.T.);
#2144 = EDGE_CURVE('',#2122,#2122,#2145,.T.);
#2145 = SURFACE_CURVE('',#2146,(#2151,#2158),.PCURVE_S1.);
#2146 = CIRCLE('',#2147,2.);
#2147 = AXIS2_PLACEMENT_3D('',#2148,#2149,#2150);
#2148 = CARTESIAN_POINT('',(-32.54476119956,13.814431528772,10.5));
#2149 = DIRECTION('',(0.,0.,1.));
#2150 = DIRECTION('',(1.,0.,-0.));
#2151 = PCURVE('',#965,#2152);
#2152 = DEFINITIONAL_REPRESENTATION('',(#2153),#2157);
#2153 = LINE('',#2154,#2155);
#2154 = CARTESIAN_POINT('',(0.,11.5));
#2155 = VECTOR('',#2156,1.);
#2156 = DIRECTION('',(1.,0.));
#2157 = ( GEOMETRIC_REPRESENTATION_CONTEXT(2) 
PARAMETRIC_REPRESENTATION_CONTEXT() REPRESENTATION_CONTEXT('2D SPACE',''
  ) );
#2158 = PCURVE('',#43,#2159);
#2159 = DEFINITIONAL_REPRESENTATION('',(#2160),#2164);
#2160 = CIRCLE('',#2161,2.);
#2161 = AXIS2_PLACEMENT_2D('',#2162,#2163);
#2162 = CARTESIAN_POINT('',(-32.54476119956,13.814431528772));
#2163 = DIRECTION('',(1.,-0.));
#2164 = ( GEOMETRIC_REPRESENTATION_CONTEXT(2) 
PARAMETRIC_REPRESENTATION_CONTEXT() REPRESENTATION_CONTEXT('2D SPACE',''
  ) );
#2165 = ORIENTED_EDGE('',*,*,#2121,.T.);
#2166 = ADVANCED_FACE('',(#2167),#844,.T.);
#2167 = FACE_BOUND('',#2168,.T.);
#2168 = EDGE_LOOP('',(#2169,#2199,#2220,#2221));
#2169 = ORIENTED_EDGE('',*,*,#2170,.F.);
#2170 = EDGE_CURVE('',#2171,#2173,#2175,.T.);
#2171 = VERTEX_POINT('',#2172);
#2172 = CARTESIAN_POINT('',(-44.18342912242,-10.43956852479,10.5));
#2173 = VERTEX_POINT('',#2174);
#2174 = CARTESIAN_POINT('',(-26.09383256146,37.152010743085,10.5));
#2175 = SURFACE_CURVE('',#2176,(#2181,#2188),.PCURVE_S1.);
#2176 = CIRCLE('',#2177,45.4);
#2177 = AXIS2_PLACEMENT_3D('',#2178,#2179,#2180);
#2178 = CARTESIAN_POINT('',(1.717023723128E-14,-8.426770959254E-15,10.5)
  );
#2179 = DIRECTION('',(-0.,0.,-1.));
#2180 = DIRECTION('',(-0.951388533158,-0.307993277485,0.));
#2181 = PCURVE('',#844,#2182);
#2182 = DEFINITIONAL_REPRESENTATION('',(#2183),#2187);
#2183 = LINE('',#2184,#2185);
#2184 = CARTESIAN_POINT('',(0.,-1.));
#2185 = VECTOR('',#2186,1.);
#2186 = DIRECTION('',(1.,0.));
#2187 = ( GEOMETRIC_REPRESENTATION_CONTEXT(2) 
PARAMETRIC_REPRESENTATION_CONTEXT() REPRESENTATION_CONTEXT('2D SPACE',''
  ) );
#2188 = PCURVE('',#43,#2189);
#2189 = DEFINITIONAL_REPRESENTATION('',(#2190),#2198);
#2190 = ( BOUNDED_CURVE() B_SPLINE_CURVE(2,(#2191,#2192,#2193,#2194,
#2195,#2196,#2197),.UNSPECIFIED.,.T.,.F.) B_SPLINE_CURVE_WITH_KNOTS((1,2
    ,2,2,2,1),(-2.094395102393,0.,2.094395102393,4.188790204786,
6.28318530718,8.377580409573),.UNSPECIFIED.) CURVE() 
GEOMETRIC_REPRESENTATION_ITEM() RATIONAL_B_SPLINE_CURVE((1.,0.5,1.,0.5,
1.,0.5,1.)) REPRESENTATION_ITEM('') );
#2191 = CARTESIAN_POINT('',(-43.19303940536,-13.9828947978));
#2192 = CARTESIAN_POINT('',(-67.41212363205,60.829643985616));
#2193 = CARTESIAN_POINT('',(9.48697758934,44.397716790612));
#2194 = CARTESIAN_POINT('',(86.386078810733,27.965789595608));
#2195 = CARTESIAN_POINT('',(33.706061816027,-30.4148219928));
#2196 = CARTESIAN_POINT('',(-18.97395517868,-88.79543358122));
#2197 = CARTESIAN_POINT('',(-43.19303940536,-13.9828947978));
#2198 = ( GEOMETRIC_REPRESENTATION_CONTEXT(2) 
PARAMETRIC_REPRESENTATION_CONTEXT() REPRESENTATION_CONTEXT('2D SPACE',''
  ) );
#2199 = ORIENTED_EDGE('',*,*,#2200,.T.);
#2200 = EDGE_CURVE('',#2171,#824,#2201,.T.);
#2201 = SURFACE_CURVE('',#2202,(#2206,#2213),.PCURVE_S1.);
#2202 = LINE('',#2203,#2204);
#2203 = CARTESIAN_POINT('',(-44.18342912242,-10.43956852479,9.5));
#2204 = VECTOR('',#2205,1.);
#2205 = DIRECTION('',(0.,0.,1.));
#2206 = PCURVE('',#844,#2207);
#2207 = DEFINITIONAL_REPRESENTATION('',(#2208),#2212);
#2208 = LINE('',#2209,#2210);
#2209 = CARTESIAN_POINT('',(8.106040255694E-02,0.));
#2210 = VECTOR('',#2211,1.);
#2211 = DIRECTION('',(0.,-1.));
#2212 = ( GEOMETRIC_REPRESENTATION_CONTEXT(2) 
PARAMETRIC_REPRESENTATION_CONTEXT() REPRESENTATION_CONTEXT('2D SPACE',''
  ) );
#2213 = PCURVE('',#877,#2214);
#2214 = DEFINITIONAL_REPRESENTATION('',(#2215),#2219);
#2215 = LINE('',#2216,#2217);
#2216 = CARTESIAN_POINT('',(-1.489735924238,0.));
#2217 = VECTOR('',#2218,1.);
#2218 = DIRECTION('',(-0.,-1.));
#2219 = ( GEOMETRIC_REPRESENTATION_CONTEXT(2) 
PARAMETRIC_REPRESENTATION_CONTEXT() REPRESENTATION_CONTEXT('2D SPACE',''
  ) );
#2220 = ORIENTED_EDGE('',*,*,#823,.T.);
#2221 = ORIENTED_EDGE('',*,*,#2222,.F.);
#2222 = EDGE_CURVE('',#2173,#791,#2223,.T.);
#2223 = SURFACE_CURVE('',#2224,(#2228,#2235),.PCURVE_S1.);
#2224 = LINE('',#2225,#2226);
#2225 = CARTESIAN_POINT('',(-26.09383256146,37.152010743085,9.5));
#2226 = VECTOR('',#2227,1.);
#2227 = DIRECTION('',(0.,0.,1.));
#2228 = PCURVE('',#844,#2229);
#2229 = DEFINITIONAL_REPRESENTATION('',(#2230),#2234);
#2230 = LINE('',#2231,#2232);
#2231 = CARTESIAN_POINT('',(1.271575851895,0.));
#2232 = VECTOR('',#2233,1.);
#2233 = DIRECTION('',(0.,-1.));
#2234 = ( GEOMETRIC_REPRESENTATION_CONTEXT(2) 
PARAMETRIC_REPRESENTATION_CONTEXT() REPRESENTATION_CONTEXT('2D SPACE',''
  ) );
#2235 = PCURVE('',#811,#2236);
#2236 = DEFINITIONAL_REPRESENTATION('',(#2237),#2241);
#2237 = LINE('',#2238,#2239);
#2238 = CARTESIAN_POINT('',(-0.,0.));
#2239 = VECTOR('',#2240,1.);
#2240 = DIRECTION('',(-0.,-1.));
#2241 = ( GEOMETRIC_REPRESENTATION_CONTEXT(2) 
PARAMETRIC_REPRESENTATION_CONTEXT() REPRESENTATION_CONTEXT('2D SPACE',''
  ) );
#2242 = ADVANCED_FACE('',(#2243),#811,.F.);
#2243 = FACE_BOUND('',#2244,.T.);
#2244 = EDGE_LOOP('',(#2245,#2273,#2274,#2275));
#2245 = ORIENTED_EDGE('',*,*,#2246,.T.);
#2246 = EDGE_CURVE('',#2247,#2173,#2249,.T.);
#2247 = VERTEX_POINT('',#2248);
#2248 = CARTESIAN_POINT('',(-24.94413679677,42.451737767304,10.5));
#2249 = SURFACE_CURVE('',#2250,(#2255,#2262),.PCURVE_S1.);
#2250 = CIRCLE('',#2251,4.);
#2251 = AXIS2_PLACEMENT_3D('',#2252,#2253,#2254);
#2252 = CARTESIAN_POINT('',(-28.39284864617,40.42531565437,10.5));
#2253 = DIRECTION('',(-0.,0.,-1.));
#2254 = DIRECTION('',(0.574754021178,-0.818326227821,-0.));
#2255 = PCURVE('',#811,#2256);
#2256 = DEFINITIONAL_REPRESENTATION('',(#2257),#2261);
#2257 = LINE('',#2258,#2259);
#2258 = CARTESIAN_POINT('',(-6.28318530718,-1.));
#2259 = VECTOR('',#2260,1.);
#2260 = DIRECTION('',(1.,-0.));
#2261 = ( GEOMETRIC_REPRESENTATION_CONTEXT(2) 
PARAMETRIC_REPRESENTATION_CONTEXT() REPRESENTATION_CONTEXT('2D SPACE',''
  ) );
#2262 = PCURVE('',#43,#2263);
#2263 = DEFINITIONAL_REPRESENTATION('',(#2264),#2272);
#2264 = ( BOUNDED_CURVE() B_SPLINE_CURVE(2,(#2265,#2266,#2267,#2268,
#2269,#2270,#2271),.UNSPECIFIED.,.T.,.F.) B_SPLINE_CURVE_WITH_KNOTS((1,2
    ,2,2,2,1),(-2.094395102393,0.,2.094395102393,4.188790204786,
6.28318530718,8.377580409573),.UNSPECIFIED.) CURVE() 
GEOMETRIC_REPRESENTATION_ITEM() RATIONAL_B_SPLINE_CURVE((1.,0.5,1.,0.5,
1.,0.5,1.)) REPRESENTATION_ITEM('') );
#2265 = CARTESIAN_POINT('',(-26.09383256146,37.152010743085));
#2266 = CARTESIAN_POINT('',(-31.76336297647,33.169998076949));
#2267 = CARTESIAN_POINT('',(-32.37712189603,40.070961776945));
#2268 = CARTESIAN_POINT('',(-32.99088081559,46.97192547694));
#2269 = CARTESIAN_POINT('',(-26.70759148102,44.052974443081));
#2270 = CARTESIAN_POINT('',(-20.42430214645,41.134023409222));
#2271 = CARTESIAN_POINT('',(-26.09383256146,37.152010743085));
#2272 = ( GEOMETRIC_REPRESENTATION_CONTEXT(2) 
PARAMETRIC_REPRESENTATION_CONTEXT() REPRESENTATION_CONTEXT('2D SPACE',''
  ) );
#2273 = ORIENTED_EDGE('',*,*,#2222,.T.);
#2274 = ORIENTED_EDGE('',*,*,#790,.F.);
#2275 = ORIENTED_EDGE('',*,*,#2276,.F.);
#2276 = EDGE_CURVE('',#2247,#765,#2277,.T.);
#2277 = SURFACE_CURVE('',#2278,(#2282,#2289),.PCURVE_S1.);
#2278 = LINE('',#2279,#2280);
#2279 = CARTESIAN_POINT('',(-24.94413679677,42.451737767304,9.5));
#2280 = VECTOR('',#2281,1.);
#2281 = DIRECTION('',(0.,0.,1.));
#2282 = PCURVE('',#811,#2283);
#2283 = DEFINITIONAL_REPRESENTATION('',(#2284),#2288);
#2284 = LINE('',#2285,#2286);
#2285 = CARTESIAN_POINT('',(-1.489735924238,0.));
#2286 = VECTOR('',#2287,1.);
#2287 = DIRECTION('',(-0.,-1.));
#2288 = ( GEOMETRIC_REPRESENTATION_CONTEXT(2) 
PARAMETRIC_REPRESENTATION_CONTEXT() REPRESENTATION_CONTEXT('2D SPACE',''
  ) );
#2289 = PCURVE('',#779,#2290);
#2290 = DEFINITIONAL_REPRESENTATION('',(#2291),#2295);
#2291 = LINE('',#2292,#2293);
#2292 = CARTESIAN_POINT('',(0.,0.));
#2293 = VECTOR('',#2294,1.);
#2294 = DIRECTION('',(0.,-1.));
#2295 = ( GEOMETRIC_REPRESENTATION_CONTEXT(2) 
PARAMETRIC_REPRESENTATION_CONTEXT() REPRESENTATION_CONTEXT('2D SPACE',''
  ) );
#2296 = ADVANCED_FACE('',(#2297),#877,.F.);
#2297 = FACE_BOUND('',#2298,.T.);
#2298 = EDGE_LOOP('',(#2299,#2327,#2348,#2349));
#2299 = ORIENTED_EDGE('',*,*,#2300,.T.);
#2300 = EDGE_CURVE('',#2171,#2301,#2303,.T.);
#2301 = VERTEX_POINT('',#2302);
#2302 = CARTESIAN_POINT('',(-46.84426915102,-15.16490843053,10.5));
#2303 = SURFACE_CURVE('',#2304,(#2309,#2316),.PCURVE_S1.);
#2304 = CIRCLE('',#2305,4.);
#2305 = AXIS2_PLACEMENT_3D('',#2306,#2307,#2308);
#2306 = CARTESIAN_POINT('',(-48.07624226096,-11.3593542979,10.5));
#2307 = DIRECTION('',(-0.,0.,-1.));
#2308 = DIRECTION('',(0.307993277485,-0.951388533158,-0.));
#2309 = PCURVE('',#877,#2310);
#2310 = DEFINITIONAL_REPRESENTATION('',(#2311),#2315);
#2311 = LINE('',#2312,#2313);
#2312 = CARTESIAN_POINT('',(-6.28318530718,-1.));
#2313 = VECTOR('',#2314,1.);
#2314 = DIRECTION('',(1.,-0.));
#2315 = ( GEOMETRIC_REPRESENTATION_CONTEXT(2) 
PARAMETRIC_REPRESENTATION_CONTEXT() REPRESENTATION_CONTEXT('2D SPACE',''
  ) );
#2316 = PCURVE('',#43,#2317);
#2317 = DEFINITIONAL_REPRESENTATION('',(#2318),#2326);
#2318 = ( BOUNDED_CURVE() B_SPLINE_CURVE(2,(#2319,#2320,#2321,#2322,
#2323,#2324,#2325),.UNSPECIFIED.,.T.,.F.) B_SPLINE_CURVE_WITH_KNOTS((1,2
    ,2,2,2,1),(-2.094395102393,0.,2.094395102393,4.188790204786,
6.28318530718,8.377580409573),.UNSPECIFIED.) CURVE() 
GEOMETRIC_REPRESENTATION_ITEM() RATIONAL_B_SPLINE_CURVE((1.,0.5,1.,0.5,
1.,0.5,1.)) REPRESENTATION_ITEM('') );
#2319 = CARTESIAN_POINT('',(-46.84426915102,-15.16490843053));
#2320 = CARTESIAN_POINT('',(-53.43568225969,-17.2987484505));
#2321 = CARTESIAN_POINT('',(-51.98793537026,-10.52349724157));
#2322 = CARTESIAN_POINT('',(-50.54018848084,-3.748246032639));
#2323 = CARTESIAN_POINT('',(-45.39652226159,-8.389657221599));
#2324 = CARTESIAN_POINT('',(-40.25285604235,-13.03106841056));
#2325 = CARTESIAN_POINT('',(-46.84426915102,-15.16490843053));
#2326 = ( GEOMETRIC_REPRESENTATION_CONTEXT(2) 
PARAMETRIC_REPRESENTATION_CONTEXT() REPRESENTATION_CONTEXT('2D SPACE',''
  ) );
#2327 = ORIENTED_EDGE('',*,*,#2328,.T.);
#2328 = EDGE_CURVE('',#2301,#857,#2329,.T.);
#2329 = SURFACE_CURVE('',#2330,(#2334,#2341),.PCURVE_S1.);
#2330 = LINE('',#2331,#2332);
#2331 = CARTESIAN_POINT('',(-46.84426915102,-15.16490843053,9.5));
#2332 = VECTOR('',#2333,1.);
#2333 = DIRECTION('',(0.,0.,1.));
#2334 = PCURVE('',#877,#2335);
#2335 = DEFINITIONAL_REPRESENTATION('',(#2336),#2340);
#2336 = LINE('',#2337,#2338);
#2337 = CARTESIAN_POINT('',(-0.,0.));
#2338 = VECTOR('',#2339,1.);
#2339 = DIRECTION('',(-0.,-1.));
#2340 = ( GEOMETRIC_REPRESENTATION_CONTEXT(2) 
PARAMETRIC_REPRESENTATION_CONTEXT() REPRESENTATION_CONTEXT('2D SPACE',''
  ) );
#2341 = PCURVE('',#904,#2342);
#2342 = DEFINITIONAL_REPRESENTATION('',(#2343),#2347);
#2343 = LINE('',#2344,#2345);
#2344 = CARTESIAN_POINT('',(36.969459910418,0.));
#2345 = VECTOR('',#2346,1.);
#2346 = DIRECTION('',(0.,-1.));
#2347 = ( GEOMETRIC_REPRESENTATION_CONTEXT(2) 
PARAMETRIC_REPRESENTATION_CONTEXT() REPRESENTATION_CONTEXT('2D SPACE',''
  ) );
#2348 = ORIENTED_EDGE('',*,*,#856,.F.);
#2349 = ORIENTED_EDGE('',*,*,#2200,.F.);
#2350 = ADVANCED_FACE('',(#2351),#779,.T.);
#2351 = FACE_BOUND('',#2352,.T.);
#2352 = EDGE_LOOP('',(#2353,#2374,#2375,#2376));
#2353 = ORIENTED_EDGE('',*,*,#2354,.F.);
#2354 = EDGE_CURVE('',#2247,#2355,#2357,.T.);
#2355 = VERTEX_POINT('',#2356);
#2356 = CARTESIAN_POINT('',(-43.67306956319,74.325991382074,10.5));
#2357 = SURFACE_CURVE('',#2358,(#2362,#2368),.PCURVE_S1.);
#2358 = LINE('',#2359,#2360);
#2359 = CARTESIAN_POINT('',(-12.47206839838,21.225868883652,10.5));
#2360 = VECTOR('',#2361,1.);
#2361 = DIRECTION('',(-0.506605528234,0.862177962351,0.));
#2362 = PCURVE('',#779,#2363);
#2363 = DEFINITIONAL_REPRESENTATION('',(#2364),#2367);
#2364 = B_SPLINE_CURVE_WITH_KNOTS('',1,(#2365,#2366),.UNSPECIFIED.,.F.,
  .F.,(2,2),(24.618895182359,61.588355092777),.PIECEWISE_BEZIER_KNOTS.);
#2365 = CARTESIAN_POINT('',(0.,-1.));
#2366 = CARTESIAN_POINT('',(36.969459910418,-1.));
#2367 = ( GEOMETRIC_REPRESENTATION_CONTEXT(2) 
PARAMETRIC_REPRESENTATION_CONTEXT() REPRESENTATION_CONTEXT('2D SPACE',''
  ) );
#2368 = PCURVE('',#43,#2369);
#2369 = DEFINITIONAL_REPRESENTATION('',(#2370),#2373);
#2370 = B_SPLINE_CURVE_WITH_KNOTS('',1,(#2371,#2372),.UNSPECIFIED.,.F.,
  .F.,(2,2),(24.618895182359,61.588355092777),.PIECEWISE_BEZIER_KNOTS.);
#2371 = CARTESIAN_POINT('',(-24.94413679677,42.451737767304));
#2372 = CARTESIAN_POINT('',(-43.67306956319,74.325991382074));
#2373 = ( GEOMETRIC_REPRESENTATION_CONTEXT(2) 
PARAMETRIC_REPRESENTATION_CONTEXT() REPRESENTATION_CONTEXT('2D SPACE',''
  ) );
#2374 = ORIENTED_EDGE('',*,*,#2276,.T.);
#2375 = ORIENTED_EDGE('',*,*,#764,.F.);
#2376 = ORIENTED_EDGE('',*,*,#2377,.F.);
#2377 = EDGE_CURVE('',#2355,#732,#2378,.T.);
#2378 = SURFACE_CURVE('',#2379,(#2383,#2390),.PCURVE_S1.);
#2379 = LINE('',#2380,#2381);
#2380 = CARTESIAN_POINT('',(-43.67306956319,74.325991382074,9.5));
#2381 = VECTOR('',#2382,1.);
#2382 = DIRECTION('',(0.,0.,1.));
#2383 = PCURVE('',#779,#2384);
#2384 = DEFINITIONAL_REPRESENTATION('',(#2385),#2389);
#2385 = LINE('',#2386,#2387);
#2386 = CARTESIAN_POINT('',(36.969459910418,0.));
#2387 = VECTOR('',#2388,1.);
#2388 = DIRECTION('',(0.,-1.));
#2389 = ( GEOMETRIC_REPRESENTATION_CONTEXT(2) 
PARAMETRIC_REPRESENTATION_CONTEXT() REPRESENTATION_CONTEXT('2D SPACE',''
  ) );
#2390 = PCURVE('',#752,#2391);
#2391 = DEFINITIONAL_REPRESENTATION('',(#2392),#2396);
#2392 = LINE('',#2393,#2394);
#2393 = CARTESIAN_POINT('',(-0.,0.));
#2394 = VECTOR('',#2395,1.);
#2395 = DIRECTION('',(-0.,-1.));
#2396 = ( GEOMETRIC_REPRESENTATION_CONTEXT(2) 
PARAMETRIC_REPRESENTATION_CONTEXT() REPRESENTATION_CONTEXT('2D SPACE',''
  ) );
#2397 = ADVANCED_FACE('',(#2398),#904,.T.);
#2398 = FACE_BOUND('',#2399,.T.);
#2399 = EDGE_LOOP('',(#2400,#2421,#2442,#2443));
#2400 = ORIENTED_EDGE('',*,*,#2401,.F.);
#2401 = EDGE_CURVE('',#2402,#2301,#2404,.T.);
#2402 = VERTEX_POINT('',#2403);
#2403 = CARTESIAN_POINT('',(-82.01658938683,-26.55125355518,10.5));
#2404 = SURFACE_CURVE('',#2405,(#2409,#2415),.PCURVE_S1.);
#2405 = LINE('',#2406,#2407);
#2406 = CARTESIAN_POINT('',(-41.00829469341,-13.27562677759,10.5));
#2407 = VECTOR('',#2408,1.);
#2408 = DIRECTION('',(0.951388533158,0.307993277485,-0.));
#2409 = PCURVE('',#904,#2410);
#2410 = DEFINITIONAL_REPRESENTATION('',(#2411),#2414);
#2411 = B_SPLINE_CURVE_WITH_KNOTS('',1,(#2412,#2413),.UNSPECIFIED.,.F.,
  .F.,(2,2),(-43.10362513756,-6.134165227151),.PIECEWISE_BEZIER_KNOTS.);
#2412 = CARTESIAN_POINT('',(-7.105427357601E-15,-1.));
#2413 = CARTESIAN_POINT('',(36.969459910418,-1.));
#2414 = ( GEOMETRIC_REPRESENTATION_CONTEXT(2) 
PARAMETRIC_REPRESENTATION_CONTEXT() REPRESENTATION_CONTEXT('2D SPACE',''
  ) );
#2415 = PCURVE('',#43,#2416);
#2416 = DEFINITIONAL_REPRESENTATION('',(#2417),#2420);
#2417 = B_SPLINE_CURVE_WITH_KNOTS('',1,(#2418,#2419),.UNSPECIFIED.,.F.,
  .F.,(2,2),(-43.10362513756,-6.134165227151),.PIECEWISE_BEZIER_KNOTS.);
#2418 = CARTESIAN_POINT('',(-82.01658938683,-26.55125355518));
#2419 = CARTESIAN_POINT('',(-46.84426915102,-15.16490843053));
#2420 = ( GEOMETRIC_REPRESENTATION_CONTEXT(2) 
PARAMETRIC_REPRESENTATION_CONTEXT() REPRESENTATION_CONTEXT('2D SPACE',''
  ) );
#2421 = ORIENTED_EDGE('',*,*,#2422,.T.);
#2422 = EDGE_CURVE('',#2402,#890,#2423,.T.);
#2423 = SURFACE_CURVE('',#2424,(#2428,#2435),.PCURVE_S1.);
#2424 = LINE('',#2425,#2426);
#2425 = CARTESIAN_POINT('',(-82.01658938683,-26.55125355518,9.5));
#2426 = VECTOR('',#2427,1.);
#2427 = DIRECTION('',(0.,0.,1.));
#2428 = PCURVE('',#904,#2429);
#2429 = DEFINITIONAL_REPRESENTATION('',(#2430),#2434);
#2430 = LINE('',#2431,#2432);
#2431 = CARTESIAN_POINT('',(0.,0.));
#2432 = VECTOR('',#2433,1.);
#2433 = DIRECTION('',(0.,-1.));
#2434 = ( GEOMETRIC_REPRESENTATION_CONTEXT(2) 
PARAMETRIC_REPRESENTATION_CONTEXT() REPRESENTATION_CONTEXT('2D SPACE',''
  ) );
#2435 = PCURVE('',#934,#2436);
#2436 = DEFINITIONAL_REPRESENTATION('',(#2437),#2441);
#2437 = LINE('',#2438,#2439);
#2438 = CARTESIAN_POINT('',(-1.617162880651,0.));
#2439 = VECTOR('',#2440,1.);
#2440 = DIRECTION('',(-0.,-1.));
#2441 = ( GEOMETRIC_REPRESENTATION_CONTEXT(2) 
PARAMETRIC_REPRESENTATION_CONTEXT() REPRESENTATION_CONTEXT('2D SPACE',''
  ) );
#2442 = ORIENTED_EDGE('',*,*,#889,.F.);
#2443 = ORIENTED_EDGE('',*,*,#2328,.F.);
#2444 = ADVANCED_FACE('',(#2445),#752,.F.);
#2445 = FACE_BOUND('',#2446,.T.);
#2446 = EDGE_LOOP('',(#2447,#2475,#2476,#2477));
#2447 = ORIENTED_EDGE('',*,*,#2448,.T.);
#2448 = EDGE_CURVE('',#2449,#2355,#2451,.T.);
#2449 = VERTEX_POINT('',#2450);
#2450 = CARTESIAN_POINT('',(-49.30587325095,75.650650115914,10.5));
#2451 = SURFACE_CURVE('',#2452,(#2457,#2464),.PCURVE_S1.);
#2452 = CIRCLE('',#2453,4.);
#2453 = AXIS2_PLACEMENT_3D('',#2454,#2455,#2456);
#2454 = CARTESIAN_POINT('',(-47.1217814126,72.29956926914,10.5));
#2455 = DIRECTION('',(0.,0.,-1.));
#2456 = DIRECTION('',(0.862177962351,0.506605528234,0.));
#2457 = PCURVE('',#752,#2458);
#2458 = DEFINITIONAL_REPRESENTATION('',(#2459),#2463);
#2459 = LINE('',#2460,#2461);
#2460 = CARTESIAN_POINT('',(-6.28318530718,-1.));
#2461 = VECTOR('',#2462,1.);
#2462 = DIRECTION('',(1.,-0.));
#2463 = ( GEOMETRIC_REPRESENTATION_CONTEXT(2) 
PARAMETRIC_REPRESENTATION_CONTEXT() REPRESENTATION_CONTEXT('2D SPACE',''
  ) );
#2464 = PCURVE('',#43,#2465);
#2465 = DEFINITIONAL_REPRESENTATION('',(#2466),#2474);
#2466 = ( BOUNDED_CURVE() B_SPLINE_CURVE(2,(#2467,#2468,#2469,#2470,
#2471,#2472,#2473),.UNSPECIFIED.,.T.,.F.) B_SPLINE_CURVE_WITH_KNOTS((1,2
    ,2,2,2,1),(-2.094395102393,0.,2.094395102393,4.188790204786,
6.28318530718,8.377580409573),.UNSPECIFIED.) CURVE() 
GEOMETRIC_REPRESENTATION_ITEM() RATIONAL_B_SPLINE_CURVE((1.,0.5,1.,0.5,
1.,0.5,1.)) REPRESENTATION_ITEM('') );
#2467 = CARTESIAN_POINT('',(-43.67306956319,74.325991382074));
#2468 = CARTESIAN_POINT('',(-40.16320350601,68.352647238244));
#2469 = CARTESIAN_POINT('',(-47.0912043087,68.299686140758));
#2470 = CARTESIAN_POINT('',(-54.0192051114,68.246725043272));
#2471 = CARTESIAN_POINT('',(-50.60107036589,74.273030284588));
#2472 = CARTESIAN_POINT('',(-47.18293562038,80.299335525905));
#2473 = CARTESIAN_POINT('',(-43.67306956319,74.325991382074));
#2474 = ( GEOMETRIC_REPRESENTATION_CONTEXT(2) 
PARAMETRIC_REPRESENTATION_CONTEXT() REPRESENTATION_CONTEXT('2D SPACE',''
  ) );
#2475 = ORIENTED_EDGE('',*,*,#2377,.T.);
#2476 = ORIENTED_EDGE('',*,*,#731,.F.);
#2477 = ORIENTED_EDGE('',*,*,#2478,.F.);
#2478 = EDGE_CURVE('',#2449,#699,#2479,.T.);
#2479 = SURFACE_CURVE('',#2480,(#2484,#2491),.PCURVE_S1.);
#2480 = LINE('',#2481,#2482);
#2481 = CARTESIAN_POINT('',(-49.30587325095,75.650650115914,9.5));
#2482 = VECTOR('',#2483,1.);
#2483 = DIRECTION('',(0.,0.,1.));
#2484 = PCURVE('',#752,#2485);
#2485 = DEFINITIONAL_REPRESENTATION('',(#2486),#2490);
#2486 = LINE('',#2487,#2488);
#2487 = CARTESIAN_POINT('',(-1.617162880651,0.));
#2488 = VECTOR('',#2489,1.);
#2489 = DIRECTION('',(-0.,-1.));
#2490 = ( GEOMETRIC_REPRESENTATION_CONTEXT(2) 
PARAMETRIC_REPRESENTATION_CONTEXT() REPRESENTATION_CONTEXT('2D SPACE',''
  ) );
#2491 = PCURVE('',#719,#2492);
#2492 = DEFINITIONAL_REPRESENTATION('',(#2493),#2497);
#2493 = LINE('',#2494,#2495);
#2494 = CARTESIAN_POINT('',(-4.6366553856E-02,0.));
#2495 = VECTOR('',#2496,1.);
#2496 = DIRECTION('',(-0.,-1.));
#2497 = ( GEOMETRIC_REPRESENTATION_CONTEXT(2) 
PARAMETRIC_REPRESENTATION_CONTEXT() REPRESENTATION_CONTEXT('2D SPACE',''
  ) );
#2498 = ADVANCED_FACE('',(#2499),#934,.F.);
#2499 = FACE_BOUND('',#2500,.T.);
#2500 = EDGE_LOOP('',(#2501,#2529,#2550,#2551));
#2501 = ORIENTED_EDGE('',*,*,#2502,.T.);
#2502 = EDGE_CURVE('',#2402,#2503,#2505,.T.);
#2503 = VERTEX_POINT('',#2504);
#2504 = CARTESIAN_POINT('',(-87.10712854529,-23.79996127295,10.5));
#2505 = SURFACE_CURVE('',#2506,(#2511,#2518),.PCURVE_S1.);
#2506 = CIRCLE('',#2507,4.);
#2507 = AXIS2_PLACEMENT_3D('',#2508,#2509,#2510);
#2508 = CARTESIAN_POINT('',(-83.24856249677,-22.74569942254,10.5));
#2509 = DIRECTION('',(-0.,0.,-1.));
#2510 = DIRECTION('',(-0.964641512129,-0.263565462602,0.));
#2511 = PCURVE('',#934,#2512);
#2512 = DEFINITIONAL_REPRESENTATION('',(#2513),#2517);
#2513 = LINE('',#2514,#2515);
#2514 = CARTESIAN_POINT('',(-6.28318530718,-1.));
#2515 = VECTOR('',#2516,1.);
#2516 = DIRECTION('',(1.,-0.));
#2517 = ( GEOMETRIC_REPRESENTATION_CONTEXT(2) 
PARAMETRIC_REPRESENTATION_CONTEXT() REPRESENTATION_CONTEXT('2D SPACE',''
  ) );
#2518 = PCURVE('',#43,#2519);
#2519 = DEFINITIONAL_REPRESENTATION('',(#2520),#2528);
#2520 = ( BOUNDED_CURVE() B_SPLINE_CURVE(2,(#2521,#2522,#2523,#2524,
#2525,#2526,#2527),.UNSPECIFIED.,.T.,.F.) B_SPLINE_CURVE_WITH_KNOTS((1,2
    ,2,2,2,1),(-2.094395102393,0.,2.094395102393,4.188790204786,
6.28318530718,8.377580409573),.UNSPECIFIED.) CURVE() 
GEOMETRIC_REPRESENTATION_ITEM() RATIONAL_B_SPLINE_CURVE((1.,0.5,1.,0.5,
1.,0.5,1.)) REPRESENTATION_ITEM('') );
#2521 = CARTESIAN_POINT('',(-87.10712854529,-23.79996127295));
#2522 = CARTESIAN_POINT('',(-88.93316363467,-17.11672883256));
#2523 = CARTESIAN_POINT('',(-82.2322970172,-18.87695227714));
#2524 = CARTESIAN_POINT('',(-75.53143039973,-20.63717572173));
#2525 = CARTESIAN_POINT('',(-80.40626192782,-25.56018471754));
#2526 = CARTESIAN_POINT('',(-85.2810934559,-30.48319371335));
#2527 = CARTESIAN_POINT('',(-87.10712854529,-23.79996127295));
#2528 = ( GEOMETRIC_REPRESENTATION_CONTEXT(2) 
PARAMETRIC_REPRESENTATION_CONTEXT() REPRESENTATION_CONTEXT('2D SPACE',''
  ) );
#2529 = ORIENTED_EDGE('',*,*,#2530,.T.);
#2530 = EDGE_CURVE('',#2503,#697,#2531,.T.);
#2531 = SURFACE_CURVE('',#2532,(#2536,#2543),.PCURVE_S1.);
#2532 = LINE('',#2533,#2534);
#2533 = CARTESIAN_POINT('',(-87.10712854529,-23.79996127295,9.5));
#2534 = VECTOR('',#2535,1.);
#2535 = DIRECTION('',(0.,0.,1.));
#2536 = PCURVE('',#934,#2537);
#2537 = DEFINITIONAL_REPRESENTATION('',(#2538),#2542);
#2538 = LINE('',#2539,#2540);
#2539 = CARTESIAN_POINT('',(-0.,0.));
#2540 = VECTOR('',#2541,1.);
#2541 = DIRECTION('',(-0.,-1.));
#2542 = ( GEOMETRIC_REPRESENTATION_CONTEXT(2) 
PARAMETRIC_REPRESENTATION_CONTEXT() REPRESENTATION_CONTEXT('2D SPACE',''
  ) );
#2543 = PCURVE('',#719,#2544);
#2544 = DEFINITIONAL_REPRESENTATION('',(#2545),#2549);
#2545 = LINE('',#2546,#2547);
#2546 = CARTESIAN_POINT('',(-1.306269700596,0.));
#2547 = VECTOR('',#2548,1.);
#2548 = DIRECTION('',(-0.,-1.));
#2549 = ( GEOMETRIC_REPRESENTATION_CONTEXT(2) 
PARAMETRIC_REPRESENTATION_CONTEXT() REPRESENTATION_CONTEXT('2D SPACE',''
  ) );
#2550 = ORIENTED_EDGE('',*,*,#915,.F.);
#2551 = ORIENTED_EDGE('',*,*,#2422,.F.);
#2552 = ADVANCED_FACE('',(#2553),#719,.F.);
#2553 = FACE_BOUND('',#2554,.T.);
#2554 = EDGE_LOOP('',(#2555,#2581,#2582,#2583));
#2555 = ORIENTED_EDGE('',*,*,#2556,.T.);
#2556 = EDGE_CURVE('',#2503,#2449,#2557,.T.);
#2557 = SURFACE_CURVE('',#2558,(#2563,#2570),.PCURVE_S1.);
#2558 = CIRCLE('',#2559,90.3);
#2559 = AXIS2_PLACEMENT_3D('',#2560,#2561,#2562);
#2560 = CARTESIAN_POINT('',(6.006144667292E-14,-2.282940292999E-14,10.5)
  );
#2561 = DIRECTION('',(-0.,0.,-1.));
#2562 = DIRECTION('',(-0.506605528234,0.862177962351,0.));
#2563 = PCURVE('',#719,#2564);
#2564 = DEFINITIONAL_REPRESENTATION('',(#2565),#2569);
#2565 = LINE('',#2566,#2567);
#2566 = CARTESIAN_POINT('',(-6.28318530718,-1.));
#2567 = VECTOR('',#2568,1.);
#2568 = DIRECTION('',(1.,-0.));
#2569 = ( GEOMETRIC_REPRESENTATION_CONTEXT(2) 
PARAMETRIC_REPRESENTATION_CONTEXT() REPRESENTATION_CONTEXT('2D SPACE',''
  ) );
#2570 = PCURVE('',#43,#2571);
#2571 = DEFINITIONAL_REPRESENTATION('',(#2572),#2580);
#2572 = ( BOUNDED_CURVE() B_SPLINE_CURVE(2,(#2573,#2574,#2575,#2576,
#2577,#2578,#2579),.UNSPECIFIED.,.T.,.F.) B_SPLINE_CURVE_WITH_KNOTS((1,2
    ,2,2,2,1),(-2.094395102393,0.,2.094395102393,4.188790204786,
6.28318530718,8.377580409573),.UNSPECIFIED.) CURVE() 
GEOMETRIC_REPRESENTATION_ITEM() RATIONAL_B_SPLINE_CURVE((1.,0.5,1.,0.5,
1.,0.5,1.)) REPRESENTATION_ITEM('') );
#2573 = CARTESIAN_POINT('',(-45.74647919948,77.854670000269));
#2574 = CARTESIAN_POINT('',(89.101764847485,157.08989624117));
#2575 = CARTESIAN_POINT('',(90.297361623231,0.69027812032));
#2576 = CARTESIAN_POINT('',(91.492958398978,-155.7093400005));
#2577 = CARTESIAN_POINT('',(-44.55088242374,-78.54494812058));
#2578 = CARTESIAN_POINT('',(-180.5947232464,-1.380556240639));
#2579 = CARTESIAN_POINT('',(-45.74647919948,77.854670000269));
#2580 = ( GEOMETRIC_REPRESENTATION_CONTEXT(2) 
PARAMETRIC_REPRESENTATION_CONTEXT() REPRESENTATION_CONTEXT('2D SPACE',''
  ) );
#2581 = ORIENTED_EDGE('',*,*,#2478,.T.);
#2582 = ORIENTED_EDGE('',*,*,#696,.F.);
#2583 = ORIENTED_EDGE('',*,*,#2530,.F.);
#2584 = ADVANCED_FACE('',(#2585),#679,.F.);
#2585 = FACE_BOUND('',#2586,.F.);
#2586 = EDGE_LOOP('',(#2587,#2588,#2611,#2633));
#2587 = ORIENTED_EDGE('',*,*,#662,.F.);
#2588 = ORIENTED_EDGE('',*,*,#2589,.F.);
#2589 = EDGE_CURVE('',#2590,#663,#2592,.T.);
#2590 = VERTEX_POINT('',#2591);
#2591 = CARTESIAN_POINT('',(34.544761199567,-13.81443152877,10.5));
#2592 = SEAM_CURVE('',#2593,(#2597,#2604),.PCURVE_S1.);
#2593 = LINE('',#2594,#2595);
#2594 = CARTESIAN_POINT('',(34.544761199567,-13.81443152877,-1.));
#2595 = VECTOR('',#2596,1.);
#2596 = DIRECTION('',(0.,0.,1.));
#2597 = PCURVE('',#679,#2598);
#2598 = DEFINITIONAL_REPRESENTATION('',(#2599),#2603);
#2599 = LINE('',#2600,#2601);
#2600 = CARTESIAN_POINT('',(6.28318530718,-0.));
#2601 = VECTOR('',#2602,1.);
#2602 = DIRECTION('',(0.,1.));
#2603 = ( GEOMETRIC_REPRESENTATION_CONTEXT(2) 
PARAMETRIC_REPRESENTATION_CONTEXT() REPRESENTATION_CONTEXT('2D SPACE',''
  ) );
#2604 = PCURVE('',#679,#2605);
#2605 = DEFINITIONAL_REPRESENTATION('',(#2606),#2610);
#2606 = LINE('',#2607,#2608);
#2607 = CARTESIAN_POINT('',(0.,-0.));
#2608 = VECTOR('',#2609,1.);
#2609 = DIRECTION('',(0.,1.));
#2610 = ( GEOMETRIC_REPRESENTATION_CONTEXT(2) 
PARAMETRIC_REPRESENTATION_CONTEXT() REPRESENTATION_CONTEXT('2D SPACE',''
  ) );
#2611 = ORIENTED_EDGE('',*,*,#2612,.T.);
#2612 = EDGE_CURVE('',#2590,#2590,#2613,.T.);
#2613 = SURFACE_CURVE('',#2614,(#2619,#2626),.PCURVE_S1.);
#2614 = CIRCLE('',#2615,2.);
#2615 = AXIS2_PLACEMENT_3D('',#2616,#2617,#2618);
#2616 = CARTESIAN_POINT('',(32.544761199567,-13.81443152877,10.5));
#2617 = DIRECTION('',(0.,0.,1.));
#2618 = DIRECTION('',(1.,0.,-0.));
#2619 = PCURVE('',#679,#2620);
#2620 = DEFINITIONAL_REPRESENTATION('',(#2621),#2625);
#2621 = LINE('',#2622,#2623);
#2622 = CARTESIAN_POINT('',(0.,11.5));
#2623 = VECTOR('',#2624,1.);
#2624 = DIRECTION('',(1.,0.));
#2625 = ( GEOMETRIC_REPRESENTATION_CONTEXT(2) 
PARAMETRIC_REPRESENTATION_CONTEXT() REPRESENTATION_CONTEXT('2D SPACE',''
  ) );
#2626 = PCURVE('',#43,#2627);
#2627 = DEFINITIONAL_REPRESENTATION('',(#2628),#2632);
#2628 = CIRCLE('',#2629,2.);
#2629 = AXIS2_PLACEMENT_2D('',#2630,#2631);
#2630 = CARTESIAN_POINT('',(32.544761199567,-13.81443152877));
#2631 = DIRECTION('',(1.,-0.));
#2632 = ( GEOMETRIC_REPRESENTATION_CONTEXT(2) 
PARAMETRIC_REPRESENTATION_CONTEXT() REPRESENTATION_CONTEXT('2D SPACE',''
  ) );
#2633 = ORIENTED_EDGE('',*,*,#2589,.T.);
#2634 = ADVANCED_FACE('',(#2635),#648,.F.);
#2635 = FACE_BOUND('',#2636,.F.);
#2636 = EDGE_LOOP('',(#2637,#2638,#2661,#2683));
#2637 = ORIENTED_EDGE('',*,*,#631,.F.);
#2638 = ORIENTED_EDGE('',*,*,#2639,.F.);
#2639 = EDGE_CURVE('',#2640,#632,#2642,.T.);
#2640 = VERTEX_POINT('',#2641);
#2641 = CARTESIAN_POINT('',(45.594238249443,-24.765,10.5));
#2642 = SEAM_CURVE('',#2643,(#2647,#2654),.PCURVE_S1.);
#2643 = LINE('',#2644,#2645);
#2644 = CARTESIAN_POINT('',(45.594238249443,-24.765,-1.));
#2645 = VECTOR('',#2646,1.);
#2646 = DIRECTION('',(0.,0.,1.));
#2647 = PCURVE('',#648,#2648);
#2648 = DEFINITIONAL_REPRESENTATION('',(#2649),#2653);
#2649 = LINE('',#2650,#2651);
#2650 = CARTESIAN_POINT('',(6.28318530718,-0.));
#2651 = VECTOR('',#2652,1.);
#2652 = DIRECTION('',(0.,1.));
#2653 = ( GEOMETRIC_REPRESENTATION_CONTEXT(2) 
PARAMETRIC_REPRESENTATION_CONTEXT() REPRESENTATION_CONTEXT('2D SPACE',''
  ) );
#2654 = PCURVE('',#648,#2655);
#2655 = DEFINITIONAL_REPRESENTATION('',(#2656),#2660);
#2656 = LINE('',#2657,#2658);
#2657 = CARTESIAN_POINT('',(0.,-0.));
#2658 = VECTOR('',#2659,1.);
#2659 = DIRECTION('',(0.,1.));
#2660 = ( GEOMETRIC_REPRESENTATION_CONTEXT(2) 
PARAMETRIC_REPRESENTATION_CONTEXT() REPRESENTATION_CONTEXT('2D SPACE',''
  ) );
#2661 = ORIENTED_EDGE('',*,*,#2662,.T.);
#2662 = EDGE_CURVE('',#2640,#2640,#2663,.T.);
#2663 = SURFACE_CURVE('',#2664,(#2669,#2676),.PCURVE_S1.);
#2664 = CIRCLE('',#2665,2.7);
#2665 = AXIS2_PLACEMENT_3D('',#2666,#2667,#2668);
#2666 = CARTESIAN_POINT('',(42.894238249443,-24.765,10.5));
#2667 = DIRECTION('',(0.,0.,1.));
#2668 = DIRECTION('',(1.,0.,-0.));
#2669 = PCURVE('',#648,#2670);
#2670 = DEFINITIONAL_REPRESENTATION('',(#2671),#2675);
#2671 = LINE('',#2672,#2673);
#2672 = CARTESIAN_POINT('',(0.,11.5));
#2673 = VECTOR('',#2674,1.);
#2674 = DIRECTION('',(1.,0.));
#2675 = ( GEOMETRIC_REPRESENTATION_CONTEXT(2) 
PARAMETRIC_REPRESENTATION_CONTEXT() REPRESENTATION_CONTEXT('2D SPACE',''
  ) );
#2676 = PCURVE('',#43,#2677);
#2677 = DEFINITIONAL_REPRESENTATION('',(#2678),#2682);
#2678 = CIRCLE('',#2679,2.7);
#2679 = AXIS2_PLACEMENT_2D('',#2680,#2681);
#2680 = CARTESIAN_POINT('',(42.894238249443,-24.765));
#2681 = DIRECTION('',(1.,-0.));
#2682 = ( GEOMETRIC_REPRESENTATION_CONTEXT(2) 
PARAMETRIC_REPRESENTATION_CONTEXT() REPRESENTATION_CONTEXT('2D SPACE',''
  ) );
#2683 = ORIENTED_EDGE('',*,*,#2639,.T.);
#2684 = ADVANCED_FACE('',(#2685),#527,.T.);
#2685 = FACE_BOUND('',#2686,.T.);
#2686 = EDGE_LOOP('',(#2687,#2717,#2738,#2739));
#2687 = ORIENTED_EDGE('',*,*,#2688,.F.);
#2688 = EDGE_CURVE('',#2689,#2691,#2693,.T.);
#2689 = VERTEX_POINT('',#2690);
#2690 = CARTESIAN_POINT('',(31.13264610823,-33.04418778393,10.5));
#2691 = VERTEX_POINT('',#2692);
#2692 = CARTESIAN_POINT('',(-19.12766882445,-41.17392725186,10.5));
#2693 = SURFACE_CURVE('',#2694,(#2699,#2706),.PCURVE_S1.);
#2694 = CIRCLE('',#2695,45.4);
#2695 = AXIS2_PLACEMENT_3D('',#2696,#2697,#2698);
#2696 = CARTESIAN_POINT('',(3.840201411215E-15,-7.054189373994E-15,10.5)
  );
#2697 = DIRECTION('',(-0.,0.,-1.));
#2698 = DIRECTION('',(0.742424269075,-0.669929999842,-0.));
#2699 = PCURVE('',#527,#2700);
#2700 = DEFINITIONAL_REPRESENTATION('',(#2701),#2705);
#2701 = LINE('',#2702,#2703);
#2702 = CARTESIAN_POINT('',(0.,-1.));
#2703 = VECTOR('',#2704,1.);
#2704 = DIRECTION('',(1.,0.));
#2705 = ( GEOMETRIC_REPRESENTATION_CONTEXT(2) 
PARAMETRIC_REPRESENTATION_CONTEXT() REPRESENTATION_CONTEXT('2D SPACE',''
  ) );
#2706 = PCURVE('',#43,#2707);
#2707 = DEFINITIONAL_REPRESENTATION('',(#2708),#2716);
#2708 = ( BOUNDED_CURVE() B_SPLINE_CURVE(2,(#2709,#2710,#2711,#2712,
#2713,#2714,#2715),.UNSPECIFIED.,.T.,.F.) B_SPLINE_CURVE_WITH_KNOTS((1,2
    ,2,2,2,1),(-2.094395102393,0.,2.094395102393,4.188790204786,
6.28318530718,8.377580409573),.UNSPECIFIED.) CURVE() 
GEOMETRIC_REPRESENTATION_ITEM() RATIONAL_B_SPLINE_CURVE((1.,0.5,1.,0.5,
1.,0.5,1.)) REPRESENTATION_ITEM('') );
#2709 = CARTESIAN_POINT('',(33.706061816027,-30.4148219928));
#2710 = CARTESIAN_POINT('',(-18.97395517868,-88.79543358122));
#2711 = CARTESIAN_POINT('',(-43.19303940536,-13.9828947978));
#2712 = CARTESIAN_POINT('',(-67.41212363205,60.829643985616));
#2713 = CARTESIAN_POINT('',(9.48697758934,44.397716790612));
#2714 = CARTESIAN_POINT('',(86.386078810733,27.965789595608));
#2715 = CARTESIAN_POINT('',(33.706061816027,-30.4148219928));
#2716 = ( GEOMETRIC_REPRESENTATION_CONTEXT(2) 
PARAMETRIC_REPRESENTATION_CONTEXT() REPRESENTATION_CONTEXT('2D SPACE',''
  ) );
#2717 = ORIENTED_EDGE('',*,*,#2718,.T.);
#2718 = EDGE_CURVE('',#2689,#507,#2719,.T.);
#2719 = SURFACE_CURVE('',#2720,(#2724,#2731),.PCURVE_S1.);
#2720 = LINE('',#2721,#2722);
#2721 = CARTESIAN_POINT('',(31.13264610823,-33.04418778393,9.5));
#2722 = VECTOR('',#2723,1.);
#2723 = DIRECTION('',(0.,0.,1.));
#2724 = PCURVE('',#527,#2725);
#2725 = DEFINITIONAL_REPRESENTATION('',(#2726),#2730);
#2726 = LINE('',#2727,#2728);
#2727 = CARTESIAN_POINT('',(8.106040255694E-02,0.));
#2728 = VECTOR('',#2729,1.);
#2729 = DIRECTION('',(0.,-1.));
#2730 = ( GEOMETRIC_REPRESENTATION_CONTEXT(2) 
PARAMETRIC_REPRESENTATION_CONTEXT() REPRESENTATION_CONTEXT('2D SPACE',''
  ) );
#2731 = PCURVE('',#560,#2732);
#2732 = DEFINITIONAL_REPRESENTATION('',(#2733),#2737);
#2733 = LINE('',#2734,#2735);
#2734 = CARTESIAN_POINT('',(-1.489735924238,0.));
#2735 = VECTOR('',#2736,1.);
#2736 = DIRECTION('',(-0.,-1.));
#2737 = ( GEOMETRIC_REPRESENTATION_CONTEXT(2) 
PARAMETRIC_REPRESENTATION_CONTEXT() REPRESENTATION_CONTEXT('2D SPACE',''
  ) );
#2738 = ORIENTED_EDGE('',*,*,#506,.T.);
#2739 = ORIENTED_EDGE('',*,*,#2740,.F.);
#2740 = EDGE_CURVE('',#2691,#474,#2741,.T.);
#2741 = SURFACE_CURVE('',#2742,(#2746,#2753),.PCURVE_S1.);
#2742 = LINE('',#2743,#2744);
#2743 = CARTESIAN_POINT('',(-19.12766882445,-41.17392725186,9.5));
#2744 = VECTOR('',#2745,1.);
#2745 = DIRECTION('',(0.,0.,1.));
#2746 = PCURVE('',#527,#2747);
#2747 = DEFINITIONAL_REPRESENTATION('',(#2748),#2752);
#2748 = LINE('',#2749,#2750);
#2749 = CARTESIAN_POINT('',(1.271575851895,0.));
#2750 = VECTOR('',#2751,1.);
#2751 = DIRECTION('',(0.,-1.));
#2752 = ( GEOMETRIC_REPRESENTATION_CONTEXT(2) 
PARAMETRIC_REPRESENTATION_CONTEXT() REPRESENTATION_CONTEXT('2D SPACE',''
  ) );
#2753 = PCURVE('',#494,#2754);
#2754 = DEFINITIONAL_REPRESENTATION('',(#2755),#2759);
#2755 = LINE('',#2756,#2757);
#2756 = CARTESIAN_POINT('',(-0.,0.));
#2757 = VECTOR('',#2758,1.);
#2758 = DIRECTION('',(-0.,-1.));
#2759 = ( GEOMETRIC_REPRESENTATION_CONTEXT(2) 
PARAMETRIC_REPRESENTATION_CONTEXT() REPRESENTATION_CONTEXT('2D SPACE',''
  ) );
#2760 = ADVANCED_FACE('',(#2761),#494,.F.);
#2761 = FACE_BOUND('',#2762,.T.);
#2762 = EDGE_LOOP('',(#2763,#2791,#2792,#2793));
#2763 = ORIENTED_EDGE('',*,*,#2764,.T.);
#2764 = EDGE_CURVE('',#2765,#2691,#2767,.T.);
#2765 = VERTEX_POINT('',#2766);
#2766 = CARTESIAN_POINT('',(-24.29221494289,-42.82812502513,10.5));
#2767 = SURFACE_CURVE('',#2768,(#2773,#2780),.PCURVE_S1.);
#2768 = CIRCLE('',#2769,4.);
#2769 = AXIS2_PLACEMENT_3D('',#2770,#2771,#2772);
#2770 = CARTESIAN_POINT('',(-20.8129259896,-44.80158604057,10.5));
#2771 = DIRECTION('',(0.,0.,-1.));
#2772 = DIRECTION('',(0.421314291288,0.906914697178,0.));
#2773 = PCURVE('',#494,#2774);
#2774 = DEFINITIONAL_REPRESENTATION('',(#2775),#2779);
#2775 = LINE('',#2776,#2777);
#2776 = CARTESIAN_POINT('',(-6.28318530718,-1.));
#2777 = VECTOR('',#2778,1.);
#2778 = DIRECTION('',(1.,-0.));
#2779 = ( GEOMETRIC_REPRESENTATION_CONTEXT(2) 
PARAMETRIC_REPRESENTATION_CONTEXT() REPRESENTATION_CONTEXT('2D SPACE',''
  ) );
#2780 = PCURVE('',#43,#2781);
#2781 = DEFINITIONAL_REPRESENTATION('',(#2782),#2790);
#2782 = ( BOUNDED_CURVE() B_SPLINE_CURVE(2,(#2783,#2784,#2785,#2786,
#2787,#2788,#2789),.UNSPECIFIED.,.T.,.F.) B_SPLINE_CURVE_WITH_KNOTS((1,2
    ,2,2,2,1),(-2.094395102393,0.,2.094395102393,4.188790204786,
6.28318530718,8.377580409573),.UNSPECIFIED.) CURVE() 
GEOMETRIC_REPRESENTATION_ITEM() RATIONAL_B_SPLINE_CURVE((1.,0.5,1.,0.5,
1.,0.5,1.)) REPRESENTATION_ITEM('') );
#2783 = CARTESIAN_POINT('',(-19.12766882445,-41.17392725186));
#2784 = CARTESIAN_POINT('',(-12.84437948988,-44.09287828572));
#2785 = CARTESIAN_POINT('',(-18.51390990489,-48.07489095186));
#2786 = CARTESIAN_POINT('',(-24.1834403199,-52.056903618));
#2787 = CARTESIAN_POINT('',(-24.79719923946,-45.155939918));
#2788 = CARTESIAN_POINT('',(-25.41095815902,-38.254976218));
#2789 = CARTESIAN_POINT('',(-19.12766882445,-41.17392725186));
#2790 = ( GEOMETRIC_REPRESENTATION_CONTEXT(2) 
PARAMETRIC_REPRESENTATION_CONTEXT() REPRESENTATION_CONTEXT('2D SPACE',''
  ) );
#2791 = ORIENTED_EDGE('',*,*,#2740,.T.);
#2792 = ORIENTED_EDGE('',*,*,#473,.F.);
#2793 = ORIENTED_EDGE('',*,*,#2794,.F.);
#2794 = EDGE_CURVE('',#2765,#448,#2795,.T.);
#2795 = SURFACE_CURVE('',#2796,(#2800,#2807),.PCURVE_S1.);
#2796 = LINE('',#2797,#2798);
#2797 = CARTESIAN_POINT('',(-24.29221494289,-42.82812502513,9.5));
#2798 = VECTOR('',#2799,1.);
#2799 = DIRECTION('',(0.,0.,1.));
#2800 = PCURVE('',#494,#2801);
#2801 = DEFINITIONAL_REPRESENTATION('',(#2802),#2806);
#2802 = LINE('',#2803,#2804);
#2803 = CARTESIAN_POINT('',(-1.489735924238,0.));
#2804 = VECTOR('',#2805,1.);
#2805 = DIRECTION('',(-0.,-1.));
#2806 = ( GEOMETRIC_REPRESENTATION_CONTEXT(2) 
PARAMETRIC_REPRESENTATION_CONTEXT() REPRESENTATION_CONTEXT('2D SPACE',''
  ) );
#2807 = PCURVE('',#462,#2808);
#2808 = DEFINITIONAL_REPRESENTATION('',(#2809),#2813);
#2809 = LINE('',#2810,#2811);
#2810 = CARTESIAN_POINT('',(0.,0.));
#2811 = VECTOR('',#2812,1.);
#2812 = DIRECTION('',(0.,-1.));
#2813 = ( GEOMETRIC_REPRESENTATION_CONTEXT(2) 
PARAMETRIC_REPRESENTATION_CONTEXT() REPRESENTATION_CONTEXT('2D SPACE',''
  ) );
#2814 = ADVANCED_FACE('',(#2815),#560,.F.);
#2815 = FACE_BOUND('',#2816,.T.);
#2816 = EDGE_LOOP('',(#2817,#2845,#2866,#2867));
#2817 = ORIENTED_EDGE('',*,*,#2818,.T.);
#2818 = EDGE_CURVE('',#2689,#2819,#2821,.T.);
#2819 = VERTEX_POINT('',#2820);
#2820 = CARTESIAN_POINT('',(36.555330522418,-32.98587289123,10.5));
#2821 = SURFACE_CURVE('',#2822,(#2827,#2834),.PCURVE_S1.);
#2822 = CIRCLE('',#2823,4.);
#2823 = AXIS2_PLACEMENT_3D('',#2824,#2825,#2826);
#2824 = CARTESIAN_POINT('',(33.875610523052,-35.95556996753,10.5));
#2825 = DIRECTION('',(0.,0.,-1.));
#2826 = DIRECTION('',(0.669929999842,0.742424269075,0.));
#2827 = PCURVE('',#560,#2828);
#2828 = DEFINITIONAL_REPRESENTATION('',(#2829),#2833);
#2829 = LINE('',#2830,#2831);
#2830 = CARTESIAN_POINT('',(-6.28318530718,-1.));
#2831 = VECTOR('',#2832,1.);
#2832 = DIRECTION('',(1.,-0.));
#2833 = ( GEOMETRIC_REPRESENTATION_CONTEXT(2) 
PARAMETRIC_REPRESENTATION_CONTEXT() REPRESENTATION_CONTEXT('2D SPACE',''
  ) );
#2834 = PCURVE('',#43,#2835);
#2835 = DEFINITIONAL_REPRESENTATION('',(#2836),#2844);
#2836 = ( BOUNDED_CURVE() B_SPLINE_CURVE(2,(#2837,#2838,#2839,#2840,
#2841,#2842,#2843),.UNSPECIFIED.,.T.,.F.) B_SPLINE_CURVE_WITH_KNOTS((1,2
    ,2,2,2,1),(-2.094395102393,0.,2.094395102393,4.188790204786,
6.28318530718,8.377580409573),.UNSPECIFIED.) CURVE() 
GEOMETRIC_REPRESENTATION_ITEM() RATIONAL_B_SPLINE_CURVE((1.,0.5,1.,0.5,
1.,0.5,1.)) REPRESENTATION_ITEM('') );
#2837 = CARTESIAN_POINT('',(36.555330522418,-32.98587289123));
#2838 = CARTESIAN_POINT('',(41.698996741662,-37.62728408019));
#2839 = CARTESIAN_POINT('',(35.10758363299,-39.76112410016));
#2840 = CARTESIAN_POINT('',(28.516170524319,-41.89496412014));
#2841 = CARTESIAN_POINT('',(29.963917413747,-35.1197129112));
#2842 = CARTESIAN_POINT('',(31.411664303174,-28.34446170227));
#2843 = CARTESIAN_POINT('',(36.555330522418,-32.98587289123));
#2844 = ( GEOMETRIC_REPRESENTATION_CONTEXT(2) 
PARAMETRIC_REPRESENTATION_CONTEXT() REPRESENTATION_CONTEXT('2D SPACE',''
  ) );
#2845 = ORIENTED_EDGE('',*,*,#2846,.T.);
#2846 = EDGE_CURVE('',#2819,#540,#2847,.T.);
#2847 = SURFACE_CURVE('',#2848,(#2852,#2859),.PCURVE_S1.);
#2848 = LINE('',#2849,#2850);
#2849 = CARTESIAN_POINT('',(36.555330522418,-32.98587289123,9.5));
#2850 = VECTOR('',#2851,1.);
#2851 = DIRECTION('',(0.,0.,1.));
#2852 = PCURVE('',#560,#2853);
#2853 = DEFINITIONAL_REPRESENTATION('',(#2854),#2858);
#2854 = LINE('',#2855,#2856);
#2855 = CARTESIAN_POINT('',(-0.,0.));
#2856 = VECTOR('',#2857,1.);
#2857 = DIRECTION('',(-0.,-1.));
#2858 = ( GEOMETRIC_REPRESENTATION_CONTEXT(2) 
PARAMETRIC_REPRESENTATION_CONTEXT() REPRESENTATION_CONTEXT('2D SPACE',''
  ) );
#2859 = PCURVE('',#587,#2860);
#2860 = DEFINITIONAL_REPRESENTATION('',(#2861),#2865);
#2861 = LINE('',#2862,#2863);
#2862 = CARTESIAN_POINT('',(36.969459910417,0.));
#2863 = VECTOR('',#2864,1.);
#2864 = DIRECTION('',(0.,-1.));
#2865 = ( GEOMETRIC_REPRESENTATION_CONTEXT(2) 
PARAMETRIC_REPRESENTATION_CONTEXT() REPRESENTATION_CONTEXT('2D SPACE',''
  ) );
#2866 = ORIENTED_EDGE('',*,*,#539,.F.);
#2867 = ORIENTED_EDGE('',*,*,#2718,.F.);
#2868 = ADVANCED_FACE('',(#2869),#462,.T.);
#2869 = FACE_BOUND('',#2870,.T.);
#2870 = EDGE_LOOP('',(#2871,#2892,#2893,#2894));
#2871 = ORIENTED_EDGE('',*,*,#2872,.F.);
#2872 = EDGE_CURVE('',#2765,#2873,#2875,.T.);
#2873 = VERTEX_POINT('',#2874);
#2874 = CARTESIAN_POINT('',(-42.53166191674,-74.98498339401,10.5));
#2875 = SURFACE_CURVE('',#2876,(#2880,#2886),.PCURVE_S1.);
#2876 = LINE('',#2877,#2878);
#2877 = CARTESIAN_POINT('',(-12.14610747144,-21.41406251256,10.5));
#2878 = VECTOR('',#2879,1.);
#2879 = DIRECTION('',(-0.493365253862,-0.869822238323,0.));
#2880 = PCURVE('',#462,#2881);
#2881 = DEFINITIONAL_REPRESENTATION('',(#2882),#2885);
#2882 = B_SPLINE_CURVE_WITH_KNOTS('',1,(#2883,#2884),.UNSPECIFIED.,.F.,
  .F.,(2,2),(24.618895182359,61.588355092777),.PIECEWISE_BEZIER_KNOTS.);
#2883 = CARTESIAN_POINT('',(0.,-1.));
#2884 = CARTESIAN_POINT('',(36.969459910418,-1.));
#2885 = ( GEOMETRIC_REPRESENTATION_CONTEXT(2) 
PARAMETRIC_REPRESENTATION_CONTEXT() REPRESENTATION_CONTEXT('2D SPACE',''
  ) );
#2886 = PCURVE('',#43,#2887);
#2887 = DEFINITIONAL_REPRESENTATION('',(#2888),#2891);
#2888 = B_SPLINE_CURVE_WITH_KNOTS('',1,(#2889,#2890),.UNSPECIFIED.,.F.,
  .F.,(2,2),(24.618895182359,61.588355092777),.PIECEWISE_BEZIER_KNOTS.);
#2889 = CARTESIAN_POINT('',(-24.29221494289,-42.82812502513));
#2890 = CARTESIAN_POINT('',(-42.53166191674,-74.98498339401));
#2891 = ( GEOMETRIC_REPRESENTATION_CONTEXT(2) 
PARAMETRIC_REPRESENTATION_CONTEXT() REPRESENTATION_CONTEXT('2D SPACE',''
  ) );
#2892 = ORIENTED_EDGE('',*,*,#2794,.T.);
#2893 = ORIENTED_EDGE('',*,*,#447,.F.);
#2894 = ORIENTED_EDGE('',*,*,#2895,.F.);
#2895 = EDGE_CURVE('',#2873,#415,#2896,.T.);
#2896 = SURFACE_CURVE('',#2897,(#2901,#2908),.PCURVE_S1.);
#2897 = LINE('',#2898,#2899);
#2898 = CARTESIAN_POINT('',(-42.53166191674,-74.98498339401,9.5));
#2899 = VECTOR('',#2900,1.);
#2900 = DIRECTION('',(0.,0.,1.));
#2901 = PCURVE('',#462,#2902);
#2902 = DEFINITIONAL_REPRESENTATION('',(#2903),#2907);
#2903 = LINE('',#2904,#2905);
#2904 = CARTESIAN_POINT('',(36.969459910418,0.));
#2905 = VECTOR('',#2906,1.);
#2906 = DIRECTION('',(0.,-1.));
#2907 = ( GEOMETRIC_REPRESENTATION_CONTEXT(2) 
PARAMETRIC_REPRESENTATION_CONTEXT() REPRESENTATION_CONTEXT('2D SPACE',''
  ) );
#2908 = PCURVE('',#435,#2909);
#2909 = DEFINITIONAL_REPRESENTATION('',(#2910),#2914);
#2910 = LINE('',#2911,#2912);
#2911 = CARTESIAN_POINT('',(-0.,0.));
#2912 = VECTOR('',#2913,1.);
#2913 = DIRECTION('',(-0.,-1.));
#2914 = ( GEOMETRIC_REPRESENTATION_CONTEXT(2) 
PARAMETRIC_REPRESENTATION_CONTEXT() REPRESENTATION_CONTEXT('2D SPACE',''
  ) );
#2915 = ADVANCED_FACE('',(#2916),#587,.T.);
#2916 = FACE_BOUND('',#2917,.T.);
#2917 = EDGE_LOOP('',(#2918,#2939,#2960,#2961));
#2918 = ORIENTED_EDGE('',*,*,#2919,.F.);
#2919 = EDGE_CURVE('',#2920,#2819,#2922,.T.);
#2920 = VERTEX_POINT('',#2921);
#2921 = CARTESIAN_POINT('',(64.002354774525,-57.75282316316,10.5));
#2922 = SURFACE_CURVE('',#2923,(#2927,#2933),.PCURVE_S1.);
#2923 = LINE('',#2924,#2925);
#2924 = CARTESIAN_POINT('',(32.001177387263,-28.87641158158,10.5));
#2925 = VECTOR('',#2926,1.);
#2926 = DIRECTION('',(-0.742424269075,0.669929999842,0.));
#2927 = PCURVE('',#587,#2928);
#2928 = DEFINITIONAL_REPRESENTATION('',(#2929),#2932);
#2929 = B_SPLINE_CURVE_WITH_KNOTS('',1,(#2930,#2931),.UNSPECIFIED.,.F.,
  .F.,(2,2),(-43.10362513756,-6.134165227151),.PIECEWISE_BEZIER_KNOTS.);
#2930 = CARTESIAN_POINT('',(0.,-1.));
#2931 = CARTESIAN_POINT('',(36.969459910417,-1.));
#2932 = ( GEOMETRIC_REPRESENTATION_CONTEXT(2) 
PARAMETRIC_REPRESENTATION_CONTEXT() REPRESENTATION_CONTEXT('2D SPACE',''
  ) );
#2933 = PCURVE('',#43,#2934);
#2934 = DEFINITIONAL_REPRESENTATION('',(#2935),#2938);
#2935 = B_SPLINE_CURVE_WITH_KNOTS('',1,(#2936,#2937),.UNSPECIFIED.,.F.,
  .F.,(2,2),(-43.10362513756,-6.134165227151),.PIECEWISE_BEZIER_KNOTS.);
#2936 = CARTESIAN_POINT('',(64.002354774525,-57.75282316316));
#2937 = CARTESIAN_POINT('',(36.555330522418,-32.98587289123));
#2938 = ( GEOMETRIC_REPRESENTATION_CONTEXT(2) 
PARAMETRIC_REPRESENTATION_CONTEXT() REPRESENTATION_CONTEXT('2D SPACE',''
  ) );
#2939 = ORIENTED_EDGE('',*,*,#2940,.T.);
#2940 = EDGE_CURVE('',#2920,#573,#2941,.T.);
#2941 = SURFACE_CURVE('',#2942,(#2946,#2953),.PCURVE_S1.);
#2942 = LINE('',#2943,#2944);
#2943 = CARTESIAN_POINT('',(64.002354774525,-57.75282316316,9.5));
#2944 = VECTOR('',#2945,1.);
#2945 = DIRECTION('',(0.,0.,1.));
#2946 = PCURVE('',#587,#2947);
#2947 = DEFINITIONAL_REPRESENTATION('',(#2948),#2952);
#2948 = LINE('',#2949,#2950);
#2949 = CARTESIAN_POINT('',(0.,0.));
#2950 = VECTOR('',#2951,1.);
#2951 = DIRECTION('',(0.,-1.));
#2952 = ( GEOMETRIC_REPRESENTATION_CONTEXT(2) 
PARAMETRIC_REPRESENTATION_CONTEXT() REPRESENTATION_CONTEXT('2D SPACE',''
  ) );
#2953 = PCURVE('',#617,#2954);
#2954 = DEFINITIONAL_REPRESENTATION('',(#2955),#2959);
#2955 = LINE('',#2956,#2957);
#2956 = CARTESIAN_POINT('',(-1.617162880651,0.));
#2957 = VECTOR('',#2958,1.);
#2958 = DIRECTION('',(-0.,-1.));
#2959 = ( GEOMETRIC_REPRESENTATION_CONTEXT(2) 
PARAMETRIC_REPRESENTATION_CONTEXT() REPRESENTATION_CONTEXT('2D SPACE',''
  ) );
#2960 = ORIENTED_EDGE('',*,*,#572,.F.);
#2961 = ORIENTED_EDGE('',*,*,#2846,.F.);
#2962 = ADVANCED_FACE('',(#2963),#435,.F.);
#2963 = FACE_BOUND('',#2964,.T.);
#2964 = EDGE_LOOP('',(#2965,#2993,#2994,#2995));
#2965 = ORIENTED_EDGE('',*,*,#2966,.T.);
#2966 = EDGE_CURVE('',#2967,#2873,#2969,.T.);
#2967 = VERTEX_POINT('',#2968);
#2968 = CARTESIAN_POINT('',(-40.86244818771,-80.52546384906,10.5));
#2969 = SURFACE_CURVE('',#2970,(#2975,#2982),.PCURVE_S1.);
#2970 = CIRCLE('',#2971,4.);
#2971 = AXIS2_PLACEMENT_3D('',#2972,#2973,#2974);
#2972 = CARTESIAN_POINT('',(-39.05237296344,-76.95844440945,10.5));
#2973 = DIRECTION('',(-0.,0.,-1.));
#2974 = DIRECTION('',(-0.869822238323,0.493365253862,0.));
#2975 = PCURVE('',#435,#2976);
#2976 = DEFINITIONAL_REPRESENTATION('',(#2977),#2981);
#2977 = LINE('',#2978,#2979);
#2978 = CARTESIAN_POINT('',(-6.28318530718,-1.));
#2979 = VECTOR('',#2980,1.);
#2980 = DIRECTION('',(1.,-0.));
#2981 = ( GEOMETRIC_REPRESENTATION_CONTEXT(2) 
PARAMETRIC_REPRESENTATION_CONTEXT() REPRESENTATION_CONTEXT('2D SPACE',''
  ) );
#2982 = PCURVE('',#43,#2983);
#2983 = DEFINITIONAL_REPRESENTATION('',(#2984),#2992);
#2984 = ( BOUNDED_CURVE() B_SPLINE_CURVE(2,(#2985,#2986,#2987,#2988,
#2989,#2990,#2991),.UNSPECIFIED.,.T.,.F.) B_SPLINE_CURVE_WITH_KNOTS((1,2
    ,2,2,2,1),(-2.094395102393,0.,2.094395102393,4.188790204786,
6.28318530718,8.377580409573),.UNSPECIFIED.) CURVE() 
GEOMETRIC_REPRESENTATION_ITEM() RATIONAL_B_SPLINE_CURVE((1.,0.5,1.,0.5,
1.,0.5,1.)) REPRESENTATION_ITEM('') );
#2985 = CARTESIAN_POINT('',(-42.53166191674,-74.98498339401));
#2986 = CARTESIAN_POINT('',(-39.11352717122,-68.95867815269));
#2987 = CARTESIAN_POINT('',(-35.60366111404,-74.93202229652));
#2988 = CARTESIAN_POINT('',(-32.09379505686,-80.90536644035));
#2989 = CARTESIAN_POINT('',(-39.02179585955,-80.95832753784));
#2990 = CARTESIAN_POINT('',(-45.94979666225,-81.01128863532));
#2991 = CARTESIAN_POINT('',(-42.53166191674,-74.98498339401));
#2992 = ( GEOMETRIC_REPRESENTATION_CONTEXT(2) 
PARAMETRIC_REPRESENTATION_CONTEXT() REPRESENTATION_CONTEXT('2D SPACE',''
  ) );
#2993 = ORIENTED_EDGE('',*,*,#2895,.T.);
#2994 = ORIENTED_EDGE('',*,*,#414,.F.);
#2995 = ORIENTED_EDGE('',*,*,#2996,.F.);
#2996 = EDGE_CURVE('',#2967,#382,#2997,.T.);
#2997 = SURFACE_CURVE('',#2998,(#3002,#3009),.PCURVE_S1.);
#2998 = LINE('',#2999,#3000);
#2999 = CARTESIAN_POINT('',(-40.86244818771,-80.52546384906,9.5));
#3000 = VECTOR('',#3001,1.);
#3001 = DIRECTION('',(0.,0.,1.));
#3002 = PCURVE('',#435,#3003);
#3003 = DEFINITIONAL_REPRESENTATION('',(#3004),#3008);
#3004 = LINE('',#3005,#3006);
#3005 = CARTESIAN_POINT('',(-1.617162880651,0.));
#3006 = VECTOR('',#3007,1.);
#3007 = DIRECTION('',(-0.,-1.));
#3008 = ( GEOMETRIC_REPRESENTATION_CONTEXT(2) 
PARAMETRIC_REPRESENTATION_CONTEXT() REPRESENTATION_CONTEXT('2D SPACE',''
  ) );
#3009 = PCURVE('',#402,#3010);
#3010 = DEFINITIONAL_REPRESENTATION('',(#3011),#3015);
#3011 = LINE('',#3012,#3013);
#3012 = CARTESIAN_POINT('',(-4.6366553856E-02,0.));
#3013 = VECTOR('',#3014,1.);
#3014 = DIRECTION('',(-0.,-1.));
#3015 = ( GEOMETRIC_REPRESENTATION_CONTEXT(2) 
PARAMETRIC_REPRESENTATION_CONTEXT() REPRESENTATION_CONTEXT('2D SPACE',''
  ) );
#3016 = ADVANCED_FACE('',(#3017),#617,.F.);
#3017 = FACE_BOUND('',#3018,.T.);
#3018 = EDGE_LOOP('',(#3019,#3047,#3068,#3069));
#3019 = ORIENTED_EDGE('',*,*,#3020,.T.);
#3020 = EDGE_CURVE('',#2920,#3021,#3023,.T.);
#3021 = VERTEX_POINT('',#3022);
#3022 = CARTESIAN_POINT('',(64.164935344112,-63.53700553446,10.5));
#3023 = SURFACE_CURVE('',#3024,(#3029,#3036),.PCURVE_S1.);
#3024 = CIRCLE('',#3025,4.);
#3025 = AXIS2_PLACEMENT_3D('',#3026,#3027,#3028);
#3026 = CARTESIAN_POINT('',(61.322634775159,-60.72252023946,10.5));
#3027 = DIRECTION('',(-0.,0.,-1.));
#3028 = DIRECTION('',(0.710575142238,-0.703621323748,-0.));
#3029 = PCURVE('',#617,#3030);
#3030 = DEFINITIONAL_REPRESENTATION('',(#3031),#3035);
#3031 = LINE('',#3032,#3033);
#3032 = CARTESIAN_POINT('',(-6.28318530718,-1.));
#3033 = VECTOR('',#3034,1.);
#3034 = DIRECTION('',(1.,-0.));
#3035 = ( GEOMETRIC_REPRESENTATION_CONTEXT(2) 
PARAMETRIC_REPRESENTATION_CONTEXT() REPRESENTATION_CONTEXT('2D SPACE',''
  ) );
#3036 = PCURVE('',#43,#3037);
#3037 = DEFINITIONAL_REPRESENTATION('',(#3038),#3046);
#3038 = ( BOUNDED_CURVE() B_SPLINE_CURVE(2,(#3039,#3040,#3041,#3042,
#3043,#3044,#3045),.UNSPECIFIED.,.T.,.F.) B_SPLINE_CURVE_WITH_KNOTS((1,2
    ,2,2,2,1),(-2.094395102393,0.,2.094395102393,4.188790204786,
6.28318530718,8.377580409573),.UNSPECIFIED.) CURVE() 
GEOMETRIC_REPRESENTATION_ITEM() RATIONAL_B_SPLINE_CURVE((1.,0.5,1.,0.5,
1.,0.5,1.)) REPRESENTATION_ITEM('') );
#3039 = CARTESIAN_POINT('',(64.164935344112,-63.53700553446));
#3040 = CARTESIAN_POINT('',(59.290103816029,-68.46001453026));
#3041 = CARTESIAN_POINT('',(57.464068726641,-61.77678208987));
#3042 = CARTESIAN_POINT('',(55.638033637253,-55.09354964948));
#3043 = CARTESIAN_POINT('',(62.338900254723,-56.85377309406));
#3044 = CARTESIAN_POINT('',(69.039766872194,-58.61399653865));
#3045 = CARTESIAN_POINT('',(64.164935344112,-63.53700553446));
#3046 = ( GEOMETRIC_REPRESENTATION_CONTEXT(2) 
PARAMETRIC_REPRESENTATION_CONTEXT() REPRESENTATION_CONTEXT('2D SPACE',''
  ) );
#3047 = ORIENTED_EDGE('',*,*,#3048,.T.);
#3048 = EDGE_CURVE('',#3021,#380,#3049,.T.);
#3049 = SURFACE_CURVE('',#3050,(#3054,#3061),.PCURVE_S1.);
#3050 = LINE('',#3051,#3052);
#3051 = CARTESIAN_POINT('',(64.164935344112,-63.53700553446,9.5));
#3052 = VECTOR('',#3053,1.);
#3053 = DIRECTION('',(0.,0.,1.));
#3054 = PCURVE('',#617,#3055);
#3055 = DEFINITIONAL_REPRESENTATION('',(#3056),#3060);
#3056 = LINE('',#3057,#3058);
#3057 = CARTESIAN_POINT('',(-0.,0.));
#3058 = VECTOR('',#3059,1.);
#3059 = DIRECTION('',(-0.,-1.));
#3060 = ( GEOMETRIC_REPRESENTATION_CONTEXT(2) 
PARAMETRIC_REPRESENTATION_CONTEXT() REPRESENTATION_CONTEXT('2D SPACE',''
  ) );
#3061 = PCURVE('',#402,#3062);
#3062 = DEFINITIONAL_REPRESENTATION('',(#3063),#3067);
#3063 = LINE('',#3064,#3065);
#3064 = CARTESIAN_POINT('',(-1.306269700596,0.));
#3065 = VECTOR('',#3066,1.);
#3066 = DIRECTION('',(-0.,-1.));
#3067 = ( GEOMETRIC_REPRESENTATION_CONTEXT(2) 
PARAMETRIC_REPRESENTATION_CONTEXT() REPRESENTATION_CONTEXT('2D SPACE',''
  ) );
#3068 = ORIENTED_EDGE('',*,*,#598,.F.);
#3069 = ORIENTED_EDGE('',*,*,#2940,.F.);
#3070 = ADVANCED_FACE('',(#3071),#402,.F.);
#3071 = FACE_BOUND('',#3072,.T.);
#3072 = EDGE_LOOP('',(#3073,#3099,#3100,#3101));
#3073 = ORIENTED_EDGE('',*,*,#3074,.T.);
#3074 = EDGE_CURVE('',#3021,#2967,#3075,.T.);
#3075 = SURFACE_CURVE('',#3076,(#3081,#3088),.PCURVE_S1.);
#3076 = CIRCLE('',#3077,90.3);
#3077 = AXIS2_PLACEMENT_3D('',#3078,#3079,#3080);
#3078 = CARTESIAN_POINT('',(8.733911313053E-15,-3.174613242978E-14,10.5)
  );
#3079 = DIRECTION('',(-0.,0.,-1.));
#3080 = DIRECTION('',(-0.493365253862,-0.869822238323,0.));
#3081 = PCURVE('',#402,#3082);
#3082 = DEFINITIONAL_REPRESENTATION('',(#3083),#3087);
#3083 = LINE('',#3084,#3085);
#3084 = CARTESIAN_POINT('',(-6.28318530718,-1.));
#3085 = VECTOR('',#3086,1.);
#3086 = DIRECTION('',(1.,-0.));
#3087 = ( GEOMETRIC_REPRESENTATION_CONTEXT(2) 
PARAMETRIC_REPRESENTATION_CONTEXT() REPRESENTATION_CONTEXT('2D SPACE',''
  ) );
#3088 = PCURVE('',#43,#3089);
#3089 = DEFINITIONAL_REPRESENTATION('',(#3090),#3098);
#3090 = ( BOUNDED_CURVE() B_SPLINE_CURVE(2,(#3091,#3092,#3093,#3094,
#3095,#3096,#3097),.UNSPECIFIED.,.T.,.F.) B_SPLINE_CURVE_WITH_KNOTS((1,2
    ,2,2,2,1),(-2.094395102393,0.,2.094395102393,4.188790204786,
6.28318530718,8.377580409573),.UNSPECIFIED.) CURVE() 
GEOMETRIC_REPRESENTATION_ITEM() RATIONAL_B_SPLINE_CURVE((1.,0.5,1.,0.5,
1.,0.5,1.)) REPRESENTATION_ITEM('') );
#3091 = CARTESIAN_POINT('',(-44.55088242374,-78.54494812058));
#3092 = CARTESIAN_POINT('',(-180.5947232464,-1.380556240639));
#3093 = CARTESIAN_POINT('',(-45.74647919948,77.854670000269));
#3094 = CARTESIAN_POINT('',(89.101764847485,157.08989624117));
#3095 = CARTESIAN_POINT('',(90.297361623231,0.690278120319));
#3096 = CARTESIAN_POINT('',(91.492958398978,-155.7093400005));
#3097 = CARTESIAN_POINT('',(-44.55088242374,-78.54494812058));
#3098 = ( GEOMETRIC_REPRESENTATION_CONTEXT(2) 
PARAMETRIC_REPRESENTATION_CONTEXT() REPRESENTATION_CONTEXT('2D SPACE',''
  ) );
#3099 = ORIENTED_EDGE('',*,*,#2996,.T.);
#3100 = ORIENTED_EDGE('',*,*,#379,.F.);
#3101 = ORIENTED_EDGE('',*,*,#3048,.F.);
#3102 = ADVANCED_FACE('',(#3103),#365,.F.);
#3103 = FACE_BOUND('',#3104,.F.);
#3104 = EDGE_LOOP('',(#3105,#3106,#3129,#3151));
#3105 = ORIENTED_EDGE('',*,*,#348,.F.);
#3106 = ORIENTED_EDGE('',*,*,#3107,.F.);
#3107 = EDGE_CURVE('',#3108,#349,#3110,.T.);
#3108 = VERTEX_POINT('',#3109);
#3109 = CARTESIAN_POINT('',(-11.81443152877,-32.54476119956,10.5));
#3110 = SEAM_CURVE('',#3111,(#3115,#3122),.PCURVE_S1.);
#3111 = LINE('',#3112,#3113);
#3112 = CARTESIAN_POINT('',(-11.81443152877,-32.54476119956,-1.));
#3113 = VECTOR('',#3114,1.);
#3114 = DIRECTION('',(0.,0.,1.));
#3115 = PCURVE('',#365,#3116);
#3116 = DEFINITIONAL_REPRESENTATION('',(#3117),#3121);
#3117 = LINE('',#3118,#3119);
#3118 = CARTESIAN_POINT('',(6.28318530718,-0.));
#3119 = VECTOR('',#3120,1.);
#3120 = DIRECTION('',(0.,1.));
#3121 = ( GEOMETRIC_REPRESENTATION_CONTEXT(2) 
PARAMETRIC_REPRESENTATION_CONTEXT() REPRESENTATION_CONTEXT('2D SPACE',''
  ) );
#3122 = PCURVE('',#365,#3123);
#3123 = DEFINITIONAL_REPRESENTATION('',(#3124),#3128);
#3124 = LINE('',#3125,#3126);
#3125 = CARTESIAN_POINT('',(0.,-0.));
#3126 = VECTOR('',#3127,1.);
#3127 = DIRECTION('',(0.,1.));
#3128 = ( GEOMETRIC_REPRESENTATION_CONTEXT(2) 
PARAMETRIC_REPRESENTATION_CONTEXT() REPRESENTATION_CONTEXT('2D SPACE',''
  ) );
#3129 = ORIENTED_EDGE('',*,*,#3130,.T.);
#3130 = EDGE_CURVE('',#3108,#3108,#3131,.T.);
#3131 = SURFACE_CURVE('',#3132,(#3137,#3144),.PCURVE_S1.);
#3132 = CIRCLE('',#3133,2.);
#3133 = AXIS2_PLACEMENT_3D('',#3134,#3135,#3136);
#3134 = CARTESIAN_POINT('',(-13.81443152877,-32.54476119956,10.5));
#3135 = DIRECTION('',(0.,0.,1.));
#3136 = DIRECTION('',(1.,0.,-0.));
#3137 = PCURVE('',#365,#3138);
#3138 = DEFINITIONAL_REPRESENTATION('',(#3139),#3143);
#3139 = LINE('',#3140,#3141);
#3140 = CARTESIAN_POINT('',(0.,11.5));
#3141 = VECTOR('',#3142,1.);
#3142 = DIRECTION('',(1.,0.));
#3143 = ( GEOMETRIC_REPRESENTATION_CONTEXT(2) 
PARAMETRIC_REPRESENTATION_CONTEXT() REPRESENTATION_CONTEXT('2D SPACE',''
  ) );
#3144 = PCURVE('',#43,#3145);
#3145 = DEFINITIONAL_REPRESENTATION('',(#3146),#3150);
#3146 = CIRCLE('',#3147,2.);
#3147 = AXIS2_PLACEMENT_2D('',#3148,#3149);
#3148 = CARTESIAN_POINT('',(-13.81443152877,-32.54476119956));
#3149 = DIRECTION('',(1.,-0.));
#3150 = ( GEOMETRIC_REPRESENTATION_CONTEXT(2) 
PARAMETRIC_REPRESENTATION_CONTEXT() REPRESENTATION_CONTEXT('2D SPACE',''
  ) );
#3151 = ORIENTED_EDGE('',*,*,#3107,.T.);
#3152 = ADVANCED_FACE('',(#3153),#334,.F.);
#3153 = FACE_BOUND('',#3154,.F.);
#3154 = EDGE_LOOP('',(#3155,#3156,#3179,#3201));
#3155 = ORIENTED_EDGE('',*,*,#317,.F.);
#3156 = ORIENTED_EDGE('',*,*,#3157,.F.);
#3157 = EDGE_CURVE('',#3158,#318,#3160,.T.);
#3158 = VERTEX_POINT('',#3159);
#3159 = CARTESIAN_POINT('',(-40.19423824944,-24.765,10.5));
#3160 = SEAM_CURVE('',#3161,(#3165,#3172),.PCURVE_S1.);
#3161 = LINE('',#3162,#3163);
#3162 = CARTESIAN_POINT('',(-40.19423824944,-24.765,-1.));
#3163 = VECTOR('',#3164,1.);
#3164 = DIRECTION('',(0.,0.,1.));
#3165 = PCURVE('',#334,#3166);
#3166 = DEFINITIONAL_REPRESENTATION('',(#3167),#3171);
#3167 = LINE('',#3168,#3169);
#3168 = CARTESIAN_POINT('',(6.28318530718,-0.));
#3169 = VECTOR('',#3170,1.);
#3170 = DIRECTION('',(0.,1.));
#3171 = ( GEOMETRIC_REPRESENTATION_CONTEXT(2) 
PARAMETRIC_REPRESENTATION_CONTEXT() REPRESENTATION_CONTEXT('2D SPACE',''
  ) );
#3172 = PCURVE('',#334,#3173);
#3173 = DEFINITIONAL_REPRESENTATION('',(#3174),#3178);
#3174 = LINE('',#3175,#3176);
#3175 = CARTESIAN_POINT('',(0.,-0.));
#3176 = VECTOR('',#3177,1.);
#3177 = DIRECTION('',(0.,1.));
#3178 = ( GEOMETRIC_REPRESENTATION_CONTEXT(2) 
PARAMETRIC_REPRESENTATION_CONTEXT() REPRESENTATION_CONTEXT('2D SPACE',''
  ) );
#3179 = ORIENTED_EDGE('',*,*,#3180,.T.);
#3180 = EDGE_CURVE('',#3158,#3158,#3181,.T.);
#3181 = SURFACE_CURVE('',#3182,(#3187,#3194),.PCURVE_S1.);
#3182 = CIRCLE('',#3183,2.7);
#3183 = AXIS2_PLACEMENT_3D('',#3184,#3185,#3186);
#3184 = CARTESIAN_POINT('',(-42.89423824944,-24.765,10.5));
#3185 = DIRECTION('',(0.,0.,1.));
#3186 = DIRECTION('',(1.,0.,-0.));
#3187 = PCURVE('',#334,#3188);
#3188 = DEFINITIONAL_REPRESENTATION('',(#3189),#3193);
#3189 = LINE('',#3190,#3191);
#3190 = CARTESIAN_POINT('',(0.,11.5));
#3191 = VECTOR('',#3192,1.);
#3192 = DIRECTION('',(1.,0.));
#3193 = ( GEOMETRIC_REPRESENTATION_CONTEXT(2) 
PARAMETRIC_REPRESENTATION_CONTEXT() REPRESENTATION_CONTEXT('2D SPACE',''
  ) );
#3194 = PCURVE('',#43,#3195);
#3195 = DEFINITIONAL_REPRESENTATION('',(#3196),#3200);
#3196 = CIRCLE('',#3197,2.7);
#3197 = AXIS2_PLACEMENT_2D('',#3198,#3199);
#3198 = CARTESIAN_POINT('',(-42.89423824944,-24.765));
#3199 = DIRECTION('',(1.,-0.));
#3200 = ( GEOMETRIC_REPRESENTATION_CONTEXT(2) 
PARAMETRIC_REPRESENTATION_CONTEXT() REPRESENTATION_CONTEXT('2D SPACE',''
  ) );
#3201 = ORIENTED_EDGE('',*,*,#3157,.T.);
#3202 = ADVANCED_FACE('',(#3203),#303,.F.);
#3203 = FACE_BOUND('',#3204,.F.);
#3204 = EDGE_LOOP('',(#3205,#3206,#3229,#3256));
#3205 = ORIENTED_EDGE('',*,*,#286,.F.);
#3206 = ORIENTED_EDGE('',*,*,#3207,.F.);
#3207 = EDGE_CURVE('',#3208,#287,#3210,.T.);
#3208 = VERTEX_POINT('',#3209);
#3209 = CARTESIAN_POINT('',(-31.08423121844,-36.12588787469,6.6));
#3210 = SEAM_CURVE('',#3211,(#3215,#3222),.PCURVE_S1.);
#3211 = LINE('',#3212,#3213);
#3212 = CARTESIAN_POINT('',(-31.08423121844,-36.12588787469,-1.));
#3213 = VECTOR('',#3214,1.);
#3214 = DIRECTION('',(0.,0.,1.));
#3215 = PCURVE('',#303,#3216);
#3216 = DEFINITIONAL_REPRESENTATION('',(#3217),#3221);
#3217 = LINE('',#3218,#3219);
#3218 = CARTESIAN_POINT('',(6.28318530718,-0.));
#3219 = VECTOR('',#3220,1.);
#3220 = DIRECTION('',(0.,1.));
#3221 = ( GEOMETRIC_REPRESENTATION_CONTEXT(2) 
PARAMETRIC_REPRESENTATION_CONTEXT() REPRESENTATION_CONTEXT('2D SPACE',''
  ) );
#3222 = PCURVE('',#303,#3223);
#3223 = DEFINITIONAL_REPRESENTATION('',(#3224),#3228);
#3224 = LINE('',#3225,#3226);
#3225 = CARTESIAN_POINT('',(0.,-0.));
#3226 = VECTOR('',#3227,1.);
#3227 = DIRECTION('',(0.,1.));
#3228 = ( GEOMETRIC_REPRESENTATION_CONTEXT(2) 
PARAMETRIC_REPRESENTATION_CONTEXT() REPRESENTATION_CONTEXT('2D SPACE',''
  ) );
#3229 = ORIENTED_EDGE('',*,*,#3230,.T.);
#3230 = EDGE_CURVE('',#3208,#3208,#3231,.T.);
#3231 = SURFACE_CURVE('',#3232,(#3237,#3244),.PCURVE_S1.);
#3232 = CIRCLE('',#3233,2.8);
#3233 = AXIS2_PLACEMENT_3D('',#3234,#3235,#3236);
#3234 = CARTESIAN_POINT('',(-33.88423121844,-36.12588787469,6.6));
#3235 = DIRECTION('',(0.,0.,1.));
#3236 = DIRECTION('',(1.,0.,-0.));
#3237 = PCURVE('',#303,#3238);
#3238 = DEFINITIONAL_REPRESENTATION('',(#3239),#3243);
#3239 = LINE('',#3240,#3241);
#3240 = CARTESIAN_POINT('',(0.,7.6));
#3241 = VECTOR('',#3242,1.);
#3242 = DIRECTION('',(1.,0.));
#3243 = ( GEOMETRIC_REPRESENTATION_CONTEXT(2) 
PARAMETRIC_REPRESENTATION_CONTEXT() REPRESENTATION_CONTEXT('2D SPACE',''
  ) );
#3244 = PCURVE('',#3245,#3250);
#3245 = PLANE('',#3246);
#3246 = AXIS2_PLACEMENT_3D('',#3247,#3248,#3249);
#3247 = CARTESIAN_POINT('',(-33.88423121844,-36.12588787469,6.6));
#3248 = DIRECTION('',(0.,0.,1.));
#3249 = DIRECTION('',(1.,0.,-0.));
#3250 = DEFINITIONAL_REPRESENTATION('',(#3251),#3255);
#3251 = CIRCLE('',#3252,2.8);
#3252 = AXIS2_PLACEMENT_2D('',#3253,#3254);
#3253 = CARTESIAN_POINT('',(0.,0.));
#3254 = DIRECTION('',(1.,0.));
#3255 = ( GEOMETRIC_REPRESENTATION_CONTEXT(2) 
PARAMETRIC_REPRESENTATION_CONTEXT() REPRESENTATION_CONTEXT('2D SPACE',''
  ) );
#3256 = ORIENTED_EDGE('',*,*,#3207,.T.);
#3257 = ADVANCED_FACE('',(#3258,#3289),#3245,.F.);
#3258 = FACE_BOUND('',#3259,.F.);
#3259 = EDGE_LOOP('',(#3260));
#3260 = ORIENTED_EDGE('',*,*,#3261,.T.);
#3261 = EDGE_CURVE('',#3262,#3262,#3264,.T.);
#3262 = VERTEX_POINT('',#3263);
#3263 = CARTESIAN_POINT('',(-27.73423121844,-36.12588787469,6.6));
#3264 = SURFACE_CURVE('',#3265,(#3270,#3277),.PCURVE_S1.);
#3265 = CIRCLE('',#3266,6.15);
#3266 = AXIS2_PLACEMENT_3D('',#3267,#3268,#3269);
#3267 = CARTESIAN_POINT('',(-33.88423121844,-36.12588787469,6.6));
#3268 = DIRECTION('',(0.,0.,1.));
#3269 = DIRECTION('',(1.,0.,-0.));
#3270 = PCURVE('',#3245,#3271);
#3271 = DEFINITIONAL_REPRESENTATION('',(#3272),#3276);
#3272 = CIRCLE('',#3273,6.15);
#3273 = AXIS2_PLACEMENT_2D('',#3274,#3275);
#3274 = CARTESIAN_POINT('',(0.,0.));
#3275 = DIRECTION('',(1.,0.));
#3276 = ( GEOMETRIC_REPRESENTATION_CONTEXT(2) 
PARAMETRIC_REPRESENTATION_CONTEXT() REPRESENTATION_CONTEXT('2D SPACE',''
  ) );
#3277 = PCURVE('',#3278,#3283);
#3278 = CYLINDRICAL_SURFACE('',#3279,6.15);
#3279 = AXIS2_PLACEMENT_3D('',#3280,#3281,#3282);
#3280 = CARTESIAN_POINT('',(-33.88423121844,-36.12588787469,6.6));
#3281 = DIRECTION('',(0.,0.,1.));
#3282 = DIRECTION('',(1.,0.,-0.));
#3283 = DEFINITIONAL_REPRESENTATION('',(#3284),#3288);
#3284 = LINE('',#3285,#3286);
#3285 = CARTESIAN_POINT('',(0.,0.));
#3286 = VECTOR('',#3287,1.);
#3287 = DIRECTION('',(1.,0.));
#3288 = ( GEOMETRIC_REPRESENTATION_CONTEXT(2) 
PARAMETRIC_REPRESENTATION_CONTEXT() REPRESENTATION_CONTEXT('2D SPACE',''
  ) );
#3289 = FACE_BOUND('',#3290,.F.);
#3290 = EDGE_LOOP('',(#3291));
#3291 = ORIENTED_EDGE('',*,*,#3230,.F.);
#3292 = ADVANCED_FACE('',(#3293),#3278,.T.);
#3293 = FACE_BOUND('',#3294,.T.);
#3294 = EDGE_LOOP('',(#3295,#3324,#3345,#3346));
#3295 = ORIENTED_EDGE('',*,*,#3296,.F.);
#3296 = EDGE_CURVE('',#3297,#3297,#3299,.T.);
#3297 = VERTEX_POINT('',#3298);
#3298 = CARTESIAN_POINT('',(-27.73423121844,-36.12588787469,9.));
#3299 = SURFACE_CURVE('',#3300,(#3305,#3312),.PCURVE_S1.);
#3300 = CIRCLE('',#3301,6.15);
#3301 = AXIS2_PLACEMENT_3D('',#3302,#3303,#3304);
#3302 = CARTESIAN_POINT('',(-33.88423121844,-36.12588787469,9.));
#3303 = DIRECTION('',(0.,0.,1.));
#3304 = DIRECTION('',(1.,0.,-0.));
#3305 = PCURVE('',#3278,#3306);
#3306 = DEFINITIONAL_REPRESENTATION('',(#3307),#3311);
#3307 = LINE('',#3308,#3309);
#3308 = CARTESIAN_POINT('',(0.,2.4));
#3309 = VECTOR('',#3310,1.);
#3310 = DIRECTION('',(1.,0.));
#3311 = ( GEOMETRIC_REPRESENTATION_CONTEXT(2) 
PARAMETRIC_REPRESENTATION_CONTEXT() REPRESENTATION_CONTEXT('2D SPACE',''
  ) );
#3312 = PCURVE('',#3313,#3318);
#3313 = TOROIDAL_SURFACE('',#3314,7.65,1.5);
#3314 = AXIS2_PLACEMENT_3D('',#3315,#3316,#3317);
#3315 = CARTESIAN_POINT('',(-33.88423121844,-36.12588787469,9.));
#3316 = DIRECTION('',(0.,0.,1.));
#3317 = DIRECTION('',(1.,0.,-0.));
#3318 = DEFINITIONAL_REPRESENTATION('',(#3319),#3323);
#3319 = LINE('',#3320,#3321);
#3320 = CARTESIAN_POINT('',(0.,3.14159265359));
#3321 = VECTOR('',#3322,1.);
#3322 = DIRECTION('',(1.,0.));
#3323 = ( GEOMETRIC_REPRESENTATION_CONTEXT(2) 
PARAMETRIC_REPRESENTATION_CONTEXT() REPRESENTATION_CONTEXT('2D SPACE',''
  ) );
#3324 = ORIENTED_EDGE('',*,*,#3325,.F.);
#3325 = EDGE_CURVE('',#3262,#3297,#3326,.T.);
#3326 = SEAM_CURVE('',#3327,(#3331,#3338),.PCURVE_S1.);
#3327 = LINE('',#3328,#3329);
#3328 = CARTESIAN_POINT('',(-27.73423121844,-36.12588787469,6.6));
#3329 = VECTOR('',#3330,1.);
#3330 = DIRECTION('',(0.,0.,1.));
#3331 = PCURVE('',#3278,#3332);
#3332 = DEFINITIONAL_REPRESENTATION('',(#3333),#3337);
#3333 = LINE('',#3334,#3335);
#3334 = CARTESIAN_POINT('',(6.28318530718,-0.));
#3335 = VECTOR('',#3336,1.);
#3336 = DIRECTION('',(0.,1.));
#3337 = ( GEOMETRIC_REPRESENTATION_CONTEXT(2) 
PARAMETRIC_REPRESENTATION_CONTEXT() REPRESENTATION_CONTEXT('2D SPACE',''
  ) );
#3338 = PCURVE('',#3278,#3339);
#3339 = DEFINITIONAL_REPRESENTATION('',(#3340),#3344);
#3340 = LINE('',#3341,#3342);
#3341 = CARTESIAN_POINT('',(0.,-0.));
#3342 = VECTOR('',#3343,1.);
#3343 = DIRECTION('',(0.,1.));
#3344 = ( GEOMETRIC_REPRESENTATION_CONTEXT(2) 
PARAMETRIC_REPRESENTATION_CONTEXT() REPRESENTATION_CONTEXT('2D SPACE',''
  ) );
#3345 = ORIENTED_EDGE('',*,*,#3261,.T.);
#3346 = ORIENTED_EDGE('',*,*,#3325,.T.);
#3347 = ADVANCED_FACE('',(#3348),#3313,.F.);
#3348 = FACE_BOUND('',#3349,.F.);
#3349 = EDGE_LOOP('',(#3350,#3374,#3396,#3397));
#3350 = ORIENTED_EDGE('',*,*,#3351,.T.);
#3351 = EDGE_CURVE('',#3352,#3352,#3354,.T.);
#3352 = VERTEX_POINT('',#3353);
#3353 = CARTESIAN_POINT('',(-26.23423121844,-36.12588787469,10.5));
#3354 = SURFACE_CURVE('',#3355,(#3360,#3367),.PCURVE_S1.);
#3355 = CIRCLE('',#3356,7.65);
#3356 = AXIS2_PLACEMENT_3D('',#3357,#3358,#3359);
#3357 = CARTESIAN_POINT('',(-33.88423121844,-36.12588787469,10.5));
#3358 = DIRECTION('',(0.,0.,1.));
#3359 = DIRECTION('',(1.,0.,-0.));
#3360 = PCURVE('',#3313,#3361);
#3361 = DEFINITIONAL_REPRESENTATION('',(#3362),#3366);
#3362 = LINE('',#3363,#3364);
#3363 = CARTESIAN_POINT('',(0.,1.570796326795));
#3364 = VECTOR('',#3365,1.);
#3365 = DIRECTION('',(1.,0.));
#3366 = ( GEOMETRIC_REPRESENTATION_CONTEXT(2) 
PARAMETRIC_REPRESENTATION_CONTEXT() REPRESENTATION_CONTEXT('2D SPACE',''
  ) );
#3367 = PCURVE('',#43,#3368);
#3368 = DEFINITIONAL_REPRESENTATION('',(#3369),#3373);
#3369 = CIRCLE('',#3370,7.65);
#3370 = AXIS2_PLACEMENT_2D('',#3371,#3372);
#3371 = CARTESIAN_POINT('',(-33.88423121844,-36.12588787469));
#3372 = DIRECTION('',(1.,-0.));
#3373 = ( GEOMETRIC_REPRESENTATION_CONTEXT(2) 
PARAMETRIC_REPRESENTATION_CONTEXT() REPRESENTATION_CONTEXT('2D SPACE',''
  ) );
#3374 = ORIENTED_EDGE('',*,*,#3375,.T.);
#3375 = EDGE_CURVE('',#3352,#3297,#3376,.T.);
#3376 = SEAM_CURVE('',#3377,(#3382,#3389),.PCURVE_S1.);
#3377 = CIRCLE('',#3378,1.5);
#3378 = AXIS2_PLACEMENT_3D('',#3379,#3380,#3381);
#3379 = CARTESIAN_POINT('',(-26.23423121844,-36.12588787469,9.));
#3380 = DIRECTION('',(0.,-1.,0.));
#3381 = DIRECTION('',(-1.184237892933E-15,0.,1.));
#3382 = PCURVE('',#3313,#3383);
#3383 = DEFINITIONAL_REPRESENTATION('',(#3384),#3388);
#3384 = LINE('',#3385,#3386);
#3385 = CARTESIAN_POINT('',(0.,1.570796326795));
#3386 = VECTOR('',#3387,1.);
#3387 = DIRECTION('',(0.,1.));
#3388 = ( GEOMETRIC_REPRESENTATION_CONTEXT(2) 
PARAMETRIC_REPRESENTATION_CONTEXT() REPRESENTATION_CONTEXT('2D SPACE',''
  ) );
#3389 = PCURVE('',#3313,#3390);
#3390 = DEFINITIONAL_REPRESENTATION('',(#3391),#3395);
#3391 = LINE('',#3392,#3393);
#3392 = CARTESIAN_POINT('',(6.28318530718,1.570796326795));
#3393 = VECTOR('',#3394,1.);
#3394 = DIRECTION('',(0.,1.));
#3395 = ( GEOMETRIC_REPRESENTATION_CONTEXT(2) 
PARAMETRIC_REPRESENTATION_CONTEXT() REPRESENTATION_CONTEXT('2D SPACE',''
  ) );
#3396 = ORIENTED_EDGE('',*,*,#3296,.F.);
#3397 = ORIENTED_EDGE('',*,*,#3375,.F.);
#3398 = ADVANCED_FACE('',(#3399,#3453,#3747,#4047,#4347,#4647,#4941),
  #272,.T.);
#3399 = FACE_BOUND('',#3400,.T.);
#3400 = EDGE_LOOP('',(#3401,#3430,#3451,#3452));
#3401 = ORIENTED_EDGE('',*,*,#3402,.T.);
#3402 = EDGE_CURVE('',#3403,#3403,#3405,.T.);
#3403 = VERTEX_POINT('',#3404);
#3404 = CARTESIAN_POINT('',(101.3,0.,0.));
#3405 = SURFACE_CURVE('',#3406,(#3411,#3418),.PCURVE_S1.);
#3406 = CIRCLE('',#3407,101.3);
#3407 = AXIS2_PLACEMENT_3D('',#3408,#3409,#3410);
#3408 = CARTESIAN_POINT('',(0.,0.,0.));
#3409 = DIRECTION('',(0.,0.,1.));
#3410 = DIRECTION('',(1.,0.,-0.));
#3411 = PCURVE('',#272,#3412);
#3412 = DEFINITIONAL_REPRESENTATION('',(#3413),#3417);
#3413 = LINE('',#3414,#3415);
#3414 = CARTESIAN_POINT('',(0.,0.));
#3415 = VECTOR('',#3416,1.);
#3416 = DIRECTION('',(1.,0.));
#3417 = ( GEOMETRIC_REPRESENTATION_CONTEXT(2) 
PARAMETRIC_REPRESENTATION_CONTEXT() REPRESENTATION_CONTEXT('2D SPACE',''
  ) );
#3418 = PCURVE('',#3419,#3424);
#3419 = PLANE('',#3420);
#3420 = AXIS2_PLACEMENT_3D('',#3421,#3422,#3423);
#3421 = CARTESIAN_POINT('',(0.,0.,0.));
#3422 = DIRECTION('',(0.,0.,1.));
#3423 = DIRECTION('',(1.,0.,-0.));
#3424 = DEFINITIONAL_REPRESENTATION('',(#3425),#3429);
#3425 = CIRCLE('',#3426,101.3);
#3426 = AXIS2_PLACEMENT_2D('',#3427,#3428);
#3427 = CARTESIAN_POINT('',(0.,0.));
#3428 = DIRECTION('',(1.,-0.));
#3429 = ( GEOMETRIC_REPRESENTATION_CONTEXT(2) 
PARAMETRIC_REPRESENTATION_CONTEXT() REPRESENTATION_CONTEXT('2D SPACE',''
  ) );
#3430 = ORIENTED_EDGE('',*,*,#3431,.T.);
#3431 = EDGE_CURVE('',#3403,#256,#3432,.T.);
#3432 = SEAM_CURVE('',#3433,(#3437,#3444),.PCURVE_S1.);
#3433 = LINE('',#3434,#3435);
#3434 = CARTESIAN_POINT('',(101.3,0.,0.));
#3435 = VECTOR('',#3436,1.);
#3436 = DIRECTION('',(0.,0.,1.));
#3437 = PCURVE('',#272,#3438);
#3438 = DEFINITIONAL_REPRESENTATION('',(#3439),#3443);
#3439 = LINE('',#3440,#3441);
#3440 = CARTESIAN_POINT('',(6.28318530718,0.));
#3441 = VECTOR('',#3442,1.);
#3442 = DIRECTION('',(0.,1.));
#3443 = ( GEOMETRIC_REPRESENTATION_CONTEXT(2) 
PARAMETRIC_REPRESENTATION_CONTEXT() REPRESENTATION_CONTEXT('2D SPACE',''
  ) );
#3444 = PCURVE('',#272,#3445);
#3445 = DEFINITIONAL_REPRESENTATION('',(#3446),#3450);
#3446 = LINE('',#3447,#3448);
#3447 = CARTESIAN_POINT('',(0.,0.));
#3448 = VECTOR('',#3449,1.);
#3449 = DIRECTION('',(0.,1.));
#3450 = ( GEOMETRIC_REPRESENTATION_CONTEXT(2) 
PARAMETRIC_REPRESENTATION_CONTEXT() REPRESENTATION_CONTEXT('2D SPACE',''
  ) );
#3451 = ORIENTED_EDGE('',*,*,#255,.F.);
#3452 = ORIENTED_EDGE('',*,*,#3431,.F.);
#3453 = FACE_BOUND('',#3454,.T.);
#3454 = EDGE_LOOP('',(#3455,#3489,#3684,#3716));
#3455 = ORIENTED_EDGE('',*,*,#3456,.T.);
#3456 = EDGE_CURVE('',#3457,#3459,#3461,.T.);
#3457 = VERTEX_POINT('',#3458);
#3458 = CARTESIAN_POINT('',(87.978991102057,50.213415783674,2.43));
#3459 = VERTEX_POINT('',#3460);
#3460 = CARTESIAN_POINT('',(88.547419954508,49.204109781602,
    3.588299064212));
#3461 = SURFACE_CURVE('',#3462,(#3467,#3477),.PCURVE_S1.);
#3462 = ELLIPSE('',#3463,143.25983386839,101.3);
#3463 = AXIS2_PLACEMENT_3D('',#3464,#3465,#3466);
#3464 = CARTESIAN_POINT('',(0.,0.,1.926598128423));
#3465 = DIRECTION('',(0.353553390593,-0.612372435696,-0.707106781187));
#3466 = DIRECTION('',(0.353553390593,-0.612372435696,0.707106781187));
#3467 = PCURVE('',#272,#3468);
#3468 = DEFINITIONAL_REPRESENTATION('',(#3469),#3476);
#3469 = B_SPLINE_CURVE_WITH_KNOTS('',5,(#3470,#3471,#3472,#3473,#3474,
    #3475),.UNSPECIFIED.,.F.,.F.,(6,6),(4.716214971606,4.729937075873),
  .PIECEWISE_BEZIER_KNOTS.);
#3470 = CARTESIAN_POINT('',(0.519772784377,2.314170093579));
#3471 = CARTESIAN_POINT('',(0.517028363524,2.592177891256));
#3472 = CARTESIAN_POINT('',(0.51428394267,2.870182040018));
#3473 = CARTESIAN_POINT('',(0.511539521817,3.148178177549));
#3474 = CARTESIAN_POINT('',(0.508795100963,3.426161941646));
#3475 = CARTESIAN_POINT('',(0.50605068011,3.704128970633));
#3476 = ( GEOMETRIC_REPRESENTATION_CONTEXT(2) 
PARAMETRIC_REPRESENTATION_CONTEXT() REPRESENTATION_CONTEXT('2D SPACE',''
  ) );
#3477 = PCURVE('',#3478,#3483);
#3478 = PLANE('',#3479);
#3479 = AXIS2_PLACEMENT_3D('',#3480,#3481,#3482);
#3480 = CARTESIAN_POINT('',(78.453794897523,44.714041190902,2.43));
#3481 = DIRECTION('',(0.353553390593,-0.612372435696,-0.707106781187));
#3482 = DIRECTION('',(0.353553390593,-0.612372435696,0.707106781187));
#3483 = DEFINITIONAL_REPRESENTATION('',(#3484),#3488);
#3484 = ELLIPSE('',#3485,143.25983386839,101.3);
#3485 = AXIS2_PLACEMENT_2D('',#3486,#3487);
#3486 = CARTESIAN_POINT('',(-0.711917754108,90.3));
#3487 = DIRECTION('',(1.,0.));
#3488 = ( GEOMETRIC_REPRESENTATION_CONTEXT(2) 
PARAMETRIC_REPRESENTATION_CONTEXT() REPRESENTATION_CONTEXT('2D SPACE',''
  ) );
#3489 = ORIENTED_EDGE('',*,*,#3490,.F.);
#3490 = EDGE_CURVE('',#3491,#3459,#3493,.T.);
#3491 = VERTEX_POINT('',#3492);
#3492 = CARTESIAN_POINT('',(86.88571901872,52.082260229372,
    3.588299064212));
#3493 = SURFACE_CURVE('',#3494,(#3533,#3606),.PCURVE_S1.);
#3494 = B_SPLINE_CURVE_WITH_KNOTS('',7,(#3495,#3496,#3497,#3498,#3499,
    #3500,#3501,#3502,#3503,#3504,#3505,#3506,#3507,#3508,#3509,#3510,
    #3511,#3512,#3513,#3514,#3515,#3516,#3517,#3518,#3519,#3520,#3521,
    #3522,#3523,#3524,#3525,#3526,#3527,#3528,#3529,#3530,#3531,#3532),
  .UNSPECIFIED.,.F.,.F.,(8,6,6,6,6,6,8),(0.,1.,2.143375738081,
    3.053040129962,3.577677622248,4.587719380693,5.562133129422),
  .UNSPECIFIED.);
#3495 = CARTESIAN_POINT('',(86.88571901872,52.082260229372,
    3.588299064212));
#3496 = CARTESIAN_POINT('',(86.781241643012,52.256553585105,
    3.791480225841));
#3497 = CARTESIAN_POINT('',(86.695773132481,52.398210549406,
    4.014859344581));
#3498 = CARTESIAN_POINT('',(86.628653516701,52.508951291466,
    4.251248543339));
#3499 = CARTESIAN_POINT('',(86.579039712717,52.590577829439,
    4.49590374208));
#3500 = CARTESIAN_POINT('',(86.546210882964,52.644509488354,
    4.745519250165));
#3501 = CARTESIAN_POINT('',(86.529763981211,52.671528792658,
    4.997611896847));
#3502 = CARTESIAN_POINT('',(86.529763981211,52.671528792658,
    5.538574433725));
#3503 = CARTESIAN_POINT('',(86.551266193465,52.636204375787,
    5.826988798669));
#3504 = CARTESIAN_POINT('',(86.594225450107,52.565631037653,
    6.111806843926));
#3505 = CARTESIAN_POINT('',(86.659363792589,52.458413738651,
    6.389235048362));
#3506 = CARTESIAN_POINT('',(86.74782580024,52.312274600474,
    6.653723451131));
#3507 = CARTESIAN_POINT('',(86.860944858427,52.124267345806,
    6.897325574798));
#3508 = CARTESIAN_POINT('',(87.109445381478,51.707646675405,
    7.273572292608));
#3509 = CARTESIAN_POINT('',(87.239750875987,51.488145200365,
    7.425081225204));
#3510 = CARTESIAN_POINT('',(87.387138978919,51.238267861138,
    7.543248044515));
#3511 = CARTESIAN_POINT('',(87.545932923848,50.966776210662,
    7.615753315633));
#3512 = CARTESIAN_POINT('',(87.708863627583,50.685502325324,
    7.636153180086));
#3513 = CARTESIAN_POINT('',(87.868675825714,50.407124370652,
    7.604207302974));
#3514 = CARTESIAN_POINT('',(88.105893156501,49.990722325762,
    7.481163643276));
#3515 = CARTESIAN_POINT('',(88.188366078773,49.845237661604,
    7.421439119874));
#3516 = CARTESIAN_POINT('',(88.265991975072,49.707664582541,
    7.348692688562));
#3517 = CARTESIAN_POINT('',(88.338357920419,49.578868044771,
    7.264667259201));
#3518 = CARTESIAN_POINT('',(88.405178545773,49.459492655151,
    7.171154793812));
#3519 = CARTESIAN_POINT('',(88.466290761581,49.349958112826,
    7.069995789865));
#3520 = CARTESIAN_POINT('',(88.628239029598,49.0588759319,6.757232855014
    ));
#3521 = CARTESIAN_POINT('',(88.714465335512,48.902756126672,
    6.528202768877));
#3522 = CARTESIAN_POINT('',(88.781586498679,48.780601831507,
    6.284453663445));
#3523 = CARTESIAN_POINT('',(88.830920995808,48.690531559756,
    6.031405520031));
#3524 = CARTESIAN_POINT('',(88.863457246888,48.631030373685,
    5.772893229577));
#3525 = CARTESIAN_POINT('',(88.879763981211,48.601209394872,
    5.511616524267));
#3526 = CARTESIAN_POINT('',(88.879763981211,48.601209394872,
    4.997611684359));
#3527 = CARTESIAN_POINT('',(88.864588002175,48.628962529306,
    4.745518694724));
#3528 = CARTESIAN_POINT('',(88.834296153609,48.684359099578,
    4.495902947709));
#3529 = CARTESIAN_POINT('',(88.788412311897,48.768139344314,
    4.251247720412));
#3530 = CARTESIAN_POINT('',(88.726067806977,48.881637035101,
    4.014858786136));
#3531 = CARTESIAN_POINT('',(88.646123629738,49.026483241453,
    3.791479997982));
#3532 = CARTESIAN_POINT('',(88.547419954508,49.204109781602,
    3.588299064212));
#3533 = PCURVE('',#272,#3534);
#3534 = DEFINITIONAL_REPRESENTATION('',(#3535),#3605);
#3535 = B_SPLINE_CURVE_WITH_KNOTS('',3,(#3536,#3537,#3538,#3539,#3540,
    #3541,#3542,#3543,#3544,#3545,#3546,#3547,#3548,#3549,#3550,#3551,
    #3552,#3553,#3554,#3555,#3556,#3557,#3558,#3559,#3560,#3561,#3562,
    #3563,#3564,#3565,#3566,#3567,#3568,#3569,#3570,#3571,#3572,#3573,
    #3574,#3575,#3576,#3577,#3578,#3579,#3580,#3581,#3582,#3583,#3584,
    #3585,#3586,#3587,#3588,#3589,#3590,#3591,#3592,#3593,#3594,#3595,
    #3596,#3597,#3598,#3599,#3600,#3601,#3602,#3603,#3604),
  .UNSPECIFIED.,.F.,.F.,(4,1,1,1,1,1,1,1,1,1,1,1,1,1,1,1,1,1,1,1,1,1,1,1
    ,1,1,1,1,1,1,1,1,1,1,1,1,1,1,1,1,1,1,1,1,1,1,1,1,1,1,1,1,1,1,1,1,1,1
    ,1,1,1,1,1,1,1,1,4),(0.,8.427474438518E-02,0.16854948877,
    0.252824233156,0.337098977541,0.421373721926,0.505648466311,
    0.589923210696,0.674197955081,0.758472699467,0.842747443852,
    0.927022188237,1.011296932622,1.095571677007,1.179846421393,
    1.264121165778,1.348395910163,1.432670654548,1.516945398933,
    1.601220143318,1.685494887704,1.769769632089,1.854044376474,
    1.938319120859,2.022593865244,2.10686860963,2.191143354015,
    2.2754180984,2.359692842785,2.44396758717,2.528242331556,
    2.612517075941,2.696791820326,2.781066564711,2.865341309096,
    2.949616053481,3.033890797867,3.118165542252,3.202440286637,
    3.286715031022,3.370989775407,3.455264519793,3.539539264178,
    3.623814008563,3.708088752948,3.792363497333,3.876638241718,
    3.960912986104,4.045187730489,4.129462474874,4.213737219259,
    4.298011963644,4.38228670803,4.466561452415,4.5508361968,
    4.635110941185,4.71938568557,4.803660429955,4.887935174341,
    4.972209918726,5.056484663111,5.140759407496,5.225034151881,
    5.309308896267,5.393583640652,5.477858385037,5.562133129422),
  .QUASI_UNIFORM_KNOTS.);
#3536 = CARTESIAN_POINT('',(0.540003271822,3.588299064212));
#3537 = CARTESIAN_POINT('',(0.540397735256,3.628260424342));
#3538 = CARTESIAN_POINT('',(0.541149591367,3.710162322352));
#3539 = CARTESIAN_POINT('',(0.542168445303,3.838199980868));
#3540 = CARTESIAN_POINT('',(0.543080662855,3.970636219551));
#3541 = CARTESIAN_POINT('',(0.543888496538,4.106802090642));
#3542 = CARTESIAN_POINT('',(0.544594108655,4.246093749663));
#3543 = CARTESIAN_POINT('',(0.545199525471,4.387975414554));
#3544 = CARTESIAN_POINT('',(0.545706594364,4.53196815342));
#3545 = CARTESIAN_POINT('',(0.546116943517,4.677643362192));
#3546 = CARTESIAN_POINT('',(0.546431944091,4.824614528804));
#3547 = CARTESIAN_POINT('',(0.546652673691,4.972533767079));
#3548 = CARTESIAN_POINT('',(0.546779883986,5.121073321893));
#3549 = CARTESIAN_POINT('',(0.546813960388,5.269964487133));
#3550 = CARTESIAN_POINT('',(0.54675491766,5.418816942573));
#3551 = CARTESIAN_POINT('',(0.546602590883,5.567289506074));
#3552 = CARTESIAN_POINT('',(0.54635643366,5.71508135539));
#3553 = CARTESIAN_POINT('',(0.546015572492,5.861852129784));
#3554 = CARTESIAN_POINT('',(0.545578833771,6.007234814444));
#3555 = CARTESIAN_POINT('',(0.545044778222,6.150823893104));
#3556 = CARTESIAN_POINT('',(0.54441173468,6.292170017978));
#3557 = CARTESIAN_POINT('',(0.543677837099,6.430772659709));
#3558 = CARTESIAN_POINT('',(0.542841063665,6.566072582007));
#3559 = CARTESIAN_POINT('',(0.541899284957,6.697444244154));
#3560 = CARTESIAN_POINT('',(0.540850300765,6.824184818551));
#3561 = CARTESIAN_POINT('',(0.539691946574,6.945511916006));
#3562 = CARTESIAN_POINT('',(0.538421972324,7.06052390536));
#3563 = CARTESIAN_POINT('',(0.537038808363,7.16829413295));
#3564 = CARTESIAN_POINT('',(0.535512979013,7.269332098394));
#3565 = CARTESIAN_POINT('',(0.533862352026,7.360440408546));
#3566 = CARTESIAN_POINT('',(0.532100088099,7.439485484904));
#3567 = CARTESIAN_POINT('',(0.530243553119,7.504511185038));
#3568 = CARTESIAN_POINT('',(0.528311496658,7.553980195374));
#3569 = CARTESIAN_POINT('',(0.526324329093,7.586713666827));
#3570 = CARTESIAN_POINT('',(0.524303607131,7.601913410617));
#3571 = CARTESIAN_POINT('',(0.522271484479,7.599158360155));
#3572 = CARTESIAN_POINT('',(0.520251019032,7.578423604838));
#3573 = CARTESIAN_POINT('',(0.518263042311,7.540036513205));
#3574 = CARTESIAN_POINT('',(0.516335904647,7.484863016533));
#3575 = CARTESIAN_POINT('',(0.514507821715,7.414993182111));
#3576 = CARTESIAN_POINT('',(0.512780968132,7.331801055691));
#3577 = CARTESIAN_POINT('',(0.511164265829,7.236858045072));
#3578 = CARTESIAN_POINT('',(0.509663102159,7.131725882214));
#3579 = CARTESIAN_POINT('',(0.508281757898,7.017969283302));
#3580 = CARTESIAN_POINT('',(0.507023948879,6.897311303735));
#3581 = CARTESIAN_POINT('',(0.505882489688,6.770411174287));
#3582 = CARTESIAN_POINT('',(0.504855438714,6.638203859043));
#3583 = CARTESIAN_POINT('',(0.503940223435,6.501490026733));
#3584 = CARTESIAN_POINT('',(0.503134473317,6.360987608426));
#3585 = CARTESIAN_POINT('',(0.502435875888,6.217331751224));
#3586 = CARTESIAN_POINT('',(0.501842286776,6.07108726115));
#3587 = CARTESIAN_POINT('',(0.501351765185,5.922756657825));
#3588 = CARTESIAN_POINT('',(0.50096262467,5.772788468562));
#3589 = CARTESIAN_POINT('',(0.500673474741,5.621585339964));
#3590 = CARTESIAN_POINT('',(0.500483267856,5.46951023821));
#3591 = CARTESIAN_POINT('',(0.500391324522,5.31689928645));
#3592 = CARTESIAN_POINT('',(0.500397437611,5.164049985583));
#3593 = CARTESIAN_POINT('',(0.500501616337,5.011485527263));
#3594 = CARTESIAN_POINT('',(0.500704136908,4.859489779812));
#3595 = CARTESIAN_POINT('',(0.50100572511,4.708410239063));
#3596 = CARTESIAN_POINT('',(0.501407467911,4.558615131518));
#3597 = CARTESIAN_POINT('',(0.501910788452,4.410513989574));
#3598 = CARTESIAN_POINT('',(0.502517401806,4.264561623997));
#3599 = CARTESIAN_POINT('',(0.503229273163,4.12126738387));
#3600 = CARTESIAN_POINT('',(0.504048572127,3.981202541733));
#3601 = CARTESIAN_POINT('',(0.504977624454,3.845012886495));
#3602 = CARTESIAN_POINT('',(0.506018859951,3.713415679809));
#3603 = CARTESIAN_POINT('',(0.506789458691,3.62931028949));
#3604 = CARTESIAN_POINT('',(0.507194279374,3.588299064212));
#3605 = ( GEOMETRIC_REPRESENTATION_CONTEXT(2) 
PARAMETRIC_REPRESENTATION_CONTEXT() REPRESENTATION_CONTEXT('2D SPACE',''
  ) );
#3606 = PCURVE('',#3607,#3612);
#3607 = CYLINDRICAL_SURFACE('',#3608,2.35);
#3608 = AXIS2_PLACEMENT_3D('',#3609,#3610,#3611);
#3609 = CARTESIAN_POINT('',(78.202093961735,45.15,5.25));
#3610 = DIRECTION('',(-0.866025403784,-0.5,0.));
#3611 = DIRECTION('',(0.5,-0.866025403784,0.));
#3612 = DEFINITIONAL_REPRESENTATION('',(#3613),#3683);
#3613 = B_SPLINE_CURVE_WITH_KNOTS('',3,(#3614,#3615,#3616,#3617,#3618,
    #3619,#3620,#3621,#3622,#3623,#3624,#3625,#3626,#3627,#3628,#3629,
    #3630,#3631,#3632,#3633,#3634,#3635,#3636,#3637,#3638,#3639,#3640,
    #3641,#3642,#3643,#3644,#3645,#3646,#3647,#3648,#3649,#3650,#3651,
    #3652,#3653,#3654,#3655,#3656,#3657,#3658,#3659,#3660,#3661,#3662,
    #3663,#3664,#3665,#3666,#3667,#3668,#3669,#3670,#3671,#3672,#3673,
    #3674,#3675,#3676,#3677,#3678,#3679,#3680,#3681,#3682),
  .UNSPECIFIED.,.F.,.F.,(4,1,1,1,1,1,1,1,1,1,1,1,1,1,1,1,1,1,1,1,1,1,1,1
    ,1,1,1,1,1,1,1,1,1,1,1,1,1,1,1,1,1,1,1,1,1,1,1,1,1,1,1,1,1,1,1,1,1,1
    ,1,1,1,1,1,1,1,1,4),(0.,8.427474438518E-02,0.16854948877,
    0.252824233156,0.337098977541,0.421373721926,0.505648466311,
    0.589923210696,0.674197955081,0.758472699467,0.842747443852,
    0.927022188237,1.011296932622,1.095571677007,1.179846421393,
    1.264121165778,1.348395910163,1.432670654548,1.516945398933,
    1.601220143318,1.685494887704,1.769769632089,1.854044376474,
    1.938319120859,2.022593865244,2.10686860963,2.191143354015,
    2.2754180984,2.359692842785,2.44396758717,2.528242331556,
    2.612517075941,2.696791820326,2.781066564711,2.865341309096,
    2.949616053481,3.033890797867,3.118165542252,3.202440286637,
    3.286715031022,3.370989775407,3.455264519793,3.539539264178,
    3.623814008563,3.708088752948,3.792363497333,3.876638241718,
    3.960912986104,4.045187730489,4.129462474874,4.213737219259,
    4.298011963644,4.38228670803,4.466561452415,4.5508361968,
    4.635110941185,4.71938568557,4.803660429955,4.887935174341,
    4.972209918726,5.056484663111,5.140759407496,5.225034151881,
    5.309308896267,5.393583640652,5.477858385037,5.562133129422),
  .QUASI_UNIFORM_KNOTS.);
#3614 = CARTESIAN_POINT('',(10.210176124167,-10.98637001097));
#3615 = CARTESIAN_POINT('',(10.186133183213,-10.98571415089));
#3616 = CARTESIAN_POINT('',(10.138569269549,-10.98441819778));
#3617 = CARTESIAN_POINT('',(10.068637082026,-10.98255037387));
#3618 = CARTESIAN_POINT('',(9.999962571553,-10.98078916522));
#3619 = CARTESIAN_POINT('',(9.93240297681,-10.97915911404));
#3620 = CARTESIAN_POINT('',(9.865821090236,-10.97768131535));
#3621 = CARTESIAN_POINT('',(9.800084856232,-10.976373203));
#3622 = CARTESIAN_POINT('',(9.735065522544,-10.97524905589));
#3623 = CARTESIAN_POINT('',(9.67063636127,-10.97432028951));
#3624 = CARTESIAN_POINT('',(9.606671815703,-10.97359577347));
#3625 = CARTESIAN_POINT('',(9.543044933434,-10.97308210308));
#3626 = CARTESIAN_POINT('',(9.479631206113,-10.97278382709));
#3627 = CARTESIAN_POINT('',(9.416288003996,-10.97270365143));
#3628 = CARTESIAN_POINT('',(9.352927243529,-10.97284249099));
#3629 = CARTESIAN_POINT('',(9.289439293519,-10.97319908243));
#3630 = CARTESIAN_POINT('',(9.225693111674,-10.97377036926));
#3631 = CARTESIAN_POINT('',(9.161566188457,-10.9745513208));
#3632 = CARTESIAN_POINT('',(9.096935204356,-10.97553475507));
#3633 = CARTESIAN_POINT('',(9.031677154039,-10.97671109793));
#3634 = CARTESIAN_POINT('',(8.965667585793,-10.97806810674));
#3635 = CARTESIAN_POINT('',(8.898779518463,-10.97959056191));
#3636 = CARTESIAN_POINT('',(8.830882065987,-10.98125993349));
#3637 = CARTESIAN_POINT('',(8.761838973152,-10.98305403877));
#3638 = CARTESIAN_POINT('',(8.691507000011,-10.98494666945));
#3639 = CARTESIAN_POINT('',(8.619733813946,-10.98690730622));
#3640 = CARTESIAN_POINT('',(8.546356193152,-10.98890051982));
#3641 = CARTESIAN_POINT('',(8.47119474883,-10.99088659288));
#3642 = CARTESIAN_POINT('',(8.392680094486,-10.99285311818));
#3643 = CARTESIAN_POINT('',(8.311721465298,-10.99471379177));
#3644 = CARTESIAN_POINT('',(8.228717303555,-10.99639488815));
#3645 = CARTESIAN_POINT('',(8.14411818916,-10.9978244237));
#3646 = CARTESIAN_POINT('',(8.058295415429,-10.99894012044));
#3647 = CARTESIAN_POINT('',(7.971592809287,-10.99969178009));
#3648 = CARTESIAN_POINT('',(7.884330249902,-11.00004444759));
#3649 = CARTESIAN_POINT('',(7.79680879678,-10.99998034384));
#3650 = CARTESIAN_POINT('',(7.709351906414,-10.99950037493));
#3651 = CARTESIAN_POINT('',(7.622198393658,-10.99862311511));
#3652 = CARTESIAN_POINT('',(7.535953905801,-10.99738797324));
#3653 = CARTESIAN_POINT('',(7.451807008471,-10.99586734934));
#3654 = CARTESIAN_POINT('',(7.369452292439,-10.99411998665));
#3655 = CARTESIAN_POINT('',(7.288967444927,-10.99220976861));
#3656 = CARTESIAN_POINT('',(7.210364185377,-10.99019884889));
#3657 = CARTESIAN_POINT('',(7.133686711497,-10.98814651913));
#3658 = CARTESIAN_POINT('',(7.059071489201,-10.98610971593));
#3659 = CARTESIAN_POINT('',(6.986069696329,-10.98412286321));
#3660 = CARTESIAN_POINT('',(6.914530541725,-10.98222240301));
#3661 = CARTESIAN_POINT('',(6.844286466815,-10.98043895452));
#3662 = CARTESIAN_POINT('',(6.775186339771,-10.97879865302));
#3663 = CARTESIAN_POINT('',(6.707083642004,-10.97732332233));
#3664 = CARTESIAN_POINT('',(6.639837167877,-10.97603095432));
#3665 = CARTESIAN_POINT('',(6.573308683749,-10.97493608943));
#3666 = CARTESIAN_POINT('',(6.507361545087,-10.97405019727));
#3667 = CARTESIAN_POINT('',(6.441859375821,-10.97338201575));
#3668 = CARTESIAN_POINT('',(6.376664109525,-10.97293786392));
#3669 = CARTESIAN_POINT('',(6.311636903131,-10.97272185817));
#3670 = CARTESIAN_POINT('',(6.246628422942,-10.9727362464));
#3671 = CARTESIAN_POINT('',(6.181586741502,-10.97298087002));
#3672 = CARTESIAN_POINT('',(6.116356188946,-10.97345327248));
#3673 = CARTESIAN_POINT('',(6.050801621611,-10.9741490708));
#3674 = CARTESIAN_POINT('',(5.984785547779,-10.9750616452));
#3675 = CARTESIAN_POINT('',(5.918172309889,-10.97618191665));
#3676 = CARTESIAN_POINT('',(5.850825191299,-10.97749803937));
#3677 = CARTESIAN_POINT('',(5.782605440237,-10.9789950476));
#3678 = CARTESIAN_POINT('',(5.713370834726,-10.98065452568));
#3679 = CARTESIAN_POINT('',(5.642973626976,-10.98245403909));
#3680 = CARTESIAN_POINT('',(5.571260072963,-10.98436736034));
#3681 = CARTESIAN_POINT('',(5.522461308555,-10.98569689954));
#3682 = CARTESIAN_POINT('',(5.497787143782,-10.98637001097));
#3683 = ( GEOMETRIC_REPRESENTATION_CONTEXT(2) 
PARAMETRIC_REPRESENTATION_CONTEXT() REPRESENTATION_CONTEXT('2D SPACE',''
  ) );
#3684 = ORIENTED_EDGE('',*,*,#3685,.T.);
#3685 = EDGE_CURVE('',#3491,#3686,#3688,.T.);
#3686 = VERTEX_POINT('',#3687);
#3687 = CARTESIAN_POINT('',(87.475589230481,51.08533340187,2.43));
#3688 = SURFACE_CURVE('',#3689,(#3694,#3704),.PCURVE_S1.);
#3689 = ELLIPSE('',#3690,143.25983386839,101.3);
#3690 = AXIS2_PLACEMENT_3D('',#3691,#3692,#3693);
#3691 = CARTESIAN_POINT('',(0.,0.,1.926598128423));
#3692 = DIRECTION('',(-0.353553390593,0.612372435696,-0.707106781187));
#3693 = DIRECTION('',(-0.353553390593,0.612372435696,0.707106781187));
#3694 = PCURVE('',#272,#3695);
#3695 = DEFINITIONAL_REPRESENTATION('',(#3696),#3703);
#3696 = B_SPLINE_CURVE_WITH_KNOTS('',5,(#3697,#3698,#3699,#3700,#3701,
    #3702),.UNSPECIFIED.,.F.,.F.,(6,6),(1.553248231306,1.566970335574),
  .PIECEWISE_BEZIER_KNOTS.);
#3697 = CARTESIAN_POINT('',(0.541146871087,3.704128970633));
#3698 = CARTESIAN_POINT('',(0.538402450234,3.426161941646));
#3699 = CARTESIAN_POINT('',(0.53565802938,3.148178177549));
#3700 = CARTESIAN_POINT('',(0.532913608527,2.870182040019));
#3701 = CARTESIAN_POINT('',(0.530169187673,2.592177891256));
#3702 = CARTESIAN_POINT('',(0.52742476682,2.314170093579));
#3703 = ( GEOMETRIC_REPRESENTATION_CONTEXT(2) 
PARAMETRIC_REPRESENTATION_CONTEXT() REPRESENTATION_CONTEXT('2D SPACE',''
  ) );
#3704 = PCURVE('',#3705,#3710);
#3705 = PLANE('',#3706);
#3706 = AXIS2_PLACEMENT_3D('',#3707,#3708,#3709);
#3707 = CARTESIAN_POINT('',(77.371243493841,46.589075223885,
    3.588299064212));
#3708 = DIRECTION('',(-0.353553390593,0.612372435696,-0.707106781187));
#3709 = DIRECTION('',(0.353553390593,-0.612372435696,-0.707106781187));
#3710 = DEFINITIONAL_REPRESENTATION('',(#3711),#3715);
#3711 = ELLIPSE('',#3712,143.25983386839,101.3);
#3712 = AXIS2_PLACEMENT_2D('',#3713,#3714);
#3713 = CARTESIAN_POINT('',(2.35,90.3));
#3714 = DIRECTION('',(-1.,0.));
#3715 = ( GEOMETRIC_REPRESENTATION_CONTEXT(2) 
PARAMETRIC_REPRESENTATION_CONTEXT() REPRESENTATION_CONTEXT('2D SPACE',''
  ) );
#3716 = ORIENTED_EDGE('',*,*,#3717,.F.);
#3717 = EDGE_CURVE('',#3457,#3686,#3718,.T.);
#3718 = SURFACE_CURVE('',#3719,(#3724,#3731),.PCURVE_S1.);
#3719 = CIRCLE('',#3720,101.3);
#3720 = AXIS2_PLACEMENT_3D('',#3721,#3722,#3723);
#3721 = CARTESIAN_POINT('',(0.,0.,2.43));
#3722 = DIRECTION('',(0.,0.,1.));
#3723 = DIRECTION('',(1.,0.,-0.));
#3724 = PCURVE('',#272,#3725);
#3725 = DEFINITIONAL_REPRESENTATION('',(#3726),#3730);
#3726 = LINE('',#3727,#3728);
#3727 = CARTESIAN_POINT('',(0.,2.43));
#3728 = VECTOR('',#3729,1.);
#3729 = DIRECTION('',(1.,0.));
#3730 = ( GEOMETRIC_REPRESENTATION_CONTEXT(2) 
PARAMETRIC_REPRESENTATION_CONTEXT() REPRESENTATION_CONTEXT('2D SPACE',''
  ) );
#3731 = PCURVE('',#3732,#3737);
#3732 = PLANE('',#3733);
#3733 = AXIS2_PLACEMENT_3D('',#3734,#3735,#3736);
#3734 = CARTESIAN_POINT('',(77.950393025946,45.585958809098,2.43));
#3735 = DIRECTION('',(0.,0.,-1.));
#3736 = DIRECTION('',(0.5,-0.866025403784,0.));
#3737 = DEFINITIONAL_REPRESENTATION('',(#3738),#3746);
#3738 = ( BOUNDED_CURVE() B_SPLINE_CURVE(2,(#3739,#3740,#3741,#3742,
#3743,#3744,#3745),.UNSPECIFIED.,.T.,.F.) B_SPLINE_CURVE_WITH_KNOTS((1,2
    ,2,2,2,1),(-2.094395102393,0.,2.094395102393,4.188790204786,
6.28318530718,8.377580409573),.UNSPECIFIED.) CURVE() 
GEOMETRIC_REPRESENTATION_ITEM() RATIONAL_B_SPLINE_CURVE((1.,0.5,1.,0.5,
1.,0.5,1.)) REPRESENTATION_ITEM('') );
#3739 = CARTESIAN_POINT('',(51.153401871577,2.571626596636));
#3740 = CARTESIAN_POINT('',(-100.7965981284,-85.15674680672));
#3741 = CARTESIAN_POINT('',(-100.7965981284,90.3));
#3742 = CARTESIAN_POINT('',(-100.7965981284,265.75674680672));
#3743 = CARTESIAN_POINT('',(51.153401871577,178.02837340336));
#3744 = CARTESIAN_POINT('',(203.10340187157,90.3));
#3745 = CARTESIAN_POINT('',(51.153401871577,2.571626596636));
#3746 = ( GEOMETRIC_REPRESENTATION_CONTEXT(2) 
PARAMETRIC_REPRESENTATION_CONTEXT() REPRESENTATION_CONTEXT('2D SPACE',''
  ) );
#3747 = FACE_BOUND('',#3748,.T.);
#3748 = EDGE_LOOP('',(#3749,#3783,#3984,#4016));
#3749 = ORIENTED_EDGE('',*,*,#3750,.T.);
#3750 = EDGE_CURVE('',#3751,#3753,#3755,.T.);
#3751 = VERTEX_POINT('',#3752);
#3752 = CARTESIAN_POINT('',(0.503401871577,101.29874918554,2.43));
#3753 = VERTEX_POINT('',#3754);
#3754 = CARTESIAN_POINT('',(1.661700935788,101.28637001097,
    3.588299064212));
#3755 = SURFACE_CURVE('',#3756,(#3761,#3771),.PCURVE_S1.);
#3756 = ELLIPSE('',#3757,143.25983386839,101.3);
#3757 = AXIS2_PLACEMENT_3D('',#3758,#3759,#3760);
#3758 = CARTESIAN_POINT('',(0.,0.,1.926598128423));
#3759 = DIRECTION('',(0.707106781187,-7.850462293419E-17,-0.707106781187
    ));
#3760 = DIRECTION('',(0.707106781187,-7.850462293419E-17,0.707106781187)
  );
#3761 = PCURVE('',#272,#3762);
#3762 = DEFINITIONAL_REPRESENTATION('',(#3763),#3770);
#3763 = B_SPLINE_CURVE_WITH_KNOTS('',5,(#3764,#3765,#3766,#3767,#3768,
    #3769),.UNSPECIFIED.,.F.,.F.,(6,6),(4.716214971606,4.729937075873),
  .PIECEWISE_BEZIER_KNOTS.);
#3764 = CARTESIAN_POINT('',(1.566970335574,2.314170093579));
#3765 = CARTESIAN_POINT('',(1.56422591472,2.592177891256));
#3766 = CARTESIAN_POINT('',(1.561481493867,2.870182040018));
#3767 = CARTESIAN_POINT('',(1.558737073013,3.148178177549));
#3768 = CARTESIAN_POINT('',(1.55599265216,3.426161941646));
#3769 = CARTESIAN_POINT('',(1.553248231306,3.704128970633));
#3770 = ( GEOMETRIC_REPRESENTATION_CONTEXT(2) 
PARAMETRIC_REPRESENTATION_CONTEXT() REPRESENTATION_CONTEXT('2D SPACE',''
  ) );
#3771 = PCURVE('',#3772,#3777);
#3772 = PLANE('',#3773);
#3773 = AXIS2_PLACEMENT_3D('',#3774,#3775,#3776);
#3774 = CARTESIAN_POINT('',(0.503401871577,90.3,2.43));
#3775 = DIRECTION('',(0.707106781187,-7.850462293419E-17,-0.707106781187
    ));
#3776 = DIRECTION('',(0.707106781187,-7.850462293419E-17,0.707106781187)
  );
#3777 = DEFINITIONAL_REPRESENTATION('',(#3778),#3782);
#3778 = ELLIPSE('',#3779,143.25983386839,101.3);
#3779 = AXIS2_PLACEMENT_2D('',#3780,#3781);
#3780 = CARTESIAN_POINT('',(-0.711917754108,90.3));
#3781 = DIRECTION('',(1.,0.));
#3782 = ( GEOMETRIC_REPRESENTATION_CONTEXT(2) 
PARAMETRIC_REPRESENTATION_CONTEXT() REPRESENTATION_CONTEXT('2D SPACE',''
  ) );
#3783 = ORIENTED_EDGE('',*,*,#3784,.F.);
#3784 = EDGE_CURVE('',#3785,#3753,#3787,.T.);
#3785 = VERTEX_POINT('',#3786);
#3786 = CARTESIAN_POINT('',(-1.661700935788,101.28637001097,
    3.588299064212));
#3787 = SURFACE_CURVE('',#3788,(#3833,#3906),.PCURVE_S1.);
#3788 = B_SPLINE_CURVE_WITH_KNOTS('',8,(#3789,#3790,#3791,#3792,#3793,
    #3794,#3795,#3796,#3797,#3798,#3799,#3800,#3801,#3802,#3803,#3804,
    #3805,#3806,#3807,#3808,#3809,#3810,#3811,#3812,#3813,#3814,#3815,
    #3816,#3817,#3818,#3819,#3820,#3821,#3822,#3823,#3824,#3825,#3826,
    #3827,#3828,#3829,#3830,#3831,#3832),.UNSPECIFIED.,.F.,.F.,(9,7,7,7,
    7,7,9),(0.,1.,1.919240843758,2.754875629458,4.048352941616,
    5.56755596019,6.937859283379),.UNSPECIFIED.);
#3789 = CARTESIAN_POINT('',(-1.661700935788,101.28637001097,
    3.588299064212));
#3790 = CARTESIAN_POINT('',(-1.839487300193,101.28345325358,
    3.766085428616));
#3791 = CARTESIAN_POINT('',(-1.988946860163,101.28064446315,
    3.959022491457));
#3792 = CARTESIAN_POINT('',(-2.111208658536,101.27812414282,
    4.162601659262));
#3793 = CARTESIAN_POINT('',(-2.207504447659,101.27601358063,
    4.373573673909));
#3794 = CARTESIAN_POINT('',(-2.278924357469,101.274387519,4.589503761597
    ));
#3795 = CARTESIAN_POINT('',(-2.326279390761,101.27328859927,
    4.808524690177));
#3796 = CARTESIAN_POINT('',(-2.35,101.27273818753,5.029148790816));
#3797 = CARTESIAN_POINT('',(-2.35,101.27273818753,5.453015451876));
#3798 = CARTESIAN_POINT('',(-2.329956046644,101.27320325548,
    5.656054192683));
#3799 = CARTESIAN_POINT('',(-2.289860419997,101.27413377524,
    5.856776564904));
#3800 = CARTESIAN_POINT('',(-2.230040336194,101.27549959412,
    6.05286907611));
#3801 = CARTESIAN_POINT('',(-2.151137844124,101.27724145006,
    6.242086859561));
#3802 = CARTESIAN_POINT('',(-2.054091486097,101.2792756792,
    6.422295497022));
#3803 = CARTESIAN_POINT('',(-1.940119722514,101.28150220398,
    6.591512203784));
#3804 = CARTESIAN_POINT('',(-1.693062840962,101.28591897485,
    6.89015267232));
#3805 = CARTESIAN_POINT('',(-1.562644534385,101.28809428595,
    7.021813299508));
#3806 = CARTESIAN_POINT('',(-1.420566605417,101.29026258564,
    7.141571443919));
#3807 = CARTESIAN_POINT('',(-1.268109548776,101.29234063633,
    7.248229228568));
#3808 = CARTESIAN_POINT('',(-1.106692080429,101.29424829301,
    7.340760131957));
#3809 = CARTESIAN_POINT('',(-0.937845975779,101.29591459568,
    7.418321869828));
#3810 = CARTESIAN_POINT('',(-0.763192614907,101.29728277354,
    7.480269739768));
#3811 = CARTESIAN_POINT('',(-0.307701394854,101.29991064295,
    7.597220007608));
#3812 = CARTESIAN_POINT('',(-1.780019993356E-02,101.3007192124,
    7.630671565053));
#3813 = CARTESIAN_POINT('',(0.276370818559,101.30054460843,
    7.622523888842));
#3814 = CARTESIAN_POINT('',(0.565033901431,101.29933213259,
    7.572371354388));
#3815 = CARTESIAN_POINT('',(0.838655006708,101.29723232197,
    7.483239969936));
#3816 = CARTESIAN_POINT('',(1.088895841623,101.29457376256,
    7.361440632479));
#3817 = CARTESIAN_POINT('',(1.309727514,101.29170769577,7.216414304684)
  );
#3818 = CARTESIAN_POINT('',(1.719011454112,101.28565485831,
    6.877825183092));
#3819 = CARTESIAN_POINT('',(1.904630968518,101.28235817259,
    6.672313135363));
#3820 = CARTESIAN_POINT('',(2.056012943744,101.27932607569,
    6.451334202061));
#3821 = CARTESIAN_POINT('',(2.174831414392,101.27675577213,
    6.219903257416));
#3822 = CARTESIAN_POINT('',(2.262691388572,101.27476428626,
    5.981671350921));
#3823 = CARTESIAN_POINT('',(2.320847205026,101.27341462181,5.73931792618
    ));
#3824 = CARTESIAN_POINT('',(2.35,101.27273818753,5.494836428887));
#3825 = CARTESIAN_POINT('',(2.35,101.27273818753,5.029160409742));
#3826 = CARTESIAN_POINT('',(2.326282858903,101.27328852446,
    4.808542411835));
#3827 = CARTESIAN_POINT('',(2.278926769226,101.27438745203,
    4.589509557612));
#3828 = CARTESIAN_POINT('',(2.207507764889,101.27601351401,
    4.373576142709));
#3829 = CARTESIAN_POINT('',(2.111209947233,101.27812413233,
    4.162602593805));
#3830 = CARTESIAN_POINT('',(1.988941686148,101.28064456296,
    3.959014564896));
#3831 = CARTESIAN_POINT('',(1.839484452214,101.2834533003,3.766082580637
    ));
#3832 = CARTESIAN_POINT('',(1.661700935788,101.28637001097,
    3.588299064212));
#3833 = PCURVE('',#272,#3834);
#3834 = DEFINITIONAL_REPRESENTATION('',(#3835),#3905);
#3835 = B_SPLINE_CURVE_WITH_KNOTS('',3,(#3836,#3837,#3838,#3839,#3840,
    #3841,#3842,#3843,#3844,#3845,#3846,#3847,#3848,#3849,#3850,#3851,
    #3852,#3853,#3854,#3855,#3856,#3857,#3858,#3859,#3860,#3861,#3862,
    #3863,#3864,#3865,#3866,#3867,#3868,#3869,#3870,#3871,#3872,#3873,
    #3874,#3875,#3876,#3877,#3878,#3879,#3880,#3881,#3882,#3883,#3884,
    #3885,#3886,#3887,#3888,#3889,#3890,#3891,#3892,#3893,#3894,#3895,
    #3896,#3897,#3898,#3899,#3900,#3901,#3902,#3903,#3904),
  .UNSPECIFIED.,.F.,.F.,(4,1,1,1,1,1,1,1,1,1,1,1,1,1,1,1,1,1,1,1,1,1,1,1
    ,1,1,1,1,1,1,1,1,1,1,1,1,1,1,1,1,1,1,1,1,1,1,1,1,1,1,1,1,1,1,1,1,1,1
    ,1,1,1,1,1,1,1,1,4),(0.,0.105119080051,0.210238160102,0.315357240154
    ,0.420476320205,0.525595400256,0.630714480307,0.735833560358,
    0.84095264041,0.946071720461,1.051190800512,1.156309880563,
    1.261428960614,1.366548040666,1.471667120717,1.576786200768,
    1.681905280819,1.78702436087,1.892143440922,1.997262520973,
    2.102381601024,2.207500681075,2.312619761126,2.417738841178,
    2.522857921229,2.62797700128,2.733096081331,2.838215161382,
    2.943334241434,3.048453321485,3.153572401536,3.258691481587,
    3.363810561638,3.46892964169,3.574048721741,3.679167801792,
    3.784286881843,3.889405961894,3.994525041946,4.099644121997,
    4.204763202048,4.309882282099,4.41500136215,4.520120442202,
    4.625239522253,4.730358602304,4.835477682355,4.940596762406,
    5.045715842458,5.150834922509,5.25595400256,5.361073082611,
    5.466192162662,5.571311242714,5.676430322765,5.781549402816,
    5.886668482867,5.991787562918,6.09690664297,6.202025723021,
    6.307144803072,6.412263883123,6.517382963174,6.622502043226,
    6.727621123277,6.832740203328,6.937859283379),
  .QUASI_UNIFORM_KNOTS.);
#3836 = CARTESIAN_POINT('',(1.587200823019,3.588299064212));
#3837 = CARTESIAN_POINT('',(1.58769285838,3.638153737798));
#3838 = CARTESIAN_POINT('',(1.58861925534,3.74091877058));
#3839 = CARTESIAN_POINT('',(1.58984023112,3.902836430418));
#3840 = CARTESIAN_POINT('',(1.590897035812,4.071049608417));
#3841 = CARTESIAN_POINT('',(1.591793953659,4.244355474266));
#3842 = CARTESIAN_POINT('',(1.592534967228,4.42169337915));
#3843 = CARTESIAN_POINT('',(1.593123621893,4.602148407373));
#3844 = CARTESIAN_POINT('',(1.593562908733,4.78491938515));
#3845 = CARTESIAN_POINT('',(1.593855147729,4.969309158243));
#3846 = CARTESIAN_POINT('',(1.594001903279,5.154669799428));
#3847 = CARTESIAN_POINT('',(1.594003798286,5.340509522813));
#3848 = CARTESIAN_POINT('',(1.593860768283,5.525835002947));
#3849 = CARTESIAN_POINT('',(1.593573705292,5.709428542103));
#3850 = CARTESIAN_POINT('',(1.593144411556,5.89015419598));
#3851 = CARTESIAN_POINT('',(1.592575579129,6.066879643542));
#3852 = CARTESIAN_POINT('',(1.591870764592,6.238504117251));
#3853 = CARTESIAN_POINT('',(1.591034366663,6.403957775657));
#3854 = CARTESIAN_POINT('',(1.590071601475,6.562209073619));
#3855 = CARTESIAN_POINT('',(1.588988488745,6.712268527135));
#3856 = CARTESIAN_POINT('',(1.587791801257,6.853198729588));
#3857 = CARTESIAN_POINT('',(1.586488944287,6.984125978845));
#3858 = CARTESIAN_POINT('',(1.585088126689,7.104223918348));
#3859 = CARTESIAN_POINT('',(1.583598115101,7.212742410908));
#3860 = CARTESIAN_POINT('',(1.582028199506,7.309004909648));
#3861 = CARTESIAN_POINT('',(1.580388231569,7.392409597617));
#3862 = CARTESIAN_POINT('',(1.578688194352,7.462443951244));
#3863 = CARTESIAN_POINT('',(1.576939582356,7.518642061591));
#3864 = CARTESIAN_POINT('',(1.575150017451,7.560757722449));
#3865 = CARTESIAN_POINT('',(1.573322677801,7.588527269834));
#3866 = CARTESIAN_POINT('',(1.571477047365,7.601476551797));
#3867 = CARTESIAN_POINT('',(1.569628952626,7.599502319039));
#3868 = CARTESIAN_POINT('',(1.567795169873,7.582723637352));
#3869 = CARTESIAN_POINT('',(1.565991882271,7.551517013793));
#3870 = CARTESIAN_POINT('',(1.564234792306,7.506502709192));
#3871 = CARTESIAN_POINT('',(1.562538785731,7.448543204077));
#3872 = CARTESIAN_POINT('',(1.560917759789,7.378742654547));
#3873 = CARTESIAN_POINT('',(1.559384276395,7.298431277071));
#3874 = CARTESIAN_POINT('',(1.557949797561,7.20921039662));
#3875 = CARTESIAN_POINT('',(1.556622831158,7.112771683135));
#3876 = CARTESIAN_POINT('',(1.555414940113,7.011561218211));
#3877 = CARTESIAN_POINT('',(1.554298670056,6.904606263204));
#3878 = CARTESIAN_POINT('',(1.553274485051,6.792705695388));
#3879 = CARTESIAN_POINT('',(1.552340291914,6.676486284179));
#3880 = CARTESIAN_POINT('',(1.551494603206,6.556537420733));
#3881 = CARTESIAN_POINT('',(1.550735744143,6.433383012929));
#3882 = CARTESIAN_POINT('',(1.550062114728,6.3074962715));
#3883 = CARTESIAN_POINT('',(1.549472164994,6.17930238208));
#3884 = CARTESIAN_POINT('',(1.54896444366,6.049183884998));
#3885 = CARTESIAN_POINT('',(1.548537624293,5.917485007438));
#3886 = CARTESIAN_POINT('',(1.548190535379,5.784515674335));
#3887 = CARTESIAN_POINT('',(1.5479221878,5.65055657459));
#3888 = CARTESIAN_POINT('',(1.547731802441,5.515859576619));
#3889 = CARTESIAN_POINT('',(1.547618836701,5.380665467237));
#3890 = CARTESIAN_POINT('',(1.5475830152,5.245157350592));
#3891 = CARTESIAN_POINT('',(1.547624347904,5.109655557307));
#3892 = CARTESIAN_POINT('',(1.547742863421,4.974464977888));
#3893 = CARTESIAN_POINT('',(1.54793886654,4.839785009665));
#3894 = CARTESIAN_POINT('',(1.548212907579,4.705862755259));
#3895 = CARTESIAN_POINT('',(1.548565764655,4.572956766949));
#3896 = CARTESIAN_POINT('',(1.548998421595,4.441351758287));
#3897 = CARTESIAN_POINT('',(1.549512045906,4.311359908207));
#3898 = CARTESIAN_POINT('',(1.550107965416,4.183325974633));
#3899 = CARTESIAN_POINT('',(1.55078764374,4.057631863647));
#3900 = CARTESIAN_POINT('',(1.551552654369,3.934700992255));
#3901 = CARTESIAN_POINT('',(1.552404653041,3.815005585911));
#3902 = CARTESIAN_POINT('',(1.553345348997,3.699064147401));
#3903 = CARTESIAN_POINT('',(1.554032764374,3.624672815025));
#3904 = CARTESIAN_POINT('',(1.554391830571,3.588299064212));
#3905 = ( GEOMETRIC_REPRESENTATION_CONTEXT(2) 
PARAMETRIC_REPRESENTATION_CONTEXT() REPRESENTATION_CONTEXT('2D SPACE',''
  ) );
#3906 = PCURVE('',#3907,#3912);
#3907 = CYLINDRICAL_SURFACE('',#3908,2.35);
#3908 = AXIS2_PLACEMENT_3D('',#3909,#3910,#3911);
#3909 = CARTESIAN_POINT('',(1.002531391237E-14,90.3,5.25));
#3910 = DIRECTION('',(-1.110223024625E-16,-1.,0.));
#3911 = DIRECTION('',(1.,-1.110223024625E-16,0.));
#3912 = DEFINITIONAL_REPRESENTATION('',(#3913),#3983);
#3913 = B_SPLINE_CURVE_WITH_KNOTS('',3,(#3914,#3915,#3916,#3917,#3918,
    #3919,#3920,#3921,#3922,#3923,#3924,#3925,#3926,#3927,#3928,#3929,
    #3930,#3931,#3932,#3933,#3934,#3935,#3936,#3937,#3938,#3939,#3940,
    #3941,#3942,#3943,#3944,#3945,#3946,#3947,#3948,#3949,#3950,#3951,
    #3952,#3953,#3954,#3955,#3956,#3957,#3958,#3959,#3960,#3961,#3962,
    #3963,#3964,#3965,#3966,#3967,#3968,#3969,#3970,#3971,#3972,#3973,
    #3974,#3975,#3976,#3977,#3978,#3979,#3980,#3981,#3982),
  .UNSPECIFIED.,.F.,.F.,(4,1,1,1,1,1,1,1,1,1,1,1,1,1,1,1,1,1,1,1,1,1,1,1
    ,1,1,1,1,1,1,1,1,1,1,1,1,1,1,1,1,1,1,1,1,1,1,1,1,1,1,1,1,1,1,1,1,1,1
    ,1,1,1,1,1,1,1,1,4),(0.,0.105119080051,0.210238160102,0.315357240154
    ,0.420476320205,0.525595400256,0.630714480307,0.735833560358,
    0.84095264041,0.946071720461,1.051190800512,1.156309880563,
    1.261428960614,1.366548040666,1.471667120717,1.576786200768,
    1.681905280819,1.78702436087,1.892143440922,1.997262520973,
    2.102381601024,2.207500681075,2.312619761126,2.417738841178,
    2.522857921229,2.62797700128,2.733096081331,2.838215161382,
    2.943334241434,3.048453321485,3.153572401536,3.258691481587,
    3.363810561638,3.46892964169,3.574048721741,3.679167801792,
    3.784286881843,3.889405961894,3.994525041946,4.099644121997,
    4.204763202048,4.309882282099,4.41500136215,4.520120442202,
    4.625239522253,4.730358602304,4.835477682355,4.940596762406,
    5.045715842458,5.150834922509,5.25595400256,5.361073082611,
    5.466192162662,5.571311242714,5.676430322765,5.781549402816,
    5.886668482867,5.991787562918,6.09690664297,6.202025723021,
    6.307144803072,6.412263883123,6.517382963174,6.622502043226,
    6.727621123277,6.832740203328,6.937859283379),
  .QUASI_UNIFORM_KNOTS.);
#3914 = CARTESIAN_POINT('',(10.210176124167,-10.98637001097));
#3915 = CARTESIAN_POINT('',(10.180186807173,-10.98555149198));
#3916 = CARTESIAN_POINT('',(10.121018040738,-10.98394017462));
#3917 = CARTESIAN_POINT('',(10.034406010997,-10.98165298423));
#3918 = CARTESIAN_POINT('',(9.949638765289,-10.97955218299));
#3919 = CARTESIAN_POINT('',(9.866447453686,-10.97768044527));
#3920 = CARTESIAN_POINT('',(9.78457385019,-10.97607273313));
#3921 = CARTESIAN_POINT('',(9.703768463942,-10.97475600191));
#3922 = CARTESIAN_POINT('',(9.623786646409,-10.97375055958));
#3923 = CARTESIAN_POINT('',(9.544381150207,-10.97307087178));
#3924 = CARTESIAN_POINT('',(9.465312953076,-10.97272629449));
#3925 = CARTESIAN_POINT('',(9.386293831879,-10.97272182996));
#3926 = CARTESIAN_POINT('',(9.307253159569,-10.97305770861));
#3927 = CARTESIAN_POINT('',(9.228216595515,-10.97372557712));
#3928 = CARTESIAN_POINT('',(9.14917979253,-10.97470873752));
#3929 = CARTESIAN_POINT('',(9.070144499658,-10.97598264656));
#3930 = CARTESIAN_POINT('',(8.991109653859,-10.97751554049));
#3931 = CARTESIAN_POINT('',(8.91207449286,-10.97926921227));
#3932 = CARTESIAN_POINT('',(8.83303823708,-10.98119994105));
#3933 = CARTESIAN_POINT('',(8.754001465457,-10.98325954742));
#3934 = CARTESIAN_POINT('',(8.67496447561,-10.98539668069));
#3935 = CARTESIAN_POINT('',(8.595923234008,-10.98755816136));
#3936 = CARTESIAN_POINT('',(8.516882511911,-10.98968995695));
#3937 = CARTESIAN_POINT('',(8.437842915062,-10.99173888222));
#3938 = CARTESIAN_POINT('',(8.358803614127,-10.99365387441));
#3939 = CARTESIAN_POINT('',(8.279766644305,-10.99538717618));
#3940 = CARTESIAN_POINT('',(8.200720509915,-10.9968957578));
#3941 = CARTESIAN_POINT('',(8.121704910822,-10.99814135299));
#3942 = CARTESIAN_POINT('',(8.042571954366,-10.99909527906));
#3943 = CARTESIAN_POINT('',(7.962983824849,-10.99973387385));
#3944 = CARTESIAN_POINT('',(7.883298293478,-11.00003427704));
#3945 = CARTESIAN_POINT('',(7.803692202715,-10.99998836986));
#3946 = CARTESIAN_POINT('',(7.72438524873,-10.99959979166));
#3947 = CARTESIAN_POINT('',(7.645587674881,-10.99888451565));
#3948 = CARTESIAN_POINT('',(7.567521982705,-10.99786979462));
#3949 = CARTESIAN_POINT('',(7.490424353449,-10.99659289482));
#3950 = CARTESIAN_POINT('',(7.41455434061,-10.99509939439));
#3951 = CARTESIAN_POINT('',(7.340194384599,-10.99344089237));
#3952 = CARTESIAN_POINT('',(7.26768575352,-10.99167344568));
#3953 = CARTESIAN_POINT('',(7.197334025526,-10.98985220494));
#3954 = CARTESIAN_POINT('',(7.129805697855,-10.98803974387));
#3955 = CARTESIAN_POINT('',(7.063613101038,-10.98623410453));
#3956 = CARTESIAN_POINT('',(6.998717024058,-10.98446623089));
#3957 = CARTESIAN_POINT('',(6.934976843315,-10.98276116759));
#3958 = CARTESIAN_POINT('',(6.872288015099,-10.98114143542));
#3959 = CARTESIAN_POINT('',(6.810543314087,-10.97962639053));
#3960 = CARTESIAN_POINT('',(6.749641612224,-10.97823267282));
#3961 = CARTESIAN_POINT('',(6.689484138813,-10.97697436947));
#3962 = CARTESIAN_POINT('',(6.629974232987,-10.97586325593));
#3963 = CARTESIAN_POINT('',(6.571016295364,-10.9749090113));
#3964 = CARTESIAN_POINT('',(6.512514892151,-10.97411942987));
#3965 = CARTESIAN_POINT('',(6.454374356784,-10.97350061681));
#3966 = CARTESIAN_POINT('',(6.396496467603,-10.97305716586));
#3967 = CARTESIAN_POINT('',(6.338785476685,-10.97279231184));
#3968 = CARTESIAN_POINT('',(6.281125743056,-10.97270806066));
#3969 = CARTESIAN_POINT('',(6.223461864961,-10.97280526504));
#3970 = CARTESIAN_POINT('',(6.165731735544,-10.97308303267));
#3971 = CARTESIAN_POINT('',(6.107826251875,-10.9735392911));
#3972 = CARTESIAN_POINT('',(6.049651828708,-10.97417068971));
#3973 = CARTESIAN_POINT('',(5.991112477387,-10.9749724911));
#3974 = CARTESIAN_POINT('',(5.932113552546,-10.97593842901));
#3975 = CARTESIAN_POINT('',(5.872559770171,-10.977060543));
#3976 = CARTESIAN_POINT('',(5.812354799423,-10.978328995));
#3977 = CARTESIAN_POINT('',(5.751400385227,-10.97973185986));
#3978 = CARTESIAN_POINT('',(5.689595589426,-10.9812549396));
#3979 = CARTESIAN_POINT('',(5.626835506077,-10.98288143309));
#3980 = CARTESIAN_POINT('',(5.563011049285,-10.98459210754));
#3981 = CARTESIAN_POINT('',(5.519672762766,-10.98577308788));
#3982 = CARTESIAN_POINT('',(5.497787143782,-10.98637001097));
#3983 = ( GEOMETRIC_REPRESENTATION_CONTEXT(2) 
PARAMETRIC_REPRESENTATION_CONTEXT() REPRESENTATION_CONTEXT('2D SPACE',''
  ) );
#3984 = ORIENTED_EDGE('',*,*,#3985,.T.);
#3985 = EDGE_CURVE('',#3785,#3986,#3988,.T.);
#3986 = VERTEX_POINT('',#3987);
#3987 = CARTESIAN_POINT('',(-0.503401871577,101.29874918554,2.43));
#3988 = SURFACE_CURVE('',#3989,(#3994,#4004),.PCURVE_S1.);
#3989 = ELLIPSE('',#3990,143.25983386839,101.3);
#3990 = AXIS2_PLACEMENT_3D('',#3991,#3992,#3993);
#3991 = CARTESIAN_POINT('',(0.,0.,1.926598128423));
#3992 = DIRECTION('',(-0.707106781187,7.850462293419E-17,-0.707106781187
    ));
#3993 = DIRECTION('',(-0.707106781187,7.850462293419E-17,0.707106781187)
  );
#3994 = PCURVE('',#272,#3995);
#3995 = DEFINITIONAL_REPRESENTATION('',(#3996),#4003);
#3996 = B_SPLINE_CURVE_WITH_KNOTS('',5,(#3997,#3998,#3999,#4000,#4001,
    #4002),.UNSPECIFIED.,.F.,.F.,(6,6),(1.553248231306,1.566970335574),
  .PIECEWISE_BEZIER_KNOTS.);
#3997 = CARTESIAN_POINT('',(1.588344422284,3.704128970633));
#3998 = CARTESIAN_POINT('',(1.58560000143,3.426161941646));
#3999 = CARTESIAN_POINT('',(1.582855580577,3.148178177549));
#4000 = CARTESIAN_POINT('',(1.580111159723,2.870182040019));
#4001 = CARTESIAN_POINT('',(1.57736673887,2.592177891256));
#4002 = CARTESIAN_POINT('',(1.574622318016,2.314170093579));
#4003 = ( GEOMETRIC_REPRESENTATION_CONTEXT(2) 
PARAMETRIC_REPRESENTATION_CONTEXT() REPRESENTATION_CONTEXT('2D SPACE',''
  ) );
#4004 = PCURVE('',#4005,#4010);
#4005 = PLANE('',#4006);
#4006 = AXIS2_PLACEMENT_3D('',#4007,#4008,#4009);
#4007 = CARTESIAN_POINT('',(-1.661700935788,90.3,3.588299064212));
#4008 = DIRECTION('',(-0.707106781187,7.850462293419E-17,-0.707106781187
    ));
#4009 = DIRECTION('',(0.707106781187,-7.850462293419E-17,-0.707106781187
    ));
#4010 = DEFINITIONAL_REPRESENTATION('',(#4011),#4015);
#4011 = ELLIPSE('',#4012,143.25983386839,101.3);
#4012 = AXIS2_PLACEMENT_2D('',#4013,#4014);
#4013 = CARTESIAN_POINT('',(2.35,90.3));
#4014 = DIRECTION('',(-1.,0.));
#4015 = ( GEOMETRIC_REPRESENTATION_CONTEXT(2) 
PARAMETRIC_REPRESENTATION_CONTEXT() REPRESENTATION_CONTEXT('2D SPACE',''
  ) );
#4016 = ORIENTED_EDGE('',*,*,#4017,.F.);
#4017 = EDGE_CURVE('',#3751,#3986,#4018,.T.);
#4018 = SURFACE_CURVE('',#4019,(#4024,#4031),.PCURVE_S1.);
#4019 = CIRCLE('',#4020,101.3);
#4020 = AXIS2_PLACEMENT_3D('',#4021,#4022,#4023);
#4021 = CARTESIAN_POINT('',(0.,0.,2.43));
#4022 = DIRECTION('',(0.,0.,1.));
#4023 = DIRECTION('',(1.,0.,-0.));
#4024 = PCURVE('',#272,#4025);
#4025 = DEFINITIONAL_REPRESENTATION('',(#4026),#4030);
#4026 = LINE('',#4027,#4028);
#4027 = CARTESIAN_POINT('',(0.,2.43));
#4028 = VECTOR('',#4029,1.);
#4029 = DIRECTION('',(1.,0.));
#4030 = ( GEOMETRIC_REPRESENTATION_CONTEXT(2) 
PARAMETRIC_REPRESENTATION_CONTEXT() REPRESENTATION_CONTEXT('2D SPACE',''
  ) );
#4031 = PCURVE('',#4032,#4037);
#4032 = PLANE('',#4033);
#4033 = AXIS2_PLACEMENT_3D('',#4034,#4035,#4036);
#4034 = CARTESIAN_POINT('',(-0.503401871577,90.3,2.43));
#4035 = DIRECTION('',(0.,0.,-1.));
#4036 = DIRECTION('',(1.,-1.110223024625E-16,0.));
#4037 = DEFINITIONAL_REPRESENTATION('',(#4038),#4046);
#4038 = ( BOUNDED_CURVE() B_SPLINE_CURVE(2,(#4039,#4040,#4041,#4042,
#4043,#4044,#4045),.UNSPECIFIED.,.T.,.F.) B_SPLINE_CURVE_WITH_KNOTS((1,2
    ,2,2,2,1),(-2.094395102393,0.,2.094395102393,4.188790204786,
6.28318530718,8.377580409573),.UNSPECIFIED.) CURVE() 
GEOMETRIC_REPRESENTATION_ITEM() RATIONAL_B_SPLINE_CURVE((1.,0.5,1.,0.5,
1.,0.5,1.)) REPRESENTATION_ITEM('') );
#4039 = CARTESIAN_POINT('',(101.80340187157,90.3));
#4040 = CARTESIAN_POINT('',(101.80340187157,-85.15674680672));
#4041 = CARTESIAN_POINT('',(-50.14659812842,2.571626596636));
#4042 = CARTESIAN_POINT('',(-202.0965981284,90.3));
#4043 = CARTESIAN_POINT('',(-50.14659812842,178.02837340336));
#4044 = CARTESIAN_POINT('',(101.80340187157,265.75674680672));
#4045 = CARTESIAN_POINT('',(101.80340187157,90.3));
#4046 = ( GEOMETRIC_REPRESENTATION_CONTEXT(2) 
PARAMETRIC_REPRESENTATION_CONTEXT() REPRESENTATION_CONTEXT('2D SPACE',''
  ) );
#4047 = FACE_BOUND('',#4048,.T.);
#4048 = EDGE_LOOP('',(#4049,#4083,#4284,#4316));
#4049 = ORIENTED_EDGE('',*,*,#4050,.T.);
#4050 = EDGE_CURVE('',#4051,#4053,#4055,.T.);
#4051 = VERTEX_POINT('',#4052);
#4052 = CARTESIAN_POINT('',(-87.47558923048,51.08533340187,2.43));
#4053 = VERTEX_POINT('',#4054);
#4054 = CARTESIAN_POINT('',(-86.88571901872,52.082260229372,
    3.588299064212));
#4055 = SURFACE_CURVE('',#4056,(#4061,#4071),.PCURVE_S1.);
#4056 = ELLIPSE('',#4057,143.25983386839,101.3);
#4057 = AXIS2_PLACEMENT_3D('',#4058,#4059,#4060);
#4058 = CARTESIAN_POINT('',(0.,0.,1.926598128423));
#4059 = DIRECTION('',(0.353553390593,0.612372435696,-0.707106781187));
#4060 = DIRECTION('',(0.353553390593,0.612372435696,0.707106781187));
#4061 = PCURVE('',#272,#4062);
#4062 = DEFINITIONAL_REPRESENTATION('',(#4063),#4070);
#4063 = B_SPLINE_CURVE_WITH_KNOTS('',5,(#4064,#4065,#4066,#4067,#4068,
    #4069),.UNSPECIFIED.,.F.,.F.,(6,6),(4.716214971606,4.729937075873),
  .PIECEWISE_BEZIER_KNOTS.);
#4064 = CARTESIAN_POINT('',(2.61416788677,2.314170093579));
#4065 = CARTESIAN_POINT('',(2.611423465917,2.592177891256));
#4066 = CARTESIAN_POINT('',(2.608679045063,2.870182040018));
#4067 = CARTESIAN_POINT('',(2.60593462421,3.148178177549));
#4068 = CARTESIAN_POINT('',(2.603190203356,3.426161941646));
#4069 = CARTESIAN_POINT('',(2.600445782503,3.704128970633));
#4070 = ( GEOMETRIC_REPRESENTATION_CONTEXT(2) 
PARAMETRIC_REPRESENTATION_CONTEXT() REPRESENTATION_CONTEXT('2D SPACE',''
  ) );
#4071 = PCURVE('',#4072,#4077);
#4072 = PLANE('',#4073);
#4073 = AXIS2_PLACEMENT_3D('',#4074,#4075,#4076);
#4074 = CARTESIAN_POINT('',(-77.95039302594,45.585958809098,2.43));
#4075 = DIRECTION('',(0.353553390593,0.612372435696,-0.707106781187));
#4076 = DIRECTION('',(0.353553390593,0.612372435696,0.707106781187));
#4077 = DEFINITIONAL_REPRESENTATION('',(#4078),#4082);
#4078 = ELLIPSE('',#4079,143.25983386839,101.3);
#4079 = AXIS2_PLACEMENT_2D('',#4080,#4081);
#4080 = CARTESIAN_POINT('',(-0.711917754108,90.3));
#4081 = DIRECTION('',(1.,5.551115123126E-17));
#4082 = ( GEOMETRIC_REPRESENTATION_CONTEXT(2) 
PARAMETRIC_REPRESENTATION_CONTEXT() REPRESENTATION_CONTEXT('2D SPACE',''
  ) );
#4083 = ORIENTED_EDGE('',*,*,#4084,.F.);
#4084 = EDGE_CURVE('',#4085,#4053,#4087,.T.);
#4085 = VERTEX_POINT('',#4086);
#4086 = CARTESIAN_POINT('',(-88.5474199545,49.204109781602,
    3.588299064212));
#4087 = SURFACE_CURVE('',#4088,(#4133,#4206),.PCURVE_S1.);
#4088 = B_SPLINE_CURVE_WITH_KNOTS('',8,(#4089,#4090,#4091,#4092,#4093,
    #4094,#4095,#4096,#4097,#4098,#4099,#4100,#4101,#4102,#4103,#4104,
    #4105,#4106,#4107,#4108,#4109,#4110,#4111,#4112,#4113,#4114,#4115,
    #4116,#4117,#4118,#4119,#4120,#4121,#4122,#4123,#4124,#4125,#4126,
    #4127,#4128,#4129,#4130,#4131,#4132),.UNSPECIFIED.,.F.,.F.,(9,7,7,7,
    7,7,9),(0.,1.,1.919240854642,2.754875649998,4.048352977584,
    5.567556043079,6.937859383249),.UNSPECIFIED.);
#4089 = CARTESIAN_POINT('',(-88.5474199545,49.204109781602,
    3.588299064212));
#4090 = CARTESIAN_POINT('',(-88.6337871499,49.048683896352,3.76608542694
    ));
#4091 = CARTESIAN_POINT('',(-88.70608444878,48.917843720401,
    3.959022497172));
#4092 = CARTESIAN_POINT('',(-88.76503268308,48.810701743155,
    4.162601652199));
#4093 = CARTESIAN_POINT('',(-88.81135277815,48.72625186063,
    4.373573674634));
#4094 = CARTESIAN_POINT('',(-88.84565452445,48.66358736983,
    4.589503768604));
#4095 = CARTESIAN_POINT('',(-88.86838034637,48.622027252326,
    4.808524682809));
#4096 = CARTESIAN_POINT('',(-88.87976398121,48.601209394872,
    5.029148793451));
#4097 = CARTESIAN_POINT('',(-88.87976398121,48.601209394872,
    5.453015451857));
#4098 = CARTESIAN_POINT('',(-88.87014476519,48.618800501645,
    5.656054192696));
#4099 = CARTESIAN_POINT('',(-88.85090280562,48.653989592789,
    5.856776564921));
#4100 = CARTESIAN_POINT('',(-88.82217559757,48.706478214461,
    6.052869076108));
#4101 = CARTESIAN_POINT('',(-88.78423284303,48.775680704975,
    6.242086859545));
#4102 = CARTESIAN_POINT('',(-88.73747135813,48.860742430938,
    6.422295497016));
#4103 = CARTESIAN_POINT('',(-88.68241370335,48.960558135922,
    6.591512203798));
#4104 = CARTESIAN_POINT('',(-88.56271029838,49.176724056913,
    6.890152672267));
#4105 = CARTESIAN_POINT('',(-88.49938501973,49.290757279134,
    7.021813299549));
#4106 = CARTESIAN_POINT('',(-88.43022385784,49.41488452481,
    7.141571443957));
#4107 = CARTESIAN_POINT('',(-88.35579497423,49.547955234155,
    7.248229228552));
#4108 = CARTESIAN_POINT('',(-88.27673831923,49.688700690638,
    7.340760131924));
#4109 = CARTESIAN_POINT('',(-88.19375832735,49.83575885794,
    7.418321869829));
#4110 = CARTESIAN_POINT('',(-88.10761652364,49.987697194338,
    7.480269739785));
#4111 = CARTESIAN_POINT('',(-87.88214671531,50.383478096753,
    7.597220007608));
#4112 = CARTESIAN_POINT('',(-87.73789635954,50.634944180869,
    7.630671565053));
#4113 = CARTESIAN_POINT('',(-87.59065963882,50.889616453956,
    7.622523888842));
#4114 = CARTESIAN_POINT('',(-87.4452780625,51.138999778936,
    7.572371354387));
#4115 = CARTESIAN_POINT('',(-87.30664902052,51.374912701806,
    7.483239969937));
#4116 = CARTESIAN_POINT('',(-87.17922622309,51.590298342206,
    7.361440632479));
#4117 = CARTESIAN_POINT('',(-87.06632830025,51.780111147049,
    7.216414304684));
#4118 = CARTESIAN_POINT('',(-86.85644441703,52.131535021414,
    6.877825179625));
#4119 = CARTESIAN_POINT('',(-86.76077965335,52.290637881601,
    6.672313146949));
#4120 = CARTESIAN_POINT('',(-86.68246278427,52.420222483599,
    6.451334188408));
#4121 = CARTESIAN_POINT('',(-86.62082760284,52.521837142397,
    6.219903258117));
#4122 = CARTESIAN_POINT('',(-86.57517294355,52.59693036047,5.98167136452
    ));
#4123 = CARTESIAN_POINT('',(-86.54492618632,52.646619951506,
    5.739317913037));
#4124 = CARTESIAN_POINT('',(-86.52976398121,52.671528792658,
    5.494836433415));
#4125 = CARTESIAN_POINT('',(-86.52976398121,52.671528792658,
    5.029160409741));
#4126 = CARTESIAN_POINT('',(-86.54209915752,52.65126431443,
    4.808542411835));
#4127 = CARTESIAN_POINT('',(-86.56672890156,52.610802201532,
    4.589509557612));
#4128 = CARTESIAN_POINT('',(-86.6038466147,52.549764560452,
    4.373576142709));
#4129 = CARTESIAN_POINT('',(-86.65382337261,52.467423513193,
    4.162602593805));
#4130 = CARTESIAN_POINT('',(-86.71714026011,52.362796308331,
    3.959014564896));
#4131 = CARTESIAN_POINT('',(-86.79430131497,52.234766915639,
    3.766082580637));
#4132 = CARTESIAN_POINT('',(-86.88571901872,52.082260229372,
    3.588299064212));
#4133 = PCURVE('',#272,#4134);
#4134 = DEFINITIONAL_REPRESENTATION('',(#4135),#4205);
#4135 = B_SPLINE_CURVE_WITH_KNOTS('',3,(#4136,#4137,#4138,#4139,#4140,
    #4141,#4142,#4143,#4144,#4145,#4146,#4147,#4148,#4149,#4150,#4151,
    #4152,#4153,#4154,#4155,#4156,#4157,#4158,#4159,#4160,#4161,#4162,
    #4163,#4164,#4165,#4166,#4167,#4168,#4169,#4170,#4171,#4172,#4173,
    #4174,#4175,#4176,#4177,#4178,#4179,#4180,#4181,#4182,#4183,#4184,
    #4185,#4186,#4187,#4188,#4189,#4190,#4191,#4192,#4193,#4194,#4195,
    #4196,#4197,#4198,#4199,#4200,#4201,#4202,#4203,#4204),
  .UNSPECIFIED.,.F.,.F.,(4,1,1,1,1,1,1,1,1,1,1,1,1,1,1,1,1,1,1,1,1,1,1,1
    ,1,1,1,1,1,1,1,1,1,1,1,1,1,1,1,1,1,1,1,1,1,1,1,1,1,1,1,1,1,1,1,1,1,1
    ,1,1,1,1,1,1,1,1,4),(0.,0.105119081564,0.210238163129,0.315357244693
    ,0.420476326258,0.525595407822,0.630714489386,0.735833570951,
    0.840952652515,0.946071734079,1.051190815644,1.156309897208,
    1.261428978773,1.366548060337,1.471667141901,1.576786223466,
    1.68190530503,1.787024386595,1.892143468159,1.997262549723,
    2.102381631288,2.207500712852,2.312619794416,2.417738875981,
    2.522857957545,2.62797703911,2.733096120674,2.838215202238,
    2.943334283803,3.048453365367,3.153572446932,3.258691528496,
    3.36381061006,3.468929691625,3.574048773189,3.679167854753,
    3.784286936318,3.889406017882,3.994525099447,4.099644181011,
    4.204763262575,4.30988234414,4.415001425704,4.520120507269,
    4.625239588833,4.730358670397,4.835477751962,4.940596833526,
    5.04571591509,5.150834996655,5.255954078219,5.361073159784,
    5.466192241348,5.571311322912,5.676430404477,5.781549486041,
    5.886668567606,5.99178764917,6.096906730734,6.202025812299,
    6.307144893863,6.412263975428,6.517383056992,6.622502138556,
    6.727621220121,6.832740301685,6.937859383249),
  .QUASI_UNIFORM_KNOTS.);
#4136 = CARTESIAN_POINT('',(2.634398374215,3.588299064212));
#4137 = CARTESIAN_POINT('',(2.634890409582,3.638153738431));
#4138 = CARTESIAN_POINT('',(2.635816806554,3.740918772783));
#4139 = CARTESIAN_POINT('',(2.637037782352,3.902836435434));
#4140 = CARTESIAN_POINT('',(2.638094587052,4.071049615585));
#4141 = CARTESIAN_POINT('',(2.638991504902,4.244355484145));
#4142 = CARTESIAN_POINT('',(2.639732518472,4.421693392161));
#4143 = CARTESIAN_POINT('',(2.640321173137,4.602148423271));
#4144 = CARTESIAN_POINT('',(2.640760459968,4.784919403454));
#4145 = CARTESIAN_POINT('',(2.641052698949,4.969309179064));
#4146 = CARTESIAN_POINT('',(2.641199454486,5.15466982444));
#4147 = CARTESIAN_POINT('',(2.641201349473,5.340509548529));
#4148 = CARTESIAN_POINT('',(2.64105831945,5.52583502892));
#4149 = CARTESIAN_POINT('',(2.640771256437,5.709428568243));
#4150 = CARTESIAN_POINT('',(2.64034196268,5.89015422208));
#4151 = CARTESIAN_POINT('',(2.639773130231,6.066879669421));
#4152 = CARTESIAN_POINT('',(2.639068315672,6.238504142722));
#4153 = CARTESIAN_POINT('',(2.638231917721,6.403957800533));
#4154 = CARTESIAN_POINT('',(2.637269152512,6.562209097714));
#4155 = CARTESIAN_POINT('',(2.63618603976,6.712268550246));
#4156 = CARTESIAN_POINT('',(2.634989352252,6.853198751534));
#4157 = CARTESIAN_POINT('',(2.633686495261,6.984125999495));
#4158 = CARTESIAN_POINT('',(2.632285677644,7.104223937487));
#4159 = CARTESIAN_POINT('',(2.630795666037,7.212742428337));
#4160 = CARTESIAN_POINT('',(2.629225750425,7.309004925188));
#4161 = CARTESIAN_POINT('',(2.627585782473,7.392409611108));
#4162 = CARTESIAN_POINT('',(2.625885745241,7.462443962539));
#4163 = CARTESIAN_POINT('',(2.624137133232,7.518642070517));
#4164 = CARTESIAN_POINT('',(2.622347568315,7.560757728904));
#4165 = CARTESIAN_POINT('',(2.620520228655,7.588527273645));
#4166 = CARTESIAN_POINT('',(2.618674598212,7.601476552846));
#4167 = CARTESIAN_POINT('',(2.61682650347,7.59950231725));
#4168 = CARTESIAN_POINT('',(2.614992720716,7.582723632701));
#4169 = CARTESIAN_POINT('',(2.613189433118,7.551517006305));
#4170 = CARTESIAN_POINT('',(2.611432343159,7.506502698944));
#4171 = CARTESIAN_POINT('',(2.609736336594,7.448543191201));
#4172 = CARTESIAN_POINT('',(2.608115310664,7.378742639228));
#4173 = CARTESIAN_POINT('',(2.606581827286,7.298431259559));
#4174 = CARTESIAN_POINT('',(2.605147348469,7.209210377198));
#4175 = CARTESIAN_POINT('',(2.603820382087,7.112771662245));
#4176 = CARTESIAN_POINT('',(2.602612491062,7.011561195988));
#4177 = CARTESIAN_POINT('',(2.601496221049,6.904606242695));
#4178 = CARTESIAN_POINT('',(2.600472036084,6.792705676313));
#4179 = CARTESIAN_POINT('',(2.599537842977,6.676486266137));
#4180 = CARTESIAN_POINT('',(2.598692154293,6.556537403691));
#4181 = CARTESIAN_POINT('',(2.597933295251,6.433382997316));
#4182 = CARTESIAN_POINT('',(2.597259665855,6.307496257865));
#4183 = CARTESIAN_POINT('',(2.596669716141,6.17930237076));
#4184 = CARTESIAN_POINT('',(2.596161994824,6.049183875956));
#4185 = CARTESIAN_POINT('',(2.595735175471,5.91748500036));
#4186 = CARTESIAN_POINT('',(2.595388086566,5.784515668938));
#4187 = CARTESIAN_POINT('',(2.595119738991,5.65055657101));
#4188 = CARTESIAN_POINT('',(2.594929353634,5.51585957546));
#4189 = CARTESIAN_POINT('',(2.594816387896,5.380665469462));
#4190 = CARTESIAN_POINT('',(2.594780566397,5.245157354543));
#4191 = CARTESIAN_POINT('',(2.594821899099,5.109655560447));
#4192 = CARTESIAN_POINT('',(2.594940414614,4.974464980891));
#4193 = CARTESIAN_POINT('',(2.595136417732,4.839785012347));
#4194 = CARTESIAN_POINT('',(2.59541045877,4.705862757666));
#4195 = CARTESIAN_POINT('',(2.595763315845,4.572956769067));
#4196 = CARTESIAN_POINT('',(2.596195972785,4.44135176012));
#4197 = CARTESIAN_POINT('',(2.596709597096,4.311359909757));
#4198 = CARTESIAN_POINT('',(2.597305516607,4.183325975902));
#4199 = CARTESIAN_POINT('',(2.597985194931,4.057631864641));
#4200 = CARTESIAN_POINT('',(2.59875020556,3.934700992983));
#4201 = CARTESIAN_POINT('',(2.599602204234,3.815005586381));
#4202 = CARTESIAN_POINT('',(2.600542900191,3.699064147626));
#4203 = CARTESIAN_POINT('',(2.601230315569,3.624672815098));
#4204 = CARTESIAN_POINT('',(2.601589381767,3.588299064212));
#4205 = ( GEOMETRIC_REPRESENTATION_CONTEXT(2) 
PARAMETRIC_REPRESENTATION_CONTEXT() REPRESENTATION_CONTEXT('2D SPACE',''
  ) );
#4206 = PCURVE('',#4207,#4212);
#4207 = CYLINDRICAL_SURFACE('',#4208,2.35);
#4208 = AXIS2_PLACEMENT_3D('',#4209,#4210,#4211);
#4209 = CARTESIAN_POINT('',(-78.20209396173,45.15,5.25));
#4210 = DIRECTION('',(0.866025403784,-0.5,0.));
#4211 = DIRECTION('',(0.5,0.866025403784,0.));
#4212 = DEFINITIONAL_REPRESENTATION('',(#4213),#4283);
#4213 = B_SPLINE_CURVE_WITH_KNOTS('',3,(#4214,#4215,#4216,#4217,#4218,
    #4219,#4220,#4221,#4222,#4223,#4224,#4225,#4226,#4227,#4228,#4229,
    #4230,#4231,#4232,#4233,#4234,#4235,#4236,#4237,#4238,#4239,#4240,
    #4241,#4242,#4243,#4244,#4245,#4246,#4247,#4248,#4249,#4250,#4251,
    #4252,#4253,#4254,#4255,#4256,#4257,#4258,#4259,#4260,#4261,#4262,
    #4263,#4264,#4265,#4266,#4267,#4268,#4269,#4270,#4271,#4272,#4273,
    #4274,#4275,#4276,#4277,#4278,#4279,#4280,#4281,#4282),
  .UNSPECIFIED.,.F.,.F.,(4,1,1,1,1,1,1,1,1,1,1,1,1,1,1,1,1,1,1,1,1,1,1,1
    ,1,1,1,1,1,1,1,1,1,1,1,1,1,1,1,1,1,1,1,1,1,1,1,1,1,1,1,1,1,1,1,1,1,1
    ,1,1,1,1,1,1,1,1,4),(0.,0.105119081564,0.210238163129,0.315357244693
    ,0.420476326258,0.525595407822,0.630714489386,0.735833570951,
    0.840952652515,0.946071734079,1.051190815644,1.156309897208,
    1.261428978773,1.366548060337,1.471667141901,1.576786223466,
    1.68190530503,1.787024386595,1.892143468159,1.997262549723,
    2.102381631288,2.207500712852,2.312619794416,2.417738875981,
    2.522857957545,2.62797703911,2.733096120674,2.838215202238,
    2.943334283803,3.048453365367,3.153572446932,3.258691528496,
    3.36381061006,3.468929691625,3.574048773189,3.679167854753,
    3.784286936318,3.889406017882,3.994525099447,4.099644181011,
    4.204763262575,4.30988234414,4.415001425704,4.520120507269,
    4.625239588833,4.730358670397,4.835477751962,4.940596833526,
    5.04571591509,5.150834996655,5.255954078219,5.361073159784,
    5.466192241348,5.571311322912,5.676430404477,5.781549486041,
    5.886668567606,5.99178764917,6.096906730734,6.202025812299,
    6.307144893863,6.412263975428,6.517383056992,6.622502138556,
    6.727621220121,6.832740301685,6.937859383249),
  .QUASI_UNIFORM_KNOTS.);
#4214 = CARTESIAN_POINT('',(10.210176124167,-10.98637001097));
#4215 = CARTESIAN_POINT('',(10.180186806824,-10.98555149197));
#4216 = CARTESIAN_POINT('',(10.121018039539,-10.98394017459));
#4217 = CARTESIAN_POINT('',(10.034406008356,-10.98165298416));
#4218 = CARTESIAN_POINT('',(9.949638761726,-10.97955218291));
#4219 = CARTESIAN_POINT('',(9.86644744904,-10.97768044518));
#4220 = CARTESIAN_POINT('',(9.784573844282,-10.97607273302));
#4221 = CARTESIAN_POINT('',(9.703768456893,-10.97475600181));
#4222 = CARTESIAN_POINT('',(9.623786638458,-10.97375055949));
#4223 = CARTESIAN_POINT('',(9.544381141299,-10.97307087172));
#4224 = CARTESIAN_POINT('',(9.465312942433,-10.97272629447));
#4225 = CARTESIAN_POINT('',(9.38629382094,-10.97272182999));
#4226 = CARTESIAN_POINT('',(9.307253148452,-10.97305770868));
#4227 = CARTESIAN_POINT('',(9.228216584186,-10.97372557724));
#4228 = CARTESIAN_POINT('',(9.149179781002,-10.97470873768));
#4229 = CARTESIAN_POINT('',(9.070144487929,-10.97598264676));
#4230 = CARTESIAN_POINT('',(8.99110964193,-10.97751554073));
#4231 = CARTESIAN_POINT('',(8.912074480728,-10.97926921255));
#4232 = CARTESIAN_POINT('',(8.833038224743,-10.98119994136));
#4233 = CARTESIAN_POINT('',(8.754001452919,-10.98325954775));
#4234 = CARTESIAN_POINT('',(8.674964462868,-10.98539668104));
#4235 = CARTESIAN_POINT('',(8.595923221024,-10.98755816171));
#4236 = CARTESIAN_POINT('',(8.516882498699,-10.9896899573));
#4237 = CARTESIAN_POINT('',(8.437842901631,-10.99173888256));
#4238 = CARTESIAN_POINT('',(8.358803600479,-10.99365387473));
#4239 = CARTESIAN_POINT('',(8.279766630435,-10.99538717647));
#4240 = CARTESIAN_POINT('',(8.200720495802,-10.99689575805));
#4241 = CARTESIAN_POINT('',(8.121704896502,-10.99814135319));
#4242 = CARTESIAN_POINT('',(8.042571939767,-10.9990952792));
#4243 = CARTESIAN_POINT('',(7.96298381001,-10.99973387394));
#4244 = CARTESIAN_POINT('',(7.883298278439,-11.00003427706));
#4245 = CARTESIAN_POINT('',(7.803692187515,-10.99998836982));
#4246 = CARTESIAN_POINT('',(7.724385233412,-10.99959979155));
#4247 = CARTESIAN_POINT('',(7.645587659489,-10.99888451548));
#4248 = CARTESIAN_POINT('',(7.567521967287,-10.99786979439));
#4249 = CARTESIAN_POINT('',(7.490424338059,-10.99659289454));
#4250 = CARTESIAN_POINT('',(7.414554325308,-10.99509939407));
#4251 = CARTESIAN_POINT('',(7.340194369458,-10.99344089201));
#4252 = CARTESIAN_POINT('',(7.267685738606,-10.9916734453));
#4253 = CARTESIAN_POINT('',(7.197334010987,-10.98985220455));
#4254 = CARTESIAN_POINT('',(7.129805683595,-10.98803974348));
#4255 = CARTESIAN_POINT('',(7.063613088661,-10.98623410419));
#4256 = CARTESIAN_POINT('',(6.998717013303,-10.9844662306));
#4257 = CARTESIAN_POINT('',(6.934976833743,-10.98276116734));
#4258 = CARTESIAN_POINT('',(6.87228800646,-10.9811414352));
#4259 = CARTESIAN_POINT('',(6.810543306422,-10.97962639035));
#4260 = CARTESIAN_POINT('',(6.749641605703,-10.97823267268));
#4261 = CARTESIAN_POINT('',(6.689484133543,-10.97697436937));
#4262 = CARTESIAN_POINT('',(6.629974228901,-10.97586325586));
#4263 = CARTESIAN_POINT('',(6.571016292255,-10.97490901126));
#4264 = CARTESIAN_POINT('',(6.51251488982,-10.97411942985));
#4265 = CARTESIAN_POINT('',(6.454374355241,-10.97350061679));
#4266 = CARTESIAN_POINT('',(6.396496467094,-10.97305716585));
#4267 = CARTESIAN_POINT('',(6.338785477631,-10.97279231184));
#4268 = CARTESIAN_POINT('',(6.281125744738,-10.97270806066));
#4269 = CARTESIAN_POINT('',(6.223461866299,-10.97280526503));
#4270 = CARTESIAN_POINT('',(6.16573173683,-10.97308303266));
#4271 = CARTESIAN_POINT('',(6.107826253034,-10.97353929109));
#4272 = CARTESIAN_POINT('',(6.04965182976,-10.9741706897));
#4273 = CARTESIAN_POINT('',(5.991112478328,-10.97497249109));
#4274 = CARTESIAN_POINT('',(5.932113553378,-10.975938429));
#4275 = CARTESIAN_POINT('',(5.872559770891,-10.97706054298));
#4276 = CARTESIAN_POINT('',(5.81235480003,-10.97832899498));
#4277 = CARTESIAN_POINT('',(5.751400385719,-10.97973185985));
#4278 = CARTESIAN_POINT('',(5.689595589801,-10.98125493959));
#4279 = CARTESIAN_POINT('',(5.626835506331,-10.98288143309));
#4280 = CARTESIAN_POINT('',(5.563011049415,-10.98459210754));
#4281 = CARTESIAN_POINT('',(5.51967276281,-10.98577308788));
#4282 = CARTESIAN_POINT('',(5.497787143782,-10.98637001097));
#4283 = ( GEOMETRIC_REPRESENTATION_CONTEXT(2) 
PARAMETRIC_REPRESENTATION_CONTEXT() REPRESENTATION_CONTEXT('2D SPACE',''
  ) );
#4284 = ORIENTED_EDGE('',*,*,#4285,.T.);
#4285 = EDGE_CURVE('',#4085,#4286,#4288,.T.);
#4286 = VERTEX_POINT('',#4287);
#4287 = CARTESIAN_POINT('',(-87.97899110205,50.213415783674,2.43));
#4288 = SURFACE_CURVE('',#4289,(#4294,#4304),.PCURVE_S1.);
#4289 = ELLIPSE('',#4290,143.25983386839,101.3);
#4290 = AXIS2_PLACEMENT_3D('',#4291,#4292,#4293);
#4291 = CARTESIAN_POINT('',(0.,0.,1.926598128423));
#4292 = DIRECTION('',(-0.353553390593,-0.612372435696,-0.707106781187));
#4293 = DIRECTION('',(-0.353553390593,-0.612372435696,0.707106781187));
#4294 = PCURVE('',#272,#4295);
#4295 = DEFINITIONAL_REPRESENTATION('',(#4296),#4303);
#4296 = B_SPLINE_CURVE_WITH_KNOTS('',5,(#4297,#4298,#4299,#4300,#4301,
    #4302),.UNSPECIFIED.,.F.,.F.,(6,6),(1.553248231306,1.566970335574),
  .PIECEWISE_BEZIER_KNOTS.);
#4297 = CARTESIAN_POINT('',(2.63554197348,3.704128970633));
#4298 = CARTESIAN_POINT('',(2.632797552627,3.426161941646));
#4299 = CARTESIAN_POINT('',(2.630053131773,3.148178177549));
#4300 = CARTESIAN_POINT('',(2.62730871092,2.870182040019));
#4301 = CARTESIAN_POINT('',(2.624564290066,2.592177891256));
#4302 = CARTESIAN_POINT('',(2.621819869213,2.314170093579));
#4303 = ( GEOMETRIC_REPRESENTATION_CONTEXT(2) 
PARAMETRIC_REPRESENTATION_CONTEXT() REPRESENTATION_CONTEXT('2D SPACE',''
  ) );
#4304 = PCURVE('',#4305,#4310);
#4305 = PLANE('',#4306);
#4306 = AXIS2_PLACEMENT_3D('',#4307,#4308,#4309);
#4307 = CARTESIAN_POINT('',(-79.03294442962,43.710924776115,
    3.588299064212));
#4308 = DIRECTION('',(-0.353553390593,-0.612372435696,-0.707106781187));
#4309 = DIRECTION('',(0.353553390593,0.612372435696,-0.707106781187));
#4310 = DEFINITIONAL_REPRESENTATION('',(#4311),#4315);
#4311 = ELLIPSE('',#4312,143.25983386839,101.3);
#4312 = AXIS2_PLACEMENT_2D('',#4313,#4314);
#4313 = CARTESIAN_POINT('',(2.35,90.3));
#4314 = DIRECTION('',(-1.,-5.551115123126E-17));
#4315 = ( GEOMETRIC_REPRESENTATION_CONTEXT(2) 
PARAMETRIC_REPRESENTATION_CONTEXT() REPRESENTATION_CONTEXT('2D SPACE',''
  ) );
#4316 = ORIENTED_EDGE('',*,*,#4317,.F.);
#4317 = EDGE_CURVE('',#4051,#4286,#4318,.T.);
#4318 = SURFACE_CURVE('',#4319,(#4324,#4331),.PCURVE_S1.);
#4319 = CIRCLE('',#4320,101.3);
#4320 = AXIS2_PLACEMENT_3D('',#4321,#4322,#4323);
#4321 = CARTESIAN_POINT('',(0.,0.,2.43));
#4322 = DIRECTION('',(0.,0.,1.));
#4323 = DIRECTION('',(1.,0.,-0.));
#4324 = PCURVE('',#272,#4325);
#4325 = DEFINITIONAL_REPRESENTATION('',(#4326),#4330);
#4326 = LINE('',#4327,#4328);
#4327 = CARTESIAN_POINT('',(0.,2.43));
#4328 = VECTOR('',#4329,1.);
#4329 = DIRECTION('',(1.,0.));
#4330 = ( GEOMETRIC_REPRESENTATION_CONTEXT(2) 
PARAMETRIC_REPRESENTATION_CONTEXT() REPRESENTATION_CONTEXT('2D SPACE',''
  ) );
#4331 = PCURVE('',#4332,#4337);
#4332 = PLANE('',#4333);
#4333 = AXIS2_PLACEMENT_3D('',#4334,#4335,#4336);
#4334 = CARTESIAN_POINT('',(-78.45379489752,44.714041190902,2.43));
#4335 = DIRECTION('',(-0.,0.,-1.));
#4336 = DIRECTION('',(0.5,0.866025403784,0.));
#4337 = DEFINITIONAL_REPRESENTATION('',(#4338),#4346);
#4338 = ( BOUNDED_CURVE() B_SPLINE_CURVE(2,(#4339,#4340,#4341,#4342,
#4343,#4344,#4345),.UNSPECIFIED.,.T.,.F.) B_SPLINE_CURVE_WITH_KNOTS((1,2
    ,2,2,2,1),(-2.094395102393,0.,2.094395102393,4.188790204786,
6.28318530718,8.377580409573),.UNSPECIFIED.) CURVE() 
GEOMETRIC_REPRESENTATION_ITEM() RATIONAL_B_SPLINE_CURVE((1.,0.5,1.,0.5,
1.,0.5,1.)) REPRESENTATION_ITEM('') );
#4339 = CARTESIAN_POINT('',(51.153401871577,178.02837340336));
#4340 = CARTESIAN_POINT('',(203.10340187157,90.3));
#4341 = CARTESIAN_POINT('',(51.153401871577,2.571626596636));
#4342 = CARTESIAN_POINT('',(-100.7965981284,-85.15674680672));
#4343 = CARTESIAN_POINT('',(-100.7965981284,90.3));
#4344 = CARTESIAN_POINT('',(-100.7965981284,265.75674680672));
#4345 = CARTESIAN_POINT('',(51.153401871577,178.02837340336));
#4346 = ( GEOMETRIC_REPRESENTATION_CONTEXT(2) 
PARAMETRIC_REPRESENTATION_CONTEXT() REPRESENTATION_CONTEXT('2D SPACE',''
  ) );
#4347 = FACE_BOUND('',#4348,.T.);
#4348 = EDGE_LOOP('',(#4349,#4383,#4584,#4616));
#4349 = ORIENTED_EDGE('',*,*,#4350,.T.);
#4350 = EDGE_CURVE('',#4351,#4353,#4355,.T.);
#4351 = VERTEX_POINT('',#4352);
#4352 = CARTESIAN_POINT('',(-87.97899110205,-50.21341578367,2.43));
#4353 = VERTEX_POINT('',#4354);
#4354 = CARTESIAN_POINT('',(-88.5474199545,-49.2041097816,3.588299064212
    ));
#4355 = SURFACE_CURVE('',#4356,(#4361,#4371),.PCURVE_S1.);
#4356 = ELLIPSE('',#4357,143.25983386839,101.3);
#4357 = AXIS2_PLACEMENT_3D('',#4358,#4359,#4360);
#4358 = CARTESIAN_POINT('',(0.,0.,1.926598128423));
#4359 = DIRECTION('',(-0.353553390593,0.612372435696,-0.707106781187));
#4360 = DIRECTION('',(-0.353553390593,0.612372435696,0.707106781187));
#4361 = PCURVE('',#272,#4362);
#4362 = DEFINITIONAL_REPRESENTATION('',(#4363),#4370);
#4363 = B_SPLINE_CURVE_WITH_KNOTS('',5,(#4364,#4365,#4366,#4367,#4368,
    #4369),.UNSPECIFIED.,.F.,.F.,(6,6),(4.716214971606,4.729937075873),
  .PIECEWISE_BEZIER_KNOTS.);
#4364 = CARTESIAN_POINT('',(3.661365437967,2.314170093579));
#4365 = CARTESIAN_POINT('',(3.658621017113,2.592177891256));
#4366 = CARTESIAN_POINT('',(3.65587659626,2.870182040018));
#4367 = CARTESIAN_POINT('',(3.653132175406,3.148178177549));
#4368 = CARTESIAN_POINT('',(3.650387754553,3.426161941646));
#4369 = CARTESIAN_POINT('',(3.647643333699,3.704128970633));
#4370 = ( GEOMETRIC_REPRESENTATION_CONTEXT(2) 
PARAMETRIC_REPRESENTATION_CONTEXT() REPRESENTATION_CONTEXT('2D SPACE',''
  ) );
#4371 = PCURVE('',#4372,#4377);
#4372 = PLANE('',#4373);
#4373 = AXIS2_PLACEMENT_3D('',#4374,#4375,#4376);
#4374 = CARTESIAN_POINT('',(-78.45379489752,-44.7140411909,2.43));
#4375 = DIRECTION('',(-0.353553390593,0.612372435696,-0.707106781187));
#4376 = DIRECTION('',(-0.353553390593,0.612372435696,0.707106781187));
#4377 = DEFINITIONAL_REPRESENTATION('',(#4378),#4382);
#4378 = ELLIPSE('',#4379,143.25983386839,101.3);
#4379 = AXIS2_PLACEMENT_2D('',#4380,#4381);
#4380 = CARTESIAN_POINT('',(-0.711917754108,90.3));
#4381 = DIRECTION('',(1.,0.));
#4382 = ( GEOMETRIC_REPRESENTATION_CONTEXT(2) 
PARAMETRIC_REPRESENTATION_CONTEXT() REPRESENTATION_CONTEXT('2D SPACE',''
  ) );
#4383 = ORIENTED_EDGE('',*,*,#4384,.F.);
#4384 = EDGE_CURVE('',#4385,#4353,#4387,.T.);
#4385 = VERTEX_POINT('',#4386);
#4386 = CARTESIAN_POINT('',(-86.88571901872,-52.08226022937,
    3.588299064212));
#4387 = SURFACE_CURVE('',#4388,(#4433,#4506),.PCURVE_S1.);
#4388 = B_SPLINE_CURVE_WITH_KNOTS('',8,(#4389,#4390,#4391,#4392,#4393,
    #4394,#4395,#4396,#4397,#4398,#4399,#4400,#4401,#4402,#4403,#4404,
    #4405,#4406,#4407,#4408,#4409,#4410,#4411,#4412,#4413,#4414,#4415,
    #4416,#4417,#4418,#4419,#4420,#4421,#4422,#4423,#4424,#4425,#4426,
    #4427,#4428,#4429,#4430,#4431,#4432),.UNSPECIFIED.,.F.,.F.,(9,7,7,7,
    7,7,9),(0.,1.,1.919240854819,2.754875640679,4.048352941028,
    5.567555938673,6.93785924298),.UNSPECIFIED.);
#4389 = CARTESIAN_POINT('',(-86.88571901872,-52.08226022937,
    3.588299064212));
#4390 = CARTESIAN_POINT('',(-86.79429985138,-52.23476935726,
    3.76608542694));
#4391 = CARTESIAN_POINT('',(-86.71713758461,-52.36280074269,
    3.959022497172));
#4392 = CARTESIAN_POINT('',(-86.65382402765,-52.46742239972,
    4.162601652199));
#4393 = CARTESIAN_POINT('',(-86.60384833158,-52.54976172002,
    4.373573674634));
#4394 = CARTESIAN_POINT('',(-86.56673016378,-52.61080014911,
    4.589503768604));
#4395 = CARTESIAN_POINT('',(-86.5421009572,-52.65126134697,
    4.808524682809));
#4396 = CARTESIAN_POINT('',(-86.52976398121,-52.67152879265,
    5.029148793451));
#4397 = CARTESIAN_POINT('',(-86.52976398121,-52.67152879265,
    5.453015451896));
#4398 = CARTESIAN_POINT('',(-86.54018871855,-52.65440275383,
    5.65605419267));
#4399 = CARTESIAN_POINT('',(-86.56104238562,-52.62014418246,
    5.856776564886));
#4400 = CARTESIAN_POINT('',(-86.59213526137,-52.56902137967,
    6.052869076112));
#4401 = CARTESIAN_POINT('',(-86.63309499891,-52.50156074508,
    6.242086859579));
#4402 = CARTESIAN_POINT('',(-86.68337987204,-52.41853324825,
    6.42229549703));
#4403 = CARTESIAN_POINT('',(-86.74229398083,-52.32094406808,
    6.591512203768));
#4404 = CARTESIAN_POINT('',(-86.86964745668,-52.10919491908,
    6.89015267065));
#4405 = CARTESIAN_POINT('',(-86.93674048689,-51.99733700425,
    7.021813301746));
#4406 = CARTESIAN_POINT('',(-87.00965725223,-51.87537806127,
    7.141571444393));
#4407 = CARTESIAN_POINT('',(-87.08768542392,-51.74438540479,
    7.24822922671));
#4408 = CARTESIAN_POINT('',(-87.17004623899,-51.60554760194,
    7.34076013147));
#4409 = CARTESIAN_POINT('',(-87.25591235331,-51.46015573471,
    7.418321871558));
#4410 = CARTESIAN_POINT('',(-87.34442390757,-51.3095855813,
    7.480269739158));
#4411 = CARTESIAN_POINT('',(-87.57444532101,-50.91643254525,
    7.597220007889));
#4412 = CARTESIAN_POINT('',(-87.72009615932,-50.66577503202,
    7.630671564584));
#4413 = CARTESIAN_POINT('',(-87.8670304568,-50.41092815549,
    7.622523889028));
#4414 = CARTESIAN_POINT('',(-88.01031196396,-50.16033235363,
    7.572371354869));
#4415 = CARTESIAN_POINT('',(-88.14530402777,-49.92231961921,
    7.483239969619));
#4416 = CARTESIAN_POINT('',(-88.26812206493,-49.70427541996,
    7.361440631752));
#4417 = CARTESIAN_POINT('',(-88.37605581382,-49.51159654949,
    7.216414305407));
#4418 = CARTESIAN_POINT('',(-88.57545587329,-49.1541198405,
    6.877825183092));
#4419 = CARTESIAN_POINT('',(-88.66541061692,-48.99172028272,
    6.672313135363));
#4420 = CARTESIAN_POINT('',(-88.73847573158,-48.85910359805,
    6.451334202061));
#4421 = CARTESIAN_POINT('',(-88.79565901873,-48.75491863225,
    6.219903257417));
#4422 = CARTESIAN_POINT('',(-88.83786432847,-48.6778339197,
    5.981671350922));
#4423 = CARTESIAN_POINT('',(-88.86577339299,-48.62679467305,
    5.739317926178));
#4424 = CARTESIAN_POINT('',(-88.87976398121,-48.60120939487,
    5.494836428887));
#4425 = CARTESIAN_POINT('',(-88.87976398121,-48.60120939487,
    5.029160409741));
#4426 = CARTESIAN_POINT('',(-88.86838201642,-48.62202421003,
    4.808542411835));
#4427 = CARTESIAN_POINT('',(-88.84565567078,-48.6635852505,
    4.589509557612));
#4428 = CARTESIAN_POINT('',(-88.81135437959,-48.72624895356,
    4.373576142709));
#4429 = CARTESIAN_POINT('',(-88.76503331985,-48.81070061914,
    4.162602593804));
#4430 = CARTESIAN_POINT('',(-88.70608194626,-48.91784825463,
    3.959014564896));
#4431 = CARTESIAN_POINT('',(-88.63378576719,-49.04868638467,
    3.766082580637));
#4432 = CARTESIAN_POINT('',(-88.5474199545,-49.2041097816,3.588299064212
    ));
#4433 = PCURVE('',#272,#4434);
#4434 = DEFINITIONAL_REPRESENTATION('',(#4435),#4505);
#4435 = B_SPLINE_CURVE_WITH_KNOTS('',3,(#4436,#4437,#4438,#4439,#4440,
    #4441,#4442,#4443,#4444,#4445,#4446,#4447,#4448,#4449,#4450,#4451,
    #4452,#4453,#4454,#4455,#4456,#4457,#4458,#4459,#4460,#4461,#4462,
    #4463,#4464,#4465,#4466,#4467,#4468,#4469,#4470,#4471,#4472,#4473,
    #4474,#4475,#4476,#4477,#4478,#4479,#4480,#4481,#4482,#4483,#4484,
    #4485,#4486,#4487,#4488,#4489,#4490,#4491,#4492,#4493,#4494,#4495,
    #4496,#4497,#4498,#4499,#4500,#4501,#4502,#4503,#4504),
  .UNSPECIFIED.,.F.,.F.,(4,1,1,1,1,1,1,1,1,1,1,1,1,1,1,1,1,1,1,1,1,1,1,1
    ,1,1,1,1,1,1,1,1,1,1,1,1,1,1,1,1,1,1,1,1,1,1,1,1,1,1,1,1,1,1,1,1,1,1
    ,1,1,1,1,1,1,1,1,4),(0.,0.105119079439,0.210238158878,0.315357238317
    ,0.420476317756,0.525595397195,0.630714476635,0.735833556074,
    0.840952635513,0.946071714952,1.051190794391,1.15630987383,
    1.261428953269,1.366548032708,1.471667112147,1.576786191586,
    1.681905271025,1.787024350465,1.892143429904,1.997262509343,
    2.102381588782,2.207500668221,2.31261974766,2.417738827099,
    2.522857906538,2.627976985977,2.733096065416,2.838215144856,
    2.943334224295,3.048453303734,3.153572383173,3.258691462612,
    3.363810542051,3.46892962149,3.574048700929,3.679167780368,
    3.784286859807,3.889405939246,3.994525018686,4.099644098125,
    4.204763177564,4.309882257003,4.415001336442,4.520120415881,
    4.62523949532,4.730358574759,4.835477654198,4.940596733637,
    5.045715813076,5.150834892516,5.255953971955,5.361073051394,
    5.466192130833,5.571311210272,5.676430289711,5.78154936915,
    5.886668448589,5.991787528028,6.096906607467,6.202025686907,
    6.307144766346,6.412263845785,6.517382925224,6.622502004663,
    6.727621084102,6.832740163541,6.93785924298),.QUASI_UNIFORM_KNOTS.);
#4436 = CARTESIAN_POINT('',(3.681595925412,3.588299064212));
#4437 = CARTESIAN_POINT('',(3.682087960768,3.638153737422));
#4438 = CARTESIAN_POINT('',(3.683014357724,3.740918769635));
#4439 = CARTESIAN_POINT('',(3.684235333502,3.902836428793));
#4440 = CARTESIAN_POINT('',(3.685292138188,4.071049605251));
#4441 = CARTESIAN_POINT('',(3.686189056031,4.24435546998));
#4442 = CARTESIAN_POINT('',(3.686930069601,4.421693374083));
#4443 = CARTESIAN_POINT('',(3.68751872427,4.60214840124));
#4444 = CARTESIAN_POINT('',(3.687958011112,4.784919377468));
#4445 = CARTESIAN_POINT('',(3.688250250109,4.969309149151));
#4446 = CARTESIAN_POINT('',(3.688397005668,5.154669790658));
#4447 = CARTESIAN_POINT('',(3.688398900683,5.34050951096));
#4448 = CARTESIAN_POINT('',(3.688255870693,5.525834987795));
#4449 = CARTESIAN_POINT('',(3.68796880772,5.709428523887));
#4450 = CARTESIAN_POINT('',(3.687539514007,5.890154174902));
#4451 = CARTESIAN_POINT('',(3.686970681608,6.066879619885));
#4452 = CARTESIAN_POINT('',(3.686265867103,6.238504091347));
#4453 = CARTESIAN_POINT('',(3.685429469209,6.403957747865));
#4454 = CARTESIAN_POINT('',(3.684466704061,6.562209044433));
#4455 = CARTESIAN_POINT('',(3.683383591375,6.712268496773));
#4456 = CARTESIAN_POINT('',(3.682186903924,6.853198699564));
#4457 = CARTESIAN_POINT('',(3.680884046976,6.984125951235));
#4458 = CARTESIAN_POINT('',(3.679483229412,7.104223892406));
#4459 = CARTESIAN_POINT('',(3.677993217856,7.212742386728));
#4460 = CARTESIAN_POINT('',(3.676423302285,7.309004887851));
#4461 = CARTESIAN_POINT('',(3.674783334369,7.392409578836));
#4462 = CARTESIAN_POINT('',(3.673083297181,7.462443935476));
#4463 = CARTESIAN_POINT('',(3.671334685215,7.518642048605));
#4464 = CARTESIAN_POINT('',(3.669545120304,7.560757713605));
#4465 = CARTESIAN_POINT('',(3.667717780659,7.588527264681));
#4466 = CARTESIAN_POINT('',(3.665872150221,7.601476550437));
#4467 = CARTESIAN_POINT('',(3.664024055477,7.599502321388));
#4468 = CARTESIAN_POINT('',(3.662190272712,7.582723643263));
#4469 = CARTESIAN_POINT('',(3.660386985093,7.551517023014));
#4470 = CARTESIAN_POINT('',(3.658629895107,7.506502721416));
#4471 = CARTESIAN_POINT('',(3.65693388851,7.448543218976));
#4472 = CARTESIAN_POINT('',(3.655312862544,7.378742671805));
#4473 = CARTESIAN_POINT('',(3.653779379125,7.298431296371));
#4474 = CARTESIAN_POINT('',(3.652344900266,7.209210417606));
#4475 = CARTESIAN_POINT('',(3.651017933833,7.112771705224));
#4476 = CARTESIAN_POINT('',(3.649810042755,7.011561240556));
#4477 = CARTESIAN_POINT('',(3.648693772671,6.904606285887));
#4478 = CARTESIAN_POINT('',(3.647669587639,6.7927057181));
#4479 = CARTESIAN_POINT('',(3.646735394476,6.676486306752));
#4480 = CARTESIAN_POINT('',(3.645889705745,6.556537442996));
#4481 = CARTESIAN_POINT('',(3.645130846662,6.433383034742));
#4482 = CARTESIAN_POINT('',(3.644457217226,6.30749629274));
#4483 = CARTESIAN_POINT('',(3.643867267474,6.179302402644));
#4484 = CARTESIAN_POINT('',(3.643359546123,6.049183904798));
#4485 = CARTESIAN_POINT('',(3.642932726741,5.917485026398));
#4486 = CARTESIAN_POINT('',(3.642585637813,5.784515692394));
#4487 = CARTESIAN_POINT('',(3.642317290223,5.650556591695));
#4488 = CARTESIAN_POINT('',(3.642126904852,5.515859592729));
#4489 = CARTESIAN_POINT('',(3.642013939102,5.380665482316));
#4490 = CARTESIAN_POINT('',(3.641978117593,5.245157364618));
#4491 = CARTESIAN_POINT('',(3.64201945029,5.10965557023));
#4492 = CARTESIAN_POINT('',(3.642137965801,4.9744649897));
#4493 = CARTESIAN_POINT('',(3.642333968915,4.839785020351));
#4494 = CARTESIAN_POINT('',(3.64260800995,4.705862764813));
#4495 = CARTESIAN_POINT('',(3.642960867023,4.572956775367));
#4496 = CARTESIAN_POINT('',(3.643393523962,4.44135176557));
#4497 = CARTESIAN_POINT('',(3.643907148273,4.311359914364));
#4498 = CARTESIAN_POINT('',(3.644503067784,4.183325979676));
#4499 = CARTESIAN_POINT('',(3.64518274611,4.057631867598));
#4500 = CARTESIAN_POINT('',(3.645947756742,3.934700995144));
#4501 = CARTESIAN_POINT('',(3.64679975542,3.815005587777));
#4502 = CARTESIAN_POINT('',(3.647740451382,3.699064148296));
#4503 = CARTESIAN_POINT('',(3.648427866764,3.624672815314));
#4504 = CARTESIAN_POINT('',(3.648786932964,3.588299064212));
#4505 = ( GEOMETRIC_REPRESENTATION_CONTEXT(2) 
PARAMETRIC_REPRESENTATION_CONTEXT() REPRESENTATION_CONTEXT('2D SPACE',''
  ) );
#4506 = PCURVE('',#4507,#4512);
#4507 = CYLINDRICAL_SURFACE('',#4508,2.35);
#4508 = AXIS2_PLACEMENT_3D('',#4509,#4510,#4511);
#4509 = CARTESIAN_POINT('',(-78.20209396173,-45.15,5.25));
#4510 = DIRECTION('',(0.866025403784,0.5,0.));
#4511 = DIRECTION('',(-0.5,0.866025403784,0.));
#4512 = DEFINITIONAL_REPRESENTATION('',(#4513),#4583);
#4513 = B_SPLINE_CURVE_WITH_KNOTS('',3,(#4514,#4515,#4516,#4517,#4518,
    #4519,#4520,#4521,#4522,#4523,#4524,#4525,#4526,#4527,#4528,#4529,
    #4530,#4531,#4532,#4533,#4534,#4535,#4536,#4537,#4538,#4539,#4540,
    #4541,#4542,#4543,#4544,#4545,#4546,#4547,#4548,#4549,#4550,#4551,
    #4552,#4553,#4554,#4555,#4556,#4557,#4558,#4559,#4560,#4561,#4562,
    #4563,#4564,#4565,#4566,#4567,#4568,#4569,#4570,#4571,#4572,#4573,
    #4574,#4575,#4576,#4577,#4578,#4579,#4580,#4581,#4582),
  .UNSPECIFIED.,.F.,.F.,(4,1,1,1,1,1,1,1,1,1,1,1,1,1,1,1,1,1,1,1,1,1,1,1
    ,1,1,1,1,1,1,1,1,1,1,1,1,1,1,1,1,1,1,1,1,1,1,1,1,1,1,1,1,1,1,1,1,1,1
    ,1,1,1,1,1,1,1,1,4),(0.,0.105119079439,0.210238158878,0.315357238317
    ,0.420476317756,0.525595397195,0.630714476635,0.735833556074,
    0.840952635513,0.946071714952,1.051190794391,1.15630987383,
    1.261428953269,1.366548032708,1.471667112147,1.576786191586,
    1.681905271025,1.787024350465,1.892143429904,1.997262509343,
    2.102381588782,2.207500668221,2.31261974766,2.417738827099,
    2.522857906538,2.627976985977,2.733096065416,2.838215144856,
    2.943334224295,3.048453303734,3.153572383173,3.258691462612,
    3.363810542051,3.46892962149,3.574048700929,3.679167780368,
    3.784286859807,3.889405939246,3.994525018686,4.099644098125,
    4.204763177564,4.309882257003,4.415001336442,4.520120415881,
    4.62523949532,4.730358574759,4.835477654198,4.940596733637,
    5.045715813076,5.150834892516,5.255953971955,5.361073051394,
    5.466192130833,5.571311210272,5.676430289711,5.78154936915,
    5.886668448589,5.991787528028,6.096906607467,6.202025686907,
    6.307144766346,6.412263845785,6.517382925224,6.622502004663,
    6.727621084102,6.832740163541,6.93785924298),.QUASI_UNIFORM_KNOTS.);
#4514 = CARTESIAN_POINT('',(10.210176124167,-10.98637001097));
#4515 = CARTESIAN_POINT('',(10.18018680743,-10.98555149198));
#4516 = CARTESIAN_POINT('',(10.121018041325,-10.98394017464));
#4517 = CARTESIAN_POINT('',(10.034406011831,-10.98165298425));
#4518 = CARTESIAN_POINT('',(9.949638766828,-10.97955218303));
#4519 = CARTESIAN_POINT('',(9.86644745572,-10.97768044532));
#4520 = CARTESIAN_POINT('',(9.784573852508,-10.97607273317));
#4521 = CARTESIAN_POINT('',(9.703768466646,-10.97475600195));
#4522 = CARTESIAN_POINT('',(9.623786649734,-10.97375055961));
#4523 = CARTESIAN_POINT('',(9.54438115411,-10.97307087181));
#4524 = CARTESIAN_POINT('',(9.465312956808,-10.9727262945));
#4525 = CARTESIAN_POINT('',(9.386293836921,-10.97272182996));
#4526 = CARTESIAN_POINT('',(9.30725316605,-10.97305770857));
#4527 = CARTESIAN_POINT('',(9.228216603403,-10.97372557704));
#4528 = CARTESIAN_POINT('',(9.149179801831,-10.97470873739));
#4529 = CARTESIAN_POINT('',(9.070144510368,-10.97598264637));
#4530 = CARTESIAN_POINT('',(8.991109665977,-10.97751554023));
#4531 = CARTESIAN_POINT('',(8.912074506399,-10.97926921195));
#4532 = CARTESIAN_POINT('',(8.833038251998,-10.98119994067));
#4533 = CARTESIAN_POINT('',(8.754001481919,-10.98325954698));
#4534 = CARTESIAN_POINT('',(8.674964492981,-10.98539668021));
#4535 = CARTESIAN_POINT('',(8.595923251322,-10.98755816089));
#4536 = CARTESIAN_POINT('',(8.516882529889,-10.98968995648));
#4537 = CARTESIAN_POINT('',(8.437842933728,-10.99173888175));
#4538 = CARTESIAN_POINT('',(8.358803633161,-10.99365387397));
#4539 = CARTESIAN_POINT('',(8.279766663552,-10.99538717579));
#4540 = CARTESIAN_POINT('',(8.200720529821,-10.99689575745));
#4541 = CARTESIAN_POINT('',(8.121704931641,-10.9981413527));
#4542 = CARTESIAN_POINT('',(8.042571974512,-10.99909527885));
#4543 = CARTESIAN_POINT('',(7.962983844965,-10.99973387373));
#4544 = CARTESIAN_POINT('',(7.883298313427,-11.000034277));
#4545 = CARTESIAN_POINT('',(7.803692222433,-10.99998836992));
#4546 = CARTESIAN_POINT('',(7.724385268085,-10.9995997918));
#4547 = CARTESIAN_POINT('',(7.645587693765,-10.99888451586));
#4548 = CARTESIAN_POINT('',(7.567522001047,-10.9978697949));
#4549 = CARTESIAN_POINT('',(7.490424371223,-10.99659289514));
#4550 = CARTESIAN_POINT('',(7.414554357826,-10.99509939475));
#4551 = CARTESIAN_POINT('',(7.340194401271,-10.99344089276));
#4552 = CARTESIAN_POINT('',(7.267685769624,-10.99167344609));
#4553 = CARTESIAN_POINT('',(7.197334040883,-10.98985220534));
#4554 = CARTESIAN_POINT('',(7.129805712174,-10.98803974426));
#4555 = CARTESIAN_POINT('',(7.063613114596,-10.9862341049));
#4556 = CARTESIAN_POINT('',(6.99871703684,-10.98446623124));
#4557 = CARTESIAN_POINT('',(6.934976855379,-10.98276116791));
#4558 = CARTESIAN_POINT('',(6.872288026477,-10.9811414357));
#4559 = CARTESIAN_POINT('',(6.810543324814,-10.97962639078));
#4560 = CARTESIAN_POINT('',(6.749641622331,-10.97823267304));
#4561 = CARTESIAN_POINT('',(6.689484148328,-10.97697436966));
#4562 = CARTESIAN_POINT('',(6.629974241936,-10.97586325608));
#4563 = CARTESIAN_POINT('',(6.571016303771,-10.97490901143));
#4564 = CARTESIAN_POINT('',(6.512514900035,-10.97411942996));
#4565 = CARTESIAN_POINT('',(6.454374364165,-10.97350061687));
#4566 = CARTESIAN_POINT('',(6.396496474498,-10.9730571659));
#4567 = CARTESIAN_POINT('',(6.338785483108,-10.97279231186));
#4568 = CARTESIAN_POINT('',(6.281125749021,-10.97270806066));
#4569 = CARTESIAN_POINT('',(6.223461870467,-10.97280526502));
#4570 = CARTESIAN_POINT('',(6.165731740603,-10.97308303264));
#4571 = CARTESIAN_POINT('',(6.107826256492,-10.97353929106));
#4572 = CARTESIAN_POINT('',(6.049651832886,-10.97417068966));
#4573 = CARTESIAN_POINT('',(5.991112481128,-10.97497249104));
#4574 = CARTESIAN_POINT('',(5.932113555848,-10.97593842895));
#4575 = CARTESIAN_POINT('',(5.872559773031,-10.97706054294));
#4576 = CARTESIAN_POINT('',(5.812354801835,-10.97832899494));
#4577 = CARTESIAN_POINT('',(5.751400387182,-10.97973185982));
#4578 = CARTESIAN_POINT('',(5.689595590915,-10.98125493956));
#4579 = CARTESIAN_POINT('',(5.626835507086,-10.98288143307));
#4580 = CARTESIAN_POINT('',(5.563011049801,-10.98459210753));
#4581 = CARTESIAN_POINT('',(5.51967276294,-10.98577308788));
#4582 = CARTESIAN_POINT('',(5.497787143782,-10.98637001097));
#4583 = ( GEOMETRIC_REPRESENTATION_CONTEXT(2) 
PARAMETRIC_REPRESENTATION_CONTEXT() REPRESENTATION_CONTEXT('2D SPACE',''
  ) );
#4584 = ORIENTED_EDGE('',*,*,#4585,.T.);
#4585 = EDGE_CURVE('',#4385,#4586,#4588,.T.);
#4586 = VERTEX_POINT('',#4587);
#4587 = CARTESIAN_POINT('',(-87.47558923048,-51.08533340187,2.43));
#4588 = SURFACE_CURVE('',#4589,(#4594,#4604),.PCURVE_S1.);
#4589 = ELLIPSE('',#4590,143.25983386839,101.3);
#4590 = AXIS2_PLACEMENT_3D('',#4591,#4592,#4593);
#4591 = CARTESIAN_POINT('',(0.,0.,1.926598128423));
#4592 = DIRECTION('',(0.353553390593,-0.612372435696,-0.707106781187));
#4593 = DIRECTION('',(0.353553390593,-0.612372435696,0.707106781187));
#4594 = PCURVE('',#272,#4595);
#4595 = DEFINITIONAL_REPRESENTATION('',(#4596),#4603);
#4596 = B_SPLINE_CURVE_WITH_KNOTS('',5,(#4597,#4598,#4599,#4600,#4601,
    #4602),.UNSPECIFIED.,.F.,.F.,(6,6),(1.553248231306,1.566970335574),
  .PIECEWISE_BEZIER_KNOTS.);
#4597 = CARTESIAN_POINT('',(3.682739524677,3.704128970633));
#4598 = CARTESIAN_POINT('',(3.679995103823,3.426161941646));
#4599 = CARTESIAN_POINT('',(3.67725068297,3.148178177549));
#4600 = CARTESIAN_POINT('',(3.674506262116,2.870182040019));
#4601 = CARTESIAN_POINT('',(3.671761841263,2.592177891256));
#4602 = CARTESIAN_POINT('',(3.669017420409,2.314170093579));
#4603 = ( GEOMETRIC_REPRESENTATION_CONTEXT(2) 
PARAMETRIC_REPRESENTATION_CONTEXT() REPRESENTATION_CONTEXT('2D SPACE',''
  ) );
#4604 = PCURVE('',#4605,#4610);
#4605 = PLANE('',#4606);
#4606 = AXIS2_PLACEMENT_3D('',#4607,#4608,#4609);
#4607 = CARTESIAN_POINT('',(-77.37124349384,-46.58907522388,
    3.588299064212));
#4608 = DIRECTION('',(0.353553390593,-0.612372435696,-0.707106781187));
#4609 = DIRECTION('',(-0.353553390593,0.612372435696,-0.707106781187));
#4610 = DEFINITIONAL_REPRESENTATION('',(#4611),#4615);
#4611 = ELLIPSE('',#4612,143.25983386839,101.3);
#4612 = AXIS2_PLACEMENT_2D('',#4613,#4614);
#4613 = CARTESIAN_POINT('',(2.35,90.3));
#4614 = DIRECTION('',(-1.,0.));
#4615 = ( GEOMETRIC_REPRESENTATION_CONTEXT(2) 
PARAMETRIC_REPRESENTATION_CONTEXT() REPRESENTATION_CONTEXT('2D SPACE',''
  ) );
#4616 = ORIENTED_EDGE('',*,*,#4617,.F.);
#4617 = EDGE_CURVE('',#4351,#4586,#4618,.T.);
#4618 = SURFACE_CURVE('',#4619,(#4624,#4631),.PCURVE_S1.);
#4619 = CIRCLE('',#4620,101.3);
#4620 = AXIS2_PLACEMENT_3D('',#4621,#4622,#4623);
#4621 = CARTESIAN_POINT('',(0.,0.,2.43));
#4622 = DIRECTION('',(0.,0.,1.));
#4623 = DIRECTION('',(1.,0.,-0.));
#4624 = PCURVE('',#272,#4625);
#4625 = DEFINITIONAL_REPRESENTATION('',(#4626),#4630);
#4626 = LINE('',#4627,#4628);
#4627 = CARTESIAN_POINT('',(0.,2.43));
#4628 = VECTOR('',#4629,1.);
#4629 = DIRECTION('',(1.,0.));
#4630 = ( GEOMETRIC_REPRESENTATION_CONTEXT(2) 
PARAMETRIC_REPRESENTATION_CONTEXT() REPRESENTATION_CONTEXT('2D SPACE',''
  ) );
#4631 = PCURVE('',#4632,#4637);
#4632 = PLANE('',#4633);
#4633 = AXIS2_PLACEMENT_3D('',#4634,#4635,#4636);
#4634 = CARTESIAN_POINT('',(-77.95039302594,-45.58595880909,2.43));
#4635 = DIRECTION('',(0.,-0.,-1.));
#4636 = DIRECTION('',(-0.5,0.866025403784,0.));
#4637 = DEFINITIONAL_REPRESENTATION('',(#4638),#4646);
#4638 = ( BOUNDED_CURVE() B_SPLINE_CURVE(2,(#4639,#4640,#4641,#4642,
#4643,#4644,#4645),.UNSPECIFIED.,.T.,.F.) B_SPLINE_CURVE_WITH_KNOTS((1,2
    ,2,2,2,1),(-2.094395102393,0.,2.094395102393,4.188790204786,
6.28318530718,8.377580409573),.UNSPECIFIED.) CURVE() 
GEOMETRIC_REPRESENTATION_ITEM() RATIONAL_B_SPLINE_CURVE((1.,0.5,1.,0.5,
1.,0.5,1.)) REPRESENTATION_ITEM('') );
#4639 = CARTESIAN_POINT('',(-50.14659812842,178.02837340336));
#4640 = CARTESIAN_POINT('',(101.80340187157,265.75674680672));
#4641 = CARTESIAN_POINT('',(101.80340187157,90.3));
#4642 = CARTESIAN_POINT('',(101.80340187157,-85.15674680672));
#4643 = CARTESIAN_POINT('',(-50.14659812842,2.571626596636));
#4644 = CARTESIAN_POINT('',(-202.0965981284,90.3));
#4645 = CARTESIAN_POINT('',(-50.14659812842,178.02837340336));
#4646 = ( GEOMETRIC_REPRESENTATION_CONTEXT(2) 
PARAMETRIC_REPRESENTATION_CONTEXT() REPRESENTATION_CONTEXT('2D SPACE',''
  ) );
#4647 = FACE_BOUND('',#4648,.T.);
#4648 = EDGE_LOOP('',(#4649,#4683,#4878,#4910));
#4649 = ORIENTED_EDGE('',*,*,#4650,.T.);
#4650 = EDGE_CURVE('',#4651,#4653,#4655,.T.);
#4651 = VERTEX_POINT('',#4652);
#4652 = CARTESIAN_POINT('',(-0.503401871577,-101.2987491855,2.43));
#4653 = VERTEX_POINT('',#4654);
#4654 = CARTESIAN_POINT('',(-1.661700935788,-101.2863700109,
    3.588299064212));
#4655 = SURFACE_CURVE('',#4656,(#4661,#4671),.PCURVE_S1.);
#4656 = ELLIPSE('',#4657,143.25983386839,101.3);
#4657 = AXIS2_PLACEMENT_3D('',#4658,#4659,#4660);
#4658 = CARTESIAN_POINT('',(0.,0.,1.926598128423));
#4659 = DIRECTION('',(-0.707106781187,1.570092458684E-16,-0.707106781187
    ));
#4660 = DIRECTION('',(-0.707106781187,1.570092458684E-16,0.707106781187)
  );
#4661 = PCURVE('',#272,#4662);
#4662 = DEFINITIONAL_REPRESENTATION('',(#4663),#4670);
#4663 = B_SPLINE_CURVE_WITH_KNOTS('',5,(#4664,#4665,#4666,#4667,#4668,
    #4669),.UNSPECIFIED.,.F.,.F.,(6,6),(4.716214971606,4.729937075873),
  .PIECEWISE_BEZIER_KNOTS.);
#4664 = CARTESIAN_POINT('',(4.708562989163,2.314170093579));
#4665 = CARTESIAN_POINT('',(4.70581856831,2.592177891256));
#4666 = CARTESIAN_POINT('',(4.703074147456,2.870182040018));
#4667 = CARTESIAN_POINT('',(4.700329726603,3.148178177549));
#4668 = CARTESIAN_POINT('',(4.697585305749,3.426161941646));
#4669 = CARTESIAN_POINT('',(4.694840884896,3.704128970633));
#4670 = ( GEOMETRIC_REPRESENTATION_CONTEXT(2) 
PARAMETRIC_REPRESENTATION_CONTEXT() REPRESENTATION_CONTEXT('2D SPACE',''
  ) );
#4671 = PCURVE('',#4672,#4677);
#4672 = PLANE('',#4673);
#4673 = AXIS2_PLACEMENT_3D('',#4674,#4675,#4676);
#4674 = CARTESIAN_POINT('',(-0.503401871577,-90.3,2.43));
#4675 = DIRECTION('',(-0.707106781187,1.570092458684E-16,-0.707106781187
    ));
#4676 = DIRECTION('',(-0.707106781187,1.570092458684E-16,0.707106781187)
  );
#4677 = DEFINITIONAL_REPRESENTATION('',(#4678),#4682);
#4678 = ELLIPSE('',#4679,143.25983386839,101.3);
#4679 = AXIS2_PLACEMENT_2D('',#4680,#4681);
#4680 = CARTESIAN_POINT('',(-0.711917754108,90.3));
#4681 = DIRECTION('',(1.,0.));
#4682 = ( GEOMETRIC_REPRESENTATION_CONTEXT(2) 
PARAMETRIC_REPRESENTATION_CONTEXT() REPRESENTATION_CONTEXT('2D SPACE',''
  ) );
#4683 = ORIENTED_EDGE('',*,*,#4684,.F.);
#4684 = EDGE_CURVE('',#4685,#4653,#4687,.T.);
#4685 = VERTEX_POINT('',#4686);
#4686 = CARTESIAN_POINT('',(1.661700935788,-101.2863700109,
    3.588299064212));
#4687 = SURFACE_CURVE('',#4688,(#4727,#4800),.PCURVE_S1.);
#4688 = B_SPLINE_CURVE_WITH_KNOTS('',7,(#4689,#4690,#4691,#4692,#4693,
    #4694,#4695,#4696,#4697,#4698,#4699,#4700,#4701,#4702,#4703,#4704,
    #4705,#4706,#4707,#4708,#4709,#4710,#4711,#4712,#4713,#4714,#4715,
    #4716,#4717,#4718,#4719,#4720,#4721,#4722,#4723,#4724,#4725,#4726),
  .UNSPECIFIED.,.F.,.F.,(8,6,6,6,6,6,8),(0.,1.,2.143375738135,
    3.053040126986,3.577677619108,4.587719377234,5.562133125655),
  .UNSPECIFIED.);
#4689 = CARTESIAN_POINT('',(1.661700935788,-101.2863700109,
    3.588299064212));
#4690 = CARTESIAN_POINT('',(1.864882097418,-101.2830366273,
    3.791480225841));
#4691 = CARTESIAN_POINT('',(2.030294882391,-101.2798472081,
    4.014859344581));
#4692 = CARTESIAN_POINT('',(2.159758986138,-101.2770902868,
    4.251248543338));
#4693 = CARTESIAN_POINT('',(2.255256543639,-101.2749367411,4.49590374208
    ));
#4694 = CARTESIAN_POINT('',(2.318377145204,-101.2734719701,
    4.745519250165));
#4695 = CARTESIAN_POINT('',(2.35,-101.2727381875,4.997611896847));
#4696 = CARTESIAN_POINT('',(2.35,-101.2727381875,5.538574433739));
#4697 = CARTESIAN_POINT('',(2.308657051498,-101.2736974411,
    5.826988798622));
#4698 = CARTESIAN_POINT('',(2.226059119483,-101.2756145796,
    6.111806844003));
#4699 = CARTESIAN_POINT('',(2.100637043655,-101.2784173895,
    6.389235048291));
#4700 = CARTESIAN_POINT('',(1.929845833607,-101.2819581663,
    6.653723451167));
#4701 = CARTESIAN_POINT('',(1.710467245917,-101.285918517,6.89732557479)
  );
#4702 = CARTESIAN_POINT('',(1.225412900789,-101.2928159476,
    7.273572292052));
#4703 = CARTESIAN_POINT('',(0.970166298524,-101.2959130786,
    7.425081226093));
#4704 = CARTESIAN_POINT('',(0.680072123312,-101.2986162503,
    7.543248044339));
#4705 = CARTESIAN_POINT('',(0.365556486355,-101.3003900153,
    7.615753315115));
#4706 = CARTESIAN_POINT('',(4.050080439573E-02,-101.3008552012,
    7.636153180615));
#4707 = CARTESIAN_POINT('',(-0.280487677067,-101.3000676472,
    7.604207302739));
#4708 = CARTESIAN_POINT('',(-0.759711090607,-101.2973028595,
    7.481163643276));
#4709 = CARTESIAN_POINT('',(-0.926940966764,-101.2959841732,
    7.421439119874));
#4710 = CARTESIAN_POINT('',(-1.08489569626,-101.2944236319,
    7.348692688562));
#4711 = CARTESIAN_POINT('',(-1.232619742561,-101.29269611,7.2646672592)
  );
#4712 = CARTESIAN_POINT('',(-1.369412175236,-101.2908767743,
    7.171154793812));
#4713 = CARTESIAN_POINT('',(-1.494827979385,-101.2890342345,
    7.069995789865));
#4714 = CARTESIAN_POINT('',(-1.827886676664,-101.2837444582,
    6.757232855014));
#4715 = CARTESIAN_POINT('',(-2.006203546983,-101.280358727,
    6.528202768877));
#4716 = CARTESIAN_POINT('',(-2.145552851361,-101.2774102118,
    6.284453663445));
#4717 = CARTESIAN_POINT('',(-2.248223243387,-101.2751000038,
    6.031405520032));
#4718 = CARTESIAN_POINT('',(-2.316020907621,-101.2735266307,
    5.772893229576));
#4719 = CARTESIAN_POINT('',(-2.35,-101.2727381875,5.511616524267));
#4720 = CARTESIAN_POINT('',(-2.35,-101.2727381875,4.99761168436));
#4721 = CARTESIAN_POINT('',(-2.318377091027,-101.2734719713,
    4.745518694724));
#4722 = CARTESIAN_POINT('',(-2.255256329606,-101.2749367461,
    4.49590294771));
#4723 = CARTESIAN_POINT('',(-2.159758588472,-101.2770902959,
    4.251247720412));
#4724 = CARTESIAN_POINT('',(-2.030294452521,-101.2798472162,
    4.014858786137));
#4725 = CARTESIAN_POINT('',(-1.864881869558,-101.283036631,
    3.791479997982));
#4726 = CARTESIAN_POINT('',(-1.661700935788,-101.2863700109,
    3.588299064212));
#4727 = PCURVE('',#272,#4728);
#4728 = DEFINITIONAL_REPRESENTATION('',(#4729),#4799);
#4729 = B_SPLINE_CURVE_WITH_KNOTS('',3,(#4730,#4731,#4732,#4733,#4734,
    #4735,#4736,#4737,#4738,#4739,#4740,#4741,#4742,#4743,#4744,#4745,
    #4746,#4747,#4748,#4749,#4750,#4751,#4752,#4753,#4754,#4755,#4756,
    #4757,#4758,#4759,#4760,#4761,#4762,#4763,#4764,#4765,#4766,#4767,
    #4768,#4769,#4770,#4771,#4772,#4773,#4774,#4775,#4776,#4777,#4778,
    #4779,#4780,#4781,#4782,#4783,#4784,#4785,#4786,#4787,#4788,#4789,
    #4790,#4791,#4792,#4793,#4794,#4795,#4796,#4797,#4798),
  .UNSPECIFIED.,.F.,.F.,(4,1,1,1,1,1,1,1,1,1,1,1,1,1,1,1,1,1,1,1,1,1,1,1
    ,1,1,1,1,1,1,1,1,1,1,1,1,1,1,1,1,1,1,1,1,1,1,1,1,1,1,1,1,1,1,1,1,1,1
    ,1,1,1,1,1,1,1,1,4),(0.,8.42747443281E-02,0.168549488656,
    0.252824232984,0.337098977312,0.421373721641,0.505648465969,
    0.589923210297,0.674197954625,0.758472698953,0.842747443281,
    0.927022187609,1.011296931937,1.095571676265,1.179846420593,
    1.264121164922,1.34839590925,1.432670653578,1.516945397906,
    1.601220142234,1.685494886562,1.76976963089,1.854044375218,
    1.938319119546,2.022593863874,2.106868608203,2.191143352531,
    2.275418096859,2.359692841187,2.443967585515,2.528242329843,
    2.612517074171,2.696791818499,2.781066562827,2.865341307155,
    2.949616051484,3.033890795812,3.11816554014,3.202440284468,
    3.286715028796,3.370989773124,3.455264517452,3.53953926178,
    3.623814006108,3.708088750436,3.792363494765,3.876638239093,
    3.960912983421,4.045187727749,4.129462472077,4.213737216405,
    4.298011960733,4.382286705061,4.466561449389,4.550836193718,
    4.635110938046,4.719385682374,4.803660426702,4.88793517103,
    4.972209915358,5.056484659686,5.140759404014,5.225034148342,
    5.30930889267,5.393583636999,5.477858381327,5.562133125655),
  .QUASI_UNIFORM_KNOTS.);
#4730 = CARTESIAN_POINT('',(4.728793476609,3.588299064212));
#4731 = CARTESIAN_POINT('',(4.729187940042,3.628260424315));
#4732 = CARTESIAN_POINT('',(4.729939796153,3.710162322268));
#4733 = CARTESIAN_POINT('',(4.730958650088,3.838199980693));
#4734 = CARTESIAN_POINT('',(4.73187086764,3.970636219279));
#4735 = CARTESIAN_POINT('',(4.732678701322,4.106802090269));
#4736 = CARTESIAN_POINT('',(4.733384313439,4.246093749187));
#4737 = CARTESIAN_POINT('',(4.733989730255,4.387975413973));
#4738 = CARTESIAN_POINT('',(4.734496799148,4.531968152733));
#4739 = CARTESIAN_POINT('',(4.734907148302,4.677643361399));
#4740 = CARTESIAN_POINT('',(4.735222148876,4.824614527905));
#4741 = CARTESIAN_POINT('',(4.735442878476,4.972533766075));
#4742 = CARTESIAN_POINT('',(4.735570088772,5.121073320785));
#4743 = CARTESIAN_POINT('',(4.735604165175,5.269964485924));
#4744 = CARTESIAN_POINT('',(4.735545122447,5.418816941257));
#4745 = CARTESIAN_POINT('',(4.735392795671,5.567289504652));
#4746 = CARTESIAN_POINT('',(4.73514663845,5.71508135387));
#4747 = CARTESIAN_POINT('',(4.734805777282,5.861852128171));
#4748 = CARTESIAN_POINT('',(4.734369038563,6.007234812745));
#4749 = CARTESIAN_POINT('',(4.733834983016,6.150823891326));
#4750 = CARTESIAN_POINT('',(4.733201939475,6.292170016128));
#4751 = CARTESIAN_POINT('',(4.732468041897,6.430772657799));
#4752 = CARTESIAN_POINT('',(4.731631268464,6.56607258005));
#4753 = CARTESIAN_POINT('',(4.730689489759,6.697444242168));
#4754 = CARTESIAN_POINT('',(4.729640505569,6.824184816552));
#4755 = CARTESIAN_POINT('',(4.728482151381,6.945511914014));
#4756 = CARTESIAN_POINT('',(4.727212177134,7.0605239034));
#4757 = CARTESIAN_POINT('',(4.725829013176,7.168294131052));
#4758 = CARTESIAN_POINT('',(4.724303183822,7.269332097031));
#4759 = CARTESIAN_POINT('',(4.72265255683,7.360440407667));
#4760 = CARTESIAN_POINT('',(4.720890292899,7.439485484387));
#4761 = CARTESIAN_POINT('',(4.719033757915,7.504511184756));
#4762 = CARTESIAN_POINT('',(4.717101701451,7.55398019525));
#4763 = CARTESIAN_POINT('',(4.715114533882,7.586713666809));
#4764 = CARTESIAN_POINT('',(4.713093811915,7.601913410644));
#4765 = CARTESIAN_POINT('',(4.711061689255,7.599158360121));
#4766 = CARTESIAN_POINT('',(4.709041223801,7.578423604602));
#4767 = CARTESIAN_POINT('',(4.707053247075,7.540036512674));
#4768 = CARTESIAN_POINT('',(4.705126109414,7.484863015878));
#4769 = CARTESIAN_POINT('',(4.703298026484,7.414993181331));
#4770 = CARTESIAN_POINT('',(4.701571172902,7.331801054818));
#4771 = CARTESIAN_POINT('',(4.699954470601,7.236858044129));
#4772 = CARTESIAN_POINT('',(4.698453306932,7.131725881222));
#4773 = CARTESIAN_POINT('',(4.697071962673,7.017969282283));
#4774 = CARTESIAN_POINT('',(4.695814153656,6.897311302705));
#4775 = CARTESIAN_POINT('',(4.694672694466,6.770411173256));
#4776 = CARTESIAN_POINT('',(4.693645643493,6.638203858022));
#4777 = CARTESIAN_POINT('',(4.692730428215,6.501490025731));
#4778 = CARTESIAN_POINT('',(4.691924678099,6.36098760745));
#4779 = CARTESIAN_POINT('',(4.69122608067,6.217331750281));
#4780 = CARTESIAN_POINT('',(4.690632491559,6.071087260245));
#4781 = CARTESIAN_POINT('',(4.690141969969,5.922756656963));
#4782 = CARTESIAN_POINT('',(4.689752829455,5.772788467746));
#4783 = CARTESIAN_POINT('',(4.689463679526,5.621585339198));
#4784 = CARTESIAN_POINT('',(4.689273472642,5.469510237495));
#4785 = CARTESIAN_POINT('',(4.689181529309,5.316899285789));
#4786 = CARTESIAN_POINT('',(4.689187642397,5.164049984977));
#4787 = CARTESIAN_POINT('',(4.689291821124,5.011485526714));
#4788 = CARTESIAN_POINT('',(4.689494341695,4.85948977932));
#4789 = CARTESIAN_POINT('',(4.689795929898,4.708410238629));
#4790 = CARTESIAN_POINT('',(4.690197672699,4.558615131142));
#4791 = CARTESIAN_POINT('',(4.69070099324,4.410513989256));
#4792 = CARTESIAN_POINT('',(4.691307606594,4.264561623737));
#4793 = CARTESIAN_POINT('',(4.692019477951,4.121267383666));
#4794 = CARTESIAN_POINT('',(4.692838776914,3.981202541584));
#4795 = CARTESIAN_POINT('',(4.693767829241,3.845012886399));
#4796 = CARTESIAN_POINT('',(4.694809064738,3.713415679763));
#4797 = CARTESIAN_POINT('',(4.695579663478,3.629310289475));
#4798 = CARTESIAN_POINT('',(4.695984484161,3.588299064212));
#4799 = ( GEOMETRIC_REPRESENTATION_CONTEXT(2) 
PARAMETRIC_REPRESENTATION_CONTEXT() REPRESENTATION_CONTEXT('2D SPACE',''
  ) );
#4800 = PCURVE('',#4801,#4806);
#4801 = CYLINDRICAL_SURFACE('',#4802,2.35);
#4802 = AXIS2_PLACEMENT_3D('',#4803,#4804,#4805);
#4803 = CARTESIAN_POINT('',(-2.005062782473E-14,-90.3,5.25));
#4804 = DIRECTION('',(2.22044604925E-16,1.,0.));
#4805 = DIRECTION('',(-1.,2.22044604925E-16,0.));
#4806 = DEFINITIONAL_REPRESENTATION('',(#4807),#4877);
#4807 = B_SPLINE_CURVE_WITH_KNOTS('',3,(#4808,#4809,#4810,#4811,#4812,
    #4813,#4814,#4815,#4816,#4817,#4818,#4819,#4820,#4821,#4822,#4823,
    #4824,#4825,#4826,#4827,#4828,#4829,#4830,#4831,#4832,#4833,#4834,
    #4835,#4836,#4837,#4838,#4839,#4840,#4841,#4842,#4843,#4844,#4845,
    #4846,#4847,#4848,#4849,#4850,#4851,#4852,#4853,#4854,#4855,#4856,
    #4857,#4858,#4859,#4860,#4861,#4862,#4863,#4864,#4865,#4866,#4867,
    #4868,#4869,#4870,#4871,#4872,#4873,#4874,#4875,#4876),
  .UNSPECIFIED.,.F.,.F.,(4,1,1,1,1,1,1,1,1,1,1,1,1,1,1,1,1,1,1,1,1,1,1,1
    ,1,1,1,1,1,1,1,1,1,1,1,1,1,1,1,1,1,1,1,1,1,1,1,1,1,1,1,1,1,1,1,1,1,1
    ,1,1,1,1,1,1,1,1,4),(0.,8.42747443281E-02,0.168549488656,
    0.252824232984,0.337098977312,0.421373721641,0.505648465969,
    0.589923210297,0.674197954625,0.758472698953,0.842747443281,
    0.927022187609,1.011296931937,1.095571676265,1.179846420593,
    1.264121164922,1.34839590925,1.432670653578,1.516945397906,
    1.601220142234,1.685494886562,1.76976963089,1.854044375218,
    1.938319119546,2.022593863874,2.106868608203,2.191143352531,
    2.275418096859,2.359692841187,2.443967585515,2.528242329843,
    2.612517074171,2.696791818499,2.781066562827,2.865341307155,
    2.949616051484,3.033890795812,3.11816554014,3.202440284468,
    3.286715028796,3.370989773124,3.455264517452,3.53953926178,
    3.623814006108,3.708088750436,3.792363494765,3.876638239093,
    3.960912983421,4.045187727749,4.129462472077,4.213737216405,
    4.298011960733,4.382286705061,4.466561449389,4.550836193718,
    4.635110938046,4.719385682374,4.803660426702,4.88793517103,
    4.972209915358,5.056484659686,5.140759404014,5.225034148342,
    5.30930889267,5.393583636999,5.477858381327,5.562133125655),
  .QUASI_UNIFORM_KNOTS.);
#4808 = CARTESIAN_POINT('',(10.210176124167,-10.98637001097));
#4809 = CARTESIAN_POINT('',(10.18613318323,-10.98571415089));
#4810 = CARTESIAN_POINT('',(10.138569269597,-10.98441819779));
#4811 = CARTESIAN_POINT('',(10.06863708212,-10.98255037388));
#4812 = CARTESIAN_POINT('',(9.999962571692,-10.98078916522));
#4813 = CARTESIAN_POINT('',(9.932402976992,-10.97915911404));
#4814 = CARTESIAN_POINT('',(9.865821090461,-10.97768131535));
#4815 = CARTESIAN_POINT('',(9.800084856498,-10.976373203));
#4816 = CARTESIAN_POINT('',(9.735065522851,-10.97524905589));
#4817 = CARTESIAN_POINT('',(9.670636361617,-10.97432028952));
#4818 = CARTESIAN_POINT('',(9.606671816092,-10.97359577347));
#4819 = CARTESIAN_POINT('',(9.543044933864,-10.97308210308));
#4820 = CARTESIAN_POINT('',(9.479631206585,-10.97278382709));
#4821 = CARTESIAN_POINT('',(9.416288004511,-10.97270365143));
#4822 = CARTESIAN_POINT('',(9.35292724409,-10.97284249099));
#4823 = CARTESIAN_POINT('',(9.289439294128,-10.97319908242));
#4824 = CARTESIAN_POINT('',(9.225693112333,-10.97377036925));
#4825 = CARTESIAN_POINT('',(9.161566189167,-10.97455132079));
#4826 = CARTESIAN_POINT('',(9.096935205118,-10.97553475506));
#4827 = CARTESIAN_POINT('',(9.031677154857,-10.97671109791));
#4828 = CARTESIAN_POINT('',(8.96566758667,-10.97806810672));
#4829 = CARTESIAN_POINT('',(8.898779519402,-10.97959056188));
#4830 = CARTESIAN_POINT('',(8.83088206699,-10.98125993346));
#4831 = CARTESIAN_POINT('',(8.761838974222,-10.98305403874));
#4832 = CARTESIAN_POINT('',(8.691507001154,-10.98494666942));
#4833 = CARTESIAN_POINT('',(8.619733815167,-10.98690730619));
#4834 = CARTESIAN_POINT('',(8.546356194454,-10.98890051979));
#4835 = CARTESIAN_POINT('',(8.471194750227,-10.99088659285));
#4836 = CARTESIAN_POINT('',(8.39268009563,-10.99285311815));
#4837 = CARTESIAN_POINT('',(8.311721466158,-10.99471379175));
#4838 = CARTESIAN_POINT('',(8.228717304171,-10.99639488814));
#4839 = CARTESIAN_POINT('',(8.144118189593,-10.9978244237));
#4840 = CARTESIAN_POINT('',(8.058295415711,-10.99894012043));
#4841 = CARTESIAN_POINT('',(7.971592809399,-10.99969178009));
#4842 = CARTESIAN_POINT('',(7.884330249783,-11.00004444759));
#4843 = CARTESIAN_POINT('',(7.796808796356,-10.99998034384));
#4844 = CARTESIAN_POINT('',(7.709351905654,-10.99950037492));
#4845 = CARTESIAN_POINT('',(7.622198392673,-10.9986231151));
#4846 = CARTESIAN_POINT('',(7.53595390492,-10.99738797322));
#4847 = CARTESIAN_POINT('',(7.451807007626,-10.99586734933));
#4848 = CARTESIAN_POINT('',(7.369452291645,-10.99411998663));
#4849 = CARTESIAN_POINT('',(7.28896744418,-10.99220976859));
#4850 = CARTESIAN_POINT('',(7.210364184676,-10.99019884887));
#4851 = CARTESIAN_POINT('',(7.133686710841,-10.98814651911));
#4852 = CARTESIAN_POINT('',(7.059071488588,-10.98610971591));
#4853 = CARTESIAN_POINT('',(6.986069695755,-10.98412286319));
#4854 = CARTESIAN_POINT('',(6.914530541188,-10.982222403));
#4855 = CARTESIAN_POINT('',(6.844286466313,-10.98043895451));
#4856 = CARTESIAN_POINT('',(6.775186339301,-10.97879865301));
#4857 = CARTESIAN_POINT('',(6.707083641565,-10.97732332232));
#4858 = CARTESIAN_POINT('',(6.639837167467,-10.97603095431));
#4859 = CARTESIAN_POINT('',(6.573308683367,-10.97493608942));
#4860 = CARTESIAN_POINT('',(6.507361544732,-10.97405019727));
#4861 = CARTESIAN_POINT('',(6.441859375491,-10.97338201575));
#4862 = CARTESIAN_POINT('',(6.37666410922,-10.97293786392));
#4863 = CARTESIAN_POINT('',(6.31163690285,-10.97272185817));
#4864 = CARTESIAN_POINT('',(6.246628422684,-10.9727362464));
#4865 = CARTESIAN_POINT('',(6.181586741267,-10.97298087002));
#4866 = CARTESIAN_POINT('',(6.116356188734,-10.97345327248));
#4867 = CARTESIAN_POINT('',(6.050801621422,-10.9741490708));
#4868 = CARTESIAN_POINT('',(5.984785547611,-10.9750616452));
#4869 = CARTESIAN_POINT('',(5.918172309744,-10.97618191665));
#4870 = CARTESIAN_POINT('',(5.850825191176,-10.97749803937));
#4871 = CARTESIAN_POINT('',(5.782605440138,-10.9789950476));
#4872 = CARTESIAN_POINT('',(5.713370834651,-10.98065452568));
#4873 = CARTESIAN_POINT('',(5.642973626925,-10.9824540391));
#4874 = CARTESIAN_POINT('',(5.571260072936,-10.98436736034));
#4875 = CARTESIAN_POINT('',(5.522461308546,-10.98569689954));
#4876 = CARTESIAN_POINT('',(5.497787143782,-10.98637001097));
#4877 = ( GEOMETRIC_REPRESENTATION_CONTEXT(2) 
PARAMETRIC_REPRESENTATION_CONTEXT() REPRESENTATION_CONTEXT('2D SPACE',''
  ) );
#4878 = ORIENTED_EDGE('',*,*,#4879,.T.);
#4879 = EDGE_CURVE('',#4685,#4880,#4882,.T.);
#4880 = VERTEX_POINT('',#4881);
#4881 = CARTESIAN_POINT('',(0.503401871577,-101.2987491855,2.43));
#4882 = SURFACE_CURVE('',#4883,(#4888,#4898),.PCURVE_S1.);
#4883 = ELLIPSE('',#4884,143.25983386839,101.3);
#4884 = AXIS2_PLACEMENT_3D('',#4885,#4886,#4887);
#4885 = CARTESIAN_POINT('',(0.,0.,1.926598128423));
#4886 = DIRECTION('',(0.707106781187,-1.570092458684E-16,-0.707106781187
    ));
#4887 = DIRECTION('',(0.707106781187,-1.570092458684E-16,0.707106781187)
  );
#4888 = PCURVE('',#272,#4889);
#4889 = DEFINITIONAL_REPRESENTATION('',(#4890),#4897);
#4890 = B_SPLINE_CURVE_WITH_KNOTS('',5,(#4891,#4892,#4893,#4894,#4895,
    #4896),.UNSPECIFIED.,.F.,.F.,(6,6),(1.553248231306,1.566970335574),
  .PIECEWISE_BEZIER_KNOTS.);
#4891 = CARTESIAN_POINT('',(4.729937075873,3.704128970633));
#4892 = CARTESIAN_POINT('',(4.72719265502,3.426161941646));
#4893 = CARTESIAN_POINT('',(4.724448234166,3.148178177549));
#4894 = CARTESIAN_POINT('',(4.721703813313,2.870182040019));
#4895 = CARTESIAN_POINT('',(4.718959392459,2.592177891256));
#4896 = CARTESIAN_POINT('',(4.716214971606,2.314170093579));
#4897 = ( GEOMETRIC_REPRESENTATION_CONTEXT(2) 
PARAMETRIC_REPRESENTATION_CONTEXT() REPRESENTATION_CONTEXT('2D SPACE',''
  ) );
#4898 = PCURVE('',#4899,#4904);
#4899 = PLANE('',#4900);
#4900 = AXIS2_PLACEMENT_3D('',#4901,#4902,#4903);
#4901 = CARTESIAN_POINT('',(1.661700935788,-90.3,3.588299064212));
#4902 = DIRECTION('',(0.707106781187,-1.570092458684E-16,-0.707106781187
    ));
#4903 = DIRECTION('',(-0.707106781187,1.570092458684E-16,-0.707106781187
    ));
#4904 = DEFINITIONAL_REPRESENTATION('',(#4905),#4909);
#4905 = ELLIPSE('',#4906,143.25983386839,101.3);
#4906 = AXIS2_PLACEMENT_2D('',#4907,#4908);
#4907 = CARTESIAN_POINT('',(2.35,90.3));
#4908 = DIRECTION('',(-1.,0.));
#4909 = ( GEOMETRIC_REPRESENTATION_CONTEXT(2) 
PARAMETRIC_REPRESENTATION_CONTEXT() REPRESENTATION_CONTEXT('2D SPACE',''
  ) );
#4910 = ORIENTED_EDGE('',*,*,#4911,.F.);
#4911 = EDGE_CURVE('',#4651,#4880,#4912,.T.);
#4912 = SURFACE_CURVE('',#4913,(#4918,#4925),.PCURVE_S1.);
#4913 = CIRCLE('',#4914,101.3);
#4914 = AXIS2_PLACEMENT_3D('',#4915,#4916,#4917);
#4915 = CARTESIAN_POINT('',(0.,0.,2.43));
#4916 = DIRECTION('',(0.,0.,1.));
#4917 = DIRECTION('',(1.,0.,-0.));
#4918 = PCURVE('',#272,#4919);
#4919 = DEFINITIONAL_REPRESENTATION('',(#4920),#4924);
#4920 = LINE('',#4921,#4922);
#4921 = CARTESIAN_POINT('',(0.,2.43));
#4922 = VECTOR('',#4923,1.);
#4923 = DIRECTION('',(1.,0.));
#4924 = ( GEOMETRIC_REPRESENTATION_CONTEXT(2) 
PARAMETRIC_REPRESENTATION_CONTEXT() REPRESENTATION_CONTEXT('2D SPACE',''
  ) );
#4925 = PCURVE('',#4926,#4931);
#4926 = PLANE('',#4927);
#4927 = AXIS2_PLACEMENT_3D('',#4928,#4929,#4930);
#4928 = CARTESIAN_POINT('',(0.503401871577,-90.3,2.43));
#4929 = DIRECTION('',(0.,-0.,-1.));
#4930 = DIRECTION('',(-1.,2.22044604925E-16,0.));
#4931 = DEFINITIONAL_REPRESENTATION('',(#4932),#4940);
#4932 = ( BOUNDED_CURVE() B_SPLINE_CURVE(2,(#4933,#4934,#4935,#4936,
#4937,#4938,#4939),.UNSPECIFIED.,.T.,.F.) B_SPLINE_CURVE_WITH_KNOTS((1,2
    ,2,2,2,1),(-2.094395102393,0.,2.094395102393,4.188790204786,
6.28318530718,8.377580409573),.UNSPECIFIED.) CURVE() 
GEOMETRIC_REPRESENTATION_ITEM() RATIONAL_B_SPLINE_CURVE((1.,0.5,1.,0.5,
1.,0.5,1.)) REPRESENTATION_ITEM('') );
#4933 = CARTESIAN_POINT('',(-100.7965981284,90.3));
#4934 = CARTESIAN_POINT('',(-100.7965981284,265.75674680672));
#4935 = CARTESIAN_POINT('',(51.153401871577,178.02837340336));
#4936 = CARTESIAN_POINT('',(203.10340187157,90.3));
#4937 = CARTESIAN_POINT('',(51.153401871577,2.571626596636));
#4938 = CARTESIAN_POINT('',(-100.7965981284,-85.15674680672));
#4939 = CARTESIAN_POINT('',(-100.7965981284,90.3));
#4940 = ( GEOMETRIC_REPRESENTATION_CONTEXT(2) 
PARAMETRIC_REPRESENTATION_CONTEXT() REPRESENTATION_CONTEXT('2D SPACE',''
  ) );
#4941 = FACE_BOUND('',#4942,.T.);
#4942 = EDGE_LOOP('',(#4943,#4977,#5172,#5204));
#4943 = ORIENTED_EDGE('',*,*,#4944,.T.);
#4944 = EDGE_CURVE('',#4945,#4947,#4949,.T.);
#4945 = VERTEX_POINT('',#4946);
#4946 = CARTESIAN_POINT('',(87.475589230481,-51.08533340187,2.43));
#4947 = VERTEX_POINT('',#4948);
#4948 = CARTESIAN_POINT('',(86.88571901872,-52.08226022937,
    3.588299064212));
#4949 = SURFACE_CURVE('',#4950,(#4955,#4965),.PCURVE_S1.);
#4950 = ELLIPSE('',#4951,143.25983386839,101.3);
#4951 = AXIS2_PLACEMENT_3D('',#4952,#4953,#4954);
#4952 = CARTESIAN_POINT('',(0.,0.,1.926598128423));
#4953 = DIRECTION('',(-0.353553390593,-0.612372435696,-0.707106781187));
#4954 = DIRECTION('',(-0.353553390593,-0.612372435696,0.707106781187));
#4955 = PCURVE('',#272,#4956);
#4956 = DEFINITIONAL_REPRESENTATION('',(#4957),#4964);
#4957 = B_SPLINE_CURVE_WITH_KNOTS('',5,(#4958,#4959,#4960,#4961,#4962,
    #4963),.UNSPECIFIED.,.F.,.F.,(6,6),(4.716214971606,4.729937075873),
  .PIECEWISE_BEZIER_KNOTS.);
#4958 = CARTESIAN_POINT('',(5.75576054036,2.314170093579));
#4959 = CARTESIAN_POINT('',(5.753016119507,2.592177891256));
#4960 = CARTESIAN_POINT('',(5.750271698653,2.870182040018));
#4961 = CARTESIAN_POINT('',(5.7475272778,3.148178177549));
#4962 = CARTESIAN_POINT('',(5.744782856946,3.426161941646));
#4963 = CARTESIAN_POINT('',(5.742038436093,3.704128970633));
#4964 = ( GEOMETRIC_REPRESENTATION_CONTEXT(2) 
PARAMETRIC_REPRESENTATION_CONTEXT() REPRESENTATION_CONTEXT('2D SPACE',''
  ) );
#4965 = PCURVE('',#4966,#4971);
#4966 = PLANE('',#4967);
#4967 = AXIS2_PLACEMENT_3D('',#4968,#4969,#4970);
#4968 = CARTESIAN_POINT('',(77.950393025946,-45.58595880909,2.43));
#4969 = DIRECTION('',(-0.353553390593,-0.612372435696,-0.707106781187));
#4970 = DIRECTION('',(-0.353553390593,-0.612372435696,0.707106781187));
#4971 = DEFINITIONAL_REPRESENTATION('',(#4972),#4976);
#4972 = ELLIPSE('',#4973,143.25983386839,101.3);
#4973 = AXIS2_PLACEMENT_2D('',#4974,#4975);
#4974 = CARTESIAN_POINT('',(-0.711917754108,90.3));
#4975 = DIRECTION('',(1.,5.551115123126E-17));
#4976 = ( GEOMETRIC_REPRESENTATION_CONTEXT(2) 
PARAMETRIC_REPRESENTATION_CONTEXT() REPRESENTATION_CONTEXT('2D SPACE',''
  ) );
#4977 = ORIENTED_EDGE('',*,*,#4978,.F.);
#4978 = EDGE_CURVE('',#4979,#4947,#4981,.T.);
#4979 = VERTEX_POINT('',#4980);
#4980 = CARTESIAN_POINT('',(88.547419954508,-49.2041097816,
    3.588299064212));
#4981 = SURFACE_CURVE('',#4982,(#5021,#5094),.PCURVE_S1.);
#4982 = B_SPLINE_CURVE_WITH_KNOTS('',7,(#4983,#4984,#4985,#4986,#4987,
    #4988,#4989,#4990,#4991,#4992,#4993,#4994,#4995,#4996,#4997,#4998,
    #4999,#5000,#5001,#5002,#5003,#5004,#5005,#5006,#5007,#5008,#5009,
    #5010,#5011,#5012,#5013,#5014,#5015,#5016,#5017,#5018,#5019,#5020),
  .UNSPECIFIED.,.F.,.F.,(8,6,6,6,6,6,8),(0.,1.,2.14337573359,
    3.053040124932,3.57767761691,4.587719374761,5.562133122915),
  .UNSPECIFIED.);
#4983 = CARTESIAN_POINT('',(88.547419954508,-49.2041097816,
    3.588299064212));
#4984 = CARTESIAN_POINT('',(88.64612374043,-49.02648304225,
    3.791480225841));
#4985 = CARTESIAN_POINT('',(88.726068014872,-48.88163665875,
    4.014859344581));
#4986 = CARTESIAN_POINT('',(88.78841250284,-48.76813899537,
    4.251248543339));
#4987 = CARTESIAN_POINT('',(88.834296256356,-48.68435891175,
    4.49590374208));
#4988 = CARTESIAN_POINT('',(88.864588028167,-48.62896248175,
    4.745519250165));
#4989 = CARTESIAN_POINT('',(88.879763981211,-48.60120939487,
    4.997611896847));
#4990 = CARTESIAN_POINT('',(88.879763981211,-48.60120939487,
    5.538574432591));
#4991 = CARTESIAN_POINT('',(88.859923244548,-48.63749306608,
    5.826988802614));
#4992 = CARTESIAN_POINT('',(88.820284570933,-48.70998353964,
    6.111806837378));
#4993 = CARTESIAN_POINT('',(88.76000083435,-48.82000365417,
    6.389235054433));
#4994 = CARTESIAN_POINT('',(88.677671635218,-48.96968356343,
    6.653723448042));
#4995 = CARTESIAN_POINT('',(88.571412103893,-49.161651172,6.897325575498
    ));
#4996 = CARTESIAN_POINT('',(88.33485828155,-49.58516927223,
    7.273572292607));
#4997 = CARTESIAN_POINT('',(88.209917175251,-49.80776787824,
    7.425081225205));
#4998 = CARTESIAN_POINT('',(88.067211103117,-50.06034838921,
    7.543248044515));
#4999 = CARTESIAN_POINT('',(87.911489409354,-50.33361380472,
    7.615753315631));
#5000 = CARTESIAN_POINT('',(87.749364431099,-50.61535287588,
    7.636153180087));
#5001 = CARTESIAN_POINT('',(87.588188149562,-50.89294327664,
    7.604207302974));
#5002 = CARTESIAN_POINT('',(87.346182065895,-51.30658053376,
    7.481163643276));
#5003 = CARTESIAN_POINT('',(87.261425112008,-51.45074651165,
    7.421439119874));
#5004 = CARTESIAN_POINT('',(87.181096278813,-51.58675904937,
    7.348692688562));
#5005 = CARTESIAN_POINT('',(87.105738177857,-51.7138280653,7.2646672592)
  );
#5006 = CARTESIAN_POINT('',(87.035766370537,-51.83138411916,
    7.171154793812));
#5007 = CARTESIAN_POINT('',(86.971462782196,-51.93907612169,
    7.069995789865));
#5008 = CARTESIAN_POINT('',(86.800352352933,-52.22486852636,
    6.757232855013));
#5009 = CARTESIAN_POINT('',(86.70826178853,-52.37760260037,
    6.528202768879));
#5010 = CARTESIAN_POINT('',(86.636033647318,-52.49680838039,
    6.284453663442));
#5011 = CARTESIAN_POINT('',(86.582697752421,-52.58456844405,
    6.031405520034));
#5012 = CARTESIAN_POINT('',(86.547436339268,-52.64249625707,
    5.772893229575));
#5013 = CARTESIAN_POINT('',(86.529763981211,-52.67152879265,
    5.511616524267));
#5014 = CARTESIAN_POINT('',(86.529763981211,-52.67152879265,
    4.997611684359));
#5015 = CARTESIAN_POINT('',(86.546210911147,-52.64450944206,
    4.745518694724));
#5016 = CARTESIAN_POINT('',(86.579039824003,-52.59057764654,
    4.495902947709));
#5017 = CARTESIAN_POINT('',(86.628653723424,-52.50895095163,
    4.251247720412));
#5018 = CARTESIAN_POINT('',(86.695773354455,-52.39821018119,
    4.014858786137));
#5019 = CARTESIAN_POINT('',(86.78124176018,-52.25655338964,
    3.791479997981));
#5020 = CARTESIAN_POINT('',(86.88571901872,-52.08226022937,
    3.588299064212));
#5021 = PCURVE('',#272,#5022);
#5022 = DEFINITIONAL_REPRESENTATION('',(#5023),#5093);
#5023 = B_SPLINE_CURVE_WITH_KNOTS('',3,(#5024,#5025,#5026,#5027,#5028,
    #5029,#5030,#5031,#5032,#5033,#5034,#5035,#5036,#5037,#5038,#5039,
    #5040,#5041,#5042,#5043,#5044,#5045,#5046,#5047,#5048,#5049,#5050,
    #5051,#5052,#5053,#5054,#5055,#5056,#5057,#5058,#5059,#5060,#5061,
    #5062,#5063,#5064,#5065,#5066,#5067,#5068,#5069,#5070,#5071,#5072,
    #5073,#5074,#5075,#5076,#5077,#5078,#5079,#5080,#5081,#5082,#5083,
    #5084,#5085,#5086,#5087,#5088,#5089,#5090,#5091,#5092),
  .UNSPECIFIED.,.F.,.F.,(4,1,1,1,1,1,1,1,1,1,1,1,1,1,1,1,1,1,1,1,1,1,1,1
    ,1,1,1,1,1,1,1,1,1,1,1,1,1,1,1,1,1,1,1,1,1,1,1,1,1,1,1,1,1,1,1,1,1,1
    ,1,1,1,1,1,1,1,1,4),(0.,8.427474428659E-02,0.168549488573,
    0.25282423286,0.337098977146,0.421373721433,0.50564846572,
    0.589923210006,0.674197954293,0.758472698579,0.842747442866,
    0.927022187153,1.011296931439,1.095571675726,1.179846420012,
    1.264121164299,1.348395908585,1.432670652872,1.516945397159,
    1.601220141445,1.685494885732,1.769769630018,1.854044374305,
    1.938319118592,2.022593862878,2.106868607165,2.191143351451,
    2.275418095738,2.359692840025,2.443967584311,2.528242328598,
    2.612517072884,2.696791817171,2.781066561458,2.865341305744,
    2.949616050031,3.033890794317,3.118165538604,3.20244028289,
    3.286715027177,3.370989771464,3.45526451575,3.539539260037,
    3.623814004323,3.70808874861,3.792363492897,3.876638237183,
    3.96091298147,4.045187725756,4.129462470043,4.21373721433,
    4.298011958616,4.382286702903,4.466561447189,4.550836191476,
    4.635110935763,4.719385680049,4.803660424336,4.887935168622,
    4.972209912909,5.056484657195,5.140759401482,5.225034145769,
    5.309308890055,5.393583634342,5.477858378628,5.562133122915),
  .QUASI_UNIFORM_KNOTS.);
#5024 = CARTESIAN_POINT('',(5.775991027805,3.588299064212));
#5025 = CARTESIAN_POINT('',(5.776385491239,3.628260424295));
#5026 = CARTESIAN_POINT('',(5.777137347349,3.710162322207));
#5027 = CARTESIAN_POINT('',(5.778156201284,3.838199980565));
#5028 = CARTESIAN_POINT('',(5.779068418835,3.970636219081));
#5029 = CARTESIAN_POINT('',(5.779876252517,4.106802089998));
#5030 = CARTESIAN_POINT('',(5.780581864634,4.246093748841));
#5031 = CARTESIAN_POINT('',(5.78118728145,4.387975413551));
#5032 = CARTESIAN_POINT('',(5.781694350343,4.531968152234));
#5033 = CARTESIAN_POINT('',(5.782104699497,4.677643360822));
#5034 = CARTESIAN_POINT('',(5.782419700071,4.824614527254));
#5035 = CARTESIAN_POINT('',(5.782640429672,4.972533765336));
#5036 = CARTESIAN_POINT('',(5.782767639968,5.121073320013));
#5037 = CARTESIAN_POINT('',(5.782801716372,5.269964484918));
#5038 = CARTESIAN_POINT('',(5.782742673643,5.418816940847));
#5039 = CARTESIAN_POINT('',(5.782590346867,5.56728950497));
#5040 = CARTESIAN_POINT('',(5.782344189645,5.715081354709));
#5041 = CARTESIAN_POINT('',(5.782003328476,5.861852129417));
#5042 = CARTESIAN_POINT('',(5.781566589754,6.007234814406));
#5043 = CARTESIAN_POINT('',(5.781032534203,6.150823893475));
#5044 = CARTESIAN_POINT('',(5.780399490658,6.292170018807));
#5045 = CARTESIAN_POINT('',(5.779665593075,6.430772660963));
#5046 = CARTESIAN_POINT('',(5.778828819638,6.566072583583));
#5047 = CARTESIAN_POINT('',(5.777887040927,6.697444245949));
#5048 = CARTESIAN_POINT('',(5.77683805673,6.824184820552));
#5049 = CARTESIAN_POINT('',(5.775679702533,6.945511918298));
#5050 = CARTESIAN_POINT('',(5.774409728275,7.060523908032));
#5051 = CARTESIAN_POINT('',(5.773026564312,7.168294135376));
#5052 = CARTESIAN_POINT('',(5.77150073496,7.269332100578));
#5053 = CARTESIAN_POINT('',(5.769850107971,7.360440410428));
#5054 = CARTESIAN_POINT('',(5.768087844043,7.439485486455));
#5055 = CARTESIAN_POINT('',(5.766231309063,7.504511186236));
#5056 = CARTESIAN_POINT('',(5.764299252601,7.55398019621));
#5057 = CARTESIAN_POINT('',(5.762312085037,7.586713667299));
#5058 = CARTESIAN_POINT('',(5.760291363075,7.601913410734));
#5059 = CARTESIAN_POINT('',(5.758259240424,7.599158359933));
#5060 = CARTESIAN_POINT('',(5.756238774979,7.578423604301));
#5061 = CARTESIAN_POINT('',(5.754250798259,7.54003651238));
#5062 = CARTESIAN_POINT('',(5.752323660599,7.484863015473));
#5063 = CARTESIAN_POINT('',(5.750495577669,7.414993180859));
#5064 = CARTESIAN_POINT('',(5.748768724089,7.331801054288));
#5065 = CARTESIAN_POINT('',(5.747152021788,7.236858043555));
#5066 = CARTESIAN_POINT('',(5.745650858121,7.131725880619));
#5067 = CARTESIAN_POINT('',(5.744269513863,7.017969281664));
#5068 = CARTESIAN_POINT('',(5.743011704846,6.897311302078));
#5069 = CARTESIAN_POINT('',(5.741870245657,6.770411172629));
#5070 = CARTESIAN_POINT('',(5.740843194685,6.638203857401));
#5071 = CARTESIAN_POINT('',(5.739927979408,6.501490025121));
#5072 = CARTESIAN_POINT('',(5.739122229292,6.360987606857));
#5073 = CARTESIAN_POINT('',(5.738423631864,6.217331749707));
#5074 = CARTESIAN_POINT('',(5.737830042753,6.071087259695));
#5075 = CARTESIAN_POINT('',(5.737339521164,5.922756656439));
#5076 = CARTESIAN_POINT('',(5.73695038065,5.77278846725));
#5077 = CARTESIAN_POINT('',(5.736661230722,5.621585338731));
#5078 = CARTESIAN_POINT('',(5.736471023838,5.46951023706));
#5079 = CARTESIAN_POINT('',(5.736379080505,5.316899285386));
#5080 = CARTESIAN_POINT('',(5.736385193594,5.164049984607));
#5081 = CARTESIAN_POINT('',(5.736489372321,5.011485526379));
#5082 = CARTESIAN_POINT('',(5.736691892892,4.859489779021));
#5083 = CARTESIAN_POINT('',(5.736993481095,4.708410238364));
#5084 = CARTESIAN_POINT('',(5.737395223896,4.558615130913));
#5085 = CARTESIAN_POINT('',(5.737898544437,4.410513989062));
#5086 = CARTESIAN_POINT('',(5.738505157791,4.264561623578));
#5087 = CARTESIAN_POINT('',(5.739217029148,4.121267383542));
#5088 = CARTESIAN_POINT('',(5.740036328112,3.981202541493));
#5089 = CARTESIAN_POINT('',(5.740965380438,3.845012886341));
#5090 = CARTESIAN_POINT('',(5.742006615934,3.713415679735));
#5091 = CARTESIAN_POINT('',(5.742777214675,3.629310289466));
#5092 = CARTESIAN_POINT('',(5.743182035357,3.588299064212));
#5093 = ( GEOMETRIC_REPRESENTATION_CONTEXT(2) 
PARAMETRIC_REPRESENTATION_CONTEXT() REPRESENTATION_CONTEXT('2D SPACE',''
  ) );
#5094 = PCURVE('',#5095,#5100);
#5095 = CYLINDRICAL_SURFACE('',#5096,2.35);
#5096 = AXIS2_PLACEMENT_3D('',#5097,#5098,#5099);
#5097 = CARTESIAN_POINT('',(78.202093961735,-45.15,5.25));
#5098 = DIRECTION('',(-0.866025403784,0.5,0.));
#5099 = DIRECTION('',(-0.5,-0.866025403784,0.));
#5100 = DEFINITIONAL_REPRESENTATION('',(#5101),#5171);
#5101 = B_SPLINE_CURVE_WITH_KNOTS('',3,(#5102,#5103,#5104,#5105,#5106,
    #5107,#5108,#5109,#5110,#5111,#5112,#5113,#5114,#5115,#5116,#5117,
    #5118,#5119,#5120,#5121,#5122,#5123,#5124,#5125,#5126,#5127,#5128,
    #5129,#5130,#5131,#5132,#5133,#5134,#5135,#5136,#5137,#5138,#5139,
    #5140,#5141,#5142,#5143,#5144,#5145,#5146,#5147,#5148,#5149,#5150,
    #5151,#5152,#5153,#5154,#5155,#5156,#5157,#5158,#5159,#5160,#5161,
    #5162,#5163,#5164,#5165,#5166,#5167,#5168,#5169,#5170),
  .UNSPECIFIED.,.F.,.F.,(4,1,1,1,1,1,1,1,1,1,1,1,1,1,1,1,1,1,1,1,1,1,1,1
    ,1,1,1,1,1,1,1,1,1,1,1,1,1,1,1,1,1,1,1,1,1,1,1,1,1,1,1,1,1,1,1,1,1,1
    ,1,1,1,1,1,1,1,1,4),(0.,8.427474428659E-02,0.168549488573,
    0.25282423286,0.337098977146,0.421373721433,0.50564846572,
    0.589923210006,0.674197954293,0.758472698579,0.842747442866,
    0.927022187153,1.011296931439,1.095571675726,1.179846420012,
    1.264121164299,1.348395908585,1.432670652872,1.516945397159,
    1.601220141445,1.685494885732,1.769769630018,1.854044374305,
    1.938319118592,2.022593862878,2.106868607165,2.191143351451,
    2.275418095738,2.359692840025,2.443967584311,2.528242328598,
    2.612517072884,2.696791817171,2.781066561458,2.865341305744,
    2.949616050031,3.033890794317,3.118165538604,3.20244028289,
    3.286715027177,3.370989771464,3.45526451575,3.539539260037,
    3.623814004323,3.70808874861,3.792363492897,3.876638237183,
    3.96091298147,4.045187725756,4.129462470043,4.21373721433,
    4.298011958616,4.382286702903,4.466561447189,4.550836191476,
    4.635110935763,4.719385680049,4.803660424336,4.887935168622,
    4.972209912909,5.056484657195,5.140759401482,5.225034145769,
    5.309308890055,5.393583634342,5.477858378628,5.562133122915),
  .QUASI_UNIFORM_KNOTS.);
#5102 = CARTESIAN_POINT('',(10.210176124167,-10.98637001097));
#5103 = CARTESIAN_POINT('',(10.186133183242,-10.98571415089));
#5104 = CARTESIAN_POINT('',(10.138569269632,-10.98441819779));
#5105 = CARTESIAN_POINT('',(10.068637082189,-10.98255037388));
#5106 = CARTESIAN_POINT('',(9.999962571792,-10.98078916522));
#5107 = CARTESIAN_POINT('',(9.932402977124,-10.97915911404));
#5108 = CARTESIAN_POINT('',(9.865821090624,-10.97768131536));
#5109 = CARTESIAN_POINT('',(9.800084856691,-10.97637320301));
#5110 = CARTESIAN_POINT('',(9.735065523074,-10.9752490559));
#5111 = CARTESIAN_POINT('',(9.670636361871,-10.97432028952));
#5112 = CARTESIAN_POINT('',(9.606671816373,-10.97359577347));
#5113 = CARTESIAN_POINT('',(9.543044934181,-10.97308210308));
#5114 = CARTESIAN_POINT('',(9.479631206914,-10.97278382709));
#5115 = CARTESIAN_POINT('',(9.416288004939,-10.97270365143));
#5116 = CARTESIAN_POINT('',(9.352927244264,-10.97284249099));
#5117 = CARTESIAN_POINT('',(9.28943929399,-10.97319908242));
#5118 = CARTESIAN_POINT('',(9.225693111972,-10.97377036925));
#5119 = CARTESIAN_POINT('',(9.161566188625,-10.9745513208));
#5120 = CARTESIAN_POINT('',(9.096935204377,-10.97553475507));
#5121 = CARTESIAN_POINT('',(9.031677153865,-10.97671109793));
#5122 = CARTESIAN_POINT('',(8.965667585392,-10.97806810675));
#5123 = CARTESIAN_POINT('',(8.898779517846,-10.97959056192));
#5124 = CARTESIAN_POINT('',(8.830882065192,-10.98125993351));
#5125 = CARTESIAN_POINT('',(8.761838972202,-10.98305403879));
#5126 = CARTESIAN_POINT('',(8.691506998868,-10.98494666948));
#5127 = CARTESIAN_POINT('',(8.619733812518,-10.98690730626));
#5128 = CARTESIAN_POINT('',(8.546356191374,-10.98890051987));
#5129 = CARTESIAN_POINT('',(8.471194747049,-10.99088659293));
#5130 = CARTESIAN_POINT('',(8.392680092677,-10.99285311822));
#5131 = CARTESIAN_POINT('',(8.311721463488,-10.99471379181));
#5132 = CARTESIAN_POINT('',(8.228717301753,-10.99639488818));
#5133 = CARTESIAN_POINT('',(8.144118187377,-10.99782442373));
#5134 = CARTESIAN_POINT('',(8.058295413674,-10.99894012045));
#5135 = CARTESIAN_POINT('',(7.971592807568,-10.9996917801));
#5136 = CARTESIAN_POINT('',(7.884330248227,-11.00004444759));
#5137 = CARTESIAN_POINT('',(7.796808795153,-10.99998034384));
#5138 = CARTESIAN_POINT('',(7.709351904841,-10.99950037492));
#5139 = CARTESIAN_POINT('',(7.622198392141,-10.99862311509));
#5140 = CARTESIAN_POINT('',(7.535953904368,-10.99738797321));
#5141 = CARTESIAN_POINT('',(7.451807007117,-10.99586734932));
#5142 = CARTESIAN_POINT('',(7.369452291162,-10.99411998662));
#5143 = CARTESIAN_POINT('',(7.288967443726,-10.99220976858));
#5144 = CARTESIAN_POINT('',(7.21036418425,-10.99019884886));
#5145 = CARTESIAN_POINT('',(7.133686710443,-10.9881465191));
#5146 = CARTESIAN_POINT('',(7.059071488216,-10.9861097159));
#5147 = CARTESIAN_POINT('',(6.986069695406,-10.98412286318));
#5148 = CARTESIAN_POINT('',(6.914530540861,-10.98222240299));
#5149 = CARTESIAN_POINT('',(6.844286466007,-10.9804389545));
#5150 = CARTESIAN_POINT('',(6.775186339014,-10.978798653));
#5151 = CARTESIAN_POINT('',(6.707083641297,-10.97732332231));
#5152 = CARTESIAN_POINT('',(6.639837167217,-10.9760309543));
#5153 = CARTESIAN_POINT('',(6.573308683134,-10.97493608942));
#5154 = CARTESIAN_POINT('',(6.507361544515,-10.97405019726));
#5155 = CARTESIAN_POINT('',(6.44185937529,-10.97338201574));
#5156 = CARTESIAN_POINT('',(6.376664109034,-10.97293786392));
#5157 = CARTESIAN_POINT('',(6.311636902678,-10.97272185817));
#5158 = CARTESIAN_POINT('',(6.246628422527,-10.9727362464));
#5159 = CARTESIAN_POINT('',(6.181586741124,-10.97298087002));
#5160 = CARTESIAN_POINT('',(6.116356188604,-10.97345327249));
#5161 = CARTESIAN_POINT('',(6.050801621306,-10.9741490708));
#5162 = CARTESIAN_POINT('',(5.984785547509,-10.9750616452));
#5163 = CARTESIAN_POINT('',(5.918172309656,-10.97618191666));
#5164 = CARTESIAN_POINT('',(5.850825191102,-10.97749803938));
#5165 = CARTESIAN_POINT('',(5.782605440077,-10.9789950476));
#5166 = CARTESIAN_POINT('',(5.713370834605,-10.98065452568));
#5167 = CARTESIAN_POINT('',(5.642973626894,-10.9824540391));
#5168 = CARTESIAN_POINT('',(5.57126007292,-10.98436736034));
#5169 = CARTESIAN_POINT('',(5.522461308541,-10.98569689954));
#5170 = CARTESIAN_POINT('',(5.497787143782,-10.98637001097));
#5171 = ( GEOMETRIC_REPRESENTATION_CONTEXT(2) 
PARAMETRIC_REPRESENTATION_CONTEXT() REPRESENTATION_CONTEXT('2D SPACE',''
  ) );
#5172 = ORIENTED_EDGE('',*,*,#5173,.T.);
#5173 = EDGE_CURVE('',#4979,#5174,#5176,.T.);
#5174 = VERTEX_POINT('',#5175);
#5175 = CARTESIAN_POINT('',(87.978991102057,-50.21341578367,2.43));
#5176 = SURFACE_CURVE('',#5177,(#5182,#5192),.PCURVE_S1.);
#5177 = ELLIPSE('',#5178,143.25983386839,101.3);
#5178 = AXIS2_PLACEMENT_3D('',#5179,#5180,#5181);
#5179 = CARTESIAN_POINT('',(0.,0.,1.926598128423));
#5180 = DIRECTION('',(0.353553390593,0.612372435696,-0.707106781187));
#5181 = DIRECTION('',(0.353553390593,0.612372435696,0.707106781187));
#5182 = PCURVE('',#272,#5183);
#5183 = DEFINITIONAL_REPRESENTATION('',(#5184),#5191);
#5184 = B_SPLINE_CURVE_WITH_KNOTS('',5,(#5185,#5186,#5187,#5188,#5189,
    #5190),.UNSPECIFIED.,.F.,.F.,(6,6),(1.553248231306,1.566970335574),
  .PIECEWISE_BEZIER_KNOTS.);
#5185 = CARTESIAN_POINT('',(5.77713462707,3.704128970633));
#5186 = CARTESIAN_POINT('',(5.774390206217,3.426161941646));
#5187 = CARTESIAN_POINT('',(5.771645785363,3.148178177549));
#5188 = CARTESIAN_POINT('',(5.76890136451,2.870182040019));
#5189 = CARTESIAN_POINT('',(5.766156943656,2.592177891256));
#5190 = CARTESIAN_POINT('',(5.763412522803,2.314170093579));
#5191 = ( GEOMETRIC_REPRESENTATION_CONTEXT(2) 
PARAMETRIC_REPRESENTATION_CONTEXT() REPRESENTATION_CONTEXT('2D SPACE',''
  ) );
#5192 = PCURVE('',#5193,#5198);
#5193 = PLANE('',#5194);
#5194 = AXIS2_PLACEMENT_3D('',#5195,#5196,#5197);
#5195 = CARTESIAN_POINT('',(79.032944429629,-43.71092477611,
    3.588299064212));
#5196 = DIRECTION('',(0.353553390593,0.612372435696,-0.707106781187));
#5197 = DIRECTION('',(-0.353553390593,-0.612372435696,-0.707106781187));
#5198 = DEFINITIONAL_REPRESENTATION('',(#5199),#5203);
#5199 = ELLIPSE('',#5200,143.25983386839,101.3);
#5200 = AXIS2_PLACEMENT_2D('',#5201,#5202);
#5201 = CARTESIAN_POINT('',(2.35,90.3));
#5202 = DIRECTION('',(-1.,-5.551115123126E-17));
#5203 = ( GEOMETRIC_REPRESENTATION_CONTEXT(2) 
PARAMETRIC_REPRESENTATION_CONTEXT() REPRESENTATION_CONTEXT('2D SPACE',''
  ) );
#5204 = ORIENTED_EDGE('',*,*,#5205,.F.);
#5205 = EDGE_CURVE('',#4945,#5174,#5206,.T.);
#5206 = SURFACE_CURVE('',#5207,(#5212,#5219),.PCURVE_S1.);
#5207 = CIRCLE('',#5208,101.3);
#5208 = AXIS2_PLACEMENT_3D('',#5209,#5210,#5211);
#5209 = CARTESIAN_POINT('',(0.,0.,2.43));
#5210 = DIRECTION('',(0.,0.,1.));
#5211 = DIRECTION('',(1.,0.,-0.));
#5212 = PCURVE('',#272,#5213);
#5213 = DEFINITIONAL_REPRESENTATION('',(#5214),#5218);
#5214 = LINE('',#5215,#5216);
#5215 = CARTESIAN_POINT('',(0.,2.43));
#5216 = VECTOR('',#5217,1.);
#5217 = DIRECTION('',(1.,0.));
#5218 = ( GEOMETRIC_REPRESENTATION_CONTEXT(2) 
PARAMETRIC_REPRESENTATION_CONTEXT() REPRESENTATION_CONTEXT('2D SPACE',''
  ) );
#5219 = PCURVE('',#5220,#5225);
#5220 = PLANE('',#5221);
#5221 = AXIS2_PLACEMENT_3D('',#5222,#5223,#5224);
#5222 = CARTESIAN_POINT('',(78.453794897523,-44.7140411909,2.43));
#5223 = DIRECTION('',(0.,0.,-1.));
#5224 = DIRECTION('',(-0.5,-0.866025403784,0.));
#5225 = DEFINITIONAL_REPRESENTATION('',(#5226),#5234);
#5226 = ( BOUNDED_CURVE() B_SPLINE_CURVE(2,(#5227,#5228,#5229,#5230,
#5231,#5232,#5233),.UNSPECIFIED.,.T.,.F.) B_SPLINE_CURVE_WITH_KNOTS((1,2
    ,2,2,2,1),(-2.094395102393,0.,2.094395102393,4.188790204786,
6.28318530718,8.377580409573),.UNSPECIFIED.) CURVE() 
GEOMETRIC_REPRESENTATION_ITEM() RATIONAL_B_SPLINE_CURVE((1.,0.5,1.,0.5,
1.,0.5,1.)) REPRESENTATION_ITEM('') );
#5227 = CARTESIAN_POINT('',(-50.14659812842,2.571626596636));
#5228 = CARTESIAN_POINT('',(-202.0965981284,90.3));
#5229 = CARTESIAN_POINT('',(-50.14659812842,178.02837340336));
#5230 = CARTESIAN_POINT('',(101.80340187157,265.75674680672));
#5231 = CARTESIAN_POINT('',(101.80340187157,90.3));
#5232 = CARTESIAN_POINT('',(101.80340187157,-85.15674680672));
#5233 = CARTESIAN_POINT('',(-50.14659812842,2.571626596636));
#5234 = ( GEOMETRIC_REPRESENTATION_CONTEXT(2) 
PARAMETRIC_REPRESENTATION_CONTEXT() REPRESENTATION_CONTEXT('2D SPACE',''
  ) );
#5235 = ADVANCED_FACE('',(#5236),#5220,.F.);
#5236 = FACE_BOUND('',#5237,.F.);
#5237 = EDGE_LOOP('',(#5238,#5269,#5290,#5291));
#5238 = ORIENTED_EDGE('',*,*,#5239,.F.);
#5239 = EDGE_CURVE('',#5240,#5242,#5244,.T.);
#5240 = VERTEX_POINT('',#5241);
#5241 = CARTESIAN_POINT('',(81.916732864496,-46.71336935832,2.43));
#5242 = VERTEX_POINT('',#5243);
#5243 = CARTESIAN_POINT('',(81.413330992919,-47.58528697651,2.43));
#5244 = SURFACE_CURVE('',#5245,(#5250,#5257),.PCURVE_S1.);
#5245 = CIRCLE('',#5246,94.3);
#5246 = AXIS2_PLACEMENT_3D('',#5247,#5248,#5249);
#5247 = CARTESIAN_POINT('',(0.,0.,2.43));
#5248 = DIRECTION('',(0.,0.,-1.));
#5249 = DIRECTION('',(1.,0.,0.));
#5250 = PCURVE('',#5220,#5251);
#5251 = DEFINITIONAL_REPRESENTATION('',(#5252),#5256);
#5252 = CIRCLE('',#5253,94.3);
#5253 = AXIS2_PLACEMENT_2D('',#5254,#5255);
#5254 = CARTESIAN_POINT('',(0.503401871577,90.3));
#5255 = DIRECTION('',(-0.5,-0.866025403784));
#5256 = ( GEOMETRIC_REPRESENTATION_CONTEXT(2) 
PARAMETRIC_REPRESENTATION_CONTEXT() REPRESENTATION_CONTEXT('2D SPACE',''
  ) );
#5257 = PCURVE('',#5258,#5263);
#5258 = CYLINDRICAL_SURFACE('',#5259,94.3);
#5259 = AXIS2_PLACEMENT_3D('',#5260,#5261,#5262);
#5260 = CARTESIAN_POINT('',(0.,0.,7.5));
#5261 = DIRECTION('',(-0.,-0.,-1.));
#5262 = DIRECTION('',(1.,0.,0.));
#5263 = DEFINITIONAL_REPRESENTATION('',(#5264),#5268);
#5264 = LINE('',#5265,#5266);
#5265 = CARTESIAN_POINT('',(-6.28318530718,5.07));
#5266 = VECTOR('',#5267,1.);
#5267 = DIRECTION('',(1.,-0.));
#5268 = ( GEOMETRIC_REPRESENTATION_CONTEXT(2) 
PARAMETRIC_REPRESENTATION_CONTEXT() REPRESENTATION_CONTEXT('2D SPACE',''
  ) );
#5269 = ORIENTED_EDGE('',*,*,#5270,.T.);
#5270 = EDGE_CURVE('',#5240,#5174,#5271,.T.);
#5271 = SURFACE_CURVE('',#5272,(#5276,#5283),.PCURVE_S1.);
#5272 = LINE('',#5273,#5274);
#5273 = CARTESIAN_POINT('',(78.453794897523,-44.7140411909,2.43));
#5274 = VECTOR('',#5275,1.);
#5275 = DIRECTION('',(0.866025403784,-0.5,0.));
#5276 = PCURVE('',#5220,#5277);
#5277 = DEFINITIONAL_REPRESENTATION('',(#5278),#5282);
#5278 = LINE('',#5279,#5280);
#5279 = CARTESIAN_POINT('',(0.,0.));
#5280 = VECTOR('',#5281,1.);
#5281 = DIRECTION('',(0.,-1.));
#5282 = ( GEOMETRIC_REPRESENTATION_CONTEXT(2) 
PARAMETRIC_REPRESENTATION_CONTEXT() REPRESENTATION_CONTEXT('2D SPACE',''
  ) );
#5283 = PCURVE('',#5193,#5284);
#5284 = DEFINITIONAL_REPRESENTATION('',(#5285),#5289);
#5285 = LINE('',#5286,#5287);
#5286 = CARTESIAN_POINT('',(1.638082245892,-5.329070518201E-15));
#5287 = VECTOR('',#5288,1.);
#5288 = DIRECTION('',(0.,-1.));
#5289 = ( GEOMETRIC_REPRESENTATION_CONTEXT(2) 
PARAMETRIC_REPRESENTATION_CONTEXT() REPRESENTATION_CONTEXT('2D SPACE',''
  ) );
#5290 = ORIENTED_EDGE('',*,*,#5205,.F.);
#5291 = ORIENTED_EDGE('',*,*,#5292,.F.);
#5292 = EDGE_CURVE('',#5242,#4945,#5293,.T.);
#5293 = SURFACE_CURVE('',#5294,(#5298,#5305),.PCURVE_S1.);
#5294 = LINE('',#5295,#5296);
#5295 = CARTESIAN_POINT('',(77.950393025946,-45.58595880909,2.43));
#5296 = VECTOR('',#5297,1.);
#5297 = DIRECTION('',(0.866025403784,-0.5,0.));
#5298 = PCURVE('',#5220,#5299);
#5299 = DEFINITIONAL_REPRESENTATION('',(#5300),#5304);
#5300 = LINE('',#5301,#5302);
#5301 = CARTESIAN_POINT('',(1.006803743154,8.548717289614E-15));
#5302 = VECTOR('',#5303,1.);
#5303 = DIRECTION('',(0.,-1.));
#5304 = ( GEOMETRIC_REPRESENTATION_CONTEXT(2) 
PARAMETRIC_REPRESENTATION_CONTEXT() REPRESENTATION_CONTEXT('2D SPACE',''
  ) );
#5305 = PCURVE('',#4966,#5306);
#5306 = DEFINITIONAL_REPRESENTATION('',(#5307),#5311);
#5307 = LINE('',#5308,#5309);
#5308 = CARTESIAN_POINT('',(0.,0.));
#5309 = VECTOR('',#5310,1.);
#5310 = DIRECTION('',(0.,-1.));
#5311 = ( GEOMETRIC_REPRESENTATION_CONTEXT(2) 
PARAMETRIC_REPRESENTATION_CONTEXT() REPRESENTATION_CONTEXT('2D SPACE',''
  ) );
#5312 = ADVANCED_FACE('',(#5313),#5258,.F.);
#5313 = FACE_BOUND('',#5314,.T.);
#5314 = EDGE_LOOP('',(#5315,#5344,#5478,#5507,#5641,#5668,#5692,#5719,
    #5853,#5877,#6011,#6038,#6062,#6089,#6223,#6247,#6381,#6408,#6432,
    #6459,#6593,#6617,#6751,#6776,#6777,#6804,#6938,#6962,#6985,#7007,
    #7008,#7032,#7166,#7193,#7217,#7244,#7378,#7402,#7536,#7563));
#5315 = ORIENTED_EDGE('',*,*,#5316,.F.);
#5316 = EDGE_CURVE('',#5317,#5319,#5321,.T.);
#5317 = VERTEX_POINT('',#5318);
#5318 = CARTESIAN_POINT('',(-1.661700935788,94.285358089154,
    3.588299064212));
#5319 = VERTEX_POINT('',#5320);
#5320 = CARTESIAN_POINT('',(-0.503401871577,94.298656334837,2.43));
#5321 = SURFACE_CURVE('',#5322,(#5327,#5337),.PCURVE_S1.);
#5322 = ELLIPSE('',#5323,133.36033893178,94.3);
#5323 = AXIS2_PLACEMENT_3D('',#5324,#5325,#5326);
#5324 = CARTESIAN_POINT('',(0.,0.,1.926598128423));
#5325 = DIRECTION('',(-0.707106781187,7.850462293419E-17,-0.707106781187
    ));
#5326 = DIRECTION('',(0.707106781187,-7.850462293419E-17,-0.707106781187
    ));
#5327 = PCURVE('',#5258,#5328);
#5328 = DEFINITIONAL_REPRESENTATION('',(#5329),#5336);
#5329 = B_SPLINE_CURVE_WITH_KNOTS('',5,(#5330,#5331,#5332,#5333,#5334,
    #5335),.UNSPECIFIED.,.F.,.F.,(6,6),(4.693538120127,4.708278979788),
  .PIECEWISE_BEZIER_KNOTS.);
#5330 = CARTESIAN_POINT('',(-1.589647187053,3.795871029367));
#5331 = CARTESIAN_POINT('',(-1.58669901512,4.073834247451));
#5332 = CARTESIAN_POINT('',(-1.583750843188,4.351816777781));
#5333 = CARTESIAN_POINT('',(-1.580802671256,4.629813587069));
#5334 = CARTESIAN_POINT('',(-1.577854499324,4.907819641329));
#5335 = CARTESIAN_POINT('',(-1.574906327392,5.185829906421));
#5336 = ( GEOMETRIC_REPRESENTATION_CONTEXT(2) 
PARAMETRIC_REPRESENTATION_CONTEXT() REPRESENTATION_CONTEXT('2D SPACE',''
  ) );
#5337 = PCURVE('',#4005,#5338);
#5338 = DEFINITIONAL_REPRESENTATION('',(#5339),#5343);
#5339 = ELLIPSE('',#5340,133.36033893178,94.3);
#5340 = AXIS2_PLACEMENT_2D('',#5341,#5342);
#5341 = CARTESIAN_POINT('',(2.35,90.3));
#5342 = DIRECTION('',(1.,0.));
#5343 = ( GEOMETRIC_REPRESENTATION_CONTEXT(2) 
PARAMETRIC_REPRESENTATION_CONTEXT() REPRESENTATION_CONTEXT('2D SPACE',''
  ) );
#5344 = ORIENTED_EDGE('',*,*,#5345,.T.);
#5345 = EDGE_CURVE('',#5317,#5346,#5348,.T.);
#5346 = VERTEX_POINT('',#5347);
#5347 = CARTESIAN_POINT('',(-0.678232998313,94.297560944067,7.5));
#5348 = SURFACE_CURVE('',#5349,(#5376,#5427),.PCURVE_S1.);
#5349 = B_SPLINE_CURVE_WITH_KNOTS('',7,(#5350,#5351,#5352,#5353,#5354,
    #5355,#5356,#5357,#5358,#5359,#5360,#5361,#5362,#5363,#5364,#5365,
    #5366,#5367,#5368,#5369,#5370,#5371,#5372,#5373,#5374,#5375),
  .UNSPECIFIED.,.F.,.F.,(8,6,6,6,8),(0.,1.,1.831192243813,2.10828749385,
    2.533916097587),.UNSPECIFIED.);
#5350 = CARTESIAN_POINT('',(-1.661700935788,94.285358089154,
    3.588299064212));
#5351 = CARTESIAN_POINT('',(-1.864883525267,94.281777165181,
    3.79148165369));
#5352 = CARTESIAN_POINT('',(-2.030298324372,94.278350851814,
    4.014865414281));
#5353 = CARTESIAN_POINT('',(-2.159751449391,94.275389393503,
    4.251237105623));
#5354 = CARTESIAN_POINT('',(-2.255254299143,94.27307583663,
    4.495901874304));
#5355 = CARTESIAN_POINT('',(-2.318372126368,94.271502305975,
    4.74549694843));
#5356 = CARTESIAN_POINT('',(-2.35,94.27071390416,4.997597043617));
#5357 = CARTESIAN_POINT('',(-2.35,94.27071390416,5.459795379661));
#5358 = CARTESIAN_POINT('',(-2.32814928259,94.271258601641,
    5.669466168299));
#5359 = CARTESIAN_POINT('',(-2.284492713663,94.272346890714,
    5.877683125206));
#5360 = CARTESIAN_POINT('',(-2.218634213628,94.273956675141,
    6.083012701695));
#5361 = CARTESIAN_POINT('',(-2.12982639554,94.276043184678,
    6.283704347501));
#5362 = CARTESIAN_POINT('',(-2.017069757599,94.278525810271,
    6.477440763425));
#5363 = CARTESIAN_POINT('',(-1.833316842978,94.282188460328,
    6.722176667675));
#5364 = CARTESIAN_POINT('',(-1.784585163079,94.283133673535,
    6.782240302899));
#5365 = CARTESIAN_POINT('',(-1.733027881627,94.284103372216,
    6.841049453051));
#5366 = CARTESIAN_POINT('',(-1.678612322759,94.285091849592,
    6.898462234489));
#5367 = CARTESIAN_POINT('',(-1.621309489394,94.28609266954,
    6.954323676975));
#5368 = CARTESIAN_POINT('',(-1.56109439176,94.287098656064,
    7.008465538566));
#5369 = CARTESIAN_POINT('',(-1.40094867634,94.289642876271,
    7.140949596201));
#5370 = CARTESIAN_POINT('',(-1.296838423092,94.291180374899,
    7.216866249701));
#5371 = CARTESIAN_POINT('',(-1.185762300326,94.292681498744,
    7.287539897457));
#5372 = CARTESIAN_POINT('',(-1.067967055056,94.294109040983,
    7.352069183227));
#5373 = CARTESIAN_POINT('',(-0.943799401962,94.295423741113,
    7.409567591612));
#5374 = CARTESIAN_POINT('',(-0.813705928218,94.296586558191,
    7.459163461584));
#5375 = CARTESIAN_POINT('',(-0.678232998312,94.297560944067,7.5));
#5376 = PCURVE('',#5258,#5377);
#5377 = DEFINITIONAL_REPRESENTATION('',(#5378),#5426);
#5378 = B_SPLINE_CURVE_WITH_KNOTS('',3,(#5379,#5380,#5381,#5382,#5383,
    #5384,#5385,#5386,#5387,#5388,#5389,#5390,#5391,#5392,#5393,#5394,
    #5395,#5396,#5397,#5398,#5399,#5400,#5401,#5402,#5403,#5404,#5405,
    #5406,#5407,#5408,#5409,#5410,#5411,#5412,#5413,#5414,#5415,#5416,
    #5417,#5418,#5419,#5420,#5421,#5422,#5423,#5424,#5425),
  .UNSPECIFIED.,.F.,.F.,(4,1,1,1,1,1,1,1,1,1,1,1,1,1,1,1,1,1,1,1,1,1,1,1
    ,1,1,1,1,1,1,1,1,1,1,1,1,1,1,1,1,1,1,1,1,4),(0.,5.75890022179E-02,
    0.115178004436,0.172767006654,0.230356008872,0.287945011089,
    0.345534013307,0.403123015525,0.460712017743,0.518301019961,
    0.575890022179,0.633479024397,0.691068026615,0.748657028833,
    0.806246031051,0.863835033268,0.921424035486,0.979013037704,
    1.036602039922,1.09419104214,1.151780044358,1.209369046576,
    1.266958048794,1.324547051012,1.38213605323,1.439725055447,
    1.497314057665,1.554903059883,1.612492062101,1.670081064319,
    1.727670066537,1.785259068755,1.842848070973,1.900437073191,
    1.958026075408,2.015615077626,2.073204079844,2.130793082062,
    2.18838208428,2.245971086498,2.303560088716,2.361149090934,
    2.418738093152,2.47632709537,2.533916097587),.QUASI_UNIFORM_KNOTS.);
#5379 = CARTESIAN_POINT('',(-1.588418669795,3.911700935788));
#5380 = CARTESIAN_POINT('',(-1.588708243765,3.884396650402));
#5381 = CARTESIAN_POINT('',(-1.58926879469,3.828856849538));
#5382 = CARTESIAN_POINT('',(-1.590054613594,3.743008158637));
#5383 = CARTESIAN_POINT('',(-1.590786207882,3.654883069281));
#5384 = CARTESIAN_POINT('',(-1.591464362822,3.564716555921));
#5385 = CARTESIAN_POINT('',(-1.5920898535,3.472727510005));
#5386 = CARTESIAN_POINT('',(-1.592663437265,3.379117526156));
#5387 = CARTESIAN_POINT('',(-1.593185845577,3.28407297601));
#5388 = CARTESIAN_POINT('',(-1.593657776678,3.187766088031));
#5389 = CARTESIAN_POINT('',(-1.594079888627,3.09035619547));
#5390 = CARTESIAN_POINT('',(-1.594452792747,2.991990856051));
#5391 = CARTESIAN_POINT('',(-1.594777047386,2.892806937555));
#5392 = CARTESIAN_POINT('',(-1.595053151935,2.792931659585));
#5393 = CARTESIAN_POINT('',(-1.595281541063,2.692483606866));
#5394 = CARTESIAN_POINT('',(-1.59546257899,2.591573732963));
#5395 = CARTESIAN_POINT('',(-1.595596554216,2.490306334134));
#5396 = CARTESIAN_POINT('',(-1.59568367278,2.388780126205));
#5397 = CARTESIAN_POINT('',(-1.595724056991,2.287088983792));
#5398 = CARTESIAN_POINT('',(-1.595717723394,2.185324042281));
#5399 = CARTESIAN_POINT('',(-1.595664662648,2.083653761763));
#5400 = CARTESIAN_POINT('',(-1.595564814678,1.982160731001));
#5401 = CARTESIAN_POINT('',(-1.595418026509,1.88094755228));
#5402 = CARTESIAN_POINT('',(-1.595224067488,1.78011674289));
#5403 = CARTESIAN_POINT('',(-1.594982630352,1.679777295821));
#5404 = CARTESIAN_POINT('',(-1.594693336226,1.580044134114));
#5405 = CARTESIAN_POINT('',(-1.594355738722,1.481039508912));
#5406 = CARTESIAN_POINT('',(-1.593969328463,1.382893921303));
#5407 = CARTESIAN_POINT('',(-1.593533537648,1.285747212255));
#5408 = CARTESIAN_POINT('',(-1.593047744999,1.189749678128));
#5409 = CARTESIAN_POINT('',(-1.592511280141,1.09506315222));
#5410 = CARTESIAN_POINT('',(-1.59192343101,1.00186244778));
#5411 = CARTESIAN_POINT('',(-1.591283440933,0.910335655038));
#5412 = CARTESIAN_POINT('',(-1.590590545281,0.820688941351));
#5413 = CARTESIAN_POINT('',(-1.589843850231,0.733133378099));
#5414 = CARTESIAN_POINT('',(-1.589042654355,0.647924425575));
#5415 = CARTESIAN_POINT('',(-1.588186357732,0.565341212478));
#5416 = CARTESIAN_POINT('',(-1.587274352087,0.485678917502));
#5417 = CARTESIAN_POINT('',(-1.586306340015,0.409268555479));
#5418 = CARTESIAN_POINT('',(-1.585280542806,0.336358349229));
#5419 = CARTESIAN_POINT('',(-1.584198181892,0.267437617986));
#5420 = CARTESIAN_POINT('',(-1.58306059412,0.202970619752));
#5421 = CARTESIAN_POINT('',(-1.581869461456,0.143423058554));
#5422 = CARTESIAN_POINT('',(-1.580626758587,8.925484795902E-02));
#5423 = CARTESIAN_POINT('',(-1.579334731747,4.092254050536E-02));
#5424 = CARTESIAN_POINT('',(-1.578442267116,1.289207161607E-02));
#5425 = CARTESIAN_POINT('',(-1.577988679349,1.740829702612E-13));
#5426 = ( GEOMETRIC_REPRESENTATION_CONTEXT(2) 
PARAMETRIC_REPRESENTATION_CONTEXT() REPRESENTATION_CONTEXT('2D SPACE',''
  ) );
#5427 = PCURVE('',#3907,#5428);
#5428 = DEFINITIONAL_REPRESENTATION('',(#5429),#5477);
#5429 = B_SPLINE_CURVE_WITH_KNOTS('',3,(#5430,#5431,#5432,#5433,#5434,
    #5435,#5436,#5437,#5438,#5439,#5440,#5441,#5442,#5443,#5444,#5445,
    #5446,#5447,#5448,#5449,#5450,#5451,#5452,#5453,#5454,#5455,#5456,
    #5457,#5458,#5459,#5460,#5461,#5462,#5463,#5464,#5465,#5466,#5467,
    #5468,#5469,#5470,#5471,#5472,#5473,#5474,#5475,#5476),
  .UNSPECIFIED.,.F.,.F.,(4,1,1,1,1,1,1,1,1,1,1,1,1,1,1,1,1,1,1,1,1,1,1,1
    ,1,1,1,1,1,1,1,1,1,1,1,1,1,1,1,1,1,1,1,1,4),(0.,5.75890022179E-02,
    0.115178004436,0.172767006654,0.230356008872,0.287945011089,
    0.345534013307,0.403123015525,0.460712017743,0.518301019961,
    0.575890022179,0.633479024397,0.691068026615,0.748657028833,
    0.806246031051,0.863835033268,0.921424035486,0.979013037704,
    1.036602039922,1.09419104214,1.151780044358,1.209369046576,
    1.266958048794,1.324547051012,1.38213605323,1.439725055447,
    1.497314057665,1.554903059883,1.612492062101,1.670081064319,
    1.727670066537,1.785259068755,1.842848070973,1.900437073191,
    1.958026075408,2.015615077626,2.073204079844,2.130793082062,
    2.18838208428,2.245971086498,2.303560088716,2.361149090934,
    2.418738093152,2.47632709537,2.533916097587),.QUASI_UNIFORM_KNOTS.);
#5430 = CARTESIAN_POINT('',(10.210176124167,-3.985358089154));
#5431 = CARTESIAN_POINT('',(10.193745869739,-3.9848768128));
#5432 = CARTESIAN_POINT('',(10.161129954158,-3.983921789996));
#5433 = CARTESIAN_POINT('',(10.112889707485,-3.982522494497));
#5434 = CARTESIAN_POINT('',(10.06528202151,-3.981167506391));
#5435 = CARTESIAN_POINT('',(10.018259025281,-3.979866425437));
#5436 = CARTESIAN_POINT('',(9.97177446935,-3.978627964299));
#5437 = CARTESIAN_POINT('',(9.92578373845,-3.977459868472));
#5438 = CARTESIAN_POINT('',(9.880243488457,-3.976369012983));
#5439 = CARTESIAN_POINT('',(9.835111421599,-3.975361450523));
#5440 = CARTESIAN_POINT('',(9.790346052958,-3.974442470772));
#5441 = CARTESIAN_POINT('',(9.745906500607,-3.973616654277));
#5442 = CARTESIAN_POINT('',(9.701752285415,-3.972887924721));
#5443 = CARTESIAN_POINT('',(9.657843140691,-3.97225959795));
#5444 = CARTESIAN_POINT('',(9.614138827952,-3.971734427494));
#5445 = CARTESIAN_POINT('',(9.57059896105,-3.971314646321));
#5446 = CARTESIAN_POINT('',(9.527182823794,-3.971002003211));
#5447 = CARTESIAN_POINT('',(9.483849229598,-3.970797797506));
#5448 = CARTESIAN_POINT('',(9.440556234588,-3.970702895871));
#5449 = CARTESIAN_POINT('',(9.397261398393,-3.970717789865));
#5450 = CARTESIAN_POINT('',(9.35395527537,-3.970842419539));
#5451 = CARTESIAN_POINT('',(9.310591601267,-3.971076224422));
#5452 = CARTESIAN_POINT('',(9.267131751368,-3.971418239295));
#5453 = CARTESIAN_POINT('',(9.223535596613,-3.971867048034));
#5454 = CARTESIAN_POINT('',(9.179763708153,-3.972420765649));
#5455 = CARTESIAN_POINT('',(9.135776537165,-3.973077006207));
#5456 = CARTESIAN_POINT('',(9.091534415031,-3.973832848437));
#5457 = CARTESIAN_POINT('',(9.046997337907,-3.974684796268));
#5458 = CARTESIAN_POINT('',(9.002124801512,-3.975628735627));
#5459 = CARTESIAN_POINT('',(8.956875621213,-3.976659887136));
#5460 = CARTESIAN_POINT('',(8.911207689484,-3.977772756905));
#5461 = CARTESIAN_POINT('',(8.865077881122,-3.9789610792));
#5462 = CARTESIAN_POINT('',(8.818441262417,-3.980217775775));
#5463 = CARTESIAN_POINT('',(8.771252715254,-3.981534841114));
#5464 = CARTESIAN_POINT('',(8.723458569092,-3.982903514965));
#5465 = CARTESIAN_POINT('',(8.67501666561,-3.984313640034));
#5466 = CARTESIAN_POINT('',(8.625886191364,-3.985753853609));
#5467 = CARTESIAN_POINT('',(8.576021192593,-3.987211740989));
#5468 = CARTESIAN_POINT('',(8.525384672128,-3.988673405785));
#5469 = CARTESIAN_POINT('',(8.473859663293,-3.990125907207));
#5470 = CARTESIAN_POINT('',(8.421473887352,-3.991550889131));
#5471 = CARTESIAN_POINT('',(8.368238432987,-3.992929468942));
#5472 = CARTESIAN_POINT('',(8.314162400244,-3.99424207588));
#5473 = CARTESIAN_POINT('',(8.259248951713,-3.99546883584));
#5474 = CARTESIAN_POINT('',(8.203497007735,-3.996589752432));
#5475 = CARTESIAN_POINT('',(8.165764543996,-3.997253355194));
#5476 = CARTESIAN_POINT('',(8.146756152563,-3.997560944067));
#5477 = ( GEOMETRIC_REPRESENTATION_CONTEXT(2) 
PARAMETRIC_REPRESENTATION_CONTEXT() REPRESENTATION_CONTEXT('2D SPACE',''
  ) );
#5478 = ORIENTED_EDGE('',*,*,#5479,.T.);
#5479 = EDGE_CURVE('',#5346,#5480,#5482,.T.);
#5480 = VERTEX_POINT('',#5481);
#5481 = CARTESIAN_POINT('',(-81.32496679331,47.736147478256,7.5));
#5482 = SURFACE_CURVE('',#5483,(#5488,#5495),.PCURVE_S1.);
#5483 = CIRCLE('',#5484,94.3);
#5484 = AXIS2_PLACEMENT_3D('',#5485,#5486,#5487);
#5485 = CARTESIAN_POINT('',(0.,0.,7.5));
#5486 = DIRECTION('',(0.,0.,1.));
#5487 = DIRECTION('',(1.,0.,-0.));
#5488 = PCURVE('',#5258,#5489);
#5489 = DEFINITIONAL_REPRESENTATION('',(#5490),#5494);
#5490 = LINE('',#5491,#5492);
#5491 = CARTESIAN_POINT('',(-0.,0.));
#5492 = VECTOR('',#5493,1.);
#5493 = DIRECTION('',(-1.,0.));
#5494 = ( GEOMETRIC_REPRESENTATION_CONTEXT(2) 
PARAMETRIC_REPRESENTATION_CONTEXT() REPRESENTATION_CONTEXT('2D SPACE',''
  ) );
#5495 = PCURVE('',#5496,#5501);
#5496 = TOROIDAL_SURFACE('',#5497,91.3,3.);
#5497 = AXIS2_PLACEMENT_3D('',#5498,#5499,#5500);
#5498 = CARTESIAN_POINT('',(0.,0.,7.5));
#5499 = DIRECTION('',(-0.,-0.,-1.));
#5500 = DIRECTION('',(1.,0.,-0.));
#5501 = DEFINITIONAL_REPRESENTATION('',(#5502),#5506);
#5502 = LINE('',#5503,#5504);
#5503 = CARTESIAN_POINT('',(-0.,6.28318530718));
#5504 = VECTOR('',#5505,1.);
#5505 = DIRECTION('',(-1.,0.));
#5506 = ( GEOMETRIC_REPRESENTATION_CONTEXT(2) 
PARAMETRIC_REPRESENTATION_CONTEXT() REPRESENTATION_CONTEXT('2D SPACE',''
  ) );
#5507 = ORIENTED_EDGE('',*,*,#5508,.T.);
#5508 = EDGE_CURVE('',#5480,#5509,#5511,.T.);
#5509 = VERTEX_POINT('',#5510);
#5510 = CARTESIAN_POINT('',(-80.82266484222,48.581754268462,
    3.588299064212));
#5511 = SURFACE_CURVE('',#5512,(#5539,#5590),.PCURVE_S1.);
#5512 = B_SPLINE_CURVE_WITH_KNOTS('',7,(#5513,#5514,#5515,#5516,#5517,
    #5518,#5519,#5520,#5521,#5522,#5523,#5524,#5525,#5526,#5527,#5528,
    #5529,#5530,#5531,#5532,#5533,#5534,#5535,#5536,#5537,#5538),
  .UNSPECIFIED.,.F.,.F.,(8,6,6,6,8),(0.,0.277445545656,0.458099254086,
    0.999999417452,1.651920361631),.UNSPECIFIED.);
#5513 = CARTESIAN_POINT('',(-81.32496679331,47.736147478256,7.5));
#5514 = CARTESIAN_POINT('',(-81.25641001685,47.852943195209,
    7.459177473497));
#5515 = CARTESIAN_POINT('',(-81.19036018828,47.965019645621,
    7.409590900378));
#5516 = CARTESIAN_POINT('',(-81.12712978668,48.07190841137,
    7.352091651023));
#5517 = CARTESIAN_POINT('',(-81.0669830891,48.173229919775,
    7.287551468872));
#5518 = CARTESIAN_POINT('',(-81.01013394947,48.268692619822,
    7.216862363981));
#5519 = CARTESIAN_POINT('',(-80.95674357741,48.358092158381,
    7.14093650656));
#5520 = CARTESIAN_POINT('',(-80.8744754894,48.495496729001,
    7.008465538566));
#5521 = CARTESIAN_POINT('',(-80.84349673069,48.547141539982,
    6.954323676975));
#5522 = CARTESIAN_POINT('',(-80.81397857851,48.596266839411,
    6.898462234489));
#5523 = CARTESIAN_POINT('',(-80.78591475256,48.642897857064,
    6.841049453051));
#5524 = CARTESIAN_POINT('',(-80.75929632814,48.68706292321,
    6.782240302899));
#5525 = CARTESIAN_POINT('',(-80.73411190954,48.728793189368,
    6.722176667675));
#5526 = CARTESIAN_POINT('',(-80.63906350424,48.886096556421,
    6.477440763425));
#5527 = CARTESIAN_POINT('',(-80.58053516844,48.982505356527,
    6.283704347501));
#5528 = CARTESIAN_POINT('',(-80.53432428913,49.058371928277,
    6.083012701696));
#5529 = CARTESIAN_POINT('',(-80.5000009249,49.114602170149,
    5.877683125205));
#5530 = CARTESIAN_POINT('',(-80.47723015445,49.151865723346,
    5.669466168299));
#5531 = CARTESIAN_POINT('',(-80.46583307389,49.170516650973,
    5.459795379661));
#5532 = CARTESIAN_POINT('',(-80.46583307389,49.170516650973,
    4.997610332605));
#5533 = CARTESIAN_POINT('',(-80.48232738052,49.14352426304,
    4.745516163426));
#5534 = CARTESIAN_POINT('',(-80.51525082931,49.089646350892,
    4.495899635298));
#5535 = CARTESIAN_POINT('',(-80.56500358576,49.008099079746,
    4.251244289773));
#5536 = CARTESIAN_POINT('',(-80.63230071817,48.897460376437,
    4.014855922899));
#5537 = CARTESIAN_POINT('',(-80.7179740576,48.755922293577,
    3.791478390799));
#5538 = CARTESIAN_POINT('',(-80.82266484222,48.581754268462,
    3.588299064212));
#5539 = PCURVE('',#5258,#5540);
#5540 = DEFINITIONAL_REPRESENTATION('',(#5541),#5589);
#5541 = B_SPLINE_CURVE_WITH_KNOTS('',3,(#5542,#5543,#5544,#5545,#5546,
    #5547,#5548,#5549,#5550,#5551,#5552,#5553,#5554,#5555,#5556,#5557,
    #5558,#5559,#5560,#5561,#5562,#5563,#5564,#5565,#5566,#5567,#5568,
    #5569,#5570,#5571,#5572,#5573,#5574,#5575,#5576,#5577,#5578,#5579,
    #5580,#5581,#5582,#5583,#5584,#5585,#5586,#5587,#5588),
  .UNSPECIFIED.,.F.,.F.,(4,1,1,1,1,1,1,1,1,1,1,1,1,1,1,1,1,1,1,1,1,1,1,1
    ,1,1,1,1,1,1,1,1,1,1,1,1,1,1,1,1,1,1,1,1,4),(0.,3.754364458253E-02,
    7.508728916506E-02,0.112630933748,0.15017457833,0.187718222913,
    0.225261867495,0.262805512078,0.30034915666,0.337892801243,
    0.375436445825,0.412980090408,0.45052373499,0.488067379573,
    0.525611024155,0.563154668738,0.600698313321,0.638241957903,
    0.675785602486,0.713329247068,0.750872891651,0.788416536233,
    0.825960180816,0.863503825398,0.901047469981,0.938591114563,
    0.976134759146,1.013678403728,1.051222048311,1.088765692893,
    1.126309337476,1.163852982058,1.201396626641,1.238940271224,
    1.276483915806,1.314027560389,1.351571204971,1.389114849554,
    1.426658494136,1.464202138719,1.501745783301,1.539289427884,
    1.576833072466,1.614376717049,1.651920361631),
  .QUASI_UNIFORM_KNOTS.);
#5542 = CARTESIAN_POINT('',(-2.610801525438,1.06581410364E-14));
#5543 = CARTESIAN_POINT('',(-2.610348040809,1.288900129349E-02));
#5544 = CARTESIAN_POINT('',(-2.609455681224,4.091554208518E-02));
#5545 = CARTESIAN_POINT('',(-2.608163588247,8.924879673833E-02));
#5546 = CARTESIAN_POINT('',(-2.606920677305,0.143425599079));
#5547 = CARTESIAN_POINT('',(-2.605729270167,0.202988089532));
#5548 = CARTESIAN_POINT('',(-2.604591412333,0.267473705622));
#5549 = CARTESIAN_POINT('',(-2.603508851612,0.336412450593));
#5550 = CARTESIAN_POINT('',(-2.602482983027,0.409334631055));
#5551 = CARTESIAN_POINT('',(-2.601515087344,0.485742710806));
#5552 = CARTESIAN_POINT('',(-2.600603164213,0.565404010613));
#5553 = CARTESIAN_POINT('',(-2.599746951864,0.647985207423));
#5554 = CARTESIAN_POINT('',(-2.598945832502,0.733191817491));
#5555 = CARTESIAN_POINT('',(-2.598199208843,0.820744592302));
#5556 = CARTESIAN_POINT('',(-2.597506378713,0.910388183014));
#5557 = CARTESIAN_POINT('',(-2.596866448627,1.001911548208));
#5558 = CARTESIAN_POINT('',(-2.596278654047,1.09510855998));
#5559 = CARTESIAN_POINT('',(-2.595742238437,1.189791162493));
#5560 = CARTESIAN_POINT('',(-2.595256489852,1.285784573961));
#5561 = CARTESIAN_POINT('',(-2.594820738034,1.382926989455));
#5562 = CARTESIAN_POINT('',(-2.594434361814,1.481068138322));
#5563 = CARTESIAN_POINT('',(-2.594096793488,1.580068202931));
#5564 = CARTESIAN_POINT('',(-2.593807523771,1.679796703294));
#5565 = CARTESIAN_POINT('',(-2.593566106353,1.780131407985));
#5566 = CARTESIAN_POINT('',(-2.593372162426,1.880957410366));
#5567 = CARTESIAN_POINT('',(-2.59322538478,1.982165738915));
#5568 = CARTESIAN_POINT('',(-2.5931255428,2.083653872781));
#5569 = CARTESIAN_POINT('',(-2.593072483544,2.185319294495));
#5570 = CARTESIAN_POINT('',(-2.593066146906,2.287079166315));
#5571 = CARTESIAN_POINT('',(-2.593106523176,2.388766477585));
#5572 = CARTESIAN_POINT('',(-2.593193632864,2.490290482493));
#5573 = CARTESIAN_POINT('',(-2.593327599943,2.59155718025));
#5574 = CARTESIAN_POINT('',(-2.593508631448,2.692467581194));
#5575 = CARTESIAN_POINT('',(-2.593737016367,2.792917044033));
#5576 = CARTESIAN_POINT('',(-2.594013119214,2.892794291471));
#5577 = CARTESIAN_POINT('',(-2.594337374834,2.991980473429));
#5578 = CARTESIAN_POINT('',(-2.59471028267,3.090348175061));
#5579 = CARTESIAN_POINT('',(-2.595132400924,3.187760392791));
#5580 = CARTESIAN_POINT('',(-2.595604340477,3.284069469616));
#5581 = CARTESIAN_POINT('',(-2.596126758567,3.379115982677));
#5582 = CARTESIAN_POINT('',(-2.596700352199,3.472727601164));
#5583 = CARTESIAN_POINT('',(-2.597325851256,3.564717830545));
#5584 = CARTESIAN_POINT('',(-2.598004011336,3.654884942401));
#5585 = CARTESIAN_POINT('',(-2.598735606061,3.743009957988));
#5586 = CARTESIAN_POINT('',(-2.599521419775,3.828857895062));
#5587 = CARTESIAN_POINT('',(-2.600081964589,3.884397000338));
#5588 = CARTESIAN_POINT('',(-2.600371534991,3.911700935788));
#5589 = ( GEOMETRIC_REPRESENTATION_CONTEXT(2) 
PARAMETRIC_REPRESENTATION_CONTEXT() REPRESENTATION_CONTEXT('2D SPACE',''
  ) );
#5590 = PCURVE('',#4207,#5591);
#5591 = DEFINITIONAL_REPRESENTATION('',(#5592),#5640);
#5592 = B_SPLINE_CURVE_WITH_KNOTS('',3,(#5593,#5594,#5595,#5596,#5597,
    #5598,#5599,#5600,#5601,#5602,#5603,#5604,#5605,#5606,#5607,#5608,
    #5609,#5610,#5611,#5612,#5613,#5614,#5615,#5616,#5617,#5618,#5619,
    #5620,#5621,#5622,#5623,#5624,#5625,#5626,#5627,#5628,#5629,#5630,
    #5631,#5632,#5633,#5634,#5635,#5636,#5637,#5638,#5639),
  .UNSPECIFIED.,.F.,.F.,(4,1,1,1,1,1,1,1,1,1,1,1,1,1,1,1,1,1,1,1,1,1,1,1
    ,1,1,1,1,1,1,1,1,1,1,1,1,1,1,1,1,1,1,1,1,4),(0.,3.754364458253E-02,
    7.508728916506E-02,0.112630933748,0.15017457833,0.187718222913,
    0.225261867495,0.262805512078,0.30034915666,0.337892801243,
    0.375436445825,0.412980090408,0.45052373499,0.488067379573,
    0.525611024155,0.563154668738,0.600698313321,0.638241957903,
    0.675785602486,0.713329247068,0.750872891651,0.788416536233,
    0.825960180816,0.863503825398,0.901047469981,0.938591114563,
    0.976134759146,1.013678403728,1.051222048311,1.088765692893,
    1.126309337476,1.163852982058,1.201396626641,1.238940271224,
    1.276483915806,1.314027560389,1.351571204971,1.389114849554,
    1.426658494136,1.464202138719,1.501745783301,1.539289427884,
    1.576833072466,1.614376717049,1.651920361631),
  .QUASI_UNIFORM_KNOTS.);
#5593 = CARTESIAN_POINT('',(7.561207115386,-3.997560944067));
#5594 = CARTESIAN_POINT('',(7.542203053543,-3.997253429053));
#5595 = CARTESIAN_POINT('',(7.504475128423,-3.996589917658));
#5596 = CARTESIAN_POINT('',(7.448720563092,-3.995468975306));
#5597 = CARTESIAN_POINT('',(7.39379801522,-3.994242017435));
#5598 = CARTESIAN_POINT('',(7.339709290312,-3.992929085639));
#5599 = CARTESIAN_POINT('',(7.286460481821,-3.991550125345));
#5600 = CARTESIAN_POINT('',(7.234063784466,-3.990124804742));
#5601 = CARTESIAN_POINT('',(7.18253342511,-3.988672114879));
#5602 = CARTESIAN_POINT('',(7.131901107214,-3.987210548151));
#5603 = CARTESIAN_POINT('',(7.082038820465,-3.985752731838));
#5604 = CARTESIAN_POINT('',(7.032911322137,-3.984312607965));
#5605 = CARTESIAN_POINT('',(6.984472198204,-3.982902575546));
#5606 = CARTESIAN_POINT('',(6.936680769558,-3.981533998397));
#5607 = CARTESIAN_POINT('',(6.889494842418,-3.980217030447));
#5608 = CARTESIAN_POINT('',(6.842860764162,-3.978960430349));
#5609 = CARTESIAN_POINT('',(6.796733423047,-3.977772201921));
#5610 = CARTESIAN_POINT('',(6.751067892963,-3.976659421963));
#5611 = CARTESIAN_POINT('',(6.705821055429,-3.975628354936));
#5612 = CARTESIAN_POINT('',(6.66095080944,-3.974684493633));
#5613 = CARTESIAN_POINT('',(6.616415976593,-3.97383261649));
#5614 = CARTESIAN_POINT('',(6.57217605864,-3.973076836786));
#5615 = CARTESIAN_POINT('',(6.528191057666,-3.972420649926));
#5616 = CARTESIAN_POINT('',(6.484421310688,-3.97186697664));
#5617 = CARTESIAN_POINT('',(6.440827275176,-3.971418202427));
#5618 = CARTESIAN_POINT('',(6.397369525847,-3.971076211949));
#5619 = CARTESIAN_POINT('',(6.35400794734,-3.97084242108));
#5620 = CARTESIAN_POINT('',(6.310703890934,-3.970717794934));
#5621 = CARTESIAN_POINT('',(6.267411209462,-3.97070289374));
#5622 = CARTESIAN_POINT('',(6.224119854855,-3.970797777271));
#5623 = CARTESIAN_POINT('',(6.180787224887,-3.971001962407));
#5624 = CARTESIAN_POINT('',(6.137371424607,-3.971314586514));
#5625 = CARTESIAN_POINT('',(6.093831379218,-3.971734352878));
#5626 = CARTESIAN_POINT('',(6.050126514396,-3.972259514116));
#5627 = CARTESIAN_POINT('',(6.006216575569,-3.97288783797));
#5628 = CARTESIAN_POINT('',(5.962061428945,-3.973616571094));
#5629 = CARTESIAN_POINT('',(5.917620881376,-3.974442397352));
#5630 = CARTESIAN_POINT('',(5.872854502965,-3.975361392239));
#5631 = CARTESIAN_POINT('',(5.827721449743,-3.976368973778));
#5632 = CARTESIAN_POINT('',(5.78218027811,-3.977459850204));
#5633 = CARTESIAN_POINT('',(5.736188746461,-3.978627966131));
#5634 = CARTESIAN_POINT('',(5.689703584554,-3.979866443443));
#5635 = CARTESIAN_POINT('',(5.642680261322,-3.981167533552));
#5636 = CARTESIAN_POINT('',(5.595072590575,-3.982522521566));
#5637 = CARTESIAN_POINT('',(5.546832723687,-3.983921806819));
#5638 = CARTESIAN_POINT('',(5.514217192303,-3.984876818778));
#5639 = CARTESIAN_POINT('',(5.497787143782,-3.985358089154));
#5640 = ( GEOMETRIC_REPRESENTATION_CONTEXT(2) 
PARAMETRIC_REPRESENTATION_CONTEXT() REPRESENTATION_CONTEXT('2D SPACE',''
  ) );
#5641 = ORIENTED_EDGE('',*,*,#5642,.F.);
#5642 = EDGE_CURVE('',#5643,#5509,#5645,.T.);
#5643 = VERTEX_POINT('',#5644);
#5644 = CARTESIAN_POINT('',(-81.41333099291,47.585286976517,2.43));
#5645 = SURFACE_CURVE('',#5646,(#5651,#5661),.PCURVE_S1.);
#5646 = ELLIPSE('',#5647,133.36033893178,94.3);
#5647 = AXIS2_PLACEMENT_3D('',#5648,#5649,#5650);
#5648 = CARTESIAN_POINT('',(0.,0.,1.926598128423));
#5649 = DIRECTION('',(0.353553390593,0.612372435696,-0.707106781187));
#5650 = DIRECTION('',(-0.353553390593,-0.612372435696,-0.707106781187));
#5651 = PCURVE('',#5258,#5652);
#5652 = DEFINITIONAL_REPRESENTATION('',(#5653),#5660);
#5653 = B_SPLINE_CURVE_WITH_KNOTS('',5,(#5654,#5655,#5656,#5657,#5658,
    #5659),.UNSPECIFIED.,.F.,.F.,(6,6),(1.574906327392,1.589647187053),
  .PIECEWISE_BEZIER_KNOTS.);
#5654 = CARTESIAN_POINT('',(-2.613883877394,5.185829906421));
#5655 = CARTESIAN_POINT('',(-2.610935705462,4.907819641329));
#5656 = CARTESIAN_POINT('',(-2.60798753353,4.629813587069));
#5657 = CARTESIAN_POINT('',(-2.605039361598,4.351816777781));
#5658 = CARTESIAN_POINT('',(-2.602091189666,4.073834247451));
#5659 = CARTESIAN_POINT('',(-2.599143017734,3.795871029367));
#5660 = ( GEOMETRIC_REPRESENTATION_CONTEXT(2) 
PARAMETRIC_REPRESENTATION_CONTEXT() REPRESENTATION_CONTEXT('2D SPACE',''
  ) );
#5661 = PCURVE('',#4072,#5662);
#5662 = DEFINITIONAL_REPRESENTATION('',(#5663),#5667);
#5663 = ELLIPSE('',#5664,133.36033893178,94.3);
#5664 = AXIS2_PLACEMENT_2D('',#5665,#5666);
#5665 = CARTESIAN_POINT('',(-0.711917754108,90.3));
#5666 = DIRECTION('',(-1.,-5.551115123126E-17));
#5667 = ( GEOMETRIC_REPRESENTATION_CONTEXT(2) 
PARAMETRIC_REPRESENTATION_CONTEXT() REPRESENTATION_CONTEXT('2D SPACE',''
  ) );
#5668 = ORIENTED_EDGE('',*,*,#5669,.F.);
#5669 = EDGE_CURVE('',#5670,#5643,#5672,.T.);
#5670 = VERTEX_POINT('',#5671);
#5671 = CARTESIAN_POINT('',(-81.91673286449,46.71336935832,2.43));
#5672 = SURFACE_CURVE('',#5673,(#5678,#5685),.PCURVE_S1.);
#5673 = CIRCLE('',#5674,94.3);
#5674 = AXIS2_PLACEMENT_3D('',#5675,#5676,#5677);
#5675 = CARTESIAN_POINT('',(0.,0.,2.43));
#5676 = DIRECTION('',(0.,0.,-1.));
#5677 = DIRECTION('',(1.,0.,0.));
#5678 = PCURVE('',#5258,#5679);
#5679 = DEFINITIONAL_REPRESENTATION('',(#5680),#5684);
#5680 = LINE('',#5681,#5682);
#5681 = CARTESIAN_POINT('',(-6.28318530718,5.07));
#5682 = VECTOR('',#5683,1.);
#5683 = DIRECTION('',(1.,-0.));
#5684 = ( GEOMETRIC_REPRESENTATION_CONTEXT(2) 
PARAMETRIC_REPRESENTATION_CONTEXT() REPRESENTATION_CONTEXT('2D SPACE',''
  ) );
#5685 = PCURVE('',#4332,#5686);
#5686 = DEFINITIONAL_REPRESENTATION('',(#5687),#5691);
#5687 = CIRCLE('',#5688,94.3);
#5688 = AXIS2_PLACEMENT_2D('',#5689,#5690);
#5689 = CARTESIAN_POINT('',(0.503401871577,90.3));
#5690 = DIRECTION('',(0.5,0.866025403784));
#5691 = ( GEOMETRIC_REPRESENTATION_CONTEXT(2) 
PARAMETRIC_REPRESENTATION_CONTEXT() REPRESENTATION_CONTEXT('2D SPACE',''
  ) );
#5692 = ORIENTED_EDGE('',*,*,#5693,.F.);
#5693 = EDGE_CURVE('',#5694,#5670,#5696,.T.);
#5694 = VERTEX_POINT('',#5695);
#5695 = CARTESIAN_POINT('',(-82.48436577801,45.703603820692,
    3.588299064212));
#5696 = SURFACE_CURVE('',#5697,(#5702,#5712),.PCURVE_S1.);
#5697 = ELLIPSE('',#5698,133.36033893178,94.3);
#5698 = AXIS2_PLACEMENT_3D('',#5699,#5700,#5701);
#5699 = CARTESIAN_POINT('',(0.,0.,1.926598128423));
#5700 = DIRECTION('',(-0.353553390593,-0.612372435696,-0.707106781187));
#5701 = DIRECTION('',(0.353553390593,0.612372435696,-0.707106781187));
#5702 = PCURVE('',#5258,#5703);
#5703 = DEFINITIONAL_REPRESENTATION('',(#5704),#5711);
#5704 = B_SPLINE_CURVE_WITH_KNOTS('',5,(#5705,#5706,#5707,#5708,#5709,
    #5710),.UNSPECIFIED.,.F.,.F.,(6,6),(4.693538120127,4.708278979788),
  .PIECEWISE_BEZIER_KNOTS.);
#5705 = CARTESIAN_POINT('',(-2.636844738249,3.795871029367));
#5706 = CARTESIAN_POINT('',(-2.633896566317,4.073834247451));
#5707 = CARTESIAN_POINT('',(-2.630948394385,4.351816777781));
#5708 = CARTESIAN_POINT('',(-2.628000222453,4.629813587069));
#5709 = CARTESIAN_POINT('',(-2.625052050521,4.907819641329));
#5710 = CARTESIAN_POINT('',(-2.622103878589,5.185829906421));
#5711 = ( GEOMETRIC_REPRESENTATION_CONTEXT(2) 
PARAMETRIC_REPRESENTATION_CONTEXT() REPRESENTATION_CONTEXT('2D SPACE',''
  ) );
#5712 = PCURVE('',#4305,#5713);
#5713 = DEFINITIONAL_REPRESENTATION('',(#5714),#5718);
#5714 = ELLIPSE('',#5715,133.36033893178,94.3);
#5715 = AXIS2_PLACEMENT_2D('',#5716,#5717);
#5716 = CARTESIAN_POINT('',(2.35,90.3));
#5717 = DIRECTION('',(1.,5.551115123126E-17));
#5718 = ( GEOMETRIC_REPRESENTATION_CONTEXT(2) 
PARAMETRIC_REPRESENTATION_CONTEXT() REPRESENTATION_CONTEXT('2D SPACE',''
  ) );
#5719 = ORIENTED_EDGE('',*,*,#5720,.T.);
#5720 = EDGE_CURVE('',#5694,#5721,#5723,.T.);
#5721 = VERTEX_POINT('',#5722);
#5722 = CARTESIAN_POINT('',(-82.00319979162,46.56141346581,7.5));
#5723 = SURFACE_CURVE('',#5724,(#5751,#5802),.PCURVE_S1.);
#5724 = B_SPLINE_CURVE_WITH_KNOTS('',7,(#5725,#5726,#5727,#5728,#5729,
    #5730,#5731,#5732,#5733,#5734,#5735,#5736,#5737,#5738,#5739,#5740,
    #5741,#5742,#5743,#5744,#5745,#5746,#5747,#5748,#5749,#5750),
  .UNSPECIFIED.,.F.,.F.,(8,6,6,6,8),(0.,1.,1.831192243813,2.10828749385,
    2.533916097439),.UNSPECIFIED.);
#5725 = CARTESIAN_POINT('',(-82.48436577801,45.703603820692,
    3.588299064212));
#5726 = CARTESIAN_POINT('',(-82.58285590162,45.52585207461,3.79148165369
    ));
#5727 = CARTESIAN_POINT('',(-82.66259602676,45.38088549974,
    4.014865414281));
#5728 = CARTESIAN_POINT('',(-82.72475789114,45.267295075718,
    4.251237105623));
#5729 = CARTESIAN_POINT('',(-82.77050571699,45.183430403263,
    4.495901874304));
#5730 = CARTESIAN_POINT('',(-82.80070191308,45.127981996127,
    4.74549694843));
#5731 = CARTESIAN_POINT('',(-82.81583307389,45.100197253187,
    4.997597043617));
#5732 = CARTESIAN_POINT('',(-82.81583307389,45.100197253187,
    5.459795379661));
#5733 = CARTESIAN_POINT('',(-82.80537943704,45.119392878295,
    5.669466168299));
#5734 = CARTESIAN_POINT('',(-82.78449363856,45.157744720565,
    5.877683125206));
#5735 = CARTESIAN_POINT('',(-82.75295850276,45.215584746863,
    6.083012701696));
#5736 = CARTESIAN_POINT('',(-82.71036156398,45.293537828151,
    6.283704347501));
#5737 = CARTESIAN_POINT('',(-82.65613326184,45.392429253849,
    6.477440763425));
#5738 = CARTESIAN_POINT('',(-82.56742875252,45.553395270959,
    6.722176667675));
#5739 = CARTESIAN_POINT('',(-82.54388149122,45.596070750324,
    6.782240302899));
#5740 = CARTESIAN_POINT('',(-82.51894263419,45.641205515152,
    6.841049453051));
#5741 = CARTESIAN_POINT('',(-82.49259090127,45.688825010181,
    6.898462234489));
#5742 = CARTESIAN_POINT('',(-82.46480622009,45.738951129558,
    6.954323676975));
#5743 = CARTESIAN_POINT('',(-82.43556988116,45.791601927063,
    7.008465538566));
#5744 = CARTESIAN_POINT('',(-82.35770038279,45.931564294997,
    7.140949596173));
#5745 = CARTESIAN_POINT('',(-82.30697676903,46.022495168444,
    7.216866249705));
#5746 = CARTESIAN_POINT('',(-82.25273871901,46.119440474468,
    7.28753989748));
#5747 = CARTESIAN_POINT('',(-82.19507738422,46.22216792044,
    7.352069183239));
#5748 = CARTESIAN_POINT('',(-82.1341321214,46.330357612374,
    7.409567591602));
#5749 = CARTESIAN_POINT('',(-82.07009241369,46.443603273996,
    7.459163461565));
#5750 = CARTESIAN_POINT('',(-82.00319979162,46.56141346581,7.5));
#5751 = PCURVE('',#5258,#5752);
#5752 = DEFINITIONAL_REPRESENTATION('',(#5753),#5801);
#5753 = B_SPLINE_CURVE_WITH_KNOTS('',3,(#5754,#5755,#5756,#5757,#5758,
    #5759,#5760,#5761,#5762,#5763,#5764,#5765,#5766,#5767,#5768,#5769,
    #5770,#5771,#5772,#5773,#5774,#5775,#5776,#5777,#5778,#5779,#5780,
    #5781,#5782,#5783,#5784,#5785,#5786,#5787,#5788,#5789,#5790,#5791,
    #5792,#5793,#5794,#5795,#5796,#5797,#5798,#5799,#5800),
  .UNSPECIFIED.,.F.,.F.,(4,1,1,1,1,1,1,1,1,1,1,1,1,1,1,1,1,1,1,1,1,1,1,1
    ,1,1,1,1,1,1,1,1,1,1,1,1,1,1,1,1,1,1,1,1,4),(0.,5.758900221451E-02,
    0.115178004429,0.172767006644,0.230356008858,0.287945011073,
    0.345534013287,0.403123015502,0.460712017716,0.518301019931,
    0.575890022145,0.63347902436,0.691068026574,0.748657028789,
    0.806246031003,0.863835033218,0.921424035432,0.979013037647,
    1.036602039861,1.094191042076,1.15178004429,1.209369046505,
    1.266958048719,1.324547050934,1.382136053148,1.439725055363,
    1.497314057577,1.554903059792,1.612492062006,1.670081064221,
    1.727670066435,1.78525906865,1.842848070864,1.900437073079,
    1.958026075293,2.015615077508,2.073204079722,2.130793081937,
    2.188382084152,2.245971086366,2.303560088581,2.361149090795,
    2.41873809301,2.476327095224,2.533916097439),.QUASI_UNIFORM_KNOTS.);
#5754 = CARTESIAN_POINT('',(-2.635616220992,3.911700935788));
#5755 = CARTESIAN_POINT('',(-2.635905794961,3.884396650403));
#5756 = CARTESIAN_POINT('',(-2.636466345887,3.828856849543));
#5757 = CARTESIAN_POINT('',(-2.63725216479,3.743008158647));
#5758 = CARTESIAN_POINT('',(-2.637983759079,3.654883069297));
#5759 = CARTESIAN_POINT('',(-2.638661914019,3.564716555943));
#5760 = CARTESIAN_POINT('',(-2.639287404696,3.472727510032));
#5761 = CARTESIAN_POINT('',(-2.639860988461,3.379117526189));
#5762 = CARTESIAN_POINT('',(-2.640383396773,3.28407297605));
#5763 = CARTESIAN_POINT('',(-2.640855327874,3.187766088077));
#5764 = CARTESIAN_POINT('',(-2.641277439823,3.090356195522));
#5765 = CARTESIAN_POINT('',(-2.641650343943,2.991990856109));
#5766 = CARTESIAN_POINT('',(-2.641974598583,2.892806937619));
#5767 = CARTESIAN_POINT('',(-2.642250703131,2.792931659656));
#5768 = CARTESIAN_POINT('',(-2.642479092259,2.692483606943));
#5769 = CARTESIAN_POINT('',(-2.642660130187,2.591573733046));
#5770 = CARTESIAN_POINT('',(-2.642794105413,2.490306334223));
#5771 = CARTESIAN_POINT('',(-2.642881223976,2.3887801263));
#5772 = CARTESIAN_POINT('',(-2.642921608187,2.287088983894));
#5773 = CARTESIAN_POINT('',(-2.642915274591,2.185324042388));
#5774 = CARTESIAN_POINT('',(-2.642862213844,2.083653761876));
#5775 = CARTESIAN_POINT('',(-2.642762365875,1.98216073112));
#5776 = CARTESIAN_POINT('',(-2.642615577706,1.880947552405));
#5777 = CARTESIAN_POINT('',(-2.642421618685,1.78011674302));
#5778 = CARTESIAN_POINT('',(-2.642180181549,1.679777295956));
#5779 = CARTESIAN_POINT('',(-2.641890887423,1.580044134254));
#5780 = CARTESIAN_POINT('',(-2.641553289919,1.481039509056));
#5781 = CARTESIAN_POINT('',(-2.64116687966,1.382893921452));
#5782 = CARTESIAN_POINT('',(-2.640731088845,1.285747212409));
#5783 = CARTESIAN_POINT('',(-2.640245296196,1.189749678285));
#5784 = CARTESIAN_POINT('',(-2.639708831338,1.09506315238));
#5785 = CARTESIAN_POINT('',(-2.639120982208,1.001862447943));
#5786 = CARTESIAN_POINT('',(-2.638480992131,0.910335655203));
#5787 = CARTESIAN_POINT('',(-2.637788096479,0.820688941518));
#5788 = CARTESIAN_POINT('',(-2.637041401429,0.733133378266));
#5789 = CARTESIAN_POINT('',(-2.636240205553,0.647924425743));
#5790 = CARTESIAN_POINT('',(-2.63538390893,0.565341212645));
#5791 = CARTESIAN_POINT('',(-2.634471903285,0.485678917666));
#5792 = CARTESIAN_POINT('',(-2.633503891214,0.409268555644));
#5793 = CARTESIAN_POINT('',(-2.632478094005,0.33635834936));
#5794 = CARTESIAN_POINT('',(-2.63139573309,0.26743761808));
#5795 = CARTESIAN_POINT('',(-2.630258145317,0.202970619816));
#5796 = CARTESIAN_POINT('',(-2.629067012653,0.1434230586));
#5797 = CARTESIAN_POINT('',(-2.627824309784,8.925484799331E-02));
#5798 = CARTESIAN_POINT('',(-2.626532282944,4.092254052832E-02));
#5799 = CARTESIAN_POINT('',(-2.625639818313,1.289207162555E-02));
#5800 = CARTESIAN_POINT('',(-2.625186230545,3.996802888651E-14));
#5801 = ( GEOMETRIC_REPRESENTATION_CONTEXT(2) 
PARAMETRIC_REPRESENTATION_CONTEXT() REPRESENTATION_CONTEXT('2D SPACE',''
  ) );
#5802 = PCURVE('',#4207,#5803);
#5803 = DEFINITIONAL_REPRESENTATION('',(#5804),#5852);
#5804 = B_SPLINE_CURVE_WITH_KNOTS('',3,(#5805,#5806,#5807,#5808,#5809,
    #5810,#5811,#5812,#5813,#5814,#5815,#5816,#5817,#5818,#5819,#5820,
    #5821,#5822,#5823,#5824,#5825,#5826,#5827,#5828,#5829,#5830,#5831,
    #5832,#5833,#5834,#5835,#5836,#5837,#5838,#5839,#5840,#5841,#5842,
    #5843,#5844,#5845,#5846,#5847,#5848,#5849,#5850,#5851),
  .UNSPECIFIED.,.F.,.F.,(4,1,1,1,1,1,1,1,1,1,1,1,1,1,1,1,1,1,1,1,1,1,1,1
    ,1,1,1,1,1,1,1,1,1,1,1,1,1,1,1,1,1,1,1,1,4),(0.,5.758900221451E-02,
    0.115178004429,0.172767006644,0.230356008858,0.287945011073,
    0.345534013287,0.403123015502,0.460712017716,0.518301019931,
    0.575890022145,0.63347902436,0.691068026574,0.748657028789,
    0.806246031003,0.863835033218,0.921424035432,0.979013037647,
    1.036602039861,1.094191042076,1.15178004429,1.209369046505,
    1.266958048719,1.324547050934,1.382136053148,1.439725055363,
    1.497314057577,1.554903059792,1.612492062006,1.670081064221,
    1.727670066435,1.78525906865,1.842848070864,1.900437073079,
    1.958026075293,2.015615077508,2.073204079722,2.130793081937,
    2.188382084152,2.245971086366,2.303560088581,2.361149090795,
    2.41873809301,2.476327095224,2.533916097439),.QUASI_UNIFORM_KNOTS.);
#5805 = CARTESIAN_POINT('',(10.210176124167,-3.985358089154));
#5806 = CARTESIAN_POINT('',(10.19374586974,-3.9848768128));
#5807 = CARTESIAN_POINT('',(10.161129954161,-3.983921789996));
#5808 = CARTESIAN_POINT('',(10.112889707491,-3.982522494497));
#5809 = CARTESIAN_POINT('',(10.065282021519,-3.981167506392));
#5810 = CARTESIAN_POINT('',(10.018259025292,-3.979866425437));
#5811 = CARTESIAN_POINT('',(9.971774469364,-3.978627964299));
#5812 = CARTESIAN_POINT('',(9.925783738466,-3.977459868472));
#5813 = CARTESIAN_POINT('',(9.880243488476,-3.976369012983));
#5814 = CARTESIAN_POINT('',(9.83511142162,-3.975361450523));
#5815 = CARTESIAN_POINT('',(9.790346052981,-3.974442470772));
#5816 = CARTESIAN_POINT('',(9.745906500633,-3.973616654277));
#5817 = CARTESIAN_POINT('',(9.701752285444,-3.972887924722));
#5818 = CARTESIAN_POINT('',(9.657843140722,-3.972259597951));
#5819 = CARTESIAN_POINT('',(9.614138827985,-3.971734427495));
#5820 = CARTESIAN_POINT('',(9.570598961086,-3.971314646322));
#5821 = CARTESIAN_POINT('',(9.527182823832,-3.971002003211));
#5822 = CARTESIAN_POINT('',(9.483849229638,-3.970797797506));
#5823 = CARTESIAN_POINT('',(9.440556234631,-3.970702895871));
#5824 = CARTESIAN_POINT('',(9.397261398438,-3.970717789865));
#5825 = CARTESIAN_POINT('',(9.353955275418,-3.970842419539));
#5826 = CARTESIAN_POINT('',(9.310591601318,-3.971076224422));
#5827 = CARTESIAN_POINT('',(9.267131751422,-3.971418239295));
#5828 = CARTESIAN_POINT('',(9.223535596669,-3.971867048033));
#5829 = CARTESIAN_POINT('',(9.179763708213,-3.972420765648));
#5830 = CARTESIAN_POINT('',(9.135776537227,-3.973077006206));
#5831 = CARTESIAN_POINT('',(9.091534415097,-3.973832848435));
#5832 = CARTESIAN_POINT('',(9.046997337975,-3.974684796267));
#5833 = CARTESIAN_POINT('',(9.002124801584,-3.975628735625));
#5834 = CARTESIAN_POINT('',(8.956875621288,-3.976659887134));
#5835 = CARTESIAN_POINT('',(8.911207689562,-3.977772756903));
#5836 = CARTESIAN_POINT('',(8.865077881204,-3.978961079198));
#5837 = CARTESIAN_POINT('',(8.818441262503,-3.980217775773));
#5838 = CARTESIAN_POINT('',(8.771252715343,-3.981534841112));
#5839 = CARTESIAN_POINT('',(8.723458569185,-3.982903514962));
#5840 = CARTESIAN_POINT('',(8.675016665708,-3.984313640031));
#5841 = CARTESIAN_POINT('',(8.625886191466,-3.985753853606));
#5842 = CARTESIAN_POINT('',(8.576021192699,-3.987211740986));
#5843 = CARTESIAN_POINT('',(8.525384672241,-3.988673405782));
#5844 = CARTESIAN_POINT('',(8.47385966339,-3.990125907204));
#5845 = CARTESIAN_POINT('',(8.421473887427,-3.991550889129));
#5846 = CARTESIAN_POINT('',(8.368238433043,-3.992929468941));
#5847 = CARTESIAN_POINT('',(8.314162400288,-3.994242075879));
#5848 = CARTESIAN_POINT('',(8.259248951751,-3.99546883584));
#5849 = CARTESIAN_POINT('',(8.203497007765,-3.996589752431));
#5850 = CARTESIAN_POINT('',(8.165764544009,-3.997253355193));
#5851 = CARTESIAN_POINT('',(8.146756152563,-3.997560944067));
#5852 = ( GEOMETRIC_REPRESENTATION_CONTEXT(2) 
PARAMETRIC_REPRESENTATION_CONTEXT() REPRESENTATION_CONTEXT('2D SPACE',''
  ) );
#5853 = ORIENTED_EDGE('',*,*,#5854,.T.);
#5854 = EDGE_CURVE('',#5721,#5855,#5857,.T.);
#5855 = VERTEX_POINT('',#5856);
#5856 = CARTESIAN_POINT('',(-82.00319979162,-46.56141346581,7.5));
#5857 = SURFACE_CURVE('',#5858,(#5863,#5870),.PCURVE_S1.);
#5858 = CIRCLE('',#5859,94.3);
#5859 = AXIS2_PLACEMENT_3D('',#5860,#5861,#5862);
#5860 = CARTESIAN_POINT('',(0.,0.,7.5));
#5861 = DIRECTION('',(0.,0.,1.));
#5862 = DIRECTION('',(1.,0.,-0.));
#5863 = PCURVE('',#5258,#5864);
#5864 = DEFINITIONAL_REPRESENTATION('',(#5865),#5869);
#5865 = LINE('',#5866,#5867);
#5866 = CARTESIAN_POINT('',(-0.,0.));
#5867 = VECTOR('',#5868,1.);
#5868 = DIRECTION('',(-1.,0.));
#5869 = ( GEOMETRIC_REPRESENTATION_CONTEXT(2) 
PARAMETRIC_REPRESENTATION_CONTEXT() REPRESENTATION_CONTEXT('2D SPACE',''
  ) );
#5870 = PCURVE('',#5496,#5871);
#5871 = DEFINITIONAL_REPRESENTATION('',(#5872),#5876);
#5872 = LINE('',#5873,#5874);
#5873 = CARTESIAN_POINT('',(-0.,6.28318530718));
#5874 = VECTOR('',#5875,1.);
#5875 = DIRECTION('',(-1.,0.));
#5876 = ( GEOMETRIC_REPRESENTATION_CONTEXT(2) 
PARAMETRIC_REPRESENTATION_CONTEXT() REPRESENTATION_CONTEXT('2D SPACE',''
  ) );
#5877 = ORIENTED_EDGE('',*,*,#5878,.T.);
#5878 = EDGE_CURVE('',#5855,#5879,#5881,.T.);
#5879 = VERTEX_POINT('',#5880);
#5880 = CARTESIAN_POINT('',(-82.48436577801,-45.70360382069,
    3.588299064212));
#5881 = SURFACE_CURVE('',#5882,(#5909,#5960),.PCURVE_S1.);
#5882 = B_SPLINE_CURVE_WITH_KNOTS('',7,(#5883,#5884,#5885,#5886,#5887,
    #5888,#5889,#5890,#5891,#5892,#5893,#5894,#5895,#5896,#5897,#5898,
    #5899,#5900,#5901,#5902,#5903,#5904,#5905,#5906,#5907,#5908),
  .UNSPECIFIED.,.F.,.F.,(8,6,6,6,8),(0.,0.277445545739,0.458099254148,
    0.999999417452,1.651920361556),.UNSPECIFIED.);
#5883 = CARTESIAN_POINT('',(-82.00319979162,-46.56141346581,7.5));
#5884 = CARTESIAN_POINT('',(-82.0700694613,-46.44364369736,
    7.459177473514));
#5885 = CARTESIAN_POINT('',(-82.13410560027,-46.33040464265,
    7.409590900386));
#5886 = CARTESIAN_POINT('',(-82.195058786,-46.22220112566,7.352091651007
    ));
#5887 = CARTESIAN_POINT('',(-82.25273243744,-46.1194518034,
    7.287551468847));
#5888 = CARTESIAN_POINT('',(-82.30698099095,-46.02248765431,
    7.216862363979));
#5889 = CARTESIAN_POINT('',(-82.35770807639,-45.93155046655,
    7.140936506593));
#5890 = CARTESIAN_POINT('',(-82.43556988116,-45.79160192706,
    7.008465538566));
#5891 = CARTESIAN_POINT('',(-82.46480622009,-45.73895112955,
    6.954323676975));
#5892 = CARTESIAN_POINT('',(-82.49259090127,-45.68882501018,
    6.898462234489));
#5893 = CARTESIAN_POINT('',(-82.51894263419,-45.64120551515,
    6.841049453051));
#5894 = CARTESIAN_POINT('',(-82.54388149122,-45.59607075032,
    6.782240302899));
#5895 = CARTESIAN_POINT('',(-82.56742875252,-45.55339527095,
    6.722176667675));
#5896 = CARTESIAN_POINT('',(-82.65613326184,-45.39242925384,
    6.477440763425));
#5897 = CARTESIAN_POINT('',(-82.71036156398,-45.29353782815,
    6.283704347501));
#5898 = CARTESIAN_POINT('',(-82.75295850276,-45.21558474686,
    6.083012701696));
#5899 = CARTESIAN_POINT('',(-82.78449363856,-45.15774472056,
    5.877683125206));
#5900 = CARTESIAN_POINT('',(-82.80537943704,-45.11939287829,
    5.669466168299));
#5901 = CARTESIAN_POINT('',(-82.81583307389,-45.10019725318,
    5.459795379661));
#5902 = CARTESIAN_POINT('',(-82.81583307389,-45.10019725318,
    4.997610332605));
#5903 = CARTESIAN_POINT('',(-82.80070413355,-45.12797793571,
    4.745516163425));
#5904 = CARTESIAN_POINT('',(-82.77050621732,-45.18342943481,
    4.495899635299));
#5905 = CARTESIAN_POINT('',(-82.72476058712,-45.26729022138,
    4.251244289773));
#5906 = CARTESIAN_POINT('',(-82.66259322562,-45.3808905993,
    4.014855922899));
#5907 = CARTESIAN_POINT('',(-82.58285431998,-45.52585492911,
    3.791478390799));
#5908 = CARTESIAN_POINT('',(-82.48436577801,-45.70360382069,
    3.588299064212));
#5909 = PCURVE('',#5258,#5910);
#5910 = DEFINITIONAL_REPRESENTATION('',(#5911),#5959);
#5911 = B_SPLINE_CURVE_WITH_KNOTS('',3,(#5912,#5913,#5914,#5915,#5916,
    #5917,#5918,#5919,#5920,#5921,#5922,#5923,#5924,#5925,#5926,#5927,
    #5928,#5929,#5930,#5931,#5932,#5933,#5934,#5935,#5936,#5937,#5938,
    #5939,#5940,#5941,#5942,#5943,#5944,#5945,#5946,#5947,#5948,#5949,
    #5950,#5951,#5952,#5953,#5954,#5955,#5956,#5957,#5958),
  .UNSPECIFIED.,.F.,.F.,(4,1,1,1,1,1,1,1,1,1,1,1,1,1,1,1,1,1,1,1,1,1,1,1
    ,1,1,1,1,1,1,1,1,1,1,1,1,1,1,1,1,1,1,1,1,4),(0.,3.754364458082E-02,
    7.508728916163E-02,0.112630933742,0.150174578323,0.187718222904,
    0.225261867485,0.262805512066,0.300349156647,0.337892801227,
    0.375436445808,0.412980090389,0.45052373497,0.488067379551,
    0.525611024131,0.563154668712,0.600698313293,0.638241957874,
    0.675785602455,0.713329247036,0.750872891616,0.788416536197,
    0.825960180778,0.863503825359,0.90104746994,0.93859111452,
    0.976134759101,1.013678403682,1.051222048263,1.088765692844,
    1.126309337424,1.163852982005,1.201396626586,1.238940271167,
    1.276483915748,1.314027560329,1.351571204909,1.38911484949,
    1.426658494071,1.464202138652,1.501745783233,1.539289427813,
    1.576833072394,1.614376716975,1.651920361556),
  .QUASI_UNIFORM_KNOTS.);
#5912 = CARTESIAN_POINT('',(-3.657999076634,1.207922650792E-13));
#5913 = CARTESIAN_POINT('',(-3.657545592006,1.288900128371E-02));
#5914 = CARTESIAN_POINT('',(-3.656653232421,4.091554206119E-02));
#5915 = CARTESIAN_POINT('',(-3.655361139444,8.924879670091E-02));
#5916 = CARTESIAN_POINT('',(-3.654118228503,0.143425599027));
#5917 = CARTESIAN_POINT('',(-3.652926821365,0.202988089456));
#5918 = CARTESIAN_POINT('',(-3.651788963531,0.26747370551));
#5919 = CARTESIAN_POINT('',(-3.650706402811,0.336412450436));
#5920 = CARTESIAN_POINT('',(-3.649680534226,0.40933463086));
#5921 = CARTESIAN_POINT('',(-3.648712638543,0.485742710611));
#5922 = CARTESIAN_POINT('',(-3.647800715412,0.565404010415));
#5923 = CARTESIAN_POINT('',(-3.646944503063,0.647985207225));
#5924 = CARTESIAN_POINT('',(-3.646143383701,0.733191817293));
#5925 = CARTESIAN_POINT('',(-3.645396760041,0.820744592105));
#5926 = CARTESIAN_POINT('',(-3.644703929911,0.910388182818));
#5927 = CARTESIAN_POINT('',(-3.644063999825,1.001911548016));
#5928 = CARTESIAN_POINT('',(-3.643476205245,1.09510855979));
#5929 = CARTESIAN_POINT('',(-3.642939789635,1.189791162308));
#5930 = CARTESIAN_POINT('',(-3.64245404105,1.285784573779));
#5931 = CARTESIAN_POINT('',(-3.642018289232,1.382926989278));
#5932 = CARTESIAN_POINT('',(-3.641631913011,1.48106813815));
#5933 = CARTESIAN_POINT('',(-3.641294344685,1.580068202764));
#5934 = CARTESIAN_POINT('',(-3.641005074968,1.679796703134));
#5935 = CARTESIAN_POINT('',(-3.64076365755,1.780131407831));
#5936 = CARTESIAN_POINT('',(-3.640569713622,1.880957410218));
#5937 = CARTESIAN_POINT('',(-3.640422935977,1.982165738773));
#5938 = CARTESIAN_POINT('',(-3.640323093997,2.083653872646));
#5939 = CARTESIAN_POINT('',(-3.640270034741,2.185319294367));
#5940 = CARTESIAN_POINT('',(-3.640263698103,2.287079166194));
#5941 = CARTESIAN_POINT('',(-3.640304074372,2.388766477471));
#5942 = CARTESIAN_POINT('',(-3.640391184061,2.490290482387));
#5943 = CARTESIAN_POINT('',(-3.64052515114,2.591557180151));
#5944 = CARTESIAN_POINT('',(-3.640706182644,2.692467581102));
#5945 = CARTESIAN_POINT('',(-3.640934567563,2.792917043948));
#5946 = CARTESIAN_POINT('',(-3.64121067041,2.892794291395));
#5947 = CARTESIAN_POINT('',(-3.64153492603,2.99198047336));
#5948 = CARTESIAN_POINT('',(-3.641907833866,3.090348174999));
#5949 = CARTESIAN_POINT('',(-3.64232995212,3.187760392737));
#5950 = CARTESIAN_POINT('',(-3.642801891673,3.284069469569));
#5951 = CARTESIAN_POINT('',(-3.643324309763,3.379115982637));
#5952 = CARTESIAN_POINT('',(-3.643897903396,3.472727601131));
#5953 = CARTESIAN_POINT('',(-3.644523402452,3.56471783052));
#5954 = CARTESIAN_POINT('',(-3.645201562533,3.654884942383));
#5955 = CARTESIAN_POINT('',(-3.645933157257,3.743009957976));
#5956 = CARTESIAN_POINT('',(-3.646718970972,3.828857895056));
#5957 = CARTESIAN_POINT('',(-3.647279515785,3.884397000336));
#5958 = CARTESIAN_POINT('',(-3.647569086188,3.911700935788));
#5959 = ( GEOMETRIC_REPRESENTATION_CONTEXT(2) 
PARAMETRIC_REPRESENTATION_CONTEXT() REPRESENTATION_CONTEXT('2D SPACE',''
  ) );
#5960 = PCURVE('',#4507,#5961);
#5961 = DEFINITIONAL_REPRESENTATION('',(#5962),#6010);
#5962 = B_SPLINE_CURVE_WITH_KNOTS('',3,(#5963,#5964,#5965,#5966,#5967,
    #5968,#5969,#5970,#5971,#5972,#5973,#5974,#5975,#5976,#5977,#5978,
    #5979,#5980,#5981,#5982,#5983,#5984,#5985,#5986,#5987,#5988,#5989,
    #5990,#5991,#5992,#5993,#5994,#5995,#5996,#5997,#5998,#5999,#6000,
    #6001,#6002,#6003,#6004,#6005,#6006,#6007,#6008,#6009),
  .UNSPECIFIED.,.F.,.F.,(4,1,1,1,1,1,1,1,1,1,1,1,1,1,1,1,1,1,1,1,1,1,1,1
    ,1,1,1,1,1,1,1,1,1,1,1,1,1,1,1,1,1,1,1,1,4),(0.,3.754364458082E-02,
    7.508728916163E-02,0.112630933742,0.150174578323,0.187718222904,
    0.225261867485,0.262805512066,0.300349156647,0.337892801227,
    0.375436445808,0.412980090389,0.45052373497,0.488067379551,
    0.525611024131,0.563154668712,0.600698313293,0.638241957874,
    0.675785602455,0.713329247036,0.750872891616,0.788416536197,
    0.825960180778,0.863503825359,0.90104746994,0.93859111452,
    0.976134759101,1.013678403682,1.051222048263,1.088765692844,
    1.126309337424,1.163852982005,1.201396626586,1.238940271167,
    1.276483915748,1.314027560329,1.351571204909,1.38911484949,
    1.426658494071,1.464202138652,1.501745783233,1.539289427813,
    1.576833072394,1.614376716975,1.651920361556),
  .QUASI_UNIFORM_KNOTS.);
#5963 = CARTESIAN_POINT('',(7.561207115386,-3.997560944067));
#5964 = CARTESIAN_POINT('',(7.542203053557,-3.997253429053));
#5965 = CARTESIAN_POINT('',(7.504475128455,-3.996589917659));
#5966 = CARTESIAN_POINT('',(7.448720563133,-3.995468975307));
#5967 = CARTESIAN_POINT('',(7.39379801527,-3.994242017437));
#5968 = CARTESIAN_POINT('',(7.339709290378,-3.992929085641));
#5969 = CARTESIAN_POINT('',(7.286460481911,-3.991550125347));
#5970 = CARTESIAN_POINT('',(7.234063784581,-3.990124804746));
#5971 = CARTESIAN_POINT('',(7.182533425244,-3.988672114883));
#5972 = CARTESIAN_POINT('',(7.131901107339,-3.987210548155));
#5973 = CARTESIAN_POINT('',(7.082038820586,-3.985752731841));
#5974 = CARTESIAN_POINT('',(7.032911322252,-3.984312607968));
#5975 = CARTESIAN_POINT('',(6.984472198315,-3.982902575549));
#5976 = CARTESIAN_POINT('',(6.936680769663,-3.9815339984));
#5977 = CARTESIAN_POINT('',(6.889494842519,-3.980217030449));
#5978 = CARTESIAN_POINT('',(6.842860764258,-3.978960430352));
#5979 = CARTESIAN_POINT('',(6.79673342314,-3.977772201923));
#5980 = CARTESIAN_POINT('',(6.751067893052,-3.976659421965));
#5981 = CARTESIAN_POINT('',(6.705821055514,-3.975628354938));
#5982 = CARTESIAN_POINT('',(6.66095080952,-3.974684493635));
#5983 = CARTESIAN_POINT('',(6.61641597667,-3.973832616491));
#5984 = CARTESIAN_POINT('',(6.572176058714,-3.973076836787));
#5985 = CARTESIAN_POINT('',(6.528191057736,-3.972420649927));
#5986 = CARTESIAN_POINT('',(6.484421310755,-3.971866976641));
#5987 = CARTESIAN_POINT('',(6.44082727524,-3.971418202427));
#5988 = CARTESIAN_POINT('',(6.397369525908,-3.971076211949));
#5989 = CARTESIAN_POINT('',(6.354007947398,-3.97084242108));
#5990 = CARTESIAN_POINT('',(6.310703890988,-3.970717794934));
#5991 = CARTESIAN_POINT('',(6.267411209513,-3.97070289374));
#5992 = CARTESIAN_POINT('',(6.224119854904,-3.970797777271));
#5993 = CARTESIAN_POINT('',(6.180787224932,-3.971001962407));
#5994 = CARTESIAN_POINT('',(6.137371424649,-3.971314586514));
#5995 = CARTESIAN_POINT('',(6.093831379257,-3.971734352878));
#5996 = CARTESIAN_POINT('',(6.050126514433,-3.972259514116));
#5997 = CARTESIAN_POINT('',(6.006216575603,-3.97288783797));
#5998 = CARTESIAN_POINT('',(5.962061428976,-3.973616571093));
#5999 = CARTESIAN_POINT('',(5.917620881404,-3.974442397351));
#6000 = CARTESIAN_POINT('',(5.87285450299,-3.975361392238));
#6001 = CARTESIAN_POINT('',(5.827721449765,-3.976368973778));
#6002 = CARTESIAN_POINT('',(5.782180278129,-3.977459850204));
#6003 = CARTESIAN_POINT('',(5.736188746477,-3.97862796613));
#6004 = CARTESIAN_POINT('',(5.689703584567,-3.979866443442));
#6005 = CARTESIAN_POINT('',(5.642680261332,-3.981167533552));
#6006 = CARTESIAN_POINT('',(5.595072590582,-3.982522521566));
#6007 = CARTESIAN_POINT('',(5.54683272369,-3.983921806819));
#6008 = CARTESIAN_POINT('',(5.514217192304,-3.984876818778));
#6009 = CARTESIAN_POINT('',(5.497787143782,-3.985358089154));
#6010 = ( GEOMETRIC_REPRESENTATION_CONTEXT(2) 
PARAMETRIC_REPRESENTATION_CONTEXT() REPRESENTATION_CONTEXT('2D SPACE',''
  ) );
#6011 = ORIENTED_EDGE('',*,*,#6012,.F.);
#6012 = EDGE_CURVE('',#6013,#5879,#6015,.T.);
#6013 = VERTEX_POINT('',#6014);
#6014 = CARTESIAN_POINT('',(-81.91673286449,-46.71336935832,2.43));
#6015 = SURFACE_CURVE('',#6016,(#6021,#6031),.PCURVE_S1.);
#6016 = ELLIPSE('',#6017,133.36033893178,94.3);
#6017 = AXIS2_PLACEMENT_3D('',#6018,#6019,#6020);
#6018 = CARTESIAN_POINT('',(0.,0.,1.926598128423));
#6019 = DIRECTION('',(-0.353553390593,0.612372435696,-0.707106781187));
#6020 = DIRECTION('',(0.353553390593,-0.612372435696,-0.707106781187));
#6021 = PCURVE('',#5258,#6022);
#6022 = DEFINITIONAL_REPRESENTATION('',(#6023),#6030);
#6023 = B_SPLINE_CURVE_WITH_KNOTS('',5,(#6024,#6025,#6026,#6027,#6028,
    #6029),.UNSPECIFIED.,.F.,.F.,(6,6),(1.574906327392,1.589647187053),
  .PIECEWISE_BEZIER_KNOTS.);
#6024 = CARTESIAN_POINT('',(-3.661081428591,5.185829906421));
#6025 = CARTESIAN_POINT('',(-3.658133256659,4.907819641329));
#6026 = CARTESIAN_POINT('',(-3.655185084727,4.629813587069));
#6027 = CARTESIAN_POINT('',(-3.652236912795,4.351816777781));
#6028 = CARTESIAN_POINT('',(-3.649288740863,4.073834247451));
#6029 = CARTESIAN_POINT('',(-3.64634056893,3.795871029367));
#6030 = ( GEOMETRIC_REPRESENTATION_CONTEXT(2) 
PARAMETRIC_REPRESENTATION_CONTEXT() REPRESENTATION_CONTEXT('2D SPACE',''
  ) );
#6031 = PCURVE('',#4372,#6032);
#6032 = DEFINITIONAL_REPRESENTATION('',(#6033),#6037);
#6033 = ELLIPSE('',#6034,133.36033893178,94.3);
#6034 = AXIS2_PLACEMENT_2D('',#6035,#6036);
#6035 = CARTESIAN_POINT('',(-0.711917754108,90.3));
#6036 = DIRECTION('',(-1.,0.));
#6037 = ( GEOMETRIC_REPRESENTATION_CONTEXT(2) 
PARAMETRIC_REPRESENTATION_CONTEXT() REPRESENTATION_CONTEXT('2D SPACE',''
  ) );
#6038 = ORIENTED_EDGE('',*,*,#6039,.F.);
#6039 = EDGE_CURVE('',#6040,#6013,#6042,.T.);
#6040 = VERTEX_POINT('',#6041);
#6041 = CARTESIAN_POINT('',(-81.41333099291,-47.58528697651,2.43));
#6042 = SURFACE_CURVE('',#6043,(#6048,#6055),.PCURVE_S1.);
#6043 = CIRCLE('',#6044,94.3);
#6044 = AXIS2_PLACEMENT_3D('',#6045,#6046,#6047);
#6045 = CARTESIAN_POINT('',(0.,0.,2.43));
#6046 = DIRECTION('',(0.,0.,-1.));
#6047 = DIRECTION('',(1.,0.,0.));
#6048 = PCURVE('',#5258,#6049);
#6049 = DEFINITIONAL_REPRESENTATION('',(#6050),#6054);
#6050 = LINE('',#6051,#6052);
#6051 = CARTESIAN_POINT('',(-6.28318530718,5.07));
#6052 = VECTOR('',#6053,1.);
#6053 = DIRECTION('',(1.,-0.));
#6054 = ( GEOMETRIC_REPRESENTATION_CONTEXT(2) 
PARAMETRIC_REPRESENTATION_CONTEXT() REPRESENTATION_CONTEXT('2D SPACE',''
  ) );
#6055 = PCURVE('',#4632,#6056);
#6056 = DEFINITIONAL_REPRESENTATION('',(#6057),#6061);
#6057 = CIRCLE('',#6058,94.3);
#6058 = AXIS2_PLACEMENT_2D('',#6059,#6060);
#6059 = CARTESIAN_POINT('',(0.503401871577,90.3));
#6060 = DIRECTION('',(-0.5,0.866025403784));
#6061 = ( GEOMETRIC_REPRESENTATION_CONTEXT(2) 
PARAMETRIC_REPRESENTATION_CONTEXT() REPRESENTATION_CONTEXT('2D SPACE',''
  ) );
#6062 = ORIENTED_EDGE('',*,*,#6063,.F.);
#6063 = EDGE_CURVE('',#6064,#6040,#6066,.T.);
#6064 = VERTEX_POINT('',#6065);
#6065 = CARTESIAN_POINT('',(-80.82266484222,-48.58175426846,
    3.588299064212));
#6066 = SURFACE_CURVE('',#6067,(#6072,#6082),.PCURVE_S1.);
#6067 = ELLIPSE('',#6068,133.36033893178,94.3);
#6068 = AXIS2_PLACEMENT_3D('',#6069,#6070,#6071);
#6069 = CARTESIAN_POINT('',(0.,0.,1.926598128423));
#6070 = DIRECTION('',(0.353553390593,-0.612372435696,-0.707106781187));
#6071 = DIRECTION('',(-0.353553390593,0.612372435696,-0.707106781187));
#6072 = PCURVE('',#5258,#6073);
#6073 = DEFINITIONAL_REPRESENTATION('',(#6074),#6081);
#6074 = B_SPLINE_CURVE_WITH_KNOTS('',5,(#6075,#6076,#6077,#6078,#6079,
    #6080),.UNSPECIFIED.,.F.,.F.,(6,6),(4.693538120127,4.708278979788),
  .PIECEWISE_BEZIER_KNOTS.);
#6075 = CARTESIAN_POINT('',(-3.684042289446,3.795871029367));
#6076 = CARTESIAN_POINT('',(-3.681094117514,4.073834247451));
#6077 = CARTESIAN_POINT('',(-3.678145945582,4.351816777781));
#6078 = CARTESIAN_POINT('',(-3.675197773649,4.629813587069));
#6079 = CARTESIAN_POINT('',(-3.672249601717,4.907819641329));
#6080 = CARTESIAN_POINT('',(-3.669301429785,5.185829906421));
#6081 = ( GEOMETRIC_REPRESENTATION_CONTEXT(2) 
PARAMETRIC_REPRESENTATION_CONTEXT() REPRESENTATION_CONTEXT('2D SPACE',''
  ) );
#6082 = PCURVE('',#4605,#6083);
#6083 = DEFINITIONAL_REPRESENTATION('',(#6084),#6088);
#6084 = ELLIPSE('',#6085,133.36033893178,94.3);
#6085 = AXIS2_PLACEMENT_2D('',#6086,#6087);
#6086 = CARTESIAN_POINT('',(2.35,90.3));
#6087 = DIRECTION('',(1.,0.));
#6088 = ( GEOMETRIC_REPRESENTATION_CONTEXT(2) 
PARAMETRIC_REPRESENTATION_CONTEXT() REPRESENTATION_CONTEXT('2D SPACE',''
  ) );
#6089 = ORIENTED_EDGE('',*,*,#6090,.T.);
#6090 = EDGE_CURVE('',#6064,#6091,#6093,.T.);
#6091 = VERTEX_POINT('',#6092);
#6092 = CARTESIAN_POINT('',(-81.32496679331,-47.73614747825,7.5));
#6093 = SURFACE_CURVE('',#6094,(#6121,#6172),.PCURVE_S1.);
#6094 = B_SPLINE_CURVE_WITH_KNOTS('',7,(#6095,#6096,#6097,#6098,#6099,
    #6100,#6101,#6102,#6103,#6104,#6105,#6106,#6107,#6108,#6109,#6110,
    #6111,#6112,#6113,#6114,#6115,#6116,#6117,#6118,#6119,#6120),
  .UNSPECIFIED.,.F.,.F.,(8,6,6,6,8),(0.,1.,1.831192243813,2.108287493849
    ,2.533916097587),.UNSPECIFIED.);
#6095 = CARTESIAN_POINT('',(-80.82266484222,-48.58175426846,
    3.588299064212));
#6096 = CARTESIAN_POINT('',(-80.71797237635,-48.75592509057,
    3.79148165369));
#6097 = CARTESIAN_POINT('',(-80.63229770238,-48.89746535207,
    4.014865414281));
#6098 = CARTESIAN_POINT('',(-80.56500644174,-49.00809431778,
    4.251237105623));
#6099 = CARTESIAN_POINT('',(-80.51525141784,-49.08964543336,
    4.495901874304));
#6100 = CARTESIAN_POINT('',(-80.48232978671,-49.14352030984,
    4.74549694843));
#6101 = CARTESIAN_POINT('',(-80.46583307389,-49.17051665097,
    4.997597043617));
#6102 = CARTESIAN_POINT('',(-80.46583307389,-49.17051665097,
    5.459795379661));
#6103 = CARTESIAN_POINT('',(-80.47723015445,-49.15186572334,
    5.669466168299));
#6104 = CARTESIAN_POINT('',(-80.5000009249,-49.11460217014,
    5.877683125205));
#6105 = CARTESIAN_POINT('',(-80.53432428913,-49.05837192827,
    6.083012701696));
#6106 = CARTESIAN_POINT('',(-80.58053516844,-48.98250535652,
    6.283704347501));
#6107 = CARTESIAN_POINT('',(-80.63906350424,-48.88609655642,
    6.477440763425));
#6108 = CARTESIAN_POINT('',(-80.73411190954,-48.72879318936,
    6.722176667675));
#6109 = CARTESIAN_POINT('',(-80.75929632814,-48.68706292321,
    6.782240302899));
#6110 = CARTESIAN_POINT('',(-80.78591475256,-48.64289785706,
    6.841049453051));
#6111 = CARTESIAN_POINT('',(-80.81397857851,-48.59626683941,
    6.898462234489));
#6112 = CARTESIAN_POINT('',(-80.84349673069,-48.54714153998,
    6.954323676975));
#6113 = CARTESIAN_POINT('',(-80.8744754894,-48.495496729,7.008465538566)
  );
#6114 = CARTESIAN_POINT('',(-80.95675170644,-48.35807858124,
    7.140949596201));
#6115 = CARTESIAN_POINT('',(-81.01013834593,-48.26868520645,
    7.216866249701));
#6116 = CARTESIAN_POINT('',(-81.0669764187,-48.1732410243,7.287539897457
    ));
#6117 = CARTESIAN_POINT('',(-81.12711032918,-48.07194112057,
    7.352069183227));
#6118 = CARTESIAN_POINT('',(-81.19033271944,-47.96506612873,
    7.409567591612));
#6119 = CARTESIAN_POINT('',(-81.25638648544,-47.85298328414,
    7.459163461584));
#6120 = CARTESIAN_POINT('',(-81.32496679331,-47.73614747825,7.5));
#6121 = PCURVE('',#5258,#6122);
#6122 = DEFINITIONAL_REPRESENTATION('',(#6123),#6171);
#6123 = B_SPLINE_CURVE_WITH_KNOTS('',3,(#6124,#6125,#6126,#6127,#6128,
    #6129,#6130,#6131,#6132,#6133,#6134,#6135,#6136,#6137,#6138,#6139,
    #6140,#6141,#6142,#6143,#6144,#6145,#6146,#6147,#6148,#6149,#6150,
    #6151,#6152,#6153,#6154,#6155,#6156,#6157,#6158,#6159,#6160,#6161,
    #6162,#6163,#6164,#6165,#6166,#6167,#6168,#6169,#6170),
  .UNSPECIFIED.,.F.,.F.,(4,1,1,1,1,1,1,1,1,1,1,1,1,1,1,1,1,1,1,1,1,1,1,1
    ,1,1,1,1,1,1,1,1,1,1,1,1,1,1,1,1,1,1,1,1,4),(0.,5.758900221788E-02,
    0.115178004436,0.172767006654,0.230356008872,0.287945011089,
    0.345534013307,0.403123015525,0.460712017743,0.518301019961,
    0.575890022179,0.633479024397,0.691068026615,0.748657028832,
    0.80624603105,0.863835033268,0.921424035486,0.979013037704,
    1.036602039922,1.09419104214,1.151780044358,1.209369046575,
    1.266958048793,1.324547051011,1.382136053229,1.439725055447,
    1.497314057665,1.554903059883,1.612492062101,1.670081064319,
    1.727670066536,1.785259068754,1.842848070972,1.90043707319,
    1.958026075408,2.015615077626,2.073204079844,2.130793082062,
    2.188382084279,2.245971086497,2.303560088715,2.361149090933,
    2.418738093151,2.476327095369,2.533916097587),
  .QUASI_UNIFORM_KNOTS.);
#6124 = CARTESIAN_POINT('',(-3.682813772188,3.911700935788));
#6125 = CARTESIAN_POINT('',(-3.683103346158,3.884396650402));
#6126 = CARTESIAN_POINT('',(-3.683663897083,3.828856849538));
#6127 = CARTESIAN_POINT('',(-3.684449715987,3.743008158637));
#6128 = CARTESIAN_POINT('',(-3.685181310275,3.654883069281));
#6129 = CARTESIAN_POINT('',(-3.685859465216,3.564716555921));
#6130 = CARTESIAN_POINT('',(-3.686484955893,3.472727510005));
#6131 = CARTESIAN_POINT('',(-3.687058539658,3.379117526156));
#6132 = CARTESIAN_POINT('',(-3.68758094797,3.284072976011));
#6133 = CARTESIAN_POINT('',(-3.688052879071,3.187766088031));
#6134 = CARTESIAN_POINT('',(-3.68847499102,3.090356195471));
#6135 = CARTESIAN_POINT('',(-3.68884789514,2.991990856051));
#6136 = CARTESIAN_POINT('',(-3.689172149779,2.892806937555));
#6137 = CARTESIAN_POINT('',(-3.689448254328,2.792931659586));
#6138 = CARTESIAN_POINT('',(-3.689676643456,2.692483606866));
#6139 = CARTESIAN_POINT('',(-3.689857681383,2.591573732963));
#6140 = CARTESIAN_POINT('',(-3.689991656609,2.490306334134));
#6141 = CARTESIAN_POINT('',(-3.690078775173,2.388780126205));
#6142 = CARTESIAN_POINT('',(-3.690119159384,2.287088983793));
#6143 = CARTESIAN_POINT('',(-3.690112825787,2.185324042281));
#6144 = CARTESIAN_POINT('',(-3.690059765041,2.083653761763));
#6145 = CARTESIAN_POINT('',(-3.689959917072,1.982160731001));
#6146 = CARTESIAN_POINT('',(-3.689813128902,1.880947552281));
#6147 = CARTESIAN_POINT('',(-3.689619169881,1.780116742891));
#6148 = CARTESIAN_POINT('',(-3.689377732745,1.679777295821));
#6149 = CARTESIAN_POINT('',(-3.689088438619,1.580044134114));
#6150 = CARTESIAN_POINT('',(-3.688750841115,1.481039508912));
#6151 = CARTESIAN_POINT('',(-3.688364430856,1.382893921303));
#6152 = CARTESIAN_POINT('',(-3.687928640041,1.285747212256));
#6153 = CARTESIAN_POINT('',(-3.687442847392,1.189749678128));
#6154 = CARTESIAN_POINT('',(-3.686906382534,1.09506315222));
#6155 = CARTESIAN_POINT('',(-3.686318533403,1.00186244778));
#6156 = CARTESIAN_POINT('',(-3.685678543326,0.910335655038));
#6157 = CARTESIAN_POINT('',(-3.684985647674,0.820688941351));
#6158 = CARTESIAN_POINT('',(-3.684238952625,0.733133378099));
#6159 = CARTESIAN_POINT('',(-3.683437756748,0.647924425575));
#6160 = CARTESIAN_POINT('',(-3.682581460125,0.565341212478));
#6161 = CARTESIAN_POINT('',(-3.68166945448,0.485678917502));
#6162 = CARTESIAN_POINT('',(-3.680701442408,0.409268555479));
#6163 = CARTESIAN_POINT('',(-3.679675645199,0.336358349229));
#6164 = CARTESIAN_POINT('',(-3.678593284285,0.267437617986));
#6165 = CARTESIAN_POINT('',(-3.677455696513,0.202970619752));
#6166 = CARTESIAN_POINT('',(-3.676264563849,0.143423058554));
#6167 = CARTESIAN_POINT('',(-3.67502186098,8.925484795898E-02));
#6168 = CARTESIAN_POINT('',(-3.67372983414,4.092254050531E-02));
#6169 = CARTESIAN_POINT('',(-3.672837369509,1.289207161601E-02));
#6170 = CARTESIAN_POINT('',(-3.672383781742,1.127986593019E-13));
#6171 = ( GEOMETRIC_REPRESENTATION_CONTEXT(2) 
PARAMETRIC_REPRESENTATION_CONTEXT() REPRESENTATION_CONTEXT('2D SPACE',''
  ) );
#6172 = PCURVE('',#4507,#6173);
#6173 = DEFINITIONAL_REPRESENTATION('',(#6174),#6222);
#6174 = B_SPLINE_CURVE_WITH_KNOTS('',3,(#6175,#6176,#6177,#6178,#6179,
    #6180,#6181,#6182,#6183,#6184,#6185,#6186,#6187,#6188,#6189,#6190,
    #6191,#6192,#6193,#6194,#6195,#6196,#6197,#6198,#6199,#6200,#6201,
    #6202,#6203,#6204,#6205,#6206,#6207,#6208,#6209,#6210,#6211,#6212,
    #6213,#6214,#6215,#6216,#6217,#6218,#6219,#6220,#6221),
  .UNSPECIFIED.,.F.,.F.,(4,1,1,1,1,1,1,1,1,1,1,1,1,1,1,1,1,1,1,1,1,1,1,1
    ,1,1,1,1,1,1,1,1,1,1,1,1,1,1,1,1,1,1,1,1,4),(0.,5.758900221788E-02,
    0.115178004436,0.172767006654,0.230356008872,0.287945011089,
    0.345534013307,0.403123015525,0.460712017743,0.518301019961,
    0.575890022179,0.633479024397,0.691068026615,0.748657028832,
    0.80624603105,0.863835033268,0.921424035486,0.979013037704,
    1.036602039922,1.09419104214,1.151780044358,1.209369046575,
    1.266958048793,1.324547051011,1.382136053229,1.439725055447,
    1.497314057665,1.554903059883,1.612492062101,1.670081064319,
    1.727670066536,1.785259068754,1.842848070972,1.90043707319,
    1.958026075408,2.015615077626,2.073204079844,2.130793082062,
    2.188382084279,2.245971086497,2.303560088715,2.361149090933,
    2.418738093151,2.476327095369,2.533916097587),
  .QUASI_UNIFORM_KNOTS.);
#6175 = CARTESIAN_POINT('',(10.210176124167,-3.985358089154));
#6176 = CARTESIAN_POINT('',(10.193745869739,-3.9848768128));
#6177 = CARTESIAN_POINT('',(10.161129954158,-3.983921789996));
#6178 = CARTESIAN_POINT('',(10.112889707485,-3.982522494497));
#6179 = CARTESIAN_POINT('',(10.065282021511,-3.981167506391));
#6180 = CARTESIAN_POINT('',(10.018259025281,-3.979866425437));
#6181 = CARTESIAN_POINT('',(9.97177446935,-3.978627964299));
#6182 = CARTESIAN_POINT('',(9.92578373845,-3.977459868472));
#6183 = CARTESIAN_POINT('',(9.880243488457,-3.976369012983));
#6184 = CARTESIAN_POINT('',(9.835111421599,-3.975361450523));
#6185 = CARTESIAN_POINT('',(9.790346052958,-3.974442470772));
#6186 = CARTESIAN_POINT('',(9.745906500607,-3.973616654277));
#6187 = CARTESIAN_POINT('',(9.701752285416,-3.972887924721));
#6188 = CARTESIAN_POINT('',(9.657843140691,-3.97225959795));
#6189 = CARTESIAN_POINT('',(9.614138827952,-3.971734427494));
#6190 = CARTESIAN_POINT('',(9.57059896105,-3.971314646321));
#6191 = CARTESIAN_POINT('',(9.527182823794,-3.971002003211));
#6192 = CARTESIAN_POINT('',(9.483849229598,-3.970797797506));
#6193 = CARTESIAN_POINT('',(9.440556234588,-3.970702895871));
#6194 = CARTESIAN_POINT('',(9.397261398393,-3.970717789865));
#6195 = CARTESIAN_POINT('',(9.35395527537,-3.970842419539));
#6196 = CARTESIAN_POINT('',(9.310591601267,-3.971076224422));
#6197 = CARTESIAN_POINT('',(9.267131751369,-3.971418239295));
#6198 = CARTESIAN_POINT('',(9.223535596613,-3.971867048034));
#6199 = CARTESIAN_POINT('',(9.179763708154,-3.972420765649));
#6200 = CARTESIAN_POINT('',(9.135776537165,-3.973077006207));
#6201 = CARTESIAN_POINT('',(9.091534415032,-3.973832848436));
#6202 = CARTESIAN_POINT('',(9.046997337907,-3.974684796268));
#6203 = CARTESIAN_POINT('',(9.002124801513,-3.975628735626));
#6204 = CARTESIAN_POINT('',(8.956875621214,-3.976659887136));
#6205 = CARTESIAN_POINT('',(8.911207689484,-3.977772756905));
#6206 = CARTESIAN_POINT('',(8.865077881122,-3.9789610792));
#6207 = CARTESIAN_POINT('',(8.818441262418,-3.980217775775));
#6208 = CARTESIAN_POINT('',(8.771252715254,-3.981534841114));
#6209 = CARTESIAN_POINT('',(8.723458569092,-3.982903514965));
#6210 = CARTESIAN_POINT('',(8.67501666561,-3.984313640034));
#6211 = CARTESIAN_POINT('',(8.625886191364,-3.985753853609));
#6212 = CARTESIAN_POINT('',(8.576021192593,-3.987211740989));
#6213 = CARTESIAN_POINT('',(8.525384672128,-3.988673405785));
#6214 = CARTESIAN_POINT('',(8.473859663293,-3.990125907207));
#6215 = CARTESIAN_POINT('',(8.421473887352,-3.991550889131));
#6216 = CARTESIAN_POINT('',(8.368238432987,-3.992929468942));
#6217 = CARTESIAN_POINT('',(8.314162400244,-3.99424207588));
#6218 = CARTESIAN_POINT('',(8.259248951713,-3.99546883584));
#6219 = CARTESIAN_POINT('',(8.203497007735,-3.996589752432));
#6220 = CARTESIAN_POINT('',(8.165764543996,-3.997253355194));
#6221 = CARTESIAN_POINT('',(8.146756152563,-3.997560944067));
#6222 = ( GEOMETRIC_REPRESENTATION_CONTEXT(2) 
PARAMETRIC_REPRESENTATION_CONTEXT() REPRESENTATION_CONTEXT('2D SPACE',''
  ) );
#6223 = ORIENTED_EDGE('',*,*,#6224,.T.);
#6224 = EDGE_CURVE('',#6091,#6225,#6227,.T.);
#6225 = VERTEX_POINT('',#6226);
#6226 = CARTESIAN_POINT('',(-0.678232998313,-94.29756094406,7.5));
#6227 = SURFACE_CURVE('',#6228,(#6233,#6240),.PCURVE_S1.);
#6228 = CIRCLE('',#6229,94.3);
#6229 = AXIS2_PLACEMENT_3D('',#6230,#6231,#6232);
#6230 = CARTESIAN_POINT('',(0.,0.,7.5));
#6231 = DIRECTION('',(0.,0.,1.));
#6232 = DIRECTION('',(1.,0.,-0.));
#6233 = PCURVE('',#5258,#6234);
#6234 = DEFINITIONAL_REPRESENTATION('',(#6235),#6239);
#6235 = LINE('',#6236,#6237);
#6236 = CARTESIAN_POINT('',(-0.,0.));
#6237 = VECTOR('',#6238,1.);
#6238 = DIRECTION('',(-1.,0.));
#6239 = ( GEOMETRIC_REPRESENTATION_CONTEXT(2) 
PARAMETRIC_REPRESENTATION_CONTEXT() REPRESENTATION_CONTEXT('2D SPACE',''
  ) );
#6240 = PCURVE('',#5496,#6241);
#6241 = DEFINITIONAL_REPRESENTATION('',(#6242),#6246);
#6242 = LINE('',#6243,#6244);
#6243 = CARTESIAN_POINT('',(-0.,6.28318530718));
#6244 = VECTOR('',#6245,1.);
#6245 = DIRECTION('',(-1.,0.));
#6246 = ( GEOMETRIC_REPRESENTATION_CONTEXT(2) 
PARAMETRIC_REPRESENTATION_CONTEXT() REPRESENTATION_CONTEXT('2D SPACE',''
  ) );
#6247 = ORIENTED_EDGE('',*,*,#6248,.T.);
#6248 = EDGE_CURVE('',#6225,#6249,#6251,.T.);
#6249 = VERTEX_POINT('',#6250);
#6250 = CARTESIAN_POINT('',(-1.661700935788,-94.28535808915,
    3.588299064212));
#6251 = SURFACE_CURVE('',#6252,(#6279,#6330),.PCURVE_S1.);
#6252 = B_SPLINE_CURVE_WITH_KNOTS('',7,(#6253,#6254,#6255,#6256,#6257,
    #6258,#6259,#6260,#6261,#6262,#6263,#6264,#6265,#6266,#6267,#6268,
    #6269,#6270,#6271,#6272,#6273,#6274,#6275,#6276,#6277,#6278),
  .UNSPECIFIED.,.F.,.F.,(8,6,6,6,8),(0.,0.277445545656,0.458099254086,
    0.999999417452,1.651920910399),.UNSPECIFIED.);
#6253 = CARTESIAN_POINT('',(-0.678232998313,-94.29756094406,7.5));
#6254 = CARTESIAN_POINT('',(-0.813659444477,-94.29658689252,
    7.459177473497));
#6255 = CARTESIAN_POINT('',(-0.943745411984,-94.29542428827,
    7.409590900378));
#6256 = CARTESIAN_POINT('',(-1.067928999305,-94.29410953706,
    7.352091651022));
#6257 = CARTESIAN_POINT('',(-1.185749348324,-94.29268172321,
    7.287551468872));
#6258 = CARTESIAN_POINT('',(-1.296847041494,-94.29118027413,
    7.216862363981));
#6259 = CARTESIAN_POINT('',(-1.400964498997,-94.28964262489,
    7.14093650656));
#6260 = CARTESIAN_POINT('',(-1.56109439176,-94.28709865606,
    7.008465538566));
#6261 = CARTESIAN_POINT('',(-1.621309489394,-94.28609266954,
    6.954323676975));
#6262 = CARTESIAN_POINT('',(-1.678612322759,-94.28509184959,
    6.898462234489));
#6263 = CARTESIAN_POINT('',(-1.733027881627,-94.28410337221,
    6.841049453051));
#6264 = CARTESIAN_POINT('',(-1.784585163079,-94.28313367353,
    6.782240302899));
#6265 = CARTESIAN_POINT('',(-1.833316842978,-94.28218846032,
    6.722176667675));
#6266 = CARTESIAN_POINT('',(-2.017069757599,-94.27852581027,
    6.477440763425));
#6267 = CARTESIAN_POINT('',(-2.12982639554,-94.27604318467,
    6.283704347501));
#6268 = CARTESIAN_POINT('',(-2.218634213628,-94.27395667514,
    6.083012701696));
#6269 = CARTESIAN_POINT('',(-2.284492713663,-94.27234689071,
    5.877683125206));
#6270 = CARTESIAN_POINT('',(-2.32814928259,-94.27125860164,
    5.669466168299));
#6271 = CARTESIAN_POINT('',(-2.35,-94.27071390416,5.459795379661));
#6272 = CARTESIAN_POINT('',(-2.35,-94.27071390416,4.997610120151));
#6273 = CARTESIAN_POINT('',(-2.318376698858,-94.27150220011,
    4.745515608082));
#6274 = CARTESIAN_POINT('',(-2.255255174012,-94.273075791,4.495898841075
    ));
#6275 = CARTESIAN_POINT('',(-2.159756603768,-94.27538931091,
    4.251243467034));
#6276 = CARTESIAN_POINT('',(-2.030292077703,-94.27835098447,
    4.014855364665));
#6277 = CARTESIAN_POINT('',(-1.864880034669,-94.2817772267,
    3.791478163092));
#6278 = CARTESIAN_POINT('',(-1.661700935788,-94.28535808915,
    3.588299064212));
#6279 = PCURVE('',#5258,#6280);
#6280 = DEFINITIONAL_REPRESENTATION('',(#6281),#6329);
#6281 = B_SPLINE_CURVE_WITH_KNOTS('',3,(#6282,#6283,#6284,#6285,#6286,
    #6287,#6288,#6289,#6290,#6291,#6292,#6293,#6294,#6295,#6296,#6297,
    #6298,#6299,#6300,#6301,#6302,#6303,#6304,#6305,#6306,#6307,#6308,
    #6309,#6310,#6311,#6312,#6313,#6314,#6315,#6316,#6317,#6318,#6319,
    #6320,#6321,#6322,#6323,#6324,#6325,#6326,#6327,#6328),
  .UNSPECIFIED.,.F.,.F.,(4,1,1,1,1,1,1,1,1,1,1,1,1,1,1,1,1,1,1,1,1,1,1,1
    ,1,1,1,1,1,1,1,1,1,1,1,1,1,1,1,1,1,1,1,1,4),(0.,3.754365705453E-02,
    7.508731410906E-02,0.112630971164,0.150174628218,0.187718285273,
    0.225261942327,0.262805599382,0.300349256436,0.337892913491,
    0.375436570545,0.4129802276,0.450523884654,0.488067541709,
    0.525611198763,0.563154855818,0.600698512872,0.638242169927,
    0.675785826982,0.713329484036,0.750873141091,0.788416798145,
    0.8259604552,0.863504112254,0.901047769309,0.938591426363,
    0.976135083418,1.013678740472,1.051222397527,1.088766054581,
    1.126309711636,1.16385336869,1.201397025745,1.2389406828,
    1.276484339854,1.314027996909,1.351571653963,1.389115311018,
    1.426658968072,1.464202625127,1.501746282181,1.539289939236,
    1.57683359629,1.614377253345,1.651920910399),.QUASI_UNIFORM_KNOTS.);
#6282 = CARTESIAN_POINT('',(-4.705196627831,1.740829702612E-13));
#6283 = CARTESIAN_POINT('',(-4.704743143052,1.288900557488E-02));
#6284 = CARTESIAN_POINT('',(-4.703850783175,4.091555642419E-02));
#6285 = CARTESIAN_POINT('',(-4.702558689792,8.924883019569E-02));
#6286 = CARTESIAN_POINT('',(-4.701315778479,0.143425655235));
#6287 = CARTESIAN_POINT('',(-4.700124371006,0.202988171509));
#6288 = CARTESIAN_POINT('',(-4.698986512875,0.267473816066));
#6289 = CARTESIAN_POINT('',(-4.697903951897,0.3364125917));
#6290 = CARTESIAN_POINT('',(-4.696878083096,0.409334804445));
#6291 = CARTESIAN_POINT('',(-4.695910187233,0.485742917957));
#6292 = CARTESIAN_POINT('',(-4.694998263957,0.565404252986));
#6293 = CARTESIAN_POINT('',(-4.694142051499,0.647985485986));
#6294 = CARTESIAN_POINT('',(-4.693340932062,0.733192133049));
#6295 = CARTESIAN_POINT('',(-4.692594308361,0.82074494541));
#6296 = CARTESIAN_POINT('',(-4.691901478223,0.910388574154));
#6297 = CARTESIAN_POINT('',(-4.69126154816,1.001911977725));
#6298 = CARTESIAN_POINT('',(-4.690673753634,1.095109028069));
#6299 = CARTESIAN_POINT('',(-4.690137338109,1.189791669239));
#6300 = CARTESIAN_POINT('',(-4.689651589639,1.285785119339));
#6301 = CARTESIAN_POINT('',(-4.689215837965,1.382927573349));
#6302 = CARTESIAN_POINT('',(-4.688829461917,1.481068760528));
#6303 = CARTESIAN_POINT('',(-4.688491893794,1.580068863167));
#6304 = CARTESIAN_POINT('',(-4.688202624308,1.679797401206));
#6305 = CARTESIAN_POINT('',(-4.687961207151,1.780132143151));
#6306 = CARTESIAN_POINT('',(-4.687767263512,1.880958182284));
#6307 = CARTESIAN_POINT('',(-4.687620486185,1.982166547076));
#6308 = CARTESIAN_POINT('',(-4.687520644554,2.083654716386));
#6309 = CARTESIAN_POINT('',(-4.687467585676,2.185320173525));
#6310 = CARTESIAN_POINT('',(-4.687461249446,2.287080077516));
#6311 = CARTESIAN_POINT('',(-4.687501626162,2.388767434983));
#6312 = CARTESIAN_POINT('',(-4.687588736349,2.4902914918));
#6313 = CARTESIAN_POINT('',(-4.687722703979,2.591558239874));
#6314 = CARTESIAN_POINT('',(-4.687903736073,2.69246868321));
#6315 = CARTESIAN_POINT('',(-4.688132121602,2.792918175143));
#6316 = CARTESIAN_POINT('',(-4.688408225049,2.892795434004));
#6317 = CARTESIAN_POINT('',(-4.688732481226,2.991981606381));
#6318 = CARTESIAN_POINT('',(-4.689105389535,3.090349275214));
#6319 = CARTESIAN_POINT('',(-4.68952750814,3.187761435893));
#6320 = CARTESIAN_POINT('',(-4.689999447882,3.284070431617));
#6321 = CARTESIAN_POINT('',(-4.690521865964,3.379116841006));
#6322 = CARTESIAN_POINT('',(-4.691095459363,3.472728336013));
#6323 = CARTESIAN_POINT('',(-4.691720957941,3.564718426112));
#6324 = CARTESIAN_POINT('',(-4.692399117289,3.654885388043));
#6325 = CARTESIAN_POINT('',(-4.693130711035,3.743010249224));
#6326 = CARTESIAN_POINT('',(-4.693916523551,3.828858034329));
#6327 = CARTESIAN_POINT('',(-4.694477067456,3.884397044858));
#6328 = CARTESIAN_POINT('',(-4.694766637384,3.911700935788));
#6329 = ( GEOMETRIC_REPRESENTATION_CONTEXT(2) 
PARAMETRIC_REPRESENTATION_CONTEXT() REPRESENTATION_CONTEXT('2D SPACE',''
  ) );
#6330 = PCURVE('',#4801,#6331);
#6331 = DEFINITIONAL_REPRESENTATION('',(#6332),#6380);
#6332 = B_SPLINE_CURVE_WITH_KNOTS('',3,(#6333,#6334,#6335,#6336,#6337,
    #6338,#6339,#6340,#6341,#6342,#6343,#6344,#6345,#6346,#6347,#6348,
    #6349,#6350,#6351,#6352,#6353,#6354,#6355,#6356,#6357,#6358,#6359,
    #6360,#6361,#6362,#6363,#6364,#6365,#6366,#6367,#6368,#6369,#6370,
    #6371,#6372,#6373,#6374,#6375,#6376,#6377,#6378,#6379),
  .UNSPECIFIED.,.F.,.F.,(4,1,1,1,1,1,1,1,1,1,1,1,1,1,1,1,1,1,1,1,1,1,1,1
    ,1,1,1,1,1,1,1,1,1,1,1,1,1,1,1,1,1,1,1,1,4),(0.,3.754365705453E-02,
    7.508731410906E-02,0.112630971164,0.150174628218,0.187718285273,
    0.225261942327,0.262805599382,0.300349256436,0.337892913491,
    0.375436570545,0.4129802276,0.450523884654,0.488067541709,
    0.525611198763,0.563154855818,0.600698512872,0.638242169927,
    0.675785826982,0.713329484036,0.750873141091,0.788416798145,
    0.8259604552,0.863504112254,0.901047769309,0.938591426363,
    0.976135083418,1.013678740472,1.051222397527,1.088766054581,
    1.126309711636,1.16385336869,1.201397025745,1.2389406828,
    1.276484339854,1.314027996909,1.351571653963,1.389115311018,
    1.426658968072,1.464202625127,1.501746282181,1.539289939236,
    1.57683359629,1.614377253345,1.651920910399),.QUASI_UNIFORM_KNOTS.);
#6333 = CARTESIAN_POINT('',(7.561207115386,-3.997560944067));
#6334 = CARTESIAN_POINT('',(7.54220304723,-3.997253428951));
#6335 = CARTESIAN_POINT('',(7.50447510967,-3.996589917319));
#6336 = CARTESIAN_POINT('',(7.448720526233,-3.995468974536));
#6337 = CARTESIAN_POINT('',(7.393797960807,-3.994242016176));
#6338 = CARTESIAN_POINT('',(7.339709218901,-3.992929083854));
#6339 = CARTESIAN_POINT('',(7.286460393986,-3.991550123016));
#6340 = CARTESIAN_POINT('',(7.234063680782,-3.990124801871));
#6341 = CARTESIAN_POINT('',(7.182533306243,-3.988672111486));
#6342 = CARTESIAN_POINT('',(7.131900973625,-3.987210544266));
#6343 = CARTESIAN_POINT('',(7.082038672423,-3.985752727497));
#6344 = CARTESIAN_POINT('',(7.032911160027,-3.984312603221));
#6345 = CARTESIAN_POINT('',(6.984472022332,-3.982902570458));
#6346 = CARTESIAN_POINT('',(6.936680580216,-3.981533993033));
#6347 = CARTESIAN_POINT('',(6.889494639805,-3.980217024877));
#6348 = CARTESIAN_POINT('',(6.842860548433,-3.97896042465));
#6349 = CARTESIAN_POINT('',(6.79673319433,-3.977772196174));
#6350 = CARTESIAN_POINT('',(6.751067651345,-3.976659416251));
#6351 = CARTESIAN_POINT('',(6.705820800963,-3.975628349345));
#6352 = CARTESIAN_POINT('',(6.660950542139,-3.974684488249));
#6353 = CARTESIAN_POINT('',(6.616415696438,-3.973832611402));
#6354 = CARTESIAN_POINT('',(6.572175765573,-3.973076832081));
#6355 = CARTESIAN_POINT('',(6.528190751591,-3.972420645691));
#6356 = CARTESIAN_POINT('',(6.484420991471,-3.971866972962));
#6357 = CARTESIAN_POINT('',(6.440826942651,-3.971418199392));
#6358 = CARTESIAN_POINT('',(6.397369179781,-3.97107620964));
#6359 = CARTESIAN_POINT('',(6.354007587555,-3.970842419578));
#6360 = CARTESIAN_POINT('',(6.310703516848,-3.970717794319));
#6361 = CARTESIAN_POINT('',(6.267410821793,-3.970702894085));
#6362 = CARTESIAN_POINT('',(6.224119446886,-3.970797778664));
#6363 = CARTESIAN_POINT('',(6.180786793302,-3.971001964963));
#6364 = CARTESIAN_POINT('',(6.13737096906,-3.971314590336));
#6365 = CARTESIAN_POINT('',(6.09383090195,-3.971734358037));
#6366 = CARTESIAN_POINT('',(6.05012601991,-3.972259520622));
#6367 = CARTESIAN_POINT('',(6.006216070317,-3.97288784576));
#6368 = CARTESIAN_POINT('',(5.962060921021,-3.973616580019));
#6369 = CARTESIAN_POINT('',(5.917620380197,-3.974442407175));
#6370 = CARTESIAN_POINT('',(5.872854018921,-3.975361402639));
#6371 = CARTESIAN_POINT('',(5.827720993821,-3.976368984361));
#6372 = CARTESIAN_POINT('',(5.782179861466,-3.977459860521));
#6373 = CARTESIAN_POINT('',(5.736188379962,-3.978627975703));
#6374 = CARTESIAN_POINT('',(5.689703278281,-3.979866451794));
#6375 = CARTESIAN_POINT('',(5.642680024036,-3.981167540242));
#6376 = CARTESIAN_POINT('',(5.59507242914,-3.982522526228));
#6377 = CARTESIAN_POINT('',(5.546832642545,-3.983921809196));
#6378 = CARTESIAN_POINT('',(5.514217165463,-3.984876819565));
#6379 = CARTESIAN_POINT('',(5.497787143782,-3.985358089154));
#6380 = ( GEOMETRIC_REPRESENTATION_CONTEXT(2) 
PARAMETRIC_REPRESENTATION_CONTEXT() REPRESENTATION_CONTEXT('2D SPACE',''
  ) );
#6381 = ORIENTED_EDGE('',*,*,#6382,.F.);
#6382 = EDGE_CURVE('',#6383,#6249,#6385,.T.);
#6383 = VERTEX_POINT('',#6384);
#6384 = CARTESIAN_POINT('',(-0.503401871577,-94.29865633483,2.43));
#6385 = SURFACE_CURVE('',#6386,(#6391,#6401),.PCURVE_S1.);
#6386 = ELLIPSE('',#6387,133.36033893178,94.3);
#6387 = AXIS2_PLACEMENT_3D('',#6388,#6389,#6390);
#6388 = CARTESIAN_POINT('',(0.,0.,1.926598128423));
#6389 = DIRECTION('',(-0.707106781187,1.570092458684E-16,-0.707106781187
    ));
#6390 = DIRECTION('',(0.707106781187,-1.570092458684E-16,-0.707106781187
    ));
#6391 = PCURVE('',#5258,#6392);
#6392 = DEFINITIONAL_REPRESENTATION('',(#6393),#6400);
#6393 = B_SPLINE_CURVE_WITH_KNOTS('',5,(#6394,#6395,#6396,#6397,#6398,
    #6399),.UNSPECIFIED.,.F.,.F.,(6,6),(1.574906327392,1.589647187053),
  .PIECEWISE_BEZIER_KNOTS.);
#6394 = CARTESIAN_POINT('',(-4.708278979788,5.185829906421));
#6395 = CARTESIAN_POINT('',(-4.705330807855,4.907819641329));
#6396 = CARTESIAN_POINT('',(-4.702382635923,4.629813587069));
#6397 = CARTESIAN_POINT('',(-4.699434463991,4.351816777781));
#6398 = CARTESIAN_POINT('',(-4.696486292059,4.073834247451));
#6399 = CARTESIAN_POINT('',(-4.693538120127,3.795871029367));
#6400 = ( GEOMETRIC_REPRESENTATION_CONTEXT(2) 
PARAMETRIC_REPRESENTATION_CONTEXT() REPRESENTATION_CONTEXT('2D SPACE',''
  ) );
#6401 = PCURVE('',#4672,#6402);
#6402 = DEFINITIONAL_REPRESENTATION('',(#6403),#6407);
#6403 = ELLIPSE('',#6404,133.36033893178,94.3);
#6404 = AXIS2_PLACEMENT_2D('',#6405,#6406);
#6405 = CARTESIAN_POINT('',(-0.711917754108,90.3));
#6406 = DIRECTION('',(-1.,0.));
#6407 = ( GEOMETRIC_REPRESENTATION_CONTEXT(2) 
PARAMETRIC_REPRESENTATION_CONTEXT() REPRESENTATION_CONTEXT('2D SPACE',''
  ) );
#6408 = ORIENTED_EDGE('',*,*,#6409,.F.);
#6409 = EDGE_CURVE('',#6410,#6383,#6412,.T.);
#6410 = VERTEX_POINT('',#6411);
#6411 = CARTESIAN_POINT('',(0.503401871577,-94.29865633483,2.43));
#6412 = SURFACE_CURVE('',#6413,(#6418,#6425),.PCURVE_S1.);
#6413 = CIRCLE('',#6414,94.3);
#6414 = AXIS2_PLACEMENT_3D('',#6415,#6416,#6417);
#6415 = CARTESIAN_POINT('',(0.,0.,2.43));
#6416 = DIRECTION('',(0.,0.,-1.));
#6417 = DIRECTION('',(1.,0.,0.));
#6418 = PCURVE('',#5258,#6419);
#6419 = DEFINITIONAL_REPRESENTATION('',(#6420),#6424);
#6420 = LINE('',#6421,#6422);
#6421 = CARTESIAN_POINT('',(-6.28318530718,5.07));
#6422 = VECTOR('',#6423,1.);
#6423 = DIRECTION('',(1.,-0.));
#6424 = ( GEOMETRIC_REPRESENTATION_CONTEXT(2) 
PARAMETRIC_REPRESENTATION_CONTEXT() REPRESENTATION_CONTEXT('2D SPACE',''
  ) );
#6425 = PCURVE('',#4926,#6426);
#6426 = DEFINITIONAL_REPRESENTATION('',(#6427),#6431);
#6427 = CIRCLE('',#6428,94.3);
#6428 = AXIS2_PLACEMENT_2D('',#6429,#6430);
#6429 = CARTESIAN_POINT('',(0.503401871577,90.3));
#6430 = DIRECTION('',(-1.,2.22044604925E-16));
#6431 = ( GEOMETRIC_REPRESENTATION_CONTEXT(2) 
PARAMETRIC_REPRESENTATION_CONTEXT() REPRESENTATION_CONTEXT('2D SPACE',''
  ) );
#6432 = ORIENTED_EDGE('',*,*,#6433,.F.);
#6433 = EDGE_CURVE('',#6434,#6410,#6436,.T.);
#6434 = VERTEX_POINT('',#6435);
#6435 = CARTESIAN_POINT('',(1.661700935788,-94.28535808915,
    3.588299064212));
#6436 = SURFACE_CURVE('',#6437,(#6442,#6452),.PCURVE_S1.);
#6437 = ELLIPSE('',#6438,133.36033893178,94.3);
#6438 = AXIS2_PLACEMENT_3D('',#6439,#6440,#6441);
#6439 = CARTESIAN_POINT('',(0.,0.,1.926598128423));
#6440 = DIRECTION('',(0.707106781187,-1.570092458684E-16,-0.707106781187
    ));
#6441 = DIRECTION('',(-0.707106781187,1.570092458684E-16,-0.707106781187
    ));
#6442 = PCURVE('',#5258,#6443);
#6443 = DEFINITIONAL_REPRESENTATION('',(#6444),#6451);
#6444 = B_SPLINE_CURVE_WITH_KNOTS('',5,(#6445,#6446,#6447,#6448,#6449,
    #6450),.UNSPECIFIED.,.F.,.F.,(6,6),(4.693538120127,4.708278979788),
  .PIECEWISE_BEZIER_KNOTS.);
#6445 = CARTESIAN_POINT('',(-4.731239840642,3.795871029367));
#6446 = CARTESIAN_POINT('',(-4.72829166871,4.073834247451));
#6447 = CARTESIAN_POINT('',(-4.725343496778,4.351816777781));
#6448 = CARTESIAN_POINT('',(-4.722395324846,4.629813587069));
#6449 = CARTESIAN_POINT('',(-4.719447152914,4.907819641329));
#6450 = CARTESIAN_POINT('',(-4.716498980982,5.185829906421));
#6451 = ( GEOMETRIC_REPRESENTATION_CONTEXT(2) 
PARAMETRIC_REPRESENTATION_CONTEXT() REPRESENTATION_CONTEXT('2D SPACE',''
  ) );
#6452 = PCURVE('',#4899,#6453);
#6453 = DEFINITIONAL_REPRESENTATION('',(#6454),#6458);
#6454 = ELLIPSE('',#6455,133.36033893178,94.3);
#6455 = AXIS2_PLACEMENT_2D('',#6456,#6457);
#6456 = CARTESIAN_POINT('',(2.35,90.3));
#6457 = DIRECTION('',(1.,0.));
#6458 = ( GEOMETRIC_REPRESENTATION_CONTEXT(2) 
PARAMETRIC_REPRESENTATION_CONTEXT() REPRESENTATION_CONTEXT('2D SPACE',''
  ) );
#6459 = ORIENTED_EDGE('',*,*,#6460,.T.);
#6460 = EDGE_CURVE('',#6434,#6461,#6463,.T.);
#6461 = VERTEX_POINT('',#6462);
#6462 = CARTESIAN_POINT('',(0.678232998313,-94.29756094406,7.5));
#6463 = SURFACE_CURVE('',#6464,(#6491,#6542),.PCURVE_S1.);
#6464 = B_SPLINE_CURVE_WITH_KNOTS('',7,(#6465,#6466,#6467,#6468,#6469,
    #6470,#6471,#6472,#6473,#6474,#6475,#6476,#6477,#6478,#6479,#6480,
    #6481,#6482,#6483,#6484,#6485,#6486,#6487,#6488,#6489,#6490),
  .UNSPECIFIED.,.F.,.F.,(8,6,6,6,8),(0.,1.,1.831236008298,2.108345848138
    ,2.533996862356),.UNSPECIFIED.);
#6465 = CARTESIAN_POINT('',(1.661700935788,-94.28535808915,
    3.588299064212));
#6466 = CARTESIAN_POINT('',(1.864880262376,-94.28177722268,
    3.791478390799));
#6467 = CARTESIAN_POINT('',(2.030292507451,-94.27835097574,
    4.014855922899));
#6468 = CARTESIAN_POINT('',(2.159757001361,-94.27538930113,
    4.251244289773));
#6469 = CARTESIAN_POINT('',(2.255255388008,-94.27307578571,
    4.495899635298));
#6470 = CARTESIAN_POINT('',(2.318376753026,-94.27150219875,
    4.745516163426));
#6471 = CARTESIAN_POINT('',(2.35,-94.27071390416,4.997610332605));
#6472 = CARTESIAN_POINT('',(2.35,-94.27071390416,5.459795379661));
#6473 = CARTESIAN_POINT('',(2.32814928259,-94.27125860164,5.669466168299
    ));
#6474 = CARTESIAN_POINT('',(2.284492713663,-94.27234689071,
    5.877683125205));
#6475 = CARTESIAN_POINT('',(2.218634213628,-94.27395667514,
    6.083012701696));
#6476 = CARTESIAN_POINT('',(2.12982639554,-94.27604318467,6.283704347501
    ));
#6477 = CARTESIAN_POINT('',(2.017069757599,-94.27852581027,
    6.477440763425));
#6478 = CARTESIAN_POINT('',(1.833316842978,-94.28218846032,
    6.722176667675));
#6479 = CARTESIAN_POINT('',(1.784585163079,-94.28313367353,
    6.782240302899));
#6480 = CARTESIAN_POINT('',(1.733027881627,-94.28410337221,
    6.841049453051));
#6481 = CARTESIAN_POINT('',(1.678612322759,-94.28509184959,
    6.898462234489));
#6482 = CARTESIAN_POINT('',(1.621309489394,-94.28609266954,
    6.954323676975));
#6483 = CARTESIAN_POINT('',(1.56109439176,-94.28709865606,7.008465538566
    ));
#6484 = CARTESIAN_POINT('',(1.40094867634,-94.28964287627,7.140949596201
    ));
#6485 = CARTESIAN_POINT('',(1.296838423092,-94.29118037489,
    7.216866249701));
#6486 = CARTESIAN_POINT('',(1.185762300326,-94.29268149874,
    7.287539897457));
#6487 = CARTESIAN_POINT('',(1.067967055056,-94.29410904098,
    7.352069183227));
#6488 = CARTESIAN_POINT('',(0.943799401962,-94.29542374111,
    7.409567591612));
#6489 = CARTESIAN_POINT('',(0.813705928218,-94.29658655819,
    7.459163461584));
#6490 = CARTESIAN_POINT('',(0.678232998312,-94.29756094406,7.5));
#6491 = PCURVE('',#5258,#6492);
#6492 = DEFINITIONAL_REPRESENTATION('',(#6493),#6541);
#6493 = B_SPLINE_CURVE_WITH_KNOTS('',3,(#6494,#6495,#6496,#6497,#6498,
    #6499,#6500,#6501,#6502,#6503,#6504,#6505,#6506,#6507,#6508,#6509,
    #6510,#6511,#6512,#6513,#6514,#6515,#6516,#6517,#6518,#6519,#6520,
    #6521,#6522,#6523,#6524,#6525,#6526,#6527,#6528,#6529,#6530,#6531,
    #6532,#6533,#6534,#6535,#6536,#6537,#6538,#6539,#6540),
  .UNSPECIFIED.,.F.,.F.,(4,1,1,1,1,1,1,1,1,1,1,1,1,1,1,1,1,1,1,1,1,1,1,1
    ,1,1,1,1,1,1,1,1,1,1,1,1,1,1,1,1,1,1,1,1,4),(0.,5.759083778081E-02,
    0.115181675562,0.172772513342,0.230363351123,0.287954188904,
    0.345545026685,0.403135864466,0.460726702247,0.518317540027,
    0.575908377808,0.633499215589,0.69109005337,0.748680891151,
    0.806271728931,0.863862566712,0.921453404493,0.979044242274,
    1.036635080055,1.094225917835,1.151816755616,1.209407593397,
    1.266998431178,1.324589268959,1.38218010674,1.43977094452,
    1.497361782301,1.554952620082,1.612543457863,1.670134295644,
    1.727725133424,1.785315971205,1.842906808986,1.900497646767,
    1.958088484548,2.015679322328,2.073270160109,2.13086099789,
    2.188451835671,2.246042673452,2.303633511233,2.361224349013,
    2.418815186794,2.476406024575,2.533996862356),
  .QUASI_UNIFORM_KNOTS.);
#6494 = CARTESIAN_POINT('',(-4.730011323385,3.911700935788));
#6495 = CARTESIAN_POINT('',(-4.730300901722,3.884396252026));
#6496 = CARTESIAN_POINT('',(-4.730861461386,3.828855599438));
#6497 = CARTESIAN_POINT('',(-4.731647294383,3.743005209376));
#6498 = CARTESIAN_POINT('',(-4.732378905461,3.654877629653));
#6499 = CARTESIAN_POINT('',(-4.733057079032,3.5647078605));
#6500 = CARTESIAN_POINT('',(-4.733682588776,3.472714897004));
#6501 = CARTESIAN_POINT('',(-4.734256190355,3.379100482184));
#6502 = CARTESIAN_POINT('',(-4.734778613703,3.284051123681));
#6503 = CARTESIAN_POINT('',(-4.735250555878,3.18773916406));
#6504 = CARTESIAN_POINT('',(-4.735672674163,3.090324036749));
#6505 = CARTESIAN_POINT('',(-4.736045579478,2.991953408279));
#6506 = CARTESIAN_POINT('',(-4.736369830056,2.89276429085));
#6507 = CARTESIAN_POINT('',(-4.736645925364,2.792884107181));
#6508 = CARTESIAN_POINT('',(-4.73687430026,2.692431714531));
#6509 = CARTESIAN_POINT('',(-4.737055319264,2.5915183971));
#6510 = CARTESIAN_POINT('',(-4.737189271358,2.49024880179));
#6511 = CARTESIAN_POINT('',(-4.737276363564,2.388721926973));
#6512 = CARTESIAN_POINT('',(-4.737316719822,2.287031769381));
#6513 = CARTESIAN_POINT('',(-4.737310360605,2.185269117747));
#6514 = CARTESIAN_POINT('',(-4.737257276204,2.083600978684));
#6515 = CARTESIAN_POINT('',(-4.737157406457,1.982110184883));
#6516 = CARTESIAN_POINT('',(-4.737010598368,1.880899267908));
#6517 = CARTESIAN_POINT('',(-4.736816621256,1.780070758777));
#6518 = CARTESIAN_POINT('',(-4.736575167846,1.679733641623));
#6519 = CARTESIAN_POINT('',(-4.736285859254,1.580002836612));
#6520 = CARTESIAN_POINT('',(-4.735948249092,1.481000590227));
#6521 = CARTESIAN_POINT('',(-4.735561827991,1.382857399081));
#6522 = CARTESIAN_POINT('',(-4.735126028162,1.285713099201));
#6523 = CARTESIAN_POINT('',(-4.734640228349,1.189717981587));
#6524 = CARTESIAN_POINT('',(-4.734103758202,1.095033873641));
#6525 = CARTESIAN_POINT('',(-4.733515905689,1.001835581966));
#6526 = CARTESIAN_POINT('',(-4.732875914174,0.910311189726));
#6527 = CARTESIAN_POINT('',(-4.732183019062,0.820666855017));
#6528 = CARTESIAN_POINT('',(-4.731436326573,0.733113640516));
#6529 = CARTESIAN_POINT('',(-4.730635135386,0.647907001985));
#6530 = CARTESIAN_POINT('',(-4.729778845609,0.565326052622));
#6531 = CARTESIAN_POINT('',(-4.728866849061,0.485665960595));
#6532 = CARTESIAN_POINT('',(-4.727898848215,0.409257711229));
#6533 = CARTESIAN_POINT('',(-4.726873064559,0.336349525619));
#6534 = CARTESIAN_POINT('',(-4.725790719759,0.26743071209));
#6535 = CARTESIAN_POINT('',(-4.72465315054,0.202965493826));
#6536 = CARTESIAN_POINT('',(-4.72346203881,0.143419546885));
#6537 = CARTESIAN_POINT('',(-4.722219359151,8.925275547312E-02));
#6538 = CARTESIAN_POINT('',(-4.720927357673,4.092164355171E-02));
#6539 = CARTESIAN_POINT('',(-4.720034911279,1.28918037654E-02));
#6540 = CARTESIAN_POINT('',(-4.719581332939,1.767475055203E-13));
#6541 = ( GEOMETRIC_REPRESENTATION_CONTEXT(2) 
PARAMETRIC_REPRESENTATION_CONTEXT() REPRESENTATION_CONTEXT('2D SPACE',''
  ) );
#6542 = PCURVE('',#4801,#6543);
#6543 = DEFINITIONAL_REPRESENTATION('',(#6544),#6592);
#6544 = B_SPLINE_CURVE_WITH_KNOTS('',3,(#6545,#6546,#6547,#6548,#6549,
    #6550,#6551,#6552,#6553,#6554,#6555,#6556,#6557,#6558,#6559,#6560,
    #6561,#6562,#6563,#6564,#6565,#6566,#6567,#6568,#6569,#6570,#6571,
    #6572,#6573,#6574,#6575,#6576,#6577,#6578,#6579,#6580,#6581,#6582,
    #6583,#6584,#6585,#6586,#6587,#6588,#6589,#6590,#6591),
  .UNSPECIFIED.,.F.,.F.,(4,1,1,1,1,1,1,1,1,1,1,1,1,1,1,1,1,1,1,1,1,1,1,1
    ,1,1,1,1,1,1,1,1,1,1,1,1,1,1,1,1,1,1,1,1,4),(0.,5.759083778081E-02,
    0.115181675562,0.172772513342,0.230363351123,0.287954188904,
    0.345545026685,0.403135864466,0.460726702247,0.518317540027,
    0.575908377808,0.633499215589,0.69109005337,0.748680891151,
    0.806271728931,0.863862566712,0.921453404493,0.979044242274,
    1.036635080055,1.094225917835,1.151816755616,1.209407593397,
    1.266998431178,1.324589268959,1.38218010674,1.43977094452,
    1.497361782301,1.554952620082,1.612543457863,1.670134295644,
    1.727725133424,1.785315971205,1.842906808986,1.900497646767,
    1.958088484548,2.015679322328,2.073270160109,2.13086099789,
    2.188451835671,2.246042673452,2.303633511233,2.361224349013,
    2.418815186794,2.476406024575,2.533996862356),
  .QUASI_UNIFORM_KNOTS.);
#6545 = CARTESIAN_POINT('',(10.210176124167,-3.985358089154));
#6546 = CARTESIAN_POINT('',(10.193745625452,-3.984876805583));
#6547 = CARTESIAN_POINT('',(10.16112920704,-3.983921767665));
#6548 = CARTESIAN_POINT('',(10.112888045665,-3.982522445596));
#6549 = CARTESIAN_POINT('',(10.065279112363,-3.981167423761));
#6550 = CARTESIAN_POINT('',(10.018254554728,-3.979866303544));
#6551 = CARTESIAN_POINT('',(9.97176818294,-3.978627800459));
#6552 = CARTESIAN_POINT('',(9.925775462448,-3.977459663622));
#6553 = CARTESIAN_POINT('',(9.880233119626,-3.976368771583));
#6554 = CARTESIAN_POINT('',(9.835098909558,-3.975361180085));
#6555 = CARTESIAN_POINT('',(9.79033138538,-3.974442181179));
#6556 = CARTESIAN_POINT('',(9.745889699885,-3.973616357058));
#6557 = CARTESIAN_POINT('',(9.701733419935,-3.972887632384));
#6558 = CARTESIAN_POINT('',(9.657822349128,-3.972259323398));
#6559 = CARTESIAN_POINT('',(9.614116350341,-3.971734183502));
#6560 = CARTESIAN_POINT('',(9.570575165699,-3.971314444965));
#6561 = CARTESIAN_POINT('',(9.527158217089,-3.971001855141));
#6562 = CARTESIAN_POINT('',(9.483824427216,-3.970797710675));
#6563 = CARTESIAN_POINT('',(9.440531893101,-3.970702874097));
#6564 = CARTESIAN_POINT('',(9.397238024259,-3.970717828386));
#6565 = CARTESIAN_POINT('',(9.353932764198,-3.970842513463));
#6566 = CARTESIAN_POINT('',(9.310569956632,-3.971076368859));
#6567 = CARTESIAN_POINT('',(9.267110951442,-3.971418429143));
#6568 = CARTESIAN_POINT('',(9.223515629725,-3.971867278071));
#6569 = CARTESIAN_POINT('',(9.179744563126,-3.972421030538));
#6570 = CARTESIAN_POINT('',(9.135758205793,-3.973077300531));
#6571 = CARTESIAN_POINT('',(9.091516891335,-3.973833166724));
#6572 = CARTESIAN_POINT('',(9.04698061827,-3.974685133024));
#6573 = CARTESIAN_POINT('',(9.002108884607,-3.975629085366));
#6574 = CARTESIAN_POINT('',(8.956860507993,-3.976660244421));
#6575 = CARTESIAN_POINT('',(8.911193383189,-3.977773116385));
#6576 = CARTESIAN_POINT('',(8.865064387245,-3.978961435661));
#6577 = CARTESIAN_POINT('',(8.818428588901,-3.980218124182));
#6578 = CARTESIAN_POINT('',(8.771240871891,-3.981535176687));
#6579 = CARTESIAN_POINT('',(8.723447568216,-3.982903833228));
#6580 = CARTESIAN_POINT('',(8.675006525548,-3.984313936776));
#6581 = CARTESIAN_POINT('',(8.62587693125,-3.985754125121));
#6582 = CARTESIAN_POINT('',(8.576012836398,-3.987211984039));
#6583 = CARTESIAN_POINT('',(8.525377237417,-3.988673618034));
#6584 = CARTESIAN_POINT('',(8.473853179386,-3.99012608678));
#6585 = CARTESIAN_POINT('',(8.421468394876,-3.991551034772));
#6586 = CARTESIAN_POINT('',(8.3682339676,-3.992929580596));
#6587 = CARTESIAN_POINT('',(8.314158997558,-3.994242154637));
#6588 = CARTESIAN_POINT('',(8.259246646519,-3.995468884026));
#6589 = CARTESIAN_POINT('',(8.203495834691,-3.996589773617));
#6590 = CARTESIAN_POINT('',(8.165764149065,-3.997253361583));
#6591 = CARTESIAN_POINT('',(8.146756152563,-3.997560944067));
#6592 = ( GEOMETRIC_REPRESENTATION_CONTEXT(2) 
PARAMETRIC_REPRESENTATION_CONTEXT() REPRESENTATION_CONTEXT('2D SPACE',''
  ) );
#6593 = ORIENTED_EDGE('',*,*,#6594,.T.);
#6594 = EDGE_CURVE('',#6461,#6595,#6597,.T.);
#6595 = VERTEX_POINT('',#6596);
#6596 = CARTESIAN_POINT('',(81.324966793317,-47.73614747825,7.5));
#6597 = SURFACE_CURVE('',#6598,(#6603,#6610),.PCURVE_S1.);
#6598 = CIRCLE('',#6599,94.3);
#6599 = AXIS2_PLACEMENT_3D('',#6600,#6601,#6602);
#6600 = CARTESIAN_POINT('',(0.,0.,7.5));
#6601 = DIRECTION('',(0.,0.,1.));
#6602 = DIRECTION('',(1.,0.,-0.));
#6603 = PCURVE('',#5258,#6604);
#6604 = DEFINITIONAL_REPRESENTATION('',(#6605),#6609);
#6605 = LINE('',#6606,#6607);
#6606 = CARTESIAN_POINT('',(-0.,0.));
#6607 = VECTOR('',#6608,1.);
#6608 = DIRECTION('',(-1.,0.));
#6609 = ( GEOMETRIC_REPRESENTATION_CONTEXT(2) 
PARAMETRIC_REPRESENTATION_CONTEXT() REPRESENTATION_CONTEXT('2D SPACE',''
  ) );
#6610 = PCURVE('',#5496,#6611);
#6611 = DEFINITIONAL_REPRESENTATION('',(#6612),#6616);
#6612 = LINE('',#6613,#6614);
#6613 = CARTESIAN_POINT('',(-0.,6.28318530718));
#6614 = VECTOR('',#6615,1.);
#6615 = DIRECTION('',(-1.,0.));
#6616 = ( GEOMETRIC_REPRESENTATION_CONTEXT(2) 
PARAMETRIC_REPRESENTATION_CONTEXT() REPRESENTATION_CONTEXT('2D SPACE',''
  ) );
#6617 = ORIENTED_EDGE('',*,*,#6618,.T.);
#6618 = EDGE_CURVE('',#6595,#6619,#6621,.T.);
#6619 = VERTEX_POINT('',#6620);
#6620 = CARTESIAN_POINT('',(80.822664842226,-48.58175426846,
    3.588299064212));
#6621 = SURFACE_CURVE('',#6622,(#6649,#6700),.PCURVE_S1.);
#6622 = B_SPLINE_CURVE_WITH_KNOTS('',7,(#6623,#6624,#6625,#6626,#6627,
    #6628,#6629,#6630,#6631,#6632,#6633,#6634,#6635,#6636,#6637,#6638,
    #6639,#6640,#6641,#6642,#6643,#6644,#6645,#6646,#6647,#6648),
  .UNSPECIFIED.,.F.,.F.,(8,6,6,6,8),(0.,0.277445545658,0.458099254088,
    0.999999417452,1.651920910397),.UNSPECIFIED.);
#6623 = CARTESIAN_POINT('',(81.324966793317,-47.73614747825,7.5));
#6624 = CARTESIAN_POINT('',(81.256410016855,-47.8529431952,
    7.459177473497));
#6625 = CARTESIAN_POINT('',(81.190360188287,-47.96501964562,
    7.409590900378));
#6626 = CARTESIAN_POINT('',(81.12712978668,-48.07190841137,
    7.352091651022));
#6627 = CARTESIAN_POINT('',(81.0669830891,-48.17322991977,7.287551468872
    ));
#6628 = CARTESIAN_POINT('',(81.01013394947,-48.26869261982,
    7.216862363981));
#6629 = CARTESIAN_POINT('',(80.956743577419,-48.35809215838,
    7.140936506561));
#6630 = CARTESIAN_POINT('',(80.874475489401,-48.495496729,7.008465538567
    ));
#6631 = CARTESIAN_POINT('',(80.843496730698,-48.54714153998,
    6.954323676975));
#6632 = CARTESIAN_POINT('',(80.813978578516,-48.59626683941,
    6.898462234489));
#6633 = CARTESIAN_POINT('',(80.785914752563,-48.64289785706,
    6.841049453051));
#6634 = CARTESIAN_POINT('',(80.759296328146,-48.68706292321,
    6.782240302899));
#6635 = CARTESIAN_POINT('',(80.734111909547,-48.72879318936,
    6.722176667675));
#6636 = CARTESIAN_POINT('',(80.639063504242,-48.88609655642,
    6.477440763425));
#6637 = CARTESIAN_POINT('',(80.58053516844,-48.98250535652,
    6.283704347501));
#6638 = CARTESIAN_POINT('',(80.534324289132,-49.05837192827,
    6.083012701696));
#6639 = CARTESIAN_POINT('',(80.500000924906,-49.11460217014,
    5.877683125206));
#6640 = CARTESIAN_POINT('',(80.477230154459,-49.15186572334,
    5.669466168299));
#6641 = CARTESIAN_POINT('',(80.465833073897,-49.17051665097,
    5.459795379661));
#6642 = CARTESIAN_POINT('',(80.465833073897,-49.17051665097,
    4.997610120151));
#6643 = CARTESIAN_POINT('',(80.482327408788,-49.1435242168,
    4.745515608082));
#6644 = CARTESIAN_POINT('',(80.515250940901,-49.08964616821,
    4.495898841074));
#6645 = CARTESIAN_POINT('',(80.565003793039,-49.00809874031,
    4.251243467035));
#6646 = CARTESIAN_POINT('',(80.632300940607,-48.89746000862,
    4.014855364664));
#6647 = CARTESIAN_POINT('',(80.717974174933,-48.75592209838,
    3.791478163093));
#6648 = CARTESIAN_POINT('',(80.822664842226,-48.58175426846,
    3.588299064212));
#6649 = PCURVE('',#5258,#6650);
#6650 = DEFINITIONAL_REPRESENTATION('',(#6651),#6699);
#6651 = B_SPLINE_CURVE_WITH_KNOTS('',3,(#6652,#6653,#6654,#6655,#6656,
    #6657,#6658,#6659,#6660,#6661,#6662,#6663,#6664,#6665,#6666,#6667,
    #6668,#6669,#6670,#6671,#6672,#6673,#6674,#6675,#6676,#6677,#6678,
    #6679,#6680,#6681,#6682,#6683,#6684,#6685,#6686,#6687,#6688,#6689,
    #6690,#6691,#6692,#6693,#6694,#6695,#6696,#6697,#6698),
  .UNSPECIFIED.,.F.,.F.,(4,1,1,1,1,1,1,1,1,1,1,1,1,1,1,1,1,1,1,1,1,1,1,1
    ,1,1,1,1,1,1,1,1,1,1,1,1,1,1,1,1,1,1,1,1,4),(0.,3.754365705447E-02,
    7.508731410894E-02,0.112630971163,0.150174628218,0.187718285272,
    0.225261942327,0.262805599381,0.300349256436,0.33789291349,
    0.375436570545,0.412980227599,0.450523884654,0.488067541708,
    0.525611198763,0.563154855817,0.600698512872,0.638242169926,
    0.67578582698,0.713329484035,0.750873141089,0.788416798144,
    0.825960455198,0.863504112253,0.901047769307,0.938591426362,
    0.976135083416,1.013678740471,1.051222397525,1.08876605458,
    1.126309711634,1.163853368689,1.201397025743,1.238940682798,
    1.276484339852,1.314027996907,1.351571653961,1.389115311015,
    1.42665896807,1.464202625124,1.501746282179,1.539289939233,
    1.576833596288,1.614377253342,1.651920910397),
  .QUASI_UNIFORM_KNOTS.);
#6652 = CARTESIAN_POINT('',(-5.752394179027,1.678657213233E-13));
#6653 = CARTESIAN_POINT('',(-5.751940694248,1.288900557469E-02));
#6654 = CARTESIAN_POINT('',(-5.751048334372,4.091555642367E-02));
#6655 = CARTESIAN_POINT('',(-5.749756240989,8.92488301947E-02));
#6656 = CARTESIAN_POINT('',(-5.748513329676,0.143425655234));
#6657 = CARTESIAN_POINT('',(-5.747321922203,0.202988171507));
#6658 = CARTESIAN_POINT('',(-5.746184064072,0.267473816063));
#6659 = CARTESIAN_POINT('',(-5.745101503094,0.336412591696));
#6660 = CARTESIAN_POINT('',(-5.744075634292,0.40933480444));
#6661 = CARTESIAN_POINT('',(-5.74310773843,0.485742917951));
#6662 = CARTESIAN_POINT('',(-5.742195815154,0.56540425298));
#6663 = CARTESIAN_POINT('',(-5.741339602695,0.64798548598));
#6664 = CARTESIAN_POINT('',(-5.740538483259,0.733192133042));
#6665 = CARTESIAN_POINT('',(-5.739791859558,0.820744945403));
#6666 = CARTESIAN_POINT('',(-5.73909902942,0.910388574147));
#6667 = CARTESIAN_POINT('',(-5.738459099357,1.001911977718));
#6668 = CARTESIAN_POINT('',(-5.737871304831,1.095109028063));
#6669 = CARTESIAN_POINT('',(-5.737334889306,1.189791669232));
#6670 = CARTESIAN_POINT('',(-5.736849140835,1.285785119333));
#6671 = CARTESIAN_POINT('',(-5.736413389161,1.382927573343));
#6672 = CARTESIAN_POINT('',(-5.736027013114,1.481068760522));
#6673 = CARTESIAN_POINT('',(-5.73568944499,1.580068863161));
#6674 = CARTESIAN_POINT('',(-5.735400175505,1.6797974012));
#6675 = CARTESIAN_POINT('',(-5.735158758347,1.780132143146));
#6676 = CARTESIAN_POINT('',(-5.734964814709,1.880958182279));
#6677 = CARTESIAN_POINT('',(-5.734818037382,1.982166547071));
#6678 = CARTESIAN_POINT('',(-5.73471819575,2.083654716381));
#6679 = CARTESIAN_POINT('',(-5.734665136873,2.18532017352));
#6680 = CARTESIAN_POINT('',(-5.734658800643,2.287080077511));
#6681 = CARTESIAN_POINT('',(-5.734699177358,2.388767434979));
#6682 = CARTESIAN_POINT('',(-5.734786287546,2.490291491797));
#6683 = CARTESIAN_POINT('',(-5.734920255175,2.591558239871));
#6684 = CARTESIAN_POINT('',(-5.73510128727,2.692468683206));
#6685 = CARTESIAN_POINT('',(-5.735329672799,2.79291817514));
#6686 = CARTESIAN_POINT('',(-5.735605776246,2.892795434001));
#6687 = CARTESIAN_POINT('',(-5.735930032422,2.991981606378));
#6688 = CARTESIAN_POINT('',(-5.736302940732,3.090349275212));
#6689 = CARTESIAN_POINT('',(-5.736725059336,3.187761435891));
#6690 = CARTESIAN_POINT('',(-5.737196999079,3.284070431615));
#6691 = CARTESIAN_POINT('',(-5.737719417161,3.379116841005));
#6692 = CARTESIAN_POINT('',(-5.73829301056,3.472728336012));
#6693 = CARTESIAN_POINT('',(-5.738918509137,3.564718426111));
#6694 = CARTESIAN_POINT('',(-5.739596668485,3.654885388043));
#6695 = CARTESIAN_POINT('',(-5.740328262232,3.743010249224));
#6696 = CARTESIAN_POINT('',(-5.741114074748,3.828858034329));
#6697 = CARTESIAN_POINT('',(-5.741674618653,3.884397044857));
#6698 = CARTESIAN_POINT('',(-5.741964188581,3.911700935788));
#6699 = ( GEOMETRIC_REPRESENTATION_CONTEXT(2) 
PARAMETRIC_REPRESENTATION_CONTEXT() REPRESENTATION_CONTEXT('2D SPACE',''
  ) );
#6700 = PCURVE('',#5095,#6701);
#6701 = DEFINITIONAL_REPRESENTATION('',(#6702),#6750);
#6702 = B_SPLINE_CURVE_WITH_KNOTS('',3,(#6703,#6704,#6705,#6706,#6707,
    #6708,#6709,#6710,#6711,#6712,#6713,#6714,#6715,#6716,#6717,#6718,
    #6719,#6720,#6721,#6722,#6723,#6724,#6725,#6726,#6727,#6728,#6729,
    #6730,#6731,#6732,#6733,#6734,#6735,#6736,#6737,#6738,#6739,#6740,
    #6741,#6742,#6743,#6744,#6745,#6746,#6747,#6748,#6749),
  .UNSPECIFIED.,.F.,.F.,(4,1,1,1,1,1,1,1,1,1,1,1,1,1,1,1,1,1,1,1,1,1,1,1
    ,1,1,1,1,1,1,1,1,1,1,1,1,1,1,1,1,1,1,1,1,4),(0.,3.754365705447E-02,
    7.508731410894E-02,0.112630971163,0.150174628218,0.187718285272,
    0.225261942327,0.262805599381,0.300349256436,0.33789291349,
    0.375436570545,0.412980227599,0.450523884654,0.488067541708,
    0.525611198763,0.563154855817,0.600698512872,0.638242169926,
    0.67578582698,0.713329484035,0.750873141089,0.788416798144,
    0.825960455198,0.863504112253,0.901047769307,0.938591426362,
    0.976135083416,1.013678740471,1.051222397525,1.08876605458,
    1.126309711634,1.163853368689,1.201397025743,1.238940682798,
    1.276484339852,1.314027996907,1.351571653961,1.389115311015,
    1.42665896807,1.464202625124,1.501746282179,1.539289939233,
    1.576833596288,1.614377253342,1.651920910397),
  .QUASI_UNIFORM_KNOTS.);
#6703 = CARTESIAN_POINT('',(7.561207115386,-3.997560944067));
#6704 = CARTESIAN_POINT('',(7.542203047231,-3.997253428951));
#6705 = CARTESIAN_POINT('',(7.504475109671,-3.996589917319));
#6706 = CARTESIAN_POINT('',(7.448720526234,-3.995468974536));
#6707 = CARTESIAN_POINT('',(7.393797960808,-3.994242016176));
#6708 = CARTESIAN_POINT('',(7.339709218903,-3.992929083854));
#6709 = CARTESIAN_POINT('',(7.286460393988,-3.991550123016));
#6710 = CARTESIAN_POINT('',(7.234063680785,-3.990124801871));
#6711 = CARTESIAN_POINT('',(7.182533306247,-3.988672111486));
#6712 = CARTESIAN_POINT('',(7.131900973629,-3.987210544266));
#6713 = CARTESIAN_POINT('',(7.082038672426,-3.985752727497));
#6714 = CARTESIAN_POINT('',(7.03291116003,-3.984312603221));
#6715 = CARTESIAN_POINT('',(6.984472022336,-3.982902570458));
#6716 = CARTESIAN_POINT('',(6.93668058022,-3.981533993033));
#6717 = CARTESIAN_POINT('',(6.889494639808,-3.980217024877));
#6718 = CARTESIAN_POINT('',(6.842860548436,-3.97896042465));
#6719 = CARTESIAN_POINT('',(6.796733194333,-3.977772196174));
#6720 = CARTESIAN_POINT('',(6.751067651348,-3.976659416251));
#6721 = CARTESIAN_POINT('',(6.705820800966,-3.975628349345));
#6722 = CARTESIAN_POINT('',(6.660950542142,-3.974684488249));
#6723 = CARTESIAN_POINT('',(6.616415696441,-3.973832611402));
#6724 = CARTESIAN_POINT('',(6.572175765575,-3.973076832081));
#6725 = CARTESIAN_POINT('',(6.528190751593,-3.972420645691));
#6726 = CARTESIAN_POINT('',(6.484420991473,-3.971866972962));
#6727 = CARTESIAN_POINT('',(6.440826942653,-3.971418199392));
#6728 = CARTESIAN_POINT('',(6.397369179783,-3.97107620964));
#6729 = CARTESIAN_POINT('',(6.354007587557,-3.970842419578));
#6730 = CARTESIAN_POINT('',(6.31070351685,-3.970717794319));
#6731 = CARTESIAN_POINT('',(6.267410821795,-3.970702894085));
#6732 = CARTESIAN_POINT('',(6.224119446887,-3.970797778664));
#6733 = CARTESIAN_POINT('',(6.180786793304,-3.971001964963));
#6734 = CARTESIAN_POINT('',(6.137370969061,-3.971314590336));
#6735 = CARTESIAN_POINT('',(6.093830901952,-3.971734358037));
#6736 = CARTESIAN_POINT('',(6.050126019912,-3.972259520622));
#6737 = CARTESIAN_POINT('',(6.006216070318,-3.97288784576));
#6738 = CARTESIAN_POINT('',(5.962060921022,-3.973616580019));
#6739 = CARTESIAN_POINT('',(5.917620380197,-3.974442407175));
#6740 = CARTESIAN_POINT('',(5.872854018922,-3.975361402639));
#6741 = CARTESIAN_POINT('',(5.827720993821,-3.976368984361));
#6742 = CARTESIAN_POINT('',(5.782179861466,-3.977459860521));
#6743 = CARTESIAN_POINT('',(5.736188379963,-3.978627975703));
#6744 = CARTESIAN_POINT('',(5.689703278281,-3.979866451794));
#6745 = CARTESIAN_POINT('',(5.642680024036,-3.981167540242));
#6746 = CARTESIAN_POINT('',(5.595072429141,-3.982522526228));
#6747 = CARTESIAN_POINT('',(5.546832642545,-3.983921809196));
#6748 = CARTESIAN_POINT('',(5.514217165463,-3.984876819565));
#6749 = CARTESIAN_POINT('',(5.497787143782,-3.985358089154));
#6750 = ( GEOMETRIC_REPRESENTATION_CONTEXT(2) 
PARAMETRIC_REPRESENTATION_CONTEXT() REPRESENTATION_CONTEXT('2D SPACE',''
  ) );
#6751 = ORIENTED_EDGE('',*,*,#6752,.F.);
#6752 = EDGE_CURVE('',#5242,#6619,#6753,.T.);
#6753 = SURFACE_CURVE('',#6754,(#6759,#6769),.PCURVE_S1.);
#6754 = ELLIPSE('',#6755,133.36033893178,94.3);
#6755 = AXIS2_PLACEMENT_3D('',#6756,#6757,#6758);
#6756 = CARTESIAN_POINT('',(0.,0.,1.926598128423));
#6757 = DIRECTION('',(-0.353553390593,-0.612372435696,-0.707106781187));
#6758 = DIRECTION('',(0.353553390593,0.612372435696,-0.707106781187));
#6759 = PCURVE('',#5258,#6760);
#6760 = DEFINITIONAL_REPRESENTATION('',(#6761),#6768);
#6761 = B_SPLINE_CURVE_WITH_KNOTS('',5,(#6762,#6763,#6764,#6765,#6766,
    #6767),.UNSPECIFIED.,.F.,.F.,(6,6),(1.574906327392,1.589647187053),
  .PIECEWISE_BEZIER_KNOTS.);
#6762 = CARTESIAN_POINT('',(-5.755476530984,5.185829906421));
#6763 = CARTESIAN_POINT('',(-5.752528359052,4.907819641329));
#6764 = CARTESIAN_POINT('',(-5.74958018712,4.629813587069));
#6765 = CARTESIAN_POINT('',(-5.746632015188,4.351816777781));
#6766 = CARTESIAN_POINT('',(-5.743683843256,4.073834247451));
#6767 = CARTESIAN_POINT('',(-5.740735671324,3.795871029367));
#6768 = ( GEOMETRIC_REPRESENTATION_CONTEXT(2) 
PARAMETRIC_REPRESENTATION_CONTEXT() REPRESENTATION_CONTEXT('2D SPACE',''
  ) );
#6769 = PCURVE('',#4966,#6770);
#6770 = DEFINITIONAL_REPRESENTATION('',(#6771),#6775);
#6771 = ELLIPSE('',#6772,133.36033893178,94.3);
#6772 = AXIS2_PLACEMENT_2D('',#6773,#6774);
#6773 = CARTESIAN_POINT('',(-0.711917754108,90.3));
#6774 = DIRECTION('',(-1.,-5.551115123126E-17));
#6775 = ( GEOMETRIC_REPRESENTATION_CONTEXT(2) 
PARAMETRIC_REPRESENTATION_CONTEXT() REPRESENTATION_CONTEXT('2D SPACE',''
  ) );
#6776 = ORIENTED_EDGE('',*,*,#5239,.F.);
#6777 = ORIENTED_EDGE('',*,*,#6778,.F.);
#6778 = EDGE_CURVE('',#6779,#5240,#6781,.T.);
#6779 = VERTEX_POINT('',#6780);
#6780 = CARTESIAN_POINT('',(82.484365778014,-45.70360382069,
    3.588299064212));
#6781 = SURFACE_CURVE('',#6782,(#6787,#6797),.PCURVE_S1.);
#6782 = ELLIPSE('',#6783,133.36033893178,94.3);
#6783 = AXIS2_PLACEMENT_3D('',#6784,#6785,#6786);
#6784 = CARTESIAN_POINT('',(0.,0.,1.926598128423));
#6785 = DIRECTION('',(0.353553390593,0.612372435696,-0.707106781187));
#6786 = DIRECTION('',(-0.353553390593,-0.612372435696,-0.707106781187));
#6787 = PCURVE('',#5258,#6788);
#6788 = DEFINITIONAL_REPRESENTATION('',(#6789),#6796);
#6789 = B_SPLINE_CURVE_WITH_KNOTS('',5,(#6790,#6791,#6792,#6793,#6794,
    #6795),.UNSPECIFIED.,.F.,.F.,(6,6),(4.693538120127,4.708278979788),
  .PIECEWISE_BEZIER_KNOTS.);
#6790 = CARTESIAN_POINT('',(-5.778437391839,3.795871029367));
#6791 = CARTESIAN_POINT('',(-5.775489219907,4.073834247451));
#6792 = CARTESIAN_POINT('',(-5.772541047975,4.351816777781));
#6793 = CARTESIAN_POINT('',(-5.769592876043,4.629813587069));
#6794 = CARTESIAN_POINT('',(-5.766644704111,4.907819641329));
#6795 = CARTESIAN_POINT('',(-5.763696532178,5.185829906421));
#6796 = ( GEOMETRIC_REPRESENTATION_CONTEXT(2) 
PARAMETRIC_REPRESENTATION_CONTEXT() REPRESENTATION_CONTEXT('2D SPACE',''
  ) );
#6797 = PCURVE('',#5193,#6798);
#6798 = DEFINITIONAL_REPRESENTATION('',(#6799),#6803);
#6799 = ELLIPSE('',#6800,133.36033893178,94.3);
#6800 = AXIS2_PLACEMENT_2D('',#6801,#6802);
#6801 = CARTESIAN_POINT('',(2.35,90.3));
#6802 = DIRECTION('',(1.,5.551115123126E-17));
#6803 = ( GEOMETRIC_REPRESENTATION_CONTEXT(2) 
PARAMETRIC_REPRESENTATION_CONTEXT() REPRESENTATION_CONTEXT('2D SPACE',''
  ) );
#6804 = ORIENTED_EDGE('',*,*,#6805,.T.);
#6805 = EDGE_CURVE('',#6779,#6806,#6808,.T.);
#6806 = VERTEX_POINT('',#6807);
#6807 = CARTESIAN_POINT('',(82.003199791629,-46.56141346581,7.5));
#6808 = SURFACE_CURVE('',#6809,(#6836,#6887),.PCURVE_S1.);
#6809 = B_SPLINE_CURVE_WITH_KNOTS('',7,(#6810,#6811,#6812,#6813,#6814,
    #6815,#6816,#6817,#6818,#6819,#6820,#6821,#6822,#6823,#6824,#6825,
    #6826,#6827,#6828,#6829,#6830,#6831,#6832,#6833,#6834,#6835),
  .UNSPECIFIED.,.F.,.F.,(8,6,6,6,8),(0.,1.,1.831236008299,2.108345848139
    ,2.533996862211),.UNSPECIFIED.);
#6810 = CARTESIAN_POINT('',(82.484365778014,-45.70360382069,
    3.588299064212));
#6811 = CARTESIAN_POINT('',(82.58285431998,-45.52585492911,
    3.791478390799));
#6812 = CARTESIAN_POINT('',(82.662593225624,-45.3808905993,
    4.014855922899));
#6813 = CARTESIAN_POINT('',(82.724760587129,-45.26729022138,
    4.251244289773));
#6814 = CARTESIAN_POINT('',(82.770506217325,-45.18342943481,
    4.495899635298));
#6815 = CARTESIAN_POINT('',(82.800704133553,-45.12797793571,
    4.745516163426));
#6816 = CARTESIAN_POINT('',(82.815833073897,-45.10019725318,
    4.997610332605));
#6817 = CARTESIAN_POINT('',(82.815833073897,-45.10019725318,
    5.459795379661));
#6818 = CARTESIAN_POINT('',(82.805379437048,-45.11939287829,
    5.669466168299));
#6819 = CARTESIAN_POINT('',(82.784493638569,-45.15774472056,
    5.877683125205));
#6820 = CARTESIAN_POINT('',(82.752958502759,-45.21558474686,
    6.083012701696));
#6821 = CARTESIAN_POINT('',(82.71036156398,-45.29353782815,
    6.283704347501));
#6822 = CARTESIAN_POINT('',(82.656133261841,-45.39242925384,
    6.477440763425));
#6823 = CARTESIAN_POINT('',(82.567428752525,-45.55339527096,
    6.722176667675));
#6824 = CARTESIAN_POINT('',(82.543881491225,-45.59607075032,
    6.782240302899));
#6825 = CARTESIAN_POINT('',(82.51894263419,-45.64120551515,
    6.841049453051));
#6826 = CARTESIAN_POINT('',(82.492590901275,-45.68882501018,
    6.898462234489));
#6827 = CARTESIAN_POINT('',(82.464806220093,-45.73895112955,
    6.954323676975));
#6828 = CARTESIAN_POINT('',(82.435569881161,-45.79160192706,
    7.008465538566));
#6829 = CARTESIAN_POINT('',(82.357700382799,-45.93156429499,
    7.140949596173));
#6830 = CARTESIAN_POINT('',(82.306976769031,-46.02249516844,
    7.216866249705));
#6831 = CARTESIAN_POINT('',(82.252738719015,-46.11944047446,
    7.28753989748));
#6832 = CARTESIAN_POINT('',(82.195077384222,-46.22216792043,
    7.352069183239));
#6833 = CARTESIAN_POINT('',(82.134132121408,-46.33035761237,
    7.409567591602));
#6834 = CARTESIAN_POINT('',(82.07009241369,-46.44360327399,
    7.459163461566));
#6835 = CARTESIAN_POINT('',(82.003199791629,-46.56141346581,7.5));
#6836 = PCURVE('',#5258,#6837);
#6837 = DEFINITIONAL_REPRESENTATION('',(#6838),#6886);
#6838 = B_SPLINE_CURVE_WITH_KNOTS('',3,(#6839,#6840,#6841,#6842,#6843,
    #6844,#6845,#6846,#6847,#6848,#6849,#6850,#6851,#6852,#6853,#6854,
    #6855,#6856,#6857,#6858,#6859,#6860,#6861,#6862,#6863,#6864,#6865,
    #6866,#6867,#6868,#6869,#6870,#6871,#6872,#6873,#6874,#6875,#6876,
    #6877,#6878,#6879,#6880,#6881,#6882,#6883,#6884,#6885),
  .UNSPECIFIED.,.F.,.F.,(4,1,1,1,1,1,1,1,1,1,1,1,1,1,1,1,1,1,1,1,1,1,1,1
    ,1,1,1,1,1,1,1,1,1,1,1,1,1,1,1,1,1,1,1,1,4),(0.,5.759083777753E-02,
    0.115181675555,0.172772513333,0.23036335111,0.287954188888,
    0.345545026665,0.403135864443,0.46072670222,0.518317539998,
    0.575908377775,0.633499215553,0.69109005333,0.748680891108,
    0.806271728885,0.863862566663,0.92145340444,0.979044242218,
    1.036635079995,1.094225917773,1.151816755551,1.209407593328,
    1.266998431106,1.324589268883,1.382180106661,1.439770944438,
    1.497361782216,1.554952619993,1.612543457771,1.670134295548,
    1.727725133326,1.785315971103,1.842906808881,1.900497646658,
    1.958088484436,2.015679322213,2.073270159991,2.130860997768,
    2.188451835546,2.246042673323,2.303633511101,2.361224348879,
    2.418815186656,2.476406024434,2.533996862211),
  .QUASI_UNIFORM_KNOTS.);
#6839 = CARTESIAN_POINT('',(-5.777208874582,3.911700935788));
#6840 = CARTESIAN_POINT('',(-5.777498452919,3.884396252027));
#6841 = CARTESIAN_POINT('',(-5.778059012582,3.828855599443));
#6842 = CARTESIAN_POINT('',(-5.77884484558,3.743005209385));
#6843 = CARTESIAN_POINT('',(-5.779576456658,3.654877629668));
#6844 = CARTESIAN_POINT('',(-5.780254630228,3.564707860521));
#6845 = CARTESIAN_POINT('',(-5.780880139973,3.47271489703));
#6846 = CARTESIAN_POINT('',(-5.781453741551,3.379100482216));
#6847 = CARTESIAN_POINT('',(-5.781976164899,3.284051123719));
#6848 = CARTESIAN_POINT('',(-5.782448107074,3.187739164104));
#6849 = CARTESIAN_POINT('',(-5.782870225359,3.090324036799));
#6850 = CARTESIAN_POINT('',(-5.783243130674,2.991953408335));
#6851 = CARTESIAN_POINT('',(-5.783567381253,2.892764290912));
#6852 = CARTESIAN_POINT('',(-5.78384347656,2.79288410725));
#6853 = CARTESIAN_POINT('',(-5.784071851457,2.692431714605));
#6854 = CARTESIAN_POINT('',(-5.78425287046,2.59151839718));
#6855 = CARTESIAN_POINT('',(-5.784386822555,2.490248801877));
#6856 = CARTESIAN_POINT('',(-5.78447391476,2.388721927066));
#6857 = CARTESIAN_POINT('',(-5.784514271019,2.28703176948));
#6858 = CARTESIAN_POINT('',(-5.784507911802,2.185269117852));
#6859 = CARTESIAN_POINT('',(-5.784454827401,2.083600978794));
#6860 = CARTESIAN_POINT('',(-5.784354957654,1.982110184999));
#6861 = CARTESIAN_POINT('',(-5.784208149565,1.880899268029));
#6862 = CARTESIAN_POINT('',(-5.784014172453,1.780070758904));
#6863 = CARTESIAN_POINT('',(-5.783772719043,1.679733641755));
#6864 = CARTESIAN_POINT('',(-5.783483410451,1.580002836749));
#6865 = CARTESIAN_POINT('',(-5.783145800289,1.481000590368));
#6866 = CARTESIAN_POINT('',(-5.782759379188,1.382857399226));
#6867 = CARTESIAN_POINT('',(-5.78232357936,1.285713099351));
#6868 = CARTESIAN_POINT('',(-5.781837779546,1.18971798174));
#6869 = CARTESIAN_POINT('',(-5.7813013094,1.095033873797));
#6870 = CARTESIAN_POINT('',(-5.780713456887,1.001835582125));
#6871 = CARTESIAN_POINT('',(-5.780073465372,0.910311189887));
#6872 = CARTESIAN_POINT('',(-5.77938057026,0.820666855179));
#6873 = CARTESIAN_POINT('',(-5.778633877771,0.73311364068));
#6874 = CARTESIAN_POINT('',(-5.777832686584,0.647907002149));
#6875 = CARTESIAN_POINT('',(-5.776976396807,0.565326052786));
#6876 = CARTESIAN_POINT('',(-5.77606440026,0.485665960757));
#6877 = CARTESIAN_POINT('',(-5.775096399414,0.409257711391));
#6878 = CARTESIAN_POINT('',(-5.774070615758,0.336349525748));
#6879 = CARTESIAN_POINT('',(-5.772988270957,0.267430712182));
#6880 = CARTESIAN_POINT('',(-5.771850701737,0.202965493889));
#6881 = CARTESIAN_POINT('',(-5.770659590008,0.14341954693));
#6882 = CARTESIAN_POINT('',(-5.769416910349,8.925275550679E-02));
#6883 = CARTESIAN_POINT('',(-5.768124908871,4.092164357432E-02));
#6884 = CARTESIAN_POINT('',(-5.767232462476,1.289180377478E-02));
#6885 = CARTESIAN_POINT('',(-5.766778884135,1.056932319443E-13));
#6886 = ( GEOMETRIC_REPRESENTATION_CONTEXT(2) 
PARAMETRIC_REPRESENTATION_CONTEXT() REPRESENTATION_CONTEXT('2D SPACE',''
  ) );
#6887 = PCURVE('',#5095,#6888);
#6888 = DEFINITIONAL_REPRESENTATION('',(#6889),#6937);
#6889 = B_SPLINE_CURVE_WITH_KNOTS('',3,(#6890,#6891,#6892,#6893,#6894,
    #6895,#6896,#6897,#6898,#6899,#6900,#6901,#6902,#6903,#6904,#6905,
    #6906,#6907,#6908,#6909,#6910,#6911,#6912,#6913,#6914,#6915,#6916,
    #6917,#6918,#6919,#6920,#6921,#6922,#6923,#6924,#6925,#6926,#6927,
    #6928,#6929,#6930,#6931,#6932,#6933,#6934,#6935,#6936),
  .UNSPECIFIED.,.F.,.F.,(4,1,1,1,1,1,1,1,1,1,1,1,1,1,1,1,1,1,1,1,1,1,1,1
    ,1,1,1,1,1,1,1,1,1,1,1,1,1,1,1,1,1,1,1,1,4),(0.,5.759083777753E-02,
    0.115181675555,0.172772513333,0.23036335111,0.287954188888,
    0.345545026665,0.403135864443,0.46072670222,0.518317539998,
    0.575908377775,0.633499215553,0.69109005333,0.748680891108,
    0.806271728885,0.863862566663,0.92145340444,0.979044242218,
    1.036635079995,1.094225917773,1.151816755551,1.209407593328,
    1.266998431106,1.324589268883,1.382180106661,1.439770944438,
    1.497361782216,1.554952619993,1.612543457771,1.670134295548,
    1.727725133326,1.785315971103,1.842906808881,1.900497646658,
    1.958088484436,2.015679322213,2.073270159991,2.130860997768,
    2.188451835546,2.246042673323,2.303633511101,2.361224348879,
    2.418815186656,2.476406024434,2.533996862211),
  .QUASI_UNIFORM_KNOTS.);
#6890 = CARTESIAN_POINT('',(10.210176124167,-3.985358089154));
#6891 = CARTESIAN_POINT('',(10.193745625453,-3.984876805583));
#6892 = CARTESIAN_POINT('',(10.161129207043,-3.983921767665));
#6893 = CARTESIAN_POINT('',(10.11288804567,-3.982522445596));
#6894 = CARTESIAN_POINT('',(10.065279112371,-3.981167423762));
#6895 = CARTESIAN_POINT('',(10.018254554738,-3.979866303544));
#6896 = CARTESIAN_POINT('',(9.971768182953,-3.97862780046));
#6897 = CARTESIAN_POINT('',(9.925775462463,-3.977459663622));
#6898 = CARTESIAN_POINT('',(9.880233119644,-3.976368771583));
#6899 = CARTESIAN_POINT('',(9.835098909578,-3.975361180086));
#6900 = CARTESIAN_POINT('',(9.790331385403,-3.974442181179));
#6901 = CARTESIAN_POINT('',(9.74588969991,-3.973616357058));
#6902 = CARTESIAN_POINT('',(9.701733419963,-3.972887632384));
#6903 = CARTESIAN_POINT('',(9.657822349158,-3.972259323399));
#6904 = CARTESIAN_POINT('',(9.614116350373,-3.971734183503));
#6905 = CARTESIAN_POINT('',(9.570575165734,-3.971314444965));
#6906 = CARTESIAN_POINT('',(9.527158217126,-3.971001855141));
#6907 = CARTESIAN_POINT('',(9.483824427255,-3.970797710676));
#6908 = CARTESIAN_POINT('',(9.440531893143,-3.970702874097));
#6909 = CARTESIAN_POINT('',(9.397238024304,-3.970717828386));
#6910 = CARTESIAN_POINT('',(9.353932764245,-3.970842513463));
#6911 = CARTESIAN_POINT('',(9.310569956682,-3.971076368859));
#6912 = CARTESIAN_POINT('',(9.267110951495,-3.971418429143));
#6913 = CARTESIAN_POINT('',(9.22351562978,-3.97186727807));
#6914 = CARTESIAN_POINT('',(9.179744563184,-3.972421030537));
#6915 = CARTESIAN_POINT('',(9.135758205853,-3.97307730053));
#6916 = CARTESIAN_POINT('',(9.091516891398,-3.973833166723));
#6917 = CARTESIAN_POINT('',(9.046980618337,-3.974685133023));
#6918 = CARTESIAN_POINT('',(9.002108884677,-3.975629085365));
#6919 = CARTESIAN_POINT('',(8.956860508066,-3.976660244419));
#6920 = CARTESIAN_POINT('',(8.911193383265,-3.977773116383));
#6921 = CARTESIAN_POINT('',(8.865064387325,-3.978961435659));
#6922 = CARTESIAN_POINT('',(8.818428588984,-3.98021812418));
#6923 = CARTESIAN_POINT('',(8.771240871978,-3.981535176684));
#6924 = CARTESIAN_POINT('',(8.723447568308,-3.982903833225));
#6925 = CARTESIAN_POINT('',(8.675006525643,-3.984313936773));
#6926 = CARTESIAN_POINT('',(8.62587693135,-3.985754125118));
#6927 = CARTESIAN_POINT('',(8.576012836501,-3.987211984036));
#6928 = CARTESIAN_POINT('',(8.525377237527,-3.988673618031));
#6929 = CARTESIAN_POINT('',(8.473853179481,-3.990126086777));
#6930 = CARTESIAN_POINT('',(8.421468394949,-3.99155103477));
#6931 = CARTESIAN_POINT('',(8.368233967655,-3.992929580594));
#6932 = CARTESIAN_POINT('',(8.314158997601,-3.994242154636));
#6933 = CARTESIAN_POINT('',(8.259246646555,-3.995468884025));
#6934 = CARTESIAN_POINT('',(8.20349583472,-3.996589773616));
#6935 = CARTESIAN_POINT('',(8.165764149078,-3.997253361583));
#6936 = CARTESIAN_POINT('',(8.146756152563,-3.997560944067));
#6937 = ( GEOMETRIC_REPRESENTATION_CONTEXT(2) 
PARAMETRIC_REPRESENTATION_CONTEXT() REPRESENTATION_CONTEXT('2D SPACE',''
  ) );
#6938 = ORIENTED_EDGE('',*,*,#6939,.T.);
#6939 = EDGE_CURVE('',#6806,#6940,#6942,.T.);
#6940 = VERTEX_POINT('',#6941);
#6941 = CARTESIAN_POINT('',(94.3,0.,7.5));
#6942 = SURFACE_CURVE('',#6943,(#6948,#6955),.PCURVE_S1.);
#6943 = CIRCLE('',#6944,94.3);
#6944 = AXIS2_PLACEMENT_3D('',#6945,#6946,#6947);
#6945 = CARTESIAN_POINT('',(0.,0.,7.5));
#6946 = DIRECTION('',(0.,0.,1.));
#6947 = DIRECTION('',(1.,0.,-0.));
#6948 = PCURVE('',#5258,#6949);
#6949 = DEFINITIONAL_REPRESENTATION('',(#6950),#6954);
#6950 = LINE('',#6951,#6952);
#6951 = CARTESIAN_POINT('',(-0.,0.));
#6952 = VECTOR('',#6953,1.);
#6953 = DIRECTION('',(-1.,0.));
#6954 = ( GEOMETRIC_REPRESENTATION_CONTEXT(2) 
PARAMETRIC_REPRESENTATION_CONTEXT() REPRESENTATION_CONTEXT('2D SPACE',''
  ) );
#6955 = PCURVE('',#5496,#6956);
#6956 = DEFINITIONAL_REPRESENTATION('',(#6957),#6961);
#6957 = LINE('',#6958,#6959);
#6958 = CARTESIAN_POINT('',(-0.,6.28318530718));
#6959 = VECTOR('',#6960,1.);
#6960 = DIRECTION('',(-1.,0.));
#6961 = ( GEOMETRIC_REPRESENTATION_CONTEXT(2) 
PARAMETRIC_REPRESENTATION_CONTEXT() REPRESENTATION_CONTEXT('2D SPACE',''
  ) );
#6962 = ORIENTED_EDGE('',*,*,#6963,.T.);
#6963 = EDGE_CURVE('',#6940,#6964,#6966,.T.);
#6964 = VERTEX_POINT('',#6965);
#6965 = CARTESIAN_POINT('',(94.3,0.,0.));
#6966 = SEAM_CURVE('',#6967,(#6971,#6978),.PCURVE_S1.);
#6967 = LINE('',#6968,#6969);
#6968 = CARTESIAN_POINT('',(94.3,0.,7.5));
#6969 = VECTOR('',#6970,1.);
#6970 = DIRECTION('',(0.,0.,-1.));
#6971 = PCURVE('',#5258,#6972);
#6972 = DEFINITIONAL_REPRESENTATION('',(#6973),#6977);
#6973 = LINE('',#6974,#6975);
#6974 = CARTESIAN_POINT('',(-6.28318530718,0.));
#6975 = VECTOR('',#6976,1.);
#6976 = DIRECTION('',(-0.,1.));
#6977 = ( GEOMETRIC_REPRESENTATION_CONTEXT(2) 
PARAMETRIC_REPRESENTATION_CONTEXT() REPRESENTATION_CONTEXT('2D SPACE',''
  ) );
#6978 = PCURVE('',#5258,#6979);
#6979 = DEFINITIONAL_REPRESENTATION('',(#6980),#6984);
#6980 = LINE('',#6981,#6982);
#6981 = CARTESIAN_POINT('',(-0.,0.));
#6982 = VECTOR('',#6983,1.);
#6983 = DIRECTION('',(-0.,1.));
#6984 = ( GEOMETRIC_REPRESENTATION_CONTEXT(2) 
PARAMETRIC_REPRESENTATION_CONTEXT() REPRESENTATION_CONTEXT('2D SPACE',''
  ) );
#6985 = ORIENTED_EDGE('',*,*,#6986,.F.);
#6986 = EDGE_CURVE('',#6964,#6964,#6987,.T.);
#6987 = SURFACE_CURVE('',#6988,(#6993,#7000),.PCURVE_S1.);
#6988 = CIRCLE('',#6989,94.3);
#6989 = AXIS2_PLACEMENT_3D('',#6990,#6991,#6992);
#6990 = CARTESIAN_POINT('',(0.,0.,0.));
#6991 = DIRECTION('',(0.,0.,1.));
#6992 = DIRECTION('',(1.,0.,-0.));
#6993 = PCURVE('',#5258,#6994);
#6994 = DEFINITIONAL_REPRESENTATION('',(#6995),#6999);
#6995 = LINE('',#6996,#6997);
#6996 = CARTESIAN_POINT('',(-0.,7.5));
#6997 = VECTOR('',#6998,1.);
#6998 = DIRECTION('',(-1.,0.));
#6999 = ( GEOMETRIC_REPRESENTATION_CONTEXT(2) 
PARAMETRIC_REPRESENTATION_CONTEXT() REPRESENTATION_CONTEXT('2D SPACE',''
  ) );
#7000 = PCURVE('',#3419,#7001);
#7001 = DEFINITIONAL_REPRESENTATION('',(#7002),#7006);
#7002 = CIRCLE('',#7003,94.3);
#7003 = AXIS2_PLACEMENT_2D('',#7004,#7005);
#7004 = CARTESIAN_POINT('',(0.,0.));
#7005 = DIRECTION('',(1.,-0.));
#7006 = ( GEOMETRIC_REPRESENTATION_CONTEXT(2) 
PARAMETRIC_REPRESENTATION_CONTEXT() REPRESENTATION_CONTEXT('2D SPACE',''
  ) );
#7007 = ORIENTED_EDGE('',*,*,#6963,.F.);
#7008 = ORIENTED_EDGE('',*,*,#7009,.T.);
#7009 = EDGE_CURVE('',#6940,#7010,#7012,.T.);
#7010 = VERTEX_POINT('',#7011);
#7011 = CARTESIAN_POINT('',(82.003199791629,46.56141346581,7.5));
#7012 = SURFACE_CURVE('',#7013,(#7018,#7025),.PCURVE_S1.);
#7013 = CIRCLE('',#7014,94.3);
#7014 = AXIS2_PLACEMENT_3D('',#7015,#7016,#7017);
#7015 = CARTESIAN_POINT('',(0.,0.,7.5));
#7016 = DIRECTION('',(0.,0.,1.));
#7017 = DIRECTION('',(1.,0.,-0.));
#7018 = PCURVE('',#5258,#7019);
#7019 = DEFINITIONAL_REPRESENTATION('',(#7020),#7024);
#7020 = LINE('',#7021,#7022);
#7021 = CARTESIAN_POINT('',(-0.,0.));
#7022 = VECTOR('',#7023,1.);
#7023 = DIRECTION('',(-1.,0.));
#7024 = ( GEOMETRIC_REPRESENTATION_CONTEXT(2) 
PARAMETRIC_REPRESENTATION_CONTEXT() REPRESENTATION_CONTEXT('2D SPACE',''
  ) );
#7025 = PCURVE('',#5496,#7026);
#7026 = DEFINITIONAL_REPRESENTATION('',(#7027),#7031);
#7027 = LINE('',#7028,#7029);
#7028 = CARTESIAN_POINT('',(-0.,6.28318530718));
#7029 = VECTOR('',#7030,1.);
#7030 = DIRECTION('',(-1.,0.));
#7031 = ( GEOMETRIC_REPRESENTATION_CONTEXT(2) 
PARAMETRIC_REPRESENTATION_CONTEXT() REPRESENTATION_CONTEXT('2D SPACE',''
  ) );
#7032 = ORIENTED_EDGE('',*,*,#7033,.T.);
#7033 = EDGE_CURVE('',#7010,#7034,#7036,.T.);
#7034 = VERTEX_POINT('',#7035);
#7035 = CARTESIAN_POINT('',(82.484365778014,45.703603820692,
    3.588299064212));
#7036 = SURFACE_CURVE('',#7037,(#7064,#7115),.PCURVE_S1.);
#7037 = B_SPLINE_CURVE_WITH_KNOTS('',7,(#7038,#7039,#7040,#7041,#7042,
    #7043,#7044,#7045,#7046,#7047,#7048,#7049,#7050,#7051,#7052,#7053,
    #7054,#7055,#7056,#7057,#7058,#7059,#7060,#7061,#7062,#7063),
  .UNSPECIFIED.,.F.,.F.,(8,6,6,6,8),(0.,0.277445545657,0.458099254086,
    0.999999417452,1.651920910399),.UNSPECIFIED.);
#7038 = CARTESIAN_POINT('',(82.003199791629,46.56141346581,7.5));
#7039 = CARTESIAN_POINT('',(82.070069461331,46.443643697316,
    7.459177473497));
#7040 = CARTESIAN_POINT('',(82.134105600271,46.330404642655,
    7.409590900378));
#7041 = CARTESIAN_POINT('',(82.195058785986,46.222201125697,
    7.352091651022));
#7042 = CARTESIAN_POINT('',(82.252732437425,46.119451803436,
    7.287551468872));
#7043 = CARTESIAN_POINT('',(82.306980990963,46.02248765431,
    7.216862363981));
#7044 = CARTESIAN_POINT('',(82.357708076416,45.931550466517,
    7.140936506561));
#7045 = CARTESIAN_POINT('',(82.435569881161,45.791601927063,
    7.008465538566));
#7046 = CARTESIAN_POINT('',(82.464806220093,45.738951129558,
    6.954323676975));
#7047 = CARTESIAN_POINT('',(82.492590901275,45.688825010181,
    6.898462234489));
#7048 = CARTESIAN_POINT('',(82.51894263419,45.641205515152,
    6.841049453051));
#7049 = CARTESIAN_POINT('',(82.543881491225,45.596070750324,
    6.782240302899));
#7050 = CARTESIAN_POINT('',(82.567428752525,45.553395270959,
    6.722176667675));
#7051 = CARTESIAN_POINT('',(82.656133261841,45.392429253849,
    6.477440763425));
#7052 = CARTESIAN_POINT('',(82.71036156398,45.293537828151,
    6.283704347501));
#7053 = CARTESIAN_POINT('',(82.75295850276,45.215584746863,
    6.083012701696));
#7054 = CARTESIAN_POINT('',(82.784493638569,45.157744720565,
    5.877683125206));
#7055 = CARTESIAN_POINT('',(82.805379437048,45.119392878295,
    5.669466168299));
#7056 = CARTESIAN_POINT('',(82.815833073898,45.100197253187,
    5.459795379661));
#7057 = CARTESIAN_POINT('',(82.815833073898,45.100197253187,
    4.997610120151));
#7058 = CARTESIAN_POINT('',(82.800704107646,45.127977983303,
    4.745515608082));
#7059 = CARTESIAN_POINT('',(82.770506114912,45.183429622792,
    4.495898841074));
#7060 = CARTESIAN_POINT('',(82.724760396808,45.267290570605,
    4.251243467035));
#7061 = CARTESIAN_POINT('',(82.66259301831,45.380890975843,
    4.014855364665));
#7062 = CARTESIAN_POINT('',(82.582854209602,45.525855128316,
    3.791478163092));
#7063 = CARTESIAN_POINT('',(82.484365778014,45.703603820692,
    3.588299064212));
#7064 = PCURVE('',#5258,#7065);
#7065 = DEFINITIONAL_REPRESENTATION('',(#7066),#7114);
#7066 = B_SPLINE_CURVE_WITH_KNOTS('',3,(#7067,#7068,#7069,#7070,#7071,
    #7072,#7073,#7074,#7075,#7076,#7077,#7078,#7079,#7080,#7081,#7082,
    #7083,#7084,#7085,#7086,#7087,#7088,#7089,#7090,#7091,#7092,#7093,
    #7094,#7095,#7096,#7097,#7098,#7099,#7100,#7101,#7102,#7103,#7104,
    #7105,#7106,#7107,#7108,#7109,#7110,#7111,#7112,#7113),
  .UNSPECIFIED.,.F.,.F.,(4,1,1,1,1,1,1,1,1,1,1,1,1,1,1,1,1,1,1,1,1,1,1,1
    ,1,1,1,1,1,1,1,1,1,1,1,1,1,1,1,1,1,1,1,1,4),(0.,3.754365705452E-02,
    7.508731410904E-02,0.112630971164,0.150174628218,0.187718285273,
    0.225261942327,0.262805599382,0.300349256436,0.337892913491,
    0.375436570545,0.4129802276,0.450523884654,0.488067541709,
    0.525611198763,0.563154855818,0.600698512872,0.638242169927,
    0.675785826981,0.713329484036,0.75087314109,0.788416798145,
    0.825960455199,0.863504112254,0.901047769308,0.938591426363,
    0.976135083418,1.013678740472,1.051222397527,1.088766054581,
    1.126309711636,1.16385336869,1.201397025745,1.238940682799,
    1.276484339854,1.314027996908,1.351571653963,1.389115311017,
    1.426658968072,1.464202625126,1.501746282181,1.539289939235,
    1.57683359629,1.614377253344,1.651920910399),.QUASI_UNIFORM_KNOTS.);
#7067 = CARTESIAN_POINT('',(-0.516406423044,9.947598300641E-14));
#7068 = CARTESIAN_POINT('',(-0.515952938265,1.288900557471E-02));
#7069 = CARTESIAN_POINT('',(-0.515060578389,4.091555642389E-02));
#7070 = CARTESIAN_POINT('',(-0.513768485006,8.924883019528E-02));
#7071 = CARTESIAN_POINT('',(-0.512525573693,0.143425655235));
#7072 = CARTESIAN_POINT('',(-0.51133416622,0.202988171508));
#7073 = CARTESIAN_POINT('',(-0.510196308089,0.267473816065));
#7074 = CARTESIAN_POINT('',(-0.509113747111,0.336412591698));
#7075 = CARTESIAN_POINT('',(-0.508087878309,0.409334804443));
#7076 = CARTESIAN_POINT('',(-0.507119982447,0.485742917955));
#7077 = CARTESIAN_POINT('',(-0.506208059171,0.565404252985));
#7078 = CARTESIAN_POINT('',(-0.505351846712,0.647985485985));
#7079 = CARTESIAN_POINT('',(-0.504550727275,0.733192133047));
#7080 = CARTESIAN_POINT('',(-0.503804103575,0.820744945408));
#7081 = CARTESIAN_POINT('',(-0.503111273437,0.910388574152));
#7082 = CARTESIAN_POINT('',(-0.502471343374,1.001911977723));
#7083 = CARTESIAN_POINT('',(-0.501883548848,1.095109028068));
#7084 = CARTESIAN_POINT('',(-0.501347133323,1.189791669237));
#7085 = CARTESIAN_POINT('',(-0.500861384852,1.285785119337));
#7086 = CARTESIAN_POINT('',(-0.500425633178,1.382927573347));
#7087 = CARTESIAN_POINT('',(-0.500039257131,1.481068760526));
#7088 = CARTESIAN_POINT('',(-0.499701689007,1.580068863166));
#7089 = CARTESIAN_POINT('',(-0.499412419522,1.679797401204));
#7090 = CARTESIAN_POINT('',(-0.499171002364,1.78013214315));
#7091 = CARTESIAN_POINT('',(-0.498977058726,1.880958182283));
#7092 = CARTESIAN_POINT('',(-0.498830281399,1.982166547075));
#7093 = CARTESIAN_POINT('',(-0.498730439767,2.083654716385));
#7094 = CARTESIAN_POINT('',(-0.49867738089,2.185320173524));
#7095 = CARTESIAN_POINT('',(-0.49867104466,2.287080077515));
#7096 = CARTESIAN_POINT('',(-0.498711421375,2.388767434982));
#7097 = CARTESIAN_POINT('',(-0.498798531563,2.4902914918));
#7098 = CARTESIAN_POINT('',(-0.498932499192,2.591558239874));
#7099 = CARTESIAN_POINT('',(-0.499113531287,2.692468683209));
#7100 = CARTESIAN_POINT('',(-0.499341916816,2.792918175142));
#7101 = CARTESIAN_POINT('',(-0.499618020263,2.892795434003));
#7102 = CARTESIAN_POINT('',(-0.499942276439,2.99198160638));
#7103 = CARTESIAN_POINT('',(-0.500315184749,3.090349275214));
#7104 = CARTESIAN_POINT('',(-0.500737303353,3.187761435892));
#7105 = CARTESIAN_POINT('',(-0.501209243096,3.284070431616));
#7106 = CARTESIAN_POINT('',(-0.501731661178,3.379116841006));
#7107 = CARTESIAN_POINT('',(-0.502305254577,3.472728336013));
#7108 = CARTESIAN_POINT('',(-0.502930753154,3.564718426112));
#7109 = CARTESIAN_POINT('',(-0.503608912502,3.654885388043));
#7110 = CARTESIAN_POINT('',(-0.504340506249,3.743010249224));
#7111 = CARTESIAN_POINT('',(-0.505126318765,3.828858034329));
#7112 = CARTESIAN_POINT('',(-0.50568686267,3.884397044858));
#7113 = CARTESIAN_POINT('',(-0.505976432598,3.911700935788));
#7114 = ( GEOMETRIC_REPRESENTATION_CONTEXT(2) 
PARAMETRIC_REPRESENTATION_CONTEXT() REPRESENTATION_CONTEXT('2D SPACE',''
  ) );
#7115 = PCURVE('',#3607,#7116);
#7116 = DEFINITIONAL_REPRESENTATION('',(#7117),#7165);
#7117 = B_SPLINE_CURVE_WITH_KNOTS('',3,(#7118,#7119,#7120,#7121,#7122,
    #7123,#7124,#7125,#7126,#7127,#7128,#7129,#7130,#7131,#7132,#7133,
    #7134,#7135,#7136,#7137,#7138,#7139,#7140,#7141,#7142,#7143,#7144,
    #7145,#7146,#7147,#7148,#7149,#7150,#7151,#7152,#7153,#7154,#7155,
    #7156,#7157,#7158,#7159,#7160,#7161,#7162,#7163,#7164),
  .UNSPECIFIED.,.F.,.F.,(4,1,1,1,1,1,1,1,1,1,1,1,1,1,1,1,1,1,1,1,1,1,1,1
    ,1,1,1,1,1,1,1,1,1,1,1,1,1,1,1,1,1,1,1,1,4),(0.,3.754365705452E-02,
    7.508731410904E-02,0.112630971164,0.150174628218,0.187718285273,
    0.225261942327,0.262805599382,0.300349256436,0.337892913491,
    0.375436570545,0.4129802276,0.450523884654,0.488067541709,
    0.525611198763,0.563154855818,0.600698512872,0.638242169927,
    0.675785826981,0.713329484036,0.75087314109,0.788416798145,
    0.825960455199,0.863504112254,0.901047769308,0.938591426363,
    0.976135083418,1.013678740472,1.051222397527,1.088766054581,
    1.126309711636,1.16385336869,1.201397025745,1.238940682799,
    1.276484339854,1.314027996908,1.351571653963,1.389115311017,
    1.426658968072,1.464202625126,1.501746282181,1.539289939235,
    1.57683359629,1.614377253344,1.651920910399),.QUASI_UNIFORM_KNOTS.);
#7118 = CARTESIAN_POINT('',(7.561207115386,-3.997560944067));
#7119 = CARTESIAN_POINT('',(7.542203047231,-3.997253428951));
#7120 = CARTESIAN_POINT('',(7.504475109671,-3.996589917319));
#7121 = CARTESIAN_POINT('',(7.448720526234,-3.995468974536));
#7122 = CARTESIAN_POINT('',(7.393797960807,-3.994242016176));
#7123 = CARTESIAN_POINT('',(7.339709218901,-3.992929083854));
#7124 = CARTESIAN_POINT('',(7.286460393987,-3.991550123016));
#7125 = CARTESIAN_POINT('',(7.234063680783,-3.990124801871));
#7126 = CARTESIAN_POINT('',(7.182533306245,-3.988672111486));
#7127 = CARTESIAN_POINT('',(7.131900973626,-3.987210544266));
#7128 = CARTESIAN_POINT('',(7.082038672424,-3.985752727497));
#7129 = CARTESIAN_POINT('',(7.032911160028,-3.984312603221));
#7130 = CARTESIAN_POINT('',(6.984472022333,-3.982902570457));
#7131 = CARTESIAN_POINT('',(6.936680580217,-3.981533993033));
#7132 = CARTESIAN_POINT('',(6.889494639805,-3.980217024877));
#7133 = CARTESIAN_POINT('',(6.842860548434,-3.97896042465));
#7134 = CARTESIAN_POINT('',(6.796733194331,-3.977772196174));
#7135 = CARTESIAN_POINT('',(6.751067651346,-3.976659416251));
#7136 = CARTESIAN_POINT('',(6.705820800963,-3.975628349345));
#7137 = CARTESIAN_POINT('',(6.66095054214,-3.97468448825));
#7138 = CARTESIAN_POINT('',(6.616415696439,-3.973832611402));
#7139 = CARTESIAN_POINT('',(6.572175765573,-3.973076832081));
#7140 = CARTESIAN_POINT('',(6.528190751591,-3.972420645691));
#7141 = CARTESIAN_POINT('',(6.484420991471,-3.971866972962));
#7142 = CARTESIAN_POINT('',(6.440826942651,-3.971418199392));
#7143 = CARTESIAN_POINT('',(6.397369179781,-3.97107620964));
#7144 = CARTESIAN_POINT('',(6.354007587556,-3.970842419578));
#7145 = CARTESIAN_POINT('',(6.310703516848,-3.970717794319));
#7146 = CARTESIAN_POINT('',(6.267410821793,-3.970702894085));
#7147 = CARTESIAN_POINT('',(6.224119446886,-3.970797778664));
#7148 = CARTESIAN_POINT('',(6.180786793303,-3.971001964963));
#7149 = CARTESIAN_POINT('',(6.13737096906,-3.971314590336));
#7150 = CARTESIAN_POINT('',(6.093830901951,-3.971734358037));
#7151 = CARTESIAN_POINT('',(6.050126019911,-3.972259520622));
#7152 = CARTESIAN_POINT('',(6.006216070317,-3.97288784576));
#7153 = CARTESIAN_POINT('',(5.962060921021,-3.973616580019));
#7154 = CARTESIAN_POINT('',(5.917620380197,-3.974442407175));
#7155 = CARTESIAN_POINT('',(5.872854018922,-3.975361402639));
#7156 = CARTESIAN_POINT('',(5.827720993821,-3.976368984361));
#7157 = CARTESIAN_POINT('',(5.782179861466,-3.977459860521));
#7158 = CARTESIAN_POINT('',(5.736188379962,-3.978627975703));
#7159 = CARTESIAN_POINT('',(5.689703278281,-3.979866451794));
#7160 = CARTESIAN_POINT('',(5.642680024036,-3.981167540242));
#7161 = CARTESIAN_POINT('',(5.59507242914,-3.982522526228));
#7162 = CARTESIAN_POINT('',(5.546832642545,-3.983921809196));
#7163 = CARTESIAN_POINT('',(5.514217165463,-3.984876819565));
#7164 = CARTESIAN_POINT('',(5.497787143782,-3.985358089154));
#7165 = ( GEOMETRIC_REPRESENTATION_CONTEXT(2) 
PARAMETRIC_REPRESENTATION_CONTEXT() REPRESENTATION_CONTEXT('2D SPACE',''
  ) );
#7166 = ORIENTED_EDGE('',*,*,#7167,.F.);
#7167 = EDGE_CURVE('',#7168,#7034,#7170,.T.);
#7168 = VERTEX_POINT('',#7169);
#7169 = CARTESIAN_POINT('',(81.916732864496,46.71336935832,2.43));
#7170 = SURFACE_CURVE('',#7171,(#7176,#7186),.PCURVE_S1.);
#7171 = ELLIPSE('',#7172,133.36033893178,94.3);
#7172 = AXIS2_PLACEMENT_3D('',#7173,#7174,#7175);
#7173 = CARTESIAN_POINT('',(0.,0.,1.926598128423));
#7174 = DIRECTION('',(0.353553390593,-0.612372435696,-0.707106781187));
#7175 = DIRECTION('',(-0.353553390593,0.612372435696,-0.707106781187));
#7176 = PCURVE('',#5258,#7177);
#7177 = DEFINITIONAL_REPRESENTATION('',(#7178),#7185);
#7178 = B_SPLINE_CURVE_WITH_KNOTS('',5,(#7179,#7180,#7181,#7182,#7183,
    #7184),.UNSPECIFIED.,.F.,.F.,(6,6),(1.574906327392,1.589647187053),
  .PIECEWISE_BEZIER_KNOTS.);
#7179 = CARTESIAN_POINT('',(-0.519488775001,5.185829906421));
#7180 = CARTESIAN_POINT('',(-0.516540603069,4.907819641329));
#7181 = CARTESIAN_POINT('',(-0.513592431137,4.629813587069));
#7182 = CARTESIAN_POINT('',(-0.510644259205,4.351816777781));
#7183 = CARTESIAN_POINT('',(-0.507696087273,4.073834247451));
#7184 = CARTESIAN_POINT('',(-0.504747915341,3.795871029367));
#7185 = ( GEOMETRIC_REPRESENTATION_CONTEXT(2) 
PARAMETRIC_REPRESENTATION_CONTEXT() REPRESENTATION_CONTEXT('2D SPACE',''
  ) );
#7186 = PCURVE('',#3478,#7187);
#7187 = DEFINITIONAL_REPRESENTATION('',(#7188),#7192);
#7188 = ELLIPSE('',#7189,133.36033893178,94.3);
#7189 = AXIS2_PLACEMENT_2D('',#7190,#7191);
#7190 = CARTESIAN_POINT('',(-0.711917754108,90.3));
#7191 = DIRECTION('',(-1.,0.));
#7192 = ( GEOMETRIC_REPRESENTATION_CONTEXT(2) 
PARAMETRIC_REPRESENTATION_CONTEXT() REPRESENTATION_CONTEXT('2D SPACE',''
  ) );
#7193 = ORIENTED_EDGE('',*,*,#7194,.F.);
#7194 = EDGE_CURVE('',#7195,#7168,#7197,.T.);
#7195 = VERTEX_POINT('',#7196);
#7196 = CARTESIAN_POINT('',(81.413330992919,47.585286976517,2.43));
#7197 = SURFACE_CURVE('',#7198,(#7203,#7210),.PCURVE_S1.);
#7198 = CIRCLE('',#7199,94.3);
#7199 = AXIS2_PLACEMENT_3D('',#7200,#7201,#7202);
#7200 = CARTESIAN_POINT('',(0.,0.,2.43));
#7201 = DIRECTION('',(0.,0.,-1.));
#7202 = DIRECTION('',(1.,0.,0.));
#7203 = PCURVE('',#5258,#7204);
#7204 = DEFINITIONAL_REPRESENTATION('',(#7205),#7209);
#7205 = LINE('',#7206,#7207);
#7206 = CARTESIAN_POINT('',(-6.28318530718,5.07));
#7207 = VECTOR('',#7208,1.);
#7208 = DIRECTION('',(1.,-0.));
#7209 = ( GEOMETRIC_REPRESENTATION_CONTEXT(2) 
PARAMETRIC_REPRESENTATION_CONTEXT() REPRESENTATION_CONTEXT('2D SPACE',''
  ) );
#7210 = PCURVE('',#3732,#7211);
#7211 = DEFINITIONAL_REPRESENTATION('',(#7212),#7216);
#7212 = CIRCLE('',#7213,94.3);
#7213 = AXIS2_PLACEMENT_2D('',#7214,#7215);
#7214 = CARTESIAN_POINT('',(0.503401871577,90.3));
#7215 = DIRECTION('',(0.5,-0.866025403784));
#7216 = ( GEOMETRIC_REPRESENTATION_CONTEXT(2) 
PARAMETRIC_REPRESENTATION_CONTEXT() REPRESENTATION_CONTEXT('2D SPACE',''
  ) );
#7217 = ORIENTED_EDGE('',*,*,#7218,.F.);
#7218 = EDGE_CURVE('',#7219,#7195,#7221,.T.);
#7219 = VERTEX_POINT('',#7220);
#7220 = CARTESIAN_POINT('',(80.822664842226,48.581754268462,
    3.588299064212));
#7221 = SURFACE_CURVE('',#7222,(#7227,#7237),.PCURVE_S1.);
#7222 = ELLIPSE('',#7223,133.36033893178,94.3);
#7223 = AXIS2_PLACEMENT_3D('',#7224,#7225,#7226);
#7224 = CARTESIAN_POINT('',(0.,0.,1.926598128423));
#7225 = DIRECTION('',(-0.353553390593,0.612372435696,-0.707106781187));
#7226 = DIRECTION('',(0.353553390593,-0.612372435696,-0.707106781187));
#7227 = PCURVE('',#5258,#7228);
#7228 = DEFINITIONAL_REPRESENTATION('',(#7229),#7236);
#7229 = B_SPLINE_CURVE_WITH_KNOTS('',5,(#7230,#7231,#7232,#7233,#7234,
    #7235),.UNSPECIFIED.,.F.,.F.,(6,6),(4.693538120127,4.708278979788),
  .PIECEWISE_BEZIER_KNOTS.);
#7230 = CARTESIAN_POINT('',(-0.542449635856,3.795871029367));
#7231 = CARTESIAN_POINT('',(-0.539501463924,4.073834247451));
#7232 = CARTESIAN_POINT('',(-0.536553291992,4.351816777781));
#7233 = CARTESIAN_POINT('',(-0.53360512006,4.629813587069));
#7234 = CARTESIAN_POINT('',(-0.530656948128,4.907819641329));
#7235 = CARTESIAN_POINT('',(-0.527708776195,5.185829906421));
#7236 = ( GEOMETRIC_REPRESENTATION_CONTEXT(2) 
PARAMETRIC_REPRESENTATION_CONTEXT() REPRESENTATION_CONTEXT('2D SPACE',''
  ) );
#7237 = PCURVE('',#3705,#7238);
#7238 = DEFINITIONAL_REPRESENTATION('',(#7239),#7243);
#7239 = ELLIPSE('',#7240,133.36033893178,94.3);
#7240 = AXIS2_PLACEMENT_2D('',#7241,#7242);
#7241 = CARTESIAN_POINT('',(2.35,90.3));
#7242 = DIRECTION('',(1.,0.));
#7243 = ( GEOMETRIC_REPRESENTATION_CONTEXT(2) 
PARAMETRIC_REPRESENTATION_CONTEXT() REPRESENTATION_CONTEXT('2D SPACE',''
  ) );
#7244 = ORIENTED_EDGE('',*,*,#7245,.T.);
#7245 = EDGE_CURVE('',#7219,#7246,#7248,.T.);
#7246 = VERTEX_POINT('',#7247);
#7247 = CARTESIAN_POINT('',(81.324966793317,47.736147478257,7.5));
#7248 = SURFACE_CURVE('',#7249,(#7276,#7327),.PCURVE_S1.);
#7249 = B_SPLINE_CURVE_WITH_KNOTS('',7,(#7250,#7251,#7252,#7253,#7254,
    #7255,#7256,#7257,#7258,#7259,#7260,#7261,#7262,#7263,#7264,#7265,
    #7266,#7267,#7268,#7269,#7270,#7271,#7272,#7273,#7274,#7275),
  .UNSPECIFIED.,.F.,.F.,(8,6,6,6,8),(0.,1.,1.831236008298,2.108345848138
    ,2.533996862356),.UNSPECIFIED.);
#7250 = CARTESIAN_POINT('',(80.822664842226,48.581754268462,
    3.588299064212));
#7251 = CARTESIAN_POINT('',(80.717974057604,48.755922293577,
    3.791478390799));
#7252 = CARTESIAN_POINT('',(80.632300718174,48.897460376437,
    4.014855922899));
#7253 = CARTESIAN_POINT('',(80.565003585768,49.008099079746,
    4.251244289773));
#7254 = CARTESIAN_POINT('',(80.515250829317,49.089646350892,
    4.495899635298));
#7255 = CARTESIAN_POINT('',(80.482327380527,49.14352426304,
    4.745516163426));
#7256 = CARTESIAN_POINT('',(80.465833073898,49.170516650973,
    4.997610332605));
#7257 = CARTESIAN_POINT('',(80.465833073898,49.170516650973,
    5.459795379661));
#7258 = CARTESIAN_POINT('',(80.477230154459,49.151865723346,
    5.669466168299));
#7259 = CARTESIAN_POINT('',(80.500000924906,49.11460217015,
    5.877683125205));
#7260 = CARTESIAN_POINT('',(80.534324289132,49.058371928277,
    6.083012701696));
#7261 = CARTESIAN_POINT('',(80.58053516844,48.982505356527,
    6.283704347501));
#7262 = CARTESIAN_POINT('',(80.639063504242,48.886096556421,
    6.477440763425));
#7263 = CARTESIAN_POINT('',(80.734111909547,48.728793189368,
    6.722176667675));
#7264 = CARTESIAN_POINT('',(80.759296328146,48.68706292321,
    6.782240302899));
#7265 = CARTESIAN_POINT('',(80.785914752563,48.642897857064,
    6.841049453051));
#7266 = CARTESIAN_POINT('',(80.813978578517,48.596266839411,
    6.898462234489));
#7267 = CARTESIAN_POINT('',(80.843496730699,48.547141539982,
    6.954323676975));
#7268 = CARTESIAN_POINT('',(80.874475489401,48.495496729001,
    7.008465538566));
#7269 = CARTESIAN_POINT('',(80.956751706443,48.358078581244,
    7.140949596201));
#7270 = CARTESIAN_POINT('',(81.010138345937,48.268685206451,
    7.216866249701));
#7271 = CARTESIAN_POINT('',(81.066976418704,48.173241024305,
    7.287539897457));
#7272 = CARTESIAN_POINT('',(81.127110329183,48.071941120575,
    7.352069183227));
#7273 = CARTESIAN_POINT('',(81.190332719442,47.965066128732,
    7.409567591612));
#7274 = CARTESIAN_POINT('',(81.256386485443,47.852983284142,
    7.459163461584));
#7275 = CARTESIAN_POINT('',(81.324966793317,47.736147478257,7.5));
#7276 = PCURVE('',#5258,#7277);
#7277 = DEFINITIONAL_REPRESENTATION('',(#7278),#7326);
#7278 = B_SPLINE_CURVE_WITH_KNOTS('',3,(#7279,#7280,#7281,#7282,#7283,
    #7284,#7285,#7286,#7287,#7288,#7289,#7290,#7291,#7292,#7293,#7294,
    #7295,#7296,#7297,#7298,#7299,#7300,#7301,#7302,#7303,#7304,#7305,
    #7306,#7307,#7308,#7309,#7310,#7311,#7312,#7313,#7314,#7315,#7316,
    #7317,#7318,#7319,#7320,#7321,#7322,#7323,#7324,#7325),
  .UNSPECIFIED.,.F.,.F.,(4,1,1,1,1,1,1,1,1,1,1,1,1,1,1,1,1,1,1,1,1,1,1,1
    ,1,1,1,1,1,1,1,1,1,1,1,1,1,1,1,1,1,1,1,1,4),(0.,5.759083778081E-02,
    0.115181675562,0.172772513342,0.230363351123,0.287954188904,
    0.345545026685,0.403135864466,0.460726702247,0.518317540027,
    0.575908377808,0.633499215589,0.69109005337,0.748680891151,
    0.806271728931,0.863862566712,0.921453404493,0.979044242274,
    1.036635080055,1.094225917835,1.151816755616,1.209407593397,
    1.266998431178,1.324589268959,1.38218010674,1.43977094452,
    1.497361782301,1.554952620082,1.612543457863,1.670134295644,
    1.727725133424,1.785315971205,1.842906808986,1.900497646767,
    1.958088484548,2.015679322328,2.073270160109,2.13086099789,
    2.188451835671,2.246042673452,2.303633511233,2.361224349013,
    2.418815186794,2.476406024575,2.533996862356),
  .QUASI_UNIFORM_KNOTS.);
#7279 = CARTESIAN_POINT('',(-0.541221118599,3.911700935788));
#7280 = CARTESIAN_POINT('',(-0.541510696936,3.884396252026));
#7281 = CARTESIAN_POINT('',(-0.5420712566,3.828855599438));
#7282 = CARTESIAN_POINT('',(-0.542857089597,3.743005209376));
#7283 = CARTESIAN_POINT('',(-0.543588700675,3.654877629653));
#7284 = CARTESIAN_POINT('',(-0.544266874246,3.5647078605));
#7285 = CARTESIAN_POINT('',(-0.54489238399,3.472714897004));
#7286 = CARTESIAN_POINT('',(-0.545465985568,3.379100482184));
#7287 = CARTESIAN_POINT('',(-0.545988408916,3.284051123681));
#7288 = CARTESIAN_POINT('',(-0.546460351091,3.18773916406));
#7289 = CARTESIAN_POINT('',(-0.546882469377,3.090324036749));
#7290 = CARTESIAN_POINT('',(-0.547255374691,2.991953408279));
#7291 = CARTESIAN_POINT('',(-0.54757962527,2.89276429085));
#7292 = CARTESIAN_POINT('',(-0.547855720577,2.792884107181));
#7293 = CARTESIAN_POINT('',(-0.548084095474,2.692431714531));
#7294 = CARTESIAN_POINT('',(-0.548265114477,2.5915183971));
#7295 = CARTESIAN_POINT('',(-0.548399066572,2.49024880179));
#7296 = CARTESIAN_POINT('',(-0.548486158777,2.388721926973));
#7297 = CARTESIAN_POINT('',(-0.548526515036,2.287031769381));
#7298 = CARTESIAN_POINT('',(-0.548520155819,2.185269117747));
#7299 = CARTESIAN_POINT('',(-0.548467071418,2.083600978683));
#7300 = CARTESIAN_POINT('',(-0.548367201671,1.982110184883));
#7301 = CARTESIAN_POINT('',(-0.548220393581,1.880899267907));
#7302 = CARTESIAN_POINT('',(-0.54802641647,1.780070758777));
#7303 = CARTESIAN_POINT('',(-0.54778496306,1.679733641623));
#7304 = CARTESIAN_POINT('',(-0.547495654468,1.580002836612));
#7305 = CARTESIAN_POINT('',(-0.547158044306,1.481000590227));
#7306 = CARTESIAN_POINT('',(-0.546771623205,1.38285739908));
#7307 = CARTESIAN_POINT('',(-0.546335823376,1.285713099201));
#7308 = CARTESIAN_POINT('',(-0.545850023562,1.189717981587));
#7309 = CARTESIAN_POINT('',(-0.545313553416,1.09503387364));
#7310 = CARTESIAN_POINT('',(-0.544725700903,1.001835581966));
#7311 = CARTESIAN_POINT('',(-0.544085709388,0.910311189726));
#7312 = CARTESIAN_POINT('',(-0.543392814276,0.820666855016));
#7313 = CARTESIAN_POINT('',(-0.542646121786,0.733113640516));
#7314 = CARTESIAN_POINT('',(-0.5418449306,0.647907001985));
#7315 = CARTESIAN_POINT('',(-0.540988640822,0.565326052622));
#7316 = CARTESIAN_POINT('',(-0.540076644275,0.485665960595));
#7317 = CARTESIAN_POINT('',(-0.539108643429,0.409257711229));
#7318 = CARTESIAN_POINT('',(-0.538082859773,0.336349525618));
#7319 = CARTESIAN_POINT('',(-0.537000514973,0.267430712089));
#7320 = CARTESIAN_POINT('',(-0.535862945753,0.202965493826));
#7321 = CARTESIAN_POINT('',(-0.534671834024,0.143419546885));
#7322 = CARTESIAN_POINT('',(-0.533429154365,8.9252755473E-02));
#7323 = CARTESIAN_POINT('',(-0.532137152887,4.092164355166E-02));
#7324 = CARTESIAN_POINT('',(-0.531244706493,1.289180376537E-02));
#7325 = CARTESIAN_POINT('',(-0.530791128152,1.483257960899E-13));
#7326 = ( GEOMETRIC_REPRESENTATION_CONTEXT(2) 
PARAMETRIC_REPRESENTATION_CONTEXT() REPRESENTATION_CONTEXT('2D SPACE',''
  ) );
#7327 = PCURVE('',#3607,#7328);
#7328 = DEFINITIONAL_REPRESENTATION('',(#7329),#7377);
#7329 = B_SPLINE_CURVE_WITH_KNOTS('',3,(#7330,#7331,#7332,#7333,#7334,
    #7335,#7336,#7337,#7338,#7339,#7340,#7341,#7342,#7343,#7344,#7345,
    #7346,#7347,#7348,#7349,#7350,#7351,#7352,#7353,#7354,#7355,#7356,
    #7357,#7358,#7359,#7360,#7361,#7362,#7363,#7364,#7365,#7366,#7367,
    #7368,#7369,#7370,#7371,#7372,#7373,#7374,#7375,#7376),
  .UNSPECIFIED.,.F.,.F.,(4,1,1,1,1,1,1,1,1,1,1,1,1,1,1,1,1,1,1,1,1,1,1,1
    ,1,1,1,1,1,1,1,1,1,1,1,1,1,1,1,1,1,1,1,1,4),(0.,5.759083778081E-02,
    0.115181675562,0.172772513342,0.230363351123,0.287954188904,
    0.345545026685,0.403135864466,0.460726702247,0.518317540027,
    0.575908377808,0.633499215589,0.69109005337,0.748680891151,
    0.806271728931,0.863862566712,0.921453404493,0.979044242274,
    1.036635080055,1.094225917835,1.151816755616,1.209407593397,
    1.266998431178,1.324589268959,1.38218010674,1.43977094452,
    1.497361782301,1.554952620082,1.612543457863,1.670134295644,
    1.727725133424,1.785315971205,1.842906808986,1.900497646767,
    1.958088484548,2.015679322328,2.073270160109,2.13086099789,
    2.188451835671,2.246042673452,2.303633511233,2.361224349013,
    2.418815186794,2.476406024575,2.533996862356),
  .QUASI_UNIFORM_KNOTS.);
#7330 = CARTESIAN_POINT('',(10.210176124167,-3.985358089154));
#7331 = CARTESIAN_POINT('',(10.193745625452,-3.984876805583));
#7332 = CARTESIAN_POINT('',(10.16112920704,-3.983921767665));
#7333 = CARTESIAN_POINT('',(10.112888045665,-3.982522445596));
#7334 = CARTESIAN_POINT('',(10.065279112363,-3.981167423761));
#7335 = CARTESIAN_POINT('',(10.018254554728,-3.979866303544));
#7336 = CARTESIAN_POINT('',(9.97176818294,-3.978627800459));
#7337 = CARTESIAN_POINT('',(9.925775462448,-3.977459663622));
#7338 = CARTESIAN_POINT('',(9.880233119626,-3.976368771583));
#7339 = CARTESIAN_POINT('',(9.835098909558,-3.975361180085));
#7340 = CARTESIAN_POINT('',(9.79033138538,-3.974442181179));
#7341 = CARTESIAN_POINT('',(9.745889699885,-3.973616357058));
#7342 = CARTESIAN_POINT('',(9.701733419935,-3.972887632384));
#7343 = CARTESIAN_POINT('',(9.657822349128,-3.972259323398));
#7344 = CARTESIAN_POINT('',(9.614116350341,-3.971734183502));
#7345 = CARTESIAN_POINT('',(9.570575165699,-3.971314444965));
#7346 = CARTESIAN_POINT('',(9.527158217089,-3.971001855141));
#7347 = CARTESIAN_POINT('',(9.483824427216,-3.970797710676));
#7348 = CARTESIAN_POINT('',(9.440531893101,-3.970702874097));
#7349 = CARTESIAN_POINT('',(9.397238024259,-3.970717828386));
#7350 = CARTESIAN_POINT('',(9.353932764198,-3.970842513463));
#7351 = CARTESIAN_POINT('',(9.310569956632,-3.971076368859));
#7352 = CARTESIAN_POINT('',(9.267110951442,-3.971418429143));
#7353 = CARTESIAN_POINT('',(9.223515629725,-3.971867278071));
#7354 = CARTESIAN_POINT('',(9.179744563126,-3.972421030538));
#7355 = CARTESIAN_POINT('',(9.135758205793,-3.973077300531));
#7356 = CARTESIAN_POINT('',(9.091516891334,-3.973833166724));
#7357 = CARTESIAN_POINT('',(9.04698061827,-3.974685133024));
#7358 = CARTESIAN_POINT('',(9.002108884607,-3.975629085366));
#7359 = CARTESIAN_POINT('',(8.956860507993,-3.976660244421));
#7360 = CARTESIAN_POINT('',(8.911193383189,-3.977773116385));
#7361 = CARTESIAN_POINT('',(8.865064387245,-3.978961435661));
#7362 = CARTESIAN_POINT('',(8.8184285889,-3.980218124182));
#7363 = CARTESIAN_POINT('',(8.771240871891,-3.981535176687));
#7364 = CARTESIAN_POINT('',(8.723447568216,-3.982903833228));
#7365 = CARTESIAN_POINT('',(8.675006525548,-3.984313936776));
#7366 = CARTESIAN_POINT('',(8.62587693125,-3.985754125121));
#7367 = CARTESIAN_POINT('',(8.576012836397,-3.987211984039));
#7368 = CARTESIAN_POINT('',(8.525377237416,-3.988673618034));
#7369 = CARTESIAN_POINT('',(8.473853179385,-3.99012608678));
#7370 = CARTESIAN_POINT('',(8.421468394875,-3.991551034772));
#7371 = CARTESIAN_POINT('',(8.3682339676,-3.992929580596));
#7372 = CARTESIAN_POINT('',(8.314158997558,-3.994242154637));
#7373 = CARTESIAN_POINT('',(8.259246646519,-3.995468884026));
#7374 = CARTESIAN_POINT('',(8.203495834691,-3.996589773617));
#7375 = CARTESIAN_POINT('',(8.165764149065,-3.997253361583));
#7376 = CARTESIAN_POINT('',(8.146756152563,-3.997560944067));
#7377 = ( GEOMETRIC_REPRESENTATION_CONTEXT(2) 
PARAMETRIC_REPRESENTATION_CONTEXT() REPRESENTATION_CONTEXT('2D SPACE',''
  ) );
#7378 = ORIENTED_EDGE('',*,*,#7379,.T.);
#7379 = EDGE_CURVE('',#7246,#7380,#7382,.T.);
#7380 = VERTEX_POINT('',#7381);
#7381 = CARTESIAN_POINT('',(0.678232998313,94.297560944067,7.5));
#7382 = SURFACE_CURVE('',#7383,(#7388,#7395),.PCURVE_S1.);
#7383 = CIRCLE('',#7384,94.3);
#7384 = AXIS2_PLACEMENT_3D('',#7385,#7386,#7387);
#7385 = CARTESIAN_POINT('',(0.,0.,7.5));
#7386 = DIRECTION('',(0.,0.,1.));
#7387 = DIRECTION('',(1.,0.,-0.));
#7388 = PCURVE('',#5258,#7389);
#7389 = DEFINITIONAL_REPRESENTATION('',(#7390),#7394);
#7390 = LINE('',#7391,#7392);
#7391 = CARTESIAN_POINT('',(-0.,0.));
#7392 = VECTOR('',#7393,1.);
#7393 = DIRECTION('',(-1.,0.));
#7394 = ( GEOMETRIC_REPRESENTATION_CONTEXT(2) 
PARAMETRIC_REPRESENTATION_CONTEXT() REPRESENTATION_CONTEXT('2D SPACE',''
  ) );
#7395 = PCURVE('',#5496,#7396);
#7396 = DEFINITIONAL_REPRESENTATION('',(#7397),#7401);
#7397 = LINE('',#7398,#7399);
#7398 = CARTESIAN_POINT('',(-0.,6.28318530718));
#7399 = VECTOR('',#7400,1.);
#7400 = DIRECTION('',(-1.,0.));
#7401 = ( GEOMETRIC_REPRESENTATION_CONTEXT(2) 
PARAMETRIC_REPRESENTATION_CONTEXT() REPRESENTATION_CONTEXT('2D SPACE',''
  ) );
#7402 = ORIENTED_EDGE('',*,*,#7403,.T.);
#7403 = EDGE_CURVE('',#7380,#7404,#7406,.T.);
#7404 = VERTEX_POINT('',#7405);
#7405 = CARTESIAN_POINT('',(1.661700935788,94.285358089154,
    3.588299064212));
#7406 = SURFACE_CURVE('',#7407,(#7434,#7485),.PCURVE_S1.);
#7407 = B_SPLINE_CURVE_WITH_KNOTS('',7,(#7408,#7409,#7410,#7411,#7412,
    #7413,#7414,#7415,#7416,#7417,#7418,#7419,#7420,#7421,#7422,#7423,
    #7424,#7425,#7426,#7427,#7428,#7429,#7430,#7431,#7432,#7433),
  .UNSPECIFIED.,.F.,.F.,(8,6,6,6,8),(0.,0.277445545739,0.458099254148,
    0.999999417452,1.651920361557),.UNSPECIFIED.);
#7408 = CARTESIAN_POINT('',(0.678232998312,94.297560944067,7.5));
#7409 = CARTESIAN_POINT('',(0.813659444421,94.296586892525,
    7.459177473514));
#7410 = CARTESIAN_POINT('',(0.943745411982,94.295424288276,
    7.409590900386));
#7411 = CARTESIAN_POINT('',(1.067928999348,94.294109537067,
    7.352091651007));
#7412 = CARTESIAN_POINT('',(1.185749348359,94.292681723212,
    7.287551468847));
#7413 = CARTESIAN_POINT('',(1.296847041485,94.291180274132,
    7.216862363979));
#7414 = CARTESIAN_POINT('',(1.400964498957,94.289642624898,
    7.140936506593));
#7415 = CARTESIAN_POINT('',(1.56109439176,94.287098656064,7.008465538566
    ));
#7416 = CARTESIAN_POINT('',(1.621309489394,94.28609266954,6.954323676975
    ));
#7417 = CARTESIAN_POINT('',(1.678612322759,94.285091849592,
    6.898462234489));
#7418 = CARTESIAN_POINT('',(1.733027881627,94.284103372216,
    6.841049453051));
#7419 = CARTESIAN_POINT('',(1.784585163079,94.283133673535,
    6.782240302899));
#7420 = CARTESIAN_POINT('',(1.833316842978,94.282188460328,
    6.722176667675));
#7421 = CARTESIAN_POINT('',(2.017069757599,94.278525810271,
    6.477440763425));
#7422 = CARTESIAN_POINT('',(2.12982639554,94.276043184678,6.283704347501
    ));
#7423 = CARTESIAN_POINT('',(2.218634213628,94.273956675141,
    6.083012701696));
#7424 = CARTESIAN_POINT('',(2.284492713663,94.272346890714,
    5.877683125205));
#7425 = CARTESIAN_POINT('',(2.32814928259,94.271258601641,5.669466168299
    ));
#7426 = CARTESIAN_POINT('',(2.35,94.27071390416,5.459795379661));
#7427 = CARTESIAN_POINT('',(2.35,94.27071390416,4.997610332605));
#7428 = CARTESIAN_POINT('',(2.318376753026,94.271502198752,
    4.745516163425));
#7429 = CARTESIAN_POINT('',(2.255255388009,94.273075785711,
    4.495899635298));
#7430 = CARTESIAN_POINT('',(2.159757001361,94.275389301132,
    4.251244289773));
#7431 = CARTESIAN_POINT('',(2.030292507451,94.278350975743,
    4.014855922899));
#7432 = CARTESIAN_POINT('',(1.864880262376,94.281777222687,
    3.791478390799));
#7433 = CARTESIAN_POINT('',(1.661700935788,94.285358089154,
    3.588299064212));
#7434 = PCURVE('',#5258,#7435);
#7435 = DEFINITIONAL_REPRESENTATION('',(#7436),#7484);
#7436 = B_SPLINE_CURVE_WITH_KNOTS('',3,(#7437,#7438,#7439,#7440,#7441,
    #7442,#7443,#7444,#7445,#7446,#7447,#7448,#7449,#7450,#7451,#7452,
    #7453,#7454,#7455,#7456,#7457,#7458,#7459,#7460,#7461,#7462,#7463,
    #7464,#7465,#7466,#7467,#7468,#7469,#7470,#7471,#7472,#7473,#7474,
    #7475,#7476,#7477,#7478,#7479,#7480,#7481,#7482,#7483),
  .UNSPECIFIED.,.F.,.F.,(4,1,1,1,1,1,1,1,1,1,1,1,1,1,1,1,1,1,1,1,1,1,1,1
    ,1,1,1,1,1,1,1,1,1,1,1,1,1,1,1,1,1,1,1,1,4),(0.,3.754364458083E-02,
    7.508728916166E-02,0.112630933742,0.150174578323,0.187718222904,
    0.225261867485,0.262805512066,0.300349156647,0.337892801227,
    0.375436445808,0.412980090389,0.45052373497,0.488067379551,
    0.525611024132,0.563154668712,0.600698313293,0.638241957874,
    0.675785602455,0.713329247036,0.750872891617,0.788416536197,
    0.825960180778,0.863503825359,0.90104746994,0.938591114521,
    0.976134759102,1.013678403682,1.051222048263,1.088765692844,
    1.126309337425,1.163852982006,1.201396626587,1.238940271167,
    1.276483915748,1.314027560329,1.35157120491,1.389114849491,
    1.426658494072,1.464202138652,1.501745783233,1.539289427814,
    1.576833072395,1.614376716976,1.651920361557),
  .QUASI_UNIFORM_KNOTS.);
#7437 = CARTESIAN_POINT('',(-1.563603974241,1.731947918415E-13));
#7438 = CARTESIAN_POINT('',(-1.563150489613,1.288900128377E-02));
#7439 = CARTESIAN_POINT('',(-1.562258130028,4.091554206127E-02));
#7440 = CARTESIAN_POINT('',(-1.560966037051,8.924879670103E-02));
#7441 = CARTESIAN_POINT('',(-1.55972312611,0.143425599027));
#7442 = CARTESIAN_POINT('',(-1.558531718972,0.202988089456));
#7443 = CARTESIAN_POINT('',(-1.557393861138,0.26747370551));
#7444 = CARTESIAN_POINT('',(-1.556311300418,0.336412450436));
#7445 = CARTESIAN_POINT('',(-1.555285431833,0.40933463086));
#7446 = CARTESIAN_POINT('',(-1.554317536149,0.485742710612));
#7447 = CARTESIAN_POINT('',(-1.553405613019,0.565404010416));
#7448 = CARTESIAN_POINT('',(-1.552549400669,0.647985207225));
#7449 = CARTESIAN_POINT('',(-1.551748281307,0.733191817293));
#7450 = CARTESIAN_POINT('',(-1.551001657648,0.820744592106));
#7451 = CARTESIAN_POINT('',(-1.550308827518,0.910388182819));
#7452 = CARTESIAN_POINT('',(-1.549668897432,1.001911548016));
#7453 = CARTESIAN_POINT('',(-1.549081102852,1.095108559791));
#7454 = CARTESIAN_POINT('',(-1.548544687242,1.189791162308));
#7455 = CARTESIAN_POINT('',(-1.548058938657,1.28578457378));
#7456 = CARTESIAN_POINT('',(-1.547623186838,1.382926989279));
#7457 = CARTESIAN_POINT('',(-1.547236810618,1.481068138151));
#7458 = CARTESIAN_POINT('',(-1.546899242292,1.580068202765));
#7459 = CARTESIAN_POINT('',(-1.546609972575,1.679796703135));
#7460 = CARTESIAN_POINT('',(-1.546368555157,1.780131407832));
#7461 = CARTESIAN_POINT('',(-1.546174611229,1.880957410219));
#7462 = CARTESIAN_POINT('',(-1.546027833584,1.982165738774));
#7463 = CARTESIAN_POINT('',(-1.545927991604,2.083653872647));
#7464 = CARTESIAN_POINT('',(-1.545874932348,2.185319294368));
#7465 = CARTESIAN_POINT('',(-1.54586859571,2.287079166195));
#7466 = CARTESIAN_POINT('',(-1.545908971979,2.388766477472));
#7467 = CARTESIAN_POINT('',(-1.545996081668,2.490290482388));
#7468 = CARTESIAN_POINT('',(-1.546130048747,2.591557180152));
#7469 = CARTESIAN_POINT('',(-1.546311080251,2.692467581103));
#7470 = CARTESIAN_POINT('',(-1.54653946517,2.792917043949));
#7471 = CARTESIAN_POINT('',(-1.546815568017,2.892794291396));
#7472 = CARTESIAN_POINT('',(-1.547139823637,2.99198047336));
#7473 = CARTESIAN_POINT('',(-1.547512731473,3.090348175));
#7474 = CARTESIAN_POINT('',(-1.547934849727,3.187760392737));
#7475 = CARTESIAN_POINT('',(-1.54840678928,3.28406946957));
#7476 = CARTESIAN_POINT('',(-1.54892920737,3.379115982637));
#7477 = CARTESIAN_POINT('',(-1.549502801002,3.472727601132));
#7478 = CARTESIAN_POINT('',(-1.550128300059,3.56471783052));
#7479 = CARTESIAN_POINT('',(-1.55080646014,3.654884942383));
#7480 = CARTESIAN_POINT('',(-1.551538054864,3.743009957976));
#7481 = CARTESIAN_POINT('',(-1.552323868579,3.828857895056));
#7482 = CARTESIAN_POINT('',(-1.552884413392,3.884397000336));
#7483 = CARTESIAN_POINT('',(-1.553173983795,3.911700935788));
#7484 = ( GEOMETRIC_REPRESENTATION_CONTEXT(2) 
PARAMETRIC_REPRESENTATION_CONTEXT() REPRESENTATION_CONTEXT('2D SPACE',''
  ) );
#7485 = PCURVE('',#3907,#7486);
#7486 = DEFINITIONAL_REPRESENTATION('',(#7487),#7535);
#7487 = B_SPLINE_CURVE_WITH_KNOTS('',3,(#7488,#7489,#7490,#7491,#7492,
    #7493,#7494,#7495,#7496,#7497,#7498,#7499,#7500,#7501,#7502,#7503,
    #7504,#7505,#7506,#7507,#7508,#7509,#7510,#7511,#7512,#7513,#7514,
    #7515,#7516,#7517,#7518,#7519,#7520,#7521,#7522,#7523,#7524,#7525,
    #7526,#7527,#7528,#7529,#7530,#7531,#7532,#7533,#7534),
  .UNSPECIFIED.,.F.,.F.,(4,1,1,1,1,1,1,1,1,1,1,1,1,1,1,1,1,1,1,1,1,1,1,1
    ,1,1,1,1,1,1,1,1,1,1,1,1,1,1,1,1,1,1,1,1,4),(0.,3.754364458083E-02,
    7.508728916166E-02,0.112630933742,0.150174578323,0.187718222904,
    0.225261867485,0.262805512066,0.300349156647,0.337892801227,
    0.375436445808,0.412980090389,0.45052373497,0.488067379551,
    0.525611024132,0.563154668712,0.600698313293,0.638241957874,
    0.675785602455,0.713329247036,0.750872891617,0.788416536197,
    0.825960180778,0.863503825359,0.90104746994,0.938591114521,
    0.976134759102,1.013678403682,1.051222048263,1.088765692844,
    1.126309337425,1.163852982006,1.201396626587,1.238940271167,
    1.276483915748,1.314027560329,1.35157120491,1.389114849491,
    1.426658494072,1.464202138652,1.501745783233,1.539289427814,
    1.576833072395,1.614376716976,1.651920361557),
  .QUASI_UNIFORM_KNOTS.);
#7488 = CARTESIAN_POINT('',(7.561207115386,-3.997560944067));
#7489 = CARTESIAN_POINT('',(7.542203053557,-3.997253429053));
#7490 = CARTESIAN_POINT('',(7.504475128455,-3.996589917659));
#7491 = CARTESIAN_POINT('',(7.448720563133,-3.995468975307));
#7492 = CARTESIAN_POINT('',(7.39379801527,-3.994242017436));
#7493 = CARTESIAN_POINT('',(7.339709290377,-3.992929085641));
#7494 = CARTESIAN_POINT('',(7.28646048191,-3.991550125347));
#7495 = CARTESIAN_POINT('',(7.234063784581,-3.990124804746));
#7496 = CARTESIAN_POINT('',(7.182533425243,-3.988672114883));
#7497 = CARTESIAN_POINT('',(7.131901107339,-3.987210548155));
#7498 = CARTESIAN_POINT('',(7.082038820586,-3.985752731841));
#7499 = CARTESIAN_POINT('',(7.032911322252,-3.984312607968));
#7500 = CARTESIAN_POINT('',(6.984472198314,-3.982902575549));
#7501 = CARTESIAN_POINT('',(6.936680769663,-3.9815339984));
#7502 = CARTESIAN_POINT('',(6.889494842519,-3.98021703045));
#7503 = CARTESIAN_POINT('',(6.842860764258,-3.978960430351));
#7504 = CARTESIAN_POINT('',(6.796733423139,-3.977772201923));
#7505 = CARTESIAN_POINT('',(6.751067893051,-3.976659421965));
#7506 = CARTESIAN_POINT('',(6.705821055514,-3.975628354938));
#7507 = CARTESIAN_POINT('',(6.66095080952,-3.974684493635));
#7508 = CARTESIAN_POINT('',(6.61641597667,-3.973832616491));
#7509 = CARTESIAN_POINT('',(6.572176058714,-3.973076836787));
#7510 = CARTESIAN_POINT('',(6.528191057736,-3.972420649927));
#7511 = CARTESIAN_POINT('',(6.484421310755,-3.97186697664));
#7512 = CARTESIAN_POINT('',(6.44082727524,-3.971418202427));
#7513 = CARTESIAN_POINT('',(6.397369525907,-3.971076211949));
#7514 = CARTESIAN_POINT('',(6.354007947397,-3.97084242108));
#7515 = CARTESIAN_POINT('',(6.310703890988,-3.970717794934));
#7516 = CARTESIAN_POINT('',(6.267411209512,-3.97070289374));
#7517 = CARTESIAN_POINT('',(6.224119854903,-3.970797777271));
#7518 = CARTESIAN_POINT('',(6.180787224932,-3.971001962407));
#7519 = CARTESIAN_POINT('',(6.137371424649,-3.971314586513));
#7520 = CARTESIAN_POINT('',(6.093831379257,-3.971734352878));
#7521 = CARTESIAN_POINT('',(6.050126514433,-3.972259514116));
#7522 = CARTESIAN_POINT('',(6.006216575603,-3.97288783797));
#7523 = CARTESIAN_POINT('',(5.962061428976,-3.973616571093));
#7524 = CARTESIAN_POINT('',(5.917620881404,-3.974442397351));
#7525 = CARTESIAN_POINT('',(5.87285450299,-3.975361392238));
#7526 = CARTESIAN_POINT('',(5.827721449765,-3.976368973778));
#7527 = CARTESIAN_POINT('',(5.782180278129,-3.977459850204));
#7528 = CARTESIAN_POINT('',(5.736188746477,-3.97862796613));
#7529 = CARTESIAN_POINT('',(5.689703584567,-3.979866443442));
#7530 = CARTESIAN_POINT('',(5.642680261332,-3.981167533552));
#7531 = CARTESIAN_POINT('',(5.595072590582,-3.982522521566));
#7532 = CARTESIAN_POINT('',(5.54683272369,-3.983921806819));
#7533 = CARTESIAN_POINT('',(5.514217192304,-3.984876818778));
#7534 = CARTESIAN_POINT('',(5.497787143782,-3.985358089154));
#7535 = ( GEOMETRIC_REPRESENTATION_CONTEXT(2) 
PARAMETRIC_REPRESENTATION_CONTEXT() REPRESENTATION_CONTEXT('2D SPACE',''
  ) );
#7536 = ORIENTED_EDGE('',*,*,#7537,.F.);
#7537 = EDGE_CURVE('',#7538,#7404,#7540,.T.);
#7538 = VERTEX_POINT('',#7539);
#7539 = CARTESIAN_POINT('',(0.503401871577,94.298656334837,2.43));
#7540 = SURFACE_CURVE('',#7541,(#7546,#7556),.PCURVE_S1.);
#7541 = ELLIPSE('',#7542,133.36033893178,94.3);
#7542 = AXIS2_PLACEMENT_3D('',#7543,#7544,#7545);
#7543 = CARTESIAN_POINT('',(0.,0.,1.926598128423));
#7544 = DIRECTION('',(0.707106781187,-7.850462293419E-17,-0.707106781187
    ));
#7545 = DIRECTION('',(-0.707106781187,7.850462293419E-17,-0.707106781187
    ));
#7546 = PCURVE('',#5258,#7547);
#7547 = DEFINITIONAL_REPRESENTATION('',(#7548),#7555);
#7548 = B_SPLINE_CURVE_WITH_KNOTS('',5,(#7549,#7550,#7551,#7552,#7553,
    #7554),.UNSPECIFIED.,.F.,.F.,(6,6),(1.574906327392,1.589647187053),
  .PIECEWISE_BEZIER_KNOTS.);
#7549 = CARTESIAN_POINT('',(-1.566686326198,5.185829906421));
#7550 = CARTESIAN_POINT('',(-1.563738154266,4.907819641329));
#7551 = CARTESIAN_POINT('',(-1.560789982334,4.629813587069));
#7552 = CARTESIAN_POINT('',(-1.557841810401,4.351816777781));
#7553 = CARTESIAN_POINT('',(-1.554893638469,4.073834247451));
#7554 = CARTESIAN_POINT('',(-1.551945466537,3.795871029367));
#7555 = ( GEOMETRIC_REPRESENTATION_CONTEXT(2) 
PARAMETRIC_REPRESENTATION_CONTEXT() REPRESENTATION_CONTEXT('2D SPACE',''
  ) );
#7556 = PCURVE('',#3772,#7557);
#7557 = DEFINITIONAL_REPRESENTATION('',(#7558),#7562);
#7558 = ELLIPSE('',#7559,133.36033893178,94.3);
#7559 = AXIS2_PLACEMENT_2D('',#7560,#7561);
#7560 = CARTESIAN_POINT('',(-0.711917754108,90.3));
#7561 = DIRECTION('',(-1.,0.));
#7562 = ( GEOMETRIC_REPRESENTATION_CONTEXT(2) 
PARAMETRIC_REPRESENTATION_CONTEXT() REPRESENTATION_CONTEXT('2D SPACE',''
  ) );
#7563 = ORIENTED_EDGE('',*,*,#7564,.F.);
#7564 = EDGE_CURVE('',#5319,#7538,#7565,.T.);
#7565 = SURFACE_CURVE('',#7566,(#7571,#7578),.PCURVE_S1.);
#7566 = CIRCLE('',#7567,94.3);
#7567 = AXIS2_PLACEMENT_3D('',#7568,#7569,#7570);
#7568 = CARTESIAN_POINT('',(0.,0.,2.43));
#7569 = DIRECTION('',(0.,0.,-1.));
#7570 = DIRECTION('',(1.,0.,0.));
#7571 = PCURVE('',#5258,#7572);
#7572 = DEFINITIONAL_REPRESENTATION('',(#7573),#7577);
#7573 = LINE('',#7574,#7575);
#7574 = CARTESIAN_POINT('',(-6.28318530718,5.07));
#7575 = VECTOR('',#7576,1.);
#7576 = DIRECTION('',(1.,-0.));
#7577 = ( GEOMETRIC_REPRESENTATION_CONTEXT(2) 
PARAMETRIC_REPRESENTATION_CONTEXT() REPRESENTATION_CONTEXT('2D SPACE',''
  ) );
#7578 = PCURVE('',#4032,#7579);
#7579 = DEFINITIONAL_REPRESENTATION('',(#7580),#7584);
#7580 = CIRCLE('',#7581,94.3);
#7581 = AXIS2_PLACEMENT_2D('',#7582,#7583);
#7582 = CARTESIAN_POINT('',(0.503401871577,90.3));
#7583 = DIRECTION('',(1.,-1.110223024625E-16));
#7584 = ( GEOMETRIC_REPRESENTATION_CONTEXT(2) 
PARAMETRIC_REPRESENTATION_CONTEXT() REPRESENTATION_CONTEXT('2D SPACE',''
  ) );
#7585 = ADVANCED_FACE('',(#7586),#5496,.F.);
#7586 = FACE_BOUND('',#7587,.T.);
#7587 = EDGE_LOOP('',(#7588,#7612,#7634,#7635,#7677,#7678,#7720,#7721,
    #7763,#7764,#7806,#7807,#7849,#7850,#7892,#7893));
#7588 = ORIENTED_EDGE('',*,*,#7589,.T.);
#7589 = EDGE_CURVE('',#7590,#7590,#7592,.T.);
#7590 = VERTEX_POINT('',#7591);
#7591 = CARTESIAN_POINT('',(91.3,0.,10.5));
#7592 = SURFACE_CURVE('',#7593,(#7598,#7605),.PCURVE_S1.);
#7593 = CIRCLE('',#7594,91.3);
#7594 = AXIS2_PLACEMENT_3D('',#7595,#7596,#7597);
#7595 = CARTESIAN_POINT('',(0.,0.,10.5));
#7596 = DIRECTION('',(0.,0.,1.));
#7597 = DIRECTION('',(1.,0.,-0.));
#7598 = PCURVE('',#5496,#7599);
#7599 = DEFINITIONAL_REPRESENTATION('',(#7600),#7604);
#7600 = LINE('',#7601,#7602);
#7601 = CARTESIAN_POINT('',(-0.,4.712388980385));
#7602 = VECTOR('',#7603,1.);
#7603 = DIRECTION('',(-1.,0.));
#7604 = ( GEOMETRIC_REPRESENTATION_CONTEXT(2) 
PARAMETRIC_REPRESENTATION_CONTEXT() REPRESENTATION_CONTEXT('2D SPACE',''
  ) );
#7605 = PCURVE('',#43,#7606);
#7606 = DEFINITIONAL_REPRESENTATION('',(#7607),#7611);
#7607 = CIRCLE('',#7608,91.3);
#7608 = AXIS2_PLACEMENT_2D('',#7609,#7610);
#7609 = CARTESIAN_POINT('',(0.,0.));
#7610 = DIRECTION('',(1.,-0.));
#7611 = ( GEOMETRIC_REPRESENTATION_CONTEXT(2) 
PARAMETRIC_REPRESENTATION_CONTEXT() REPRESENTATION_CONTEXT('2D SPACE',''
  ) );
#7612 = ORIENTED_EDGE('',*,*,#7613,.T.);
#7613 = EDGE_CURVE('',#7590,#6940,#7614,.T.);
#7614 = SEAM_CURVE('',#7615,(#7620,#7627),.PCURVE_S1.);
#7615 = CIRCLE('',#7616,3.);
#7616 = AXIS2_PLACEMENT_3D('',#7617,#7618,#7619);
#7617 = CARTESIAN_POINT('',(91.3,0.,7.5));
#7618 = DIRECTION('',(0.,1.,-0.));
#7619 = DIRECTION('',(-4.736951571734E-15,0.,1.));
#7620 = PCURVE('',#5496,#7621);
#7621 = DEFINITIONAL_REPRESENTATION('',(#7622),#7626);
#7622 = LINE('',#7623,#7624);
#7623 = CARTESIAN_POINT('',(-0.,4.712388980385));
#7624 = VECTOR('',#7625,1.);
#7625 = DIRECTION('',(-0.,1.));
#7626 = ( GEOMETRIC_REPRESENTATION_CONTEXT(2) 
PARAMETRIC_REPRESENTATION_CONTEXT() REPRESENTATION_CONTEXT('2D SPACE',''
  ) );
#7627 = PCURVE('',#5496,#7628);
#7628 = DEFINITIONAL_REPRESENTATION('',(#7629),#7633);
#7629 = LINE('',#7630,#7631);
#7630 = CARTESIAN_POINT('',(-6.28318530718,4.712388980385));
#7631 = VECTOR('',#7632,1.);
#7632 = DIRECTION('',(-0.,1.));
#7633 = ( GEOMETRIC_REPRESENTATION_CONTEXT(2) 
PARAMETRIC_REPRESENTATION_CONTEXT() REPRESENTATION_CONTEXT('2D SPACE',''
  ) );
#7634 = ORIENTED_EDGE('',*,*,#6939,.F.);
#7635 = ORIENTED_EDGE('',*,*,#7636,.T.);
#7636 = EDGE_CURVE('',#6806,#6595,#7637,.T.);
#7637 = SURFACE_CURVE('',#7638,(#7649,#7663),.PCURVE_S1.);
#7638 = B_SPLINE_CURVE_WITH_KNOTS('',5,(#7639,#7640,#7641,#7642,#7643,
    #7644,#7645,#7646,#7647,#7648),.UNSPECIFIED.,.F.,.F.,(6,4,6),(0.,
    0.497988257847,1.),.UNSPECIFIED.);
#7639 = CARTESIAN_POINT('',(82.003199791629,-46.56141346581,7.5));
#7640 = CARTESIAN_POINT('',(81.938578323433,-46.67522373858,
    7.539450046783));
#7641 = CARTESIAN_POINT('',(81.871656492636,-46.79131121033,
    7.569460929395));
#7642 = CARTESIAN_POINT('',(81.803443293845,-46.90911863495,
    7.589656326139));
#7643 = CARTESIAN_POINT('',(81.734757510353,-47.0279157508,
    7.599836139224));
#7644 = CARTESIAN_POINT('',(81.596969625158,-47.26656587623,
    7.600161887708));
#7645 = CARTESIAN_POINT('',(81.527861908796,-47.38643139612,
    7.590145335867));
#7646 = CARTESIAN_POINT('',(81.459379873743,-47.50539788533,
    7.569947006791));
#7647 = CARTESIAN_POINT('',(81.391755147266,-47.62236450761,
    7.539769509156));
#7648 = CARTESIAN_POINT('',(81.324966793317,-47.73614747825,7.5));
#7649 = PCURVE('',#5496,#7650);
#7650 = DEFINITIONAL_REPRESENTATION('',(#7651),#7662);
#7651 = B_SPLINE_CURVE_WITH_KNOTS('',5,(#7652,#7653,#7654,#7655,#7656,
    #7657,#7658,#7659,#7660,#7661),.UNSPECIFIED.,.F.,.F.,(6,4,6),(0.,
    0.497988257847,1.),.UNSPECIFIED.);
#7652 = CARTESIAN_POINT('',(-5.766778884135,6.28318530718));
#7653 = CARTESIAN_POINT('',(-5.765391008137,6.270035291585));
#7654 = CARTESIAN_POINT('',(-5.763970088164,6.260031570034));
#7655 = CARTESIAN_POINT('',(-5.76252649078,6.253295462926));
#7656 = CARTESIAN_POINT('',(-5.761071277106,6.249900448546));
#7657 = CARTESIAN_POINT('',(-5.758148945342,6.249791805346));
#7658 = CARTESIAN_POINT('',(-5.756681681888,6.25313237452));
#7659 = CARTESIAN_POINT('',(-5.755226013846,6.259869530671));
#7660 = CARTESIAN_POINT('',(-5.753793293901,6.269928804128));
#7661 = CARTESIAN_POINT('',(-5.752394179027,6.28318530718));
#7662 = ( GEOMETRIC_REPRESENTATION_CONTEXT(2) 
PARAMETRIC_REPRESENTATION_CONTEXT() REPRESENTATION_CONTEXT('2D SPACE',''
  ) );
#7663 = PCURVE('',#5095,#7664);
#7664 = DEFINITIONAL_REPRESENTATION('',(#7665),#7676);
#7665 = B_SPLINE_CURVE_WITH_KNOTS('',5,(#7666,#7667,#7668,#7669,#7670,
    #7671,#7672,#7673,#7674,#7675),.UNSPECIFIED.,.F.,.F.,(6,4,6),(0.,
    0.497988257847,1.),.UNSPECIFIED.);
#7666 = CARTESIAN_POINT('',(8.146756152563,-3.997560944067));
#7667 = CARTESIAN_POINT('',(8.088590231882,-3.998502247366));
#7668 = CARTESIAN_POINT('',(8.030311433364,-3.998589977704));
#7669 = CARTESIAN_POINT('',(7.971958327629,-3.998419326987));
#7670 = CARTESIAN_POINT('',(7.913559984812,-3.99833425153));
#7671 = CARTESIAN_POINT('',(7.796295641679,-3.998331505331));
#7672 = CARTESIAN_POINT('',(7.737423949848,-3.99841522731));
#7673 = CARTESIAN_POINT('',(7.678596706218,-3.998591289854));
#7674 = CARTESIAN_POINT('',(7.619844057638,-3.998509869943));
#7675 = CARTESIAN_POINT('',(7.561207115386,-3.997560944067));
#7676 = ( GEOMETRIC_REPRESENTATION_CONTEXT(2) 
PARAMETRIC_REPRESENTATION_CONTEXT() REPRESENTATION_CONTEXT('2D SPACE',''
  ) );
#7677 = ORIENTED_EDGE('',*,*,#6594,.F.);
#7678 = ORIENTED_EDGE('',*,*,#7679,.T.);
#7679 = EDGE_CURVE('',#6461,#6225,#7680,.T.);
#7680 = SURFACE_CURVE('',#7681,(#7692,#7706),.PCURVE_S1.);
#7681 = B_SPLINE_CURVE_WITH_KNOTS('',5,(#7682,#7683,#7684,#7685,#7686,
    #7687,#7688,#7689,#7690,#7691),.UNSPECIFIED.,.F.,.F.,(6,4,6),(0.,
    0.497988257847,1.),.UNSPECIFIED.);
#7682 = CARTESIAN_POINT('',(0.678232998312,-94.29756094406,7.5));
#7683 = CARTESIAN_POINT('',(0.54735967678,-94.29850224736,7.539450046783
    ));
#7684 = CARTESIAN_POINT('',(0.413364061783,-94.2985899777,7.569460929394
    ));
#7685 = CARTESIAN_POINT('',(0.277233239914,-94.29841932698,7.58965632614
    ));
#7686 = CARTESIAN_POINT('',(0.140009027943,-94.29833425153,
    7.599836139224));
#7687 = CARTESIAN_POINT('',(-0.135561985889,-94.29833150533,
    7.600161887708));
#7688 = CARTESIAN_POINT('',(-0.273922429336,-94.29841522731,
    7.590145335867));
#7689 = CARTESIAN_POINT('',(-0.411191448713,-94.29859128985,
    7.569947006791));
#7690 = CARTESIAN_POINT('',(-0.546299878245,-94.29850986994,
    7.539769509156));
#7691 = CARTESIAN_POINT('',(-0.678232998313,-94.29756094406,7.5));
#7692 = PCURVE('',#5496,#7693);
#7693 = DEFINITIONAL_REPRESENTATION('',(#7694),#7705);
#7694 = B_SPLINE_CURVE_WITH_KNOTS('',5,(#7695,#7696,#7697,#7698,#7699,
    #7700,#7701,#7702,#7703,#7704),.UNSPECIFIED.,.F.,.F.,(6,4,6),(0.,
    0.497988257847,1.),.UNSPECIFIED.);
#7695 = CARTESIAN_POINT('',(-4.719581332939,6.28318530718));
#7696 = CARTESIAN_POINT('',(-4.71819345694,6.270035291585));
#7697 = CARTESIAN_POINT('',(-4.716772536967,6.260031570034));
#7698 = CARTESIAN_POINT('',(-4.715328939584,6.253295462926));
#7699 = CARTESIAN_POINT('',(-4.71387372591,6.249900448546));
#7700 = CARTESIAN_POINT('',(-4.710951394146,6.249791805346));
#7701 = CARTESIAN_POINT('',(-4.709484130691,6.25313237452));
#7702 = CARTESIAN_POINT('',(-4.708028462649,6.259869530671));
#7703 = CARTESIAN_POINT('',(-4.706595742704,6.269928804128));
#7704 = CARTESIAN_POINT('',(-4.705196627831,6.28318530718));
#7705 = ( GEOMETRIC_REPRESENTATION_CONTEXT(2) 
PARAMETRIC_REPRESENTATION_CONTEXT() REPRESENTATION_CONTEXT('2D SPACE',''
  ) );
#7706 = PCURVE('',#4801,#7707);
#7707 = DEFINITIONAL_REPRESENTATION('',(#7708),#7719);
#7708 = B_SPLINE_CURVE_WITH_KNOTS('',5,(#7709,#7710,#7711,#7712,#7713,
    #7714,#7715,#7716,#7717,#7718),.UNSPECIFIED.,.F.,.F.,(6,4,6),(0.,
    0.497988257847,1.),.UNSPECIFIED.);
#7709 = CARTESIAN_POINT('',(8.146756152563,-3.997560944067));
#7710 = CARTESIAN_POINT('',(8.088590231882,-3.998502247366));
#7711 = CARTESIAN_POINT('',(8.030311433364,-3.998589977704));
#7712 = CARTESIAN_POINT('',(7.971958327629,-3.998419326987));
#7713 = CARTESIAN_POINT('',(7.913559984812,-3.99833425153));
#7714 = CARTESIAN_POINT('',(7.796295641679,-3.998331505331));
#7715 = CARTESIAN_POINT('',(7.737423949848,-3.99841522731));
#7716 = CARTESIAN_POINT('',(7.678596706218,-3.998591289854));
#7717 = CARTESIAN_POINT('',(7.619844057638,-3.998509869943));
#7718 = CARTESIAN_POINT('',(7.561207115386,-3.997560944067));
#7719 = ( GEOMETRIC_REPRESENTATION_CONTEXT(2) 
PARAMETRIC_REPRESENTATION_CONTEXT() REPRESENTATION_CONTEXT('2D SPACE',''
  ) );
#7720 = ORIENTED_EDGE('',*,*,#6224,.F.);
#7721 = ORIENTED_EDGE('',*,*,#7722,.T.);
#7722 = EDGE_CURVE('',#6091,#5855,#7723,.T.);
#7723 = SURFACE_CURVE('',#7724,(#7735,#7749),.PCURVE_S1.);
#7724 = B_SPLINE_CURVE_WITH_KNOTS('',5,(#7725,#7726,#7727,#7728,#7729,
    #7730,#7731,#7732,#7733,#7734),.UNSPECIFIED.,.F.,.F.,(6,4,6),(0.,
    0.497988257847,1.),.UNSPECIFIED.);
#7725 = CARTESIAN_POINT('',(-81.32496679331,-47.73614747825,7.5));
#7726 = CARTESIAN_POINT('',(-81.39121864665,-47.62327850878,
    7.539450046783));
#7727 = CARTESIAN_POINT('',(-81.45829243085,-47.50727876736,
    7.569460929395));
#7728 = CARTESIAN_POINT('',(-81.52621005393,-47.38930069203,
    7.589656326139));
#7729 = CARTESIAN_POINT('',(-81.59474848241,-47.27041850072,
    7.599836139224));
#7730 = CARTESIAN_POINT('',(-81.73253161104,-47.03176562909,
    7.600161887708));
#7731 = CARTESIAN_POINT('',(-81.80178433813,-46.91198383118,
    7.590145335867));
#7732 = CARTESIAN_POINT('',(-81.87057132245,-46.79319340452,
    7.569947006791));
#7733 = CARTESIAN_POINT('',(-81.93805502551,-46.67614536232,
    7.539769509156));
#7734 = CARTESIAN_POINT('',(-82.00319979162,-46.56141346581,7.5));
#7735 = PCURVE('',#5496,#7736);
#7736 = DEFINITIONAL_REPRESENTATION('',(#7737),#7748);
#7737 = B_SPLINE_CURVE_WITH_KNOTS('',5,(#7738,#7739,#7740,#7741,#7742,
    #7743,#7744,#7745,#7746,#7747),.UNSPECIFIED.,.F.,.F.,(6,4,6),(0.,
    0.497988257847,1.),.UNSPECIFIED.);
#7738 = CARTESIAN_POINT('',(-3.672383781742,6.28318530718));
#7739 = CARTESIAN_POINT('',(-3.670995905744,6.270035291585));
#7740 = CARTESIAN_POINT('',(-3.669574985771,6.260031570034));
#7741 = CARTESIAN_POINT('',(-3.668131388387,6.253295462926));
#7742 = CARTESIAN_POINT('',(-3.666676174713,6.249900448546));
#7743 = CARTESIAN_POINT('',(-3.663753842949,6.249791805346));
#7744 = CARTESIAN_POINT('',(-3.662286579495,6.25313237452));
#7745 = CARTESIAN_POINT('',(-3.660830911452,6.259869530671));
#7746 = CARTESIAN_POINT('',(-3.659398191508,6.269928804128));
#7747 = CARTESIAN_POINT('',(-3.657999076634,6.28318530718));
#7748 = ( GEOMETRIC_REPRESENTATION_CONTEXT(2) 
PARAMETRIC_REPRESENTATION_CONTEXT() REPRESENTATION_CONTEXT('2D SPACE',''
  ) );
#7749 = PCURVE('',#4507,#7750);
#7750 = DEFINITIONAL_REPRESENTATION('',(#7751),#7762);
#7751 = B_SPLINE_CURVE_WITH_KNOTS('',5,(#7752,#7753,#7754,#7755,#7756,
    #7757,#7758,#7759,#7760,#7761),.UNSPECIFIED.,.F.,.F.,(6,4,6),(0.,
    0.497988257847,1.),.UNSPECIFIED.);
#7752 = CARTESIAN_POINT('',(8.146756152563,-3.997560944067));
#7753 = CARTESIAN_POINT('',(8.088590231882,-3.998502247366));
#7754 = CARTESIAN_POINT('',(8.030311433364,-3.998589977704));
#7755 = CARTESIAN_POINT('',(7.971958327629,-3.998419326987));
#7756 = CARTESIAN_POINT('',(7.913559984812,-3.99833425153));
#7757 = CARTESIAN_POINT('',(7.796295641679,-3.998331505331));
#7758 = CARTESIAN_POINT('',(7.737423949848,-3.99841522731));
#7759 = CARTESIAN_POINT('',(7.678596706218,-3.998591289854));
#7760 = CARTESIAN_POINT('',(7.619844057638,-3.998509869943));
#7761 = CARTESIAN_POINT('',(7.561207115386,-3.997560944067));
#7762 = ( GEOMETRIC_REPRESENTATION_CONTEXT(2) 
PARAMETRIC_REPRESENTATION_CONTEXT() REPRESENTATION_CONTEXT('2D SPACE',''
  ) );
#7763 = ORIENTED_EDGE('',*,*,#5854,.F.);
#7764 = ORIENTED_EDGE('',*,*,#7765,.T.);
#7765 = EDGE_CURVE('',#5721,#5480,#7766,.T.);
#7766 = SURFACE_CURVE('',#7767,(#7778,#7792),.PCURVE_S1.);
#7767 = B_SPLINE_CURVE_WITH_KNOTS('',5,(#7768,#7769,#7770,#7771,#7772,
    #7773,#7774,#7775,#7776,#7777),.UNSPECIFIED.,.F.,.F.,(6,4,6),(0.,
    0.497988257847,1.),.UNSPECIFIED.);
#7768 = CARTESIAN_POINT('',(-82.00319979162,46.56141346581,7.5));
#7769 = CARTESIAN_POINT('',(-81.93857832343,46.675223738585,
    7.539450046783));
#7770 = CARTESIAN_POINT('',(-81.87165649263,46.791311210337,
    7.569460929395));
#7771 = CARTESIAN_POINT('',(-81.80344329384,46.909118634955,
    7.589656326139));
#7772 = CARTESIAN_POINT('',(-81.73475751035,47.027915750807,
    7.599836139224));
#7773 = CARTESIAN_POINT('',(-81.59696962515,47.266565876232,
    7.600161887708));
#7774 = CARTESIAN_POINT('',(-81.52786190879,47.386431396126,
    7.590145335867));
#7775 = CARTESIAN_POINT('',(-81.45937987374,47.505397885331,
    7.569947006791));
#7776 = CARTESIAN_POINT('',(-81.39175514726,47.622364507616,
    7.539769509156));
#7777 = CARTESIAN_POINT('',(-81.32496679331,47.736147478257,7.5));
#7778 = PCURVE('',#5496,#7779);
#7779 = DEFINITIONAL_REPRESENTATION('',(#7780),#7791);
#7780 = B_SPLINE_CURVE_WITH_KNOTS('',5,(#7781,#7782,#7783,#7784,#7785,
    #7786,#7787,#7788,#7789,#7790),.UNSPECIFIED.,.F.,.F.,(6,4,6),(0.,
    0.497988257847,1.),.UNSPECIFIED.);
#7781 = CARTESIAN_POINT('',(-2.625186230545,6.28318530718));
#7782 = CARTESIAN_POINT('',(-2.623798354547,6.270035291585));
#7783 = CARTESIAN_POINT('',(-2.622377434574,6.260031570034));
#7784 = CARTESIAN_POINT('',(-2.62093383719,6.253295462926));
#7785 = CARTESIAN_POINT('',(-2.619478623517,6.249900448546));
#7786 = CARTESIAN_POINT('',(-2.616556291752,6.249791805346));
#7787 = CARTESIAN_POINT('',(-2.615089028298,6.25313237452));
#7788 = CARTESIAN_POINT('',(-2.613633360256,6.259869530671));
#7789 = CARTESIAN_POINT('',(-2.612200640311,6.269928804128));
#7790 = CARTESIAN_POINT('',(-2.610801525438,6.28318530718));
#7791 = ( GEOMETRIC_REPRESENTATION_CONTEXT(2) 
PARAMETRIC_REPRESENTATION_CONTEXT() REPRESENTATION_CONTEXT('2D SPACE',''
  ) );
#7792 = PCURVE('',#4207,#7793);
#7793 = DEFINITIONAL_REPRESENTATION('',(#7794),#7805);
#7794 = B_SPLINE_CURVE_WITH_KNOTS('',5,(#7795,#7796,#7797,#7798,#7799,
    #7800,#7801,#7802,#7803,#7804),.UNSPECIFIED.,.F.,.F.,(6,4,6),(0.,
    0.497988257847,1.),.UNSPECIFIED.);
#7795 = CARTESIAN_POINT('',(8.146756152563,-3.997560944067));
#7796 = CARTESIAN_POINT('',(8.088590231882,-3.998502247366));
#7797 = CARTESIAN_POINT('',(8.030311433364,-3.998589977704));
#7798 = CARTESIAN_POINT('',(7.971958327628,-3.998419326987));
#7799 = CARTESIAN_POINT('',(7.913559984812,-3.99833425153));
#7800 = CARTESIAN_POINT('',(7.796295641679,-3.998331505331));
#7801 = CARTESIAN_POINT('',(7.737423949848,-3.99841522731));
#7802 = CARTESIAN_POINT('',(7.678596706218,-3.998591289854));
#7803 = CARTESIAN_POINT('',(7.619844057638,-3.998509869943));
#7804 = CARTESIAN_POINT('',(7.561207115386,-3.997560944067));
#7805 = ( GEOMETRIC_REPRESENTATION_CONTEXT(2) 
PARAMETRIC_REPRESENTATION_CONTEXT() REPRESENTATION_CONTEXT('2D SPACE',''
  ) );
#7806 = ORIENTED_EDGE('',*,*,#5479,.F.);
#7807 = ORIENTED_EDGE('',*,*,#7808,.T.);
#7808 = EDGE_CURVE('',#5346,#7380,#7809,.T.);
#7809 = SURFACE_CURVE('',#7810,(#7821,#7835),.PCURVE_S1.);
#7810 = B_SPLINE_CURVE_WITH_KNOTS('',5,(#7811,#7812,#7813,#7814,#7815,
    #7816,#7817,#7818,#7819,#7820),.UNSPECIFIED.,.F.,.F.,(6,4,6),(0.,
    0.497988257847,1.),.UNSPECIFIED.);
#7811 = CARTESIAN_POINT('',(-0.678232998312,94.297560944067,7.5));
#7812 = CARTESIAN_POINT('',(-0.54735967678,94.298502247366,
    7.539450046783));
#7813 = CARTESIAN_POINT('',(-0.413364061783,94.298589977704,
    7.569460929394));
#7814 = CARTESIAN_POINT('',(-0.277233239914,94.298419326987,
    7.58965632614));
#7815 = CARTESIAN_POINT('',(-0.140009027943,94.29833425153,
    7.599836139224));
#7816 = CARTESIAN_POINT('',(0.135561985888,94.298331505331,
    7.600161887708));
#7817 = CARTESIAN_POINT('',(0.273922429336,94.29841522731,7.590145335867
    ));
#7818 = CARTESIAN_POINT('',(0.411191448713,94.298591289854,
    7.569947006791));
#7819 = CARTESIAN_POINT('',(0.546299878245,94.298509869943,
    7.539769509156));
#7820 = CARTESIAN_POINT('',(0.678232998313,94.297560944067,7.5));
#7821 = PCURVE('',#5496,#7822);
#7822 = DEFINITIONAL_REPRESENTATION('',(#7823),#7834);
#7823 = B_SPLINE_CURVE_WITH_KNOTS('',5,(#7824,#7825,#7826,#7827,#7828,
    #7829,#7830,#7831,#7832,#7833),.UNSPECIFIED.,.F.,.F.,(6,4,6),(0.,
    0.497988257847,1.),.UNSPECIFIED.);
#7824 = CARTESIAN_POINT('',(-1.577988679349,6.28318530718));
#7825 = CARTESIAN_POINT('',(-1.576600803351,6.270035291585));
#7826 = CARTESIAN_POINT('',(-1.575179883378,6.260031570034));
#7827 = CARTESIAN_POINT('',(-1.573736285994,6.253295462926));
#7828 = CARTESIAN_POINT('',(-1.57228107232,6.249900448546));
#7829 = CARTESIAN_POINT('',(-1.569358740556,6.249791805346));
#7830 = CARTESIAN_POINT('',(-1.567891477102,6.25313237452));
#7831 = CARTESIAN_POINT('',(-1.566435809059,6.259869530671));
#7832 = CARTESIAN_POINT('',(-1.565003089115,6.269928804128));
#7833 = CARTESIAN_POINT('',(-1.563603974241,6.28318530718));
#7834 = ( GEOMETRIC_REPRESENTATION_CONTEXT(2) 
PARAMETRIC_REPRESENTATION_CONTEXT() REPRESENTATION_CONTEXT('2D SPACE',''
  ) );
#7835 = PCURVE('',#3907,#7836);
#7836 = DEFINITIONAL_REPRESENTATION('',(#7837),#7848);
#7837 = B_SPLINE_CURVE_WITH_KNOTS('',5,(#7838,#7839,#7840,#7841,#7842,
    #7843,#7844,#7845,#7846,#7847),.UNSPECIFIED.,.F.,.F.,(6,4,6),(0.,
    0.497988257847,1.),.UNSPECIFIED.);
#7838 = CARTESIAN_POINT('',(8.146756152563,-3.997560944067));
#7839 = CARTESIAN_POINT('',(8.088590231882,-3.998502247366));
#7840 = CARTESIAN_POINT('',(8.030311433364,-3.998589977704));
#7841 = CARTESIAN_POINT('',(7.971958327629,-3.998419326987));
#7842 = CARTESIAN_POINT('',(7.913559984812,-3.99833425153));
#7843 = CARTESIAN_POINT('',(7.796295641679,-3.998331505331));
#7844 = CARTESIAN_POINT('',(7.737423949848,-3.99841522731));
#7845 = CARTESIAN_POINT('',(7.678596706218,-3.998591289854));
#7846 = CARTESIAN_POINT('',(7.619844057638,-3.998509869943));
#7847 = CARTESIAN_POINT('',(7.561207115386,-3.997560944067));
#7848 = ( GEOMETRIC_REPRESENTATION_CONTEXT(2) 
PARAMETRIC_REPRESENTATION_CONTEXT() REPRESENTATION_CONTEXT('2D SPACE',''
  ) );
#7849 = ORIENTED_EDGE('',*,*,#7379,.F.);
#7850 = ORIENTED_EDGE('',*,*,#7851,.T.);
#7851 = EDGE_CURVE('',#7246,#7010,#7852,.T.);
#7852 = SURFACE_CURVE('',#7853,(#7864,#7878),.PCURVE_S1.);
#7853 = B_SPLINE_CURVE_WITH_KNOTS('',5,(#7854,#7855,#7856,#7857,#7858,
    #7859,#7860,#7861,#7862,#7863),.UNSPECIFIED.,.F.,.F.,(6,4,6),(0.,
    0.497988257847,1.),.UNSPECIFIED.);
#7854 = CARTESIAN_POINT('',(81.324966793317,47.736147478257,7.5));
#7855 = CARTESIAN_POINT('',(81.391218646654,47.623278508782,
    7.539450046783));
#7856 = CARTESIAN_POINT('',(81.458292430853,47.507278767368,
    7.569460929394));
#7857 = CARTESIAN_POINT('',(81.526210053931,47.389300692032,
    7.58965632614));
#7858 = CARTESIAN_POINT('',(81.59474848241,47.270418500723,
    7.599836139224));
#7859 = CARTESIAN_POINT('',(81.732531611047,47.031765629098,
    7.600161887708));
#7860 = CARTESIAN_POINT('',(81.801784338131,46.911983831184,
    7.590145335867));
#7861 = CARTESIAN_POINT('',(81.870571322456,46.793193404522,
    7.569947006791));
#7862 = CARTESIAN_POINT('',(81.93805502551,46.676145362327,
    7.539769509156));
#7863 = CARTESIAN_POINT('',(82.003199791629,46.56141346581,7.5));
#7864 = PCURVE('',#5496,#7865);
#7865 = DEFINITIONAL_REPRESENTATION('',(#7866),#7877);
#7866 = B_SPLINE_CURVE_WITH_KNOTS('',5,(#7867,#7868,#7869,#7870,#7871,
    #7872,#7873,#7874,#7875,#7876),.UNSPECIFIED.,.F.,.F.,(6,4,6),(0.,
    0.497988257847,1.),.UNSPECIFIED.);
#7867 = CARTESIAN_POINT('',(-0.530791128152,6.28318530718));
#7868 = CARTESIAN_POINT('',(-0.529403252154,6.270035291585));
#7869 = CARTESIAN_POINT('',(-0.527982332181,6.260031570034));
#7870 = CARTESIAN_POINT('',(-0.526538734797,6.253295462926));
#7871 = CARTESIAN_POINT('',(-0.525083521123,6.249900448546));
#7872 = CARTESIAN_POINT('',(-0.522161189359,6.249791805346));
#7873 = CARTESIAN_POINT('',(-0.520693925905,6.25313237452));
#7874 = CARTESIAN_POINT('',(-0.519238257863,6.259869530671));
#7875 = CARTESIAN_POINT('',(-0.517805537918,6.269928804128));
#7876 = CARTESIAN_POINT('',(-0.516406423044,6.28318530718));
#7877 = ( GEOMETRIC_REPRESENTATION_CONTEXT(2) 
PARAMETRIC_REPRESENTATION_CONTEXT() REPRESENTATION_CONTEXT('2D SPACE',''
  ) );
#7878 = PCURVE('',#3607,#7879);
#7879 = DEFINITIONAL_REPRESENTATION('',(#7880),#7891);
#7880 = B_SPLINE_CURVE_WITH_KNOTS('',5,(#7881,#7882,#7883,#7884,#7885,
    #7886,#7887,#7888,#7889,#7890),.UNSPECIFIED.,.F.,.F.,(6,4,6),(0.,
    0.497988257847,1.),.UNSPECIFIED.);
#7881 = CARTESIAN_POINT('',(8.146756152563,-3.997560944067));
#7882 = CARTESIAN_POINT('',(8.088590231882,-3.998502247366));
#7883 = CARTESIAN_POINT('',(8.030311433364,-3.998589977704));
#7884 = CARTESIAN_POINT('',(7.971958327629,-3.998419326987));
#7885 = CARTESIAN_POINT('',(7.913559984812,-3.99833425153));
#7886 = CARTESIAN_POINT('',(7.796295641679,-3.998331505331));
#7887 = CARTESIAN_POINT('',(7.737423949848,-3.99841522731));
#7888 = CARTESIAN_POINT('',(7.678596706218,-3.998591289854));
#7889 = CARTESIAN_POINT('',(7.619844057638,-3.998509869943));
#7890 = CARTESIAN_POINT('',(7.561207115386,-3.997560944067));
#7891 = ( GEOMETRIC_REPRESENTATION_CONTEXT(2) 
PARAMETRIC_REPRESENTATION_CONTEXT() REPRESENTATION_CONTEXT('2D SPACE',''
  ) );
#7892 = ORIENTED_EDGE('',*,*,#7009,.F.);
#7893 = ORIENTED_EDGE('',*,*,#7613,.F.);
#7894 = ADVANCED_FACE('',(#7895),#5193,.F.);
#7895 = FACE_BOUND('',#7896,.F.);
#7896 = EDGE_LOOP('',(#7897,#7898,#7918,#7919));
#7897 = ORIENTED_EDGE('',*,*,#6778,.F.);
#7898 = ORIENTED_EDGE('',*,*,#7899,.T.);
#7899 = EDGE_CURVE('',#6779,#4979,#7900,.T.);
#7900 = SURFACE_CURVE('',#7901,(#7905,#7912),.PCURVE_S1.);
#7901 = LINE('',#7902,#7903);
#7902 = CARTESIAN_POINT('',(79.032944429629,-43.71092477611,
    3.588299064212));
#7903 = VECTOR('',#7904,1.);
#7904 = DIRECTION('',(0.866025403784,-0.5,0.));
#7905 = PCURVE('',#5193,#7906);
#7906 = DEFINITIONAL_REPRESENTATION('',(#7907),#7911);
#7907 = LINE('',#7908,#7909);
#7908 = CARTESIAN_POINT('',(-0.,0.));
#7909 = VECTOR('',#7910,1.);
#7910 = DIRECTION('',(0.,-1.));
#7911 = ( GEOMETRIC_REPRESENTATION_CONTEXT(2) 
PARAMETRIC_REPRESENTATION_CONTEXT() REPRESENTATION_CONTEXT('2D SPACE',''
  ) );
#7912 = PCURVE('',#5095,#7913);
#7913 = DEFINITIONAL_REPRESENTATION('',(#7914),#7917);
#7914 = B_SPLINE_CURVE_WITH_KNOTS('',1,(#7915,#7916),.UNSPECIFIED.,.F.,
  .F.,(2,2),(3.985358089154,10.986370010974),.PIECEWISE_BEZIER_KNOTS.);
#7915 = CARTESIAN_POINT('',(10.210176124167,-3.985358089154));
#7916 = CARTESIAN_POINT('',(10.210176124167,-10.98637001097));
#7917 = ( GEOMETRIC_REPRESENTATION_CONTEXT(2) 
PARAMETRIC_REPRESENTATION_CONTEXT() REPRESENTATION_CONTEXT('2D SPACE',''
  ) );
#7918 = ORIENTED_EDGE('',*,*,#5173,.T.);
#7919 = ORIENTED_EDGE('',*,*,#5270,.F.);
#7920 = ADVANCED_FACE('',(#7921),#5095,.F.);
#7921 = FACE_BOUND('',#7922,.F.);
#7922 = EDGE_LOOP('',(#7923,#7924,#7944,#7945,#7946,#7947));
#7923 = ORIENTED_EDGE('',*,*,#6618,.T.);
#7924 = ORIENTED_EDGE('',*,*,#7925,.T.);
#7925 = EDGE_CURVE('',#6619,#4947,#7926,.T.);
#7926 = SURFACE_CURVE('',#7927,(#7931,#7937),.PCURVE_S1.);
#7927 = LINE('',#7928,#7929);
#7928 = CARTESIAN_POINT('',(77.371243493841,-46.58907522388,
    3.588299064212));
#7929 = VECTOR('',#7930,1.);
#7930 = DIRECTION('',(0.866025403784,-0.5,0.));
#7931 = PCURVE('',#5095,#7932);
#7932 = DEFINITIONAL_REPRESENTATION('',(#7933),#7936);
#7933 = B_SPLINE_CURVE_WITH_KNOTS('',1,(#7934,#7935),.UNSPECIFIED.,.F.,
  .F.,(2,2),(3.985358089154,10.986370010974),.PIECEWISE_BEZIER_KNOTS.);
#7934 = CARTESIAN_POINT('',(5.497787143782,-3.985358089154));
#7935 = CARTESIAN_POINT('',(5.497787143782,-10.98637001097));
#7936 = ( GEOMETRIC_REPRESENTATION_CONTEXT(2) 
PARAMETRIC_REPRESENTATION_CONTEXT() REPRESENTATION_CONTEXT('2D SPACE',''
  ) );
#7937 = PCURVE('',#4966,#7938);
#7938 = DEFINITIONAL_REPRESENTATION('',(#7939),#7943);
#7939 = LINE('',#7940,#7941);
#7940 = CARTESIAN_POINT('',(1.638082245892,-5.329070518201E-15));
#7941 = VECTOR('',#7942,1.);
#7942 = DIRECTION('',(0.,-1.));
#7943 = ( GEOMETRIC_REPRESENTATION_CONTEXT(2) 
PARAMETRIC_REPRESENTATION_CONTEXT() REPRESENTATION_CONTEXT('2D SPACE',''
  ) );
#7944 = ORIENTED_EDGE('',*,*,#4978,.F.);
#7945 = ORIENTED_EDGE('',*,*,#7899,.F.);
#7946 = ORIENTED_EDGE('',*,*,#6805,.T.);
#7947 = ORIENTED_EDGE('',*,*,#7636,.T.);
#7948 = ADVANCED_FACE('',(#7949),#4966,.F.);
#7949 = FACE_BOUND('',#7950,.F.);
#7950 = EDGE_LOOP('',(#7951,#7952,#7953,#7954));
#7951 = ORIENTED_EDGE('',*,*,#6752,.F.);
#7952 = ORIENTED_EDGE('',*,*,#5292,.T.);
#7953 = ORIENTED_EDGE('',*,*,#4944,.T.);
#7954 = ORIENTED_EDGE('',*,*,#7925,.F.);
#7955 = ADVANCED_FACE('',(#7956),#4926,.F.);
#7956 = FACE_BOUND('',#7957,.F.);
#7957 = EDGE_LOOP('',(#7958,#7959,#7980,#7981));
#7958 = ORIENTED_EDGE('',*,*,#6409,.F.);
#7959 = ORIENTED_EDGE('',*,*,#7960,.T.);
#7960 = EDGE_CURVE('',#6410,#4880,#7961,.T.);
#7961 = SURFACE_CURVE('',#7962,(#7966,#7973),.PCURVE_S1.);
#7962 = LINE('',#7963,#7964);
#7963 = CARTESIAN_POINT('',(0.503401871577,-90.3,2.43));
#7964 = VECTOR('',#7965,1.);
#7965 = DIRECTION('',(-2.22044604925E-16,-1.,0.));
#7966 = PCURVE('',#4926,#7967);
#7967 = DEFINITIONAL_REPRESENTATION('',(#7968),#7972);
#7968 = LINE('',#7969,#7970);
#7969 = CARTESIAN_POINT('',(0.,0.));
#7970 = VECTOR('',#7971,1.);
#7971 = DIRECTION('',(0.,-1.));
#7972 = ( GEOMETRIC_REPRESENTATION_CONTEXT(2) 
PARAMETRIC_REPRESENTATION_CONTEXT() REPRESENTATION_CONTEXT('2D SPACE',''
  ) );
#7973 = PCURVE('',#4899,#7974);
#7974 = DEFINITIONAL_REPRESENTATION('',(#7975),#7979);
#7975 = LINE('',#7976,#7977);
#7976 = CARTESIAN_POINT('',(1.638082245892,-2.571940580979E-16));
#7977 = VECTOR('',#7978,1.);
#7978 = DIRECTION('',(0.,-1.));
#7979 = ( GEOMETRIC_REPRESENTATION_CONTEXT(2) 
PARAMETRIC_REPRESENTATION_CONTEXT() REPRESENTATION_CONTEXT('2D SPACE',''
  ) );
#7980 = ORIENTED_EDGE('',*,*,#4911,.F.);
#7981 = ORIENTED_EDGE('',*,*,#7982,.F.);
#7982 = EDGE_CURVE('',#6383,#4651,#7983,.T.);
#7983 = SURFACE_CURVE('',#7984,(#7988,#7995),.PCURVE_S1.);
#7984 = LINE('',#7985,#7986);
#7985 = CARTESIAN_POINT('',(-0.503401871577,-90.3,2.43));
#7986 = VECTOR('',#7987,1.);
#7987 = DIRECTION('',(-2.22044604925E-16,-1.,0.));
#7988 = PCURVE('',#4926,#7989);
#7989 = DEFINITIONAL_REPRESENTATION('',(#7990),#7994);
#7990 = LINE('',#7991,#7992);
#7991 = CARTESIAN_POINT('',(1.006803743154,-2.235553393856E-16));
#7992 = VECTOR('',#7993,1.);
#7993 = DIRECTION('',(0.,-1.));
#7994 = ( GEOMETRIC_REPRESENTATION_CONTEXT(2) 
PARAMETRIC_REPRESENTATION_CONTEXT() REPRESENTATION_CONTEXT('2D SPACE',''
  ) );
#7995 = PCURVE('',#4672,#7996);
#7996 = DEFINITIONAL_REPRESENTATION('',(#7997),#8001);
#7997 = LINE('',#7998,#7999);
#7998 = CARTESIAN_POINT('',(0.,0.));
#7999 = VECTOR('',#8000,1.);
#8000 = DIRECTION('',(0.,-1.));
#8001 = ( GEOMETRIC_REPRESENTATION_CONTEXT(2) 
PARAMETRIC_REPRESENTATION_CONTEXT() REPRESENTATION_CONTEXT('2D SPACE',''
  ) );
#8002 = ADVANCED_FACE('',(#8003),#4899,.F.);
#8003 = FACE_BOUND('',#8004,.F.);
#8004 = EDGE_LOOP('',(#8005,#8006,#8026,#8027));
#8005 = ORIENTED_EDGE('',*,*,#6433,.F.);
#8006 = ORIENTED_EDGE('',*,*,#8007,.T.);
#8007 = EDGE_CURVE('',#6434,#4685,#8008,.T.);
#8008 = SURFACE_CURVE('',#8009,(#8013,#8020),.PCURVE_S1.);
#8009 = LINE('',#8010,#8011);
#8010 = CARTESIAN_POINT('',(1.661700935788,-90.3,3.588299064212));
#8011 = VECTOR('',#8012,1.);
#8012 = DIRECTION('',(-2.22044604925E-16,-1.,0.));
#8013 = PCURVE('',#4899,#8014);
#8014 = DEFINITIONAL_REPRESENTATION('',(#8015),#8019);
#8015 = LINE('',#8016,#8017);
#8016 = CARTESIAN_POINT('',(0.,0.));
#8017 = VECTOR('',#8018,1.);
#8018 = DIRECTION('',(0.,-1.));
#8019 = ( GEOMETRIC_REPRESENTATION_CONTEXT(2) 
PARAMETRIC_REPRESENTATION_CONTEXT() REPRESENTATION_CONTEXT('2D SPACE',''
  ) );
#8020 = PCURVE('',#4801,#8021);
#8021 = DEFINITIONAL_REPRESENTATION('',(#8022),#8025);
#8022 = B_SPLINE_CURVE_WITH_KNOTS('',1,(#8023,#8024),.UNSPECIFIED.,.F.,
  .F.,(2,2),(3.985358089154,10.986370010974),.PIECEWISE_BEZIER_KNOTS.);
#8023 = CARTESIAN_POINT('',(10.210176124167,-3.985358089154));
#8024 = CARTESIAN_POINT('',(10.210176124167,-10.98637001097));
#8025 = ( GEOMETRIC_REPRESENTATION_CONTEXT(2) 
PARAMETRIC_REPRESENTATION_CONTEXT() REPRESENTATION_CONTEXT('2D SPACE',''
  ) );
#8026 = ORIENTED_EDGE('',*,*,#4879,.T.);
#8027 = ORIENTED_EDGE('',*,*,#7960,.F.);
#8028 = ADVANCED_FACE('',(#8029),#4801,.F.);
#8029 = FACE_BOUND('',#8030,.F.);
#8030 = EDGE_LOOP('',(#8031,#8032,#8052,#8053,#8054,#8055));
#8031 = ORIENTED_EDGE('',*,*,#6248,.T.);
#8032 = ORIENTED_EDGE('',*,*,#8033,.T.);
#8033 = EDGE_CURVE('',#6249,#4653,#8034,.T.);
#8034 = SURFACE_CURVE('',#8035,(#8039,#8045),.PCURVE_S1.);
#8035 = LINE('',#8036,#8037);
#8036 = CARTESIAN_POINT('',(-1.661700935788,-90.3,3.588299064212));
#8037 = VECTOR('',#8038,1.);
#8038 = DIRECTION('',(-2.22044604925E-16,-1.,0.));
#8039 = PCURVE('',#4801,#8040);
#8040 = DEFINITIONAL_REPRESENTATION('',(#8041),#8044);
#8041 = B_SPLINE_CURVE_WITH_KNOTS('',1,(#8042,#8043),.UNSPECIFIED.,.F.,
  .F.,(2,2),(3.985358089154,10.986370010974),.PIECEWISE_BEZIER_KNOTS.);
#8042 = CARTESIAN_POINT('',(5.497787143782,-3.985358089154));
#8043 = CARTESIAN_POINT('',(5.497787143782,-10.98637001097));
#8044 = ( GEOMETRIC_REPRESENTATION_CONTEXT(2) 
PARAMETRIC_REPRESENTATION_CONTEXT() REPRESENTATION_CONTEXT('2D SPACE',''
  ) );
#8045 = PCURVE('',#4672,#8046);
#8046 = DEFINITIONAL_REPRESENTATION('',(#8047),#8051);
#8047 = LINE('',#8048,#8049);
#8048 = CARTESIAN_POINT('',(1.638082245892,-2.571940580979E-16));
#8049 = VECTOR('',#8050,1.);
#8050 = DIRECTION('',(0.,-1.));
#8051 = ( GEOMETRIC_REPRESENTATION_CONTEXT(2) 
PARAMETRIC_REPRESENTATION_CONTEXT() REPRESENTATION_CONTEXT('2D SPACE',''
  ) );
#8052 = ORIENTED_EDGE('',*,*,#4684,.F.);
#8053 = ORIENTED_EDGE('',*,*,#8007,.F.);
#8054 = ORIENTED_EDGE('',*,*,#6460,.T.);
#8055 = ORIENTED_EDGE('',*,*,#7679,.T.);
#8056 = ADVANCED_FACE('',(#8057),#4672,.F.);
#8057 = FACE_BOUND('',#8058,.F.);
#8058 = EDGE_LOOP('',(#8059,#8060,#8061,#8062));
#8059 = ORIENTED_EDGE('',*,*,#6382,.F.);
#8060 = ORIENTED_EDGE('',*,*,#7982,.T.);
#8061 = ORIENTED_EDGE('',*,*,#4650,.T.);
#8062 = ORIENTED_EDGE('',*,*,#8033,.F.);
#8063 = ADVANCED_FACE('',(#8064),#4632,.F.);
#8064 = FACE_BOUND('',#8065,.F.);
#8065 = EDGE_LOOP('',(#8066,#8067,#8088,#8089));
#8066 = ORIENTED_EDGE('',*,*,#6039,.F.);
#8067 = ORIENTED_EDGE('',*,*,#8068,.T.);
#8068 = EDGE_CURVE('',#6040,#4586,#8069,.T.);
#8069 = SURFACE_CURVE('',#8070,(#8074,#8081),.PCURVE_S1.);
#8070 = LINE('',#8071,#8072);
#8071 = CARTESIAN_POINT('',(-77.95039302594,-45.58595880909,2.43));
#8072 = VECTOR('',#8073,1.);
#8073 = DIRECTION('',(-0.866025403784,-0.5,0.));
#8074 = PCURVE('',#4632,#8075);
#8075 = DEFINITIONAL_REPRESENTATION('',(#8076),#8080);
#8076 = LINE('',#8077,#8078);
#8077 = CARTESIAN_POINT('',(0.,0.));
#8078 = VECTOR('',#8079,1.);
#8079 = DIRECTION('',(0.,-1.));
#8080 = ( GEOMETRIC_REPRESENTATION_CONTEXT(2) 
PARAMETRIC_REPRESENTATION_CONTEXT() REPRESENTATION_CONTEXT('2D SPACE',''
  ) );
#8081 = PCURVE('',#4605,#8082);
#8082 = DEFINITIONAL_REPRESENTATION('',(#8083),#8087);
#8083 = LINE('',#8084,#8085);
#8084 = CARTESIAN_POINT('',(1.638082245892,4.773959005888E-15));
#8085 = VECTOR('',#8086,1.);
#8086 = DIRECTION('',(0.,-1.));
#8087 = ( GEOMETRIC_REPRESENTATION_CONTEXT(2) 
PARAMETRIC_REPRESENTATION_CONTEXT() REPRESENTATION_CONTEXT('2D SPACE',''
  ) );
#8088 = ORIENTED_EDGE('',*,*,#4617,.F.);
#8089 = ORIENTED_EDGE('',*,*,#8090,.F.);
#8090 = EDGE_CURVE('',#6013,#4351,#8091,.T.);
#8091 = SURFACE_CURVE('',#8092,(#8096,#8103),.PCURVE_S1.);
#8092 = LINE('',#8093,#8094);
#8093 = CARTESIAN_POINT('',(-78.45379489752,-44.7140411909,2.43));
#8094 = VECTOR('',#8095,1.);
#8095 = DIRECTION('',(-0.866025403784,-0.5,0.));
#8096 = PCURVE('',#4632,#8097);
#8097 = DEFINITIONAL_REPRESENTATION('',(#8098),#8102);
#8098 = LINE('',#8099,#8100);
#8099 = CARTESIAN_POINT('',(1.006803743154,-8.937295348233E-15));
#8100 = VECTOR('',#8101,1.);
#8101 = DIRECTION('',(0.,-1.));
#8102 = ( GEOMETRIC_REPRESENTATION_CONTEXT(2) 
PARAMETRIC_REPRESENTATION_CONTEXT() REPRESENTATION_CONTEXT('2D SPACE',''
  ) );
#8103 = PCURVE('',#4372,#8104);
#8104 = DEFINITIONAL_REPRESENTATION('',(#8105),#8109);
#8105 = LINE('',#8106,#8107);
#8106 = CARTESIAN_POINT('',(0.,0.));
#8107 = VECTOR('',#8108,1.);
#8108 = DIRECTION('',(0.,-1.));
#8109 = ( GEOMETRIC_REPRESENTATION_CONTEXT(2) 
PARAMETRIC_REPRESENTATION_CONTEXT() REPRESENTATION_CONTEXT('2D SPACE',''
  ) );
#8110 = ADVANCED_FACE('',(#8111),#4605,.F.);
#8111 = FACE_BOUND('',#8112,.F.);
#8112 = EDGE_LOOP('',(#8113,#8114,#8134,#8135));
#8113 = ORIENTED_EDGE('',*,*,#6063,.F.);
#8114 = ORIENTED_EDGE('',*,*,#8115,.T.);
#8115 = EDGE_CURVE('',#6064,#4385,#8116,.T.);
#8116 = SURFACE_CURVE('',#8117,(#8121,#8128),.PCURVE_S1.);
#8117 = LINE('',#8118,#8119);
#8118 = CARTESIAN_POINT('',(-77.37124349384,-46.58907522388,
    3.588299064212));
#8119 = VECTOR('',#8120,1.);
#8120 = DIRECTION('',(-0.866025403784,-0.5,0.));
#8121 = PCURVE('',#4605,#8122);
#8122 = DEFINITIONAL_REPRESENTATION('',(#8123),#8127);
#8123 = LINE('',#8124,#8125);
#8124 = CARTESIAN_POINT('',(0.,0.));
#8125 = VECTOR('',#8126,1.);
#8126 = DIRECTION('',(0.,-1.));
#8127 = ( GEOMETRIC_REPRESENTATION_CONTEXT(2) 
PARAMETRIC_REPRESENTATION_CONTEXT() REPRESENTATION_CONTEXT('2D SPACE',''
  ) );
#8128 = PCURVE('',#4507,#8129);
#8129 = DEFINITIONAL_REPRESENTATION('',(#8130),#8133);
#8130 = B_SPLINE_CURVE_WITH_KNOTS('',1,(#8131,#8132),.UNSPECIFIED.,.F.,
  .F.,(2,2),(3.985358089154,10.986370010974),.PIECEWISE_BEZIER_KNOTS.);
#8131 = CARTESIAN_POINT('',(10.210176124167,-3.985358089154));
#8132 = CARTESIAN_POINT('',(10.210176124167,-10.98637001097));
#8133 = ( GEOMETRIC_REPRESENTATION_CONTEXT(2) 
PARAMETRIC_REPRESENTATION_CONTEXT() REPRESENTATION_CONTEXT('2D SPACE',''
  ) );
#8134 = ORIENTED_EDGE('',*,*,#4585,.T.);
#8135 = ORIENTED_EDGE('',*,*,#8068,.F.);
#8136 = ADVANCED_FACE('',(#8137),#4507,.F.);
#8137 = FACE_BOUND('',#8138,.F.);
#8138 = EDGE_LOOP('',(#8139,#8140,#8160,#8161,#8162,#8163));
#8139 = ORIENTED_EDGE('',*,*,#5878,.T.);
#8140 = ORIENTED_EDGE('',*,*,#8141,.T.);
#8141 = EDGE_CURVE('',#5879,#4353,#8142,.T.);
#8142 = SURFACE_CURVE('',#8143,(#8147,#8153),.PCURVE_S1.);
#8143 = LINE('',#8144,#8145);
#8144 = CARTESIAN_POINT('',(-79.03294442962,-43.71092477611,
    3.588299064212));
#8145 = VECTOR('',#8146,1.);
#8146 = DIRECTION('',(-0.866025403784,-0.5,0.));
#8147 = PCURVE('',#4507,#8148);
#8148 = DEFINITIONAL_REPRESENTATION('',(#8149),#8152);
#8149 = B_SPLINE_CURVE_WITH_KNOTS('',1,(#8150,#8151),.UNSPECIFIED.,.F.,
  .F.,(2,2),(3.985358089154,10.986370010974),.PIECEWISE_BEZIER_KNOTS.);
#8150 = CARTESIAN_POINT('',(5.497787143782,-3.985358089154));
#8151 = CARTESIAN_POINT('',(5.497787143782,-10.98637001097));
#8152 = ( GEOMETRIC_REPRESENTATION_CONTEXT(2) 
PARAMETRIC_REPRESENTATION_CONTEXT() REPRESENTATION_CONTEXT('2D SPACE',''
  ) );
#8153 = PCURVE('',#4372,#8154);
#8154 = DEFINITIONAL_REPRESENTATION('',(#8155),#8159);
#8155 = LINE('',#8156,#8157);
#8156 = CARTESIAN_POINT('',(1.638082245892,4.773959005888E-15));
#8157 = VECTOR('',#8158,1.);
#8158 = DIRECTION('',(0.,-1.));
#8159 = ( GEOMETRIC_REPRESENTATION_CONTEXT(2) 
PARAMETRIC_REPRESENTATION_CONTEXT() REPRESENTATION_CONTEXT('2D SPACE',''
  ) );
#8160 = ORIENTED_EDGE('',*,*,#4384,.F.);
#8161 = ORIENTED_EDGE('',*,*,#8115,.F.);
#8162 = ORIENTED_EDGE('',*,*,#6090,.T.);
#8163 = ORIENTED_EDGE('',*,*,#7722,.T.);
#8164 = ADVANCED_FACE('',(#8165),#4372,.F.);
#8165 = FACE_BOUND('',#8166,.F.);
#8166 = EDGE_LOOP('',(#8167,#8168,#8169,#8170));
#8167 = ORIENTED_EDGE('',*,*,#6012,.F.);
#8168 = ORIENTED_EDGE('',*,*,#8090,.T.);
#8169 = ORIENTED_EDGE('',*,*,#4350,.T.);
#8170 = ORIENTED_EDGE('',*,*,#8141,.F.);
#8171 = ADVANCED_FACE('',(#8172),#4332,.F.);
#8172 = FACE_BOUND('',#8173,.F.);
#8173 = EDGE_LOOP('',(#8174,#8175,#8196,#8197));
#8174 = ORIENTED_EDGE('',*,*,#5669,.F.);
#8175 = ORIENTED_EDGE('',*,*,#8176,.T.);
#8176 = EDGE_CURVE('',#5670,#4286,#8177,.T.);
#8177 = SURFACE_CURVE('',#8178,(#8182,#8189),.PCURVE_S1.);
#8178 = LINE('',#8179,#8180);
#8179 = CARTESIAN_POINT('',(-78.45379489752,44.714041190902,2.43));
#8180 = VECTOR('',#8181,1.);
#8181 = DIRECTION('',(-0.866025403784,0.5,0.));
#8182 = PCURVE('',#4332,#8183);
#8183 = DEFINITIONAL_REPRESENTATION('',(#8184),#8188);
#8184 = LINE('',#8185,#8186);
#8185 = CARTESIAN_POINT('',(0.,0.));
#8186 = VECTOR('',#8187,1.);
#8187 = DIRECTION('',(0.,-1.));
#8188 = ( GEOMETRIC_REPRESENTATION_CONTEXT(2) 
PARAMETRIC_REPRESENTATION_CONTEXT() REPRESENTATION_CONTEXT('2D SPACE',''
  ) );
#8189 = PCURVE('',#4305,#8190);
#8190 = DEFINITIONAL_REPRESENTATION('',(#8191),#8195);
#8191 = LINE('',#8192,#8193);
#8192 = CARTESIAN_POINT('',(1.638082245892,-4.440892098501E-15));
#8193 = VECTOR('',#8194,1.);
#8194 = DIRECTION('',(0.,-1.));
#8195 = ( GEOMETRIC_REPRESENTATION_CONTEXT(2) 
PARAMETRIC_REPRESENTATION_CONTEXT() REPRESENTATION_CONTEXT('2D SPACE',''
  ) );
#8196 = ORIENTED_EDGE('',*,*,#4317,.F.);
#8197 = ORIENTED_EDGE('',*,*,#8198,.F.);
#8198 = EDGE_CURVE('',#5643,#4051,#8199,.T.);
#8199 = SURFACE_CURVE('',#8200,(#8204,#8211),.PCURVE_S1.);
#8200 = LINE('',#8201,#8202);
#8201 = CARTESIAN_POINT('',(-77.95039302594,45.585958809098,2.43));
#8202 = VECTOR('',#8203,1.);
#8203 = DIRECTION('',(-0.866025403784,0.5,0.));
#8204 = PCURVE('',#4332,#8205);
#8205 = DEFINITIONAL_REPRESENTATION('',(#8206),#8210);
#8206 = LINE('',#8207,#8208);
#8207 = CARTESIAN_POINT('',(1.006803743154,9.214851104389E-15));
#8208 = VECTOR('',#8209,1.);
#8209 = DIRECTION('',(0.,-1.));
#8210 = ( GEOMETRIC_REPRESENTATION_CONTEXT(2) 
PARAMETRIC_REPRESENTATION_CONTEXT() REPRESENTATION_CONTEXT('2D SPACE',''
  ) );
#8211 = PCURVE('',#4072,#8212);
#8212 = DEFINITIONAL_REPRESENTATION('',(#8213),#8217);
#8213 = LINE('',#8214,#8215);
#8214 = CARTESIAN_POINT('',(0.,0.));
#8215 = VECTOR('',#8216,1.);
#8216 = DIRECTION('',(0.,-1.));
#8217 = ( GEOMETRIC_REPRESENTATION_CONTEXT(2) 
PARAMETRIC_REPRESENTATION_CONTEXT() REPRESENTATION_CONTEXT('2D SPACE',''
  ) );
#8218 = ADVANCED_FACE('',(#8219),#4305,.F.);
#8219 = FACE_BOUND('',#8220,.F.);
#8220 = EDGE_LOOP('',(#8221,#8222,#8242,#8243));
#8221 = ORIENTED_EDGE('',*,*,#5693,.F.);
#8222 = ORIENTED_EDGE('',*,*,#8223,.T.);
#8223 = EDGE_CURVE('',#5694,#4085,#8224,.T.);
#8224 = SURFACE_CURVE('',#8225,(#8229,#8236),.PCURVE_S1.);
#8225 = LINE('',#8226,#8227);
#8226 = CARTESIAN_POINT('',(-79.03294442962,43.710924776115,
    3.588299064212));
#8227 = VECTOR('',#8228,1.);
#8228 = DIRECTION('',(-0.866025403784,0.5,0.));
#8229 = PCURVE('',#4305,#8230);
#8230 = DEFINITIONAL_REPRESENTATION('',(#8231),#8235);
#8231 = LINE('',#8232,#8233);
#8232 = CARTESIAN_POINT('',(0.,0.));
#8233 = VECTOR('',#8234,1.);
#8234 = DIRECTION('',(0.,-1.));
#8235 = ( GEOMETRIC_REPRESENTATION_CONTEXT(2) 
PARAMETRIC_REPRESENTATION_CONTEXT() REPRESENTATION_CONTEXT('2D SPACE',''
  ) );
#8236 = PCURVE('',#4207,#8237);
#8237 = DEFINITIONAL_REPRESENTATION('',(#8238),#8241);
#8238 = B_SPLINE_CURVE_WITH_KNOTS('',1,(#8239,#8240),.UNSPECIFIED.,.F.,
  .F.,(2,2),(3.985358089154,10.986370010974),.PIECEWISE_BEZIER_KNOTS.);
#8239 = CARTESIAN_POINT('',(10.210176124167,-3.985358089154));
#8240 = CARTESIAN_POINT('',(10.210176124167,-10.98637001097));
#8241 = ( GEOMETRIC_REPRESENTATION_CONTEXT(2) 
PARAMETRIC_REPRESENTATION_CONTEXT() REPRESENTATION_CONTEXT('2D SPACE',''
  ) );
#8242 = ORIENTED_EDGE('',*,*,#4285,.T.);
#8243 = ORIENTED_EDGE('',*,*,#8176,.F.);
#8244 = ADVANCED_FACE('',(#8245),#4207,.F.);
#8245 = FACE_BOUND('',#8246,.F.);
#8246 = EDGE_LOOP('',(#8247,#8248,#8268,#8269,#8270,#8271));
#8247 = ORIENTED_EDGE('',*,*,#5508,.T.);
#8248 = ORIENTED_EDGE('',*,*,#8249,.T.);
#8249 = EDGE_CURVE('',#5509,#4053,#8250,.T.);
#8250 = SURFACE_CURVE('',#8251,(#8255,#8261),.PCURVE_S1.);
#8251 = LINE('',#8252,#8253);
#8252 = CARTESIAN_POINT('',(-77.37124349384,46.589075223885,
    3.588299064212));
#8253 = VECTOR('',#8254,1.);
#8254 = DIRECTION('',(-0.866025403784,0.5,0.));
#8255 = PCURVE('',#4207,#8256);
#8256 = DEFINITIONAL_REPRESENTATION('',(#8257),#8260);
#8257 = B_SPLINE_CURVE_WITH_KNOTS('',1,(#8258,#8259),.UNSPECIFIED.,.F.,
  .F.,(2,2),(3.985358089154,10.986370010974),.PIECEWISE_BEZIER_KNOTS.);
#8258 = CARTESIAN_POINT('',(5.497787143782,-3.985358089154));
#8259 = CARTESIAN_POINT('',(5.497787143782,-10.98637001097));
#8260 = ( GEOMETRIC_REPRESENTATION_CONTEXT(2) 
PARAMETRIC_REPRESENTATION_CONTEXT() REPRESENTATION_CONTEXT('2D SPACE',''
  ) );
#8261 = PCURVE('',#4072,#8262);
#8262 = DEFINITIONAL_REPRESENTATION('',(#8263),#8267);
#8263 = LINE('',#8264,#8265);
#8264 = CARTESIAN_POINT('',(1.638082245892,-4.440892098501E-15));
#8265 = VECTOR('',#8266,1.);
#8266 = DIRECTION('',(0.,-1.));
#8267 = ( GEOMETRIC_REPRESENTATION_CONTEXT(2) 
PARAMETRIC_REPRESENTATION_CONTEXT() REPRESENTATION_CONTEXT('2D SPACE',''
  ) );
#8268 = ORIENTED_EDGE('',*,*,#4084,.F.);
#8269 = ORIENTED_EDGE('',*,*,#8223,.F.);
#8270 = ORIENTED_EDGE('',*,*,#5720,.T.);
#8271 = ORIENTED_EDGE('',*,*,#7765,.T.);
#8272 = ADVANCED_FACE('',(#8273),#4072,.F.);
#8273 = FACE_BOUND('',#8274,.F.);
#8274 = EDGE_LOOP('',(#8275,#8276,#8277,#8278));
#8275 = ORIENTED_EDGE('',*,*,#5642,.F.);
#8276 = ORIENTED_EDGE('',*,*,#8198,.T.);
#8277 = ORIENTED_EDGE('',*,*,#4050,.T.);
#8278 = ORIENTED_EDGE('',*,*,#8249,.F.);
#8279 = ADVANCED_FACE('',(#8280),#4032,.F.);
#8280 = FACE_BOUND('',#8281,.F.);
#8281 = EDGE_LOOP('',(#8282,#8283,#8304,#8305));
#8282 = ORIENTED_EDGE('',*,*,#7564,.F.);
#8283 = ORIENTED_EDGE('',*,*,#8284,.T.);
#8284 = EDGE_CURVE('',#5319,#3986,#8285,.T.);
#8285 = SURFACE_CURVE('',#8286,(#8290,#8297),.PCURVE_S1.);
#8286 = LINE('',#8287,#8288);
#8287 = CARTESIAN_POINT('',(-0.503401871577,90.3,2.43));
#8288 = VECTOR('',#8289,1.);
#8289 = DIRECTION('',(1.110223024625E-16,1.,0.));
#8290 = PCURVE('',#4032,#8291);
#8291 = DEFINITIONAL_REPRESENTATION('',(#8292),#8296);
#8292 = LINE('',#8293,#8294);
#8293 = CARTESIAN_POINT('',(0.,-0.));
#8294 = VECTOR('',#8295,1.);
#8295 = DIRECTION('',(0.,-1.));
#8296 = ( GEOMETRIC_REPRESENTATION_CONTEXT(2) 
PARAMETRIC_REPRESENTATION_CONTEXT() REPRESENTATION_CONTEXT('2D SPACE',''
  ) );
#8297 = PCURVE('',#4005,#8298);
#8298 = DEFINITIONAL_REPRESENTATION('',(#8299),#8303);
#8299 = LINE('',#8300,#8301);
#8300 = CARTESIAN_POINT('',(1.638082245892,-1.28597029049E-16));
#8301 = VECTOR('',#8302,1.);
#8302 = DIRECTION('',(0.,-1.));
#8303 = ( GEOMETRIC_REPRESENTATION_CONTEXT(2) 
PARAMETRIC_REPRESENTATION_CONTEXT() REPRESENTATION_CONTEXT('2D SPACE',''
  ) );
#8304 = ORIENTED_EDGE('',*,*,#4017,.F.);
#8305 = ORIENTED_EDGE('',*,*,#8306,.F.);
#8306 = EDGE_CURVE('',#7538,#3751,#8307,.T.);
#8307 = SURFACE_CURVE('',#8308,(#8312,#8319),.PCURVE_S1.);
#8308 = LINE('',#8309,#8310);
#8309 = CARTESIAN_POINT('',(0.503401871577,90.3,2.43));
#8310 = VECTOR('',#8311,1.);
#8311 = DIRECTION('',(1.110223024625E-16,1.,0.));
#8312 = PCURVE('',#4032,#8313);
#8313 = DEFINITIONAL_REPRESENTATION('',(#8314),#8318);
#8314 = LINE('',#8315,#8316);
#8315 = CARTESIAN_POINT('',(1.006803743154,-1.117776696928E-16));
#8316 = VECTOR('',#8317,1.);
#8317 = DIRECTION('',(0.,-1.));
#8318 = ( GEOMETRIC_REPRESENTATION_CONTEXT(2) 
PARAMETRIC_REPRESENTATION_CONTEXT() REPRESENTATION_CONTEXT('2D SPACE',''
  ) );
#8319 = PCURVE('',#3772,#8320);
#8320 = DEFINITIONAL_REPRESENTATION('',(#8321),#8325);
#8321 = LINE('',#8322,#8323);
#8322 = CARTESIAN_POINT('',(0.,0.));
#8323 = VECTOR('',#8324,1.);
#8324 = DIRECTION('',(0.,-1.));
#8325 = ( GEOMETRIC_REPRESENTATION_CONTEXT(2) 
PARAMETRIC_REPRESENTATION_CONTEXT() REPRESENTATION_CONTEXT('2D SPACE',''
  ) );
#8326 = ADVANCED_FACE('',(#8327),#4005,.F.);
#8327 = FACE_BOUND('',#8328,.F.);
#8328 = EDGE_LOOP('',(#8329,#8330,#8350,#8351));
#8329 = ORIENTED_EDGE('',*,*,#5316,.F.);
#8330 = ORIENTED_EDGE('',*,*,#8331,.T.);
#8331 = EDGE_CURVE('',#5317,#3785,#8332,.T.);
#8332 = SURFACE_CURVE('',#8333,(#8337,#8344),.PCURVE_S1.);
#8333 = LINE('',#8334,#8335);
#8334 = CARTESIAN_POINT('',(-1.661700935788,90.3,3.588299064212));
#8335 = VECTOR('',#8336,1.);
#8336 = DIRECTION('',(1.110223024625E-16,1.,0.));
#8337 = PCURVE('',#4005,#8338);
#8338 = DEFINITIONAL_REPRESENTATION('',(#8339),#8343);
#8339 = LINE('',#8340,#8341);
#8340 = CARTESIAN_POINT('',(0.,0.));
#8341 = VECTOR('',#8342,1.);
#8342 = DIRECTION('',(0.,-1.));
#8343 = ( GEOMETRIC_REPRESENTATION_CONTEXT(2) 
PARAMETRIC_REPRESENTATION_CONTEXT() REPRESENTATION_CONTEXT('2D SPACE',''
  ) );
#8344 = PCURVE('',#3907,#8345);
#8345 = DEFINITIONAL_REPRESENTATION('',(#8346),#8349);
#8346 = B_SPLINE_CURVE_WITH_KNOTS('',1,(#8347,#8348),.UNSPECIFIED.,.F.,
  .F.,(2,2),(3.985358089154,10.986370010974),.PIECEWISE_BEZIER_KNOTS.);
#8347 = CARTESIAN_POINT('',(10.210176124167,-3.985358089154));
#8348 = CARTESIAN_POINT('',(10.210176124167,-10.98637001097));
#8349 = ( GEOMETRIC_REPRESENTATION_CONTEXT(2) 
PARAMETRIC_REPRESENTATION_CONTEXT() REPRESENTATION_CONTEXT('2D SPACE',''
  ) );
#8350 = ORIENTED_EDGE('',*,*,#3985,.T.);
#8351 = ORIENTED_EDGE('',*,*,#8284,.F.);
#8352 = ADVANCED_FACE('',(#8353),#3907,.F.);
#8353 = FACE_BOUND('',#8354,.F.);
#8354 = EDGE_LOOP('',(#8355,#8356,#8376,#8377,#8378,#8379));
#8355 = ORIENTED_EDGE('',*,*,#7403,.T.);
#8356 = ORIENTED_EDGE('',*,*,#8357,.T.);
#8357 = EDGE_CURVE('',#7404,#3753,#8358,.T.);
#8358 = SURFACE_CURVE('',#8359,(#8363,#8369),.PCURVE_S1.);
#8359 = LINE('',#8360,#8361);
#8360 = CARTESIAN_POINT('',(1.661700935788,90.3,3.588299064212));
#8361 = VECTOR('',#8362,1.);
#8362 = DIRECTION('',(1.110223024625E-16,1.,0.));
#8363 = PCURVE('',#3907,#8364);
#8364 = DEFINITIONAL_REPRESENTATION('',(#8365),#8368);
#8365 = B_SPLINE_CURVE_WITH_KNOTS('',1,(#8366,#8367),.UNSPECIFIED.,.F.,
  .F.,(2,2),(3.985358089154,10.986370010974),.PIECEWISE_BEZIER_KNOTS.);
#8366 = CARTESIAN_POINT('',(5.497787143782,-3.985358089154));
#8367 = CARTESIAN_POINT('',(5.497787143782,-10.98637001097));
#8368 = ( GEOMETRIC_REPRESENTATION_CONTEXT(2) 
PARAMETRIC_REPRESENTATION_CONTEXT() REPRESENTATION_CONTEXT('2D SPACE',''
  ) );
#8369 = PCURVE('',#3772,#8370);
#8370 = DEFINITIONAL_REPRESENTATION('',(#8371),#8375);
#8371 = LINE('',#8372,#8373);
#8372 = CARTESIAN_POINT('',(1.638082245892,-1.28597029049E-16));
#8373 = VECTOR('',#8374,1.);
#8374 = DIRECTION('',(0.,-1.));
#8375 = ( GEOMETRIC_REPRESENTATION_CONTEXT(2) 
PARAMETRIC_REPRESENTATION_CONTEXT() REPRESENTATION_CONTEXT('2D SPACE',''
  ) );
#8376 = ORIENTED_EDGE('',*,*,#3784,.F.);
#8377 = ORIENTED_EDGE('',*,*,#8331,.F.);
#8378 = ORIENTED_EDGE('',*,*,#5345,.T.);
#8379 = ORIENTED_EDGE('',*,*,#7808,.T.);
#8380 = ADVANCED_FACE('',(#8381),#3772,.F.);
#8381 = FACE_BOUND('',#8382,.F.);
#8382 = EDGE_LOOP('',(#8383,#8384,#8385,#8386));
#8383 = ORIENTED_EDGE('',*,*,#7537,.F.);
#8384 = ORIENTED_EDGE('',*,*,#8306,.T.);
#8385 = ORIENTED_EDGE('',*,*,#3750,.T.);
#8386 = ORIENTED_EDGE('',*,*,#8357,.F.);
#8387 = ADVANCED_FACE('',(#8388),#3732,.F.);
#8388 = FACE_BOUND('',#8389,.F.);
#8389 = EDGE_LOOP('',(#8390,#8391,#8412,#8413));
#8390 = ORIENTED_EDGE('',*,*,#7194,.F.);
#8391 = ORIENTED_EDGE('',*,*,#8392,.T.);
#8392 = EDGE_CURVE('',#7195,#3686,#8393,.T.);
#8393 = SURFACE_CURVE('',#8394,(#8398,#8405),.PCURVE_S1.);
#8394 = LINE('',#8395,#8396);
#8395 = CARTESIAN_POINT('',(77.950393025946,45.585958809098,2.43));
#8396 = VECTOR('',#8397,1.);
#8397 = DIRECTION('',(0.866025403784,0.5,0.));
#8398 = PCURVE('',#3732,#8399);
#8399 = DEFINITIONAL_REPRESENTATION('',(#8400),#8404);
#8400 = LINE('',#8401,#8402);
#8401 = CARTESIAN_POINT('',(0.,-0.));
#8402 = VECTOR('',#8403,1.);
#8403 = DIRECTION('',(0.,-1.));
#8404 = ( GEOMETRIC_REPRESENTATION_CONTEXT(2) 
PARAMETRIC_REPRESENTATION_CONTEXT() REPRESENTATION_CONTEXT('2D SPACE',''
  ) );
#8405 = PCURVE('',#3705,#8406);
#8406 = DEFINITIONAL_REPRESENTATION('',(#8407),#8411);
#8407 = LINE('',#8408,#8409);
#8408 = CARTESIAN_POINT('',(1.638082245892,4.551914400963E-15));
#8409 = VECTOR('',#8410,1.);
#8410 = DIRECTION('',(0.,-1.));
#8411 = ( GEOMETRIC_REPRESENTATION_CONTEXT(2) 
PARAMETRIC_REPRESENTATION_CONTEXT() REPRESENTATION_CONTEXT('2D SPACE',''
  ) );
#8412 = ORIENTED_EDGE('',*,*,#3717,.F.);
#8413 = ORIENTED_EDGE('',*,*,#8414,.F.);
#8414 = EDGE_CURVE('',#7168,#3457,#8415,.T.);
#8415 = SURFACE_CURVE('',#8416,(#8420,#8427),.PCURVE_S1.);
#8416 = LINE('',#8417,#8418);
#8417 = CARTESIAN_POINT('',(78.453794897523,44.714041190902,2.43));
#8418 = VECTOR('',#8419,1.);
#8419 = DIRECTION('',(0.866025403784,0.5,0.));
#8420 = PCURVE('',#3732,#8421);
#8421 = DEFINITIONAL_REPRESENTATION('',(#8422),#8426);
#8422 = LINE('',#8423,#8424);
#8423 = CARTESIAN_POINT('',(1.006803743154,-9.159339953158E-15));
#8424 = VECTOR('',#8425,1.);
#8425 = DIRECTION('',(0.,-1.));
#8426 = ( GEOMETRIC_REPRESENTATION_CONTEXT(2) 
PARAMETRIC_REPRESENTATION_CONTEXT() REPRESENTATION_CONTEXT('2D SPACE',''
  ) );
#8427 = PCURVE('',#3478,#8428);
#8428 = DEFINITIONAL_REPRESENTATION('',(#8429),#8433);
#8429 = LINE('',#8430,#8431);
#8430 = CARTESIAN_POINT('',(0.,0.));
#8431 = VECTOR('',#8432,1.);
#8432 = DIRECTION('',(0.,-1.));
#8433 = ( GEOMETRIC_REPRESENTATION_CONTEXT(2) 
PARAMETRIC_REPRESENTATION_CONTEXT() REPRESENTATION_CONTEXT('2D SPACE',''
  ) );
#8434 = ADVANCED_FACE('',(#8435),#3705,.F.);
#8435 = FACE_BOUND('',#8436,.F.);
#8436 = EDGE_LOOP('',(#8437,#8438,#8458,#8459));
#8437 = ORIENTED_EDGE('',*,*,#7218,.F.);
#8438 = ORIENTED_EDGE('',*,*,#8439,.T.);
#8439 = EDGE_CURVE('',#7219,#3491,#8440,.T.);
#8440 = SURFACE_CURVE('',#8441,(#8445,#8452),.PCURVE_S1.);
#8441 = LINE('',#8442,#8443);
#8442 = CARTESIAN_POINT('',(77.371243493841,46.589075223885,
    3.588299064212));
#8443 = VECTOR('',#8444,1.);
#8444 = DIRECTION('',(0.866025403784,0.5,0.));
#8445 = PCURVE('',#3705,#8446);
#8446 = DEFINITIONAL_REPRESENTATION('',(#8447),#8451);
#8447 = LINE('',#8448,#8449);
#8448 = CARTESIAN_POINT('',(0.,0.));
#8449 = VECTOR('',#8450,1.);
#8450 = DIRECTION('',(0.,-1.));
#8451 = ( GEOMETRIC_REPRESENTATION_CONTEXT(2) 
PARAMETRIC_REPRESENTATION_CONTEXT() REPRESENTATION_CONTEXT('2D SPACE',''
  ) );
#8452 = PCURVE('',#3607,#8453);
#8453 = DEFINITIONAL_REPRESENTATION('',(#8454),#8457);
#8454 = B_SPLINE_CURVE_WITH_KNOTS('',1,(#8455,#8456),.UNSPECIFIED.,.F.,
  .F.,(2,2),(3.985358089154,10.986370010974),.PIECEWISE_BEZIER_KNOTS.);
#8455 = CARTESIAN_POINT('',(10.210176124167,-3.985358089154));
#8456 = CARTESIAN_POINT('',(10.210176124167,-10.98637001097));
#8457 = ( GEOMETRIC_REPRESENTATION_CONTEXT(2) 
PARAMETRIC_REPRESENTATION_CONTEXT() REPRESENTATION_CONTEXT('2D SPACE',''
  ) );
#8458 = ORIENTED_EDGE('',*,*,#3685,.T.);
#8459 = ORIENTED_EDGE('',*,*,#8392,.F.);
#8460 = ADVANCED_FACE('',(#8461),#3607,.F.);
#8461 = FACE_BOUND('',#8462,.F.);
#8462 = EDGE_LOOP('',(#8463,#8464,#8484,#8485,#8486,#8487));
#8463 = ORIENTED_EDGE('',*,*,#7033,.T.);
#8464 = ORIENTED_EDGE('',*,*,#8465,.T.);
#8465 = EDGE_CURVE('',#7034,#3459,#8466,.T.);
#8466 = SURFACE_CURVE('',#8467,(#8471,#8477),.PCURVE_S1.);
#8467 = LINE('',#8468,#8469);
#8468 = CARTESIAN_POINT('',(79.032944429629,43.710924776115,
    3.588299064212));
#8469 = VECTOR('',#8470,1.);
#8470 = DIRECTION('',(0.866025403784,0.5,0.));
#8471 = PCURVE('',#3607,#8472);
#8472 = DEFINITIONAL_REPRESENTATION('',(#8473),#8476);
#8473 = B_SPLINE_CURVE_WITH_KNOTS('',1,(#8474,#8475),.UNSPECIFIED.,.F.,
  .F.,(2,2),(3.985358089154,10.986370010974),.PIECEWISE_BEZIER_KNOTS.);
#8474 = CARTESIAN_POINT('',(5.497787143782,-3.985358089154));
#8475 = CARTESIAN_POINT('',(5.497787143782,-10.98637001097));
#8476 = ( GEOMETRIC_REPRESENTATION_CONTEXT(2) 
PARAMETRIC_REPRESENTATION_CONTEXT() REPRESENTATION_CONTEXT('2D SPACE',''
  ) );
#8477 = PCURVE('',#3478,#8478);
#8478 = DEFINITIONAL_REPRESENTATION('',(#8479),#8483);
#8479 = LINE('',#8480,#8481);
#8480 = CARTESIAN_POINT('',(1.638082245892,4.551914400963E-15));
#8481 = VECTOR('',#8482,1.);
#8482 = DIRECTION('',(0.,-1.));
#8483 = ( GEOMETRIC_REPRESENTATION_CONTEXT(2) 
PARAMETRIC_REPRESENTATION_CONTEXT() REPRESENTATION_CONTEXT('2D SPACE',''
  ) );
#8484 = ORIENTED_EDGE('',*,*,#3490,.F.);
#8485 = ORIENTED_EDGE('',*,*,#8439,.F.);
#8486 = ORIENTED_EDGE('',*,*,#7245,.T.);
#8487 = ORIENTED_EDGE('',*,*,#7851,.T.);
#8488 = ADVANCED_FACE('',(#8489),#3478,.F.);
#8489 = FACE_BOUND('',#8490,.F.);
#8490 = EDGE_LOOP('',(#8491,#8492,#8493,#8494));
#8491 = ORIENTED_EDGE('',*,*,#7167,.F.);
#8492 = ORIENTED_EDGE('',*,*,#8414,.T.);
#8493 = ORIENTED_EDGE('',*,*,#3456,.T.);
#8494 = ORIENTED_EDGE('',*,*,#8465,.F.);
#8495 = ADVANCED_FACE('',(#8496,#8499),#3419,.F.);
#8496 = FACE_BOUND('',#8497,.T.);
#8497 = EDGE_LOOP('',(#8498));
#8498 = ORIENTED_EDGE('',*,*,#6986,.T.);
#8499 = FACE_BOUND('',#8500,.T.);
#8500 = EDGE_LOOP('',(#8501));
#8501 = ORIENTED_EDGE('',*,*,#3402,.F.);
#8502 = ADVANCED_FACE('',(#8503,#8506,#8516,#8519,#8522,#8525,#8528,
    #8531,#8534,#8537,#8540,#8550,#8553,#8556,#8566),#43,.F.);
#8503 = FACE_BOUND('',#8504,.T.);
#8504 = EDGE_LOOP('',(#8505));
#8505 = ORIENTED_EDGE('',*,*,#7589,.F.);
#8506 = FACE_BOUND('',#8507,.T.);
#8507 = EDGE_LOOP('',(#8508,#8509,#8510,#8511,#8512,#8513,#8514,#8515));
#8508 = ORIENTED_EDGE('',*,*,#2966,.F.);
#8509 = ORIENTED_EDGE('',*,*,#3074,.F.);
#8510 = ORIENTED_EDGE('',*,*,#3020,.F.);
#8511 = ORIENTED_EDGE('',*,*,#2919,.T.);
#8512 = ORIENTED_EDGE('',*,*,#2818,.F.);
#8513 = ORIENTED_EDGE('',*,*,#2688,.T.);
#8514 = ORIENTED_EDGE('',*,*,#2764,.F.);
#8515 = ORIENTED_EDGE('',*,*,#2872,.T.);
#8516 = FACE_BOUND('',#8517,.T.);
#8517 = EDGE_LOOP('',(#8518));
#8518 = ORIENTED_EDGE('',*,*,#21,.T.);
#8519 = FACE_BOUND('',#8520,.T.);
#8520 = EDGE_LOOP('',(#8521));
#8521 = ORIENTED_EDGE('',*,*,#2662,.T.);
#8522 = FACE_BOUND('',#8523,.T.);
#8523 = EDGE_LOOP('',(#8524));
#8524 = ORIENTED_EDGE('',*,*,#2612,.T.);
#8525 = FACE_BOUND('',#8526,.T.);
#8526 = EDGE_LOOP('',(#8527));
#8527 = ORIENTED_EDGE('',*,*,#3130,.T.);
#8528 = FACE_BOUND('',#8529,.T.);
#8529 = EDGE_LOOP('',(#8530));
#8530 = ORIENTED_EDGE('',*,*,#3351,.T.);
#8531 = FACE_BOUND('',#8532,.T.);
#8532 = EDGE_LOOP('',(#8533));
#8533 = ORIENTED_EDGE('',*,*,#3180,.T.);
#8534 = FACE_BOUND('',#8535,.T.);
#8535 = EDGE_LOOP('',(#8536));
#8536 = ORIENTED_EDGE('',*,*,#1898,.T.);
#8537 = FACE_BOUND('',#8538,.T.);
#8538 = EDGE_LOOP('',(#8539));
#8539 = ORIENTED_EDGE('',*,*,#1848,.T.);
#8540 = FACE_BOUND('',#8541,.T.);
#8541 = EDGE_LOOP('',(#8542,#8543,#8544,#8545,#8546,#8547,#8548,#8549));
#8542 = ORIENTED_EDGE('',*,*,#1356,.F.);
#8543 = ORIENTED_EDGE('',*,*,#1742,.F.);
#8544 = ORIENTED_EDGE('',*,*,#1688,.F.);
#8545 = ORIENTED_EDGE('',*,*,#1641,.T.);
#8546 = ORIENTED_EDGE('',*,*,#1587,.F.);
#8547 = ORIENTED_EDGE('',*,*,#1533,.T.);
#8548 = ORIENTED_EDGE('',*,*,#1479,.F.);
#8549 = ORIENTED_EDGE('',*,*,#1432,.T.);
#8550 = FACE_BOUND('',#8551,.T.);
#8551 = EDGE_LOOP('',(#8552));
#8552 = ORIENTED_EDGE('',*,*,#1798,.T.);
#8553 = FACE_BOUND('',#8554,.T.);
#8554 = EDGE_LOOP('',(#8555));
#8555 = ORIENTED_EDGE('',*,*,#2144,.T.);
#8556 = FACE_BOUND('',#8557,.T.);
#8557 = EDGE_LOOP('',(#8558,#8559,#8560,#8561,#8562,#8563,#8564,#8565));
#8558 = ORIENTED_EDGE('',*,*,#2448,.F.);
#8559 = ORIENTED_EDGE('',*,*,#2556,.F.);
#8560 = ORIENTED_EDGE('',*,*,#2502,.F.);
#8561 = ORIENTED_EDGE('',*,*,#2401,.T.);
#8562 = ORIENTED_EDGE('',*,*,#2300,.F.);
#8563 = ORIENTED_EDGE('',*,*,#2170,.T.);
#8564 = ORIENTED_EDGE('',*,*,#2246,.F.);
#8565 = ORIENTED_EDGE('',*,*,#2354,.T.);
#8566 = FACE_BOUND('',#8567,.T.);
#8567 = EDGE_LOOP('',(#8568));
#8568 = ORIENTED_EDGE('',*,*,#2069,.T.);
#8569 = ( GEOMETRIC_REPRESENTATION_CONTEXT(3) 
GLOBAL_UNCERTAINTY_ASSIGNED_CONTEXT((#8573)) 
GLOBAL_UNIT_ASSIGNED_CONTEXT((#8570,#8571,#8572)) REPRESENTATION_CONTEXT
('Context #1','3D Context with UNIT and UNCERTAINTY') );
#8570 = ( LENGTH_UNIT() NAMED_UNIT(*) SI_UNIT(.MILLI.,.METRE.) );
#8571 = ( NAMED_UNIT(*) PLANE_ANGLE_UNIT() SI_UNIT($,.RADIAN.) );
#8572 = ( NAMED_UNIT(*) SI_UNIT($,.STERADIAN.) SOLID_ANGLE_UNIT() );
#8573 = UNCERTAINTY_MEASURE_WITH_UNIT(LENGTH_MEASURE(1.E-07),#8570,
  'distance_accuracy_value','confusion accuracy');
#8574 = PRODUCT_RELATED_PRODUCT_CATEGORY('part',$,(#7));
#8575 = SHAPE_DEFINITION_REPRESENTATION(#8576,#8582);
#8576 = PRODUCT_DEFINITION_SHAPE('','',#8577);
#8577 = PRODUCT_DEFINITION('design','',#8578,#8581);
#8578 = PRODUCT_DEFINITION_FORMATION('','',#8579);
#8579 = PRODUCT('Mirror plate','Mirror plate','',(#8580));
#8580 = PRODUCT_CONTEXT('',#2,'mechanical');
#8581 = PRODUCT_DEFINITION_CONTEXT('part definition',#2,'design');
#8582 = ADVANCED_BREP_SHAPE_REPRESENTATION('',(#11,#8583),#11901);
#8583 = MANIFOLD_SOLID_BREP('',#8584);
#8584 = CLOSED_SHELL('',(#8585,#8674,#9385,#9440,#9513,#9567,#9621,#9726
    ,#9835,#9889,#9939,#10011,#10083,#10152,#10221,#10269,#10317,#10371,
    #10420,#10525,#10624,#10651,#10707,#10757,#10807,#10857,#10907,
    #10963,#10998,#11178,#11207,#11236,#11263,#11270,#11297,#11304,
    #11333,#11360,#11367,#11422,#11477,#11532,#11587,#11642,#11697,
    #11732,#11767,#11771,#11775,#11779,#11783,#11838,#11893,#11897));
#8585 = ADVANCED_FACE('',(#8586),#8599,.F.);
#8586 = FACE_BOUND('',#8587,.T.);
#8587 = EDGE_LOOP('',(#8588,#8622,#8646,#8673));
#8588 = ORIENTED_EDGE('',*,*,#8589,.T.);
#8589 = EDGE_CURVE('',#8590,#8590,#8592,.T.);
#8590 = VERTEX_POINT('',#8591);
#8591 = CARTESIAN_POINT('',(51.094238249443,-24.765,39.65));
#8592 = SURFACE_CURVE('',#8593,(#8598,#8610),.PCURVE_S1.);
#8593 = CIRCLE('',#8594,8.2);
#8594 = AXIS2_PLACEMENT_3D('',#8595,#8596,#8597);
#8595 = CARTESIAN_POINT('',(42.894238249443,-24.765,39.65));
#8596 = DIRECTION('',(0.,0.,1.));
#8597 = DIRECTION('',(1.,0.,-0.));
#8598 = PCURVE('',#8599,#8604);
#8599 = TOROIDAL_SURFACE('',#8600,8.2,2.);
#8600 = AXIS2_PLACEMENT_3D('',#8601,#8602,#8603);
#8601 = CARTESIAN_POINT('',(42.894238249443,-24.765,41.65));
#8602 = DIRECTION('',(-0.,-0.,-1.));
#8603 = DIRECTION('',(1.,0.,-0.));
#8604 = DEFINITIONAL_REPRESENTATION('',(#8605),#8609);
#8605 = LINE('',#8606,#8607);
#8606 = CARTESIAN_POINT('',(-0.,1.570796326795));
#8607 = VECTOR('',#8608,1.);
#8608 = DIRECTION('',(-1.,0.));
#8609 = ( GEOMETRIC_REPRESENTATION_CONTEXT(2) 
PARAMETRIC_REPRESENTATION_CONTEXT() REPRESENTATION_CONTEXT('2D SPACE',''
  ) );
#8610 = PCURVE('',#8611,#8616);
#8611 = PLANE('',#8612);
#8612 = AXIS2_PLACEMENT_3D('',#8613,#8614,#8615);
#8613 = CARTESIAN_POINT('',(0.,0.,39.65));
#8614 = DIRECTION('',(0.,0.,1.));
#8615 = DIRECTION('',(1.,0.,-0.));
#8616 = DEFINITIONAL_REPRESENTATION('',(#8617),#8621);
#8617 = CIRCLE('',#8618,8.2);
#8618 = AXIS2_PLACEMENT_2D('',#8619,#8620);
#8619 = CARTESIAN_POINT('',(42.894238249443,-24.765));
#8620 = DIRECTION('',(1.,0.));
#8621 = ( GEOMETRIC_REPRESENTATION_CONTEXT(2) 
PARAMETRIC_REPRESENTATION_CONTEXT() REPRESENTATION_CONTEXT('2D SPACE',''
  ) );
#8622 = ORIENTED_EDGE('',*,*,#8623,.T.);
#8623 = EDGE_CURVE('',#8590,#8624,#8626,.T.);
#8624 = VERTEX_POINT('',#8625);
#8625 = CARTESIAN_POINT('',(49.094238249443,-24.765,41.65));
#8626 = SEAM_CURVE('',#8627,(#8632,#8639),.PCURVE_S1.);
#8627 = CIRCLE('',#8628,2.);
#8628 = AXIS2_PLACEMENT_3D('',#8629,#8630,#8631);
#8629 = CARTESIAN_POINT('',(51.094238249443,-24.765,41.65));
#8630 = DIRECTION('',(0.,1.,0.));
#8631 = DIRECTION('',(-3.5527136788E-15,0.,-1.));
#8632 = PCURVE('',#8599,#8633);
#8633 = DEFINITIONAL_REPRESENTATION('',(#8634),#8638);
#8634 = LINE('',#8635,#8636);
#8635 = CARTESIAN_POINT('',(-0.,1.570796326795));
#8636 = VECTOR('',#8637,1.);
#8637 = DIRECTION('',(-0.,1.));
#8638 = ( GEOMETRIC_REPRESENTATION_CONTEXT(2) 
PARAMETRIC_REPRESENTATION_CONTEXT() REPRESENTATION_CONTEXT('2D SPACE',''
  ) );
#8639 = PCURVE('',#8599,#8640);
#8640 = DEFINITIONAL_REPRESENTATION('',(#8641),#8645);
#8641 = LINE('',#8642,#8643);
#8642 = CARTESIAN_POINT('',(-6.28318530718,1.570796326795));
#8643 = VECTOR('',#8644,1.);
#8644 = DIRECTION('',(-0.,1.));
#8645 = ( GEOMETRIC_REPRESENTATION_CONTEXT(2) 
PARAMETRIC_REPRESENTATION_CONTEXT() REPRESENTATION_CONTEXT('2D SPACE',''
  ) );
#8646 = ORIENTED_EDGE('',*,*,#8647,.F.);
#8647 = EDGE_CURVE('',#8624,#8624,#8648,.T.);
#8648 = SURFACE_CURVE('',#8649,(#8654,#8661),.PCURVE_S1.);
#8649 = CIRCLE('',#8650,6.2);
#8650 = AXIS2_PLACEMENT_3D('',#8651,#8652,#8653);
#8651 = CARTESIAN_POINT('',(42.894238249443,-24.765,41.65));
#8652 = DIRECTION('',(0.,0.,1.));
#8653 = DIRECTION('',(1.,0.,-0.));
#8654 = PCURVE('',#8599,#8655);
#8655 = DEFINITIONAL_REPRESENTATION('',(#8656),#8660);
#8656 = LINE('',#8657,#8658);
#8657 = CARTESIAN_POINT('',(-0.,3.14159265359));
#8658 = VECTOR('',#8659,1.);
#8659 = DIRECTION('',(-1.,0.));
#8660 = ( GEOMETRIC_REPRESENTATION_CONTEXT(2) 
PARAMETRIC_REPRESENTATION_CONTEXT() REPRESENTATION_CONTEXT('2D SPACE',''
  ) );
#8661 = PCURVE('',#8662,#8667);
#8662 = CYLINDRICAL_SURFACE('',#8663,6.2);
#8663 = AXIS2_PLACEMENT_3D('',#8664,#8665,#8666);
#8664 = CARTESIAN_POINT('',(42.894238249443,-24.765,33.15));
#8665 = DIRECTION('',(0.,0.,1.));
#8666 = DIRECTION('',(1.,0.,-0.));
#8667 = DEFINITIONAL_REPRESENTATION('',(#8668),#8672);
#8668 = LINE('',#8669,#8670);
#8669 = CARTESIAN_POINT('',(0.,8.5));
#8670 = VECTOR('',#8671,1.);
#8671 = DIRECTION('',(1.,0.));
#8672 = ( GEOMETRIC_REPRESENTATION_CONTEXT(2) 
PARAMETRIC_REPRESENTATION_CONTEXT() REPRESENTATION_CONTEXT('2D SPACE',''
  ) );
#8673 = ORIENTED_EDGE('',*,*,#8623,.F.);
#8674 = ADVANCED_FACE('',(#8675,#9196,#9227,#9258,#9289,#9292,#9323,
    #9354),#8611,.T.);
#8675 = FACE_BOUND('',#8676,.T.);
#8676 = EDGE_LOOP('',(#8677,#8712,#8740,#8768,#8796,#8824,#8852,#8885,
    #8913,#8941,#8969,#8997,#9025,#9058,#9086,#9114,#9142,#9170));
#8677 = ORIENTED_EDGE('',*,*,#8678,.F.);
#8678 = EDGE_CURVE('',#8679,#8681,#8683,.T.);
#8679 = VERTEX_POINT('',#8680);
#8680 = CARTESIAN_POINT('',(-56.45161335632,-22.3908072536,39.65));
#8681 = VERTEX_POINT('',#8682);
#8682 = CARTESIAN_POINT('',(-8.834798785303,60.083934877995,39.65));
#8683 = SURFACE_CURVE('',#8684,(#8689,#8700),.PCURVE_S1.);
#8684 = CIRCLE('',#8685,60.73);
#8685 = AXIS2_PLACEMENT_3D('',#8686,#8687,#8688);
#8686 = CARTESIAN_POINT('',(0.,0.,39.65));
#8687 = DIRECTION('',(0.,0.,-1.));
#8688 = DIRECTION('',(0.145476680147,0.98936168085,0.));
#8689 = PCURVE('',#8611,#8690);
#8690 = DEFINITIONAL_REPRESENTATION('',(#8691),#8699);
#8691 = ( BOUNDED_CURVE() B_SPLINE_CURVE(2,(#8692,#8693,#8694,#8695,
#8696,#8697,#8698),.UNSPECIFIED.,.T.,.F.) B_SPLINE_CURVE_WITH_KNOTS((1,2
    ,2,2,2,1),(-2.094395102393,0.,2.094395102393,4.188790204786,
6.28318530718,8.377580409573),.UNSPECIFIED.) CURVE() 
GEOMETRIC_REPRESENTATION_ITEM() RATIONAL_B_SPLINE_CURVE((1.,0.5,1.,0.5,
1.,0.5,1.)) REPRESENTATION_ITEM('') );
#8692 = CARTESIAN_POINT('',(8.834798785303,60.083934877996));
#8693 = CARTESIAN_POINT('',(112.90322671265,44.781614507202));
#8694 = CARTESIAN_POINT('',(47.616814571022,-37.69312762439));
#8695 = CARTESIAN_POINT('',(-17.6695975706,-120.1678697559));
#8696 = CARTESIAN_POINT('',(-56.45161335632,-22.3908072536));
#8697 = CARTESIAN_POINT('',(-95.23362914204,75.386255248789));
#8698 = CARTESIAN_POINT('',(8.834798785303,60.083934877996));
#8699 = ( GEOMETRIC_REPRESENTATION_CONTEXT(2) 
PARAMETRIC_REPRESENTATION_CONTEXT() REPRESENTATION_CONTEXT('2D SPACE',''
  ) );
#8700 = PCURVE('',#8701,#8706);
#8701 = CYLINDRICAL_SURFACE('',#8702,60.73);
#8702 = AXIS2_PLACEMENT_3D('',#8703,#8704,#8705);
#8703 = CARTESIAN_POINT('',(0.,0.,33.15));
#8704 = DIRECTION('',(0.,0.,1.));
#8705 = DIRECTION('',(1.,0.,-0.));
#8706 = DEFINITIONAL_REPRESENTATION('',(#8707),#8711);
#8707 = LINE('',#8708,#8709);
#8708 = CARTESIAN_POINT('',(7.707986872767,6.5));
#8709 = VECTOR('',#8710,1.);
#8710 = DIRECTION('',(-1.,-0.));
#8711 = ( GEOMETRIC_REPRESENTATION_CONTEXT(2) 
PARAMETRIC_REPRESENTATION_CONTEXT() REPRESENTATION_CONTEXT('2D SPACE',''
  ) );
#8712 = ORIENTED_EDGE('',*,*,#8713,.T.);
#8713 = EDGE_CURVE('',#8679,#8714,#8716,.T.);
#8714 = VERTEX_POINT('',#8715);
#8715 = CARTESIAN_POINT('',(-77.06885805148,-36.4128221735,39.65));
#8716 = SURFACE_CURVE('',#8717,(#8721,#8728),.PCURVE_S1.);
#8717 = LINE('',#8718,#8719);
#8718 = CARTESIAN_POINT('',(-48.69596873398,-17.11610802895,39.65));
#8719 = VECTOR('',#8720,1.);
#8720 = DIRECTION('',(-0.82688382084,-0.562372782798,0.));
#8721 = PCURVE('',#8611,#8722);
#8722 = DEFINITIONAL_REPRESENTATION('',(#8723),#8727);
#8723 = LINE('',#8724,#8725);
#8724 = CARTESIAN_POINT('',(-48.69596873398,-17.11610802895));
#8725 = VECTOR('',#8726,1.);
#8726 = DIRECTION('',(-0.82688382084,-0.562372782798));
#8727 = ( GEOMETRIC_REPRESENTATION_CONTEXT(2) 
PARAMETRIC_REPRESENTATION_CONTEXT() REPRESENTATION_CONTEXT('2D SPACE',''
  ) );
#8728 = PCURVE('',#8729,#8734);
#8729 = PLANE('',#8730);
#8730 = AXIS2_PLACEMENT_3D('',#8731,#8732,#8733);
#8731 = CARTESIAN_POINT('',(-48.69596873398,-17.11610802895,33.15));
#8732 = DIRECTION('',(0.562372782798,-0.82688382084,0.));
#8733 = DIRECTION('',(-0.82688382084,-0.562372782798,0.));
#8734 = DEFINITIONAL_REPRESENTATION('',(#8735),#8739);
#8735 = LINE('',#8736,#8737);
#8736 = CARTESIAN_POINT('',(0.,-6.5));
#8737 = VECTOR('',#8738,1.);
#8738 = DIRECTION('',(1.,0.));
#8739 = ( GEOMETRIC_REPRESENTATION_CONTEXT(2) 
PARAMETRIC_REPRESENTATION_CONTEXT() REPRESENTATION_CONTEXT('2D SPACE',''
  ) );
#8740 = ORIENTED_EDGE('',*,*,#8741,.T.);
#8741 = EDGE_CURVE('',#8714,#8742,#8744,.T.);
#8742 = VERTEX_POINT('',#8743);
#8743 = CARTESIAN_POINT('',(-67.54257860985,-30.9128221735,39.65));
#8744 = SURFACE_CURVE('',#8745,(#8749,#8756),.PCURVE_S1.);
#8745 = LINE('',#8746,#8747);
#8746 = CARTESIAN_POINT('',(-77.06885805148,-36.4128221735,39.65));
#8747 = VECTOR('',#8748,1.);
#8748 = DIRECTION('',(0.866025403784,0.5,3.681903267121E-14));
#8749 = PCURVE('',#8611,#8750);
#8750 = DEFINITIONAL_REPRESENTATION('',(#8751),#8755);
#8751 = LINE('',#8752,#8753);
#8752 = CARTESIAN_POINT('',(-77.06885805148,-36.4128221735));
#8753 = VECTOR('',#8754,1.);
#8754 = DIRECTION('',(0.866025403784,0.5));
#8755 = ( GEOMETRIC_REPRESENTATION_CONTEXT(2) 
PARAMETRIC_REPRESENTATION_CONTEXT() REPRESENTATION_CONTEXT('2D SPACE',''
  ) );
#8756 = PCURVE('',#8757,#8762);
#8757 = PLANE('',#8758);
#8758 = AXIS2_PLACEMENT_3D('',#8759,#8760,#8761);
#8759 = CARTESIAN_POINT('',(-67.54257860985,-30.9128221735,39.64));
#8760 = DIRECTION('',(0.5,-0.866025403784,0.));
#8761 = DIRECTION('',(0.,0.,1.));
#8762 = DEFINITIONAL_REPRESENTATION('',(#8763),#8767);
#8763 = LINE('',#8764,#8765);
#8764 = CARTESIAN_POINT('',(9.999999999998E-03,11.));
#8765 = VECTOR('',#8766,1.);
#8766 = DIRECTION('',(3.681903267121E-14,-1.));
#8767 = ( GEOMETRIC_REPRESENTATION_CONTEXT(2) 
PARAMETRIC_REPRESENTATION_CONTEXT() REPRESENTATION_CONTEXT('2D SPACE',''
  ) );
#8768 = ORIENTED_EDGE('',*,*,#8769,.T.);
#8769 = EDGE_CURVE('',#8742,#8770,#8772,.T.);
#8770 = VERTEX_POINT('',#8771);
#8771 = CARTESIAN_POINT('',(-60.54257860985,-43.03717782649,39.65));
#8772 = SURFACE_CURVE('',#8773,(#8777,#8784),.PCURVE_S1.);
#8773 = LINE('',#8774,#8775);
#8774 = CARTESIAN_POINT('',(-68.04257860985,-30.04679676972,39.65));
#8775 = VECTOR('',#8776,1.);
#8776 = DIRECTION('',(0.5,-0.866025403784,0.));
#8777 = PCURVE('',#8611,#8778);
#8778 = DEFINITIONAL_REPRESENTATION('',(#8779),#8783);
#8779 = LINE('',#8780,#8781);
#8780 = CARTESIAN_POINT('',(-68.04257860985,-30.04679676972));
#8781 = VECTOR('',#8782,1.);
#8782 = DIRECTION('',(0.5,-0.866025403784));
#8783 = ( GEOMETRIC_REPRESENTATION_CONTEXT(2) 
PARAMETRIC_REPRESENTATION_CONTEXT() REPRESENTATION_CONTEXT('2D SPACE',''
  ) );
#8784 = PCURVE('',#8785,#8790);
#8785 = CYLINDRICAL_SURFACE('',#8786,3.);
#8786 = AXIS2_PLACEMENT_3D('',#8787,#8788,#8789);
#8787 = CARTESIAN_POINT('',(-68.04257860985,-30.04679676972,42.65));
#8788 = DIRECTION('',(0.5,-0.866025403784,0.));
#8789 = DIRECTION('',(0.,0.,1.));
#8790 = DEFINITIONAL_REPRESENTATION('',(#8791),#8795);
#8791 = LINE('',#8792,#8793);
#8792 = CARTESIAN_POINT('',(3.14159265359,0.));
#8793 = VECTOR('',#8794,1.);
#8794 = DIRECTION('',(0.,1.));
#8795 = ( GEOMETRIC_REPRESENTATION_CONTEXT(2) 
PARAMETRIC_REPRESENTATION_CONTEXT() REPRESENTATION_CONTEXT('2D SPACE',''
  ) );
#8796 = ORIENTED_EDGE('',*,*,#8797,.T.);
#8797 = EDGE_CURVE('',#8770,#8798,#8800,.T.);
#8798 = VERTEX_POINT('',#8799);
#8799 = CARTESIAN_POINT('',(-70.06885805148,-48.53717782649,39.65));
#8800 = SURFACE_CURVE('',#8801,(#8805,#8812),.PCURVE_S1.);
#8801 = LINE('',#8802,#8803);
#8802 = CARTESIAN_POINT('',(-60.54257860985,-43.03717782649,39.65));
#8803 = VECTOR('',#8804,1.);
#8804 = DIRECTION('',(-0.866025403784,-0.5,-3.681903267121E-14));
#8805 = PCURVE('',#8611,#8806);
#8806 = DEFINITIONAL_REPRESENTATION('',(#8807),#8811);
#8807 = LINE('',#8808,#8809);
#8808 = CARTESIAN_POINT('',(-60.54257860985,-43.03717782649));
#8809 = VECTOR('',#8810,1.);
#8810 = DIRECTION('',(-0.866025403784,-0.5));
#8811 = ( GEOMETRIC_REPRESENTATION_CONTEXT(2) 
PARAMETRIC_REPRESENTATION_CONTEXT() REPRESENTATION_CONTEXT('2D SPACE',''
  ) );
#8812 = PCURVE('',#8813,#8818);
#8813 = PLANE('',#8814);
#8814 = AXIS2_PLACEMENT_3D('',#8815,#8816,#8817);
#8815 = CARTESIAN_POINT('',(-70.06885805148,-48.53717782649,33.15));
#8816 = DIRECTION('',(-0.5,0.866025403784,0.));
#8817 = DIRECTION('',(0.866025403784,0.5,0.));
#8818 = DEFINITIONAL_REPRESENTATION('',(#8819),#8823);
#8819 = LINE('',#8820,#8821);
#8820 = CARTESIAN_POINT('',(11.,-6.5));
#8821 = VECTOR('',#8822,1.);
#8822 = DIRECTION('',(-1.,3.681903267121E-14));
#8823 = ( GEOMETRIC_REPRESENTATION_CONTEXT(2) 
PARAMETRIC_REPRESENTATION_CONTEXT() REPRESENTATION_CONTEXT('2D SPACE',''
  ) );
#8824 = ORIENTED_EDGE('',*,*,#8825,.T.);
#8825 = EDGE_CURVE('',#8798,#8826,#8828,.T.);
#8826 = VERTEX_POINT('',#8827);
#8827 = CARTESIAN_POINT('',(-47.61681457102,-37.69312762439,39.65));
#8828 = SURFACE_CURVE('',#8829,(#8833,#8840),.PCURVE_S1.);
#8829 = LINE('',#8830,#8831);
#8830 = CARTESIAN_POINT('',(-70.06885805148,-48.53717782649,39.65));
#8831 = VECTOR('',#8832,1.);
#8832 = DIRECTION('',(0.900471026721,0.434916003427,0.));
#8833 = PCURVE('',#8611,#8834);
#8834 = DEFINITIONAL_REPRESENTATION('',(#8835),#8839);
#8835 = LINE('',#8836,#8837);
#8836 = CARTESIAN_POINT('',(-70.06885805148,-48.53717782649));
#8837 = VECTOR('',#8838,1.);
#8838 = DIRECTION('',(0.900471026721,0.434916003427));
#8839 = ( GEOMETRIC_REPRESENTATION_CONTEXT(2) 
PARAMETRIC_REPRESENTATION_CONTEXT() REPRESENTATION_CONTEXT('2D SPACE',''
  ) );
#8840 = PCURVE('',#8841,#8846);
#8841 = PLANE('',#8842);
#8842 = AXIS2_PLACEMENT_3D('',#8843,#8844,#8845);
#8843 = CARTESIAN_POINT('',(-70.06885805148,-48.53717782649,33.15));
#8844 = DIRECTION('',(-0.434916003427,0.900471026721,0.));
#8845 = DIRECTION('',(0.900471026721,0.434916003427,0.));
#8846 = DEFINITIONAL_REPRESENTATION('',(#8847),#8851);
#8847 = LINE('',#8848,#8849);
#8848 = CARTESIAN_POINT('',(0.,-6.5));
#8849 = VECTOR('',#8850,1.);
#8850 = DIRECTION('',(1.,0.));
#8851 = ( GEOMETRIC_REPRESENTATION_CONTEXT(2) 
PARAMETRIC_REPRESENTATION_CONTEXT() REPRESENTATION_CONTEXT('2D SPACE',''
  ) );
#8852 = ORIENTED_EDGE('',*,*,#8853,.F.);
#8853 = EDGE_CURVE('',#8854,#8826,#8856,.T.);
#8854 = VERTEX_POINT('',#8855);
#8855 = CARTESIAN_POINT('',(47.616814571024,-37.69312762439,39.65));
#8856 = SURFACE_CURVE('',#8857,(#8862,#8873),.PCURVE_S1.);
#8857 = CIRCLE('',#8858,60.73);
#8858 = AXIS2_PLACEMENT_3D('',#8859,#8860,#8861);
#8859 = CARTESIAN_POINT('',(0.,0.,39.65));
#8860 = DIRECTION('',(0.,0.,-1.));
#8861 = DIRECTION('',(0.145476680147,0.98936168085,0.));
#8862 = PCURVE('',#8611,#8863);
#8863 = DEFINITIONAL_REPRESENTATION('',(#8864),#8872);
#8864 = ( BOUNDED_CURVE() B_SPLINE_CURVE(2,(#8865,#8866,#8867,#8868,
#8869,#8870,#8871),.UNSPECIFIED.,.T.,.F.) B_SPLINE_CURVE_WITH_KNOTS((1,2
    ,2,2,2,1),(-2.094395102393,0.,2.094395102393,4.188790204786,
6.28318530718,8.377580409573),.UNSPECIFIED.) CURVE() 
GEOMETRIC_REPRESENTATION_ITEM() RATIONAL_B_SPLINE_CURVE((1.,0.5,1.,0.5,
1.,0.5,1.)) REPRESENTATION_ITEM('') );
#8865 = CARTESIAN_POINT('',(8.834798785303,60.083934877996));
#8866 = CARTESIAN_POINT('',(112.90322671265,44.781614507202));
#8867 = CARTESIAN_POINT('',(47.616814571022,-37.69312762439));
#8868 = CARTESIAN_POINT('',(-17.6695975706,-120.1678697559));
#8869 = CARTESIAN_POINT('',(-56.45161335632,-22.3908072536));
#8870 = CARTESIAN_POINT('',(-95.23362914204,75.386255248789));
#8871 = CARTESIAN_POINT('',(8.834798785303,60.083934877996));
#8872 = ( GEOMETRIC_REPRESENTATION_CONTEXT(2) 
PARAMETRIC_REPRESENTATION_CONTEXT() REPRESENTATION_CONTEXT('2D SPACE',''
  ) );
#8873 = PCURVE('',#8874,#8879);
#8874 = CYLINDRICAL_SURFACE('',#8875,60.73);
#8875 = AXIS2_PLACEMENT_3D('',#8876,#8877,#8878);
#8876 = CARTESIAN_POINT('',(0.,0.,33.15));
#8877 = DIRECTION('',(0.,0.,1.));
#8878 = DIRECTION('',(1.,0.,-0.));
#8879 = DEFINITIONAL_REPRESENTATION('',(#8880),#8884);
#8880 = LINE('',#8881,#8882);
#8881 = CARTESIAN_POINT('',(7.707986872767,6.5));
#8882 = VECTOR('',#8883,1.);
#8883 = DIRECTION('',(-1.,-0.));
#8884 = ( GEOMETRIC_REPRESENTATION_CONTEXT(2) 
PARAMETRIC_REPRESENTATION_CONTEXT() REPRESENTATION_CONTEXT('2D SPACE',''
  ) );
#8885 = ORIENTED_EDGE('',*,*,#8886,.T.);
#8886 = EDGE_CURVE('',#8854,#8887,#8889,.T.);
#8887 = VERTEX_POINT('',#8888);
#8888 = CARTESIAN_POINT('',(70.068858051488,-48.53717782649,39.65));
#8889 = SURFACE_CURVE('',#8890,(#8894,#8901),.PCURVE_S1.);
#8890 = LINE('',#8891,#8892);
#8891 = CARTESIAN_POINT('',(39.170968733985,-33.61389197104,39.65));
#8892 = VECTOR('',#8893,1.);
#8893 = DIRECTION('',(0.900471026721,-0.434916003427,-0.));
#8894 = PCURVE('',#8611,#8895);
#8895 = DEFINITIONAL_REPRESENTATION('',(#8896),#8900);
#8896 = LINE('',#8897,#8898);
#8897 = CARTESIAN_POINT('',(39.170968733985,-33.61389197104));
#8898 = VECTOR('',#8899,1.);
#8899 = DIRECTION('',(0.900471026721,-0.434916003427));
#8900 = ( GEOMETRIC_REPRESENTATION_CONTEXT(2) 
PARAMETRIC_REPRESENTATION_CONTEXT() REPRESENTATION_CONTEXT('2D SPACE',''
  ) );
#8901 = PCURVE('',#8902,#8907);
#8902 = PLANE('',#8903);
#8903 = AXIS2_PLACEMENT_3D('',#8904,#8905,#8906);
#8904 = CARTESIAN_POINT('',(39.170968733985,-33.61389197104,33.15));
#8905 = DIRECTION('',(0.434916003427,0.900471026721,-0.));
#8906 = DIRECTION('',(0.900471026721,-0.434916003427,0.));
#8907 = DEFINITIONAL_REPRESENTATION('',(#8908),#8912);
#8908 = LINE('',#8909,#8910);
#8909 = CARTESIAN_POINT('',(0.,-6.5));
#8910 = VECTOR('',#8911,1.);
#8911 = DIRECTION('',(1.,0.));
#8912 = ( GEOMETRIC_REPRESENTATION_CONTEXT(2) 
PARAMETRIC_REPRESENTATION_CONTEXT() REPRESENTATION_CONTEXT('2D SPACE',''
  ) );
#8913 = ORIENTED_EDGE('',*,*,#8914,.T.);
#8914 = EDGE_CURVE('',#8887,#8915,#8917,.T.);
#8915 = VERTEX_POINT('',#8916);
#8916 = CARTESIAN_POINT('',(60.542578609859,-43.03717782649,39.65));
#8917 = SURFACE_CURVE('',#8918,(#8922,#8929),.PCURVE_S1.);
#8918 = LINE('',#8919,#8920);
#8919 = CARTESIAN_POINT('',(70.068858051488,-48.53717782649,39.65));
#8920 = VECTOR('',#8921,1.);
#8921 = DIRECTION('',(-0.866025403784,0.5,3.681903267121E-14));
#8922 = PCURVE('',#8611,#8923);
#8923 = DEFINITIONAL_REPRESENTATION('',(#8924),#8928);
#8924 = LINE('',#8925,#8926);
#8925 = CARTESIAN_POINT('',(70.068858051488,-48.53717782649));
#8926 = VECTOR('',#8927,1.);
#8927 = DIRECTION('',(-0.866025403784,0.5));
#8928 = ( GEOMETRIC_REPRESENTATION_CONTEXT(2) 
PARAMETRIC_REPRESENTATION_CONTEXT() REPRESENTATION_CONTEXT('2D SPACE',''
  ) );
#8929 = PCURVE('',#8930,#8935);
#8930 = PLANE('',#8931);
#8931 = AXIS2_PLACEMENT_3D('',#8932,#8933,#8934);
#8932 = CARTESIAN_POINT('',(60.542578609859,-43.03717782649,39.64));
#8933 = DIRECTION('',(0.5,0.866025403784,0.));
#8934 = DIRECTION('',(0.,0.,1.));
#8935 = DEFINITIONAL_REPRESENTATION('',(#8936),#8940);
#8936 = LINE('',#8937,#8938);
#8937 = CARTESIAN_POINT('',(9.999999999998E-03,11.));
#8938 = VECTOR('',#8939,1.);
#8939 = DIRECTION('',(3.681903267121E-14,-1.));
#8940 = ( GEOMETRIC_REPRESENTATION_CONTEXT(2) 
PARAMETRIC_REPRESENTATION_CONTEXT() REPRESENTATION_CONTEXT('2D SPACE',''
  ) );
#8941 = ORIENTED_EDGE('',*,*,#8942,.T.);
#8942 = EDGE_CURVE('',#8915,#8943,#8945,.T.);
#8943 = VERTEX_POINT('',#8944);
#8944 = CARTESIAN_POINT('',(67.542578609859,-30.9128221735,39.65));
#8945 = SURFACE_CURVE('',#8946,(#8950,#8957),.PCURVE_S1.);
#8946 = LINE('',#8947,#8948);
#8947 = CARTESIAN_POINT('',(60.042578609859,-43.90320323027,39.65));
#8948 = VECTOR('',#8949,1.);
#8949 = DIRECTION('',(0.5,0.866025403784,0.));
#8950 = PCURVE('',#8611,#8951);
#8951 = DEFINITIONAL_REPRESENTATION('',(#8952),#8956);
#8952 = LINE('',#8953,#8954);
#8953 = CARTESIAN_POINT('',(60.042578609859,-43.90320323027));
#8954 = VECTOR('',#8955,1.);
#8955 = DIRECTION('',(0.5,0.866025403784));
#8956 = ( GEOMETRIC_REPRESENTATION_CONTEXT(2) 
PARAMETRIC_REPRESENTATION_CONTEXT() REPRESENTATION_CONTEXT('2D SPACE',''
  ) );
#8957 = PCURVE('',#8958,#8963);
#8958 = CYLINDRICAL_SURFACE('',#8959,3.);
#8959 = AXIS2_PLACEMENT_3D('',#8960,#8961,#8962);
#8960 = CARTESIAN_POINT('',(60.042578609859,-43.90320323027,42.65));
#8961 = DIRECTION('',(0.5,0.866025403784,0.));
#8962 = DIRECTION('',(0.,0.,1.));
#8963 = DEFINITIONAL_REPRESENTATION('',(#8964),#8968);
#8964 = LINE('',#8965,#8966);
#8965 = CARTESIAN_POINT('',(3.14159265359,0.));
#8966 = VECTOR('',#8967,1.);
#8967 = DIRECTION('',(0.,1.));
#8968 = ( GEOMETRIC_REPRESENTATION_CONTEXT(2) 
PARAMETRIC_REPRESENTATION_CONTEXT() REPRESENTATION_CONTEXT('2D SPACE',''
  ) );
#8969 = ORIENTED_EDGE('',*,*,#8970,.T.);
#8970 = EDGE_CURVE('',#8943,#8971,#8973,.T.);
#8971 = VERTEX_POINT('',#8972);
#8972 = CARTESIAN_POINT('',(77.068858051488,-36.4128221735,39.65));
#8973 = SURFACE_CURVE('',#8974,(#8978,#8985),.PCURVE_S1.);
#8974 = LINE('',#8975,#8976);
#8975 = CARTESIAN_POINT('',(67.542578609859,-30.9128221735,39.65));
#8976 = VECTOR('',#8977,1.);
#8977 = DIRECTION('',(0.866025403784,-0.5,-3.681903267121E-14));
#8978 = PCURVE('',#8611,#8979);
#8979 = DEFINITIONAL_REPRESENTATION('',(#8980),#8984);
#8980 = LINE('',#8981,#8982);
#8981 = CARTESIAN_POINT('',(67.542578609859,-30.9128221735));
#8982 = VECTOR('',#8983,1.);
#8983 = DIRECTION('',(0.866025403784,-0.5));
#8984 = ( GEOMETRIC_REPRESENTATION_CONTEXT(2) 
PARAMETRIC_REPRESENTATION_CONTEXT() REPRESENTATION_CONTEXT('2D SPACE',''
  ) );
#8985 = PCURVE('',#8986,#8991);
#8986 = PLANE('',#8987);
#8987 = AXIS2_PLACEMENT_3D('',#8988,#8989,#8990);
#8988 = CARTESIAN_POINT('',(77.068858051488,-36.4128221735,33.15));
#8989 = DIRECTION('',(-0.5,-0.866025403784,0.));
#8990 = DIRECTION('',(-0.866025403784,0.5,0.));
#8991 = DEFINITIONAL_REPRESENTATION('',(#8992),#8996);
#8992 = LINE('',#8993,#8994);
#8993 = CARTESIAN_POINT('',(11.,-6.5));
#8994 = VECTOR('',#8995,1.);
#8995 = DIRECTION('',(-1.,3.681903267121E-14));
#8996 = ( GEOMETRIC_REPRESENTATION_CONTEXT(2) 
PARAMETRIC_REPRESENTATION_CONTEXT() REPRESENTATION_CONTEXT('2D SPACE',''
  ) );
#8997 = ORIENTED_EDGE('',*,*,#8998,.T.);
#8998 = EDGE_CURVE('',#8971,#8999,#9001,.T.);
#8999 = VERTEX_POINT('',#9000);
#9000 = CARTESIAN_POINT('',(56.451613356325,-22.3908072536,39.65));
#9001 = SURFACE_CURVE('',#9002,(#9006,#9013),.PCURVE_S1.);
#9002 = LINE('',#9003,#9004);
#9003 = CARTESIAN_POINT('',(77.068858051488,-36.4128221735,39.65));
#9004 = VECTOR('',#9005,1.);
#9005 = DIRECTION('',(-0.82688382084,0.562372782798,0.));
#9006 = PCURVE('',#8611,#9007);
#9007 = DEFINITIONAL_REPRESENTATION('',(#9008),#9012);
#9008 = LINE('',#9009,#9010);
#9009 = CARTESIAN_POINT('',(77.068858051488,-36.4128221735));
#9010 = VECTOR('',#9011,1.);
#9011 = DIRECTION('',(-0.82688382084,0.562372782798));
#9012 = ( GEOMETRIC_REPRESENTATION_CONTEXT(2) 
PARAMETRIC_REPRESENTATION_CONTEXT() REPRESENTATION_CONTEXT('2D SPACE',''
  ) );
#9013 = PCURVE('',#9014,#9019);
#9014 = PLANE('',#9015);
#9015 = AXIS2_PLACEMENT_3D('',#9016,#9017,#9018);
#9016 = CARTESIAN_POINT('',(77.068858051488,-36.4128221735,33.15));
#9017 = DIRECTION('',(-0.562372782798,-0.82688382084,0.));
#9018 = DIRECTION('',(-0.82688382084,0.562372782798,0.));
#9019 = DEFINITIONAL_REPRESENTATION('',(#9020),#9024);
#9020 = LINE('',#9021,#9022);
#9021 = CARTESIAN_POINT('',(0.,-6.5));
#9022 = VECTOR('',#9023,1.);
#9023 = DIRECTION('',(1.,0.));
#9024 = ( GEOMETRIC_REPRESENTATION_CONTEXT(2) 
PARAMETRIC_REPRESENTATION_CONTEXT() REPRESENTATION_CONTEXT('2D SPACE',''
  ) );
#9025 = ORIENTED_EDGE('',*,*,#9026,.F.);
#9026 = EDGE_CURVE('',#9027,#8999,#9029,.T.);
#9027 = VERTEX_POINT('',#9028);
#9028 = CARTESIAN_POINT('',(8.834798785303,60.083934877995,39.65));
#9029 = SURFACE_CURVE('',#9030,(#9035,#9046),.PCURVE_S1.);
#9030 = CIRCLE('',#9031,60.73);
#9031 = AXIS2_PLACEMENT_3D('',#9032,#9033,#9034);
#9032 = CARTESIAN_POINT('',(0.,0.,39.65));
#9033 = DIRECTION('',(0.,0.,-1.));
#9034 = DIRECTION('',(0.145476680147,0.98936168085,0.));
#9035 = PCURVE('',#8611,#9036);
#9036 = DEFINITIONAL_REPRESENTATION('',(#9037),#9045);
#9037 = ( BOUNDED_CURVE() B_SPLINE_CURVE(2,(#9038,#9039,#9040,#9041,
#9042,#9043,#9044),.UNSPECIFIED.,.T.,.F.) B_SPLINE_CURVE_WITH_KNOTS((1,2
    ,2,2,2,1),(-2.094395102393,0.,2.094395102393,4.188790204786,
6.28318530718,8.377580409573),.UNSPECIFIED.) CURVE() 
GEOMETRIC_REPRESENTATION_ITEM() RATIONAL_B_SPLINE_CURVE((1.,0.5,1.,0.5,
1.,0.5,1.)) REPRESENTATION_ITEM('') );
#9038 = CARTESIAN_POINT('',(8.834798785303,60.083934877996));
#9039 = CARTESIAN_POINT('',(112.90322671265,44.781614507202));
#9040 = CARTESIAN_POINT('',(47.616814571022,-37.69312762439));
#9041 = CARTESIAN_POINT('',(-17.6695975706,-120.1678697559));
#9042 = CARTESIAN_POINT('',(-56.45161335632,-22.3908072536));
#9043 = CARTESIAN_POINT('',(-95.23362914204,75.386255248789));
#9044 = CARTESIAN_POINT('',(8.834798785303,60.083934877996));
#9045 = ( GEOMETRIC_REPRESENTATION_CONTEXT(2) 
PARAMETRIC_REPRESENTATION_CONTEXT() REPRESENTATION_CONTEXT('2D SPACE',''
  ) );
#9046 = PCURVE('',#9047,#9052);
#9047 = CYLINDRICAL_SURFACE('',#9048,60.73);
#9048 = AXIS2_PLACEMENT_3D('',#9049,#9050,#9051);
#9049 = CARTESIAN_POINT('',(0.,0.,33.15));
#9050 = DIRECTION('',(0.,0.,1.));
#9051 = DIRECTION('',(1.,0.,-0.));
#9052 = DEFINITIONAL_REPRESENTATION('',(#9053),#9057);
#9053 = LINE('',#9054,#9055);
#9054 = CARTESIAN_POINT('',(7.707986872767,6.5));
#9055 = VECTOR('',#9056,1.);
#9056 = DIRECTION('',(-1.,-0.));
#9057 = ( GEOMETRIC_REPRESENTATION_CONTEXT(2) 
PARAMETRIC_REPRESENTATION_CONTEXT() REPRESENTATION_CONTEXT('2D SPACE',''
  ) );
#9058 = ORIENTED_EDGE('',*,*,#9059,.T.);
#9059 = EDGE_CURVE('',#9027,#9060,#9062,.T.);
#9060 = VERTEX_POINT('',#9061);
#9061 = CARTESIAN_POINT('',(7.,84.95,39.65));
#9062 = SURFACE_CURVE('',#9063,(#9067,#9074),.PCURVE_S1.);
#9063 = LINE('',#9064,#9065);
#9064 = CARTESIAN_POINT('',(9.525,50.73,39.65));
#9065 = VECTOR('',#9066,1.);
#9066 = DIRECTION('',(-7.358720588016E-02,0.997288786225,0.));
#9067 = PCURVE('',#8611,#9068);
#9068 = DEFINITIONAL_REPRESENTATION('',(#9069),#9073);
#9069 = LINE('',#9070,#9071);
#9070 = CARTESIAN_POINT('',(9.525,50.73));
#9071 = VECTOR('',#9072,1.);
#9072 = DIRECTION('',(-7.358720588016E-02,0.997288786225));
#9073 = ( GEOMETRIC_REPRESENTATION_CONTEXT(2) 
PARAMETRIC_REPRESENTATION_CONTEXT() REPRESENTATION_CONTEXT('2D SPACE',''
  ) );
#9074 = PCURVE('',#9075,#9080);
#9075 = PLANE('',#9076);
#9076 = AXIS2_PLACEMENT_3D('',#9077,#9078,#9079);
#9077 = CARTESIAN_POINT('',(9.525,50.73,33.15));
#9078 = DIRECTION('',(-0.997288786225,-7.358720588016E-02,0.));
#9079 = DIRECTION('',(-7.358720588016E-02,0.997288786225,0.));
#9080 = DEFINITIONAL_REPRESENTATION('',(#9081),#9085);
#9081 = LINE('',#9082,#9083);
#9082 = CARTESIAN_POINT('',(0.,-6.5));
#9083 = VECTOR('',#9084,1.);
#9084 = DIRECTION('',(1.,0.));
#9085 = ( GEOMETRIC_REPRESENTATION_CONTEXT(2) 
PARAMETRIC_REPRESENTATION_CONTEXT() REPRESENTATION_CONTEXT('2D SPACE',''
  ) );
#9086 = ORIENTED_EDGE('',*,*,#9087,.T.);
#9087 = EDGE_CURVE('',#9060,#9088,#9090,.T.);
#9088 = VERTEX_POINT('',#9089);
#9089 = CARTESIAN_POINT('',(7.,73.95,39.65));
#9090 = SURFACE_CURVE('',#9091,(#9095,#9102),.PCURVE_S1.);
#9091 = LINE('',#9092,#9093);
#9092 = CARTESIAN_POINT('',(7.,84.95,39.65));
#9093 = VECTOR('',#9094,1.);
#9094 = DIRECTION('',(2.422304781E-16,-1.,3.681903267121E-14));
#9095 = PCURVE('',#8611,#9096);
#9096 = DEFINITIONAL_REPRESENTATION('',(#9097),#9101);
#9097 = LINE('',#9098,#9099);
#9098 = CARTESIAN_POINT('',(7.,84.95));
#9099 = VECTOR('',#9100,1.);
#9100 = DIRECTION('',(2.422304781E-16,-1.));
#9101 = ( GEOMETRIC_REPRESENTATION_CONTEXT(2) 
PARAMETRIC_REPRESENTATION_CONTEXT() REPRESENTATION_CONTEXT('2D SPACE',''
  ) );
#9102 = PCURVE('',#9103,#9108);
#9103 = PLANE('',#9104);
#9104 = AXIS2_PLACEMENT_3D('',#9105,#9106,#9107);
#9105 = CARTESIAN_POINT('',(7.,73.95,39.64));
#9106 = DIRECTION('',(-1.,1.110223024625E-16,0.));
#9107 = DIRECTION('',(0.,0.,1.));
#9108 = DEFINITIONAL_REPRESENTATION('',(#9109),#9113);
#9109 = LINE('',#9110,#9111);
#9110 = CARTESIAN_POINT('',(9.999999999998E-03,11.));
#9111 = VECTOR('',#9112,1.);
#9112 = DIRECTION('',(3.681903267121E-14,-1.));
#9113 = ( GEOMETRIC_REPRESENTATION_CONTEXT(2) 
PARAMETRIC_REPRESENTATION_CONTEXT() REPRESENTATION_CONTEXT('2D SPACE',''
  ) );
#9114 = ORIENTED_EDGE('',*,*,#9115,.T.);
#9115 = EDGE_CURVE('',#9088,#9116,#9118,.T.);
#9116 = VERTEX_POINT('',#9117);
#9117 = CARTESIAN_POINT('',(-7.,73.95,39.65));
#9118 = SURFACE_CURVE('',#9119,(#9123,#9130),.PCURVE_S1.);
#9119 = LINE('',#9120,#9121);
#9120 = CARTESIAN_POINT('',(8.,73.95,39.65));
#9121 = VECTOR('',#9122,1.);
#9122 = DIRECTION('',(-1.,1.110223024625E-16,0.));
#9123 = PCURVE('',#8611,#9124);
#9124 = DEFINITIONAL_REPRESENTATION('',(#9125),#9129);
#9125 = LINE('',#9126,#9127);
#9126 = CARTESIAN_POINT('',(8.,73.95));
#9127 = VECTOR('',#9128,1.);
#9128 = DIRECTION('',(-1.,1.110223024625E-16));
#9129 = ( GEOMETRIC_REPRESENTATION_CONTEXT(2) 
PARAMETRIC_REPRESENTATION_CONTEXT() REPRESENTATION_CONTEXT('2D SPACE',''
  ) );
#9130 = PCURVE('',#9131,#9136);
#9131 = CYLINDRICAL_SURFACE('',#9132,3.);
#9132 = AXIS2_PLACEMENT_3D('',#9133,#9134,#9135);
#9133 = CARTESIAN_POINT('',(8.,73.95,42.65));
#9134 = DIRECTION('',(-1.,1.110223024625E-16,0.));
#9135 = DIRECTION('',(0.,0.,1.));
#9136 = DEFINITIONAL_REPRESENTATION('',(#9137),#9141);
#9137 = LINE('',#9138,#9139);
#9138 = CARTESIAN_POINT('',(3.14159265359,0.));
#9139 = VECTOR('',#9140,1.);
#9140 = DIRECTION('',(0.,1.));
#9141 = ( GEOMETRIC_REPRESENTATION_CONTEXT(2) 
PARAMETRIC_REPRESENTATION_CONTEXT() REPRESENTATION_CONTEXT('2D SPACE',''
  ) );
#9142 = ORIENTED_EDGE('',*,*,#9143,.T.);
#9143 = EDGE_CURVE('',#9116,#9144,#9146,.T.);
#9144 = VERTEX_POINT('',#9145);
#9145 = CARTESIAN_POINT('',(-7.,84.95,39.65));
#9146 = SURFACE_CURVE('',#9147,(#9151,#9158),.PCURVE_S1.);
#9147 = LINE('',#9148,#9149);
#9148 = CARTESIAN_POINT('',(-7.,73.95,39.65));
#9149 = VECTOR('',#9150,1.);
#9150 = DIRECTION('',(-2.422304781E-16,1.,-3.681903267121E-14));
#9151 = PCURVE('',#8611,#9152);
#9152 = DEFINITIONAL_REPRESENTATION('',(#9153),#9157);
#9153 = LINE('',#9154,#9155);
#9154 = CARTESIAN_POINT('',(-7.,73.95));
#9155 = VECTOR('',#9156,1.);
#9156 = DIRECTION('',(-2.422304781E-16,1.));
#9157 = ( GEOMETRIC_REPRESENTATION_CONTEXT(2) 
PARAMETRIC_REPRESENTATION_CONTEXT() REPRESENTATION_CONTEXT('2D SPACE',''
  ) );
#9158 = PCURVE('',#9159,#9164);
#9159 = PLANE('',#9160);
#9160 = AXIS2_PLACEMENT_3D('',#9161,#9162,#9163);
#9161 = CARTESIAN_POINT('',(-7.,84.95,33.15));
#9162 = DIRECTION('',(1.,-1.110223024625E-16,0.));
#9163 = DIRECTION('',(-1.110223024625E-16,-1.,0.));
#9164 = DEFINITIONAL_REPRESENTATION('',(#9165),#9169);
#9165 = LINE('',#9166,#9167);
#9166 = CARTESIAN_POINT('',(11.,-6.5));
#9167 = VECTOR('',#9168,1.);
#9168 = DIRECTION('',(-1.,3.681903267121E-14));
#9169 = ( GEOMETRIC_REPRESENTATION_CONTEXT(2) 
PARAMETRIC_REPRESENTATION_CONTEXT() REPRESENTATION_CONTEXT('2D SPACE',''
  ) );
#9170 = ORIENTED_EDGE('',*,*,#9171,.T.);
#9171 = EDGE_CURVE('',#9144,#8681,#9172,.T.);
#9172 = SURFACE_CURVE('',#9173,(#9177,#9184),.PCURVE_S1.);
#9173 = LINE('',#9174,#9175);
#9174 = CARTESIAN_POINT('',(-7.,84.95,39.65));
#9175 = VECTOR('',#9176,1.);
#9176 = DIRECTION('',(-7.358720588016E-02,-0.997288786225,0.));
#9177 = PCURVE('',#8611,#9178);
#9178 = DEFINITIONAL_REPRESENTATION('',(#9179),#9183);
#9179 = LINE('',#9180,#9181);
#9180 = CARTESIAN_POINT('',(-7.,84.95));
#9181 = VECTOR('',#9182,1.);
#9182 = DIRECTION('',(-7.358720588016E-02,-0.997288786225));
#9183 = ( GEOMETRIC_REPRESENTATION_CONTEXT(2) 
PARAMETRIC_REPRESENTATION_CONTEXT() REPRESENTATION_CONTEXT('2D SPACE',''
  ) );
#9184 = PCURVE('',#9185,#9190);
#9185 = PLANE('',#9186);
#9186 = AXIS2_PLACEMENT_3D('',#9187,#9188,#9189);
#9187 = CARTESIAN_POINT('',(-7.,84.95,33.15));
#9188 = DIRECTION('',(0.997288786225,-7.358720588016E-02,0.));
#9189 = DIRECTION('',(-7.358720588016E-02,-0.997288786225,0.));
#9190 = DEFINITIONAL_REPRESENTATION('',(#9191),#9195);
#9191 = LINE('',#9192,#9193);
#9192 = CARTESIAN_POINT('',(0.,-6.5));
#9193 = VECTOR('',#9194,1.);
#9194 = DIRECTION('',(1.,0.));
#9195 = ( GEOMETRIC_REPRESENTATION_CONTEXT(2) 
PARAMETRIC_REPRESENTATION_CONTEXT() REPRESENTATION_CONTEXT('2D SPACE',''
  ) );
#9196 = FACE_BOUND('',#9197,.T.);
#9197 = EDGE_LOOP('',(#9198));
#9198 = ORIENTED_EDGE('',*,*,#9199,.F.);
#9199 = EDGE_CURVE('',#9200,#9200,#9202,.T.);
#9200 = VERTEX_POINT('',#9201);
#9201 = CARTESIAN_POINT('',(-34.69423824944,-24.765,39.65));
#9202 = SURFACE_CURVE('',#9203,(#9208,#9215),.PCURVE_S1.);
#9203 = CIRCLE('',#9204,8.2);
#9204 = AXIS2_PLACEMENT_3D('',#9205,#9206,#9207);
#9205 = CARTESIAN_POINT('',(-42.89423824944,-24.765,39.65));
#9206 = DIRECTION('',(0.,0.,1.));
#9207 = DIRECTION('',(1.,0.,-0.));
#9208 = PCURVE('',#8611,#9209);
#9209 = DEFINITIONAL_REPRESENTATION('',(#9210),#9214);
#9210 = CIRCLE('',#9211,8.2);
#9211 = AXIS2_PLACEMENT_2D('',#9212,#9213);
#9212 = CARTESIAN_POINT('',(-42.89423824944,-24.765));
#9213 = DIRECTION('',(1.,0.));
#9214 = ( GEOMETRIC_REPRESENTATION_CONTEXT(2) 
PARAMETRIC_REPRESENTATION_CONTEXT() REPRESENTATION_CONTEXT('2D SPACE',''
  ) );
#9215 = PCURVE('',#9216,#9221);
#9216 = TOROIDAL_SURFACE('',#9217,8.2,2.);
#9217 = AXIS2_PLACEMENT_3D('',#9218,#9219,#9220);
#9218 = CARTESIAN_POINT('',(-42.89423824944,-24.765,41.65));
#9219 = DIRECTION('',(-0.,-0.,-1.));
#9220 = DIRECTION('',(1.,0.,-0.));
#9221 = DEFINITIONAL_REPRESENTATION('',(#9222),#9226);
#9222 = LINE('',#9223,#9224);
#9223 = CARTESIAN_POINT('',(-0.,1.570796326795));
#9224 = VECTOR('',#9225,1.);
#9225 = DIRECTION('',(-1.,0.));
#9226 = ( GEOMETRIC_REPRESENTATION_CONTEXT(2) 
PARAMETRIC_REPRESENTATION_CONTEXT() REPRESENTATION_CONTEXT('2D SPACE',''
  ) );
#9227 = FACE_BOUND('',#9228,.T.);
#9228 = EDGE_LOOP('',(#9229));
#9229 = ORIENTED_EDGE('',*,*,#9230,.F.);
#9230 = EDGE_CURVE('',#9231,#9231,#9233,.T.);
#9231 = VERTEX_POINT('',#9232);
#9232 = CARTESIAN_POINT('',(18.530562285484,-44.13445344892,39.65));
#9233 = SURFACE_CURVE('',#9234,(#9239,#9246),.PCURVE_S1.);
#9234 = CIRCLE('',#9235,12.);
#9235 = AXIS2_PLACEMENT_3D('',#9236,#9237,#9238);
#9236 = CARTESIAN_POINT('',(6.530562285484,-44.13445344892,39.65));
#9237 = DIRECTION('',(0.,0.,1.));
#9238 = DIRECTION('',(1.,0.,-0.));
#9239 = PCURVE('',#8611,#9240);
#9240 = DEFINITIONAL_REPRESENTATION('',(#9241),#9245);
#9241 = CIRCLE('',#9242,12.);
#9242 = AXIS2_PLACEMENT_2D('',#9243,#9244);
#9243 = CARTESIAN_POINT('',(6.530562285484,-44.13445344892));
#9244 = DIRECTION('',(1.,0.));
#9245 = ( GEOMETRIC_REPRESENTATION_CONTEXT(2) 
PARAMETRIC_REPRESENTATION_CONTEXT() REPRESENTATION_CONTEXT('2D SPACE',''
  ) );
#9246 = PCURVE('',#9247,#9252);
#9247 = CYLINDRICAL_SURFACE('',#9248,12.);
#9248 = AXIS2_PLACEMENT_3D('',#9249,#9250,#9251);
#9249 = CARTESIAN_POINT('',(6.530562285484,-44.13445344892,32.15));
#9250 = DIRECTION('',(0.,0.,1.));
#9251 = DIRECTION('',(1.,0.,-0.));
#9252 = DEFINITIONAL_REPRESENTATION('',(#9253),#9257);
#9253 = LINE('',#9254,#9255);
#9254 = CARTESIAN_POINT('',(0.,7.5));
#9255 = VECTOR('',#9256,1.);
#9256 = DIRECTION('',(1.,0.));
#9257 = ( GEOMETRIC_REPRESENTATION_CONTEXT(2) 
PARAMETRIC_REPRESENTATION_CONTEXT() REPRESENTATION_CONTEXT('2D SPACE',''
  ) );
#9258 = FACE_BOUND('',#9259,.T.);
#9259 = EDGE_LOOP('',(#9260));
#9260 = ORIENTED_EDGE('',*,*,#9261,.F.);
#9261 = EDGE_CURVE('',#9262,#9262,#9264,.T.);
#9262 = VERTEX_POINT('',#9263);
#9263 = CARTESIAN_POINT('',(28.5,-6.98048675514E-15,39.65));
#9264 = SURFACE_CURVE('',#9265,(#9270,#9277),.PCURVE_S1.);
#9265 = CIRCLE('',#9266,28.5);
#9266 = AXIS2_PLACEMENT_3D('',#9267,#9268,#9269);
#9267 = CARTESIAN_POINT('',(0.,0.,39.65));
#9268 = DIRECTION('',(0.,0.,1.));
#9269 = DIRECTION('',(1.,0.,-0.));
#9270 = PCURVE('',#8611,#9271);
#9271 = DEFINITIONAL_REPRESENTATION('',(#9272),#9276);
#9272 = CIRCLE('',#9273,28.5);
#9273 = AXIS2_PLACEMENT_2D('',#9274,#9275);
#9274 = CARTESIAN_POINT('',(0.,0.));
#9275 = DIRECTION('',(1.,0.));
#9276 = ( GEOMETRIC_REPRESENTATION_CONTEXT(2) 
PARAMETRIC_REPRESENTATION_CONTEXT() REPRESENTATION_CONTEXT('2D SPACE',''
  ) );
#9277 = PCURVE('',#9278,#9283);
#9278 = CYLINDRICAL_SURFACE('',#9279,28.5);
#9279 = AXIS2_PLACEMENT_3D('',#9280,#9281,#9282);
#9280 = CARTESIAN_POINT('',(0.,0.,32.15));
#9281 = DIRECTION('',(0.,0.,1.));
#9282 = DIRECTION('',(1.,0.,-0.));
#9283 = DEFINITIONAL_REPRESENTATION('',(#9284),#9288);
#9284 = LINE('',#9285,#9286);
#9285 = CARTESIAN_POINT('',(0.,7.5));
#9286 = VECTOR('',#9287,1.);
#9287 = DIRECTION('',(1.,0.));
#9288 = ( GEOMETRIC_REPRESENTATION_CONTEXT(2) 
PARAMETRIC_REPRESENTATION_CONTEXT() REPRESENTATION_CONTEXT('2D SPACE',''
  ) );
#9289 = FACE_BOUND('',#9290,.T.);
#9290 = EDGE_LOOP('',(#9291));
#9291 = ORIENTED_EDGE('',*,*,#8589,.F.);
#9292 = FACE_BOUND('',#9293,.T.);
#9293 = EDGE_LOOP('',(#9294));
#9294 = ORIENTED_EDGE('',*,*,#9295,.F.);
#9295 = EDGE_CURVE('',#9296,#9296,#9298,.T.);
#9296 = VERTEX_POINT('',#9297);
#9297 = CARTESIAN_POINT('',(-29.48683901165,16.411593884238,39.65));
#9298 = SURFACE_CURVE('',#9299,(#9304,#9311),.PCURVE_S1.);
#9299 = CIRCLE('',#9300,12.);
#9300 = AXIS2_PLACEMENT_3D('',#9301,#9302,#9303);
#9301 = CARTESIAN_POINT('',(-41.48683901165,16.411593884238,39.65));
#9302 = DIRECTION('',(0.,0.,1.));
#9303 = DIRECTION('',(1.,0.,-0.));
#9304 = PCURVE('',#8611,#9305);
#9305 = DEFINITIONAL_REPRESENTATION('',(#9306),#9310);
#9306 = CIRCLE('',#9307,12.);
#9307 = AXIS2_PLACEMENT_2D('',#9308,#9309);
#9308 = CARTESIAN_POINT('',(-41.48683901165,16.411593884238));
#9309 = DIRECTION('',(1.,0.));
#9310 = ( GEOMETRIC_REPRESENTATION_CONTEXT(2) 
PARAMETRIC_REPRESENTATION_CONTEXT() REPRESENTATION_CONTEXT('2D SPACE',''
  ) );
#9311 = PCURVE('',#9312,#9317);
#9312 = CYLINDRICAL_SURFACE('',#9313,12.);
#9313 = AXIS2_PLACEMENT_3D('',#9314,#9315,#9316);
#9314 = CARTESIAN_POINT('',(-41.48683901165,16.411593884238,32.15));
#9315 = DIRECTION('',(0.,0.,1.));
#9316 = DIRECTION('',(1.,0.,-0.));
#9317 = DEFINITIONAL_REPRESENTATION('',(#9318),#9322);
#9318 = LINE('',#9319,#9320);
#9319 = CARTESIAN_POINT('',(0.,7.5));
#9320 = VECTOR('',#9321,1.);
#9321 = DIRECTION('',(1.,0.));
#9322 = ( GEOMETRIC_REPRESENTATION_CONTEXT(2) 
PARAMETRIC_REPRESENTATION_CONTEXT() REPRESENTATION_CONTEXT('2D SPACE',''
  ) );
#9323 = FACE_BOUND('',#9324,.T.);
#9324 = EDGE_LOOP('',(#9325));
#9325 = ORIENTED_EDGE('',*,*,#9326,.F.);
#9326 = EDGE_CURVE('',#9327,#9327,#9329,.T.);
#9327 = VERTEX_POINT('',#9328);
#9328 = CARTESIAN_POINT('',(46.95627672617,27.722859564688,39.65));
#9329 = SURFACE_CURVE('',#9330,(#9335,#9342),.PCURVE_S1.);
#9330 = CIRCLE('',#9331,12.);
#9331 = AXIS2_PLACEMENT_3D('',#9332,#9333,#9334);
#9332 = CARTESIAN_POINT('',(34.95627672617,27.722859564688,39.65));
#9333 = DIRECTION('',(0.,0.,1.));
#9334 = DIRECTION('',(1.,0.,-0.));
#9335 = PCURVE('',#8611,#9336);
#9336 = DEFINITIONAL_REPRESENTATION('',(#9337),#9341);
#9337 = CIRCLE('',#9338,12.);
#9338 = AXIS2_PLACEMENT_2D('',#9339,#9340);
#9339 = CARTESIAN_POINT('',(34.95627672617,27.722859564688));
#9340 = DIRECTION('',(1.,0.));
#9341 = ( GEOMETRIC_REPRESENTATION_CONTEXT(2) 
PARAMETRIC_REPRESENTATION_CONTEXT() REPRESENTATION_CONTEXT('2D SPACE',''
  ) );
#9342 = PCURVE('',#9343,#9348);
#9343 = CYLINDRICAL_SURFACE('',#9344,12.);
#9344 = AXIS2_PLACEMENT_3D('',#9345,#9346,#9347);
#9345 = CARTESIAN_POINT('',(34.95627672617,27.722859564688,32.15));
#9346 = DIRECTION('',(0.,0.,1.));
#9347 = DIRECTION('',(1.,0.,-0.));
#9348 = DEFINITIONAL_REPRESENTATION('',(#9349),#9353);
#9349 = LINE('',#9350,#9351);
#9350 = CARTESIAN_POINT('',(0.,7.5));
#9351 = VECTOR('',#9352,1.);
#9352 = DIRECTION('',(1.,0.));
#9353 = ( GEOMETRIC_REPRESENTATION_CONTEXT(2) 
PARAMETRIC_REPRESENTATION_CONTEXT() REPRESENTATION_CONTEXT('2D SPACE',''
  ) );
#9354 = FACE_BOUND('',#9355,.T.);
#9355 = EDGE_LOOP('',(#9356));
#9356 = ORIENTED_EDGE('',*,*,#9357,.F.);
#9357 = EDGE_CURVE('',#9358,#9358,#9360,.T.);
#9358 = VERTEX_POINT('',#9359);
#9359 = CARTESIAN_POINT('',(8.2,49.53,39.65));
#9360 = SURFACE_CURVE('',#9361,(#9366,#9373),.PCURVE_S1.);
#9361 = CIRCLE('',#9362,8.2);
#9362 = AXIS2_PLACEMENT_3D('',#9363,#9364,#9365);
#9363 = CARTESIAN_POINT('',(3.032837798088E-15,49.53,39.65));
#9364 = DIRECTION('',(0.,0.,1.));
#9365 = DIRECTION('',(1.,0.,-0.));
#9366 = PCURVE('',#8611,#9367);
#9367 = DEFINITIONAL_REPRESENTATION('',(#9368),#9372);
#9368 = CIRCLE('',#9369,8.2);
#9369 = AXIS2_PLACEMENT_2D('',#9370,#9371);
#9370 = CARTESIAN_POINT('',(3.032837798088E-15,49.53));
#9371 = DIRECTION('',(1.,0.));
#9372 = ( GEOMETRIC_REPRESENTATION_CONTEXT(2) 
PARAMETRIC_REPRESENTATION_CONTEXT() REPRESENTATION_CONTEXT('2D SPACE',''
  ) );
#9373 = PCURVE('',#9374,#9379);
#9374 = TOROIDAL_SURFACE('',#9375,8.2,2.);
#9375 = AXIS2_PLACEMENT_3D('',#9376,#9377,#9378);
#9376 = CARTESIAN_POINT('',(3.032837798088E-15,49.53,41.65));
#9377 = DIRECTION('',(-0.,-0.,-1.));
#9378 = DIRECTION('',(1.,0.,-0.));
#9379 = DEFINITIONAL_REPRESENTATION('',(#9380),#9384);
#9380 = LINE('',#9381,#9382);
#9381 = CARTESIAN_POINT('',(-0.,1.570796326795));
#9382 = VECTOR('',#9383,1.);
#9383 = DIRECTION('',(-1.,0.));
#9384 = ( GEOMETRIC_REPRESENTATION_CONTEXT(2) 
PARAMETRIC_REPRESENTATION_CONTEXT() REPRESENTATION_CONTEXT('2D SPACE',''
  ) );
#9385 = ADVANCED_FACE('',(#9386),#8662,.T.);
#9386 = FACE_BOUND('',#9387,.T.);
#9387 = EDGE_LOOP('',(#9388,#9389,#9412,#9439));
#9388 = ORIENTED_EDGE('',*,*,#8647,.T.);
#9389 = ORIENTED_EDGE('',*,*,#9390,.T.);
#9390 = EDGE_CURVE('',#8624,#9391,#9393,.T.);
#9391 = VERTEX_POINT('',#9392);
#9392 = CARTESIAN_POINT('',(49.094238249443,-24.765,48.55));
#9393 = SEAM_CURVE('',#9394,(#9398,#9405),.PCURVE_S1.);
#9394 = LINE('',#9395,#9396);
#9395 = CARTESIAN_POINT('',(49.094238249443,-24.765,33.15));
#9396 = VECTOR('',#9397,1.);
#9397 = DIRECTION('',(0.,0.,1.));
#9398 = PCURVE('',#8662,#9399);
#9399 = DEFINITIONAL_REPRESENTATION('',(#9400),#9404);
#9400 = LINE('',#9401,#9402);
#9401 = CARTESIAN_POINT('',(0.,-0.));
#9402 = VECTOR('',#9403,1.);
#9403 = DIRECTION('',(0.,1.));
#9404 = ( GEOMETRIC_REPRESENTATION_CONTEXT(2) 
PARAMETRIC_REPRESENTATION_CONTEXT() REPRESENTATION_CONTEXT('2D SPACE',''
  ) );
#9405 = PCURVE('',#8662,#9406);
#9406 = DEFINITIONAL_REPRESENTATION('',(#9407),#9411);
#9407 = LINE('',#9408,#9409);
#9408 = CARTESIAN_POINT('',(6.28318530718,-0.));
#9409 = VECTOR('',#9410,1.);
#9410 = DIRECTION('',(0.,1.));
#9411 = ( GEOMETRIC_REPRESENTATION_CONTEXT(2) 
PARAMETRIC_REPRESENTATION_CONTEXT() REPRESENTATION_CONTEXT('2D SPACE',''
  ) );
#9412 = ORIENTED_EDGE('',*,*,#9413,.F.);
#9413 = EDGE_CURVE('',#9391,#9391,#9414,.T.);
#9414 = SURFACE_CURVE('',#9415,(#9420,#9427),.PCURVE_S1.);
#9415 = CIRCLE('',#9416,6.2);
#9416 = AXIS2_PLACEMENT_3D('',#9417,#9418,#9419);
#9417 = CARTESIAN_POINT('',(42.894238249443,-24.765,48.55));
#9418 = DIRECTION('',(0.,0.,1.));
#9419 = DIRECTION('',(1.,0.,-0.));
#9420 = PCURVE('',#8662,#9421);
#9421 = DEFINITIONAL_REPRESENTATION('',(#9422),#9426);
#9422 = LINE('',#9423,#9424);
#9423 = CARTESIAN_POINT('',(0.,15.4));
#9424 = VECTOR('',#9425,1.);
#9425 = DIRECTION('',(1.,0.));
#9426 = ( GEOMETRIC_REPRESENTATION_CONTEXT(2) 
PARAMETRIC_REPRESENTATION_CONTEXT() REPRESENTATION_CONTEXT('2D SPACE',''
  ) );
#9427 = PCURVE('',#9428,#9433);
#9428 = PLANE('',#9429);
#9429 = AXIS2_PLACEMENT_3D('',#9430,#9431,#9432);
#9430 = CARTESIAN_POINT('',(42.894238249443,-24.765,48.55));
#9431 = DIRECTION('',(0.,0.,1.));
#9432 = DIRECTION('',(1.,0.,-0.));
#9433 = DEFINITIONAL_REPRESENTATION('',(#9434),#9438);
#9434 = CIRCLE('',#9435,6.2);
#9435 = AXIS2_PLACEMENT_2D('',#9436,#9437);
#9436 = CARTESIAN_POINT('',(0.,0.));
#9437 = DIRECTION('',(1.,0.));
#9438 = ( GEOMETRIC_REPRESENTATION_CONTEXT(2) 
PARAMETRIC_REPRESENTATION_CONTEXT() REPRESENTATION_CONTEXT('2D SPACE',''
  ) );
#9439 = ORIENTED_EDGE('',*,*,#9390,.F.);
#9440 = ADVANCED_FACE('',(#9441),#8701,.T.);
#9441 = FACE_BOUND('',#9442,.T.);
#9442 = EDGE_LOOP('',(#9443,#9464,#9493,#9512));
#9443 = ORIENTED_EDGE('',*,*,#9444,.F.);
#9444 = EDGE_CURVE('',#9445,#8681,#9447,.T.);
#9445 = VERTEX_POINT('',#9446);
#9446 = CARTESIAN_POINT('',(-8.834798785303,60.083934877995,33.15));
#9447 = SURFACE_CURVE('',#9448,(#9452,#9458),.PCURVE_S1.);
#9448 = LINE('',#9449,#9450);
#9449 = CARTESIAN_POINT('',(-8.834798785303,60.083934877996,33.15));
#9450 = VECTOR('',#9451,1.);
#9451 = DIRECTION('',(0.,0.,1.));
#9452 = PCURVE('',#8701,#9453);
#9453 = DEFINITIONAL_REPRESENTATION('',(#9454),#9457);
#9454 = B_SPLINE_CURVE_WITH_KNOTS('',1,(#9455,#9456),.UNSPECIFIED.,.F.,
  .F.,(2,2),(0.,6.5),.PIECEWISE_BEZIER_KNOTS.);
#9455 = CARTESIAN_POINT('',(1.716791088002,0.));
#9456 = CARTESIAN_POINT('',(1.716791088002,6.5));
#9457 = ( GEOMETRIC_REPRESENTATION_CONTEXT(2) 
PARAMETRIC_REPRESENTATION_CONTEXT() REPRESENTATION_CONTEXT('2D SPACE',''
  ) );
#9458 = PCURVE('',#9185,#9459);
#9459 = DEFINITIONAL_REPRESENTATION('',(#9460),#9463);
#9460 = B_SPLINE_CURVE_WITH_KNOTS('',1,(#9461,#9462),.UNSPECIFIED.,.F.,
  .F.,(2,2),(-5.999999999062E-07,6.5000006),.PIECEWISE_BEZIER_KNOTS.);
#9461 = CARTESIAN_POINT('',(24.933665619686,5.999999999062E-07));
#9462 = CARTESIAN_POINT('',(24.933665619686,-6.5000006));
#9463 = ( GEOMETRIC_REPRESENTATION_CONTEXT(2) 
PARAMETRIC_REPRESENTATION_CONTEXT() REPRESENTATION_CONTEXT('2D SPACE',''
  ) );
#9464 = ORIENTED_EDGE('',*,*,#9465,.T.);
#9465 = EDGE_CURVE('',#9445,#9466,#9468,.T.);
#9466 = VERTEX_POINT('',#9467);
#9467 = CARTESIAN_POINT('',(-56.45161335632,-22.3908072536,33.15));
#9468 = SURFACE_CURVE('',#9469,(#9474,#9481),.PCURVE_S1.);
#9469 = CIRCLE('',#9470,60.73);
#9470 = AXIS2_PLACEMENT_3D('',#9471,#9472,#9473);
#9471 = CARTESIAN_POINT('',(0.,0.,33.15));
#9472 = DIRECTION('',(0.,0.,1.));
#9473 = DIRECTION('',(-0.145476680147,0.98936168085,0.));
#9474 = PCURVE('',#8701,#9475);
#9475 = DEFINITIONAL_REPRESENTATION('',(#9476),#9480);
#9476 = LINE('',#9477,#9478);
#9477 = CARTESIAN_POINT('',(1.716791088002,0.));
#9478 = VECTOR('',#9479,1.);
#9479 = DIRECTION('',(1.,0.));
#9480 = ( GEOMETRIC_REPRESENTATION_CONTEXT(2) 
PARAMETRIC_REPRESENTATION_CONTEXT() REPRESENTATION_CONTEXT('2D SPACE',''
  ) );
#9481 = PCURVE('',#9482,#9487);
#9482 = PLANE('',#9483);
#9483 = AXIS2_PLACEMENT_3D('',#9484,#9485,#9486);
#9484 = CARTESIAN_POINT('',(-58.01520491749,-33.4950941762,33.15));
#9485 = DIRECTION('',(0.,0.,1.));
#9486 = DIRECTION('',(1.,0.,-0.));
#9487 = DEFINITIONAL_REPRESENTATION('',(#9488),#9492);
#9488 = CIRCLE('',#9489,60.73);
#9489 = AXIS2_PLACEMENT_2D('',#9490,#9491);
#9490 = CARTESIAN_POINT('',(58.015204917493,33.495094176206));
#9491 = DIRECTION('',(-0.145476680147,0.98936168085));
#9492 = ( GEOMETRIC_REPRESENTATION_CONTEXT(2) 
PARAMETRIC_REPRESENTATION_CONTEXT() REPRESENTATION_CONTEXT('2D SPACE',''
  ) );
#9493 = ORIENTED_EDGE('',*,*,#9494,.T.);
#9494 = EDGE_CURVE('',#9466,#8679,#9495,.T.);
#9495 = SURFACE_CURVE('',#9496,(#9500,#9506),.PCURVE_S1.);
#9496 = LINE('',#9497,#9498);
#9497 = CARTESIAN_POINT('',(-56.45161335632,-22.3908072536,33.15));
#9498 = VECTOR('',#9499,1.);
#9499 = DIRECTION('',(0.,0.,1.));
#9500 = PCURVE('',#8701,#9501);
#9501 = DEFINITIONAL_REPRESENTATION('',(#9502),#9505);
#9502 = B_SPLINE_CURVE_WITH_KNOTS('',1,(#9503,#9504),.UNSPECIFIED.,.F.,
  .F.,(2,2),(-5.999999999062E-07,6.5000006),.PIECEWISE_BEZIER_KNOTS.);
#9503 = CARTESIAN_POINT('',(3.519196667981,-5.999999999062E-07));
#9504 = CARTESIAN_POINT('',(3.519196667981,6.5000006));
#9505 = ( GEOMETRIC_REPRESENTATION_CONTEXT(2) 
PARAMETRIC_REPRESENTATION_CONTEXT() REPRESENTATION_CONTEXT('2D SPACE',''
  ) );
#9506 = PCURVE('',#8729,#9507);
#9507 = DEFINITIONAL_REPRESENTATION('',(#9508),#9511);
#9508 = B_SPLINE_CURVE_WITH_KNOTS('',1,(#9509,#9510),.UNSPECIFIED.,.F.,
  .F.,(2,2),(-5.999999999062E-07,6.5000006),.PIECEWISE_BEZIER_KNOTS.);
#9509 = CARTESIAN_POINT('',(9.379364339791,5.999999999062E-07));
#9510 = CARTESIAN_POINT('',(9.379364339791,-6.5000006));
#9511 = ( GEOMETRIC_REPRESENTATION_CONTEXT(2) 
PARAMETRIC_REPRESENTATION_CONTEXT() REPRESENTATION_CONTEXT('2D SPACE',''
  ) );
#9512 = ORIENTED_EDGE('',*,*,#8678,.T.);
#9513 = ADVANCED_FACE('',(#9514),#8729,.F.);
#9514 = FACE_BOUND('',#9515,.F.);
#9515 = EDGE_LOOP('',(#9516,#9539,#9540,#9541));
#9516 = ORIENTED_EDGE('',*,*,#9517,.F.);
#9517 = EDGE_CURVE('',#9466,#9518,#9520,.T.);
#9518 = VERTEX_POINT('',#9519);
#9519 = CARTESIAN_POINT('',(-77.06885805148,-36.4128221735,33.15));
#9520 = SURFACE_CURVE('',#9521,(#9525,#9532),.PCURVE_S1.);
#9521 = LINE('',#9522,#9523);
#9522 = CARTESIAN_POINT('',(-48.69596873398,-17.11610802895,33.15));
#9523 = VECTOR('',#9524,1.);
#9524 = DIRECTION('',(-0.82688382084,-0.562372782798,0.));
#9525 = PCURVE('',#8729,#9526);
#9526 = DEFINITIONAL_REPRESENTATION('',(#9527),#9531);
#9527 = LINE('',#9528,#9529);
#9528 = CARTESIAN_POINT('',(0.,0.));
#9529 = VECTOR('',#9530,1.);
#9530 = DIRECTION('',(1.,0.));
#9531 = ( GEOMETRIC_REPRESENTATION_CONTEXT(2) 
PARAMETRIC_REPRESENTATION_CONTEXT() REPRESENTATION_CONTEXT('2D SPACE',''
  ) );
#9532 = PCURVE('',#9482,#9533);
#9533 = DEFINITIONAL_REPRESENTATION('',(#9534),#9538);
#9534 = LINE('',#9535,#9536);
#9535 = CARTESIAN_POINT('',(9.319236183508,16.378986147253));
#9536 = VECTOR('',#9537,1.);
#9537 = DIRECTION('',(-0.82688382084,-0.562372782798));
#9538 = ( GEOMETRIC_REPRESENTATION_CONTEXT(2) 
PARAMETRIC_REPRESENTATION_CONTEXT() REPRESENTATION_CONTEXT('2D SPACE',''
  ) );
#9539 = ORIENTED_EDGE('',*,*,#9494,.T.);
#9540 = ORIENTED_EDGE('',*,*,#8713,.T.);
#9541 = ORIENTED_EDGE('',*,*,#9542,.F.);
#9542 = EDGE_CURVE('',#9518,#8714,#9543,.T.);
#9543 = SURFACE_CURVE('',#9544,(#9548,#9555),.PCURVE_S1.);
#9544 = LINE('',#9545,#9546);
#9545 = CARTESIAN_POINT('',(-77.06885805148,-36.4128221735,33.15));
#9546 = VECTOR('',#9547,1.);
#9547 = DIRECTION('',(0.,0.,1.));
#9548 = PCURVE('',#8729,#9549);
#9549 = DEFINITIONAL_REPRESENTATION('',(#9550),#9554);
#9550 = LINE('',#9551,#9552);
#9551 = CARTESIAN_POINT('',(34.313029959477,0.));
#9552 = VECTOR('',#9553,1.);
#9553 = DIRECTION('',(0.,-1.));
#9554 = ( GEOMETRIC_REPRESENTATION_CONTEXT(2) 
PARAMETRIC_REPRESENTATION_CONTEXT() REPRESENTATION_CONTEXT('2D SPACE',''
  ) );
#9555 = PCURVE('',#9556,#9561);
#9556 = PLANE('',#9557);
#9557 = AXIS2_PLACEMENT_3D('',#9558,#9559,#9560);
#9558 = CARTESIAN_POINT('',(-77.06885805148,-36.4128221735,33.15));
#9559 = DIRECTION('',(0.866025403784,0.5,-0.));
#9560 = DIRECTION('',(0.5,-0.866025403784,0.));
#9561 = DEFINITIONAL_REPRESENTATION('',(#9562),#9566);
#9562 = LINE('',#9563,#9564);
#9563 = CARTESIAN_POINT('',(0.,0.));
#9564 = VECTOR('',#9565,1.);
#9565 = DIRECTION('',(0.,-1.));
#9566 = ( GEOMETRIC_REPRESENTATION_CONTEXT(2) 
PARAMETRIC_REPRESENTATION_CONTEXT() REPRESENTATION_CONTEXT('2D SPACE',''
  ) );
#9567 = ADVANCED_FACE('',(#9568),#9185,.F.);
#9568 = FACE_BOUND('',#9569,.F.);
#9569 = EDGE_LOOP('',(#9570,#9593,#9619,#9620));
#9570 = ORIENTED_EDGE('',*,*,#9571,.F.);
#9571 = EDGE_CURVE('',#9572,#9445,#9574,.T.);
#9572 = VERTEX_POINT('',#9573);
#9573 = CARTESIAN_POINT('',(-7.,84.95,33.15));
#9574 = SURFACE_CURVE('',#9575,(#9579,#9586),.PCURVE_S1.);
#9575 = LINE('',#9576,#9577);
#9576 = CARTESIAN_POINT('',(-7.,84.95,33.15));
#9577 = VECTOR('',#9578,1.);
#9578 = DIRECTION('',(-7.358720588016E-02,-0.997288786225,0.));
#9579 = PCURVE('',#9185,#9580);
#9580 = DEFINITIONAL_REPRESENTATION('',(#9581),#9585);
#9581 = LINE('',#9582,#9583);
#9582 = CARTESIAN_POINT('',(0.,0.));
#9583 = VECTOR('',#9584,1.);
#9584 = DIRECTION('',(1.,0.));
#9585 = ( GEOMETRIC_REPRESENTATION_CONTEXT(2) 
PARAMETRIC_REPRESENTATION_CONTEXT() REPRESENTATION_CONTEXT('2D SPACE',''
  ) );
#9586 = PCURVE('',#9482,#9587);
#9587 = DEFINITIONAL_REPRESENTATION('',(#9588),#9592);
#9588 = LINE('',#9589,#9590);
#9589 = CARTESIAN_POINT('',(51.015204917493,118.4450941762));
#9590 = VECTOR('',#9591,1.);
#9591 = DIRECTION('',(-7.358720588016E-02,-0.997288786225));
#9592 = ( GEOMETRIC_REPRESENTATION_CONTEXT(2) 
PARAMETRIC_REPRESENTATION_CONTEXT() REPRESENTATION_CONTEXT('2D SPACE',''
  ) );
#9593 = ORIENTED_EDGE('',*,*,#9594,.T.);
#9594 = EDGE_CURVE('',#9572,#9144,#9595,.T.);
#9595 = SURFACE_CURVE('',#9596,(#9600,#9607),.PCURVE_S1.);
#9596 = LINE('',#9597,#9598);
#9597 = CARTESIAN_POINT('',(-7.,84.95,33.15));
#9598 = VECTOR('',#9599,1.);
#9599 = DIRECTION('',(0.,0.,1.));
#9600 = PCURVE('',#9185,#9601);
#9601 = DEFINITIONAL_REPRESENTATION('',(#9602),#9606);
#9602 = LINE('',#9603,#9604);
#9603 = CARTESIAN_POINT('',(0.,0.));
#9604 = VECTOR('',#9605,1.);
#9605 = DIRECTION('',(0.,-1.));
#9606 = ( GEOMETRIC_REPRESENTATION_CONTEXT(2) 
PARAMETRIC_REPRESENTATION_CONTEXT() REPRESENTATION_CONTEXT('2D SPACE',''
  ) );
#9607 = PCURVE('',#9608,#9613);
#9608 = PLANE('',#9609);
#9609 = AXIS2_PLACEMENT_3D('',#9610,#9611,#9612);
#9610 = CARTESIAN_POINT('',(7.,84.95,33.15));
#9611 = DIRECTION('',(0.,-1.,0.));
#9612 = DIRECTION('',(-1.,0.,0.));
#9613 = DEFINITIONAL_REPRESENTATION('',(#9614),#9618);
#9614 = LINE('',#9615,#9616);
#9615 = CARTESIAN_POINT('',(14.,0.));
#9616 = VECTOR('',#9617,1.);
#9617 = DIRECTION('',(0.,-1.));
#9618 = ( GEOMETRIC_REPRESENTATION_CONTEXT(2) 
PARAMETRIC_REPRESENTATION_CONTEXT() REPRESENTATION_CONTEXT('2D SPACE',''
  ) );
#9619 = ORIENTED_EDGE('',*,*,#9171,.T.);
#9620 = ORIENTED_EDGE('',*,*,#9444,.F.);
#9621 = ADVANCED_FACE('',(#9622),#8757,.F.);
#9622 = FACE_BOUND('',#9623,.F.);
#9623 = EDGE_LOOP('',(#9624,#9648,#9676,#9704,#9725));
#9624 = ORIENTED_EDGE('',*,*,#9625,.F.);
#9625 = EDGE_CURVE('',#9626,#8742,#9628,.T.);
#9626 = VERTEX_POINT('',#9627);
#9627 = CARTESIAN_POINT('',(-70.14065482121,-32.4128221735,42.65));
#9628 = SURFACE_CURVE('',#9629,(#9634,#9641),.PCURVE_S1.);
#9629 = CIRCLE('',#9630,3.);
#9630 = AXIS2_PLACEMENT_3D('',#9631,#9632,#9633);
#9631 = CARTESIAN_POINT('',(-67.54257860985,-30.9128221735,42.65));
#9632 = DIRECTION('',(0.5,-0.866025403784,0.));
#9633 = DIRECTION('',(0.,0.,1.));
#9634 = PCURVE('',#8757,#9635);
#9635 = DEFINITIONAL_REPRESENTATION('',(#9636),#9640);
#9636 = CIRCLE('',#9637,3.);
#9637 = AXIS2_PLACEMENT_2D('',#9638,#9639);
#9638 = CARTESIAN_POINT('',(3.01,0.));
#9639 = DIRECTION('',(1.,0.));
#9640 = ( GEOMETRIC_REPRESENTATION_CONTEXT(2) 
PARAMETRIC_REPRESENTATION_CONTEXT() REPRESENTATION_CONTEXT('2D SPACE',''
  ) );
#9641 = PCURVE('',#8785,#9642);
#9642 = DEFINITIONAL_REPRESENTATION('',(#9643),#9647);
#9643 = LINE('',#9644,#9645);
#9644 = CARTESIAN_POINT('',(0.,1.));
#9645 = VECTOR('',#9646,1.);
#9646 = DIRECTION('',(1.,0.));
#9647 = ( GEOMETRIC_REPRESENTATION_CONTEXT(2) 
PARAMETRIC_REPRESENTATION_CONTEXT() REPRESENTATION_CONTEXT('2D SPACE',''
  ) );
#9648 = ORIENTED_EDGE('',*,*,#9649,.T.);
#9649 = EDGE_CURVE('',#9626,#9650,#9652,.T.);
#9650 = VERTEX_POINT('',#9651);
#9651 = CARTESIAN_POINT('',(-70.14065482121,-32.4128221735,61.25));
#9652 = SURFACE_CURVE('',#9653,(#9657,#9664),.PCURVE_S1.);
#9653 = LINE('',#9654,#9655);
#9654 = CARTESIAN_POINT('',(-70.14065482121,-32.4128221735,33.15));
#9655 = VECTOR('',#9656,1.);
#9656 = DIRECTION('',(0.,0.,1.));
#9657 = PCURVE('',#8757,#9658);
#9658 = DEFINITIONAL_REPRESENTATION('',(#9659),#9663);
#9659 = LINE('',#9660,#9661);
#9660 = CARTESIAN_POINT('',(-6.49,3.));
#9661 = VECTOR('',#9662,1.);
#9662 = DIRECTION('',(1.,0.));
#9663 = ( GEOMETRIC_REPRESENTATION_CONTEXT(2) 
PARAMETRIC_REPRESENTATION_CONTEXT() REPRESENTATION_CONTEXT('2D SPACE',''
  ) );
#9664 = PCURVE('',#9665,#9670);
#9665 = PLANE('',#9666);
#9666 = AXIS2_PLACEMENT_3D('',#9667,#9668,#9669);
#9667 = CARTESIAN_POINT('',(-63.14065482121,-44.53717782649,33.15));
#9668 = DIRECTION('',(-0.866025403784,-0.5,0.));
#9669 = DIRECTION('',(-0.5,0.866025403784,0.));
#9670 = DEFINITIONAL_REPRESENTATION('',(#9671),#9675);
#9671 = LINE('',#9672,#9673);
#9672 = CARTESIAN_POINT('',(14.,0.));
#9673 = VECTOR('',#9674,1.);
#9674 = DIRECTION('',(0.,-1.));
#9675 = ( GEOMETRIC_REPRESENTATION_CONTEXT(2) 
PARAMETRIC_REPRESENTATION_CONTEXT() REPRESENTATION_CONTEXT('2D SPACE',''
  ) );
#9676 = ORIENTED_EDGE('',*,*,#9677,.T.);
#9677 = EDGE_CURVE('',#9650,#9678,#9680,.T.);
#9678 = VERTEX_POINT('',#9679);
#9679 = CARTESIAN_POINT('',(-77.06885805148,-36.4128221735,61.25));
#9680 = SURFACE_CURVE('',#9681,(#9685,#9692),.PCURVE_S1.);
#9681 = LINE('',#9682,#9683);
#9682 = CARTESIAN_POINT('',(-70.14065482121,-32.4128221735,61.25));
#9683 = VECTOR('',#9684,1.);
#9684 = DIRECTION('',(-0.866025403784,-0.5,0.));
#9685 = PCURVE('',#8757,#9686);
#9686 = DEFINITIONAL_REPRESENTATION('',(#9687),#9691);
#9687 = LINE('',#9688,#9689);
#9688 = CARTESIAN_POINT('',(21.61,3.));
#9689 = VECTOR('',#9690,1.);
#9690 = DIRECTION('',(0.,1.));
#9691 = ( GEOMETRIC_REPRESENTATION_CONTEXT(2) 
PARAMETRIC_REPRESENTATION_CONTEXT() REPRESENTATION_CONTEXT('2D SPACE',''
  ) );
#9692 = PCURVE('',#9693,#9698);
#9693 = PLANE('',#9694);
#9694 = AXIS2_PLACEMENT_3D('',#9695,#9696,#9697);
#9695 = CARTESIAN_POINT('',(-70.10475643635,-40.475,61.25));
#9696 = DIRECTION('',(0.,0.,1.));
#9697 = DIRECTION('',(1.,0.,-0.));
#9698 = DEFINITIONAL_REPRESENTATION('',(#9699),#9703);
#9699 = LINE('',#9700,#9701);
#9700 = CARTESIAN_POINT('',(-3.589838486224E-02,8.062177826491));
#9701 = VECTOR('',#9702,1.);
#9702 = DIRECTION('',(-0.866025403784,-0.5));
#9703 = ( GEOMETRIC_REPRESENTATION_CONTEXT(2) 
PARAMETRIC_REPRESENTATION_CONTEXT() REPRESENTATION_CONTEXT('2D SPACE',''
  ) );
#9704 = ORIENTED_EDGE('',*,*,#9705,.F.);
#9705 = EDGE_CURVE('',#8714,#9678,#9706,.T.);
#9706 = SURFACE_CURVE('',#9707,(#9711,#9718),.PCURVE_S1.);
#9707 = LINE('',#9708,#9709);
#9708 = CARTESIAN_POINT('',(-77.06885805148,-36.4128221735,33.15));
#9709 = VECTOR('',#9710,1.);
#9710 = DIRECTION('',(0.,0.,1.));
#9711 = PCURVE('',#8757,#9712);
#9712 = DEFINITIONAL_REPRESENTATION('',(#9713),#9717);
#9713 = LINE('',#9714,#9715);
#9714 = CARTESIAN_POINT('',(-6.49,11.));
#9715 = VECTOR('',#9716,1.);
#9716 = DIRECTION('',(1.,0.));
#9717 = ( GEOMETRIC_REPRESENTATION_CONTEXT(2) 
PARAMETRIC_REPRESENTATION_CONTEXT() REPRESENTATION_CONTEXT('2D SPACE',''
  ) );
#9718 = PCURVE('',#9556,#9719);
#9719 = DEFINITIONAL_REPRESENTATION('',(#9720),#9724);
#9720 = LINE('',#9721,#9722);
#9721 = CARTESIAN_POINT('',(0.,0.));
#9722 = VECTOR('',#9723,1.);
#9723 = DIRECTION('',(0.,-1.));
#9724 = ( GEOMETRIC_REPRESENTATION_CONTEXT(2) 
PARAMETRIC_REPRESENTATION_CONTEXT() REPRESENTATION_CONTEXT('2D SPACE',''
  ) );
#9725 = ORIENTED_EDGE('',*,*,#8741,.T.);
#9726 = ADVANCED_FACE('',(#9727),#9159,.F.);
#9727 = FACE_BOUND('',#9728,.F.);
#9728 = EDGE_LOOP('',(#9729,#9759,#9785,#9786,#9809));
#9729 = ORIENTED_EDGE('',*,*,#9730,.F.);
#9730 = EDGE_CURVE('',#9731,#9733,#9735,.T.);
#9731 = VERTEX_POINT('',#9732);
#9732 = CARTESIAN_POINT('',(-7.,76.95,42.65));
#9733 = VERTEX_POINT('',#9734);
#9734 = CARTESIAN_POINT('',(-7.,76.95,61.25));
#9735 = SURFACE_CURVE('',#9736,(#9740,#9747),.PCURVE_S1.);
#9736 = LINE('',#9737,#9738);
#9737 = CARTESIAN_POINT('',(-7.,76.95,33.15));
#9738 = VECTOR('',#9739,1.);
#9739 = DIRECTION('',(0.,0.,1.));
#9740 = PCURVE('',#9159,#9741);
#9741 = DEFINITIONAL_REPRESENTATION('',(#9742),#9746);
#9742 = LINE('',#9743,#9744);
#9743 = CARTESIAN_POINT('',(8.,0.));
#9744 = VECTOR('',#9745,1.);
#9745 = DIRECTION('',(0.,-1.));
#9746 = ( GEOMETRIC_REPRESENTATION_CONTEXT(2) 
PARAMETRIC_REPRESENTATION_CONTEXT() REPRESENTATION_CONTEXT('2D SPACE',''
  ) );
#9747 = PCURVE('',#9748,#9753);
#9748 = PLANE('',#9749);
#9749 = AXIS2_PLACEMENT_3D('',#9750,#9751,#9752);
#9750 = CARTESIAN_POINT('',(-7.,76.95,33.15));
#9751 = DIRECTION('',(0.,1.,0.));
#9752 = DIRECTION('',(1.,0.,0.));
#9753 = DEFINITIONAL_REPRESENTATION('',(#9754),#9758);
#9754 = LINE('',#9755,#9756);
#9755 = CARTESIAN_POINT('',(0.,0.));
#9756 = VECTOR('',#9757,1.);
#9757 = DIRECTION('',(0.,-1.));
#9758 = ( GEOMETRIC_REPRESENTATION_CONTEXT(2) 
PARAMETRIC_REPRESENTATION_CONTEXT() REPRESENTATION_CONTEXT('2D SPACE',''
  ) );
#9759 = ORIENTED_EDGE('',*,*,#9760,.T.);
#9760 = EDGE_CURVE('',#9731,#9116,#9761,.T.);
#9761 = SURFACE_CURVE('',#9762,(#9767,#9778),.PCURVE_S1.);
#9762 = CIRCLE('',#9763,3.);
#9763 = AXIS2_PLACEMENT_3D('',#9764,#9765,#9766);
#9764 = CARTESIAN_POINT('',(-7.,73.95,42.65));
#9765 = DIRECTION('',(-1.,1.110223024625E-16,0.));
#9766 = DIRECTION('',(0.,0.,1.));
#9767 = PCURVE('',#9159,#9768);
#9768 = DEFINITIONAL_REPRESENTATION('',(#9769),#9777);
#9769 = ( BOUNDED_CURVE() B_SPLINE_CURVE(2,(#9770,#9771,#9772,#9773,
#9774,#9775,#9776),.UNSPECIFIED.,.T.,.F.) B_SPLINE_CURVE_WITH_KNOTS((1,2
    ,2,2,2,1),(-2.094395102393,0.,2.094395102393,4.188790204786,
6.28318530718,8.377580409573),.UNSPECIFIED.) CURVE() 
GEOMETRIC_REPRESENTATION_ITEM() RATIONAL_B_SPLINE_CURVE((1.,0.5,1.,0.5,
1.,0.5,1.)) REPRESENTATION_ITEM('') );
#9770 = CARTESIAN_POINT('',(11.,-12.5));
#9771 = CARTESIAN_POINT('',(5.803847577293,-12.5));
#9772 = CARTESIAN_POINT('',(8.401923788647,-8.));
#9773 = CARTESIAN_POINT('',(11.,-3.5));
#9774 = CARTESIAN_POINT('',(13.598076211353,-8.));
#9775 = CARTESIAN_POINT('',(16.196152422707,-12.5));
#9776 = CARTESIAN_POINT('',(11.,-12.5));
#9777 = ( GEOMETRIC_REPRESENTATION_CONTEXT(2) 
PARAMETRIC_REPRESENTATION_CONTEXT() REPRESENTATION_CONTEXT('2D SPACE',''
  ) );
#9778 = PCURVE('',#9131,#9779);
#9779 = DEFINITIONAL_REPRESENTATION('',(#9780),#9784);
#9780 = LINE('',#9781,#9782);
#9781 = CARTESIAN_POINT('',(0.,15.));
#9782 = VECTOR('',#9783,1.);
#9783 = DIRECTION('',(1.,0.));
#9784 = ( GEOMETRIC_REPRESENTATION_CONTEXT(2) 
PARAMETRIC_REPRESENTATION_CONTEXT() REPRESENTATION_CONTEXT('2D SPACE',''
  ) );
#9785 = ORIENTED_EDGE('',*,*,#9143,.T.);
#9786 = ORIENTED_EDGE('',*,*,#9787,.T.);
#9787 = EDGE_CURVE('',#9144,#9788,#9790,.T.);
#9788 = VERTEX_POINT('',#9789);
#9789 = CARTESIAN_POINT('',(-7.,84.95,61.25));
#9790 = SURFACE_CURVE('',#9791,(#9795,#9802),.PCURVE_S1.);
#9791 = LINE('',#9792,#9793);
#9792 = CARTESIAN_POINT('',(-7.,84.95,33.15));
#9793 = VECTOR('',#9794,1.);
#9794 = DIRECTION('',(0.,0.,1.));
#9795 = PCURVE('',#9159,#9796);
#9796 = DEFINITIONAL_REPRESENTATION('',(#9797),#9801);
#9797 = LINE('',#9798,#9799);
#9798 = CARTESIAN_POINT('',(0.,0.));
#9799 = VECTOR('',#9800,1.);
#9800 = DIRECTION('',(0.,-1.));
#9801 = ( GEOMETRIC_REPRESENTATION_CONTEXT(2) 
PARAMETRIC_REPRESENTATION_CONTEXT() REPRESENTATION_CONTEXT('2D SPACE',''
  ) );
#9802 = PCURVE('',#9608,#9803);
#9803 = DEFINITIONAL_REPRESENTATION('',(#9804),#9808);
#9804 = LINE('',#9805,#9806);
#9805 = CARTESIAN_POINT('',(14.,0.));
#9806 = VECTOR('',#9807,1.);
#9807 = DIRECTION('',(0.,-1.));
#9808 = ( GEOMETRIC_REPRESENTATION_CONTEXT(2) 
PARAMETRIC_REPRESENTATION_CONTEXT() REPRESENTATION_CONTEXT('2D SPACE',''
  ) );
#9809 = ORIENTED_EDGE('',*,*,#9810,.T.);
#9810 = EDGE_CURVE('',#9788,#9733,#9811,.T.);
#9811 = SURFACE_CURVE('',#9812,(#9816,#9823),.PCURVE_S1.);
#9812 = LINE('',#9813,#9814);
#9813 = CARTESIAN_POINT('',(-7.,84.95,61.25));
#9814 = VECTOR('',#9815,1.);
#9815 = DIRECTION('',(-1.110223024625E-16,-1.,0.));
#9816 = PCURVE('',#9159,#9817);
#9817 = DEFINITIONAL_REPRESENTATION('',(#9818),#9822);
#9818 = LINE('',#9819,#9820);
#9819 = CARTESIAN_POINT('',(0.,-28.1));
#9820 = VECTOR('',#9821,1.);
#9821 = DIRECTION('',(1.,0.));
#9822 = ( GEOMETRIC_REPRESENTATION_CONTEXT(2) 
PARAMETRIC_REPRESENTATION_CONTEXT() REPRESENTATION_CONTEXT('2D SPACE',''
  ) );
#9823 = PCURVE('',#9824,#9829);
#9824 = PLANE('',#9825);
#9825 = AXIS2_PLACEMENT_3D('',#9826,#9827,#9828);
#9826 = CARTESIAN_POINT('',(4.844609562001E-15,80.95,61.25));
#9827 = DIRECTION('',(0.,0.,1.));
#9828 = DIRECTION('',(1.,0.,-0.));
#9829 = DEFINITIONAL_REPRESENTATION('',(#9830),#9834);
#9830 = LINE('',#9831,#9832);
#9831 = CARTESIAN_POINT('',(-7.,4.));
#9832 = VECTOR('',#9833,1.);
#9833 = DIRECTION('',(-1.110223024625E-16,-1.));
#9834 = ( GEOMETRIC_REPRESENTATION_CONTEXT(2) 
PARAMETRIC_REPRESENTATION_CONTEXT() REPRESENTATION_CONTEXT('2D SPACE',''
  ) );
#9835 = ADVANCED_FACE('',(#9836),#8785,.F.);
#9836 = FACE_BOUND('',#9837,.F.);
#9837 = EDGE_LOOP('',(#9838,#9839,#9840,#9868));
#9838 = ORIENTED_EDGE('',*,*,#9625,.T.);
#9839 = ORIENTED_EDGE('',*,*,#8769,.T.);
#9840 = ORIENTED_EDGE('',*,*,#9841,.F.);
#9841 = EDGE_CURVE('',#9842,#8770,#9844,.T.);
#9842 = VERTEX_POINT('',#9843);
#9843 = CARTESIAN_POINT('',(-63.14065482121,-44.53717782649,42.65));
#9844 = SURFACE_CURVE('',#9845,(#9850,#9857),.PCURVE_S1.);
#9845 = CIRCLE('',#9846,3.);
#9846 = AXIS2_PLACEMENT_3D('',#9847,#9848,#9849);
#9847 = CARTESIAN_POINT('',(-60.54257860985,-43.03717782649,42.65));
#9848 = DIRECTION('',(0.5,-0.866025403784,0.));
#9849 = DIRECTION('',(0.,0.,1.));
#9850 = PCURVE('',#8785,#9851);
#9851 = DEFINITIONAL_REPRESENTATION('',(#9852),#9856);
#9852 = LINE('',#9853,#9854);
#9853 = CARTESIAN_POINT('',(0.,15.));
#9854 = VECTOR('',#9855,1.);
#9855 = DIRECTION('',(1.,0.));
#9856 = ( GEOMETRIC_REPRESENTATION_CONTEXT(2) 
PARAMETRIC_REPRESENTATION_CONTEXT() REPRESENTATION_CONTEXT('2D SPACE',''
  ) );
#9857 = PCURVE('',#8813,#9858);
#9858 = DEFINITIONAL_REPRESENTATION('',(#9859),#9867);
#9859 = ( BOUNDED_CURVE() B_SPLINE_CURVE(2,(#9860,#9861,#9862,#9863,
#9864,#9865,#9866),.UNSPECIFIED.,.T.,.F.) B_SPLINE_CURVE_WITH_KNOTS((1,2
    ,2,2,2,1),(-2.094395102393,0.,2.094395102393,4.188790204786,
6.28318530718,8.377580409573),.UNSPECIFIED.) CURVE() 
GEOMETRIC_REPRESENTATION_ITEM() RATIONAL_B_SPLINE_CURVE((1.,0.5,1.,0.5,
1.,0.5,1.)) REPRESENTATION_ITEM('') );
#9860 = CARTESIAN_POINT('',(11.,-12.5));
#9861 = CARTESIAN_POINT('',(5.803847577293,-12.5));
#9862 = CARTESIAN_POINT('',(8.401923788647,-8.));
#9863 = CARTESIAN_POINT('',(11.,-3.5));
#9864 = CARTESIAN_POINT('',(13.598076211353,-8.));
#9865 = CARTESIAN_POINT('',(16.196152422707,-12.5));
#9866 = CARTESIAN_POINT('',(11.,-12.5));
#9867 = ( GEOMETRIC_REPRESENTATION_CONTEXT(2) 
PARAMETRIC_REPRESENTATION_CONTEXT() REPRESENTATION_CONTEXT('2D SPACE',''
  ) );
#9868 = ORIENTED_EDGE('',*,*,#9869,.F.);
#9869 = EDGE_CURVE('',#9626,#9842,#9870,.T.);
#9870 = SURFACE_CURVE('',#9871,(#9875,#9882),.PCURVE_S1.);
#9871 = LINE('',#9872,#9873);
#9872 = CARTESIAN_POINT('',(-70.64065482121,-31.54679676972,42.65));
#9873 = VECTOR('',#9874,1.);
#9874 = DIRECTION('',(0.5,-0.866025403784,0.));
#9875 = PCURVE('',#8785,#9876);
#9876 = DEFINITIONAL_REPRESENTATION('',(#9877),#9881);
#9877 = LINE('',#9878,#9879);
#9878 = CARTESIAN_POINT('',(1.570796326795,0.));
#9879 = VECTOR('',#9880,1.);
#9880 = DIRECTION('',(0.,1.));
#9881 = ( GEOMETRIC_REPRESENTATION_CONTEXT(2) 
PARAMETRIC_REPRESENTATION_CONTEXT() REPRESENTATION_CONTEXT('2D SPACE',''
  ) );
#9882 = PCURVE('',#9665,#9883);
#9883 = DEFINITIONAL_REPRESENTATION('',(#9884),#9888);
#9884 = LINE('',#9885,#9886);
#9885 = CARTESIAN_POINT('',(15.,-9.5));
#9886 = VECTOR('',#9887,1.);
#9887 = DIRECTION('',(-1.,-0.));
#9888 = ( GEOMETRIC_REPRESENTATION_CONTEXT(2) 
PARAMETRIC_REPRESENTATION_CONTEXT() REPRESENTATION_CONTEXT('2D SPACE',''
  ) );
#9889 = ADVANCED_FACE('',(#9890),#9131,.F.);
#9890 = FACE_BOUND('',#9891,.F.);
#9891 = EDGE_LOOP('',(#9892,#9916,#9917,#9918));
#9892 = ORIENTED_EDGE('',*,*,#9893,.T.);
#9893 = EDGE_CURVE('',#9894,#9088,#9896,.T.);
#9894 = VERTEX_POINT('',#9895);
#9895 = CARTESIAN_POINT('',(7.,76.95,42.65));
#9896 = SURFACE_CURVE('',#9897,(#9902,#9909),.PCURVE_S1.);
#9897 = CIRCLE('',#9898,3.);
#9898 = AXIS2_PLACEMENT_3D('',#9899,#9900,#9901);
#9899 = CARTESIAN_POINT('',(7.,73.95,42.65));
#9900 = DIRECTION('',(-1.,1.110223024625E-16,0.));
#9901 = DIRECTION('',(0.,0.,1.));
#9902 = PCURVE('',#9131,#9903);
#9903 = DEFINITIONAL_REPRESENTATION('',(#9904),#9908);
#9904 = LINE('',#9905,#9906);
#9905 = CARTESIAN_POINT('',(0.,1.));
#9906 = VECTOR('',#9907,1.);
#9907 = DIRECTION('',(1.,0.));
#9908 = ( GEOMETRIC_REPRESENTATION_CONTEXT(2) 
PARAMETRIC_REPRESENTATION_CONTEXT() REPRESENTATION_CONTEXT('2D SPACE',''
  ) );
#9909 = PCURVE('',#9103,#9910);
#9910 = DEFINITIONAL_REPRESENTATION('',(#9911),#9915);
#9911 = CIRCLE('',#9912,3.);
#9912 = AXIS2_PLACEMENT_2D('',#9913,#9914);
#9913 = CARTESIAN_POINT('',(3.01,0.));
#9914 = DIRECTION('',(1.,0.));
#9915 = ( GEOMETRIC_REPRESENTATION_CONTEXT(2) 
PARAMETRIC_REPRESENTATION_CONTEXT() REPRESENTATION_CONTEXT('2D SPACE',''
  ) );
#9916 = ORIENTED_EDGE('',*,*,#9115,.T.);
#9917 = ORIENTED_EDGE('',*,*,#9760,.F.);
#9918 = ORIENTED_EDGE('',*,*,#9919,.F.);
#9919 = EDGE_CURVE('',#9894,#9731,#9920,.T.);
#9920 = SURFACE_CURVE('',#9921,(#9925,#9932),.PCURVE_S1.);
#9921 = LINE('',#9922,#9923);
#9922 = CARTESIAN_POINT('',(8.,76.95,42.65));
#9923 = VECTOR('',#9924,1.);
#9924 = DIRECTION('',(-1.,1.110223024625E-16,0.));
#9925 = PCURVE('',#9131,#9926);
#9926 = DEFINITIONAL_REPRESENTATION('',(#9927),#9931);
#9927 = LINE('',#9928,#9929);
#9928 = CARTESIAN_POINT('',(1.570796326795,0.));
#9929 = VECTOR('',#9930,1.);
#9930 = DIRECTION('',(0.,1.));
#9931 = ( GEOMETRIC_REPRESENTATION_CONTEXT(2) 
PARAMETRIC_REPRESENTATION_CONTEXT() REPRESENTATION_CONTEXT('2D SPACE',''
  ) );
#9932 = PCURVE('',#9748,#9933);
#9933 = DEFINITIONAL_REPRESENTATION('',(#9934),#9938);
#9934 = LINE('',#9935,#9936);
#9935 = CARTESIAN_POINT('',(15.,-9.5));
#9936 = VECTOR('',#9937,1.);
#9937 = DIRECTION('',(-1.,0.));
#9938 = ( GEOMETRIC_REPRESENTATION_CONTEXT(2) 
PARAMETRIC_REPRESENTATION_CONTEXT() REPRESENTATION_CONTEXT('2D SPACE',''
  ) );
#9939 = ADVANCED_FACE('',(#9940),#8813,.F.);
#9940 = FACE_BOUND('',#9941,.F.);
#9941 = EDGE_LOOP('',(#9942,#9965,#9966,#9967,#9990));
#9942 = ORIENTED_EDGE('',*,*,#9943,.F.);
#9943 = EDGE_CURVE('',#9842,#9944,#9946,.T.);
#9944 = VERTEX_POINT('',#9945);
#9945 = CARTESIAN_POINT('',(-63.14065482121,-44.53717782649,61.25));
#9946 = SURFACE_CURVE('',#9947,(#9951,#9958),.PCURVE_S1.);
#9947 = LINE('',#9948,#9949);
#9948 = CARTESIAN_POINT('',(-63.14065482121,-44.53717782649,33.15));
#9949 = VECTOR('',#9950,1.);
#9950 = DIRECTION('',(0.,0.,1.));
#9951 = PCURVE('',#8813,#9952);
#9952 = DEFINITIONAL_REPRESENTATION('',(#9953),#9957);
#9953 = LINE('',#9954,#9955);
#9954 = CARTESIAN_POINT('',(8.,0.));
#9955 = VECTOR('',#9956,1.);
#9956 = DIRECTION('',(0.,-1.));
#9957 = ( GEOMETRIC_REPRESENTATION_CONTEXT(2) 
PARAMETRIC_REPRESENTATION_CONTEXT() REPRESENTATION_CONTEXT('2D SPACE',''
  ) );
#9958 = PCURVE('',#9665,#9959);
#9959 = DEFINITIONAL_REPRESENTATION('',(#9960),#9964);
#9960 = LINE('',#9961,#9962);
#9961 = CARTESIAN_POINT('',(0.,0.));
#9962 = VECTOR('',#9963,1.);
#9963 = DIRECTION('',(0.,-1.));
#9964 = ( GEOMETRIC_REPRESENTATION_CONTEXT(2) 
PARAMETRIC_REPRESENTATION_CONTEXT() REPRESENTATION_CONTEXT('2D SPACE',''
  ) );
#9965 = ORIENTED_EDGE('',*,*,#9841,.T.);
#9966 = ORIENTED_EDGE('',*,*,#8797,.T.);
#9967 = ORIENTED_EDGE('',*,*,#9968,.T.);
#9968 = EDGE_CURVE('',#8798,#9969,#9971,.T.);
#9969 = VERTEX_POINT('',#9970);
#9970 = CARTESIAN_POINT('',(-70.06885805148,-48.53717782649,61.25));
#9971 = SURFACE_CURVE('',#9972,(#9976,#9983),.PCURVE_S1.);
#9972 = LINE('',#9973,#9974);
#9973 = CARTESIAN_POINT('',(-70.06885805148,-48.53717782649,33.15));
#9974 = VECTOR('',#9975,1.);
#9975 = DIRECTION('',(0.,0.,1.));
#9976 = PCURVE('',#8813,#9977);
#9977 = DEFINITIONAL_REPRESENTATION('',(#9978),#9982);
#9978 = LINE('',#9979,#9980);
#9979 = CARTESIAN_POINT('',(0.,0.));
#9980 = VECTOR('',#9981,1.);
#9981 = DIRECTION('',(0.,-1.));
#9982 = ( GEOMETRIC_REPRESENTATION_CONTEXT(2) 
PARAMETRIC_REPRESENTATION_CONTEXT() REPRESENTATION_CONTEXT('2D SPACE',''
  ) );
#9983 = PCURVE('',#9556,#9984);
#9984 = DEFINITIONAL_REPRESENTATION('',(#9985),#9989);
#9985 = LINE('',#9986,#9987);
#9986 = CARTESIAN_POINT('',(14.,0.));
#9987 = VECTOR('',#9988,1.);
#9988 = DIRECTION('',(0.,-1.));
#9989 = ( GEOMETRIC_REPRESENTATION_CONTEXT(2) 
PARAMETRIC_REPRESENTATION_CONTEXT() REPRESENTATION_CONTEXT('2D SPACE',''
  ) );
#9990 = ORIENTED_EDGE('',*,*,#9991,.T.);
#9991 = EDGE_CURVE('',#9969,#9944,#9992,.T.);
#9992 = SURFACE_CURVE('',#9993,(#9997,#10004),.PCURVE_S1.);
#9993 = LINE('',#9994,#9995);
#9994 = CARTESIAN_POINT('',(-70.06885805148,-48.53717782649,61.25));
#9995 = VECTOR('',#9996,1.);
#9996 = DIRECTION('',(0.866025403784,0.5,0.));
#9997 = PCURVE('',#8813,#9998);
#9998 = DEFINITIONAL_REPRESENTATION('',(#9999),#10003);
#9999 = LINE('',#10000,#10001);
#10000 = CARTESIAN_POINT('',(0.,-28.1));
#10001 = VECTOR('',#10002,1.);
#10002 = DIRECTION('',(1.,0.));
#10003 = ( GEOMETRIC_REPRESENTATION_CONTEXT(2) 
PARAMETRIC_REPRESENTATION_CONTEXT() REPRESENTATION_CONTEXT('2D SPACE',''
  ) );
#10004 = PCURVE('',#9693,#10005);
#10005 = DEFINITIONAL_REPRESENTATION('',(#10006),#10010);
#10006 = LINE('',#10007,#10008);
#10007 = CARTESIAN_POINT('',(3.589838486225E-02,-8.062177826491));
#10008 = VECTOR('',#10009,1.);
#10009 = DIRECTION('',(0.866025403784,0.5));
#10010 = ( GEOMETRIC_REPRESENTATION_CONTEXT(2) 
PARAMETRIC_REPRESENTATION_CONTEXT() REPRESENTATION_CONTEXT('2D SPACE',''
  ) );
#10011 = ADVANCED_FACE('',(#10012),#9103,.F.);
#10012 = FACE_BOUND('',#10013,.F.);
#10013 = EDGE_LOOP('',(#10014,#10015,#10038,#10061,#10082));
#10014 = ORIENTED_EDGE('',*,*,#9893,.F.);
#10015 = ORIENTED_EDGE('',*,*,#10016,.T.);
#10016 = EDGE_CURVE('',#9894,#10017,#10019,.T.);
#10017 = VERTEX_POINT('',#10018);
#10018 = CARTESIAN_POINT('',(7.,76.95,61.25));
#10019 = SURFACE_CURVE('',#10020,(#10024,#10031),.PCURVE_S1.);
#10020 = LINE('',#10021,#10022);
#10021 = CARTESIAN_POINT('',(7.,76.95,33.15));
#10022 = VECTOR('',#10023,1.);
#10023 = DIRECTION('',(0.,0.,1.));
#10024 = PCURVE('',#9103,#10025);
#10025 = DEFINITIONAL_REPRESENTATION('',(#10026),#10030);
#10026 = LINE('',#10027,#10028);
#10027 = CARTESIAN_POINT('',(-6.49,3.));
#10028 = VECTOR('',#10029,1.);
#10029 = DIRECTION('',(1.,0.));
#10030 = ( GEOMETRIC_REPRESENTATION_CONTEXT(2) 
PARAMETRIC_REPRESENTATION_CONTEXT() REPRESENTATION_CONTEXT('2D SPACE',''
  ) );
#10031 = PCURVE('',#9748,#10032);
#10032 = DEFINITIONAL_REPRESENTATION('',(#10033),#10037);
#10033 = LINE('',#10034,#10035);
#10034 = CARTESIAN_POINT('',(14.,0.));
#10035 = VECTOR('',#10036,1.);
#10036 = DIRECTION('',(0.,-1.));
#10037 = ( GEOMETRIC_REPRESENTATION_CONTEXT(2) 
PARAMETRIC_REPRESENTATION_CONTEXT() REPRESENTATION_CONTEXT('2D SPACE',''
  ) );
#10038 = ORIENTED_EDGE('',*,*,#10039,.T.);
#10039 = EDGE_CURVE('',#10017,#10040,#10042,.T.);
#10040 = VERTEX_POINT('',#10041);
#10041 = CARTESIAN_POINT('',(7.,84.95,61.25));
#10042 = SURFACE_CURVE('',#10043,(#10047,#10054),.PCURVE_S1.);
#10043 = LINE('',#10044,#10045);
#10044 = CARTESIAN_POINT('',(7.,76.95,61.25));
#10045 = VECTOR('',#10046,1.);
#10046 = DIRECTION('',(1.110223024625E-16,1.,0.));
#10047 = PCURVE('',#9103,#10048);
#10048 = DEFINITIONAL_REPRESENTATION('',(#10049),#10053);
#10049 = LINE('',#10050,#10051);
#10050 = CARTESIAN_POINT('',(21.61,3.));
#10051 = VECTOR('',#10052,1.);
#10052 = DIRECTION('',(0.,1.));
#10053 = ( GEOMETRIC_REPRESENTATION_CONTEXT(2) 
PARAMETRIC_REPRESENTATION_CONTEXT() REPRESENTATION_CONTEXT('2D SPACE',''
  ) );
#10054 = PCURVE('',#9824,#10055);
#10055 = DEFINITIONAL_REPRESENTATION('',(#10056),#10060);
#10056 = LINE('',#10057,#10058);
#10057 = CARTESIAN_POINT('',(7.,-4.));
#10058 = VECTOR('',#10059,1.);
#10059 = DIRECTION('',(1.110223024625E-16,1.));
#10060 = ( GEOMETRIC_REPRESENTATION_CONTEXT(2) 
PARAMETRIC_REPRESENTATION_CONTEXT() REPRESENTATION_CONTEXT('2D SPACE',''
  ) );
#10061 = ORIENTED_EDGE('',*,*,#10062,.F.);
#10062 = EDGE_CURVE('',#9060,#10040,#10063,.T.);
#10063 = SURFACE_CURVE('',#10064,(#10068,#10075),.PCURVE_S1.);
#10064 = LINE('',#10065,#10066);
#10065 = CARTESIAN_POINT('',(7.,84.95,33.15));
#10066 = VECTOR('',#10067,1.);
#10067 = DIRECTION('',(0.,0.,1.));
#10068 = PCURVE('',#9103,#10069);
#10069 = DEFINITIONAL_REPRESENTATION('',(#10070),#10074);
#10070 = LINE('',#10071,#10072);
#10071 = CARTESIAN_POINT('',(-6.49,11.));
#10072 = VECTOR('',#10073,1.);
#10073 = DIRECTION('',(1.,0.));
#10074 = ( GEOMETRIC_REPRESENTATION_CONTEXT(2) 
PARAMETRIC_REPRESENTATION_CONTEXT() REPRESENTATION_CONTEXT('2D SPACE',''
  ) );
#10075 = PCURVE('',#9608,#10076);
#10076 = DEFINITIONAL_REPRESENTATION('',(#10077),#10081);
#10077 = LINE('',#10078,#10079);
#10078 = CARTESIAN_POINT('',(0.,-0.));
#10079 = VECTOR('',#10080,1.);
#10080 = DIRECTION('',(0.,-1.));
#10081 = ( GEOMETRIC_REPRESENTATION_CONTEXT(2) 
PARAMETRIC_REPRESENTATION_CONTEXT() REPRESENTATION_CONTEXT('2D SPACE',''
  ) );
#10082 = ORIENTED_EDGE('',*,*,#9087,.T.);
#10083 = ADVANCED_FACE('',(#10084),#8841,.F.);
#10084 = FACE_BOUND('',#10085,.F.);
#10085 = EDGE_LOOP('',(#10086,#10111,#10132,#10133));
#10086 = ORIENTED_EDGE('',*,*,#10087,.F.);
#10087 = EDGE_CURVE('',#10088,#10090,#10092,.T.);
#10088 = VERTEX_POINT('',#10089);
#10089 = CARTESIAN_POINT('',(-70.06885805148,-48.53717782649,33.15));
#10090 = VERTEX_POINT('',#10091);
#10091 = CARTESIAN_POINT('',(-47.61681457102,-37.69312762439,33.15));
#10092 = SURFACE_CURVE('',#10093,(#10097,#10104),.PCURVE_S1.);
#10093 = LINE('',#10094,#10095);
#10094 = CARTESIAN_POINT('',(-70.06885805148,-48.53717782649,33.15));
#10095 = VECTOR('',#10096,1.);
#10096 = DIRECTION('',(0.900471026721,0.434916003427,0.));
#10097 = PCURVE('',#8841,#10098);
#10098 = DEFINITIONAL_REPRESENTATION('',(#10099),#10103);
#10099 = LINE('',#10100,#10101);
#10100 = CARTESIAN_POINT('',(0.,0.));
#10101 = VECTOR('',#10102,1.);
#10102 = DIRECTION('',(1.,0.));
#10103 = ( GEOMETRIC_REPRESENTATION_CONTEXT(2) 
PARAMETRIC_REPRESENTATION_CONTEXT() REPRESENTATION_CONTEXT('2D SPACE',''
  ) );
#10104 = PCURVE('',#9482,#10105);
#10105 = DEFINITIONAL_REPRESENTATION('',(#10106),#10110);
#10106 = LINE('',#10107,#10108);
#10107 = CARTESIAN_POINT('',(-12.05365313399,-15.04208365028));
#10108 = VECTOR('',#10109,1.);
#10109 = DIRECTION('',(0.900471026721,0.434916003427));
#10110 = ( GEOMETRIC_REPRESENTATION_CONTEXT(2) 
PARAMETRIC_REPRESENTATION_CONTEXT() REPRESENTATION_CONTEXT('2D SPACE',''
  ) );
#10111 = ORIENTED_EDGE('',*,*,#10112,.T.);
#10112 = EDGE_CURVE('',#10088,#8798,#10113,.T.);
#10113 = SURFACE_CURVE('',#10114,(#10118,#10125),.PCURVE_S1.);
#10114 = LINE('',#10115,#10116);
#10115 = CARTESIAN_POINT('',(-70.06885805148,-48.53717782649,33.15));
#10116 = VECTOR('',#10117,1.);
#10117 = DIRECTION('',(0.,0.,1.));
#10118 = PCURVE('',#8841,#10119);
#10119 = DEFINITIONAL_REPRESENTATION('',(#10120),#10124);
#10120 = LINE('',#10121,#10122);
#10121 = CARTESIAN_POINT('',(0.,0.));
#10122 = VECTOR('',#10123,1.);
#10123 = DIRECTION('',(0.,-1.));
#10124 = ( GEOMETRIC_REPRESENTATION_CONTEXT(2) 
PARAMETRIC_REPRESENTATION_CONTEXT() REPRESENTATION_CONTEXT('2D SPACE',''
  ) );
#10125 = PCURVE('',#9556,#10126);
#10126 = DEFINITIONAL_REPRESENTATION('',(#10127),#10131);
#10127 = LINE('',#10128,#10129);
#10128 = CARTESIAN_POINT('',(14.,0.));
#10129 = VECTOR('',#10130,1.);
#10130 = DIRECTION('',(0.,-1.));
#10131 = ( GEOMETRIC_REPRESENTATION_CONTEXT(2) 
PARAMETRIC_REPRESENTATION_CONTEXT() REPRESENTATION_CONTEXT('2D SPACE',''
  ) );
#10132 = ORIENTED_EDGE('',*,*,#8825,.T.);
#10133 = ORIENTED_EDGE('',*,*,#10134,.F.);
#10134 = EDGE_CURVE('',#10090,#8826,#10135,.T.);
#10135 = SURFACE_CURVE('',#10136,(#10140,#10146),.PCURVE_S1.);
#10136 = LINE('',#10137,#10138);
#10137 = CARTESIAN_POINT('',(-47.61681457102,-37.69312762439,33.15));
#10138 = VECTOR('',#10139,1.);
#10139 = DIRECTION('',(0.,0.,1.));
#10140 = PCURVE('',#8841,#10141);
#10141 = DEFINITIONAL_REPRESENTATION('',(#10142),#10145);
#10142 = B_SPLINE_CURVE_WITH_KNOTS('',1,(#10143,#10144),.UNSPECIFIED.,
  .F.,.F.,(2,2),(-5.999999999062E-07,6.5000006),
  .PIECEWISE_BEZIER_KNOTS.);
#10143 = CARTESIAN_POINT('',(24.933665619686,5.999999999062E-07));
#10144 = CARTESIAN_POINT('',(24.933665619686,-6.5000006));
#10145 = ( GEOMETRIC_REPRESENTATION_CONTEXT(2) 
PARAMETRIC_REPRESENTATION_CONTEXT() REPRESENTATION_CONTEXT('2D SPACE',''
  ) );
#10146 = PCURVE('',#8874,#10147);
#10147 = DEFINITIONAL_REPRESENTATION('',(#10148),#10151);
#10148 = B_SPLINE_CURVE_WITH_KNOTS('',1,(#10149,#10150),.UNSPECIFIED.,
  .F.,.F.,(2,2),(-5.999999999062E-07,6.5000006),
  .PIECEWISE_BEZIER_KNOTS.);
#10149 = CARTESIAN_POINT('',(3.811186190395,-5.999999999062E-07));
#10150 = CARTESIAN_POINT('',(3.811186190395,6.5000006));
#10151 = ( GEOMETRIC_REPRESENTATION_CONTEXT(2) 
PARAMETRIC_REPRESENTATION_CONTEXT() REPRESENTATION_CONTEXT('2D SPACE',''
  ) );
#10152 = ADVANCED_FACE('',(#10153),#9075,.F.);
#10153 = FACE_BOUND('',#10154,.F.);
#10154 = EDGE_LOOP('',(#10155,#10180,#10199,#10200));
#10155 = ORIENTED_EDGE('',*,*,#10156,.F.);
#10156 = EDGE_CURVE('',#10157,#10159,#10161,.T.);
#10157 = VERTEX_POINT('',#10158);
#10158 = CARTESIAN_POINT('',(8.834798785303,60.083934877995,33.15));
#10159 = VERTEX_POINT('',#10160);
#10160 = CARTESIAN_POINT('',(7.,84.95,33.15));
#10161 = SURFACE_CURVE('',#10162,(#10166,#10173),.PCURVE_S1.);
#10162 = LINE('',#10163,#10164);
#10163 = CARTESIAN_POINT('',(9.525,50.73,33.15));
#10164 = VECTOR('',#10165,1.);
#10165 = DIRECTION('',(-7.358720588016E-02,0.997288786225,0.));
#10166 = PCURVE('',#9075,#10167);
#10167 = DEFINITIONAL_REPRESENTATION('',(#10168),#10172);
#10168 = LINE('',#10169,#10170);
#10169 = CARTESIAN_POINT('',(0.,0.));
#10170 = VECTOR('',#10171,1.);
#10171 = DIRECTION('',(1.,0.));
#10172 = ( GEOMETRIC_REPRESENTATION_CONTEXT(2) 
PARAMETRIC_REPRESENTATION_CONTEXT() REPRESENTATION_CONTEXT('2D SPACE',''
  ) );
#10173 = PCURVE('',#9482,#10174);
#10174 = DEFINITIONAL_REPRESENTATION('',(#10175),#10179);
#10175 = LINE('',#10176,#10177);
#10176 = CARTESIAN_POINT('',(67.540204917493,84.225094176206));
#10177 = VECTOR('',#10178,1.);
#10178 = DIRECTION('',(-7.358720588016E-02,0.997288786225));
#10179 = ( GEOMETRIC_REPRESENTATION_CONTEXT(2) 
PARAMETRIC_REPRESENTATION_CONTEXT() REPRESENTATION_CONTEXT('2D SPACE',''
  ) );
#10180 = ORIENTED_EDGE('',*,*,#10181,.T.);
#10181 = EDGE_CURVE('',#10157,#9027,#10182,.T.);
#10182 = SURFACE_CURVE('',#10183,(#10187,#10193),.PCURVE_S1.);
#10183 = LINE('',#10184,#10185);
#10184 = CARTESIAN_POINT('',(8.834798785303,60.083934877996,33.15));
#10185 = VECTOR('',#10186,1.);
#10186 = DIRECTION('',(0.,0.,1.));
#10187 = PCURVE('',#9075,#10188);
#10188 = DEFINITIONAL_REPRESENTATION('',(#10189),#10192);
#10189 = B_SPLINE_CURVE_WITH_KNOTS('',1,(#10190,#10191),.UNSPECIFIED.,
  .F.,.F.,(2,2),(-5.999999999062E-07,6.5000006),
  .PIECEWISE_BEZIER_KNOTS.);
#10190 = CARTESIAN_POINT('',(9.379364339791,5.999999999062E-07));
#10191 = CARTESIAN_POINT('',(9.379364339791,-6.5000006));
#10192 = ( GEOMETRIC_REPRESENTATION_CONTEXT(2) 
PARAMETRIC_REPRESENTATION_CONTEXT() REPRESENTATION_CONTEXT('2D SPACE',''
  ) );
#10193 = PCURVE('',#9047,#10194);
#10194 = DEFINITIONAL_REPRESENTATION('',(#10195),#10198);
#10195 = B_SPLINE_CURVE_WITH_KNOTS('',1,(#10196,#10197),.UNSPECIFIED.,
  .F.,.F.,(2,2),(0.,6.5),.PIECEWISE_BEZIER_KNOTS.);
#10196 = CARTESIAN_POINT('',(7.707986872767,0.));
#10197 = CARTESIAN_POINT('',(7.707986872767,6.5));
#10198 = ( GEOMETRIC_REPRESENTATION_CONTEXT(2) 
PARAMETRIC_REPRESENTATION_CONTEXT() REPRESENTATION_CONTEXT('2D SPACE',''
  ) );
#10199 = ORIENTED_EDGE('',*,*,#9059,.T.);
#10200 = ORIENTED_EDGE('',*,*,#10201,.F.);
#10201 = EDGE_CURVE('',#10159,#9060,#10202,.T.);
#10202 = SURFACE_CURVE('',#10203,(#10207,#10214),.PCURVE_S1.);
#10203 = LINE('',#10204,#10205);
#10204 = CARTESIAN_POINT('',(7.,84.95,33.15));
#10205 = VECTOR('',#10206,1.);
#10206 = DIRECTION('',(0.,0.,1.));
#10207 = PCURVE('',#9075,#10208);
#10208 = DEFINITIONAL_REPRESENTATION('',(#10209),#10213);
#10209 = LINE('',#10210,#10211);
#10210 = CARTESIAN_POINT('',(34.313029959477,0.));
#10211 = VECTOR('',#10212,1.);
#10212 = DIRECTION('',(0.,-1.));
#10213 = ( GEOMETRIC_REPRESENTATION_CONTEXT(2) 
PARAMETRIC_REPRESENTATION_CONTEXT() REPRESENTATION_CONTEXT('2D SPACE',''
  ) );
#10214 = PCURVE('',#9608,#10215);
#10215 = DEFINITIONAL_REPRESENTATION('',(#10216),#10220);
#10216 = LINE('',#10217,#10218);
#10217 = CARTESIAN_POINT('',(0.,-0.));
#10218 = VECTOR('',#10219,1.);
#10219 = DIRECTION('',(0.,-1.));
#10220 = ( GEOMETRIC_REPRESENTATION_CONTEXT(2) 
PARAMETRIC_REPRESENTATION_CONTEXT() REPRESENTATION_CONTEXT('2D SPACE',''
  ) );
#10221 = ADVANCED_FACE('',(#10222),#8874,.T.);
#10222 = FACE_BOUND('',#10223,.T.);
#10223 = EDGE_LOOP('',(#10224,#10225,#10249,#10268));
#10224 = ORIENTED_EDGE('',*,*,#10134,.F.);
#10225 = ORIENTED_EDGE('',*,*,#10226,.T.);
#10226 = EDGE_CURVE('',#10090,#10227,#10229,.T.);
#10227 = VERTEX_POINT('',#10228);
#10228 = CARTESIAN_POINT('',(47.616814571024,-37.69312762439,33.15));
#10229 = SURFACE_CURVE('',#10230,(#10235,#10242),.PCURVE_S1.);
#10230 = CIRCLE('',#10231,60.73);
#10231 = AXIS2_PLACEMENT_3D('',#10232,#10233,#10234);
#10232 = CARTESIAN_POINT('',(0.,0.,33.15));
#10233 = DIRECTION('',(0.,0.,1.));
#10234 = DIRECTION('',(-0.145476680147,0.98936168085,0.));
#10235 = PCURVE('',#8874,#10236);
#10236 = DEFINITIONAL_REPRESENTATION('',(#10237),#10241);
#10237 = LINE('',#10238,#10239);
#10238 = CARTESIAN_POINT('',(1.716791088002,0.));
#10239 = VECTOR('',#10240,1.);
#10240 = DIRECTION('',(1.,0.));
#10241 = ( GEOMETRIC_REPRESENTATION_CONTEXT(2) 
PARAMETRIC_REPRESENTATION_CONTEXT() REPRESENTATION_CONTEXT('2D SPACE',''
  ) );
#10242 = PCURVE('',#9482,#10243);
#10243 = DEFINITIONAL_REPRESENTATION('',(#10244),#10248);
#10244 = CIRCLE('',#10245,60.73);
#10245 = AXIS2_PLACEMENT_2D('',#10246,#10247);
#10246 = CARTESIAN_POINT('',(58.015204917493,33.495094176206));
#10247 = DIRECTION('',(-0.145476680147,0.98936168085));
#10248 = ( GEOMETRIC_REPRESENTATION_CONTEXT(2) 
PARAMETRIC_REPRESENTATION_CONTEXT() REPRESENTATION_CONTEXT('2D SPACE',''
  ) );
#10249 = ORIENTED_EDGE('',*,*,#10250,.T.);
#10250 = EDGE_CURVE('',#10227,#8854,#10251,.T.);
#10251 = SURFACE_CURVE('',#10252,(#10256,#10262),.PCURVE_S1.);
#10252 = LINE('',#10253,#10254);
#10253 = CARTESIAN_POINT('',(47.616814571023,-37.69312762439,33.15));
#10254 = VECTOR('',#10255,1.);
#10255 = DIRECTION('',(0.,0.,1.));
#10256 = PCURVE('',#8874,#10257);
#10257 = DEFINITIONAL_REPRESENTATION('',(#10258),#10261);
#10258 = B_SPLINE_CURVE_WITH_KNOTS('',1,(#10259,#10260),.UNSPECIFIED.,
  .F.,.F.,(2,2),(-5.999999999062E-07,6.5000006),
  .PIECEWISE_BEZIER_KNOTS.);
#10259 = CARTESIAN_POINT('',(5.613591770374,-5.999999999062E-07));
#10260 = CARTESIAN_POINT('',(5.613591770374,6.5000006));
#10261 = ( GEOMETRIC_REPRESENTATION_CONTEXT(2) 
PARAMETRIC_REPRESENTATION_CONTEXT() REPRESENTATION_CONTEXT('2D SPACE',''
  ) );
#10262 = PCURVE('',#8902,#10263);
#10263 = DEFINITIONAL_REPRESENTATION('',(#10264),#10267);
#10264 = B_SPLINE_CURVE_WITH_KNOTS('',1,(#10265,#10266),.UNSPECIFIED.,
  .F.,.F.,(2,2),(-5.999999999062E-07,6.5000006),
  .PIECEWISE_BEZIER_KNOTS.);
#10265 = CARTESIAN_POINT('',(9.379364339791,5.999999999062E-07));
#10266 = CARTESIAN_POINT('',(9.379364339791,-6.5000006));
#10267 = ( GEOMETRIC_REPRESENTATION_CONTEXT(2) 
PARAMETRIC_REPRESENTATION_CONTEXT() REPRESENTATION_CONTEXT('2D SPACE',''
  ) );
#10268 = ORIENTED_EDGE('',*,*,#8853,.T.);
#10269 = ADVANCED_FACE('',(#10270),#9047,.T.);
#10270 = FACE_BOUND('',#10271,.T.);
#10271 = EDGE_LOOP('',(#10272,#10293,#10315,#10316));
#10272 = ORIENTED_EDGE('',*,*,#10273,.F.);
#10273 = EDGE_CURVE('',#10274,#8999,#10276,.T.);
#10274 = VERTEX_POINT('',#10275);
#10275 = CARTESIAN_POINT('',(56.451613356325,-22.3908072536,33.15));
#10276 = SURFACE_CURVE('',#10277,(#10281,#10287),.PCURVE_S1.);
#10277 = LINE('',#10278,#10279);
#10278 = CARTESIAN_POINT('',(56.451613356325,-22.3908072536,33.15));
#10279 = VECTOR('',#10280,1.);
#10280 = DIRECTION('',(0.,0.,1.));
#10281 = PCURVE('',#9047,#10282);
#10282 = DEFINITIONAL_REPRESENTATION('',(#10283),#10286);
#10283 = B_SPLINE_CURVE_WITH_KNOTS('',1,(#10284,#10285),.UNSPECIFIED.,
  .F.,.F.,(2,2),(-5.999999999062E-07,6.5000006),
  .PIECEWISE_BEZIER_KNOTS.);
#10284 = CARTESIAN_POINT('',(5.905581292789,-5.999999999062E-07));
#10285 = CARTESIAN_POINT('',(5.905581292789,6.5000006));
#10286 = ( GEOMETRIC_REPRESENTATION_CONTEXT(2) 
PARAMETRIC_REPRESENTATION_CONTEXT() REPRESENTATION_CONTEXT('2D SPACE',''
  ) );
#10287 = PCURVE('',#9014,#10288);
#10288 = DEFINITIONAL_REPRESENTATION('',(#10289),#10292);
#10289 = B_SPLINE_CURVE_WITH_KNOTS('',1,(#10290,#10291),.UNSPECIFIED.,
  .F.,.F.,(2,2),(-5.999999999062E-07,6.5000006),
  .PIECEWISE_BEZIER_KNOTS.);
#10290 = CARTESIAN_POINT('',(24.933665619686,5.999999999062E-07));
#10291 = CARTESIAN_POINT('',(24.933665619686,-6.5000006));
#10292 = ( GEOMETRIC_REPRESENTATION_CONTEXT(2) 
PARAMETRIC_REPRESENTATION_CONTEXT() REPRESENTATION_CONTEXT('2D SPACE',''
  ) );
#10293 = ORIENTED_EDGE('',*,*,#10294,.T.);
#10294 = EDGE_CURVE('',#10274,#10157,#10295,.T.);
#10295 = SURFACE_CURVE('',#10296,(#10301,#10308),.PCURVE_S1.);
#10296 = CIRCLE('',#10297,60.73);
#10297 = AXIS2_PLACEMENT_3D('',#10298,#10299,#10300);
#10298 = CARTESIAN_POINT('',(0.,0.,33.15));
#10299 = DIRECTION('',(0.,0.,1.));
#10300 = DIRECTION('',(-0.145476680147,0.98936168085,0.));
#10301 = PCURVE('',#9047,#10302);
#10302 = DEFINITIONAL_REPRESENTATION('',(#10303),#10307);
#10303 = LINE('',#10304,#10305);
#10304 = CARTESIAN_POINT('',(1.716791088002,0.));
#10305 = VECTOR('',#10306,1.);
#10306 = DIRECTION('',(1.,0.));
#10307 = ( GEOMETRIC_REPRESENTATION_CONTEXT(2) 
PARAMETRIC_REPRESENTATION_CONTEXT() REPRESENTATION_CONTEXT('2D SPACE',''
  ) );
#10308 = PCURVE('',#9482,#10309);
#10309 = DEFINITIONAL_REPRESENTATION('',(#10310),#10314);
#10310 = CIRCLE('',#10311,60.73);
#10311 = AXIS2_PLACEMENT_2D('',#10312,#10313);
#10312 = CARTESIAN_POINT('',(58.015204917493,33.495094176206));
#10313 = DIRECTION('',(-0.145476680147,0.98936168085));
#10314 = ( GEOMETRIC_REPRESENTATION_CONTEXT(2) 
PARAMETRIC_REPRESENTATION_CONTEXT() REPRESENTATION_CONTEXT('2D SPACE',''
  ) );
#10315 = ORIENTED_EDGE('',*,*,#10181,.T.);
#10316 = ORIENTED_EDGE('',*,*,#9026,.T.);
#10317 = ADVANCED_FACE('',(#10318),#8902,.F.);
#10318 = FACE_BOUND('',#10319,.F.);
#10319 = EDGE_LOOP('',(#10320,#10343,#10344,#10345));
#10320 = ORIENTED_EDGE('',*,*,#10321,.F.);
#10321 = EDGE_CURVE('',#10227,#10322,#10324,.T.);
#10322 = VERTEX_POINT('',#10323);
#10323 = CARTESIAN_POINT('',(70.068858051488,-48.53717782649,33.15));
#10324 = SURFACE_CURVE('',#10325,(#10329,#10336),.PCURVE_S1.);
#10325 = LINE('',#10326,#10327);
#10326 = CARTESIAN_POINT('',(39.170968733985,-33.61389197104,33.15));
#10327 = VECTOR('',#10328,1.);
#10328 = DIRECTION('',(0.900471026721,-0.434916003427,-0.));
#10329 = PCURVE('',#8902,#10330);
#10330 = DEFINITIONAL_REPRESENTATION('',(#10331),#10335);
#10331 = LINE('',#10332,#10333);
#10332 = CARTESIAN_POINT('',(0.,0.));
#10333 = VECTOR('',#10334,1.);
#10334 = DIRECTION('',(1.,0.));
#10335 = ( GEOMETRIC_REPRESENTATION_CONTEXT(2) 
PARAMETRIC_REPRESENTATION_CONTEXT() REPRESENTATION_CONTEXT('2D SPACE',''
  ) );
#10336 = PCURVE('',#9482,#10337);
#10337 = DEFINITIONAL_REPRESENTATION('',(#10338),#10342);
#10338 = LINE('',#10339,#10340);
#10339 = CARTESIAN_POINT('',(97.186173651478,-0.118797794841));
#10340 = VECTOR('',#10341,1.);
#10341 = DIRECTION('',(0.900471026721,-0.434916003427));
#10342 = ( GEOMETRIC_REPRESENTATION_CONTEXT(2) 
PARAMETRIC_REPRESENTATION_CONTEXT() REPRESENTATION_CONTEXT('2D SPACE',''
  ) );
#10343 = ORIENTED_EDGE('',*,*,#10250,.T.);
#10344 = ORIENTED_EDGE('',*,*,#8886,.T.);
#10345 = ORIENTED_EDGE('',*,*,#10346,.F.);
#10346 = EDGE_CURVE('',#10322,#8887,#10347,.T.);
#10347 = SURFACE_CURVE('',#10348,(#10352,#10359),.PCURVE_S1.);
#10348 = LINE('',#10349,#10350);
#10349 = CARTESIAN_POINT('',(70.068858051488,-48.53717782649,33.15));
#10350 = VECTOR('',#10351,1.);
#10351 = DIRECTION('',(0.,0.,1.));
#10352 = PCURVE('',#8902,#10353);
#10353 = DEFINITIONAL_REPRESENTATION('',(#10354),#10358);
#10354 = LINE('',#10355,#10356);
#10355 = CARTESIAN_POINT('',(34.313029959477,0.));
#10356 = VECTOR('',#10357,1.);
#10357 = DIRECTION('',(0.,-1.));
#10358 = ( GEOMETRIC_REPRESENTATION_CONTEXT(2) 
PARAMETRIC_REPRESENTATION_CONTEXT() REPRESENTATION_CONTEXT('2D SPACE',''
  ) );
#10359 = PCURVE('',#10360,#10365);
#10360 = PLANE('',#10361);
#10361 = AXIS2_PLACEMENT_3D('',#10362,#10363,#10364);
#10362 = CARTESIAN_POINT('',(70.068858051488,-48.53717782649,33.15));
#10363 = DIRECTION('',(-0.866025403784,0.5,0.));
#10364 = DIRECTION('',(0.5,0.866025403784,0.));
#10365 = DEFINITIONAL_REPRESENTATION('',(#10366),#10370);
#10366 = LINE('',#10367,#10368);
#10367 = CARTESIAN_POINT('',(0.,0.));
#10368 = VECTOR('',#10369,1.);
#10369 = DIRECTION('',(0.,-1.));
#10370 = ( GEOMETRIC_REPRESENTATION_CONTEXT(2) 
PARAMETRIC_REPRESENTATION_CONTEXT() REPRESENTATION_CONTEXT('2D SPACE',''
  ) );
#10371 = ADVANCED_FACE('',(#10372),#9014,.F.);
#10372 = FACE_BOUND('',#10373,.F.);
#10373 = EDGE_LOOP('',(#10374,#10397,#10418,#10419));
#10374 = ORIENTED_EDGE('',*,*,#10375,.F.);
#10375 = EDGE_CURVE('',#10376,#10274,#10378,.T.);
#10376 = VERTEX_POINT('',#10377);
#10377 = CARTESIAN_POINT('',(77.068858051488,-36.4128221735,33.15));
#10378 = SURFACE_CURVE('',#10379,(#10383,#10390),.PCURVE_S1.);
#10379 = LINE('',#10380,#10381);
#10380 = CARTESIAN_POINT('',(77.068858051488,-36.4128221735,33.15));
#10381 = VECTOR('',#10382,1.);
#10382 = DIRECTION('',(-0.82688382084,0.562372782798,0.));
#10383 = PCURVE('',#9014,#10384);
#10384 = DEFINITIONAL_REPRESENTATION('',(#10385),#10389);
#10385 = LINE('',#10386,#10387);
#10386 = CARTESIAN_POINT('',(0.,0.));
#10387 = VECTOR('',#10388,1.);
#10388 = DIRECTION('',(1.,0.));
#10389 = ( GEOMETRIC_REPRESENTATION_CONTEXT(2) 
PARAMETRIC_REPRESENTATION_CONTEXT() REPRESENTATION_CONTEXT('2D SPACE',''
  ) );
#10390 = PCURVE('',#9482,#10391);
#10391 = DEFINITIONAL_REPRESENTATION('',(#10392),#10396);
#10392 = LINE('',#10393,#10394);
#10393 = CARTESIAN_POINT('',(135.08406296898,-2.917727997303));
#10394 = VECTOR('',#10395,1.);
#10395 = DIRECTION('',(-0.82688382084,0.562372782798));
#10396 = ( GEOMETRIC_REPRESENTATION_CONTEXT(2) 
PARAMETRIC_REPRESENTATION_CONTEXT() REPRESENTATION_CONTEXT('2D SPACE',''
  ) );
#10397 = ORIENTED_EDGE('',*,*,#10398,.T.);
#10398 = EDGE_CURVE('',#10376,#8971,#10399,.T.);
#10399 = SURFACE_CURVE('',#10400,(#10404,#10411),.PCURVE_S1.);
#10400 = LINE('',#10401,#10402);
#10401 = CARTESIAN_POINT('',(77.068858051488,-36.4128221735,33.15));
#10402 = VECTOR('',#10403,1.);
#10403 = DIRECTION('',(0.,0.,1.));
#10404 = PCURVE('',#9014,#10405);
#10405 = DEFINITIONAL_REPRESENTATION('',(#10406),#10410);
#10406 = LINE('',#10407,#10408);
#10407 = CARTESIAN_POINT('',(0.,0.));
#10408 = VECTOR('',#10409,1.);
#10409 = DIRECTION('',(0.,-1.));
#10410 = ( GEOMETRIC_REPRESENTATION_CONTEXT(2) 
PARAMETRIC_REPRESENTATION_CONTEXT() REPRESENTATION_CONTEXT('2D SPACE',''
  ) );
#10411 = PCURVE('',#10360,#10412);
#10412 = DEFINITIONAL_REPRESENTATION('',(#10413),#10417);
#10413 = LINE('',#10414,#10415);
#10414 = CARTESIAN_POINT('',(14.,0.));
#10415 = VECTOR('',#10416,1.);
#10416 = DIRECTION('',(0.,-1.));
#10417 = ( GEOMETRIC_REPRESENTATION_CONTEXT(2) 
PARAMETRIC_REPRESENTATION_CONTEXT() REPRESENTATION_CONTEXT('2D SPACE',''
  ) );
#10418 = ORIENTED_EDGE('',*,*,#8998,.T.);
#10419 = ORIENTED_EDGE('',*,*,#10273,.F.);
#10420 = ADVANCED_FACE('',(#10421),#8930,.F.);
#10421 = FACE_BOUND('',#10422,.F.);
#10422 = EDGE_LOOP('',(#10423,#10447,#10475,#10503,#10524));
#10423 = ORIENTED_EDGE('',*,*,#10424,.F.);
#10424 = EDGE_CURVE('',#10425,#8915,#10427,.T.);
#10425 = VERTEX_POINT('',#10426);
#10426 = CARTESIAN_POINT('',(63.140654821213,-44.53717782649,42.65));
#10427 = SURFACE_CURVE('',#10428,(#10433,#10440),.PCURVE_S1.);
#10428 = CIRCLE('',#10429,3.);
#10429 = AXIS2_PLACEMENT_3D('',#10430,#10431,#10432);
#10430 = CARTESIAN_POINT('',(60.542578609859,-43.03717782649,42.65));
#10431 = DIRECTION('',(0.5,0.866025403784,-0.));
#10432 = DIRECTION('',(0.,0.,1.));
#10433 = PCURVE('',#8930,#10434);
#10434 = DEFINITIONAL_REPRESENTATION('',(#10435),#10439);
#10435 = CIRCLE('',#10436,3.);
#10436 = AXIS2_PLACEMENT_2D('',#10437,#10438);
#10437 = CARTESIAN_POINT('',(3.01,0.));
#10438 = DIRECTION('',(1.,0.));
#10439 = ( GEOMETRIC_REPRESENTATION_CONTEXT(2) 
PARAMETRIC_REPRESENTATION_CONTEXT() REPRESENTATION_CONTEXT('2D SPACE',''
  ) );
#10440 = PCURVE('',#8958,#10441);
#10441 = DEFINITIONAL_REPRESENTATION('',(#10442),#10446);
#10442 = LINE('',#10443,#10444);
#10443 = CARTESIAN_POINT('',(0.,1.));
#10444 = VECTOR('',#10445,1.);
#10445 = DIRECTION('',(1.,0.));
#10446 = ( GEOMETRIC_REPRESENTATION_CONTEXT(2) 
PARAMETRIC_REPRESENTATION_CONTEXT() REPRESENTATION_CONTEXT('2D SPACE',''
  ) );
#10447 = ORIENTED_EDGE('',*,*,#10448,.T.);
#10448 = EDGE_CURVE('',#10425,#10449,#10451,.T.);
#10449 = VERTEX_POINT('',#10450);
#10450 = CARTESIAN_POINT('',(63.140654821213,-44.53717782649,61.25));
#10451 = SURFACE_CURVE('',#10452,(#10456,#10463),.PCURVE_S1.);
#10452 = LINE('',#10453,#10454);
#10453 = CARTESIAN_POINT('',(63.140654821213,-44.53717782649,33.15));
#10454 = VECTOR('',#10455,1.);
#10455 = DIRECTION('',(0.,0.,1.));
#10456 = PCURVE('',#8930,#10457);
#10457 = DEFINITIONAL_REPRESENTATION('',(#10458),#10462);
#10458 = LINE('',#10459,#10460);
#10459 = CARTESIAN_POINT('',(-6.49,3.));
#10460 = VECTOR('',#10461,1.);
#10461 = DIRECTION('',(1.,0.));
#10462 = ( GEOMETRIC_REPRESENTATION_CONTEXT(2) 
PARAMETRIC_REPRESENTATION_CONTEXT() REPRESENTATION_CONTEXT('2D SPACE',''
  ) );
#10463 = PCURVE('',#10464,#10469);
#10464 = PLANE('',#10465);
#10465 = AXIS2_PLACEMENT_3D('',#10466,#10467,#10468);
#10466 = CARTESIAN_POINT('',(70.140654821213,-32.4128221735,33.15));
#10467 = DIRECTION('',(0.866025403784,-0.5,0.));
#10468 = DIRECTION('',(-0.5,-0.866025403784,0.));
#10469 = DEFINITIONAL_REPRESENTATION('',(#10470),#10474);
#10470 = LINE('',#10471,#10472);
#10471 = CARTESIAN_POINT('',(14.,0.));
#10472 = VECTOR('',#10473,1.);
#10473 = DIRECTION('',(0.,-1.));
#10474 = ( GEOMETRIC_REPRESENTATION_CONTEXT(2) 
PARAMETRIC_REPRESENTATION_CONTEXT() REPRESENTATION_CONTEXT('2D SPACE',''
  ) );
#10475 = ORIENTED_EDGE('',*,*,#10476,.T.);
#10476 = EDGE_CURVE('',#10449,#10477,#10479,.T.);
#10477 = VERTEX_POINT('',#10478);
#10478 = CARTESIAN_POINT('',(70.068858051488,-48.53717782649,61.25));
#10479 = SURFACE_CURVE('',#10480,(#10484,#10491),.PCURVE_S1.);
#10480 = LINE('',#10481,#10482);
#10481 = CARTESIAN_POINT('',(63.140654821213,-44.53717782649,61.25));
#10482 = VECTOR('',#10483,1.);
#10483 = DIRECTION('',(0.866025403784,-0.5,-0.));
#10484 = PCURVE('',#8930,#10485);
#10485 = DEFINITIONAL_REPRESENTATION('',(#10486),#10490);
#10486 = LINE('',#10487,#10488);
#10487 = CARTESIAN_POINT('',(21.61,3.));
#10488 = VECTOR('',#10489,1.);
#10489 = DIRECTION('',(0.,1.));
#10490 = ( GEOMETRIC_REPRESENTATION_CONTEXT(2) 
PARAMETRIC_REPRESENTATION_CONTEXT() REPRESENTATION_CONTEXT('2D SPACE',''
  ) );
#10491 = PCURVE('',#10492,#10497);
#10492 = PLANE('',#10493);
#10493 = AXIS2_PLACEMENT_3D('',#10494,#10495,#10496);
#10494 = CARTESIAN_POINT('',(70.10475643635,-40.475,61.25));
#10495 = DIRECTION('',(0.,0.,1.));
#10496 = DIRECTION('',(1.,0.,-0.));
#10497 = DEFINITIONAL_REPRESENTATION('',(#10498),#10502);
#10498 = LINE('',#10499,#10500);
#10499 = CARTESIAN_POINT('',(-6.964101615138,-4.062177826491));
#10500 = VECTOR('',#10501,1.);
#10501 = DIRECTION('',(0.866025403784,-0.5));
#10502 = ( GEOMETRIC_REPRESENTATION_CONTEXT(2) 
PARAMETRIC_REPRESENTATION_CONTEXT() REPRESENTATION_CONTEXT('2D SPACE',''
  ) );
#10503 = ORIENTED_EDGE('',*,*,#10504,.F.);
#10504 = EDGE_CURVE('',#8887,#10477,#10505,.T.);
#10505 = SURFACE_CURVE('',#10506,(#10510,#10517),.PCURVE_S1.);
#10506 = LINE('',#10507,#10508);
#10507 = CARTESIAN_POINT('',(70.068858051488,-48.53717782649,33.15));
#10508 = VECTOR('',#10509,1.);
#10509 = DIRECTION('',(0.,0.,1.));
#10510 = PCURVE('',#8930,#10511);
#10511 = DEFINITIONAL_REPRESENTATION('',(#10512),#10516);
#10512 = LINE('',#10513,#10514);
#10513 = CARTESIAN_POINT('',(-6.49,11.));
#10514 = VECTOR('',#10515,1.);
#10515 = DIRECTION('',(1.,0.));
#10516 = ( GEOMETRIC_REPRESENTATION_CONTEXT(2) 
PARAMETRIC_REPRESENTATION_CONTEXT() REPRESENTATION_CONTEXT('2D SPACE',''
  ) );
#10517 = PCURVE('',#10360,#10518);
#10518 = DEFINITIONAL_REPRESENTATION('',(#10519),#10523);
#10519 = LINE('',#10520,#10521);
#10520 = CARTESIAN_POINT('',(0.,0.));
#10521 = VECTOR('',#10522,1.);
#10522 = DIRECTION('',(0.,-1.));
#10523 = ( GEOMETRIC_REPRESENTATION_CONTEXT(2) 
PARAMETRIC_REPRESENTATION_CONTEXT() REPRESENTATION_CONTEXT('2D SPACE',''
  ) );
#10524 = ORIENTED_EDGE('',*,*,#8914,.T.);
#10525 = ADVANCED_FACE('',(#10526),#8986,.F.);
#10526 = FACE_BOUND('',#10527,.F.);
#10527 = EDGE_LOOP('',(#10528,#10553,#10579,#10580,#10603));
#10528 = ORIENTED_EDGE('',*,*,#10529,.F.);
#10529 = EDGE_CURVE('',#10530,#10532,#10534,.T.);
#10530 = VERTEX_POINT('',#10531);
#10531 = CARTESIAN_POINT('',(70.140654821213,-32.4128221735,42.65));
#10532 = VERTEX_POINT('',#10533);
#10533 = CARTESIAN_POINT('',(70.140654821213,-32.4128221735,61.25));
#10534 = SURFACE_CURVE('',#10535,(#10539,#10546),.PCURVE_S1.);
#10535 = LINE('',#10536,#10537);
#10536 = CARTESIAN_POINT('',(70.140654821213,-32.4128221735,33.15));
#10537 = VECTOR('',#10538,1.);
#10538 = DIRECTION('',(0.,0.,1.));
#10539 = PCURVE('',#8986,#10540);
#10540 = DEFINITIONAL_REPRESENTATION('',(#10541),#10545);
#10541 = LINE('',#10542,#10543);
#10542 = CARTESIAN_POINT('',(8.,0.));
#10543 = VECTOR('',#10544,1.);
#10544 = DIRECTION('',(0.,-1.));
#10545 = ( GEOMETRIC_REPRESENTATION_CONTEXT(2) 
PARAMETRIC_REPRESENTATION_CONTEXT() REPRESENTATION_CONTEXT('2D SPACE',''
  ) );
#10546 = PCURVE('',#10464,#10547);
#10547 = DEFINITIONAL_REPRESENTATION('',(#10548),#10552);
#10548 = LINE('',#10549,#10550);
#10549 = CARTESIAN_POINT('',(0.,0.));
#10550 = VECTOR('',#10551,1.);
#10551 = DIRECTION('',(0.,-1.));
#10552 = ( GEOMETRIC_REPRESENTATION_CONTEXT(2) 
PARAMETRIC_REPRESENTATION_CONTEXT() REPRESENTATION_CONTEXT('2D SPACE',''
  ) );
#10553 = ORIENTED_EDGE('',*,*,#10554,.T.);
#10554 = EDGE_CURVE('',#10530,#8943,#10555,.T.);
#10555 = SURFACE_CURVE('',#10556,(#10561,#10572),.PCURVE_S1.);
#10556 = CIRCLE('',#10557,3.);
#10557 = AXIS2_PLACEMENT_3D('',#10558,#10559,#10560);
#10558 = CARTESIAN_POINT('',(67.542578609859,-30.9128221735,42.65));
#10559 = DIRECTION('',(0.5,0.866025403784,-0.));
#10560 = DIRECTION('',(0.,0.,1.));
#10561 = PCURVE('',#8986,#10562);
#10562 = DEFINITIONAL_REPRESENTATION('',(#10563),#10571);
#10563 = ( BOUNDED_CURVE() B_SPLINE_CURVE(2,(#10564,#10565,#10566,#10567
    ,#10568,#10569,#10570),.UNSPECIFIED.,.T.,.F.) 
B_SPLINE_CURVE_WITH_KNOTS((1,2,2,2,2,1),(-2.094395102393,0.,
    2.094395102393,4.188790204786,6.28318530718,8.377580409573),
.UNSPECIFIED.) CURVE() GEOMETRIC_REPRESENTATION_ITEM() 
RATIONAL_B_SPLINE_CURVE((1.,0.5,1.,0.5,1.,0.5,1.)) REPRESENTATION_ITEM(
  '') );
#10564 = CARTESIAN_POINT('',(11.,-12.5));
#10565 = CARTESIAN_POINT('',(5.803847577293,-12.5));
#10566 = CARTESIAN_POINT('',(8.401923788647,-8.));
#10567 = CARTESIAN_POINT('',(11.,-3.5));
#10568 = CARTESIAN_POINT('',(13.598076211353,-8.));
#10569 = CARTESIAN_POINT('',(16.196152422707,-12.5));
#10570 = CARTESIAN_POINT('',(11.,-12.5));
#10571 = ( GEOMETRIC_REPRESENTATION_CONTEXT(2) 
PARAMETRIC_REPRESENTATION_CONTEXT() REPRESENTATION_CONTEXT('2D SPACE',''
  ) );
#10572 = PCURVE('',#8958,#10573);
#10573 = DEFINITIONAL_REPRESENTATION('',(#10574),#10578);
#10574 = LINE('',#10575,#10576);
#10575 = CARTESIAN_POINT('',(0.,15.));
#10576 = VECTOR('',#10577,1.);
#10577 = DIRECTION('',(1.,0.));
#10578 = ( GEOMETRIC_REPRESENTATION_CONTEXT(2) 
PARAMETRIC_REPRESENTATION_CONTEXT() REPRESENTATION_CONTEXT('2D SPACE',''
  ) );
#10579 = ORIENTED_EDGE('',*,*,#8970,.T.);
#10580 = ORIENTED_EDGE('',*,*,#10581,.T.);
#10581 = EDGE_CURVE('',#8971,#10582,#10584,.T.);
#10582 = VERTEX_POINT('',#10583);
#10583 = CARTESIAN_POINT('',(77.068858051488,-36.4128221735,61.25));
#10584 = SURFACE_CURVE('',#10585,(#10589,#10596),.PCURVE_S1.);
#10585 = LINE('',#10586,#10587);
#10586 = CARTESIAN_POINT('',(77.068858051488,-36.4128221735,33.15));
#10587 = VECTOR('',#10588,1.);
#10588 = DIRECTION('',(0.,0.,1.));
#10589 = PCURVE('',#8986,#10590);
#10590 = DEFINITIONAL_REPRESENTATION('',(#10591),#10595);
#10591 = LINE('',#10592,#10593);
#10592 = CARTESIAN_POINT('',(0.,0.));
#10593 = VECTOR('',#10594,1.);
#10594 = DIRECTION('',(0.,-1.));
#10595 = ( GEOMETRIC_REPRESENTATION_CONTEXT(2) 
PARAMETRIC_REPRESENTATION_CONTEXT() REPRESENTATION_CONTEXT('2D SPACE',''
  ) );
#10596 = PCURVE('',#10360,#10597);
#10597 = DEFINITIONAL_REPRESENTATION('',(#10598),#10602);
#10598 = LINE('',#10599,#10600);
#10599 = CARTESIAN_POINT('',(14.,0.));
#10600 = VECTOR('',#10601,1.);
#10601 = DIRECTION('',(0.,-1.));
#10602 = ( GEOMETRIC_REPRESENTATION_CONTEXT(2) 
PARAMETRIC_REPRESENTATION_CONTEXT() REPRESENTATION_CONTEXT('2D SPACE',''
  ) );
#10603 = ORIENTED_EDGE('',*,*,#10604,.T.);
#10604 = EDGE_CURVE('',#10582,#10532,#10605,.T.);
#10605 = SURFACE_CURVE('',#10606,(#10610,#10617),.PCURVE_S1.);
#10606 = LINE('',#10607,#10608);
#10607 = CARTESIAN_POINT('',(77.068858051488,-36.4128221735,61.25));
#10608 = VECTOR('',#10609,1.);
#10609 = DIRECTION('',(-0.866025403784,0.5,0.));
#10610 = PCURVE('',#8986,#10611);
#10611 = DEFINITIONAL_REPRESENTATION('',(#10612),#10616);
#10612 = LINE('',#10613,#10614);
#10613 = CARTESIAN_POINT('',(0.,-28.1));
#10614 = VECTOR('',#10615,1.);
#10615 = DIRECTION('',(1.,0.));
#10616 = ( GEOMETRIC_REPRESENTATION_CONTEXT(2) 
PARAMETRIC_REPRESENTATION_CONTEXT() REPRESENTATION_CONTEXT('2D SPACE',''
  ) );
#10617 = PCURVE('',#10492,#10618);
#10618 = DEFINITIONAL_REPRESENTATION('',(#10619),#10623);
#10619 = LINE('',#10620,#10621);
#10620 = CARTESIAN_POINT('',(6.964101615138,4.062177826491));
#10621 = VECTOR('',#10622,1.);
#10622 = DIRECTION('',(-0.866025403784,0.5));
#10623 = ( GEOMETRIC_REPRESENTATION_CONTEXT(2) 
PARAMETRIC_REPRESENTATION_CONTEXT() REPRESENTATION_CONTEXT('2D SPACE',''
  ) );
#10624 = ADVANCED_FACE('',(#10625),#8958,.F.);
#10625 = FACE_BOUND('',#10626,.F.);
#10626 = EDGE_LOOP('',(#10627,#10628,#10629,#10630));
#10627 = ORIENTED_EDGE('',*,*,#10424,.T.);
#10628 = ORIENTED_EDGE('',*,*,#8942,.T.);
#10629 = ORIENTED_EDGE('',*,*,#10554,.F.);
#10630 = ORIENTED_EDGE('',*,*,#10631,.F.);
#10631 = EDGE_CURVE('',#10425,#10530,#10632,.T.);
#10632 = SURFACE_CURVE('',#10633,(#10637,#10644),.PCURVE_S1.);
#10633 = LINE('',#10634,#10635);
#10634 = CARTESIAN_POINT('',(62.640654821213,-45.40320323027,42.65));
#10635 = VECTOR('',#10636,1.);
#10636 = DIRECTION('',(0.5,0.866025403784,0.));
#10637 = PCURVE('',#8958,#10638);
#10638 = DEFINITIONAL_REPRESENTATION('',(#10639),#10643);
#10639 = LINE('',#10640,#10641);
#10640 = CARTESIAN_POINT('',(1.570796326795,0.));
#10641 = VECTOR('',#10642,1.);
#10642 = DIRECTION('',(0.,1.));
#10643 = ( GEOMETRIC_REPRESENTATION_CONTEXT(2) 
PARAMETRIC_REPRESENTATION_CONTEXT() REPRESENTATION_CONTEXT('2D SPACE',''
  ) );
#10644 = PCURVE('',#10464,#10645);
#10645 = DEFINITIONAL_REPRESENTATION('',(#10646),#10650);
#10646 = LINE('',#10647,#10648);
#10647 = CARTESIAN_POINT('',(15.,-9.5));
#10648 = VECTOR('',#10649,1.);
#10649 = DIRECTION('',(-1.,0.));
#10650 = ( GEOMETRIC_REPRESENTATION_CONTEXT(2) 
PARAMETRIC_REPRESENTATION_CONTEXT() REPRESENTATION_CONTEXT('2D SPACE',''
  ) );
#10651 = ADVANCED_FACE('',(#10652),#9216,.F.);
#10652 = FACE_BOUND('',#10653,.T.);
#10653 = EDGE_LOOP('',(#10654,#10655,#10679,#10706));
#10654 = ORIENTED_EDGE('',*,*,#9199,.T.);
#10655 = ORIENTED_EDGE('',*,*,#10656,.T.);
#10656 = EDGE_CURVE('',#9200,#10657,#10659,.T.);
#10657 = VERTEX_POINT('',#10658);
#10658 = CARTESIAN_POINT('',(-36.69423824944,-24.765,41.65));
#10659 = SEAM_CURVE('',#10660,(#10665,#10672),.PCURVE_S1.);
#10660 = CIRCLE('',#10661,2.);
#10661 = AXIS2_PLACEMENT_3D('',#10662,#10663,#10664);
#10662 = CARTESIAN_POINT('',(-34.69423824944,-24.765,41.65));
#10663 = DIRECTION('',(0.,1.,0.));
#10664 = DIRECTION('',(-3.5527136788E-15,0.,-1.));
#10665 = PCURVE('',#9216,#10666);
#10666 = DEFINITIONAL_REPRESENTATION('',(#10667),#10671);
#10667 = LINE('',#10668,#10669);
#10668 = CARTESIAN_POINT('',(-0.,1.570796326795));
#10669 = VECTOR('',#10670,1.);
#10670 = DIRECTION('',(-0.,1.));
#10671 = ( GEOMETRIC_REPRESENTATION_CONTEXT(2) 
PARAMETRIC_REPRESENTATION_CONTEXT() REPRESENTATION_CONTEXT('2D SPACE',''
  ) );
#10672 = PCURVE('',#9216,#10673);
#10673 = DEFINITIONAL_REPRESENTATION('',(#10674),#10678);
#10674 = LINE('',#10675,#10676);
#10675 = CARTESIAN_POINT('',(-6.28318530718,1.570796326795));
#10676 = VECTOR('',#10677,1.);
#10677 = DIRECTION('',(-0.,1.));
#10678 = ( GEOMETRIC_REPRESENTATION_CONTEXT(2) 
PARAMETRIC_REPRESENTATION_CONTEXT() REPRESENTATION_CONTEXT('2D SPACE',''
  ) );
#10679 = ORIENTED_EDGE('',*,*,#10680,.F.);
#10680 = EDGE_CURVE('',#10657,#10657,#10681,.T.);
#10681 = SURFACE_CURVE('',#10682,(#10687,#10694),.PCURVE_S1.);
#10682 = CIRCLE('',#10683,6.2);
#10683 = AXIS2_PLACEMENT_3D('',#10684,#10685,#10686);
#10684 = CARTESIAN_POINT('',(-42.89423824944,-24.765,41.65));
#10685 = DIRECTION('',(0.,0.,1.));
#10686 = DIRECTION('',(1.,0.,-0.));
#10687 = PCURVE('',#9216,#10688);
#10688 = DEFINITIONAL_REPRESENTATION('',(#10689),#10693);
#10689 = LINE('',#10690,#10691);
#10690 = CARTESIAN_POINT('',(-0.,3.14159265359));
#10691 = VECTOR('',#10692,1.);
#10692 = DIRECTION('',(-1.,0.));
#10693 = ( GEOMETRIC_REPRESENTATION_CONTEXT(2) 
PARAMETRIC_REPRESENTATION_CONTEXT() REPRESENTATION_CONTEXT('2D SPACE',''
  ) );
#10694 = PCURVE('',#10695,#10700);
#10695 = CYLINDRICAL_SURFACE('',#10696,6.2);
#10696 = AXIS2_PLACEMENT_3D('',#10697,#10698,#10699);
#10697 = CARTESIAN_POINT('',(-42.89423824944,-24.765,33.15));
#10698 = DIRECTION('',(0.,0.,1.));
#10699 = DIRECTION('',(1.,0.,-0.));
#10700 = DEFINITIONAL_REPRESENTATION('',(#10701),#10705);
#10701 = LINE('',#10702,#10703);
#10702 = CARTESIAN_POINT('',(0.,8.5));
#10703 = VECTOR('',#10704,1.);
#10704 = DIRECTION('',(1.,0.));
#10705 = ( GEOMETRIC_REPRESENTATION_CONTEXT(2) 
PARAMETRIC_REPRESENTATION_CONTEXT() REPRESENTATION_CONTEXT('2D SPACE',''
  ) );
#10706 = ORIENTED_EDGE('',*,*,#10656,.F.);
#10707 = ADVANCED_FACE('',(#10708),#9247,.F.);
#10708 = FACE_BOUND('',#10709,.F.);
#10709 = EDGE_LOOP('',(#10710,#10711,#10734,#10756));
#10710 = ORIENTED_EDGE('',*,*,#9230,.F.);
#10711 = ORIENTED_EDGE('',*,*,#10712,.F.);
#10712 = EDGE_CURVE('',#10713,#9231,#10715,.T.);
#10713 = VERTEX_POINT('',#10714);
#10714 = CARTESIAN_POINT('',(18.530562285484,-44.13445344892,33.15));
#10715 = SEAM_CURVE('',#10716,(#10720,#10727),.PCURVE_S1.);
#10716 = LINE('',#10717,#10718);
#10717 = CARTESIAN_POINT('',(18.530562285484,-44.13445344892,32.15));
#10718 = VECTOR('',#10719,1.);
#10719 = DIRECTION('',(0.,0.,1.));
#10720 = PCURVE('',#9247,#10721);
#10721 = DEFINITIONAL_REPRESENTATION('',(#10722),#10726);
#10722 = LINE('',#10723,#10724);
#10723 = CARTESIAN_POINT('',(6.28318530718,-0.));
#10724 = VECTOR('',#10725,1.);
#10725 = DIRECTION('',(0.,1.));
#10726 = ( GEOMETRIC_REPRESENTATION_CONTEXT(2) 
PARAMETRIC_REPRESENTATION_CONTEXT() REPRESENTATION_CONTEXT('2D SPACE',''
  ) );
#10727 = PCURVE('',#9247,#10728);
#10728 = DEFINITIONAL_REPRESENTATION('',(#10729),#10733);
#10729 = LINE('',#10730,#10731);
#10730 = CARTESIAN_POINT('',(0.,-0.));
#10731 = VECTOR('',#10732,1.);
#10732 = DIRECTION('',(0.,1.));
#10733 = ( GEOMETRIC_REPRESENTATION_CONTEXT(2) 
PARAMETRIC_REPRESENTATION_CONTEXT() REPRESENTATION_CONTEXT('2D SPACE',''
  ) );
#10734 = ORIENTED_EDGE('',*,*,#10735,.T.);
#10735 = EDGE_CURVE('',#10713,#10713,#10736,.T.);
#10736 = SURFACE_CURVE('',#10737,(#10742,#10749),.PCURVE_S1.);
#10737 = CIRCLE('',#10738,12.);
#10738 = AXIS2_PLACEMENT_3D('',#10739,#10740,#10741);
#10739 = CARTESIAN_POINT('',(6.530562285484,-44.13445344892,33.15));
#10740 = DIRECTION('',(0.,0.,1.));
#10741 = DIRECTION('',(1.,0.,-0.));
#10742 = PCURVE('',#9247,#10743);
#10743 = DEFINITIONAL_REPRESENTATION('',(#10744),#10748);
#10744 = LINE('',#10745,#10746);
#10745 = CARTESIAN_POINT('',(0.,1.));
#10746 = VECTOR('',#10747,1.);
#10747 = DIRECTION('',(1.,0.));
#10748 = ( GEOMETRIC_REPRESENTATION_CONTEXT(2) 
PARAMETRIC_REPRESENTATION_CONTEXT() REPRESENTATION_CONTEXT('2D SPACE',''
  ) );
#10749 = PCURVE('',#9482,#10750);
#10750 = DEFINITIONAL_REPRESENTATION('',(#10751),#10755);
#10751 = CIRCLE('',#10752,12.);
#10752 = AXIS2_PLACEMENT_2D('',#10753,#10754);
#10753 = CARTESIAN_POINT('',(64.545767202977,-10.63935927272));
#10754 = DIRECTION('',(1.,0.));
#10755 = ( GEOMETRIC_REPRESENTATION_CONTEXT(2) 
PARAMETRIC_REPRESENTATION_CONTEXT() REPRESENTATION_CONTEXT('2D SPACE',''
  ) );
#10756 = ORIENTED_EDGE('',*,*,#10712,.T.);
#10757 = ADVANCED_FACE('',(#10758),#9278,.F.);
#10758 = FACE_BOUND('',#10759,.F.);
#10759 = EDGE_LOOP('',(#10760,#10761,#10784,#10806));
#10760 = ORIENTED_EDGE('',*,*,#9261,.F.);
#10761 = ORIENTED_EDGE('',*,*,#10762,.F.);
#10762 = EDGE_CURVE('',#10763,#9262,#10765,.T.);
#10763 = VERTEX_POINT('',#10764);
#10764 = CARTESIAN_POINT('',(28.5,-6.98048675514E-15,33.15));
#10765 = SEAM_CURVE('',#10766,(#10770,#10777),.PCURVE_S1.);
#10766 = LINE('',#10767,#10768);
#10767 = CARTESIAN_POINT('',(28.5,-6.98048675514E-15,32.15));
#10768 = VECTOR('',#10769,1.);
#10769 = DIRECTION('',(0.,0.,1.));
#10770 = PCURVE('',#9278,#10771);
#10771 = DEFINITIONAL_REPRESENTATION('',(#10772),#10776);
#10772 = LINE('',#10773,#10774);
#10773 = CARTESIAN_POINT('',(6.28318530718,-0.));
#10774 = VECTOR('',#10775,1.);
#10775 = DIRECTION('',(0.,1.));
#10776 = ( GEOMETRIC_REPRESENTATION_CONTEXT(2) 
PARAMETRIC_REPRESENTATION_CONTEXT() REPRESENTATION_CONTEXT('2D SPACE',''
  ) );
#10777 = PCURVE('',#9278,#10778);
#10778 = DEFINITIONAL_REPRESENTATION('',(#10779),#10783);
#10779 = LINE('',#10780,#10781);
#10780 = CARTESIAN_POINT('',(0.,-0.));
#10781 = VECTOR('',#10782,1.);
#10782 = DIRECTION('',(0.,1.));
#10783 = ( GEOMETRIC_REPRESENTATION_CONTEXT(2) 
PARAMETRIC_REPRESENTATION_CONTEXT() REPRESENTATION_CONTEXT('2D SPACE',''
  ) );
#10784 = ORIENTED_EDGE('',*,*,#10785,.T.);
#10785 = EDGE_CURVE('',#10763,#10763,#10786,.T.);
#10786 = SURFACE_CURVE('',#10787,(#10792,#10799),.PCURVE_S1.);
#10787 = CIRCLE('',#10788,28.5);
#10788 = AXIS2_PLACEMENT_3D('',#10789,#10790,#10791);
#10789 = CARTESIAN_POINT('',(0.,0.,33.15));
#10790 = DIRECTION('',(0.,0.,1.));
#10791 = DIRECTION('',(1.,0.,-0.));
#10792 = PCURVE('',#9278,#10793);
#10793 = DEFINITIONAL_REPRESENTATION('',(#10794),#10798);
#10794 = LINE('',#10795,#10796);
#10795 = CARTESIAN_POINT('',(0.,1.));
#10796 = VECTOR('',#10797,1.);
#10797 = DIRECTION('',(1.,0.));
#10798 = ( GEOMETRIC_REPRESENTATION_CONTEXT(2) 
PARAMETRIC_REPRESENTATION_CONTEXT() REPRESENTATION_CONTEXT('2D SPACE',''
  ) );
#10799 = PCURVE('',#9482,#10800);
#10800 = DEFINITIONAL_REPRESENTATION('',(#10801),#10805);
#10801 = CIRCLE('',#10802,28.5);
#10802 = AXIS2_PLACEMENT_2D('',#10803,#10804);
#10803 = CARTESIAN_POINT('',(58.015204917493,33.495094176206));
#10804 = DIRECTION('',(1.,0.));
#10805 = ( GEOMETRIC_REPRESENTATION_CONTEXT(2) 
PARAMETRIC_REPRESENTATION_CONTEXT() REPRESENTATION_CONTEXT('2D SPACE',''
  ) );
#10806 = ORIENTED_EDGE('',*,*,#10762,.T.);
#10807 = ADVANCED_FACE('',(#10808),#9312,.F.);
#10808 = FACE_BOUND('',#10809,.F.);
#10809 = EDGE_LOOP('',(#10810,#10811,#10834,#10856));
#10810 = ORIENTED_EDGE('',*,*,#9295,.F.);
#10811 = ORIENTED_EDGE('',*,*,#10812,.F.);
#10812 = EDGE_CURVE('',#10813,#9296,#10815,.T.);
#10813 = VERTEX_POINT('',#10814);
#10814 = CARTESIAN_POINT('',(-29.48683901165,16.411593884238,33.15));
#10815 = SEAM_CURVE('',#10816,(#10820,#10827),.PCURVE_S1.);
#10816 = LINE('',#10817,#10818);
#10817 = CARTESIAN_POINT('',(-29.48683901165,16.411593884238,32.15));
#10818 = VECTOR('',#10819,1.);
#10819 = DIRECTION('',(0.,0.,1.));
#10820 = PCURVE('',#9312,#10821);
#10821 = DEFINITIONAL_REPRESENTATION('',(#10822),#10826);
#10822 = LINE('',#10823,#10824);
#10823 = CARTESIAN_POINT('',(6.28318530718,-0.));
#10824 = VECTOR('',#10825,1.);
#10825 = DIRECTION('',(0.,1.));
#10826 = ( GEOMETRIC_REPRESENTATION_CONTEXT(2) 
PARAMETRIC_REPRESENTATION_CONTEXT() REPRESENTATION_CONTEXT('2D SPACE',''
  ) );
#10827 = PCURVE('',#9312,#10828);
#10828 = DEFINITIONAL_REPRESENTATION('',(#10829),#10833);
#10829 = LINE('',#10830,#10831);
#10830 = CARTESIAN_POINT('',(0.,-0.));
#10831 = VECTOR('',#10832,1.);
#10832 = DIRECTION('',(0.,1.));
#10833 = ( GEOMETRIC_REPRESENTATION_CONTEXT(2) 
PARAMETRIC_REPRESENTATION_CONTEXT() REPRESENTATION_CONTEXT('2D SPACE',''
  ) );
#10834 = ORIENTED_EDGE('',*,*,#10835,.T.);
#10835 = EDGE_CURVE('',#10813,#10813,#10836,.T.);
#10836 = SURFACE_CURVE('',#10837,(#10842,#10849),.PCURVE_S1.);
#10837 = CIRCLE('',#10838,12.);
#10838 = AXIS2_PLACEMENT_3D('',#10839,#10840,#10841);
#10839 = CARTESIAN_POINT('',(-41.48683901165,16.411593884238,33.15));
#10840 = DIRECTION('',(0.,0.,1.));
#10841 = DIRECTION('',(1.,0.,-0.));
#10842 = PCURVE('',#9312,#10843);
#10843 = DEFINITIONAL_REPRESENTATION('',(#10844),#10848);
#10844 = LINE('',#10845,#10846);
#10845 = CARTESIAN_POINT('',(0.,1.));
#10846 = VECTOR('',#10847,1.);
#10847 = DIRECTION('',(1.,0.));
#10848 = ( GEOMETRIC_REPRESENTATION_CONTEXT(2) 
PARAMETRIC_REPRESENTATION_CONTEXT() REPRESENTATION_CONTEXT('2D SPACE',''
  ) );
#10849 = PCURVE('',#9482,#10850);
#10850 = DEFINITIONAL_REPRESENTATION('',(#10851),#10855);
#10851 = CIRCLE('',#10852,12.);
#10852 = AXIS2_PLACEMENT_2D('',#10853,#10854);
#10853 = CARTESIAN_POINT('',(16.52836590584,49.906688060444));
#10854 = DIRECTION('',(1.,0.));
#10855 = ( GEOMETRIC_REPRESENTATION_CONTEXT(2) 
PARAMETRIC_REPRESENTATION_CONTEXT() REPRESENTATION_CONTEXT('2D SPACE',''
  ) );
#10856 = ORIENTED_EDGE('',*,*,#10812,.T.);
#10857 = ADVANCED_FACE('',(#10858),#9343,.F.);
#10858 = FACE_BOUND('',#10859,.F.);
#10859 = EDGE_LOOP('',(#10860,#10861,#10884,#10906));
#10860 = ORIENTED_EDGE('',*,*,#9326,.F.);
#10861 = ORIENTED_EDGE('',*,*,#10862,.F.);
#10862 = EDGE_CURVE('',#10863,#9327,#10865,.T.);
#10863 = VERTEX_POINT('',#10864);
#10864 = CARTESIAN_POINT('',(46.95627672617,27.722859564688,33.15));
#10865 = SEAM_CURVE('',#10866,(#10870,#10877),.PCURVE_S1.);
#10866 = LINE('',#10867,#10868);
#10867 = CARTESIAN_POINT('',(46.95627672617,27.722859564688,32.15));
#10868 = VECTOR('',#10869,1.);
#10869 = DIRECTION('',(0.,0.,1.));
#10870 = PCURVE('',#9343,#10871);
#10871 = DEFINITIONAL_REPRESENTATION('',(#10872),#10876);
#10872 = LINE('',#10873,#10874);
#10873 = CARTESIAN_POINT('',(6.28318530718,-0.));
#10874 = VECTOR('',#10875,1.);
#10875 = DIRECTION('',(0.,1.));
#10876 = ( GEOMETRIC_REPRESENTATION_CONTEXT(2) 
PARAMETRIC_REPRESENTATION_CONTEXT() REPRESENTATION_CONTEXT('2D SPACE',''
  ) );
#10877 = PCURVE('',#9343,#10878);
#10878 = DEFINITIONAL_REPRESENTATION('',(#10879),#10883);
#10879 = LINE('',#10880,#10881);
#10880 = CARTESIAN_POINT('',(0.,-0.));
#10881 = VECTOR('',#10882,1.);
#10882 = DIRECTION('',(0.,1.));
#10883 = ( GEOMETRIC_REPRESENTATION_CONTEXT(2) 
PARAMETRIC_REPRESENTATION_CONTEXT() REPRESENTATION_CONTEXT('2D SPACE',''
  ) );
#10884 = ORIENTED_EDGE('',*,*,#10885,.T.);
#10885 = EDGE_CURVE('',#10863,#10863,#10886,.T.);
#10886 = SURFACE_CURVE('',#10887,(#10892,#10899),.PCURVE_S1.);
#10887 = CIRCLE('',#10888,12.);
#10888 = AXIS2_PLACEMENT_3D('',#10889,#10890,#10891);
#10889 = CARTESIAN_POINT('',(34.95627672617,27.722859564688,33.15));
#10890 = DIRECTION('',(0.,0.,1.));
#10891 = DIRECTION('',(1.,0.,-0.));
#10892 = PCURVE('',#9343,#10893);
#10893 = DEFINITIONAL_REPRESENTATION('',(#10894),#10898);
#10894 = LINE('',#10895,#10896);
#10895 = CARTESIAN_POINT('',(0.,1.));
#10896 = VECTOR('',#10897,1.);
#10897 = DIRECTION('',(1.,0.));
#10898 = ( GEOMETRIC_REPRESENTATION_CONTEXT(2) 
PARAMETRIC_REPRESENTATION_CONTEXT() REPRESENTATION_CONTEXT('2D SPACE',''
  ) );
#10899 = PCURVE('',#9482,#10900);
#10900 = DEFINITIONAL_REPRESENTATION('',(#10901),#10905);
#10901 = CIRCLE('',#10902,12.);
#10902 = AXIS2_PLACEMENT_2D('',#10903,#10904);
#10903 = CARTESIAN_POINT('',(92.971481643663,61.217953740894));
#10904 = DIRECTION('',(1.,0.));
#10905 = ( GEOMETRIC_REPRESENTATION_CONTEXT(2) 
PARAMETRIC_REPRESENTATION_CONTEXT() REPRESENTATION_CONTEXT('2D SPACE',''
  ) );
#10906 = ORIENTED_EDGE('',*,*,#10862,.T.);
#10907 = ADVANCED_FACE('',(#10908),#9374,.F.);
#10908 = FACE_BOUND('',#10909,.T.);
#10909 = EDGE_LOOP('',(#10910,#10911,#10935,#10962));
#10910 = ORIENTED_EDGE('',*,*,#9357,.T.);
#10911 = ORIENTED_EDGE('',*,*,#10912,.T.);
#10912 = EDGE_CURVE('',#9358,#10913,#10915,.T.);
#10913 = VERTEX_POINT('',#10914);
#10914 = CARTESIAN_POINT('',(6.2,49.53,41.65));
#10915 = SEAM_CURVE('',#10916,(#10921,#10928),.PCURVE_S1.);
#10916 = CIRCLE('',#10917,2.);
#10917 = AXIS2_PLACEMENT_3D('',#10918,#10919,#10920);
#10918 = CARTESIAN_POINT('',(8.2,49.53,41.65));
#10919 = DIRECTION('',(0.,1.,0.));
#10920 = DIRECTION('',(-3.5527136788E-15,0.,-1.));
#10921 = PCURVE('',#9374,#10922);
#10922 = DEFINITIONAL_REPRESENTATION('',(#10923),#10927);
#10923 = LINE('',#10924,#10925);
#10924 = CARTESIAN_POINT('',(-0.,1.570796326795));
#10925 = VECTOR('',#10926,1.);
#10926 = DIRECTION('',(-0.,1.));
#10927 = ( GEOMETRIC_REPRESENTATION_CONTEXT(2) 
PARAMETRIC_REPRESENTATION_CONTEXT() REPRESENTATION_CONTEXT('2D SPACE',''
  ) );
#10928 = PCURVE('',#9374,#10929);
#10929 = DEFINITIONAL_REPRESENTATION('',(#10930),#10934);
#10930 = LINE('',#10931,#10932);
#10931 = CARTESIAN_POINT('',(-6.28318530718,1.570796326795));
#10932 = VECTOR('',#10933,1.);
#10933 = DIRECTION('',(-0.,1.));
#10934 = ( GEOMETRIC_REPRESENTATION_CONTEXT(2) 
PARAMETRIC_REPRESENTATION_CONTEXT() REPRESENTATION_CONTEXT('2D SPACE',''
  ) );
#10935 = ORIENTED_EDGE('',*,*,#10936,.F.);
#10936 = EDGE_CURVE('',#10913,#10913,#10937,.T.);
#10937 = SURFACE_CURVE('',#10938,(#10943,#10950),.PCURVE_S1.);
#10938 = CIRCLE('',#10939,6.2);
#10939 = AXIS2_PLACEMENT_3D('',#10940,#10941,#10942);
#10940 = CARTESIAN_POINT('',(3.032837798088E-15,49.53,41.65));
#10941 = DIRECTION('',(0.,0.,1.));
#10942 = DIRECTION('',(1.,0.,-0.));
#10943 = PCURVE('',#9374,#10944);
#10944 = DEFINITIONAL_REPRESENTATION('',(#10945),#10949);
#10945 = LINE('',#10946,#10947);
#10946 = CARTESIAN_POINT('',(-0.,3.14159265359));
#10947 = VECTOR('',#10948,1.);
#10948 = DIRECTION('',(-1.,0.));
#10949 = ( GEOMETRIC_REPRESENTATION_CONTEXT(2) 
PARAMETRIC_REPRESENTATION_CONTEXT() REPRESENTATION_CONTEXT('2D SPACE',''
  ) );
#10950 = PCURVE('',#10951,#10956);
#10951 = CYLINDRICAL_SURFACE('',#10952,6.2);
#10952 = AXIS2_PLACEMENT_3D('',#10953,#10954,#10955);
#10953 = CARTESIAN_POINT('',(3.032837798088E-15,49.53,33.15));
#10954 = DIRECTION('',(0.,0.,1.));
#10955 = DIRECTION('',(1.,0.,-0.));
#10956 = DEFINITIONAL_REPRESENTATION('',(#10957),#10961);
#10957 = LINE('',#10958,#10959);
#10958 = CARTESIAN_POINT('',(0.,8.5));
#10959 = VECTOR('',#10960,1.);
#10960 = DIRECTION('',(1.,0.));
#10961 = ( GEOMETRIC_REPRESENTATION_CONTEXT(2) 
PARAMETRIC_REPRESENTATION_CONTEXT() REPRESENTATION_CONTEXT('2D SPACE',''
  ) );
#10962 = ORIENTED_EDGE('',*,*,#10912,.F.);
#10963 = ADVANCED_FACE('',(#10964,#10967),#9428,.T.);
#10964 = FACE_BOUND('',#10965,.T.);
#10965 = EDGE_LOOP('',(#10966));
#10966 = ORIENTED_EDGE('',*,*,#9413,.T.);
#10967 = FACE_BOUND('',#10968,.T.);
#10968 = EDGE_LOOP('',(#10969));
#10969 = ORIENTED_EDGE('',*,*,#10970,.F.);
#10970 = EDGE_CURVE('',#10971,#10971,#10973,.T.);
#10971 = VERTEX_POINT('',#10972);
#10972 = CARTESIAN_POINT('',(47.594238249443,-24.765,48.55));
#10973 = SURFACE_CURVE('',#10974,(#10979,#10986),.PCURVE_S1.);
#10974 = CIRCLE('',#10975,4.7);
#10975 = AXIS2_PLACEMENT_3D('',#10976,#10977,#10978);
#10976 = CARTESIAN_POINT('',(42.894238249443,-24.765,48.55));
#10977 = DIRECTION('',(0.,0.,1.));
#10978 = DIRECTION('',(1.,0.,-0.));
#10979 = PCURVE('',#9428,#10980);
#10980 = DEFINITIONAL_REPRESENTATION('',(#10981),#10985);
#10981 = CIRCLE('',#10982,4.7);
#10982 = AXIS2_PLACEMENT_2D('',#10983,#10984);
#10983 = CARTESIAN_POINT('',(0.,0.));
#10984 = DIRECTION('',(1.,0.));
#10985 = ( GEOMETRIC_REPRESENTATION_CONTEXT(2) 
PARAMETRIC_REPRESENTATION_CONTEXT() REPRESENTATION_CONTEXT('2D SPACE',''
  ) );
#10986 = PCURVE('',#10987,#10992);
#10987 = CYLINDRICAL_SURFACE('',#10988,4.7);
#10988 = AXIS2_PLACEMENT_3D('',#10989,#10990,#10991);
#10989 = CARTESIAN_POINT('',(42.894238249443,-24.765,46.55));
#10990 = DIRECTION('',(0.,0.,1.));
#10991 = DIRECTION('',(1.,0.,-0.));
#10992 = DEFINITIONAL_REPRESENTATION('',(#10993),#10997);
#10993 = LINE('',#10994,#10995);
#10994 = CARTESIAN_POINT('',(0.,2.));
#10995 = VECTOR('',#10996,1.);
#10996 = DIRECTION('',(1.,0.));
#10997 = ( GEOMETRIC_REPRESENTATION_CONTEXT(2) 
PARAMETRIC_REPRESENTATION_CONTEXT() REPRESENTATION_CONTEXT('2D SPACE',''
  ) );
#10998 = ADVANCED_FACE('',(#10999,#11073,#11104,#11107,#11138,#11141,
    #11144,#11175),#9482,.F.);
#10999 = FACE_BOUND('',#11000,.F.);
#11000 = EDGE_LOOP('',(#11001,#11022,#11023,#11024,#11025,#11046,#11047,
    #11048,#11049,#11070,#11071,#11072));
#11001 = ORIENTED_EDGE('',*,*,#11002,.T.);
#11002 = EDGE_CURVE('',#10322,#10376,#11003,.T.);
#11003 = SURFACE_CURVE('',#11004,(#11008,#11015),.PCURVE_S1.);
#11004 = LINE('',#11005,#11006);
#11005 = CARTESIAN_POINT('',(70.068858051488,-48.53717782649,33.15));
#11006 = VECTOR('',#11007,1.);
#11007 = DIRECTION('',(0.5,0.866025403784,0.));
#11008 = PCURVE('',#9482,#11009);
#11009 = DEFINITIONAL_REPRESENTATION('',(#11010),#11014);
#11010 = LINE('',#11011,#11012);
#11011 = CARTESIAN_POINT('',(128.08406296898,-15.04208365028));
#11012 = VECTOR('',#11013,1.);
#11013 = DIRECTION('',(0.5,0.866025403784));
#11014 = ( GEOMETRIC_REPRESENTATION_CONTEXT(2) 
PARAMETRIC_REPRESENTATION_CONTEXT() REPRESENTATION_CONTEXT('2D SPACE',''
  ) );
#11015 = PCURVE('',#10360,#11016);
#11016 = DEFINITIONAL_REPRESENTATION('',(#11017),#11021);
#11017 = LINE('',#11018,#11019);
#11018 = CARTESIAN_POINT('',(0.,0.));
#11019 = VECTOR('',#11020,1.);
#11020 = DIRECTION('',(1.,0.));
#11021 = ( GEOMETRIC_REPRESENTATION_CONTEXT(2) 
PARAMETRIC_REPRESENTATION_CONTEXT() REPRESENTATION_CONTEXT('2D SPACE',''
  ) );
#11022 = ORIENTED_EDGE('',*,*,#10375,.T.);
#11023 = ORIENTED_EDGE('',*,*,#10294,.T.);
#11024 = ORIENTED_EDGE('',*,*,#10156,.T.);
#11025 = ORIENTED_EDGE('',*,*,#11026,.T.);
#11026 = EDGE_CURVE('',#10159,#9572,#11027,.T.);
#11027 = SURFACE_CURVE('',#11028,(#11032,#11039),.PCURVE_S1.);
#11028 = LINE('',#11029,#11030);
#11029 = CARTESIAN_POINT('',(7.,84.95,33.15));
#11030 = VECTOR('',#11031,1.);
#11031 = DIRECTION('',(-1.,0.,0.));
#11032 = PCURVE('',#9482,#11033);
#11033 = DEFINITIONAL_REPRESENTATION('',(#11034),#11038);
#11034 = LINE('',#11035,#11036);
#11035 = CARTESIAN_POINT('',(65.015204917493,118.4450941762));
#11036 = VECTOR('',#11037,1.);
#11037 = DIRECTION('',(-1.,0.));
#11038 = ( GEOMETRIC_REPRESENTATION_CONTEXT(2) 
PARAMETRIC_REPRESENTATION_CONTEXT() REPRESENTATION_CONTEXT('2D SPACE',''
  ) );
#11039 = PCURVE('',#9608,#11040);
#11040 = DEFINITIONAL_REPRESENTATION('',(#11041),#11045);
#11041 = LINE('',#11042,#11043);
#11042 = CARTESIAN_POINT('',(0.,-0.));
#11043 = VECTOR('',#11044,1.);
#11044 = DIRECTION('',(1.,0.));
#11045 = ( GEOMETRIC_REPRESENTATION_CONTEXT(2) 
PARAMETRIC_REPRESENTATION_CONTEXT() REPRESENTATION_CONTEXT('2D SPACE',''
  ) );
#11046 = ORIENTED_EDGE('',*,*,#9571,.T.);
#11047 = ORIENTED_EDGE('',*,*,#9465,.T.);
#11048 = ORIENTED_EDGE('',*,*,#9517,.T.);
#11049 = ORIENTED_EDGE('',*,*,#11050,.T.);
#11050 = EDGE_CURVE('',#9518,#10088,#11051,.T.);
#11051 = SURFACE_CURVE('',#11052,(#11056,#11063),.PCURVE_S1.);
#11052 = LINE('',#11053,#11054);
#11053 = CARTESIAN_POINT('',(-77.06885805148,-36.4128221735,33.15));
#11054 = VECTOR('',#11055,1.);
#11055 = DIRECTION('',(0.5,-0.866025403784,-0.));
#11056 = PCURVE('',#9482,#11057);
#11057 = DEFINITIONAL_REPRESENTATION('',(#11058),#11062);
#11058 = LINE('',#11059,#11060);
#11059 = CARTESIAN_POINT('',(-19.05365313399,-2.917727997303));
#11060 = VECTOR('',#11061,1.);
#11061 = DIRECTION('',(0.5,-0.866025403784));
#11062 = ( GEOMETRIC_REPRESENTATION_CONTEXT(2) 
PARAMETRIC_REPRESENTATION_CONTEXT() REPRESENTATION_CONTEXT('2D SPACE',''
  ) );
#11063 = PCURVE('',#9556,#11064);
#11064 = DEFINITIONAL_REPRESENTATION('',(#11065),#11069);
#11065 = LINE('',#11066,#11067);
#11066 = CARTESIAN_POINT('',(0.,0.));
#11067 = VECTOR('',#11068,1.);
#11068 = DIRECTION('',(1.,0.));
#11069 = ( GEOMETRIC_REPRESENTATION_CONTEXT(2) 
PARAMETRIC_REPRESENTATION_CONTEXT() REPRESENTATION_CONTEXT('2D SPACE',''
  ) );
#11070 = ORIENTED_EDGE('',*,*,#10087,.T.);
#11071 = ORIENTED_EDGE('',*,*,#10226,.T.);
#11072 = ORIENTED_EDGE('',*,*,#10321,.T.);
#11073 = FACE_BOUND('',#11074,.F.);
#11074 = EDGE_LOOP('',(#11075));
#11075 = ORIENTED_EDGE('',*,*,#11076,.F.);
#11076 = EDGE_CURVE('',#11077,#11077,#11079,.T.);
#11077 = VERTEX_POINT('',#11078);
#11078 = CARTESIAN_POINT('',(-40.09423824944,-24.765,33.15));
#11079 = SURFACE_CURVE('',#11080,(#11085,#11092),.PCURVE_S1.);
#11080 = CIRCLE('',#11081,2.8);
#11081 = AXIS2_PLACEMENT_3D('',#11082,#11083,#11084);
#11082 = CARTESIAN_POINT('',(-42.89423824944,-24.765,33.15));
#11083 = DIRECTION('',(0.,0.,1.));
#11084 = DIRECTION('',(1.,0.,-0.));
#11085 = PCURVE('',#9482,#11086);
#11086 = DEFINITIONAL_REPRESENTATION('',(#11087),#11091);
#11087 = CIRCLE('',#11088,2.8);
#11088 = AXIS2_PLACEMENT_2D('',#11089,#11090);
#11089 = CARTESIAN_POINT('',(15.12096666805,8.730094176206));
#11090 = DIRECTION('',(1.,0.));
#11091 = ( GEOMETRIC_REPRESENTATION_CONTEXT(2) 
PARAMETRIC_REPRESENTATION_CONTEXT() REPRESENTATION_CONTEXT('2D SPACE',''
  ) );
#11092 = PCURVE('',#11093,#11098);
#11093 = CYLINDRICAL_SURFACE('',#11094,2.8);
#11094 = AXIS2_PLACEMENT_3D('',#11095,#11096,#11097);
#11095 = CARTESIAN_POINT('',(-42.89423824944,-24.765,32.15));
#11096 = DIRECTION('',(0.,0.,1.));
#11097 = DIRECTION('',(1.,0.,-0.));
#11098 = DEFINITIONAL_REPRESENTATION('',(#11099),#11103);
#11099 = LINE('',#11100,#11101);
#11100 = CARTESIAN_POINT('',(0.,1.));
#11101 = VECTOR('',#11102,1.);
#11102 = DIRECTION('',(1.,0.));
#11103 = ( GEOMETRIC_REPRESENTATION_CONTEXT(2) 
PARAMETRIC_REPRESENTATION_CONTEXT() REPRESENTATION_CONTEXT('2D SPACE',''
  ) );
#11104 = FACE_BOUND('',#11105,.F.);
#11105 = EDGE_LOOP('',(#11106));
#11106 = ORIENTED_EDGE('',*,*,#10735,.F.);
#11107 = FACE_BOUND('',#11108,.F.);
#11108 = EDGE_LOOP('',(#11109));
#11109 = ORIENTED_EDGE('',*,*,#11110,.F.);
#11110 = EDGE_CURVE('',#11111,#11111,#11113,.T.);
#11111 = VERTEX_POINT('',#11112);
#11112 = CARTESIAN_POINT('',(45.694238249443,-24.765,33.15));
#11113 = SURFACE_CURVE('',#11114,(#11119,#11126),.PCURVE_S1.);
#11114 = CIRCLE('',#11115,2.8);
#11115 = AXIS2_PLACEMENT_3D('',#11116,#11117,#11118);
#11116 = CARTESIAN_POINT('',(42.894238249443,-24.765,33.15));
#11117 = DIRECTION('',(0.,0.,1.));
#11118 = DIRECTION('',(1.,0.,-0.));
#11119 = PCURVE('',#9482,#11120);
#11120 = DEFINITIONAL_REPRESENTATION('',(#11121),#11125);
#11121 = CIRCLE('',#11122,2.8);
#11122 = AXIS2_PLACEMENT_2D('',#11123,#11124);
#11123 = CARTESIAN_POINT('',(100.90944316693,8.730094176206));
#11124 = DIRECTION('',(1.,0.));
#11125 = ( GEOMETRIC_REPRESENTATION_CONTEXT(2) 
PARAMETRIC_REPRESENTATION_CONTEXT() REPRESENTATION_CONTEXT('2D SPACE',''
  ) );
#11126 = PCURVE('',#11127,#11132);
#11127 = CYLINDRICAL_SURFACE('',#11128,2.8);
#11128 = AXIS2_PLACEMENT_3D('',#11129,#11130,#11131);
#11129 = CARTESIAN_POINT('',(42.894238249443,-24.765,32.15));
#11130 = DIRECTION('',(0.,0.,1.));
#11131 = DIRECTION('',(1.,0.,-0.));
#11132 = DEFINITIONAL_REPRESENTATION('',(#11133),#11137);
#11133 = LINE('',#11134,#11135);
#11134 = CARTESIAN_POINT('',(0.,1.));
#11135 = VECTOR('',#11136,1.);
#11136 = DIRECTION('',(1.,0.));
#11137 = ( GEOMETRIC_REPRESENTATION_CONTEXT(2) 
PARAMETRIC_REPRESENTATION_CONTEXT() REPRESENTATION_CONTEXT('2D SPACE',''
  ) );
#11138 = FACE_BOUND('',#11139,.F.);
#11139 = EDGE_LOOP('',(#11140));
#11140 = ORIENTED_EDGE('',*,*,#10835,.F.);
#11141 = FACE_BOUND('',#11142,.F.);
#11142 = EDGE_LOOP('',(#11143));
#11143 = ORIENTED_EDGE('',*,*,#10785,.F.);
#11144 = FACE_BOUND('',#11145,.F.);
#11145 = EDGE_LOOP('',(#11146));
#11146 = ORIENTED_EDGE('',*,*,#11147,.F.);
#11147 = EDGE_CURVE('',#11148,#11148,#11150,.T.);
#11148 = VERTEX_POINT('',#11149);
#11149 = CARTESIAN_POINT('',(2.8,49.53,33.15));
#11150 = SURFACE_CURVE('',#11151,(#11156,#11163),.PCURVE_S1.);
#11151 = CIRCLE('',#11152,2.8);
#11152 = AXIS2_PLACEMENT_3D('',#11153,#11154,#11155);
#11153 = CARTESIAN_POINT('',(3.032837798088E-15,49.53,33.15));
#11154 = DIRECTION('',(0.,0.,1.));
#11155 = DIRECTION('',(1.,0.,-0.));
#11156 = PCURVE('',#9482,#11157);
#11157 = DEFINITIONAL_REPRESENTATION('',(#11158),#11162);
#11158 = CIRCLE('',#11159,2.8);
#11159 = AXIS2_PLACEMENT_2D('',#11160,#11161);
#11160 = CARTESIAN_POINT('',(58.015204917493,83.025094176206));
#11161 = DIRECTION('',(1.,0.));
#11162 = ( GEOMETRIC_REPRESENTATION_CONTEXT(2) 
PARAMETRIC_REPRESENTATION_CONTEXT() REPRESENTATION_CONTEXT('2D SPACE',''
  ) );
#11163 = PCURVE('',#11164,#11169);
#11164 = CYLINDRICAL_SURFACE('',#11165,2.8);
#11165 = AXIS2_PLACEMENT_3D('',#11166,#11167,#11168);
#11166 = CARTESIAN_POINT('',(3.032837798088E-15,49.53,32.15));
#11167 = DIRECTION('',(0.,0.,1.));
#11168 = DIRECTION('',(1.,0.,-0.));
#11169 = DEFINITIONAL_REPRESENTATION('',(#11170),#11174);
#11170 = LINE('',#11171,#11172);
#11171 = CARTESIAN_POINT('',(0.,1.));
#11172 = VECTOR('',#11173,1.);
#11173 = DIRECTION('',(1.,0.));
#11174 = ( GEOMETRIC_REPRESENTATION_CONTEXT(2) 
PARAMETRIC_REPRESENTATION_CONTEXT() REPRESENTATION_CONTEXT('2D SPACE',''
  ) );
#11175 = FACE_BOUND('',#11176,.F.);
#11176 = EDGE_LOOP('',(#11177));
#11177 = ORIENTED_EDGE('',*,*,#10885,.F.);
#11178 = ADVANCED_FACE('',(#11179),#9556,.F.);
#11179 = FACE_BOUND('',#11180,.F.);
#11180 = EDGE_LOOP('',(#11181,#11182,#11183,#11204,#11205,#11206));
#11181 = ORIENTED_EDGE('',*,*,#9542,.T.);
#11182 = ORIENTED_EDGE('',*,*,#9705,.T.);
#11183 = ORIENTED_EDGE('',*,*,#11184,.T.);
#11184 = EDGE_CURVE('',#9678,#9969,#11185,.T.);
#11185 = SURFACE_CURVE('',#11186,(#11190,#11197),.PCURVE_S1.);
#11186 = LINE('',#11187,#11188);
#11187 = CARTESIAN_POINT('',(-77.06885805148,-36.4128221735,61.25));
#11188 = VECTOR('',#11189,1.);
#11189 = DIRECTION('',(0.5,-0.866025403784,-0.));
#11190 = PCURVE('',#9556,#11191);
#11191 = DEFINITIONAL_REPRESENTATION('',(#11192),#11196);
#11192 = LINE('',#11193,#11194);
#11193 = CARTESIAN_POINT('',(0.,-28.1));
#11194 = VECTOR('',#11195,1.);
#11195 = DIRECTION('',(1.,0.));
#11196 = ( GEOMETRIC_REPRESENTATION_CONTEXT(2) 
PARAMETRIC_REPRESENTATION_CONTEXT() REPRESENTATION_CONTEXT('2D SPACE',''
  ) );
#11197 = PCURVE('',#9693,#11198);
#11198 = DEFINITIONAL_REPRESENTATION('',(#11199),#11203);
#11199 = LINE('',#11200,#11201);
#11200 = CARTESIAN_POINT('',(-6.964101615138,4.062177826491));
#11201 = VECTOR('',#11202,1.);
#11202 = DIRECTION('',(0.5,-0.866025403784));
#11203 = ( GEOMETRIC_REPRESENTATION_CONTEXT(2) 
PARAMETRIC_REPRESENTATION_CONTEXT() REPRESENTATION_CONTEXT('2D SPACE',''
  ) );
#11204 = ORIENTED_EDGE('',*,*,#9968,.F.);
#11205 = ORIENTED_EDGE('',*,*,#10112,.F.);
#11206 = ORIENTED_EDGE('',*,*,#11050,.F.);
#11207 = ADVANCED_FACE('',(#11208),#9608,.F.);
#11208 = FACE_BOUND('',#11209,.F.);
#11209 = EDGE_LOOP('',(#11210,#11211,#11212,#11233,#11234,#11235));
#11210 = ORIENTED_EDGE('',*,*,#10201,.T.);
#11211 = ORIENTED_EDGE('',*,*,#10062,.T.);
#11212 = ORIENTED_EDGE('',*,*,#11213,.T.);
#11213 = EDGE_CURVE('',#10040,#9788,#11214,.T.);
#11214 = SURFACE_CURVE('',#11215,(#11219,#11226),.PCURVE_S1.);
#11215 = LINE('',#11216,#11217);
#11216 = CARTESIAN_POINT('',(7.,84.95,61.25));
#11217 = VECTOR('',#11218,1.);
#11218 = DIRECTION('',(-1.,0.,0.));
#11219 = PCURVE('',#9608,#11220);
#11220 = DEFINITIONAL_REPRESENTATION('',(#11221),#11225);
#11221 = LINE('',#11222,#11223);
#11222 = CARTESIAN_POINT('',(0.,-28.1));
#11223 = VECTOR('',#11224,1.);
#11224 = DIRECTION('',(1.,0.));
#11225 = ( GEOMETRIC_REPRESENTATION_CONTEXT(2) 
PARAMETRIC_REPRESENTATION_CONTEXT() REPRESENTATION_CONTEXT('2D SPACE',''
  ) );
#11226 = PCURVE('',#9824,#11227);
#11227 = DEFINITIONAL_REPRESENTATION('',(#11228),#11232);
#11228 = LINE('',#11229,#11230);
#11229 = CARTESIAN_POINT('',(7.,4.));
#11230 = VECTOR('',#11231,1.);
#11231 = DIRECTION('',(-1.,0.));
#11232 = ( GEOMETRIC_REPRESENTATION_CONTEXT(2) 
PARAMETRIC_REPRESENTATION_CONTEXT() REPRESENTATION_CONTEXT('2D SPACE',''
  ) );
#11233 = ORIENTED_EDGE('',*,*,#9787,.F.);
#11234 = ORIENTED_EDGE('',*,*,#9594,.F.);
#11235 = ORIENTED_EDGE('',*,*,#11026,.F.);
#11236 = ADVANCED_FACE('',(#11237),#9665,.F.);
#11237 = FACE_BOUND('',#11238,.F.);
#11238 = EDGE_LOOP('',(#11239,#11240,#11241,#11242));
#11239 = ORIENTED_EDGE('',*,*,#9649,.F.);
#11240 = ORIENTED_EDGE('',*,*,#9869,.T.);
#11241 = ORIENTED_EDGE('',*,*,#9943,.T.);
#11242 = ORIENTED_EDGE('',*,*,#11243,.T.);
#11243 = EDGE_CURVE('',#9944,#9650,#11244,.T.);
#11244 = SURFACE_CURVE('',#11245,(#11249,#11256),.PCURVE_S1.);
#11245 = LINE('',#11246,#11247);
#11246 = CARTESIAN_POINT('',(-63.14065482121,-44.53717782649,61.25));
#11247 = VECTOR('',#11248,1.);
#11248 = DIRECTION('',(-0.5,0.866025403784,0.));
#11249 = PCURVE('',#9665,#11250);
#11250 = DEFINITIONAL_REPRESENTATION('',(#11251),#11255);
#11251 = LINE('',#11252,#11253);
#11252 = CARTESIAN_POINT('',(0.,-28.1));
#11253 = VECTOR('',#11254,1.);
#11254 = DIRECTION('',(1.,0.));
#11255 = ( GEOMETRIC_REPRESENTATION_CONTEXT(2) 
PARAMETRIC_REPRESENTATION_CONTEXT() REPRESENTATION_CONTEXT('2D SPACE',''
  ) );
#11256 = PCURVE('',#9693,#11257);
#11257 = DEFINITIONAL_REPRESENTATION('',(#11258),#11262);
#11258 = LINE('',#11259,#11260);
#11259 = CARTESIAN_POINT('',(6.964101615138,-4.062177826491));
#11260 = VECTOR('',#11261,1.);
#11261 = DIRECTION('',(-0.5,0.866025403784));
#11262 = ( GEOMETRIC_REPRESENTATION_CONTEXT(2) 
PARAMETRIC_REPRESENTATION_CONTEXT() REPRESENTATION_CONTEXT('2D SPACE',''
  ) );
#11263 = ADVANCED_FACE('',(#11264),#9693,.T.);
#11264 = FACE_BOUND('',#11265,.T.);
#11265 = EDGE_LOOP('',(#11266,#11267,#11268,#11269));
#11266 = ORIENTED_EDGE('',*,*,#9677,.T.);
#11267 = ORIENTED_EDGE('',*,*,#11184,.T.);
#11268 = ORIENTED_EDGE('',*,*,#9991,.T.);
#11269 = ORIENTED_EDGE('',*,*,#11243,.T.);
#11270 = ADVANCED_FACE('',(#11271),#9748,.F.);
#11271 = FACE_BOUND('',#11272,.F.);
#11272 = EDGE_LOOP('',(#11273,#11274,#11275,#11276));
#11273 = ORIENTED_EDGE('',*,*,#10016,.F.);
#11274 = ORIENTED_EDGE('',*,*,#9919,.T.);
#11275 = ORIENTED_EDGE('',*,*,#9730,.T.);
#11276 = ORIENTED_EDGE('',*,*,#11277,.T.);
#11277 = EDGE_CURVE('',#9733,#10017,#11278,.T.);
#11278 = SURFACE_CURVE('',#11279,(#11283,#11290),.PCURVE_S1.);
#11279 = LINE('',#11280,#11281);
#11280 = CARTESIAN_POINT('',(-7.,76.95,61.25));
#11281 = VECTOR('',#11282,1.);
#11282 = DIRECTION('',(1.,0.,0.));
#11283 = PCURVE('',#9748,#11284);
#11284 = DEFINITIONAL_REPRESENTATION('',(#11285),#11289);
#11285 = LINE('',#11286,#11287);
#11286 = CARTESIAN_POINT('',(0.,-28.1));
#11287 = VECTOR('',#11288,1.);
#11288 = DIRECTION('',(1.,0.));
#11289 = ( GEOMETRIC_REPRESENTATION_CONTEXT(2) 
PARAMETRIC_REPRESENTATION_CONTEXT() REPRESENTATION_CONTEXT('2D SPACE',''
  ) );
#11290 = PCURVE('',#9824,#11291);
#11291 = DEFINITIONAL_REPRESENTATION('',(#11292),#11296);
#11292 = LINE('',#11293,#11294);
#11293 = CARTESIAN_POINT('',(-7.,-4.));
#11294 = VECTOR('',#11295,1.);
#11295 = DIRECTION('',(1.,0.));
#11296 = ( GEOMETRIC_REPRESENTATION_CONTEXT(2) 
PARAMETRIC_REPRESENTATION_CONTEXT() REPRESENTATION_CONTEXT('2D SPACE',''
  ) );
#11297 = ADVANCED_FACE('',(#11298),#9824,.T.);
#11298 = FACE_BOUND('',#11299,.T.);
#11299 = EDGE_LOOP('',(#11300,#11301,#11302,#11303));
#11300 = ORIENTED_EDGE('',*,*,#10039,.T.);
#11301 = ORIENTED_EDGE('',*,*,#11213,.T.);
#11302 = ORIENTED_EDGE('',*,*,#9810,.T.);
#11303 = ORIENTED_EDGE('',*,*,#11277,.T.);
#11304 = ADVANCED_FACE('',(#11305),#10360,.F.);
#11305 = FACE_BOUND('',#11306,.F.);
#11306 = EDGE_LOOP('',(#11307,#11308,#11309,#11330,#11331,#11332));
#11307 = ORIENTED_EDGE('',*,*,#10346,.T.);
#11308 = ORIENTED_EDGE('',*,*,#10504,.T.);
#11309 = ORIENTED_EDGE('',*,*,#11310,.T.);
#11310 = EDGE_CURVE('',#10477,#10582,#11311,.T.);
#11311 = SURFACE_CURVE('',#11312,(#11316,#11323),.PCURVE_S1.);
#11312 = LINE('',#11313,#11314);
#11313 = CARTESIAN_POINT('',(70.068858051488,-48.53717782649,61.25));
#11314 = VECTOR('',#11315,1.);
#11315 = DIRECTION('',(0.5,0.866025403784,0.));
#11316 = PCURVE('',#10360,#11317);
#11317 = DEFINITIONAL_REPRESENTATION('',(#11318),#11322);
#11318 = LINE('',#11319,#11320);
#11319 = CARTESIAN_POINT('',(0.,-28.1));
#11320 = VECTOR('',#11321,1.);
#11321 = DIRECTION('',(1.,0.));
#11322 = ( GEOMETRIC_REPRESENTATION_CONTEXT(2) 
PARAMETRIC_REPRESENTATION_CONTEXT() REPRESENTATION_CONTEXT('2D SPACE',''
  ) );
#11323 = PCURVE('',#10492,#11324);
#11324 = DEFINITIONAL_REPRESENTATION('',(#11325),#11329);
#11325 = LINE('',#11326,#11327);
#11326 = CARTESIAN_POINT('',(-3.589838486224E-02,-8.062177826491));
#11327 = VECTOR('',#11328,1.);
#11328 = DIRECTION('',(0.5,0.866025403784));
#11329 = ( GEOMETRIC_REPRESENTATION_CONTEXT(2) 
PARAMETRIC_REPRESENTATION_CONTEXT() REPRESENTATION_CONTEXT('2D SPACE',''
  ) );
#11330 = ORIENTED_EDGE('',*,*,#10581,.F.);
#11331 = ORIENTED_EDGE('',*,*,#10398,.F.);
#11332 = ORIENTED_EDGE('',*,*,#11002,.F.);
#11333 = ADVANCED_FACE('',(#11334),#10464,.F.);
#11334 = FACE_BOUND('',#11335,.F.);
#11335 = EDGE_LOOP('',(#11336,#11337,#11338,#11339));
#11336 = ORIENTED_EDGE('',*,*,#10448,.F.);
#11337 = ORIENTED_EDGE('',*,*,#10631,.T.);
#11338 = ORIENTED_EDGE('',*,*,#10529,.T.);
#11339 = ORIENTED_EDGE('',*,*,#11340,.T.);
#11340 = EDGE_CURVE('',#10532,#10449,#11341,.T.);
#11341 = SURFACE_CURVE('',#11342,(#11346,#11353),.PCURVE_S1.);
#11342 = LINE('',#11343,#11344);
#11343 = CARTESIAN_POINT('',(70.140654821213,-32.4128221735,61.25));
#11344 = VECTOR('',#11345,1.);
#11345 = DIRECTION('',(-0.5,-0.866025403784,0.));
#11346 = PCURVE('',#10464,#11347);
#11347 = DEFINITIONAL_REPRESENTATION('',(#11348),#11352);
#11348 = LINE('',#11349,#11350);
#11349 = CARTESIAN_POINT('',(0.,-28.1));
#11350 = VECTOR('',#11351,1.);
#11351 = DIRECTION('',(1.,0.));
#11352 = ( GEOMETRIC_REPRESENTATION_CONTEXT(2) 
PARAMETRIC_REPRESENTATION_CONTEXT() REPRESENTATION_CONTEXT('2D SPACE',''
  ) );
#11353 = PCURVE('',#10492,#11354);
#11354 = DEFINITIONAL_REPRESENTATION('',(#11355),#11359);
#11355 = LINE('',#11356,#11357);
#11356 = CARTESIAN_POINT('',(3.589838486225E-02,8.062177826491));
#11357 = VECTOR('',#11358,1.);
#11358 = DIRECTION('',(-0.5,-0.866025403784));
#11359 = ( GEOMETRIC_REPRESENTATION_CONTEXT(2) 
PARAMETRIC_REPRESENTATION_CONTEXT() REPRESENTATION_CONTEXT('2D SPACE',''
  ) );
#11360 = ADVANCED_FACE('',(#11361),#10492,.T.);
#11361 = FACE_BOUND('',#11362,.T.);
#11362 = EDGE_LOOP('',(#11363,#11364,#11365,#11366));
#11363 = ORIENTED_EDGE('',*,*,#10476,.T.);
#11364 = ORIENTED_EDGE('',*,*,#11310,.T.);
#11365 = ORIENTED_EDGE('',*,*,#10604,.T.);
#11366 = ORIENTED_EDGE('',*,*,#11340,.T.);
#11367 = ADVANCED_FACE('',(#11368),#10695,.T.);
#11368 = FACE_BOUND('',#11369,.T.);
#11369 = EDGE_LOOP('',(#11370,#11371,#11394,#11421));
#11370 = ORIENTED_EDGE('',*,*,#10680,.T.);
#11371 = ORIENTED_EDGE('',*,*,#11372,.T.);
#11372 = EDGE_CURVE('',#10657,#11373,#11375,.T.);
#11373 = VERTEX_POINT('',#11374);
#11374 = CARTESIAN_POINT('',(-36.69423824944,-24.765,48.55));
#11375 = SEAM_CURVE('',#11376,(#11380,#11387),.PCURVE_S1.);
#11376 = LINE('',#11377,#11378);
#11377 = CARTESIAN_POINT('',(-36.69423824944,-24.765,33.15));
#11378 = VECTOR('',#11379,1.);
#11379 = DIRECTION('',(0.,0.,1.));
#11380 = PCURVE('',#10695,#11381);
#11381 = DEFINITIONAL_REPRESENTATION('',(#11382),#11386);
#11382 = LINE('',#11383,#11384);
#11383 = CARTESIAN_POINT('',(0.,-0.));
#11384 = VECTOR('',#11385,1.);
#11385 = DIRECTION('',(0.,1.));
#11386 = ( GEOMETRIC_REPRESENTATION_CONTEXT(2) 
PARAMETRIC_REPRESENTATION_CONTEXT() REPRESENTATION_CONTEXT('2D SPACE',''
  ) );
#11387 = PCURVE('',#10695,#11388);
#11388 = DEFINITIONAL_REPRESENTATION('',(#11389),#11393);
#11389 = LINE('',#11390,#11391);
#11390 = CARTESIAN_POINT('',(6.28318530718,-0.));
#11391 = VECTOR('',#11392,1.);
#11392 = DIRECTION('',(0.,1.));
#11393 = ( GEOMETRIC_REPRESENTATION_CONTEXT(2) 
PARAMETRIC_REPRESENTATION_CONTEXT() REPRESENTATION_CONTEXT('2D SPACE',''
  ) );
#11394 = ORIENTED_EDGE('',*,*,#11395,.F.);
#11395 = EDGE_CURVE('',#11373,#11373,#11396,.T.);
#11396 = SURFACE_CURVE('',#11397,(#11402,#11409),.PCURVE_S1.);
#11397 = CIRCLE('',#11398,6.2);
#11398 = AXIS2_PLACEMENT_3D('',#11399,#11400,#11401);
#11399 = CARTESIAN_POINT('',(-42.89423824944,-24.765,48.55));
#11400 = DIRECTION('',(0.,0.,1.));
#11401 = DIRECTION('',(1.,0.,-0.));
#11402 = PCURVE('',#10695,#11403);
#11403 = DEFINITIONAL_REPRESENTATION('',(#11404),#11408);
#11404 = LINE('',#11405,#11406);
#11405 = CARTESIAN_POINT('',(0.,15.4));
#11406 = VECTOR('',#11407,1.);
#11407 = DIRECTION('',(1.,0.));
#11408 = ( GEOMETRIC_REPRESENTATION_CONTEXT(2) 
PARAMETRIC_REPRESENTATION_CONTEXT() REPRESENTATION_CONTEXT('2D SPACE',''
  ) );
#11409 = PCURVE('',#11410,#11415);
#11410 = PLANE('',#11411);
#11411 = AXIS2_PLACEMENT_3D('',#11412,#11413,#11414);
#11412 = CARTESIAN_POINT('',(-42.89423824944,-24.765,48.55));
#11413 = DIRECTION('',(0.,0.,1.));
#11414 = DIRECTION('',(1.,0.,-0.));
#11415 = DEFINITIONAL_REPRESENTATION('',(#11416),#11420);
#11416 = CIRCLE('',#11417,6.2);
#11417 = AXIS2_PLACEMENT_2D('',#11418,#11419);
#11418 = CARTESIAN_POINT('',(0.,0.));
#11419 = DIRECTION('',(1.,0.));
#11420 = ( GEOMETRIC_REPRESENTATION_CONTEXT(2) 
PARAMETRIC_REPRESENTATION_CONTEXT() REPRESENTATION_CONTEXT('2D SPACE',''
  ) );
#11421 = ORIENTED_EDGE('',*,*,#11372,.F.);
#11422 = ADVANCED_FACE('',(#11423),#10951,.T.);
#11423 = FACE_BOUND('',#11424,.T.);
#11424 = EDGE_LOOP('',(#11425,#11426,#11449,#11476));
#11425 = ORIENTED_EDGE('',*,*,#10936,.T.);
#11426 = ORIENTED_EDGE('',*,*,#11427,.T.);
#11427 = EDGE_CURVE('',#10913,#11428,#11430,.T.);
#11428 = VERTEX_POINT('',#11429);
#11429 = CARTESIAN_POINT('',(6.2,49.53,48.55));
#11430 = SEAM_CURVE('',#11431,(#11435,#11442),.PCURVE_S1.);
#11431 = LINE('',#11432,#11433);
#11432 = CARTESIAN_POINT('',(6.2,49.53,33.15));
#11433 = VECTOR('',#11434,1.);
#11434 = DIRECTION('',(0.,0.,1.));
#11435 = PCURVE('',#10951,#11436);
#11436 = DEFINITIONAL_REPRESENTATION('',(#11437),#11441);
#11437 = LINE('',#11438,#11439);
#11438 = CARTESIAN_POINT('',(0.,-0.));
#11439 = VECTOR('',#11440,1.);
#11440 = DIRECTION('',(0.,1.));
#11441 = ( GEOMETRIC_REPRESENTATION_CONTEXT(2) 
PARAMETRIC_REPRESENTATION_CONTEXT() REPRESENTATION_CONTEXT('2D SPACE',''
  ) );
#11442 = PCURVE('',#10951,#11443);
#11443 = DEFINITIONAL_REPRESENTATION('',(#11444),#11448);
#11444 = LINE('',#11445,#11446);
#11445 = CARTESIAN_POINT('',(6.28318530718,-0.));
#11446 = VECTOR('',#11447,1.);
#11447 = DIRECTION('',(0.,1.));
#11448 = ( GEOMETRIC_REPRESENTATION_CONTEXT(2) 
PARAMETRIC_REPRESENTATION_CONTEXT() REPRESENTATION_CONTEXT('2D SPACE',''
  ) );
#11449 = ORIENTED_EDGE('',*,*,#11450,.F.);
#11450 = EDGE_CURVE('',#11428,#11428,#11451,.T.);
#11451 = SURFACE_CURVE('',#11452,(#11457,#11464),.PCURVE_S1.);
#11452 = CIRCLE('',#11453,6.2);
#11453 = AXIS2_PLACEMENT_3D('',#11454,#11455,#11456);
#11454 = CARTESIAN_POINT('',(3.032837798088E-15,49.53,48.55));
#11455 = DIRECTION('',(0.,0.,1.));
#11456 = DIRECTION('',(1.,0.,-0.));
#11457 = PCURVE('',#10951,#11458);
#11458 = DEFINITIONAL_REPRESENTATION('',(#11459),#11463);
#11459 = LINE('',#11460,#11461);
#11460 = CARTESIAN_POINT('',(0.,15.4));
#11461 = VECTOR('',#11462,1.);
#11462 = DIRECTION('',(1.,0.));
#11463 = ( GEOMETRIC_REPRESENTATION_CONTEXT(2) 
PARAMETRIC_REPRESENTATION_CONTEXT() REPRESENTATION_CONTEXT('2D SPACE',''
  ) );
#11464 = PCURVE('',#11465,#11470);
#11465 = PLANE('',#11466);
#11466 = AXIS2_PLACEMENT_3D('',#11467,#11468,#11469);
#11467 = CARTESIAN_POINT('',(3.032837798088E-15,49.53,48.55));
#11468 = DIRECTION('',(0.,0.,1.));
#11469 = DIRECTION('',(1.,0.,-0.));
#11470 = DEFINITIONAL_REPRESENTATION('',(#11471),#11475);
#11471 = CIRCLE('',#11472,6.2);
#11472 = AXIS2_PLACEMENT_2D('',#11473,#11474);
#11473 = CARTESIAN_POINT('',(0.,0.));
#11474 = DIRECTION('',(1.,0.));
#11475 = ( GEOMETRIC_REPRESENTATION_CONTEXT(2) 
PARAMETRIC_REPRESENTATION_CONTEXT() REPRESENTATION_CONTEXT('2D SPACE',''
  ) );
#11476 = ORIENTED_EDGE('',*,*,#11427,.F.);
#11477 = ADVANCED_FACE('',(#11478),#10987,.F.);
#11478 = FACE_BOUND('',#11479,.F.);
#11479 = EDGE_LOOP('',(#11480,#11481,#11504,#11531));
#11480 = ORIENTED_EDGE('',*,*,#10970,.F.);
#11481 = ORIENTED_EDGE('',*,*,#11482,.F.);
#11482 = EDGE_CURVE('',#11483,#10971,#11485,.T.);
#11483 = VERTEX_POINT('',#11484);
#11484 = CARTESIAN_POINT('',(47.594238249443,-24.765,46.55));
#11485 = SEAM_CURVE('',#11486,(#11490,#11497),.PCURVE_S1.);
#11486 = LINE('',#11487,#11488);
#11487 = CARTESIAN_POINT('',(47.594238249443,-24.765,46.55));
#11488 = VECTOR('',#11489,1.);
#11489 = DIRECTION('',(0.,0.,1.));
#11490 = PCURVE('',#10987,#11491);
#11491 = DEFINITIONAL_REPRESENTATION('',(#11492),#11496);
#11492 = LINE('',#11493,#11494);
#11493 = CARTESIAN_POINT('',(6.28318530718,-0.));
#11494 = VECTOR('',#11495,1.);
#11495 = DIRECTION('',(0.,1.));
#11496 = ( GEOMETRIC_REPRESENTATION_CONTEXT(2) 
PARAMETRIC_REPRESENTATION_CONTEXT() REPRESENTATION_CONTEXT('2D SPACE',''
  ) );
#11497 = PCURVE('',#10987,#11498);
#11498 = DEFINITIONAL_REPRESENTATION('',(#11499),#11503);
#11499 = LINE('',#11500,#11501);
#11500 = CARTESIAN_POINT('',(0.,-0.));
#11501 = VECTOR('',#11502,1.);
#11502 = DIRECTION('',(0.,1.));
#11503 = ( GEOMETRIC_REPRESENTATION_CONTEXT(2) 
PARAMETRIC_REPRESENTATION_CONTEXT() REPRESENTATION_CONTEXT('2D SPACE',''
  ) );
#11504 = ORIENTED_EDGE('',*,*,#11505,.T.);
#11505 = EDGE_CURVE('',#11483,#11483,#11506,.T.);
#11506 = SURFACE_CURVE('',#11507,(#11512,#11519),.PCURVE_S1.);
#11507 = CIRCLE('',#11508,4.7);
#11508 = AXIS2_PLACEMENT_3D('',#11509,#11510,#11511);
#11509 = CARTESIAN_POINT('',(42.894238249443,-24.765,46.55));
#11510 = DIRECTION('',(0.,0.,1.));
#11511 = DIRECTION('',(1.,0.,-0.));
#11512 = PCURVE('',#10987,#11513);
#11513 = DEFINITIONAL_REPRESENTATION('',(#11514),#11518);
#11514 = LINE('',#11515,#11516);
#11515 = CARTESIAN_POINT('',(0.,0.));
#11516 = VECTOR('',#11517,1.);
#11517 = DIRECTION('',(1.,0.));
#11518 = ( GEOMETRIC_REPRESENTATION_CONTEXT(2) 
PARAMETRIC_REPRESENTATION_CONTEXT() REPRESENTATION_CONTEXT('2D SPACE',''
  ) );
#11519 = PCURVE('',#11520,#11525);
#11520 = PLANE('',#11521);
#11521 = AXIS2_PLACEMENT_3D('',#11522,#11523,#11524);
#11522 = CARTESIAN_POINT('',(42.894238249443,-24.765,46.55));
#11523 = DIRECTION('',(0.,0.,1.));
#11524 = DIRECTION('',(1.,0.,-0.));
#11525 = DEFINITIONAL_REPRESENTATION('',(#11526),#11530);
#11526 = CIRCLE('',#11527,4.7);
#11527 = AXIS2_PLACEMENT_2D('',#11528,#11529);
#11528 = CARTESIAN_POINT('',(0.,0.));
#11529 = DIRECTION('',(1.,0.));
#11530 = ( GEOMETRIC_REPRESENTATION_CONTEXT(2) 
PARAMETRIC_REPRESENTATION_CONTEXT() REPRESENTATION_CONTEXT('2D SPACE',''
  ) );
#11531 = ORIENTED_EDGE('',*,*,#11482,.T.);
#11532 = ADVANCED_FACE('',(#11533),#11093,.F.);
#11533 = FACE_BOUND('',#11534,.F.);
#11534 = EDGE_LOOP('',(#11535,#11558,#11585,#11586));
#11535 = ORIENTED_EDGE('',*,*,#11536,.T.);
#11536 = EDGE_CURVE('',#11077,#11537,#11539,.T.);
#11537 = VERTEX_POINT('',#11538);
#11538 = CARTESIAN_POINT('',(-40.09423824944,-24.765,44.05));
#11539 = SEAM_CURVE('',#11540,(#11544,#11551),.PCURVE_S1.);
#11540 = LINE('',#11541,#11542);
#11541 = CARTESIAN_POINT('',(-40.09423824944,-24.765,32.15));
#11542 = VECTOR('',#11543,1.);
#11543 = DIRECTION('',(0.,0.,1.));
#11544 = PCURVE('',#11093,#11545);
#11545 = DEFINITIONAL_REPRESENTATION('',(#11546),#11550);
#11546 = LINE('',#11547,#11548);
#11547 = CARTESIAN_POINT('',(6.28318530718,-0.));
#11548 = VECTOR('',#11549,1.);
#11549 = DIRECTION('',(0.,1.));
#11550 = ( GEOMETRIC_REPRESENTATION_CONTEXT(2) 
PARAMETRIC_REPRESENTATION_CONTEXT() REPRESENTATION_CONTEXT('2D SPACE',''
  ) );
#11551 = PCURVE('',#11093,#11552);
#11552 = DEFINITIONAL_REPRESENTATION('',(#11553),#11557);
#11553 = LINE('',#11554,#11555);
#11554 = CARTESIAN_POINT('',(0.,-0.));
#11555 = VECTOR('',#11556,1.);
#11556 = DIRECTION('',(0.,1.));
#11557 = ( GEOMETRIC_REPRESENTATION_CONTEXT(2) 
PARAMETRIC_REPRESENTATION_CONTEXT() REPRESENTATION_CONTEXT('2D SPACE',''
  ) );
#11558 = ORIENTED_EDGE('',*,*,#11559,.F.);
#11559 = EDGE_CURVE('',#11537,#11537,#11560,.T.);
#11560 = SURFACE_CURVE('',#11561,(#11566,#11573),.PCURVE_S1.);
#11561 = CIRCLE('',#11562,2.8);
#11562 = AXIS2_PLACEMENT_3D('',#11563,#11564,#11565);
#11563 = CARTESIAN_POINT('',(-42.89423824944,-24.765,44.05));
#11564 = DIRECTION('',(0.,0.,1.));
#11565 = DIRECTION('',(1.,0.,-0.));
#11566 = PCURVE('',#11093,#11567);
#11567 = DEFINITIONAL_REPRESENTATION('',(#11568),#11572);
#11568 = LINE('',#11569,#11570);
#11569 = CARTESIAN_POINT('',(0.,11.9));
#11570 = VECTOR('',#11571,1.);
#11571 = DIRECTION('',(1.,0.));
#11572 = ( GEOMETRIC_REPRESENTATION_CONTEXT(2) 
PARAMETRIC_REPRESENTATION_CONTEXT() REPRESENTATION_CONTEXT('2D SPACE',''
  ) );
#11573 = PCURVE('',#11574,#11579);
#11574 = PLANE('',#11575);
#11575 = AXIS2_PLACEMENT_3D('',#11576,#11577,#11578);
#11576 = CARTESIAN_POINT('',(-42.89423824944,-24.765,44.05));
#11577 = DIRECTION('',(0.,0.,1.));
#11578 = DIRECTION('',(1.,0.,-0.));
#11579 = DEFINITIONAL_REPRESENTATION('',(#11580),#11584);
#11580 = CIRCLE('',#11581,2.8);
#11581 = AXIS2_PLACEMENT_2D('',#11582,#11583);
#11582 = CARTESIAN_POINT('',(0.,0.));
#11583 = DIRECTION('',(1.,0.));
#11584 = ( GEOMETRIC_REPRESENTATION_CONTEXT(2) 
PARAMETRIC_REPRESENTATION_CONTEXT() REPRESENTATION_CONTEXT('2D SPACE',''
  ) );
#11585 = ORIENTED_EDGE('',*,*,#11536,.F.);
#11586 = ORIENTED_EDGE('',*,*,#11076,.T.);
#11587 = ADVANCED_FACE('',(#11588),#11127,.F.);
#11588 = FACE_BOUND('',#11589,.F.);
#11589 = EDGE_LOOP('',(#11590,#11613,#11640,#11641));
#11590 = ORIENTED_EDGE('',*,*,#11591,.T.);
#11591 = EDGE_CURVE('',#11111,#11592,#11594,.T.);
#11592 = VERTEX_POINT('',#11593);
#11593 = CARTESIAN_POINT('',(45.694238249443,-24.765,44.05));
#11594 = SEAM_CURVE('',#11595,(#11599,#11606),.PCURVE_S1.);
#11595 = LINE('',#11596,#11597);
#11596 = CARTESIAN_POINT('',(45.694238249443,-24.765,32.15));
#11597 = VECTOR('',#11598,1.);
#11598 = DIRECTION('',(0.,0.,1.));
#11599 = PCURVE('',#11127,#11600);
#11600 = DEFINITIONAL_REPRESENTATION('',(#11601),#11605);
#11601 = LINE('',#11602,#11603);
#11602 = CARTESIAN_POINT('',(6.28318530718,-0.));
#11603 = VECTOR('',#11604,1.);
#11604 = DIRECTION('',(0.,1.));
#11605 = ( GEOMETRIC_REPRESENTATION_CONTEXT(2) 
PARAMETRIC_REPRESENTATION_CONTEXT() REPRESENTATION_CONTEXT('2D SPACE',''
  ) );
#11606 = PCURVE('',#11127,#11607);
#11607 = DEFINITIONAL_REPRESENTATION('',(#11608),#11612);
#11608 = LINE('',#11609,#11610);
#11609 = CARTESIAN_POINT('',(0.,-0.));
#11610 = VECTOR('',#11611,1.);
#11611 = DIRECTION('',(0.,1.));
#11612 = ( GEOMETRIC_REPRESENTATION_CONTEXT(2) 
PARAMETRIC_REPRESENTATION_CONTEXT() REPRESENTATION_CONTEXT('2D SPACE',''
  ) );
#11613 = ORIENTED_EDGE('',*,*,#11614,.F.);
#11614 = EDGE_CURVE('',#11592,#11592,#11615,.T.);
#11615 = SURFACE_CURVE('',#11616,(#11621,#11628),.PCURVE_S1.);
#11616 = CIRCLE('',#11617,2.8);
#11617 = AXIS2_PLACEMENT_3D('',#11618,#11619,#11620);
#11618 = CARTESIAN_POINT('',(42.894238249443,-24.765,44.05));
#11619 = DIRECTION('',(0.,0.,1.));
#11620 = DIRECTION('',(1.,0.,-0.));
#11621 = PCURVE('',#11127,#11622);
#11622 = DEFINITIONAL_REPRESENTATION('',(#11623),#11627);
#11623 = LINE('',#11624,#11625);
#11624 = CARTESIAN_POINT('',(0.,11.9));
#11625 = VECTOR('',#11626,1.);
#11626 = DIRECTION('',(1.,0.));
#11627 = ( GEOMETRIC_REPRESENTATION_CONTEXT(2) 
PARAMETRIC_REPRESENTATION_CONTEXT() REPRESENTATION_CONTEXT('2D SPACE',''
  ) );
#11628 = PCURVE('',#11629,#11634);
#11629 = PLANE('',#11630);
#11630 = AXIS2_PLACEMENT_3D('',#11631,#11632,#11633);
#11631 = CARTESIAN_POINT('',(42.894238249443,-24.765,44.05));
#11632 = DIRECTION('',(0.,0.,1.));
#11633 = DIRECTION('',(1.,0.,-0.));
#11634 = DEFINITIONAL_REPRESENTATION('',(#11635),#11639);
#11635 = CIRCLE('',#11636,2.8);
#11636 = AXIS2_PLACEMENT_2D('',#11637,#11638);
#11637 = CARTESIAN_POINT('',(0.,0.));
#11638 = DIRECTION('',(1.,0.));
#11639 = ( GEOMETRIC_REPRESENTATION_CONTEXT(2) 
PARAMETRIC_REPRESENTATION_CONTEXT() REPRESENTATION_CONTEXT('2D SPACE',''
  ) );
#11640 = ORIENTED_EDGE('',*,*,#11591,.F.);
#11641 = ORIENTED_EDGE('',*,*,#11110,.T.);
#11642 = ADVANCED_FACE('',(#11643),#11164,.F.);
#11643 = FACE_BOUND('',#11644,.F.);
#11644 = EDGE_LOOP('',(#11645,#11668,#11695,#11696));
#11645 = ORIENTED_EDGE('',*,*,#11646,.T.);
#11646 = EDGE_CURVE('',#11148,#11647,#11649,.T.);
#11647 = VERTEX_POINT('',#11648);
#11648 = CARTESIAN_POINT('',(2.8,49.53,44.05));
#11649 = SEAM_CURVE('',#11650,(#11654,#11661),.PCURVE_S1.);
#11650 = LINE('',#11651,#11652);
#11651 = CARTESIAN_POINT('',(2.8,49.53,32.15));
#11652 = VECTOR('',#11653,1.);
#11653 = DIRECTION('',(0.,0.,1.));
#11654 = PCURVE('',#11164,#11655);
#11655 = DEFINITIONAL_REPRESENTATION('',(#11656),#11660);
#11656 = LINE('',#11657,#11658);
#11657 = CARTESIAN_POINT('',(6.28318530718,-0.));
#11658 = VECTOR('',#11659,1.);
#11659 = DIRECTION('',(0.,1.));
#11660 = ( GEOMETRIC_REPRESENTATION_CONTEXT(2) 
PARAMETRIC_REPRESENTATION_CONTEXT() REPRESENTATION_CONTEXT('2D SPACE',''
  ) );
#11661 = PCURVE('',#11164,#11662);
#11662 = DEFINITIONAL_REPRESENTATION('',(#11663),#11667);
#11663 = LINE('',#11664,#11665);
#11664 = CARTESIAN_POINT('',(0.,-0.));
#11665 = VECTOR('',#11666,1.);
#11666 = DIRECTION('',(0.,1.));
#11667 = ( GEOMETRIC_REPRESENTATION_CONTEXT(2) 
PARAMETRIC_REPRESENTATION_CONTEXT() REPRESENTATION_CONTEXT('2D SPACE',''
  ) );
#11668 = ORIENTED_EDGE('',*,*,#11669,.F.);
#11669 = EDGE_CURVE('',#11647,#11647,#11670,.T.);
#11670 = SURFACE_CURVE('',#11671,(#11676,#11683),.PCURVE_S1.);
#11671 = CIRCLE('',#11672,2.8);
#11672 = AXIS2_PLACEMENT_3D('',#11673,#11674,#11675);
#11673 = CARTESIAN_POINT('',(3.032837798088E-15,49.53,44.05));
#11674 = DIRECTION('',(0.,0.,1.));
#11675 = DIRECTION('',(1.,0.,-0.));
#11676 = PCURVE('',#11164,#11677);
#11677 = DEFINITIONAL_REPRESENTATION('',(#11678),#11682);
#11678 = LINE('',#11679,#11680);
#11679 = CARTESIAN_POINT('',(0.,11.9));
#11680 = VECTOR('',#11681,1.);
#11681 = DIRECTION('',(1.,0.));
#11682 = ( GEOMETRIC_REPRESENTATION_CONTEXT(2) 
PARAMETRIC_REPRESENTATION_CONTEXT() REPRESENTATION_CONTEXT('2D SPACE',''
  ) );
#11683 = PCURVE('',#11684,#11689);
#11684 = PLANE('',#11685);
#11685 = AXIS2_PLACEMENT_3D('',#11686,#11687,#11688);
#11686 = CARTESIAN_POINT('',(3.032837798088E-15,49.53,44.05));
#11687 = DIRECTION('',(0.,0.,1.));
#11688 = DIRECTION('',(1.,0.,-0.));
#11689 = DEFINITIONAL_REPRESENTATION('',(#11690),#11694);
#11690 = CIRCLE('',#11691,2.8);
#11691 = AXIS2_PLACEMENT_2D('',#11692,#11693);
#11692 = CARTESIAN_POINT('',(0.,0.));
#11693 = DIRECTION('',(1.,0.));
#11694 = ( GEOMETRIC_REPRESENTATION_CONTEXT(2) 
PARAMETRIC_REPRESENTATION_CONTEXT() REPRESENTATION_CONTEXT('2D SPACE',''
  ) );
#11695 = ORIENTED_EDGE('',*,*,#11646,.F.);
#11696 = ORIENTED_EDGE('',*,*,#11147,.T.);
#11697 = ADVANCED_FACE('',(#11698,#11701),#11410,.T.);
#11698 = FACE_BOUND('',#11699,.T.);
#11699 = EDGE_LOOP('',(#11700));
#11700 = ORIENTED_EDGE('',*,*,#11395,.T.);
#11701 = FACE_BOUND('',#11702,.T.);
#11702 = EDGE_LOOP('',(#11703));
#11703 = ORIENTED_EDGE('',*,*,#11704,.F.);
#11704 = EDGE_CURVE('',#11705,#11705,#11707,.T.);
#11705 = VERTEX_POINT('',#11706);
#11706 = CARTESIAN_POINT('',(-38.19423824944,-24.765,48.55));
#11707 = SURFACE_CURVE('',#11708,(#11713,#11720),.PCURVE_S1.);
#11708 = CIRCLE('',#11709,4.7);
#11709 = AXIS2_PLACEMENT_3D('',#11710,#11711,#11712);
#11710 = CARTESIAN_POINT('',(-42.89423824944,-24.765,48.55));
#11711 = DIRECTION('',(0.,0.,1.));
#11712 = DIRECTION('',(1.,0.,-0.));
#11713 = PCURVE('',#11410,#11714);
#11714 = DEFINITIONAL_REPRESENTATION('',(#11715),#11719);
#11715 = CIRCLE('',#11716,4.7);
#11716 = AXIS2_PLACEMENT_2D('',#11717,#11718);
#11717 = CARTESIAN_POINT('',(0.,0.));
#11718 = DIRECTION('',(1.,0.));
#11719 = ( GEOMETRIC_REPRESENTATION_CONTEXT(2) 
PARAMETRIC_REPRESENTATION_CONTEXT() REPRESENTATION_CONTEXT('2D SPACE',''
  ) );
#11720 = PCURVE('',#11721,#11726);
#11721 = CYLINDRICAL_SURFACE('',#11722,4.7);
#11722 = AXIS2_PLACEMENT_3D('',#11723,#11724,#11725);
#11723 = CARTESIAN_POINT('',(-42.89423824944,-24.765,46.55));
#11724 = DIRECTION('',(0.,0.,1.));
#11725 = DIRECTION('',(1.,0.,-0.));
#11726 = DEFINITIONAL_REPRESENTATION('',(#11727),#11731);
#11727 = LINE('',#11728,#11729);
#11728 = CARTESIAN_POINT('',(0.,2.));
#11729 = VECTOR('',#11730,1.);
#11730 = DIRECTION('',(1.,0.));
#11731 = ( GEOMETRIC_REPRESENTATION_CONTEXT(2) 
PARAMETRIC_REPRESENTATION_CONTEXT() REPRESENTATION_CONTEXT('2D SPACE',''
  ) );
#11732 = ADVANCED_FACE('',(#11733,#11736),#11465,.T.);
#11733 = FACE_BOUND('',#11734,.T.);
#11734 = EDGE_LOOP('',(#11735));
#11735 = ORIENTED_EDGE('',*,*,#11450,.T.);
#11736 = FACE_BOUND('',#11737,.T.);
#11737 = EDGE_LOOP('',(#11738));
#11738 = ORIENTED_EDGE('',*,*,#11739,.F.);
#11739 = EDGE_CURVE('',#11740,#11740,#11742,.T.);
#11740 = VERTEX_POINT('',#11741);
#11741 = CARTESIAN_POINT('',(4.7,49.53,48.55));
#11742 = SURFACE_CURVE('',#11743,(#11748,#11755),.PCURVE_S1.);
#11743 = CIRCLE('',#11744,4.7);
#11744 = AXIS2_PLACEMENT_3D('',#11745,#11746,#11747);
#11745 = CARTESIAN_POINT('',(3.032837798088E-15,49.53,48.55));
#11746 = DIRECTION('',(0.,0.,1.));
#11747 = DIRECTION('',(1.,0.,-0.));
#11748 = PCURVE('',#11465,#11749);
#11749 = DEFINITIONAL_REPRESENTATION('',(#11750),#11754);
#11750 = CIRCLE('',#11751,4.7);
#11751 = AXIS2_PLACEMENT_2D('',#11752,#11753);
#11752 = CARTESIAN_POINT('',(0.,0.));
#11753 = DIRECTION('',(1.,0.));
#11754 = ( GEOMETRIC_REPRESENTATION_CONTEXT(2) 
PARAMETRIC_REPRESENTATION_CONTEXT() REPRESENTATION_CONTEXT('2D SPACE',''
  ) );
#11755 = PCURVE('',#11756,#11761);
#11756 = CYLINDRICAL_SURFACE('',#11757,4.7);
#11757 = AXIS2_PLACEMENT_3D('',#11758,#11759,#11760);
#11758 = CARTESIAN_POINT('',(3.032837798088E-15,49.53,46.55));
#11759 = DIRECTION('',(0.,0.,1.));
#11760 = DIRECTION('',(1.,0.,-0.));
#11761 = DEFINITIONAL_REPRESENTATION('',(#11762),#11766);
#11762 = LINE('',#11763,#11764);
#11763 = CARTESIAN_POINT('',(0.,2.));
#11764 = VECTOR('',#11765,1.);
#11765 = DIRECTION('',(1.,0.));
#11766 = ( GEOMETRIC_REPRESENTATION_CONTEXT(2) 
PARAMETRIC_REPRESENTATION_CONTEXT() REPRESENTATION_CONTEXT('2D SPACE',''
  ) );
#11767 = ADVANCED_FACE('',(#11768),#11520,.T.);
#11768 = FACE_BOUND('',#11769,.F.);
#11769 = EDGE_LOOP('',(#11770));
#11770 = ORIENTED_EDGE('',*,*,#11505,.F.);
#11771 = ADVANCED_FACE('',(#11772),#11574,.F.);
#11772 = FACE_BOUND('',#11773,.F.);
#11773 = EDGE_LOOP('',(#11774));
#11774 = ORIENTED_EDGE('',*,*,#11559,.T.);
#11775 = ADVANCED_FACE('',(#11776),#11629,.F.);
#11776 = FACE_BOUND('',#11777,.F.);
#11777 = EDGE_LOOP('',(#11778));
#11778 = ORIENTED_EDGE('',*,*,#11614,.T.);
#11779 = ADVANCED_FACE('',(#11780),#11684,.F.);
#11780 = FACE_BOUND('',#11781,.F.);
#11781 = EDGE_LOOP('',(#11782));
#11782 = ORIENTED_EDGE('',*,*,#11669,.T.);
#11783 = ADVANCED_FACE('',(#11784),#11721,.F.);
#11784 = FACE_BOUND('',#11785,.F.);
#11785 = EDGE_LOOP('',(#11786,#11787,#11810,#11837));
#11786 = ORIENTED_EDGE('',*,*,#11704,.F.);
#11787 = ORIENTED_EDGE('',*,*,#11788,.F.);
#11788 = EDGE_CURVE('',#11789,#11705,#11791,.T.);
#11789 = VERTEX_POINT('',#11790);
#11790 = CARTESIAN_POINT('',(-38.19423824944,-24.765,46.55));
#11791 = SEAM_CURVE('',#11792,(#11796,#11803),.PCURVE_S1.);
#11792 = LINE('',#11793,#11794);
#11793 = CARTESIAN_POINT('',(-38.19423824944,-24.765,46.55));
#11794 = VECTOR('',#11795,1.);
#11795 = DIRECTION('',(0.,0.,1.));
#11796 = PCURVE('',#11721,#11797);
#11797 = DEFINITIONAL_REPRESENTATION('',(#11798),#11802);
#11798 = LINE('',#11799,#11800);
#11799 = CARTESIAN_POINT('',(6.28318530718,-0.));
#11800 = VECTOR('',#11801,1.);
#11801 = DIRECTION('',(0.,1.));
#11802 = ( GEOMETRIC_REPRESENTATION_CONTEXT(2) 
PARAMETRIC_REPRESENTATION_CONTEXT() REPRESENTATION_CONTEXT('2D SPACE',''
  ) );
#11803 = PCURVE('',#11721,#11804);
#11804 = DEFINITIONAL_REPRESENTATION('',(#11805),#11809);
#11805 = LINE('',#11806,#11807);
#11806 = CARTESIAN_POINT('',(0.,-0.));
#11807 = VECTOR('',#11808,1.);
#11808 = DIRECTION('',(0.,1.));
#11809 = ( GEOMETRIC_REPRESENTATION_CONTEXT(2) 
PARAMETRIC_REPRESENTATION_CONTEXT() REPRESENTATION_CONTEXT('2D SPACE',''
  ) );
#11810 = ORIENTED_EDGE('',*,*,#11811,.T.);
#11811 = EDGE_CURVE('',#11789,#11789,#11812,.T.);
#11812 = SURFACE_CURVE('',#11813,(#11818,#11825),.PCURVE_S1.);
#11813 = CIRCLE('',#11814,4.7);
#11814 = AXIS2_PLACEMENT_3D('',#11815,#11816,#11817);
#11815 = CARTESIAN_POINT('',(-42.89423824944,-24.765,46.55));
#11816 = DIRECTION('',(0.,0.,1.));
#11817 = DIRECTION('',(1.,0.,-0.));
#11818 = PCURVE('',#11721,#11819);
#11819 = DEFINITIONAL_REPRESENTATION('',(#11820),#11824);
#11820 = LINE('',#11821,#11822);
#11821 = CARTESIAN_POINT('',(0.,0.));
#11822 = VECTOR('',#11823,1.);
#11823 = DIRECTION('',(1.,0.));
#11824 = ( GEOMETRIC_REPRESENTATION_CONTEXT(2) 
PARAMETRIC_REPRESENTATION_CONTEXT() REPRESENTATION_CONTEXT('2D SPACE',''
  ) );
#11825 = PCURVE('',#11826,#11831);
#11826 = PLANE('',#11827);
#11827 = AXIS2_PLACEMENT_3D('',#11828,#11829,#11830);
#11828 = CARTESIAN_POINT('',(-42.89423824944,-24.765,46.55));
#11829 = DIRECTION('',(0.,0.,1.));
#11830 = DIRECTION('',(1.,0.,-0.));
#11831 = DEFINITIONAL_REPRESENTATION('',(#11832),#11836);
#11832 = CIRCLE('',#11833,4.7);
#11833 = AXIS2_PLACEMENT_2D('',#11834,#11835);
#11834 = CARTESIAN_POINT('',(0.,0.));
#11835 = DIRECTION('',(1.,0.));
#11836 = ( GEOMETRIC_REPRESENTATION_CONTEXT(2) 
PARAMETRIC_REPRESENTATION_CONTEXT() REPRESENTATION_CONTEXT('2D SPACE',''
  ) );
#11837 = ORIENTED_EDGE('',*,*,#11788,.T.);
#11838 = ADVANCED_FACE('',(#11839),#11756,.F.);
#11839 = FACE_BOUND('',#11840,.F.);
#11840 = EDGE_LOOP('',(#11841,#11842,#11865,#11892));
#11841 = ORIENTED_EDGE('',*,*,#11739,.F.);
#11842 = ORIENTED_EDGE('',*,*,#11843,.F.);
#11843 = EDGE_CURVE('',#11844,#11740,#11846,.T.);
#11844 = VERTEX_POINT('',#11845);
#11845 = CARTESIAN_POINT('',(4.7,49.53,46.55));
#11846 = SEAM_CURVE('',#11847,(#11851,#11858),.PCURVE_S1.);
#11847 = LINE('',#11848,#11849);
#11848 = CARTESIAN_POINT('',(4.7,49.53,46.55));
#11849 = VECTOR('',#11850,1.);
#11850 = DIRECTION('',(0.,0.,1.));
#11851 = PCURVE('',#11756,#11852);
#11852 = DEFINITIONAL_REPRESENTATION('',(#11853),#11857);
#11853 = LINE('',#11854,#11855);
#11854 = CARTESIAN_POINT('',(6.28318530718,-0.));
#11855 = VECTOR('',#11856,1.);
#11856 = DIRECTION('',(0.,1.));
#11857 = ( GEOMETRIC_REPRESENTATION_CONTEXT(2) 
PARAMETRIC_REPRESENTATION_CONTEXT() REPRESENTATION_CONTEXT('2D SPACE',''
  ) );
#11858 = PCURVE('',#11756,#11859);
#11859 = DEFINITIONAL_REPRESENTATION('',(#11860),#11864);
#11860 = LINE('',#11861,#11862);
#11861 = CARTESIAN_POINT('',(0.,-0.));
#11862 = VECTOR('',#11863,1.);
#11863 = DIRECTION('',(0.,1.));
#11864 = ( GEOMETRIC_REPRESENTATION_CONTEXT(2) 
PARAMETRIC_REPRESENTATION_CONTEXT() REPRESENTATION_CONTEXT('2D SPACE',''
  ) );
#11865 = ORIENTED_EDGE('',*,*,#11866,.T.);
#11866 = EDGE_CURVE('',#11844,#11844,#11867,.T.);
#11867 = SURFACE_CURVE('',#11868,(#11873,#11880),.PCURVE_S1.);
#11868 = CIRCLE('',#11869,4.7);
#11869 = AXIS2_PLACEMENT_3D('',#11870,#11871,#11872);
#11870 = CARTESIAN_POINT('',(3.032837798088E-15,49.53,46.55));
#11871 = DIRECTION('',(0.,0.,1.));
#11872 = DIRECTION('',(1.,0.,-0.));
#11873 = PCURVE('',#11756,#11874);
#11874 = DEFINITIONAL_REPRESENTATION('',(#11875),#11879);
#11875 = LINE('',#11876,#11877);
#11876 = CARTESIAN_POINT('',(0.,0.));
#11877 = VECTOR('',#11878,1.);
#11878 = DIRECTION('',(1.,0.));
#11879 = ( GEOMETRIC_REPRESENTATION_CONTEXT(2) 
PARAMETRIC_REPRESENTATION_CONTEXT() REPRESENTATION_CONTEXT('2D SPACE',''
  ) );
#11880 = PCURVE('',#11881,#11886);
#11881 = PLANE('',#11882);
#11882 = AXIS2_PLACEMENT_3D('',#11883,#11884,#11885);
#11883 = CARTESIAN_POINT('',(3.032837798088E-15,49.53,46.55));
#11884 = DIRECTION('',(0.,0.,1.));
#11885 = DIRECTION('',(1.,0.,-0.));
#11886 = DEFINITIONAL_REPRESENTATION('',(#11887),#11891);
#11887 = CIRCLE('',#11888,4.7);
#11888 = AXIS2_PLACEMENT_2D('',#11889,#11890);
#11889 = CARTESIAN_POINT('',(0.,0.));
#11890 = DIRECTION('',(1.,0.));
#11891 = ( GEOMETRIC_REPRESENTATION_CONTEXT(2) 
PARAMETRIC_REPRESENTATION_CONTEXT() REPRESENTATION_CONTEXT('2D SPACE',''
  ) );
#11892 = ORIENTED_EDGE('',*,*,#11843,.T.);
#11893 = ADVANCED_FACE('',(#11894),#11826,.T.);
#11894 = FACE_BOUND('',#11895,.F.);
#11895 = EDGE_LOOP('',(#11896));
#11896 = ORIENTED_EDGE('',*,*,#11811,.F.);
#11897 = ADVANCED_FACE('',(#11898),#11881,.T.);
#11898 = FACE_BOUND('',#11899,.F.);
#11899 = EDGE_LOOP('',(#11900));
#11900 = ORIENTED_EDGE('',*,*,#11866,.F.);
#11901 = ( GEOMETRIC_REPRESENTATION_CONTEXT(3) 
GLOBAL_UNCERTAINTY_ASSIGNED_CONTEXT((#11905)) 
GLOBAL_UNIT_ASSIGNED_CONTEXT((#11902,#11903,#11904)) 
REPRESENTATION_CONTEXT('Context #1',
  '3D Context with UNIT and UNCERTAINTY') );
#11902 = ( LENGTH_UNIT() NAMED_UNIT(*) SI_UNIT(.MILLI.,.METRE.) );
#11903 = ( NAMED_UNIT(*) PLANE_ANGLE_UNIT() SI_UNIT($,.RADIAN.) );
#11904 = ( NAMED_UNIT(*) SI_UNIT($,.STERADIAN.) SOLID_ANGLE_UNIT() );
#11905 = UNCERTAINTY_MEASURE_WITH_UNIT(LENGTH_MEASURE(1.E-07),#11902,
  'distance_accuracy_value','confusion accuracy');
#11906 = PRODUCT_RELATED_PRODUCT_CATEGORY('part',$,(#8579));
#11907 = MECHANICAL_DESIGN_GEOMETRIC_PRESENTATION_REPRESENTATION('',(
    #11908),#11901);
#11908 = STYLED_ITEM('color',(#11909),#8583);
#11909 = PRESENTATION_STYLE_ASSIGNMENT((#11910));
#11910 = SURFACE_STYLE_USAGE(.BOTH.,#11911);
#11911 = SURFACE_SIDE_STYLE('',(#11912));
#11912 = SURFACE_STYLE_FILL_AREA(#11913);
#11913 = FILL_AREA_STYLE('',(#11914));
#11914 = FILL_AREA_STYLE_COLOUR('',#11915);
#11915 = COLOUR_RGB('',0.900415782862,0.736646961459,0.514231663239);
#11916 = MECHANICAL_DESIGN_GEOMETRIC_PRESENTATION_REPRESENTATION('',(
    #11917),#8569);
#11917 = STYLED_ITEM('color',(#11918),#15);
#11918 = PRESENTATION_STYLE_ASSIGNMENT((#11919));
#11919 = SURFACE_STYLE_USAGE(.BOTH.,#11920);
#11920 = SURFACE_SIDE_STYLE('',(#11921));
#11921 = SURFACE_STYLE_FILL_AREA(#11922);
#11922 = FILL_AREA_STYLE('',(#11923));
#11923 = FILL_AREA_STYLE_COLOUR('',#11924);
#11924 = COLOUR_RGB('',0.592448674037,0.726243505819,0.840359767846);
ENDSEC;
END-ISO-10303-21;
