ISO-10303-21;
HEADER;
FILE_DESCRIPTION(('Open CASCADE Model'),'2;1');
FILE_NAME('Open CASCADE Shape Model','2026-09-26T12:08:06',('Author'),(
    'Open CASCADE'),'Open CASCADE STEP processor 8.0','Open CASCADE 8.0'
  ,'Unknown');
FILE_SCHEMA((
'AP242_MANAGED_MODEL_BASED_3D_ENGINEERING_MIM_LF {1 0 10303 442 1 1 4 }'
    ));
ENDSEC;
DATA;
#1 = APPLICATION_PROTOCOL_DEFINITION('international standard',
  'ap242_managed_model_based_3d_engineering',2013,#2);
#2 = APPLICATION_CONTEXT('Managed model based 3d engineering');
#3 = SHAPE_DEFINITION_REPRESENTATION(#4,#10);
#4 = PRODUCT_DEFINITION_SHAPE('','',#5);
#5 = PRODUCT_DEFINITION('design','',#6,#9);
#6 = PRODUCT_DEFINITION_FORMATION('','',#7);
#7 = PRODUCT('Rear tube plate','Rear tube plate','',(#8));
#8 = PRODUCT_CONTEXT('',#2,'mechanical');
#9 = PRODUCT_DEFINITION_CONTEXT('part definition',#2,'design');
#10 = ADVANCED_BREP_SHAPE_REPRESENTATION('',(#11,#15),#5302);
#11 = AXIS2_PLACEMENT_3D('',#12,#13,#14);
#12 = CARTESIAN_POINT('',(0.,0.,0.));
#13 = DIRECTION('',(0.,0.,1.));
#14 = DIRECTION('',(1.,0.,-0.));
#15 = MANIFOLD_SOLID_BREP('',#16);
#16 = CLOSED_SHELL('',(#17,#106,#161,#196,#251,#1107,#1157,#1207,#1262,
    #1297,#1352,#1403,#1453,#1503,#1553,#1603,#1653,#1703,#1758,#1793,
    #1848,#1899,#2272,#2346,#2558,#2674,#2700,#2728,#2735,#2782,#2834,
    #2886,#2940,#2990,#3040,#3089,#3139,#3193,#3325,#3397,#3600,#3674,
    #3728,#3780,#4017,#4069,#4201,#4273,#4476,#4550,#4604,#4656,#4899,
    #4951,#4982,#5013,#5065,#5117,#5171,#5220,#5248));
#17 = ADVANCED_FACE('',(#18),#31,.F.);
#18 = FACE_BOUND('',#19,.F.);
#19 = EDGE_LOOP('',(#20,#54,#78,#105));
#20 = ORIENTED_EDGE('',*,*,#21,.T.);
#21 = EDGE_CURVE('',#22,#22,#24,.T.);
#22 = VERTEX_POINT('',#23);
#23 = CARTESIAN_POINT('',(72.557146717404,-16.83883645362,10.5));
#24 = SURFACE_CURVE('',#25,(#30,#42),.PCURVE_S1.);
#25 = CIRCLE('',#26,8.7);
#26 = AXIS2_PLACEMENT_3D('',#27,#28,#29);
#27 = CARTESIAN_POINT('',(63.857146717404,-16.83883645362,10.5));
#28 = DIRECTION('',(0.,0.,1.));
#29 = DIRECTION('',(1.,0.,-0.));
#30 = PCURVE('',#31,#36);
#31 = TOROIDAL_SURFACE('',#32,8.7,1.5);
#32 = AXIS2_PLACEMENT_3D('',#33,#34,#35);
#33 = CARTESIAN_POINT('',(63.857146717404,-16.83883645362,9.));
#34 = DIRECTION('',(0.,0.,1.));
#35 = DIRECTION('',(1.,0.,-0.));
#36 = DEFINITIONAL_REPRESENTATION('',(#37),#41);
#37 = LINE('',#38,#39);
#38 = CARTESIAN_POINT('',(0.,1.570796326795));
#39 = VECTOR('',#40,1.);
#40 = DIRECTION('',(1.,0.));
#41 = ( GEOMETRIC_REPRESENTATION_CONTEXT(2) 
PARAMETRIC_REPRESENTATION_CONTEXT() REPRESENTATION_CONTEXT('2D SPACE',''
  ) );
#42 = PCURVE('',#43,#48);
#43 = PLANE('',#44);
#44 = AXIS2_PLACEMENT_3D('',#45,#46,#47);
#45 = CARTESIAN_POINT('',(0.,0.,10.5));
#46 = DIRECTION('',(0.,0.,1.));
#47 = DIRECTION('',(1.,0.,-0.));
#48 = DEFINITIONAL_REPRESENTATION('',(#49),#53);
#49 = CIRCLE('',#50,8.7);
#50 = AXIS2_PLACEMENT_2D('',#51,#52);
#51 = CARTESIAN_POINT('',(63.857146717404,-16.83883645362));
#52 = DIRECTION('',(1.,0.));
#53 = ( GEOMETRIC_REPRESENTATION_CONTEXT(2) 
PARAMETRIC_REPRESENTATION_CONTEXT() REPRESENTATION_CONTEXT('2D SPACE',''
  ) );
#54 = ORIENTED_EDGE('',*,*,#55,.T.);
#55 = EDGE_CURVE('',#22,#56,#58,.T.);
#56 = VERTEX_POINT('',#57);
#57 = CARTESIAN_POINT('',(71.057146717404,-16.83883645362,9.));
#58 = SEAM_CURVE('',#59,(#64,#71),.PCURVE_S1.);
#59 = CIRCLE('',#60,1.5);
#60 = AXIS2_PLACEMENT_3D('',#61,#62,#63);
#61 = CARTESIAN_POINT('',(72.557146717404,-16.83883645362,9.));
#62 = DIRECTION('',(0.,-1.,0.));
#63 = DIRECTION('',(1.184237892934E-15,0.,1.));
#64 = PCURVE('',#31,#65);
#65 = DEFINITIONAL_REPRESENTATION('',(#66),#70);
#66 = LINE('',#67,#68);
#67 = CARTESIAN_POINT('',(0.,1.570796326795));
#68 = VECTOR('',#69,1.);
#69 = DIRECTION('',(0.,1.));
#70 = ( GEOMETRIC_REPRESENTATION_CONTEXT(2) 
PARAMETRIC_REPRESENTATION_CONTEXT() REPRESENTATION_CONTEXT('2D SPACE',''
  ) );
#71 = PCURVE('',#31,#72);
#72 = DEFINITIONAL_REPRESENTATION('',(#73),#77);
#73 = LINE('',#74,#75);
#74 = CARTESIAN_POINT('',(6.28318530718,1.570796326795));
#75 = VECTOR('',#76,1.);
#76 = DIRECTION('',(0.,1.));
#77 = ( GEOMETRIC_REPRESENTATION_CONTEXT(2) 
PARAMETRIC_REPRESENTATION_CONTEXT() REPRESENTATION_CONTEXT('2D SPACE',''
  ) );
#78 = ORIENTED_EDGE('',*,*,#79,.F.);
#79 = EDGE_CURVE('',#56,#56,#80,.T.);
#80 = SURFACE_CURVE('',#81,(#86,#93),.PCURVE_S1.);
#81 = CIRCLE('',#82,7.2);
#82 = AXIS2_PLACEMENT_3D('',#83,#84,#85);
#83 = CARTESIAN_POINT('',(63.857146717404,-16.83883645362,9.));
#84 = DIRECTION('',(0.,0.,1.));
#85 = DIRECTION('',(1.,0.,-0.));
#86 = PCURVE('',#31,#87);
#87 = DEFINITIONAL_REPRESENTATION('',(#88),#92);
#88 = LINE('',#89,#90);
#89 = CARTESIAN_POINT('',(0.,3.14159265359));
#90 = VECTOR('',#91,1.);
#91 = DIRECTION('',(1.,0.));
#92 = ( GEOMETRIC_REPRESENTATION_CONTEXT(2) 
PARAMETRIC_REPRESENTATION_CONTEXT() REPRESENTATION_CONTEXT('2D SPACE',''
  ) );
#93 = PCURVE('',#94,#99);
#94 = CYLINDRICAL_SURFACE('',#95,7.2);
#95 = AXIS2_PLACEMENT_3D('',#96,#97,#98);
#96 = CARTESIAN_POINT('',(63.857146717404,-16.83883645362,6.5));
#97 = DIRECTION('',(0.,0.,1.));
#98 = DIRECTION('',(1.,0.,-0.));
#99 = DEFINITIONAL_REPRESENTATION('',(#100),#104);
#100 = LINE('',#101,#102);
#101 = CARTESIAN_POINT('',(0.,2.5));
#102 = VECTOR('',#103,1.);
#103 = DIRECTION('',(1.,0.));
#104 = ( GEOMETRIC_REPRESENTATION_CONTEXT(2) 
PARAMETRIC_REPRESENTATION_CONTEXT() REPRESENTATION_CONTEXT('2D SPACE',''
  ) );
#105 = ORIENTED_EDGE('',*,*,#55,.F.);
#106 = ADVANCED_FACE('',(#107),#94,.T.);
#107 = FACE_BOUND('',#108,.T.);
#108 = EDGE_LOOP('',(#109,#110,#133,#160));
#109 = ORIENTED_EDGE('',*,*,#79,.F.);
#110 = ORIENTED_EDGE('',*,*,#111,.F.);
#111 = EDGE_CURVE('',#112,#56,#114,.T.);
#112 = VERTEX_POINT('',#113);
#113 = CARTESIAN_POINT('',(71.057146717404,-16.83883645362,6.5));
#114 = SEAM_CURVE('',#115,(#119,#126),.PCURVE_S1.);
#115 = LINE('',#116,#117);
#116 = CARTESIAN_POINT('',(71.057146717404,-16.83883645362,6.5));
#117 = VECTOR('',#118,1.);
#118 = DIRECTION('',(0.,0.,1.));
#119 = PCURVE('',#94,#120);
#120 = DEFINITIONAL_REPRESENTATION('',(#121),#125);
#121 = LINE('',#122,#123);
#122 = CARTESIAN_POINT('',(6.28318530718,-0.));
#123 = VECTOR('',#124,1.);
#124 = DIRECTION('',(0.,1.));
#125 = ( GEOMETRIC_REPRESENTATION_CONTEXT(2) 
PARAMETRIC_REPRESENTATION_CONTEXT() REPRESENTATION_CONTEXT('2D SPACE',''
  ) );
#126 = PCURVE('',#94,#127);
#127 = DEFINITIONAL_REPRESENTATION('',(#128),#132);
#128 = LINE('',#129,#130);
#129 = CARTESIAN_POINT('',(0.,-0.));
#130 = VECTOR('',#131,1.);
#131 = DIRECTION('',(0.,1.));
#132 = ( GEOMETRIC_REPRESENTATION_CONTEXT(2) 
PARAMETRIC_REPRESENTATION_CONTEXT() REPRESENTATION_CONTEXT('2D SPACE',''
  ) );
#133 = ORIENTED_EDGE('',*,*,#134,.T.);
#134 = EDGE_CURVE('',#112,#112,#135,.T.);
#135 = SURFACE_CURVE('',#136,(#141,#148),.PCURVE_S1.);
#136 = CIRCLE('',#137,7.2);
#137 = AXIS2_PLACEMENT_3D('',#138,#139,#140);
#138 = CARTESIAN_POINT('',(63.857146717404,-16.83883645362,6.5));
#139 = DIRECTION('',(0.,0.,1.));
#140 = DIRECTION('',(1.,0.,-0.));
#141 = PCURVE('',#94,#142);
#142 = DEFINITIONAL_REPRESENTATION('',(#143),#147);
#143 = LINE('',#144,#145);
#144 = CARTESIAN_POINT('',(0.,0.));
#145 = VECTOR('',#146,1.);
#146 = DIRECTION('',(1.,0.));
#147 = ( GEOMETRIC_REPRESENTATION_CONTEXT(2) 
PARAMETRIC_REPRESENTATION_CONTEXT() REPRESENTATION_CONTEXT('2D SPACE',''
  ) );
#148 = PCURVE('',#149,#154);
#149 = PLANE('',#150);
#150 = AXIS2_PLACEMENT_3D('',#151,#152,#153);
#151 = CARTESIAN_POINT('',(63.857146717404,-16.83883645362,6.5));
#152 = DIRECTION('',(0.,0.,1.));
#153 = DIRECTION('',(1.,0.,-0.));
#154 = DEFINITIONAL_REPRESENTATION('',(#155),#159);
#155 = CIRCLE('',#156,7.2);
#156 = AXIS2_PLACEMENT_2D('',#157,#158);
#157 = CARTESIAN_POINT('',(0.,0.));
#158 = DIRECTION('',(1.,0.));
#159 = ( GEOMETRIC_REPRESENTATION_CONTEXT(2) 
PARAMETRIC_REPRESENTATION_CONTEXT() REPRESENTATION_CONTEXT('2D SPACE',''
  ) );
#160 = ORIENTED_EDGE('',*,*,#111,.T.);
#161 = ADVANCED_FACE('',(#162,#165),#149,.F.);
#162 = FACE_BOUND('',#163,.F.);
#163 = EDGE_LOOP('',(#164));
#164 = ORIENTED_EDGE('',*,*,#134,.T.);
#165 = FACE_BOUND('',#166,.F.);
#166 = EDGE_LOOP('',(#167));
#167 = ORIENTED_EDGE('',*,*,#168,.F.);
#168 = EDGE_CURVE('',#169,#169,#171,.T.);
#169 = VERTEX_POINT('',#170);
#170 = CARTESIAN_POINT('',(67.657146717404,-16.83883645362,6.5));
#171 = SURFACE_CURVE('',#172,(#177,#184),.PCURVE_S1.);
#172 = CIRCLE('',#173,3.8);
#173 = AXIS2_PLACEMENT_3D('',#174,#175,#176);
#174 = CARTESIAN_POINT('',(63.857146717404,-16.83883645362,6.5));
#175 = DIRECTION('',(0.,0.,1.));
#176 = DIRECTION('',(1.,0.,-0.));
#177 = PCURVE('',#149,#178);
#178 = DEFINITIONAL_REPRESENTATION('',(#179),#183);
#179 = CIRCLE('',#180,3.8);
#180 = AXIS2_PLACEMENT_2D('',#181,#182);
#181 = CARTESIAN_POINT('',(0.,0.));
#182 = DIRECTION('',(1.,0.));
#183 = ( GEOMETRIC_REPRESENTATION_CONTEXT(2) 
PARAMETRIC_REPRESENTATION_CONTEXT() REPRESENTATION_CONTEXT('2D SPACE',''
  ) );
#184 = PCURVE('',#185,#190);
#185 = CYLINDRICAL_SURFACE('',#186,3.8);
#186 = AXIS2_PLACEMENT_3D('',#187,#188,#189);
#187 = CARTESIAN_POINT('',(63.857146717404,-16.83883645362,-1.));
#188 = DIRECTION('',(0.,0.,1.));
#189 = DIRECTION('',(1.,0.,-0.));
#190 = DEFINITIONAL_REPRESENTATION('',(#191),#195);
#191 = LINE('',#192,#193);
#192 = CARTESIAN_POINT('',(0.,7.5));
#193 = VECTOR('',#194,1.);
#194 = DIRECTION('',(1.,0.));
#195 = ( GEOMETRIC_REPRESENTATION_CONTEXT(2) 
PARAMETRIC_REPRESENTATION_CONTEXT() REPRESENTATION_CONTEXT('2D SPACE',''
  ) );
#196 = ADVANCED_FACE('',(#197),#185,.F.);
#197 = FACE_BOUND('',#198,.F.);
#198 = EDGE_LOOP('',(#199,#228,#249,#250));
#199 = ORIENTED_EDGE('',*,*,#200,.F.);
#200 = EDGE_CURVE('',#201,#201,#203,.T.);
#201 = VERTEX_POINT('',#202);
#202 = CARTESIAN_POINT('',(67.657146717404,-16.83883645362,18.5));
#203 = SURFACE_CURVE('',#204,(#209,#216),.PCURVE_S1.);
#204 = CIRCLE('',#205,3.8);
#205 = AXIS2_PLACEMENT_3D('',#206,#207,#208);
#206 = CARTESIAN_POINT('',(63.857146717404,-16.83883645362,18.5));
#207 = DIRECTION('',(0.,0.,1.));
#208 = DIRECTION('',(1.,0.,-0.));
#209 = PCURVE('',#185,#210);
#210 = DEFINITIONAL_REPRESENTATION('',(#211),#215);
#211 = LINE('',#212,#213);
#212 = CARTESIAN_POINT('',(0.,19.5));
#213 = VECTOR('',#214,1.);
#214 = DIRECTION('',(1.,0.));
#215 = ( GEOMETRIC_REPRESENTATION_CONTEXT(2) 
PARAMETRIC_REPRESENTATION_CONTEXT() REPRESENTATION_CONTEXT('2D SPACE',''
  ) );
#216 = PCURVE('',#217,#222);
#217 = PLANE('',#218);
#218 = AXIS2_PLACEMENT_3D('',#219,#220,#221);
#219 = CARTESIAN_POINT('',(63.857146717404,-16.83883645362,18.5));
#220 = DIRECTION('',(0.,0.,1.));
#221 = DIRECTION('',(1.,0.,-0.));
#222 = DEFINITIONAL_REPRESENTATION('',(#223),#227);
#223 = CIRCLE('',#224,3.8);
#224 = AXIS2_PLACEMENT_2D('',#225,#226);
#225 = CARTESIAN_POINT('',(0.,0.));
#226 = DIRECTION('',(1.,0.));
#227 = ( GEOMETRIC_REPRESENTATION_CONTEXT(2) 
PARAMETRIC_REPRESENTATION_CONTEXT() REPRESENTATION_CONTEXT('2D SPACE',''
  ) );
#228 = ORIENTED_EDGE('',*,*,#229,.F.);
#229 = EDGE_CURVE('',#169,#201,#230,.T.);
#230 = SEAM_CURVE('',#231,(#235,#242),.PCURVE_S1.);
#231 = LINE('',#232,#233);
#232 = CARTESIAN_POINT('',(67.657146717404,-16.83883645362,-1.));
#233 = VECTOR('',#234,1.);
#234 = DIRECTION('',(0.,0.,1.));
#235 = PCURVE('',#185,#236);
#236 = DEFINITIONAL_REPRESENTATION('',(#237),#241);
#237 = LINE('',#238,#239);
#238 = CARTESIAN_POINT('',(6.28318530718,-0.));
#239 = VECTOR('',#240,1.);
#240 = DIRECTION('',(0.,1.));
#241 = ( GEOMETRIC_REPRESENTATION_CONTEXT(2) 
PARAMETRIC_REPRESENTATION_CONTEXT() REPRESENTATION_CONTEXT('2D SPACE',''
  ) );
#242 = PCURVE('',#185,#243);
#243 = DEFINITIONAL_REPRESENTATION('',(#244),#248);
#244 = LINE('',#245,#246);
#245 = CARTESIAN_POINT('',(0.,-0.));
#246 = VECTOR('',#247,1.);
#247 = DIRECTION('',(0.,1.));
#248 = ( GEOMETRIC_REPRESENTATION_CONTEXT(2) 
PARAMETRIC_REPRESENTATION_CONTEXT() REPRESENTATION_CONTEXT('2D SPACE',''
  ) );
#249 = ORIENTED_EDGE('',*,*,#168,.T.);
#250 = ORIENTED_EDGE('',*,*,#229,.T.);
#251 = ADVANCED_FACE('',(#252,#794,#825,#856,#887,#918,#949,#980,#983,
    #1014,#1045,#1076),#217,.T.);
#252 = FACE_BOUND('',#253,.T.);
#253 = EDGE_LOOP('',(#254,#289,#318,#346,#375,#403,#436,#469,#498,#526,
    #555,#583,#616,#649,#678,#706,#735,#763));
#254 = ORIENTED_EDGE('',*,*,#255,.F.);
#255 = EDGE_CURVE('',#256,#258,#260,.T.);
#256 = VERTEX_POINT('',#257);
#257 = CARTESIAN_POINT('',(6.352165317198,78.744206109294,18.5));
#258 = VERTEX_POINT('',#259);
#259 = CARTESIAN_POINT('',(77.761105323582,-13.93594269702,18.5));
#260 = SURFACE_CURVE('',#261,(#266,#277),.PCURVE_S1.);
#261 = CIRCLE('',#262,79.);
#262 = AXIS2_PLACEMENT_3D('',#263,#264,#265);
#263 = CARTESIAN_POINT('',(0.,0.,18.5));
#264 = DIRECTION('',(0.,0.,-1.));
#265 = DIRECTION('',(8.04071559139E-02,0.996762102649,0.));
#266 = PCURVE('',#217,#267);
#267 = DEFINITIONAL_REPRESENTATION('',(#268),#276);
#268 = ( BOUNDED_CURVE() B_SPLINE_CURVE(2,(#269,#270,#271,#272,#273,#274
,#275),.UNSPECIFIED.,.T.,.F.) B_SPLINE_CURVE_WITH_KNOTS((1,2,2,2,2,1),(
    -2.094395102393,0.,2.094395102393,4.188790204786,6.28318530718,
8.377580409573),.UNSPECIFIED.) CURVE() GEOMETRIC_REPRESENTATION_ITEM() 
RATIONAL_B_SPLINE_CURVE((1.,0.5,1.,0.5,1.,0.5,1.)) REPRESENTATION_ITEM(
  '') );
#269 = CARTESIAN_POINT('',(-57.5049814002,95.583042562919));
#270 = CARTESIAN_POINT('',(78.883984382767,84.580769495455));
#271 = CARTESIAN_POINT('',(1.161253515483,-28.03440313475));
#272 = CARTESIAN_POINT('',(-76.5614773518,-140.6495757649));
#273 = CARTESIAN_POINT('',(-135.2277122674,-17.03213006729));
#274 = CARTESIAN_POINT('',(-193.8939471831,106.58531563038));
#275 = CARTESIAN_POINT('',(-57.5049814002,95.583042562919));
#276 = ( GEOMETRIC_REPRESENTATION_CONTEXT(2) 
PARAMETRIC_REPRESENTATION_CONTEXT() REPRESENTATION_CONTEXT('2D SPACE',''
  ) );
#277 = PCURVE('',#278,#283);
#278 = CYLINDRICAL_SURFACE('',#279,79.);
#279 = AXIS2_PLACEMENT_3D('',#280,#281,#282);
#280 = CARTESIAN_POINT('',(0.,0.,10.5));
#281 = DIRECTION('',(0.,0.,1.));
#282 = DIRECTION('',(1.,0.,-0.));
#283 = DEFINITIONAL_REPRESENTATION('',(#284),#288);
#284 = LINE('',#285,#286);
#285 = CARTESIAN_POINT('',(7.773487582134,8.));
#286 = VECTOR('',#287,1.);
#287 = DIRECTION('',(-1.,-0.));
#288 = ( GEOMETRIC_REPRESENTATION_CONTEXT(2) 
PARAMETRIC_REPRESENTATION_CONTEXT() REPRESENTATION_CONTEXT('2D SPACE',''
  ) );
#289 = ORIENTED_EDGE('',*,*,#290,.F.);
#290 = EDGE_CURVE('',#291,#256,#293,.T.);
#291 = VERTEX_POINT('',#292);
#292 = CARTESIAN_POINT('',(0.887506577358,83.929805981398,18.5));
#293 = SURFACE_CURVE('',#294,(#299,#306),.PCURVE_S1.);
#294 = CIRCLE('',#295,6.);
#295 = AXIS2_PLACEMENT_3D('',#296,#297,#298);
#296 = CARTESIAN_POINT('',(6.834608252681,84.72477872519,18.5));
#297 = DIRECTION('',(-0.,0.,1.));
#298 = DIRECTION('',(0.132495457299,-0.991183612554,0.));
#299 = PCURVE('',#217,#300);
#300 = DEFINITIONAL_REPRESENTATION('',(#301),#305);
#301 = CIRCLE('',#302,6.);
#302 = AXIS2_PLACEMENT_2D('',#303,#304);
#303 = CARTESIAN_POINT('',(-57.02253846472,101.56361517881));
#304 = DIRECTION('',(0.132495457299,-0.991183612554));
#305 = ( GEOMETRIC_REPRESENTATION_CONTEXT(2) 
PARAMETRIC_REPRESENTATION_CONTEXT() REPRESENTATION_CONTEXT('2D SPACE',''
  ) );
#306 = PCURVE('',#307,#312);
#307 = CYLINDRICAL_SURFACE('',#308,6.);
#308 = AXIS2_PLACEMENT_3D('',#309,#310,#311);
#309 = CARTESIAN_POINT('',(6.834608252681,84.72477872519,10.5));
#310 = DIRECTION('',(0.,0.,-1.));
#311 = DIRECTION('',(0.132495457299,-0.991183612554,0.));
#312 = DEFINITIONAL_REPRESENTATION('',(#313),#317);
#313 = LINE('',#314,#315);
#314 = CARTESIAN_POINT('',(-0.,-8.));
#315 = VECTOR('',#316,1.);
#316 = DIRECTION('',(-1.,0.));
#317 = ( GEOMETRIC_REPRESENTATION_CONTEXT(2) 
PARAMETRIC_REPRESENTATION_CONTEXT() REPRESENTATION_CONTEXT('2D SPACE',''
  ) );
#318 = ORIENTED_EDGE('',*,*,#319,.T.);
#319 = EDGE_CURVE('',#291,#320,#322,.T.);
#320 = VERTEX_POINT('',#321);
#321 = CARTESIAN_POINT('',(-4.817508082255,126.60837893235,18.5));
#322 = SURFACE_CURVE('',#323,(#327,#334),.PCURVE_S1.);
#323 = LINE('',#324,#325);
#324 = CARTESIAN_POINT('',(2.089539510549,74.937532816566,18.5));
#325 = VECTOR('',#326,1.);
#326 = DIRECTION('',(-0.132495457299,0.991183612554,0.));
#327 = PCURVE('',#217,#328);
#328 = DEFINITIONAL_REPRESENTATION('',(#329),#333);
#329 = LINE('',#330,#331);
#330 = CARTESIAN_POINT('',(-61.76760720685,91.77636927019));
#331 = VECTOR('',#332,1.);
#332 = DIRECTION('',(-0.132495457299,0.991183612554));
#333 = ( GEOMETRIC_REPRESENTATION_CONTEXT(2) 
PARAMETRIC_REPRESENTATION_CONTEXT() REPRESENTATION_CONTEXT('2D SPACE',''
  ) );
#334 = PCURVE('',#335,#340);
#335 = PLANE('',#336);
#336 = AXIS2_PLACEMENT_3D('',#337,#338,#339);
#337 = CARTESIAN_POINT('',(2.089539510549,74.937532816566,10.5));
#338 = DIRECTION('',(-0.991183612554,-0.132495457299,0.));
#339 = DIRECTION('',(0.,0.,1.));
#340 = DEFINITIONAL_REPRESENTATION('',(#341),#345);
#341 = LINE('',#342,#343);
#342 = CARTESIAN_POINT('',(8.,0.));
#343 = VECTOR('',#344,1.);
#344 = DIRECTION('',(0.,1.));
#345 = ( GEOMETRIC_REPRESENTATION_CONTEXT(2) 
PARAMETRIC_REPRESENTATION_CONTEXT() REPRESENTATION_CONTEXT('2D SPACE',''
  ) );
#346 = ORIENTED_EDGE('',*,*,#347,.T.);
#347 = EDGE_CURVE('',#320,#348,#350,.T.);
#348 = VERTEX_POINT('',#349);
#349 = CARTESIAN_POINT('',(-28.60591478354,123.42848795718,18.5));
#350 = SURFACE_CURVE('',#351,(#356,#363),.PCURVE_S1.);
#351 = CIRCLE('',#352,126.7);
#352 = AXIS2_PLACEMENT_3D('',#353,#354,#355);
#353 = CARTESIAN_POINT('',(0.,0.,18.5));
#354 = DIRECTION('',(0.,0.,1.));
#355 = DIRECTION('',(1.,0.,-0.));
#356 = PCURVE('',#217,#357);
#357 = DEFINITIONAL_REPRESENTATION('',(#358),#362);
#358 = CIRCLE('',#359,126.7);
#359 = AXIS2_PLACEMENT_2D('',#360,#361);
#360 = CARTESIAN_POINT('',(-63.8571467174,16.838836453625));
#361 = DIRECTION('',(1.,0.));
#362 = ( GEOMETRIC_REPRESENTATION_CONTEXT(2) 
PARAMETRIC_REPRESENTATION_CONTEXT() REPRESENTATION_CONTEXT('2D SPACE',''
  ) );
#363 = PCURVE('',#364,#369);
#364 = CYLINDRICAL_SURFACE('',#365,126.7);
#365 = AXIS2_PLACEMENT_3D('',#366,#367,#368);
#366 = CARTESIAN_POINT('',(0.,0.,-0.5));
#367 = DIRECTION('',(0.,0.,1.));
#368 = DIRECTION('',(1.,0.,-0.));
#369 = DEFINITIONAL_REPRESENTATION('',(#370),#374);
#370 = LINE('',#371,#372);
#371 = CARTESIAN_POINT('',(0.,19.));
#372 = VECTOR('',#373,1.);
#373 = DIRECTION('',(1.,0.));
#374 = ( GEOMETRIC_REPRESENTATION_CONTEXT(2) 
PARAMETRIC_REPRESENTATION_CONTEXT() REPRESENTATION_CONTEXT('2D SPACE',''
  ) );
#375 = ORIENTED_EDGE('',*,*,#376,.F.);
#376 = EDGE_CURVE('',#377,#348,#379,.T.);
#377 = VERTEX_POINT('',#378);
#378 = CARTESIAN_POINT('',(-22.90090012393,80.749915006232,18.5));
#379 = SURFACE_CURVE('',#380,(#384,#391),.PCURVE_S1.);
#380 = LINE('',#381,#382);
#381 = CARTESIAN_POINT('',(-21.69886719074,71.757641841399,18.5));
#382 = VECTOR('',#383,1.);
#383 = DIRECTION('',(-0.132495457299,0.991183612554,0.));
#384 = PCURVE('',#217,#385);
#385 = DEFINITIONAL_REPRESENTATION('',(#386),#390);
#386 = LINE('',#387,#388);
#387 = CARTESIAN_POINT('',(-85.55601390814,88.596478295024));
#388 = VECTOR('',#389,1.);
#389 = DIRECTION('',(-0.132495457299,0.991183612554));
#390 = ( GEOMETRIC_REPRESENTATION_CONTEXT(2) 
PARAMETRIC_REPRESENTATION_CONTEXT() REPRESENTATION_CONTEXT('2D SPACE',''
  ) );
#391 = PCURVE('',#392,#397);
#392 = PLANE('',#393);
#393 = AXIS2_PLACEMENT_3D('',#394,#395,#396);
#394 = CARTESIAN_POINT('',(-21.69886719074,71.757641841399,10.5));
#395 = DIRECTION('',(-0.991183612554,-0.132495457299,0.));
#396 = DIRECTION('',(0.,0.,1.));
#397 = DEFINITIONAL_REPRESENTATION('',(#398),#402);
#398 = LINE('',#399,#400);
#399 = CARTESIAN_POINT('',(8.,0.));
#400 = VECTOR('',#401,1.);
#401 = DIRECTION('',(0.,1.));
#402 = ( GEOMETRIC_REPRESENTATION_CONTEXT(2) 
PARAMETRIC_REPRESENTATION_CONTEXT() REPRESENTATION_CONTEXT('2D SPACE',''
  ) );
#403 = ORIENTED_EDGE('',*,*,#404,.T.);
#404 = EDGE_CURVE('',#377,#405,#407,.T.);
#405 = VERTEX_POINT('',#406);
#406 = CARTESIAN_POINT('',(-26.81167226048,74.311063985091,18.5));
#407 = SURFACE_CURVE('',#408,(#413,#424),.PCURVE_S1.);
#408 = CIRCLE('',#409,6.);
#409 = AXIS2_PLACEMENT_3D('',#410,#411,#412);
#410 = CARTESIAN_POINT('',(-28.84800179925,79.95494226244,18.5));
#411 = DIRECTION('',(0.,0.,-1.));
#412 = DIRECTION('',(-0.132495457299,0.991183612554,0.));
#413 = PCURVE('',#217,#414);
#414 = DEFINITIONAL_REPRESENTATION('',(#415),#423);
#415 = ( BOUNDED_CURVE() B_SPLINE_CURVE(2,(#416,#417,#418,#419,#420,#421
,#422),.UNSPECIFIED.,.T.,.F.) B_SPLINE_CURVE_WITH_KNOTS((1,2,2,2,2,1),(
    -2.094395102393,0.,2.094395102393,4.188790204786,6.28318530718,
8.377580409573),.UNSPECIFIED.) CURVE() GEOMETRIC_REPRESENTATION_ITEM() 
RATIONAL_B_SPLINE_CURVE((1.,0.5,1.,0.5,1.,0.5,1.)) REPRESENTATION_ITEM(
  '') );
#416 = CARTESIAN_POINT('',(-93.50012126045,102.74088039138));
#417 = CARTESIAN_POINT('',(-83.19943900101,104.11781357426));
#418 = CARTESIAN_POINT('',(-87.15732101504,94.508694469843));
#419 = CARTESIAN_POINT('',(-91.11520302907,84.899575365419));
#420 = CARTESIAN_POINT('',(-97.45800327448,93.131761286963));
#421 = CARTESIAN_POINT('',(-103.8008035198,101.3639472085));
#422 = CARTESIAN_POINT('',(-93.50012126045,102.74088039138));
#423 = ( GEOMETRIC_REPRESENTATION_CONTEXT(2) 
PARAMETRIC_REPRESENTATION_CONTEXT() REPRESENTATION_CONTEXT('2D SPACE',''
  ) );
#424 = PCURVE('',#425,#430);
#425 = CYLINDRICAL_SURFACE('',#426,6.);
#426 = AXIS2_PLACEMENT_3D('',#427,#428,#429);
#427 = CARTESIAN_POINT('',(-28.84800179925,79.95494226244,10.5));
#428 = DIRECTION('',(-0.,0.,-1.));
#429 = DIRECTION('',(-0.132495457299,0.991183612554,0.));
#430 = DEFINITIONAL_REPRESENTATION('',(#431),#435);
#431 = LINE('',#432,#433);
#432 = CARTESIAN_POINT('',(0.,-8.));
#433 = VECTOR('',#434,1.);
#434 = DIRECTION('',(1.,0.));
#435 = ( GEOMETRIC_REPRESENTATION_CONTEXT(2) 
PARAMETRIC_REPRESENTATION_CONTEXT() REPRESENTATION_CONTEXT('2D SPACE',''
  ) );
#436 = ORIENTED_EDGE('',*,*,#437,.F.);
#437 = EDGE_CURVE('',#438,#405,#440,.T.);
#438 = VERTEX_POINT('',#439);
#439 = CARTESIAN_POINT('',(-71.37056555008,-33.87096652091,18.5));
#440 = SURFACE_CURVE('',#441,(#446,#457),.PCURVE_S1.);
#441 = CIRCLE('',#442,79.);
#442 = AXIS2_PLACEMENT_3D('',#443,#444,#445);
#443 = CARTESIAN_POINT('',(0.,0.,18.5));
#444 = DIRECTION('',(0.,0.,-1.));
#445 = DIRECTION('',(8.04071559139E-02,0.996762102649,0.));
#446 = PCURVE('',#217,#447);
#447 = DEFINITIONAL_REPRESENTATION('',(#448),#456);
#448 = ( BOUNDED_CURVE() B_SPLINE_CURVE(2,(#449,#450,#451,#452,#453,#454
,#455),.UNSPECIFIED.,.T.,.F.) B_SPLINE_CURVE_WITH_KNOTS((1,2,2,2,2,1),(
    -2.094395102393,0.,2.094395102393,4.188790204786,6.28318530718,
8.377580409573),.UNSPECIFIED.) CURVE() GEOMETRIC_REPRESENTATION_ITEM() 
RATIONAL_B_SPLINE_CURVE((1.,0.5,1.,0.5,1.,0.5,1.)) REPRESENTATION_ITEM(
  '') );
#449 = CARTESIAN_POINT('',(-57.5049814002,95.583042562919));
#450 = CARTESIAN_POINT('',(78.883984382767,84.580769495455));
#451 = CARTESIAN_POINT('',(1.161253515483,-28.03440313475));
#452 = CARTESIAN_POINT('',(-76.5614773518,-140.6495757649));
#453 = CARTESIAN_POINT('',(-135.2277122674,-17.03213006729));
#454 = CARTESIAN_POINT('',(-193.8939471831,106.58531563038));
#455 = CARTESIAN_POINT('',(-57.5049814002,95.583042562919));
#456 = ( GEOMETRIC_REPRESENTATION_CONTEXT(2) 
PARAMETRIC_REPRESENTATION_CONTEXT() REPRESENTATION_CONTEXT('2D SPACE',''
  ) );
#457 = PCURVE('',#458,#463);
#458 = CYLINDRICAL_SURFACE('',#459,79.);
#459 = AXIS2_PLACEMENT_3D('',#460,#461,#462);
#460 = CARTESIAN_POINT('',(0.,0.,10.5));
#461 = DIRECTION('',(0.,0.,1.));
#462 = DIRECTION('',(1.,0.,-0.));
#463 = DEFINITIONAL_REPRESENTATION('',(#464),#468);
#464 = LINE('',#465,#466);
#465 = CARTESIAN_POINT('',(7.773487582134,8.));
#466 = VECTOR('',#467,1.);
#467 = DIRECTION('',(-1.,-0.));
#468 = ( GEOMETRIC_REPRESENTATION_CONTEXT(2) 
PARAMETRIC_REPRESENTATION_CONTEXT() REPRESENTATION_CONTEXT('2D SPACE',''
  ) );
#469 = ORIENTED_EDGE('',*,*,#470,.F.);
#470 = EDGE_CURVE('',#471,#438,#473,.T.);
#471 = VERTEX_POINT('',#472);
#472 = CARTESIAN_POINT('',(-73.12909740326,-41.19629974868,18.5));
#473 = SURFACE_CURVE('',#474,(#479,#486),.PCURVE_S1.);
#474 = CIRCLE('',#475,6.);
#475 = AXIS2_PLACEMENT_3D('',#476,#477,#478);
#476 = CARTESIAN_POINT('',(-76.79111483237,-36.44344499085,18.5));
#477 = DIRECTION('',(0.,-0.,1.));
#478 = DIRECTION('',(0.792142459637,0.610336238184,0.));
#479 = PCURVE('',#217,#480);
#480 = DEFINITIONAL_REPRESENTATION('',(#481),#485);
#481 = CIRCLE('',#482,6.);
#482 = AXIS2_PLACEMENT_2D('',#483,#484);
#483 = CARTESIAN_POINT('',(-140.6482615497,-19.60460853723));
#484 = DIRECTION('',(0.792142459637,0.610336238184));
#485 = ( GEOMETRIC_REPRESENTATION_CONTEXT(2) 
PARAMETRIC_REPRESENTATION_CONTEXT() REPRESENTATION_CONTEXT('2D SPACE',''
  ) );
#486 = PCURVE('',#487,#492);
#487 = CYLINDRICAL_SURFACE('',#488,6.);
#488 = AXIS2_PLACEMENT_3D('',#489,#490,#491);
#489 = CARTESIAN_POINT('',(-76.79111483237,-36.44344499085,10.5));
#490 = DIRECTION('',(0.,0.,-1.));
#491 = DIRECTION('',(0.792142459637,0.610336238184,0.));
#492 = DEFINITIONAL_REPRESENTATION('',(#493),#497);
#493 = LINE('',#494,#495);
#494 = CARTESIAN_POINT('',(-0.,-8.));
#495 = VECTOR('',#496,1.);
#496 = DIRECTION('',(-1.,0.));
#497 = ( GEOMETRIC_REPRESENTATION_CONTEXT(2) 
PARAMETRIC_REPRESENTATION_CONTEXT() REPRESENTATION_CONTEXT('2D SPACE',''
  ) );
#498 = ORIENTED_EDGE('',*,*,#499,.T.);
#499 = EDGE_CURVE('',#471,#500,#502,.T.);
#500 = VERTEX_POINT('',#501);
#501 = CARTESIAN_POINT('',(-107.2373184462,-67.47627384834,18.5));
#502 = SURFACE_CURVE('',#503,(#507,#514),.PCURVE_S1.);
#503 = LINE('',#504,#505);
#504 = CARTESIAN_POINT('',(-65.94257687135,-35.65917210993,18.5));
#505 = VECTOR('',#506,1.);
#506 = DIRECTION('',(-0.792142459637,-0.610336238184,0.));
#507 = PCURVE('',#217,#508);
#508 = DEFINITIONAL_REPRESENTATION('',(#509),#513);
#509 = LINE('',#510,#511);
#510 = CARTESIAN_POINT('',(-129.7997235887,-18.82033565631));
#511 = VECTOR('',#512,1.);
#512 = DIRECTION('',(-0.792142459637,-0.610336238184));
#513 = ( GEOMETRIC_REPRESENTATION_CONTEXT(2) 
PARAMETRIC_REPRESENTATION_CONTEXT() REPRESENTATION_CONTEXT('2D SPACE',''
  ) );
#514 = PCURVE('',#515,#520);
#515 = PLANE('',#516);
#516 = AXIS2_PLACEMENT_3D('',#517,#518,#519);
#517 = CARTESIAN_POINT('',(-65.94257687135,-35.65917210993,10.5));
#518 = DIRECTION('',(0.610336238184,-0.792142459637,0.));
#519 = DIRECTION('',(0.,0.,1.));
#520 = DEFINITIONAL_REPRESENTATION('',(#521),#525);
#521 = LINE('',#522,#523);
#522 = CARTESIAN_POINT('',(8.,0.));
#523 = VECTOR('',#524,1.);
#524 = DIRECTION('',(0.,1.));
#525 = ( GEOMETRIC_REPRESENTATION_CONTEXT(2) 
PARAMETRIC_REPRESENTATION_CONTEXT() REPRESENTATION_CONTEXT('2D SPACE',''
  ) );
#526 = ORIENTED_EDGE('',*,*,#527,.T.);
#527 = EDGE_CURVE('',#500,#528,#530,.T.);
#528 = VERTEX_POINT('',#529);
#529 = CARTESIAN_POINT('',(-92.58924872984,-86.48769287963,18.5));
#530 = SURFACE_CURVE('',#531,(#536,#543),.PCURVE_S1.);
#531 = CIRCLE('',#532,126.7);
#532 = AXIS2_PLACEMENT_3D('',#533,#534,#535);
#533 = CARTESIAN_POINT('',(0.,0.,18.5));
#534 = DIRECTION('',(0.,0.,1.));
#535 = DIRECTION('',(1.,0.,-0.));
#536 = PCURVE('',#217,#537);
#537 = DEFINITIONAL_REPRESENTATION('',(#538),#542);
#538 = CIRCLE('',#539,126.7);
#539 = AXIS2_PLACEMENT_2D('',#540,#541);
#540 = CARTESIAN_POINT('',(-63.8571467174,16.838836453625));
#541 = DIRECTION('',(1.,0.));
#542 = ( GEOMETRIC_REPRESENTATION_CONTEXT(2) 
PARAMETRIC_REPRESENTATION_CONTEXT() REPRESENTATION_CONTEXT('2D SPACE',''
  ) );
#543 = PCURVE('',#544,#549);
#544 = CYLINDRICAL_SURFACE('',#545,126.7);
#545 = AXIS2_PLACEMENT_3D('',#546,#547,#548);
#546 = CARTESIAN_POINT('',(0.,0.,-0.5));
#547 = DIRECTION('',(0.,0.,1.));
#548 = DIRECTION('',(1.,0.,-0.));
#549 = DEFINITIONAL_REPRESENTATION('',(#550),#554);
#550 = LINE('',#551,#552);
#551 = CARTESIAN_POINT('',(0.,19.));
#552 = VECTOR('',#553,1.);
#553 = DIRECTION('',(1.,0.));
#554 = ( GEOMETRIC_REPRESENTATION_CONTEXT(2) 
PARAMETRIC_REPRESENTATION_CONTEXT() REPRESENTATION_CONTEXT('2D SPACE',''
  ) );
#555 = ORIENTED_EDGE('',*,*,#556,.F.);
#556 = EDGE_CURVE('',#557,#528,#559,.T.);
#557 = VERTEX_POINT('',#558);
#558 = CARTESIAN_POINT('',(-58.48102768686,-60.20771877997,18.5));
#559 = SURFACE_CURVE('',#560,(#564,#571),.PCURVE_S1.);
#560 = LINE('',#561,#562);
#561 = CARTESIAN_POINT('',(-51.29450715494,-54.67059114122,18.5));
#562 = VECTOR('',#563,1.);
#563 = DIRECTION('',(-0.792142459637,-0.610336238184,0.));
#564 = PCURVE('',#217,#565);
#565 = DEFINITIONAL_REPRESENTATION('',(#566),#570);
#566 = LINE('',#567,#568);
#567 = CARTESIAN_POINT('',(-115.1516538723,-37.8317546876));
#568 = VECTOR('',#569,1.);
#569 = DIRECTION('',(-0.792142459637,-0.610336238184));
#570 = ( GEOMETRIC_REPRESENTATION_CONTEXT(2) 
PARAMETRIC_REPRESENTATION_CONTEXT() REPRESENTATION_CONTEXT('2D SPACE',''
  ) );
#571 = PCURVE('',#572,#577);
#572 = PLANE('',#573);
#573 = AXIS2_PLACEMENT_3D('',#574,#575,#576);
#574 = CARTESIAN_POINT('',(-51.29450715494,-54.67059114122,10.5));
#575 = DIRECTION('',(0.610336238184,-0.792142459637,0.));
#576 = DIRECTION('',(0.,0.,1.));
#577 = DEFINITIONAL_REPRESENTATION('',(#578),#582);
#578 = LINE('',#579,#580);
#579 = CARTESIAN_POINT('',(8.,0.));
#580 = VECTOR('',#581,1.);
#581 = DIRECTION('',(0.,1.));
#582 = ( GEOMETRIC_REPRESENTATION_CONTEXT(2) 
PARAMETRIC_REPRESENTATION_CONTEXT() REPRESENTATION_CONTEXT('2D SPACE',''
  ) );
#583 = ORIENTED_EDGE('',*,*,#584,.T.);
#584 = EDGE_CURVE('',#557,#585,#587,.T.);
#585 = VERTEX_POINT('',#586);
#586 = CARTESIAN_POINT('',(-50.94943306309,-60.37512128806,18.5));
#587 = SURFACE_CURVE('',#588,(#593,#604),.PCURVE_S1.);
#588 = CIRCLE('',#589,6.);
#589 = AXIS2_PLACEMENT_3D('',#590,#591,#592);
#590 = CARTESIAN_POINT('',(-54.81901025776,-64.96057353779,18.5));
#591 = DIRECTION('',(-0.,0.,-1.));
#592 = DIRECTION('',(-0.792142459637,-0.610336238184,0.));
#593 = PCURVE('',#217,#594);
#594 = DEFINITIONAL_REPRESENTATION('',(#595),#603);
#595 = ( BOUNDED_CURVE() B_SPLINE_CURVE(2,(#596,#597,#598,#599,#600,#601
,#602),.UNSPECIFIED.,.T.,.F.) B_SPLINE_CURVE_WITH_KNOTS((1,2,2,2,2,1),(
    -2.094395102393,0.,2.094395102393,4.188790204786,6.28318530718,
8.377580409573),.UNSPECIFIED.) CURVE() GEOMETRIC_REPRESENTATION_ITEM() 
RATIONAL_B_SPLINE_CURVE((1.,0.5,1.,0.5,1.,0.5,1.)) REPRESENTATION_ITEM(
  '') );
#596 = CARTESIAN_POINT('',(-123.4290117329,-51.78375451327));
#597 = CARTESIAN_POINT('',(-129.7718119783,-43.55156859172));
#598 = CARTESIAN_POINT('',(-119.4711297189,-42.17463540884));
#599 = CARTESIAN_POINT('',(-109.1704474595,-40.79770222596));
#600 = CARTESIAN_POINT('',(-113.1283294735,-50.40682133039));
#601 = CARTESIAN_POINT('',(-117.0862114875,-60.01594043481));
#602 = CARTESIAN_POINT('',(-123.4290117329,-51.78375451327));
#603 = ( GEOMETRIC_REPRESENTATION_CONTEXT(2) 
PARAMETRIC_REPRESENTATION_CONTEXT() REPRESENTATION_CONTEXT('2D SPACE',''
  ) );
#604 = PCURVE('',#605,#610);
#605 = CYLINDRICAL_SURFACE('',#606,6.);
#606 = AXIS2_PLACEMENT_3D('',#607,#608,#609);
#607 = CARTESIAN_POINT('',(-54.81901025776,-64.96057353779,10.5));
#608 = DIRECTION('',(0.,-0.,-1.));
#609 = DIRECTION('',(-0.792142459637,-0.610336238184,0.));
#610 = DEFINITIONAL_REPRESENTATION('',(#611),#615);
#611 = LINE('',#612,#613);
#612 = CARTESIAN_POINT('',(0.,-8.));
#613 = VECTOR('',#614,1.);
#614 = DIRECTION('',(1.,0.));
#615 = ( GEOMETRIC_REPRESENTATION_CONTEXT(2) 
PARAMETRIC_REPRESENTATION_CONTEXT() REPRESENTATION_CONTEXT('2D SPACE',''
  ) );
#616 = ORIENTED_EDGE('',*,*,#617,.F.);
#617 = EDGE_CURVE('',#618,#585,#620,.T.);
#618 = VERTEX_POINT('',#619);
#619 = CARTESIAN_POINT('',(65.018400232888,-44.87323958837,18.5));
#620 = SURFACE_CURVE('',#621,(#626,#637),.PCURVE_S1.);
#621 = CIRCLE('',#622,79.);
#622 = AXIS2_PLACEMENT_3D('',#623,#624,#625);
#623 = CARTESIAN_POINT('',(0.,0.,18.5));
#624 = DIRECTION('',(0.,0.,-1.));
#625 = DIRECTION('',(8.04071559139E-02,0.996762102649,0.));
#626 = PCURVE('',#217,#627);
#627 = DEFINITIONAL_REPRESENTATION('',(#628),#636);
#628 = ( BOUNDED_CURVE() B_SPLINE_CURVE(2,(#629,#630,#631,#632,#633,#634
,#635),.UNSPECIFIED.,.T.,.F.) B_SPLINE_CURVE_WITH_KNOTS((1,2,2,2,2,1),(
    -2.094395102393,0.,2.094395102393,4.188790204786,6.28318530718,
8.377580409573),.UNSPECIFIED.) CURVE() GEOMETRIC_REPRESENTATION_ITEM() 
RATIONAL_B_SPLINE_CURVE((1.,0.5,1.,0.5,1.,0.5,1.)) REPRESENTATION_ITEM(
  '') );
#629 = CARTESIAN_POINT('',(-57.5049814002,95.583042562919));
#630 = CARTESIAN_POINT('',(78.883984382767,84.580769495455));
#631 = CARTESIAN_POINT('',(1.161253515483,-28.03440313475));
#632 = CARTESIAN_POINT('',(-76.5614773518,-140.6495757649));
#633 = CARTESIAN_POINT('',(-135.2277122674,-17.03213006729));
#634 = CARTESIAN_POINT('',(-193.8939471831,106.58531563038));
#635 = CARTESIAN_POINT('',(-57.5049814002,95.583042562919));
#636 = ( GEOMETRIC_REPRESENTATION_CONTEXT(2) 
PARAMETRIC_REPRESENTATION_CONTEXT() REPRESENTATION_CONTEXT('2D SPACE',''
  ) );
#637 = PCURVE('',#638,#643);
#638 = CYLINDRICAL_SURFACE('',#639,79.);
#639 = AXIS2_PLACEMENT_3D('',#640,#641,#642);
#640 = CARTESIAN_POINT('',(0.,0.,10.5));
#641 = DIRECTION('',(0.,0.,1.));
#642 = DIRECTION('',(1.,0.,-0.));
#643 = DEFINITIONAL_REPRESENTATION('',(#644),#648);
#644 = LINE('',#645,#646);
#645 = CARTESIAN_POINT('',(7.773487582134,8.));
#646 = VECTOR('',#647,1.);
#647 = DIRECTION('',(-1.,-0.));
#648 = ( GEOMETRIC_REPRESENTATION_CONTEXT(2) 
PARAMETRIC_REPRESENTATION_CONTEXT() REPRESENTATION_CONTEXT('2D SPACE',''
  ) );
#649 = ORIENTED_EDGE('',*,*,#650,.F.);
#650 = EDGE_CURVE('',#651,#618,#653,.T.);
#651 = VERTEX_POINT('',#652);
#652 = CARTESIAN_POINT('',(72.241590825911,-42.73350623271,18.5));
#653 = SURFACE_CURVE('',#654,(#659,#666),.PCURVE_S1.);
#654 = CIRCLE('',#655,6.);
#655 = AXIS2_PLACEMENT_3D('',#656,#657,#658);
#656 = CARTESIAN_POINT('',(69.956506579689,-48.28133373433,18.5));
#657 = DIRECTION('',(0.,0.,1.));
#658 = DIRECTION('',(-0.924637916936,0.38084737437,0.));
#659 = PCURVE('',#217,#660);
#660 = DEFINITIONAL_REPRESENTATION('',(#661),#665);
#661 = CIRCLE('',#662,6.);
#662 = AXIS2_PLACEMENT_2D('',#663,#664);
#663 = CARTESIAN_POINT('',(6.099359862285,-31.4424972807));
#664 = DIRECTION('',(-0.924637916936,0.38084737437));
#665 = ( GEOMETRIC_REPRESENTATION_CONTEXT(2) 
PARAMETRIC_REPRESENTATION_CONTEXT() REPRESENTATION_CONTEXT('2D SPACE',''
  ) );
#666 = PCURVE('',#667,#672);
#667 = CYLINDRICAL_SURFACE('',#668,6.);
#668 = AXIS2_PLACEMENT_3D('',#669,#670,#671);
#669 = CARTESIAN_POINT('',(69.956506579689,-48.28133373433,10.5));
#670 = DIRECTION('',(-0.,0.,-1.));
#671 = DIRECTION('',(-0.924637916936,0.38084737437,0.));
#672 = DEFINITIONAL_REPRESENTATION('',(#673),#677);
#673 = LINE('',#674,#675);
#674 = CARTESIAN_POINT('',(-0.,-8.));
#675 = VECTOR('',#676,1.);
#676 = DIRECTION('',(-1.,0.));
#677 = ( GEOMETRIC_REPRESENTATION_CONTEXT(2) 
PARAMETRIC_REPRESENTATION_CONTEXT() REPRESENTATION_CONTEXT('2D SPACE',''
  ) );
#678 = ORIENTED_EDGE('',*,*,#679,.T.);
#679 = EDGE_CURVE('',#651,#680,#682,.T.);
#680 = VERTEX_POINT('',#681);
#681 = CARTESIAN_POINT('',(112.0548265285,-59.132105084,18.5));
#682 = SURFACE_CURVE('',#683,(#687,#694),.PCURVE_S1.);
#683 = LINE('',#684,#685);
#684 = CARTESIAN_POINT('',(63.853037360801,-39.27836070662,18.5));
#685 = VECTOR('',#686,1.);
#686 = DIRECTION('',(0.924637916936,-0.38084737437,0.));
#687 = PCURVE('',#217,#688);
#688 = DEFINITIONAL_REPRESENTATION('',(#689),#693);
#689 = LINE('',#690,#691);
#690 = CARTESIAN_POINT('',(-4.109356602747E-03,-22.439524253));
#691 = VECTOR('',#692,1.);
#692 = DIRECTION('',(0.924637916936,-0.38084737437));
#693 = ( GEOMETRIC_REPRESENTATION_CONTEXT(2) 
PARAMETRIC_REPRESENTATION_CONTEXT() REPRESENTATION_CONTEXT('2D SPACE',''
  ) );
#694 = PCURVE('',#695,#700);
#695 = PLANE('',#696);
#696 = AXIS2_PLACEMENT_3D('',#697,#698,#699);
#697 = CARTESIAN_POINT('',(63.853037360801,-39.27836070662,10.5));
#698 = DIRECTION('',(0.38084737437,0.924637916936,0.));
#699 = DIRECTION('',(0.,0.,1.));
#700 = DEFINITIONAL_REPRESENTATION('',(#701),#705);
#701 = LINE('',#702,#703);
#702 = CARTESIAN_POINT('',(8.,0.));
#703 = VECTOR('',#704,1.);
#704 = DIRECTION('',(0.,1.));
#705 = ( GEOMETRIC_REPRESENTATION_CONTEXT(2) 
PARAMETRIC_REPRESENTATION_CONTEXT() REPRESENTATION_CONTEXT('2D SPACE',''
  ) );
#706 = ORIENTED_EDGE('',*,*,#707,.T.);
#707 = EDGE_CURVE('',#680,#708,#710,.T.);
#708 = VERTEX_POINT('',#709);
#709 = CARTESIAN_POINT('',(121.19516351339,-36.94079507754,18.5));
#710 = SURFACE_CURVE('',#711,(#716,#723),.PCURVE_S1.);
#711 = CIRCLE('',#712,126.7);
#712 = AXIS2_PLACEMENT_3D('',#713,#714,#715);
#713 = CARTESIAN_POINT('',(0.,0.,18.5));
#714 = DIRECTION('',(0.,0.,1.));
#715 = DIRECTION('',(1.,0.,-0.));
#716 = PCURVE('',#217,#717);
#717 = DEFINITIONAL_REPRESENTATION('',(#718),#722);
#718 = CIRCLE('',#719,126.7);
#719 = AXIS2_PLACEMENT_2D('',#720,#721);
#720 = CARTESIAN_POINT('',(-63.8571467174,16.838836453625));
#721 = DIRECTION('',(1.,0.));
#722 = ( GEOMETRIC_REPRESENTATION_CONTEXT(2) 
PARAMETRIC_REPRESENTATION_CONTEXT() REPRESENTATION_CONTEXT('2D SPACE',''
  ) );
#723 = PCURVE('',#724,#729);
#724 = CYLINDRICAL_SURFACE('',#725,126.7);
#725 = AXIS2_PLACEMENT_3D('',#726,#727,#728);
#726 = CARTESIAN_POINT('',(0.,0.,-0.5));
#727 = DIRECTION('',(0.,0.,1.));
#728 = DIRECTION('',(1.,0.,-0.));
#729 = DEFINITIONAL_REPRESENTATION('',(#730),#734);
#730 = LINE('',#731,#732);
#731 = CARTESIAN_POINT('',(0.,19.));
#732 = VECTOR('',#733,1.);
#733 = DIRECTION('',(1.,0.));
#734 = ( GEOMETRIC_REPRESENTATION_CONTEXT(2) 
PARAMETRIC_REPRESENTATION_CONTEXT() REPRESENTATION_CONTEXT('2D SPACE',''
  ) );
#735 = ORIENTED_EDGE('',*,*,#736,.F.);
#736 = EDGE_CURVE('',#737,#708,#739,.T.);
#737 = VERTEX_POINT('',#738);
#738 = CARTESIAN_POINT('',(81.381927810797,-20.54219622625,18.5));
#739 = SURFACE_CURVE('',#740,(#744,#751),.PCURVE_S1.);
#740 = LINE('',#741,#742);
#741 = CARTESIAN_POINT('',(72.993374345688,-17.08705070017,18.5));
#742 = VECTOR('',#743,1.);
#743 = DIRECTION('',(0.924637916936,-0.38084737437,0.));
#744 = PCURVE('',#217,#745);
#745 = DEFINITIONAL_REPRESENTATION('',(#746),#750);
#746 = LINE('',#747,#748);
#747 = CARTESIAN_POINT('',(9.136227628284,-0.248214246547));
#748 = VECTOR('',#749,1.);
#749 = DIRECTION('',(0.924637916936,-0.38084737437));
#750 = ( GEOMETRIC_REPRESENTATION_CONTEXT(2) 
PARAMETRIC_REPRESENTATION_CONTEXT() REPRESENTATION_CONTEXT('2D SPACE',''
  ) );
#751 = PCURVE('',#752,#757);
#752 = PLANE('',#753);
#753 = AXIS2_PLACEMENT_3D('',#754,#755,#756);
#754 = CARTESIAN_POINT('',(72.993374345688,-17.08705070017,10.5));
#755 = DIRECTION('',(0.38084737437,0.924637916936,0.));
#756 = DIRECTION('',(0.,0.,1.));
#757 = DEFINITIONAL_REPRESENTATION('',(#758),#762);
#758 = LINE('',#759,#760);
#759 = CARTESIAN_POINT('',(8.,0.));
#760 = VECTOR('',#761,1.);
#761 = DIRECTION('',(0.,1.));
#762 = ( GEOMETRIC_REPRESENTATION_CONTEXT(2) 
PARAMETRIC_REPRESENTATION_CONTEXT() REPRESENTATION_CONTEXT('2D SPACE',''
  ) );
#763 = ORIENTED_EDGE('',*,*,#764,.T.);
#764 = EDGE_CURVE('',#737,#258,#765,.T.);
#765 = SURFACE_CURVE('',#766,(#771,#782),.PCURVE_S1.);
#766 = CIRCLE('',#767,6.);
#767 = AXIS2_PLACEMENT_3D('',#768,#769,#770);
#768 = CARTESIAN_POINT('',(83.667012057019,-14.99436872464,18.5));
#769 = DIRECTION('',(0.,-0.,-1.));
#770 = DIRECTION('',(0.924637916936,-0.38084737437,0.));
#771 = PCURVE('',#217,#772);
#772 = DEFINITIONAL_REPRESENTATION('',(#773),#781);
#773 = ( BOUNDED_CURVE() B_SPLINE_CURVE(2,(#774,#775,#776,#777,#778,#779
,#780),.UNSPECIFIED.,.T.,.F.) B_SPLINE_CURVE_WITH_KNOTS((1,2,2,2,2,1),(
    -2.094395102393,0.,2.094395102393,4.188790204786,6.28318530718,
8.377580409573),.UNSPECIFIED.) CURVE() GEOMETRIC_REPRESENTATION_ITEM() 
RATIONAL_B_SPLINE_CURVE((1.,0.5,1.,0.5,1.,0.5,1.)) REPRESENTATION_ITEM(
  '') );
#774 = CARTESIAN_POINT('',(25.357692841229,-0.440616517242));
#775 = CARTESIAN_POINT('',(21.399810827198,-10.04973562166));
#776 = CARTESIAN_POINT('',(15.057010581792,-1.817549700122));
#777 = CARTESIAN_POINT('',(8.714210336386,6.414636221423));
#778 = CARTESIAN_POINT('',(19.014892595823,7.791569404302));
#779 = CARTESIAN_POINT('',(29.315574855261,9.168502587182));
#780 = CARTESIAN_POINT('',(25.357692841229,-0.440616517242));
#781 = ( GEOMETRIC_REPRESENTATION_CONTEXT(2) 
PARAMETRIC_REPRESENTATION_CONTEXT() REPRESENTATION_CONTEXT('2D SPACE',''
  ) );
#782 = PCURVE('',#783,#788);
#783 = CYLINDRICAL_SURFACE('',#784,6.);
#784 = AXIS2_PLACEMENT_3D('',#785,#786,#787);
#785 = CARTESIAN_POINT('',(83.667012057019,-14.99436872464,10.5));
#786 = DIRECTION('',(0.,0.,-1.));
#787 = DIRECTION('',(0.924637916936,-0.38084737437,0.));
#788 = DEFINITIONAL_REPRESENTATION('',(#789),#793);
#789 = LINE('',#790,#791);
#790 = CARTESIAN_POINT('',(0.,-8.));
#791 = VECTOR('',#792,1.);
#792 = DIRECTION('',(1.,0.));
#793 = ( GEOMETRIC_REPRESENTATION_CONTEXT(2) 
PARAMETRIC_REPRESENTATION_CONTEXT() REPRESENTATION_CONTEXT('2D SPACE',''
  ) );
#794 = FACE_BOUND('',#795,.T.);
#795 = EDGE_LOOP('',(#796));
#796 = ORIENTED_EDGE('',*,*,#797,.F.);
#797 = EDGE_CURVE('',#798,#798,#800,.T.);
#798 = VERTEX_POINT('',#799);
#799 = CARTESIAN_POINT('',(-42.71143349771,-46.88249304365,18.5));
#800 = SURFACE_CURVE('',#801,(#806,#813),.PCURVE_S1.);
#801 = CIRCLE('',#802,3.8);
#802 = AXIS2_PLACEMENT_3D('',#803,#804,#805);
#803 = CARTESIAN_POINT('',(-46.51143349771,-46.88249304365,18.5));
#804 = DIRECTION('',(0.,0.,1.));
#805 = DIRECTION('',(1.,0.,-0.));
#806 = PCURVE('',#217,#807);
#807 = DEFINITIONAL_REPRESENTATION('',(#808),#812);
#808 = CIRCLE('',#809,3.8);
#809 = AXIS2_PLACEMENT_2D('',#810,#811);
#810 = CARTESIAN_POINT('',(-110.3685802151,-30.04365659002));
#811 = DIRECTION('',(1.,0.));
#812 = ( GEOMETRIC_REPRESENTATION_CONTEXT(2) 
PARAMETRIC_REPRESENTATION_CONTEXT() REPRESENTATION_CONTEXT('2D SPACE',''
  ) );
#813 = PCURVE('',#814,#819);
#814 = CYLINDRICAL_SURFACE('',#815,3.8);
#815 = AXIS2_PLACEMENT_3D('',#816,#817,#818);
#816 = CARTESIAN_POINT('',(-46.51143349771,-46.88249304365,-1.));
#817 = DIRECTION('',(0.,0.,1.));
#818 = DIRECTION('',(1.,0.,-0.));
#819 = DEFINITIONAL_REPRESENTATION('',(#820),#824);
#820 = LINE('',#821,#822);
#821 = CARTESIAN_POINT('',(0.,19.5));
#822 = VECTOR('',#823,1.);
#823 = DIRECTION('',(1.,0.));
#824 = ( GEOMETRIC_REPRESENTATION_CONTEXT(2) 
PARAMETRIC_REPRESENTATION_CONTEXT() REPRESENTATION_CONTEXT('2D SPACE',''
  ) );
#825 = FACE_BOUND('',#826,.T.);
#826 = EDGE_LOOP('',(#827));
#827 = ORIENTED_EDGE('',*,*,#828,.F.);
#828 = EDGE_CURVE('',#829,#829,#831,.T.);
#829 = VERTEX_POINT('',#830);
#830 = CARTESIAN_POINT('',(-53.69231766592,-33.02,18.5));
#831 = SURFACE_CURVE('',#832,(#837,#844),.PCURVE_S1.);
#832 = CIRCLE('',#833,3.5);
#833 = AXIS2_PLACEMENT_3D('',#834,#835,#836);
#834 = CARTESIAN_POINT('',(-57.19231766592,-33.02,18.5));
#835 = DIRECTION('',(0.,0.,1.));
#836 = DIRECTION('',(1.,0.,-0.));
#837 = PCURVE('',#217,#838);
#838 = DEFINITIONAL_REPRESENTATION('',(#839),#843);
#839 = CIRCLE('',#840,3.5);
#840 = AXIS2_PLACEMENT_2D('',#841,#842);
#841 = CARTESIAN_POINT('',(-121.0494643833,-16.18116354637));
#842 = DIRECTION('',(1.,0.));
#843 = ( GEOMETRIC_REPRESENTATION_CONTEXT(2) 
PARAMETRIC_REPRESENTATION_CONTEXT() REPRESENTATION_CONTEXT('2D SPACE',''
  ) );
#844 = PCURVE('',#845,#850);
#845 = CYLINDRICAL_SURFACE('',#846,3.5);
#846 = AXIS2_PLACEMENT_3D('',#847,#848,#849);
#847 = CARTESIAN_POINT('',(-57.19231766592,-33.02,-1.));
#848 = DIRECTION('',(0.,0.,1.));
#849 = DIRECTION('',(1.,0.,-0.));
#850 = DEFINITIONAL_REPRESENTATION('',(#851),#855);
#851 = LINE('',#852,#853);
#852 = CARTESIAN_POINT('',(0.,19.5));
#853 = VECTOR('',#854,1.);
#854 = DIRECTION('',(1.,0.));
#855 = ( GEOMETRIC_REPRESENTATION_CONTEXT(2) 
PARAMETRIC_REPRESENTATION_CONTEXT() REPRESENTATION_CONTEXT('2D SPACE',''
  ) );
#856 = FACE_BOUND('',#857,.T.);
#857 = EDGE_LOOP('',(#858));
#858 = ORIENTED_EDGE('',*,*,#859,.F.);
#859 = EDGE_CURVE('',#860,#860,#862,.T.);
#860 = VERTEX_POINT('',#861);
#861 = CARTESIAN_POINT('',(-17.75463708614,-46.53900851538,18.5));
#862 = SURFACE_CURVE('',#863,(#868,#875),.PCURVE_S1.);
#863 = CIRCLE('',#864,2.);
#864 = AXIS2_PLACEMENT_3D('',#865,#866,#867);
#865 = CARTESIAN_POINT('',(-19.75463708614,-46.53900851538,18.5));
#866 = DIRECTION('',(0.,0.,1.));
#867 = DIRECTION('',(1.,0.,-0.));
#868 = PCURVE('',#217,#869);
#869 = DEFINITIONAL_REPRESENTATION('',(#870),#874);
#870 = CIRCLE('',#871,2.);
#871 = AXIS2_PLACEMENT_2D('',#872,#873);
#872 = CARTESIAN_POINT('',(-83.61178380354,-29.70017206175));
#873 = DIRECTION('',(1.,0.));
#874 = ( GEOMETRIC_REPRESENTATION_CONTEXT(2) 
PARAMETRIC_REPRESENTATION_CONTEXT() REPRESENTATION_CONTEXT('2D SPACE',''
  ) );
#875 = PCURVE('',#876,#881);
#876 = CYLINDRICAL_SURFACE('',#877,2.);
#877 = AXIS2_PLACEMENT_3D('',#878,#879,#880);
#878 = CARTESIAN_POINT('',(-19.75463708614,-46.53900851538,-1.));
#879 = DIRECTION('',(0.,0.,1.));
#880 = DIRECTION('',(1.,0.,-0.));
#881 = DEFINITIONAL_REPRESENTATION('',(#882),#886);
#882 = LINE('',#883,#884);
#883 = CARTESIAN_POINT('',(0.,19.5));
#884 = VECTOR('',#885,1.);
#885 = DIRECTION('',(1.,0.));
#886 = ( GEOMETRIC_REPRESENTATION_CONTEXT(2) 
PARAMETRIC_REPRESENTATION_CONTEXT() REPRESENTATION_CONTEXT('2D SPACE',''
  ) );
#887 = FACE_BOUND('',#888,.T.);
#888 = EDGE_LOOP('',(#889));
#889 = ORIENTED_EDGE('',*,*,#890,.F.);
#890 = EDGE_CURVE('',#891,#891,#893,.T.);
#891 = VERTEX_POINT('',#892);
#892 = CARTESIAN_POINT('',(38.,-9.30731567352E-15,18.5));
#893 = SURFACE_CURVE('',#894,(#899,#906),.PCURVE_S1.);
#894 = CIRCLE('',#895,38.);
#895 = AXIS2_PLACEMENT_3D('',#896,#897,#898);
#896 = CARTESIAN_POINT('',(0.,0.,18.5));
#897 = DIRECTION('',(0.,0.,1.));
#898 = DIRECTION('',(1.,0.,-0.));
#899 = PCURVE('',#217,#900);
#900 = DEFINITIONAL_REPRESENTATION('',(#901),#905);
#901 = CIRCLE('',#902,38.);
#902 = AXIS2_PLACEMENT_2D('',#903,#904);
#903 = CARTESIAN_POINT('',(-63.8571467174,16.838836453625));
#904 = DIRECTION('',(1.,0.));
#905 = ( GEOMETRIC_REPRESENTATION_CONTEXT(2) 
PARAMETRIC_REPRESENTATION_CONTEXT() REPRESENTATION_CONTEXT('2D SPACE',''
  ) );
#906 = PCURVE('',#907,#912);
#907 = CYLINDRICAL_SURFACE('',#908,38.);
#908 = AXIS2_PLACEMENT_3D('',#909,#910,#911);
#909 = CARTESIAN_POINT('',(0.,0.,-1.));
#910 = DIRECTION('',(0.,0.,1.));
#911 = DIRECTION('',(1.,0.,-0.));
#912 = DEFINITIONAL_REPRESENTATION('',(#913),#917);
#913 = LINE('',#914,#915);
#914 = CARTESIAN_POINT('',(0.,19.5));
#915 = VECTOR('',#916,1.);
#916 = DIRECTION('',(1.,0.));
#917 = ( GEOMETRIC_REPRESENTATION_CONTEXT(2) 
PARAMETRIC_REPRESENTATION_CONTEXT() REPRESENTATION_CONTEXT('2D SPACE',''
  ) );
#918 = FACE_BOUND('',#919,.T.);
#919 = EDGE_LOOP('',(#920));
#920 = ORIENTED_EDGE('',*,*,#921,.F.);
#921 = EDGE_CURVE('',#922,#922,#924,.T.);
#922 = VERTEX_POINT('',#923);
#923 = CARTESIAN_POINT('',(60.692317665924,-33.02,18.5));
#924 = SURFACE_CURVE('',#925,(#930,#937),.PCURVE_S1.);
#925 = CIRCLE('',#926,3.5);
#926 = AXIS2_PLACEMENT_3D('',#927,#928,#929);
#927 = CARTESIAN_POINT('',(57.192317665924,-33.02,18.5));
#928 = DIRECTION('',(0.,0.,1.));
#929 = DIRECTION('',(1.,0.,-0.));
#930 = PCURVE('',#217,#931);
#931 = DEFINITIONAL_REPRESENTATION('',(#932),#936);
#932 = CIRCLE('',#933,3.5);
#933 = AXIS2_PLACEMENT_2D('',#934,#935);
#934 = CARTESIAN_POINT('',(-6.66482905148,-16.18116354637));
#935 = DIRECTION('',(1.,0.));
#936 = ( GEOMETRIC_REPRESENTATION_CONTEXT(2) 
PARAMETRIC_REPRESENTATION_CONTEXT() REPRESENTATION_CONTEXT('2D SPACE',''
  ) );
#937 = PCURVE('',#938,#943);
#938 = CYLINDRICAL_SURFACE('',#939,3.5);
#939 = AXIS2_PLACEMENT_3D('',#940,#941,#942);
#940 = CARTESIAN_POINT('',(57.192317665924,-33.02,-1.));
#941 = DIRECTION('',(0.,0.,1.));
#942 = DIRECTION('',(1.,0.,-0.));
#943 = DEFINITIONAL_REPRESENTATION('',(#944),#948);
#944 = LINE('',#945,#946);
#945 = CARTESIAN_POINT('',(0.,19.5));
#946 = VECTOR('',#947,1.);
#947 = DIRECTION('',(1.,0.));
#948 = ( GEOMETRIC_REPRESENTATION_CONTEXT(2) 
PARAMETRIC_REPRESENTATION_CONTEXT() REPRESENTATION_CONTEXT('2D SPACE',''
  ) );
#949 = FACE_BOUND('',#950,.T.);
#950 = EDGE_LOOP('',(#951));
#951 = ORIENTED_EDGE('',*,*,#952,.F.);
#952 = EDGE_CURVE('',#953,#953,#955,.T.);
#953 = VERTEX_POINT('',#954);
#954 = CARTESIAN_POINT('',(48.539008515382,-19.75463708614,18.5));
#955 = SURFACE_CURVE('',#956,(#961,#968),.PCURVE_S1.);
#956 = CIRCLE('',#957,2.);
#957 = AXIS2_PLACEMENT_3D('',#958,#959,#960);
#958 = CARTESIAN_POINT('',(46.539008515382,-19.75463708614,18.5));
#959 = DIRECTION('',(0.,0.,1.));
#960 = DIRECTION('',(1.,0.,-0.));
#961 = PCURVE('',#217,#962);
#962 = DEFINITIONAL_REPRESENTATION('',(#963),#967);
#963 = CIRCLE('',#964,2.);
#964 = AXIS2_PLACEMENT_2D('',#965,#966);
#965 = CARTESIAN_POINT('',(-17.31813820202,-2.915800632519));
#966 = DIRECTION('',(1.,0.));
#967 = ( GEOMETRIC_REPRESENTATION_CONTEXT(2) 
PARAMETRIC_REPRESENTATION_CONTEXT() REPRESENTATION_CONTEXT('2D SPACE',''
  ) );
#968 = PCURVE('',#969,#974);
#969 = CYLINDRICAL_SURFACE('',#970,2.);
#970 = AXIS2_PLACEMENT_3D('',#971,#972,#973);
#971 = CARTESIAN_POINT('',(46.539008515382,-19.75463708614,-1.));
#972 = DIRECTION('',(0.,0.,1.));
#973 = DIRECTION('',(1.,0.,-0.));
#974 = DEFINITIONAL_REPRESENTATION('',(#975),#979);
#975 = LINE('',#976,#977);
#976 = CARTESIAN_POINT('',(0.,19.5));
#977 = VECTOR('',#978,1.);
#978 = DIRECTION('',(1.,0.));
#979 = ( GEOMETRIC_REPRESENTATION_CONTEXT(2) 
PARAMETRIC_REPRESENTATION_CONTEXT() REPRESENTATION_CONTEXT('2D SPACE',''
  ) );
#980 = FACE_BOUND('',#981,.T.);
#981 = EDGE_LOOP('',(#982));
#982 = ORIENTED_EDGE('',*,*,#200,.F.);
#983 = FACE_BOUND('',#984,.T.);
#984 = EDGE_LOOP('',(#985));
#985 = ORIENTED_EDGE('',*,*,#986,.F.);
#986 = EDGE_CURVE('',#987,#987,#989,.T.);
#987 = VERTEX_POINT('',#988);
#988 = CARTESIAN_POINT('',(-44.53900851538,19.754637086144,18.5));
#989 = SURFACE_CURVE('',#990,(#995,#1002),.PCURVE_S1.);
#990 = CIRCLE('',#991,2.);
#991 = AXIS2_PLACEMENT_3D('',#992,#993,#994);
#992 = CARTESIAN_POINT('',(-46.53900851538,19.754637086144,18.5));
#993 = DIRECTION('',(0.,0.,1.));
#994 = DIRECTION('',(1.,0.,-0.));
#995 = PCURVE('',#217,#996);
#996 = DEFINITIONAL_REPRESENTATION('',(#997),#1001);
#997 = CIRCLE('',#998,2.);
#998 = AXIS2_PLACEMENT_2D('',#999,#1000);
#999 = CARTESIAN_POINT('',(-110.3961552327,36.593473539768));
#1000 = DIRECTION('',(1.,0.));
#1001 = ( GEOMETRIC_REPRESENTATION_CONTEXT(2) 
PARAMETRIC_REPRESENTATION_CONTEXT() REPRESENTATION_CONTEXT('2D SPACE',''
  ) );
#1002 = PCURVE('',#1003,#1008);
#1003 = CYLINDRICAL_SURFACE('',#1004,2.);
#1004 = AXIS2_PLACEMENT_3D('',#1005,#1006,#1007);
#1005 = CARTESIAN_POINT('',(-46.53900851538,19.754637086144,-1.));
#1006 = DIRECTION('',(0.,0.,1.));
#1007 = DIRECTION('',(1.,0.,-0.));
#1008 = DEFINITIONAL_REPRESENTATION('',(#1009),#1013);
#1009 = LINE('',#1010,#1011);
#1010 = CARTESIAN_POINT('',(0.,19.5));
#1011 = VECTOR('',#1012,1.);
#1012 = DIRECTION('',(1.,0.));
#1013 = ( GEOMETRIC_REPRESENTATION_CONTEXT(2) 
PARAMETRIC_REPRESENTATION_CONTEXT() REPRESENTATION_CONTEXT('2D SPACE',''
  ) );
#1014 = FACE_BOUND('',#1015,.T.);
#1015 = EDGE_LOOP('',(#1016));
#1016 = ORIENTED_EDGE('',*,*,#1017,.F.);
#1017 = EDGE_CURVE('',#1018,#1018,#1020,.T.);
#1018 = VERTEX_POINT('',#1019);
#1019 = CARTESIAN_POINT('',(-13.54571321969,63.721329497274,18.5));
#1020 = SURFACE_CURVE('',#1021,(#1026,#1033),.PCURVE_S1.);
#1021 = CIRCLE('',#1022,3.8);
#1022 = AXIS2_PLACEMENT_3D('',#1023,#1024,#1025);
#1023 = CARTESIAN_POINT('',(-17.34571321969,63.721329497274,18.5));
#1024 = DIRECTION('',(0.,0.,1.));
#1025 = DIRECTION('',(1.,0.,-0.));
#1026 = PCURVE('',#217,#1027);
#1027 = DEFINITIONAL_REPRESENTATION('',(#1028),#1032);
#1028 = CIRCLE('',#1029,3.8);
#1029 = AXIS2_PLACEMENT_2D('',#1030,#1031);
#1030 = CARTESIAN_POINT('',(-81.20285993709,80.560165950899));
#1031 = DIRECTION('',(1.,0.));
#1032 = ( GEOMETRIC_REPRESENTATION_CONTEXT(2) 
PARAMETRIC_REPRESENTATION_CONTEXT() REPRESENTATION_CONTEXT('2D SPACE',''
  ) );
#1033 = PCURVE('',#1034,#1039);
#1034 = CYLINDRICAL_SURFACE('',#1035,3.8);
#1035 = AXIS2_PLACEMENT_3D('',#1036,#1037,#1038);
#1036 = CARTESIAN_POINT('',(-17.34571321969,63.721329497274,-1.));
#1037 = DIRECTION('',(0.,0.,1.));
#1038 = DIRECTION('',(1.,0.,-0.));
#1039 = DEFINITIONAL_REPRESENTATION('',(#1040),#1044);
#1040 = LINE('',#1041,#1042);
#1041 = CARTESIAN_POINT('',(0.,19.5));
#1042 = VECTOR('',#1043,1.);
#1043 = DIRECTION('',(1.,0.));
#1044 = ( GEOMETRIC_REPRESENTATION_CONTEXT(2) 
PARAMETRIC_REPRESENTATION_CONTEXT() REPRESENTATION_CONTEXT('2D SPACE',''
  ) );
#1045 = FACE_BOUND('',#1046,.T.);
#1046 = EDGE_LOOP('',(#1047));
#1047 = ORIENTED_EDGE('',*,*,#1048,.F.);
#1048 = EDGE_CURVE('',#1049,#1049,#1051,.T.);
#1049 = VERTEX_POINT('',#1050);
#1050 = CARTESIAN_POINT('',(3.5,66.04,18.5));
#1051 = SURFACE_CURVE('',#1052,(#1057,#1064),.PCURVE_S1.);
#1052 = CIRCLE('',#1053,3.5);
#1053 = AXIS2_PLACEMENT_3D('',#1054,#1055,#1056);
#1054 = CARTESIAN_POINT('',(4.043783730785E-15,66.04,18.5));
#1055 = DIRECTION('',(0.,0.,1.));
#1056 = DIRECTION('',(1.,0.,-0.));
#1057 = PCURVE('',#217,#1058);
#1058 = DEFINITIONAL_REPRESENTATION('',(#1059),#1063);
#1059 = CIRCLE('',#1060,3.5);
#1060 = AXIS2_PLACEMENT_2D('',#1061,#1062);
#1061 = CARTESIAN_POINT('',(-63.8571467174,82.878836453625));
#1062 = DIRECTION('',(1.,0.));
#1063 = ( GEOMETRIC_REPRESENTATION_CONTEXT(2) 
PARAMETRIC_REPRESENTATION_CONTEXT() REPRESENTATION_CONTEXT('2D SPACE',''
  ) );
#1064 = PCURVE('',#1065,#1070);
#1065 = CYLINDRICAL_SURFACE('',#1066,3.5);
#1066 = AXIS2_PLACEMENT_3D('',#1067,#1068,#1069);
#1067 = CARTESIAN_POINT('',(4.043783730785E-15,66.04,-1.));
#1068 = DIRECTION('',(0.,0.,1.));
#1069 = DIRECTION('',(1.,0.,-0.));
#1070 = DEFINITIONAL_REPRESENTATION('',(#1071),#1075);
#1071 = LINE('',#1072,#1073);
#1072 = CARTESIAN_POINT('',(0.,19.5));
#1073 = VECTOR('',#1074,1.);
#1074 = DIRECTION('',(1.,0.));
#1075 = ( GEOMETRIC_REPRESENTATION_CONTEXT(2) 
PARAMETRIC_REPRESENTATION_CONTEXT() REPRESENTATION_CONTEXT('2D SPACE',''
  ) );
#1076 = FACE_BOUND('',#1077,.T.);
#1077 = EDGE_LOOP('',(#1078));
#1078 = ORIENTED_EDGE('',*,*,#1079,.F.);
#1079 = EDGE_CURVE('',#1080,#1080,#1082,.T.);
#1080 = VERTEX_POINT('',#1081);
#1081 = CARTESIAN_POINT('',(21.754637086144,46.539008515382,18.5));
#1082 = SURFACE_CURVE('',#1083,(#1088,#1095),.PCURVE_S1.);
#1083 = CIRCLE('',#1084,2.);
#1084 = AXIS2_PLACEMENT_3D('',#1085,#1086,#1087);
#1085 = CARTESIAN_POINT('',(19.754637086144,46.539008515382,18.5));
#1086 = DIRECTION('',(0.,0.,1.));
#1087 = DIRECTION('',(1.,0.,-0.));
#1088 = PCURVE('',#217,#1089);
#1089 = DEFINITIONAL_REPRESENTATION('',(#1090),#1094);
#1090 = CIRCLE('',#1091,2.);
#1091 = AXIS2_PLACEMENT_2D('',#1092,#1093);
#1092 = CARTESIAN_POINT('',(-44.10250963126,63.377844969006));
#1093 = DIRECTION('',(1.,0.));
#1094 = ( GEOMETRIC_REPRESENTATION_CONTEXT(2) 
PARAMETRIC_REPRESENTATION_CONTEXT() REPRESENTATION_CONTEXT('2D SPACE',''
  ) );
#1095 = PCURVE('',#1096,#1101);
#1096 = CYLINDRICAL_SURFACE('',#1097,2.);
#1097 = AXIS2_PLACEMENT_3D('',#1098,#1099,#1100);
#1098 = CARTESIAN_POINT('',(19.754637086144,46.539008515382,-1.));
#1099 = DIRECTION('',(0.,0.,1.));
#1100 = DIRECTION('',(1.,0.,-0.));
#1101 = DEFINITIONAL_REPRESENTATION('',(#1102),#1106);
#1102 = LINE('',#1103,#1104);
#1103 = CARTESIAN_POINT('',(0.,19.5));
#1104 = VECTOR('',#1105,1.);
#1105 = DIRECTION('',(1.,0.));
#1106 = ( GEOMETRIC_REPRESENTATION_CONTEXT(2) 
PARAMETRIC_REPRESENTATION_CONTEXT() REPRESENTATION_CONTEXT('2D SPACE',''
  ) );
#1107 = ADVANCED_FACE('',(#1108),#1096,.F.);
#1108 = FACE_BOUND('',#1109,.F.);
#1109 = EDGE_LOOP('',(#1110,#1111,#1134,#1156));
#1110 = ORIENTED_EDGE('',*,*,#1079,.F.);
#1111 = ORIENTED_EDGE('',*,*,#1112,.F.);
#1112 = EDGE_CURVE('',#1113,#1080,#1115,.T.);
#1113 = VERTEX_POINT('',#1114);
#1114 = CARTESIAN_POINT('',(21.754637086144,46.539008515382,10.5));
#1115 = SEAM_CURVE('',#1116,(#1120,#1127),.PCURVE_S1.);
#1116 = LINE('',#1117,#1118);
#1117 = CARTESIAN_POINT('',(21.754637086144,46.539008515382,-1.));
#1118 = VECTOR('',#1119,1.);
#1119 = DIRECTION('',(0.,0.,1.));
#1120 = PCURVE('',#1096,#1121);
#1121 = DEFINITIONAL_REPRESENTATION('',(#1122),#1126);
#1122 = LINE('',#1123,#1124);
#1123 = CARTESIAN_POINT('',(6.28318530718,-0.));
#1124 = VECTOR('',#1125,1.);
#1125 = DIRECTION('',(0.,1.));
#1126 = ( GEOMETRIC_REPRESENTATION_CONTEXT(2) 
PARAMETRIC_REPRESENTATION_CONTEXT() REPRESENTATION_CONTEXT('2D SPACE',''
  ) );
#1127 = PCURVE('',#1096,#1128);
#1128 = DEFINITIONAL_REPRESENTATION('',(#1129),#1133);
#1129 = LINE('',#1130,#1131);
#1130 = CARTESIAN_POINT('',(0.,-0.));
#1131 = VECTOR('',#1132,1.);
#1132 = DIRECTION('',(0.,1.));
#1133 = ( GEOMETRIC_REPRESENTATION_CONTEXT(2) 
PARAMETRIC_REPRESENTATION_CONTEXT() REPRESENTATION_CONTEXT('2D SPACE',''
  ) );
#1134 = ORIENTED_EDGE('',*,*,#1135,.T.);
#1135 = EDGE_CURVE('',#1113,#1113,#1136,.T.);
#1136 = SURFACE_CURVE('',#1137,(#1142,#1149),.PCURVE_S1.);
#1137 = CIRCLE('',#1138,2.);
#1138 = AXIS2_PLACEMENT_3D('',#1139,#1140,#1141);
#1139 = CARTESIAN_POINT('',(19.754637086144,46.539008515382,10.5));
#1140 = DIRECTION('',(0.,0.,1.));
#1141 = DIRECTION('',(1.,0.,-0.));
#1142 = PCURVE('',#1096,#1143);
#1143 = DEFINITIONAL_REPRESENTATION('',(#1144),#1148);
#1144 = LINE('',#1145,#1146);
#1145 = CARTESIAN_POINT('',(0.,11.5));
#1146 = VECTOR('',#1147,1.);
#1147 = DIRECTION('',(1.,0.));
#1148 = ( GEOMETRIC_REPRESENTATION_CONTEXT(2) 
PARAMETRIC_REPRESENTATION_CONTEXT() REPRESENTATION_CONTEXT('2D SPACE',''
  ) );
#1149 = PCURVE('',#43,#1150);
#1150 = DEFINITIONAL_REPRESENTATION('',(#1151),#1155);
#1151 = CIRCLE('',#1152,2.);
#1152 = AXIS2_PLACEMENT_2D('',#1153,#1154);
#1153 = CARTESIAN_POINT('',(19.754637086144,46.539008515382));
#1154 = DIRECTION('',(1.,0.));
#1155 = ( GEOMETRIC_REPRESENTATION_CONTEXT(2) 
PARAMETRIC_REPRESENTATION_CONTEXT() REPRESENTATION_CONTEXT('2D SPACE',''
  ) );
#1156 = ORIENTED_EDGE('',*,*,#1112,.T.);
#1157 = ADVANCED_FACE('',(#1158),#1065,.F.);
#1158 = FACE_BOUND('',#1159,.F.);
#1159 = EDGE_LOOP('',(#1160,#1161,#1184,#1206));
#1160 = ORIENTED_EDGE('',*,*,#1048,.F.);
#1161 = ORIENTED_EDGE('',*,*,#1162,.F.);
#1162 = EDGE_CURVE('',#1163,#1049,#1165,.T.);
#1163 = VERTEX_POINT('',#1164);
#1164 = CARTESIAN_POINT('',(3.5,66.04,10.5));
#1165 = SEAM_CURVE('',#1166,(#1170,#1177),.PCURVE_S1.);
#1166 = LINE('',#1167,#1168);
#1167 = CARTESIAN_POINT('',(3.5,66.04,-1.));
#1168 = VECTOR('',#1169,1.);
#1169 = DIRECTION('',(0.,0.,1.));
#1170 = PCURVE('',#1065,#1171);
#1171 = DEFINITIONAL_REPRESENTATION('',(#1172),#1176);
#1172 = LINE('',#1173,#1174);
#1173 = CARTESIAN_POINT('',(6.28318530718,-0.));
#1174 = VECTOR('',#1175,1.);
#1175 = DIRECTION('',(0.,1.));
#1176 = ( GEOMETRIC_REPRESENTATION_CONTEXT(2) 
PARAMETRIC_REPRESENTATION_CONTEXT() REPRESENTATION_CONTEXT('2D SPACE',''
  ) );
#1177 = PCURVE('',#1065,#1178);
#1178 = DEFINITIONAL_REPRESENTATION('',(#1179),#1183);
#1179 = LINE('',#1180,#1181);
#1180 = CARTESIAN_POINT('',(0.,-0.));
#1181 = VECTOR('',#1182,1.);
#1182 = DIRECTION('',(0.,1.));
#1183 = ( GEOMETRIC_REPRESENTATION_CONTEXT(2) 
PARAMETRIC_REPRESENTATION_CONTEXT() REPRESENTATION_CONTEXT('2D SPACE',''
  ) );
#1184 = ORIENTED_EDGE('',*,*,#1185,.T.);
#1185 = EDGE_CURVE('',#1163,#1163,#1186,.T.);
#1186 = SURFACE_CURVE('',#1187,(#1192,#1199),.PCURVE_S1.);
#1187 = CIRCLE('',#1188,3.5);
#1188 = AXIS2_PLACEMENT_3D('',#1189,#1190,#1191);
#1189 = CARTESIAN_POINT('',(4.043783730785E-15,66.04,10.5));
#1190 = DIRECTION('',(0.,0.,1.));
#1191 = DIRECTION('',(1.,0.,-0.));
#1192 = PCURVE('',#1065,#1193);
#1193 = DEFINITIONAL_REPRESENTATION('',(#1194),#1198);
#1194 = LINE('',#1195,#1196);
#1195 = CARTESIAN_POINT('',(0.,11.5));
#1196 = VECTOR('',#1197,1.);
#1197 = DIRECTION('',(1.,0.));
#1198 = ( GEOMETRIC_REPRESENTATION_CONTEXT(2) 
PARAMETRIC_REPRESENTATION_CONTEXT() REPRESENTATION_CONTEXT('2D SPACE',''
  ) );
#1199 = PCURVE('',#43,#1200);
#1200 = DEFINITIONAL_REPRESENTATION('',(#1201),#1205);
#1201 = CIRCLE('',#1202,3.5);
#1202 = AXIS2_PLACEMENT_2D('',#1203,#1204);
#1203 = CARTESIAN_POINT('',(4.043783730785E-15,66.04));
#1204 = DIRECTION('',(1.,0.));
#1205 = ( GEOMETRIC_REPRESENTATION_CONTEXT(2) 
PARAMETRIC_REPRESENTATION_CONTEXT() REPRESENTATION_CONTEXT('2D SPACE',''
  ) );
#1206 = ORIENTED_EDGE('',*,*,#1162,.T.);
#1207 = ADVANCED_FACE('',(#1208),#1034,.F.);
#1208 = FACE_BOUND('',#1209,.F.);
#1209 = EDGE_LOOP('',(#1210,#1211,#1234,#1261));
#1210 = ORIENTED_EDGE('',*,*,#1017,.F.);
#1211 = ORIENTED_EDGE('',*,*,#1212,.F.);
#1212 = EDGE_CURVE('',#1213,#1018,#1215,.T.);
#1213 = VERTEX_POINT('',#1214);
#1214 = CARTESIAN_POINT('',(-13.54571321969,63.721329497274,6.5));
#1215 = SEAM_CURVE('',#1216,(#1220,#1227),.PCURVE_S1.);
#1216 = LINE('',#1217,#1218);
#1217 = CARTESIAN_POINT('',(-13.54571321969,63.721329497274,-1.));
#1218 = VECTOR('',#1219,1.);
#1219 = DIRECTION('',(0.,0.,1.));
#1220 = PCURVE('',#1034,#1221);
#1221 = DEFINITIONAL_REPRESENTATION('',(#1222),#1226);
#1222 = LINE('',#1223,#1224);
#1223 = CARTESIAN_POINT('',(6.28318530718,-0.));
#1224 = VECTOR('',#1225,1.);
#1225 = DIRECTION('',(0.,1.));
#1226 = ( GEOMETRIC_REPRESENTATION_CONTEXT(2) 
PARAMETRIC_REPRESENTATION_CONTEXT() REPRESENTATION_CONTEXT('2D SPACE',''
  ) );
#1227 = PCURVE('',#1034,#1228);
#1228 = DEFINITIONAL_REPRESENTATION('',(#1229),#1233);
#1229 = LINE('',#1230,#1231);
#1230 = CARTESIAN_POINT('',(0.,-0.));
#1231 = VECTOR('',#1232,1.);
#1232 = DIRECTION('',(0.,1.));
#1233 = ( GEOMETRIC_REPRESENTATION_CONTEXT(2) 
PARAMETRIC_REPRESENTATION_CONTEXT() REPRESENTATION_CONTEXT('2D SPACE',''
  ) );
#1234 = ORIENTED_EDGE('',*,*,#1235,.T.);
#1235 = EDGE_CURVE('',#1213,#1213,#1236,.T.);
#1236 = SURFACE_CURVE('',#1237,(#1242,#1249),.PCURVE_S1.);
#1237 = CIRCLE('',#1238,3.8);
#1238 = AXIS2_PLACEMENT_3D('',#1239,#1240,#1241);
#1239 = CARTESIAN_POINT('',(-17.34571321969,63.721329497274,6.5));
#1240 = DIRECTION('',(0.,0.,1.));
#1241 = DIRECTION('',(1.,0.,-0.));
#1242 = PCURVE('',#1034,#1243);
#1243 = DEFINITIONAL_REPRESENTATION('',(#1244),#1248);
#1244 = LINE('',#1245,#1246);
#1245 = CARTESIAN_POINT('',(0.,7.5));
#1246 = VECTOR('',#1247,1.);
#1247 = DIRECTION('',(1.,0.));
#1248 = ( GEOMETRIC_REPRESENTATION_CONTEXT(2) 
PARAMETRIC_REPRESENTATION_CONTEXT() REPRESENTATION_CONTEXT('2D SPACE',''
  ) );
#1249 = PCURVE('',#1250,#1255);
#1250 = PLANE('',#1251);
#1251 = AXIS2_PLACEMENT_3D('',#1252,#1253,#1254);
#1252 = CARTESIAN_POINT('',(-17.34571321969,63.721329497274,6.5));
#1253 = DIRECTION('',(0.,0.,1.));
#1254 = DIRECTION('',(1.,0.,-0.));
#1255 = DEFINITIONAL_REPRESENTATION('',(#1256),#1260);
#1256 = CIRCLE('',#1257,3.8);
#1257 = AXIS2_PLACEMENT_2D('',#1258,#1259);
#1258 = CARTESIAN_POINT('',(0.,0.));
#1259 = DIRECTION('',(1.,0.));
#1260 = ( GEOMETRIC_REPRESENTATION_CONTEXT(2) 
PARAMETRIC_REPRESENTATION_CONTEXT() REPRESENTATION_CONTEXT('2D SPACE',''
  ) );
#1261 = ORIENTED_EDGE('',*,*,#1212,.T.);
#1262 = ADVANCED_FACE('',(#1263,#1294),#1250,.F.);
#1263 = FACE_BOUND('',#1264,.F.);
#1264 = EDGE_LOOP('',(#1265));
#1265 = ORIENTED_EDGE('',*,*,#1266,.T.);
#1266 = EDGE_CURVE('',#1267,#1267,#1269,.T.);
#1267 = VERTEX_POINT('',#1268);
#1268 = CARTESIAN_POINT('',(-10.14571321969,63.721329497274,6.5));
#1269 = SURFACE_CURVE('',#1270,(#1275,#1282),.PCURVE_S1.);
#1270 = CIRCLE('',#1271,7.2);
#1271 = AXIS2_PLACEMENT_3D('',#1272,#1273,#1274);
#1272 = CARTESIAN_POINT('',(-17.34571321969,63.721329497274,6.5));
#1273 = DIRECTION('',(0.,0.,1.));
#1274 = DIRECTION('',(1.,0.,-0.));
#1275 = PCURVE('',#1250,#1276);
#1276 = DEFINITIONAL_REPRESENTATION('',(#1277),#1281);
#1277 = CIRCLE('',#1278,7.2);
#1278 = AXIS2_PLACEMENT_2D('',#1279,#1280);
#1279 = CARTESIAN_POINT('',(0.,0.));
#1280 = DIRECTION('',(1.,0.));
#1281 = ( GEOMETRIC_REPRESENTATION_CONTEXT(2) 
PARAMETRIC_REPRESENTATION_CONTEXT() REPRESENTATION_CONTEXT('2D SPACE',''
  ) );
#1282 = PCURVE('',#1283,#1288);
#1283 = CYLINDRICAL_SURFACE('',#1284,7.2);
#1284 = AXIS2_PLACEMENT_3D('',#1285,#1286,#1287);
#1285 = CARTESIAN_POINT('',(-17.34571321969,63.721329497274,6.5));
#1286 = DIRECTION('',(0.,0.,1.));
#1287 = DIRECTION('',(1.,0.,-0.));
#1288 = DEFINITIONAL_REPRESENTATION('',(#1289),#1293);
#1289 = LINE('',#1290,#1291);
#1290 = CARTESIAN_POINT('',(0.,0.));
#1291 = VECTOR('',#1292,1.);
#1292 = DIRECTION('',(1.,0.));
#1293 = ( GEOMETRIC_REPRESENTATION_CONTEXT(2) 
PARAMETRIC_REPRESENTATION_CONTEXT() REPRESENTATION_CONTEXT('2D SPACE',''
  ) );
#1294 = FACE_BOUND('',#1295,.F.);
#1295 = EDGE_LOOP('',(#1296));
#1296 = ORIENTED_EDGE('',*,*,#1235,.F.);
#1297 = ADVANCED_FACE('',(#1298),#1283,.T.);
#1298 = FACE_BOUND('',#1299,.T.);
#1299 = EDGE_LOOP('',(#1300,#1329,#1350,#1351));
#1300 = ORIENTED_EDGE('',*,*,#1301,.F.);
#1301 = EDGE_CURVE('',#1302,#1302,#1304,.T.);
#1302 = VERTEX_POINT('',#1303);
#1303 = CARTESIAN_POINT('',(-10.14571321969,63.721329497274,9.));
#1304 = SURFACE_CURVE('',#1305,(#1310,#1317),.PCURVE_S1.);
#1305 = CIRCLE('',#1306,7.2);
#1306 = AXIS2_PLACEMENT_3D('',#1307,#1308,#1309);
#1307 = CARTESIAN_POINT('',(-17.34571321969,63.721329497274,9.));
#1308 = DIRECTION('',(0.,0.,1.));
#1309 = DIRECTION('',(1.,0.,-0.));
#1310 = PCURVE('',#1283,#1311);
#1311 = DEFINITIONAL_REPRESENTATION('',(#1312),#1316);
#1312 = LINE('',#1313,#1314);
#1313 = CARTESIAN_POINT('',(0.,2.5));
#1314 = VECTOR('',#1315,1.);
#1315 = DIRECTION('',(1.,0.));
#1316 = ( GEOMETRIC_REPRESENTATION_CONTEXT(2) 
PARAMETRIC_REPRESENTATION_CONTEXT() REPRESENTATION_CONTEXT('2D SPACE',''
  ) );
#1317 = PCURVE('',#1318,#1323);
#1318 = TOROIDAL_SURFACE('',#1319,8.7,1.5);
#1319 = AXIS2_PLACEMENT_3D('',#1320,#1321,#1322);
#1320 = CARTESIAN_POINT('',(-17.34571321969,63.721329497274,9.));
#1321 = DIRECTION('',(0.,0.,1.));
#1322 = DIRECTION('',(1.,0.,-0.));
#1323 = DEFINITIONAL_REPRESENTATION('',(#1324),#1328);
#1324 = LINE('',#1325,#1326);
#1325 = CARTESIAN_POINT('',(0.,3.14159265359));
#1326 = VECTOR('',#1327,1.);
#1327 = DIRECTION('',(1.,0.));
#1328 = ( GEOMETRIC_REPRESENTATION_CONTEXT(2) 
PARAMETRIC_REPRESENTATION_CONTEXT() REPRESENTATION_CONTEXT('2D SPACE',''
  ) );
#1329 = ORIENTED_EDGE('',*,*,#1330,.F.);
#1330 = EDGE_CURVE('',#1267,#1302,#1331,.T.);
#1331 = SEAM_CURVE('',#1332,(#1336,#1343),.PCURVE_S1.);
#1332 = LINE('',#1333,#1334);
#1333 = CARTESIAN_POINT('',(-10.14571321969,63.721329497274,6.5));
#1334 = VECTOR('',#1335,1.);
#1335 = DIRECTION('',(0.,0.,1.));
#1336 = PCURVE('',#1283,#1337);
#1337 = DEFINITIONAL_REPRESENTATION('',(#1338),#1342);
#1338 = LINE('',#1339,#1340);
#1339 = CARTESIAN_POINT('',(6.28318530718,-0.));
#1340 = VECTOR('',#1341,1.);
#1341 = DIRECTION('',(0.,1.));
#1342 = ( GEOMETRIC_REPRESENTATION_CONTEXT(2) 
PARAMETRIC_REPRESENTATION_CONTEXT() REPRESENTATION_CONTEXT('2D SPACE',''
  ) );
#1343 = PCURVE('',#1283,#1344);
#1344 = DEFINITIONAL_REPRESENTATION('',(#1345),#1349);
#1345 = LINE('',#1346,#1347);
#1346 = CARTESIAN_POINT('',(0.,-0.));
#1347 = VECTOR('',#1348,1.);
#1348 = DIRECTION('',(0.,1.));
#1349 = ( GEOMETRIC_REPRESENTATION_CONTEXT(2) 
PARAMETRIC_REPRESENTATION_CONTEXT() REPRESENTATION_CONTEXT('2D SPACE',''
  ) );
#1350 = ORIENTED_EDGE('',*,*,#1266,.T.);
#1351 = ORIENTED_EDGE('',*,*,#1330,.T.);
#1352 = ADVANCED_FACE('',(#1353),#1318,.F.);
#1353 = FACE_BOUND('',#1354,.F.);
#1354 = EDGE_LOOP('',(#1355,#1379,#1401,#1402));
#1355 = ORIENTED_EDGE('',*,*,#1356,.T.);
#1356 = EDGE_CURVE('',#1357,#1357,#1359,.T.);
#1357 = VERTEX_POINT('',#1358);
#1358 = CARTESIAN_POINT('',(-8.645713219692,63.721329497274,10.5));
#1359 = SURFACE_CURVE('',#1360,(#1365,#1372),.PCURVE_S1.);
#1360 = CIRCLE('',#1361,8.7);
#1361 = AXIS2_PLACEMENT_3D('',#1362,#1363,#1364);
#1362 = CARTESIAN_POINT('',(-17.34571321969,63.721329497274,10.5));
#1363 = DIRECTION('',(0.,0.,1.));
#1364 = DIRECTION('',(1.,0.,-0.));
#1365 = PCURVE('',#1318,#1366);
#1366 = DEFINITIONAL_REPRESENTATION('',(#1367),#1371);
#1367 = LINE('',#1368,#1369);
#1368 = CARTESIAN_POINT('',(0.,1.570796326795));
#1369 = VECTOR('',#1370,1.);
#1370 = DIRECTION('',(1.,0.));
#1371 = ( GEOMETRIC_REPRESENTATION_CONTEXT(2) 
PARAMETRIC_REPRESENTATION_CONTEXT() REPRESENTATION_CONTEXT('2D SPACE',''
  ) );
#1372 = PCURVE('',#43,#1373);
#1373 = DEFINITIONAL_REPRESENTATION('',(#1374),#1378);
#1374 = CIRCLE('',#1375,8.7);
#1375 = AXIS2_PLACEMENT_2D('',#1376,#1377);
#1376 = CARTESIAN_POINT('',(-17.34571321969,63.721329497274));
#1377 = DIRECTION('',(1.,0.));
#1378 = ( GEOMETRIC_REPRESENTATION_CONTEXT(2) 
PARAMETRIC_REPRESENTATION_CONTEXT() REPRESENTATION_CONTEXT('2D SPACE',''
  ) );
#1379 = ORIENTED_EDGE('',*,*,#1380,.T.);
#1380 = EDGE_CURVE('',#1357,#1302,#1381,.T.);
#1381 = SEAM_CURVE('',#1382,(#1387,#1394),.PCURVE_S1.);
#1382 = CIRCLE('',#1383,1.5);
#1383 = AXIS2_PLACEMENT_3D('',#1384,#1385,#1386);
#1384 = CARTESIAN_POINT('',(-8.645713219692,63.721329497274,9.));
#1385 = DIRECTION('',(0.,-1.,0.));
#1386 = DIRECTION('',(1.184237892934E-15,0.,1.));
#1387 = PCURVE('',#1318,#1388);
#1388 = DEFINITIONAL_REPRESENTATION('',(#1389),#1393);
#1389 = LINE('',#1390,#1391);
#1390 = CARTESIAN_POINT('',(0.,1.570796326795));
#1391 = VECTOR('',#1392,1.);
#1392 = DIRECTION('',(0.,1.));
#1393 = ( GEOMETRIC_REPRESENTATION_CONTEXT(2) 
PARAMETRIC_REPRESENTATION_CONTEXT() REPRESENTATION_CONTEXT('2D SPACE',''
  ) );
#1394 = PCURVE('',#1318,#1395);
#1395 = DEFINITIONAL_REPRESENTATION('',(#1396),#1400);
#1396 = LINE('',#1397,#1398);
#1397 = CARTESIAN_POINT('',(6.28318530718,1.570796326795));
#1398 = VECTOR('',#1399,1.);
#1399 = DIRECTION('',(0.,1.));
#1400 = ( GEOMETRIC_REPRESENTATION_CONTEXT(2) 
PARAMETRIC_REPRESENTATION_CONTEXT() REPRESENTATION_CONTEXT('2D SPACE',''
  ) );
#1401 = ORIENTED_EDGE('',*,*,#1301,.F.);
#1402 = ORIENTED_EDGE('',*,*,#1380,.F.);
#1403 = ADVANCED_FACE('',(#1404),#1003,.F.);
#1404 = FACE_BOUND('',#1405,.F.);
#1405 = EDGE_LOOP('',(#1406,#1407,#1430,#1452));
#1406 = ORIENTED_EDGE('',*,*,#986,.F.);
#1407 = ORIENTED_EDGE('',*,*,#1408,.F.);
#1408 = EDGE_CURVE('',#1409,#987,#1411,.T.);
#1409 = VERTEX_POINT('',#1410);
#1410 = CARTESIAN_POINT('',(-44.53900851538,19.754637086144,10.5));
#1411 = SEAM_CURVE('',#1412,(#1416,#1423),.PCURVE_S1.);
#1412 = LINE('',#1413,#1414);
#1413 = CARTESIAN_POINT('',(-44.53900851538,19.754637086144,-1.));
#1414 = VECTOR('',#1415,1.);
#1415 = DIRECTION('',(0.,0.,1.));
#1416 = PCURVE('',#1003,#1417);
#1417 = DEFINITIONAL_REPRESENTATION('',(#1418),#1422);
#1418 = LINE('',#1419,#1420);
#1419 = CARTESIAN_POINT('',(6.28318530718,-0.));
#1420 = VECTOR('',#1421,1.);
#1421 = DIRECTION('',(0.,1.));
#1422 = ( GEOMETRIC_REPRESENTATION_CONTEXT(2) 
PARAMETRIC_REPRESENTATION_CONTEXT() REPRESENTATION_CONTEXT('2D SPACE',''
  ) );
#1423 = PCURVE('',#1003,#1424);
#1424 = DEFINITIONAL_REPRESENTATION('',(#1425),#1429);
#1425 = LINE('',#1426,#1427);
#1426 = CARTESIAN_POINT('',(0.,-0.));
#1427 = VECTOR('',#1428,1.);
#1428 = DIRECTION('',(0.,1.));
#1429 = ( GEOMETRIC_REPRESENTATION_CONTEXT(2) 
PARAMETRIC_REPRESENTATION_CONTEXT() REPRESENTATION_CONTEXT('2D SPACE',''
  ) );
#1430 = ORIENTED_EDGE('',*,*,#1431,.T.);
#1431 = EDGE_CURVE('',#1409,#1409,#1432,.T.);
#1432 = SURFACE_CURVE('',#1433,(#1438,#1445),.PCURVE_S1.);
#1433 = CIRCLE('',#1434,2.);
#1434 = AXIS2_PLACEMENT_3D('',#1435,#1436,#1437);
#1435 = CARTESIAN_POINT('',(-46.53900851538,19.754637086144,10.5));
#1436 = DIRECTION('',(0.,0.,1.));
#1437 = DIRECTION('',(1.,0.,-0.));
#1438 = PCURVE('',#1003,#1439);
#1439 = DEFINITIONAL_REPRESENTATION('',(#1440),#1444);
#1440 = LINE('',#1441,#1442);
#1441 = CARTESIAN_POINT('',(0.,11.5));
#1442 = VECTOR('',#1443,1.);
#1443 = DIRECTION('',(1.,0.));
#1444 = ( GEOMETRIC_REPRESENTATION_CONTEXT(2) 
PARAMETRIC_REPRESENTATION_CONTEXT() REPRESENTATION_CONTEXT('2D SPACE',''
  ) );
#1445 = PCURVE('',#43,#1446);
#1446 = DEFINITIONAL_REPRESENTATION('',(#1447),#1451);
#1447 = CIRCLE('',#1448,2.);
#1448 = AXIS2_PLACEMENT_2D('',#1449,#1450);
#1449 = CARTESIAN_POINT('',(-46.53900851538,19.754637086144));
#1450 = DIRECTION('',(1.,0.));
#1451 = ( GEOMETRIC_REPRESENTATION_CONTEXT(2) 
PARAMETRIC_REPRESENTATION_CONTEXT() REPRESENTATION_CONTEXT('2D SPACE',''
  ) );
#1452 = ORIENTED_EDGE('',*,*,#1408,.T.);
#1453 = ADVANCED_FACE('',(#1454),#969,.F.);
#1454 = FACE_BOUND('',#1455,.F.);
#1455 = EDGE_LOOP('',(#1456,#1457,#1480,#1502));
#1456 = ORIENTED_EDGE('',*,*,#952,.F.);
#1457 = ORIENTED_EDGE('',*,*,#1458,.F.);
#1458 = EDGE_CURVE('',#1459,#953,#1461,.T.);
#1459 = VERTEX_POINT('',#1460);
#1460 = CARTESIAN_POINT('',(48.539008515382,-19.75463708614,10.5));
#1461 = SEAM_CURVE('',#1462,(#1466,#1473),.PCURVE_S1.);
#1462 = LINE('',#1463,#1464);
#1463 = CARTESIAN_POINT('',(48.539008515382,-19.75463708614,-1.));
#1464 = VECTOR('',#1465,1.);
#1465 = DIRECTION('',(0.,0.,1.));
#1466 = PCURVE('',#969,#1467);
#1467 = DEFINITIONAL_REPRESENTATION('',(#1468),#1472);
#1468 = LINE('',#1469,#1470);
#1469 = CARTESIAN_POINT('',(6.28318530718,-0.));
#1470 = VECTOR('',#1471,1.);
#1471 = DIRECTION('',(0.,1.));
#1472 = ( GEOMETRIC_REPRESENTATION_CONTEXT(2) 
PARAMETRIC_REPRESENTATION_CONTEXT() REPRESENTATION_CONTEXT('2D SPACE',''
  ) );
#1473 = PCURVE('',#969,#1474);
#1474 = DEFINITIONAL_REPRESENTATION('',(#1475),#1479);
#1475 = LINE('',#1476,#1477);
#1476 = CARTESIAN_POINT('',(0.,-0.));
#1477 = VECTOR('',#1478,1.);
#1478 = DIRECTION('',(0.,1.));
#1479 = ( GEOMETRIC_REPRESENTATION_CONTEXT(2) 
PARAMETRIC_REPRESENTATION_CONTEXT() REPRESENTATION_CONTEXT('2D SPACE',''
  ) );
#1480 = ORIENTED_EDGE('',*,*,#1481,.T.);
#1481 = EDGE_CURVE('',#1459,#1459,#1482,.T.);
#1482 = SURFACE_CURVE('',#1483,(#1488,#1495),.PCURVE_S1.);
#1483 = CIRCLE('',#1484,2.);
#1484 = AXIS2_PLACEMENT_3D('',#1485,#1486,#1487);
#1485 = CARTESIAN_POINT('',(46.539008515382,-19.75463708614,10.5));
#1486 = DIRECTION('',(0.,0.,1.));
#1487 = DIRECTION('',(1.,0.,-0.));
#1488 = PCURVE('',#969,#1489);
#1489 = DEFINITIONAL_REPRESENTATION('',(#1490),#1494);
#1490 = LINE('',#1491,#1492);
#1491 = CARTESIAN_POINT('',(0.,11.5));
#1492 = VECTOR('',#1493,1.);
#1493 = DIRECTION('',(1.,0.));
#1494 = ( GEOMETRIC_REPRESENTATION_CONTEXT(2) 
PARAMETRIC_REPRESENTATION_CONTEXT() REPRESENTATION_CONTEXT('2D SPACE',''
  ) );
#1495 = PCURVE('',#43,#1496);
#1496 = DEFINITIONAL_REPRESENTATION('',(#1497),#1501);
#1497 = CIRCLE('',#1498,2.);
#1498 = AXIS2_PLACEMENT_2D('',#1499,#1500);
#1499 = CARTESIAN_POINT('',(46.539008515382,-19.75463708614));
#1500 = DIRECTION('',(1.,0.));
#1501 = ( GEOMETRIC_REPRESENTATION_CONTEXT(2) 
PARAMETRIC_REPRESENTATION_CONTEXT() REPRESENTATION_CONTEXT('2D SPACE',''
  ) );
#1502 = ORIENTED_EDGE('',*,*,#1458,.T.);
#1503 = ADVANCED_FACE('',(#1504),#938,.F.);
#1504 = FACE_BOUND('',#1505,.F.);
#1505 = EDGE_LOOP('',(#1506,#1507,#1530,#1552));
#1506 = ORIENTED_EDGE('',*,*,#921,.F.);
#1507 = ORIENTED_EDGE('',*,*,#1508,.F.);
#1508 = EDGE_CURVE('',#1509,#922,#1511,.T.);
#1509 = VERTEX_POINT('',#1510);
#1510 = CARTESIAN_POINT('',(60.692317665924,-33.02,10.5));
#1511 = SEAM_CURVE('',#1512,(#1516,#1523),.PCURVE_S1.);
#1512 = LINE('',#1513,#1514);
#1513 = CARTESIAN_POINT('',(60.692317665924,-33.02,-1.));
#1514 = VECTOR('',#1515,1.);
#1515 = DIRECTION('',(0.,0.,1.));
#1516 = PCURVE('',#938,#1517);
#1517 = DEFINITIONAL_REPRESENTATION('',(#1518),#1522);
#1518 = LINE('',#1519,#1520);
#1519 = CARTESIAN_POINT('',(6.28318530718,-0.));
#1520 = VECTOR('',#1521,1.);
#1521 = DIRECTION('',(0.,1.));
#1522 = ( GEOMETRIC_REPRESENTATION_CONTEXT(2) 
PARAMETRIC_REPRESENTATION_CONTEXT() REPRESENTATION_CONTEXT('2D SPACE',''
  ) );
#1523 = PCURVE('',#938,#1524);
#1524 = DEFINITIONAL_REPRESENTATION('',(#1525),#1529);
#1525 = LINE('',#1526,#1527);
#1526 = CARTESIAN_POINT('',(0.,-0.));
#1527 = VECTOR('',#1528,1.);
#1528 = DIRECTION('',(0.,1.));
#1529 = ( GEOMETRIC_REPRESENTATION_CONTEXT(2) 
PARAMETRIC_REPRESENTATION_CONTEXT() REPRESENTATION_CONTEXT('2D SPACE',''
  ) );
#1530 = ORIENTED_EDGE('',*,*,#1531,.T.);
#1531 = EDGE_CURVE('',#1509,#1509,#1532,.T.);
#1532 = SURFACE_CURVE('',#1533,(#1538,#1545),.PCURVE_S1.);
#1533 = CIRCLE('',#1534,3.5);
#1534 = AXIS2_PLACEMENT_3D('',#1535,#1536,#1537);
#1535 = CARTESIAN_POINT('',(57.192317665924,-33.02,10.5));
#1536 = DIRECTION('',(0.,0.,1.));
#1537 = DIRECTION('',(1.,0.,-0.));
#1538 = PCURVE('',#938,#1539);
#1539 = DEFINITIONAL_REPRESENTATION('',(#1540),#1544);
#1540 = LINE('',#1541,#1542);
#1541 = CARTESIAN_POINT('',(0.,11.5));
#1542 = VECTOR('',#1543,1.);
#1543 = DIRECTION('',(1.,0.));
#1544 = ( GEOMETRIC_REPRESENTATION_CONTEXT(2) 
PARAMETRIC_REPRESENTATION_CONTEXT() REPRESENTATION_CONTEXT('2D SPACE',''
  ) );
#1545 = PCURVE('',#43,#1546);
#1546 = DEFINITIONAL_REPRESENTATION('',(#1547),#1551);
#1547 = CIRCLE('',#1548,3.5);
#1548 = AXIS2_PLACEMENT_2D('',#1549,#1550);
#1549 = CARTESIAN_POINT('',(57.192317665924,-33.02));
#1550 = DIRECTION('',(1.,0.));
#1551 = ( GEOMETRIC_REPRESENTATION_CONTEXT(2) 
PARAMETRIC_REPRESENTATION_CONTEXT() REPRESENTATION_CONTEXT('2D SPACE',''
  ) );
#1552 = ORIENTED_EDGE('',*,*,#1508,.T.);
#1553 = ADVANCED_FACE('',(#1554),#907,.F.);
#1554 = FACE_BOUND('',#1555,.F.);
#1555 = EDGE_LOOP('',(#1556,#1557,#1580,#1602));
#1556 = ORIENTED_EDGE('',*,*,#890,.F.);
#1557 = ORIENTED_EDGE('',*,*,#1558,.F.);
#1558 = EDGE_CURVE('',#1559,#891,#1561,.T.);
#1559 = VERTEX_POINT('',#1560);
#1560 = CARTESIAN_POINT('',(38.,-9.30731567352E-15,10.5));
#1561 = SEAM_CURVE('',#1562,(#1566,#1573),.PCURVE_S1.);
#1562 = LINE('',#1563,#1564);
#1563 = CARTESIAN_POINT('',(38.,-9.30731567352E-15,-1.));
#1564 = VECTOR('',#1565,1.);
#1565 = DIRECTION('',(0.,0.,1.));
#1566 = PCURVE('',#907,#1567);
#1567 = DEFINITIONAL_REPRESENTATION('',(#1568),#1572);
#1568 = LINE('',#1569,#1570);
#1569 = CARTESIAN_POINT('',(6.28318530718,-0.));
#1570 = VECTOR('',#1571,1.);
#1571 = DIRECTION('',(0.,1.));
#1572 = ( GEOMETRIC_REPRESENTATION_CONTEXT(2) 
PARAMETRIC_REPRESENTATION_CONTEXT() REPRESENTATION_CONTEXT('2D SPACE',''
  ) );
#1573 = PCURVE('',#907,#1574);
#1574 = DEFINITIONAL_REPRESENTATION('',(#1575),#1579);
#1575 = LINE('',#1576,#1577);
#1576 = CARTESIAN_POINT('',(0.,-0.));
#1577 = VECTOR('',#1578,1.);
#1578 = DIRECTION('',(0.,1.));
#1579 = ( GEOMETRIC_REPRESENTATION_CONTEXT(2) 
PARAMETRIC_REPRESENTATION_CONTEXT() REPRESENTATION_CONTEXT('2D SPACE',''
  ) );
#1580 = ORIENTED_EDGE('',*,*,#1581,.T.);
#1581 = EDGE_CURVE('',#1559,#1559,#1582,.T.);
#1582 = SURFACE_CURVE('',#1583,(#1588,#1595),.PCURVE_S1.);
#1583 = CIRCLE('',#1584,38.);
#1584 = AXIS2_PLACEMENT_3D('',#1585,#1586,#1587);
#1585 = CARTESIAN_POINT('',(0.,0.,10.5));
#1586 = DIRECTION('',(0.,0.,1.));
#1587 = DIRECTION('',(1.,0.,-0.));
#1588 = PCURVE('',#907,#1589);
#1589 = DEFINITIONAL_REPRESENTATION('',(#1590),#1594);
#1590 = LINE('',#1591,#1592);
#1591 = CARTESIAN_POINT('',(0.,11.5));
#1592 = VECTOR('',#1593,1.);
#1593 = DIRECTION('',(1.,0.));
#1594 = ( GEOMETRIC_REPRESENTATION_CONTEXT(2) 
PARAMETRIC_REPRESENTATION_CONTEXT() REPRESENTATION_CONTEXT('2D SPACE',''
  ) );
#1595 = PCURVE('',#43,#1596);
#1596 = DEFINITIONAL_REPRESENTATION('',(#1597),#1601);
#1597 = CIRCLE('',#1598,38.);
#1598 = AXIS2_PLACEMENT_2D('',#1599,#1600);
#1599 = CARTESIAN_POINT('',(0.,0.));
#1600 = DIRECTION('',(1.,0.));
#1601 = ( GEOMETRIC_REPRESENTATION_CONTEXT(2) 
PARAMETRIC_REPRESENTATION_CONTEXT() REPRESENTATION_CONTEXT('2D SPACE',''
  ) );
#1602 = ORIENTED_EDGE('',*,*,#1558,.T.);
#1603 = ADVANCED_FACE('',(#1604),#876,.F.);
#1604 = FACE_BOUND('',#1605,.F.);
#1605 = EDGE_LOOP('',(#1606,#1607,#1630,#1652));
#1606 = ORIENTED_EDGE('',*,*,#859,.F.);
#1607 = ORIENTED_EDGE('',*,*,#1608,.F.);
#1608 = EDGE_CURVE('',#1609,#860,#1611,.T.);
#1609 = VERTEX_POINT('',#1610);
#1610 = CARTESIAN_POINT('',(-17.75463708614,-46.53900851538,10.5));
#1611 = SEAM_CURVE('',#1612,(#1616,#1623),.PCURVE_S1.);
#1612 = LINE('',#1613,#1614);
#1613 = CARTESIAN_POINT('',(-17.75463708614,-46.53900851538,-1.));
#1614 = VECTOR('',#1615,1.);
#1615 = DIRECTION('',(0.,0.,1.));
#1616 = PCURVE('',#876,#1617);
#1617 = DEFINITIONAL_REPRESENTATION('',(#1618),#1622);
#1618 = LINE('',#1619,#1620);
#1619 = CARTESIAN_POINT('',(6.28318530718,-0.));
#1620 = VECTOR('',#1621,1.);
#1621 = DIRECTION('',(0.,1.));
#1622 = ( GEOMETRIC_REPRESENTATION_CONTEXT(2) 
PARAMETRIC_REPRESENTATION_CONTEXT() REPRESENTATION_CONTEXT('2D SPACE',''
  ) );
#1623 = PCURVE('',#876,#1624);
#1624 = DEFINITIONAL_REPRESENTATION('',(#1625),#1629);
#1625 = LINE('',#1626,#1627);
#1626 = CARTESIAN_POINT('',(0.,-0.));
#1627 = VECTOR('',#1628,1.);
#1628 = DIRECTION('',(0.,1.));
#1629 = ( GEOMETRIC_REPRESENTATION_CONTEXT(2) 
PARAMETRIC_REPRESENTATION_CONTEXT() REPRESENTATION_CONTEXT('2D SPACE',''
  ) );
#1630 = ORIENTED_EDGE('',*,*,#1631,.T.);
#1631 = EDGE_CURVE('',#1609,#1609,#1632,.T.);
#1632 = SURFACE_CURVE('',#1633,(#1638,#1645),.PCURVE_S1.);
#1633 = CIRCLE('',#1634,2.);
#1634 = AXIS2_PLACEMENT_3D('',#1635,#1636,#1637);
#1635 = CARTESIAN_POINT('',(-19.75463708614,-46.53900851538,10.5));
#1636 = DIRECTION('',(0.,0.,1.));
#1637 = DIRECTION('',(1.,0.,-0.));
#1638 = PCURVE('',#876,#1639);
#1639 = DEFINITIONAL_REPRESENTATION('',(#1640),#1644);
#1640 = LINE('',#1641,#1642);
#1641 = CARTESIAN_POINT('',(0.,11.5));
#1642 = VECTOR('',#1643,1.);
#1643 = DIRECTION('',(1.,0.));
#1644 = ( GEOMETRIC_REPRESENTATION_CONTEXT(2) 
PARAMETRIC_REPRESENTATION_CONTEXT() REPRESENTATION_CONTEXT('2D SPACE',''
  ) );
#1645 = PCURVE('',#43,#1646);
#1646 = DEFINITIONAL_REPRESENTATION('',(#1647),#1651);
#1647 = CIRCLE('',#1648,2.);
#1648 = AXIS2_PLACEMENT_2D('',#1649,#1650);
#1649 = CARTESIAN_POINT('',(-19.75463708614,-46.53900851538));
#1650 = DIRECTION('',(1.,0.));
#1651 = ( GEOMETRIC_REPRESENTATION_CONTEXT(2) 
PARAMETRIC_REPRESENTATION_CONTEXT() REPRESENTATION_CONTEXT('2D SPACE',''
  ) );
#1652 = ORIENTED_EDGE('',*,*,#1608,.T.);
#1653 = ADVANCED_FACE('',(#1654),#845,.F.);
#1654 = FACE_BOUND('',#1655,.F.);
#1655 = EDGE_LOOP('',(#1656,#1657,#1680,#1702));
#1656 = ORIENTED_EDGE('',*,*,#828,.F.);
#1657 = ORIENTED_EDGE('',*,*,#1658,.F.);
#1658 = EDGE_CURVE('',#1659,#829,#1661,.T.);
#1659 = VERTEX_POINT('',#1660);
#1660 = CARTESIAN_POINT('',(-53.69231766592,-33.02,10.5));
#1661 = SEAM_CURVE('',#1662,(#1666,#1673),.PCURVE_S1.);
#1662 = LINE('',#1663,#1664);
#1663 = CARTESIAN_POINT('',(-53.69231766592,-33.02,-1.));
#1664 = VECTOR('',#1665,1.);
#1665 = DIRECTION('',(0.,0.,1.));
#1666 = PCURVE('',#845,#1667);
#1667 = DEFINITIONAL_REPRESENTATION('',(#1668),#1672);
#1668 = LINE('',#1669,#1670);
#1669 = CARTESIAN_POINT('',(6.28318530718,-0.));
#1670 = VECTOR('',#1671,1.);
#1671 = DIRECTION('',(0.,1.));
#1672 = ( GEOMETRIC_REPRESENTATION_CONTEXT(2) 
PARAMETRIC_REPRESENTATION_CONTEXT() REPRESENTATION_CONTEXT('2D SPACE',''
  ) );
#1673 = PCURVE('',#845,#1674);
#1674 = DEFINITIONAL_REPRESENTATION('',(#1675),#1679);
#1675 = LINE('',#1676,#1677);
#1676 = CARTESIAN_POINT('',(0.,-0.));
#1677 = VECTOR('',#1678,1.);
#1678 = DIRECTION('',(0.,1.));
#1679 = ( GEOMETRIC_REPRESENTATION_CONTEXT(2) 
PARAMETRIC_REPRESENTATION_CONTEXT() REPRESENTATION_CONTEXT('2D SPACE',''
  ) );
#1680 = ORIENTED_EDGE('',*,*,#1681,.T.);
#1681 = EDGE_CURVE('',#1659,#1659,#1682,.T.);
#1682 = SURFACE_CURVE('',#1683,(#1688,#1695),.PCURVE_S1.);
#1683 = CIRCLE('',#1684,3.5);
#1684 = AXIS2_PLACEMENT_3D('',#1685,#1686,#1687);
#1685 = CARTESIAN_POINT('',(-57.19231766592,-33.02,10.5));
#1686 = DIRECTION('',(0.,0.,1.));
#1687 = DIRECTION('',(1.,0.,-0.));
#1688 = PCURVE('',#845,#1689);
#1689 = DEFINITIONAL_REPRESENTATION('',(#1690),#1694);
#1690 = LINE('',#1691,#1692);
#1691 = CARTESIAN_POINT('',(0.,11.5));
#1692 = VECTOR('',#1693,1.);
#1693 = DIRECTION('',(1.,0.));
#1694 = ( GEOMETRIC_REPRESENTATION_CONTEXT(2) 
PARAMETRIC_REPRESENTATION_CONTEXT() REPRESENTATION_CONTEXT('2D SPACE',''
  ) );
#1695 = PCURVE('',#43,#1696);
#1696 = DEFINITIONAL_REPRESENTATION('',(#1697),#1701);
#1697 = CIRCLE('',#1698,3.5);
#1698 = AXIS2_PLACEMENT_2D('',#1699,#1700);
#1699 = CARTESIAN_POINT('',(-57.19231766592,-33.02));
#1700 = DIRECTION('',(1.,0.));
#1701 = ( GEOMETRIC_REPRESENTATION_CONTEXT(2) 
PARAMETRIC_REPRESENTATION_CONTEXT() REPRESENTATION_CONTEXT('2D SPACE',''
  ) );
#1702 = ORIENTED_EDGE('',*,*,#1658,.T.);
#1703 = ADVANCED_FACE('',(#1704),#814,.F.);
#1704 = FACE_BOUND('',#1705,.F.);
#1705 = EDGE_LOOP('',(#1706,#1707,#1730,#1757));
#1706 = ORIENTED_EDGE('',*,*,#797,.F.);
#1707 = ORIENTED_EDGE('',*,*,#1708,.F.);
#1708 = EDGE_CURVE('',#1709,#798,#1711,.T.);
#1709 = VERTEX_POINT('',#1710);
#1710 = CARTESIAN_POINT('',(-42.71143349771,-46.88249304365,6.5));
#1711 = SEAM_CURVE('',#1712,(#1716,#1723),.PCURVE_S1.);
#1712 = LINE('',#1713,#1714);
#1713 = CARTESIAN_POINT('',(-42.71143349771,-46.88249304365,-1.));
#1714 = VECTOR('',#1715,1.);
#1715 = DIRECTION('',(0.,0.,1.));
#1716 = PCURVE('',#814,#1717);
#1717 = DEFINITIONAL_REPRESENTATION('',(#1718),#1722);
#1718 = LINE('',#1719,#1720);
#1719 = CARTESIAN_POINT('',(6.28318530718,-0.));
#1720 = VECTOR('',#1721,1.);
#1721 = DIRECTION('',(0.,1.));
#1722 = ( GEOMETRIC_REPRESENTATION_CONTEXT(2) 
PARAMETRIC_REPRESENTATION_CONTEXT() REPRESENTATION_CONTEXT('2D SPACE',''
  ) );
#1723 = PCURVE('',#814,#1724);
#1724 = DEFINITIONAL_REPRESENTATION('',(#1725),#1729);
#1725 = LINE('',#1726,#1727);
#1726 = CARTESIAN_POINT('',(0.,-0.));
#1727 = VECTOR('',#1728,1.);
#1728 = DIRECTION('',(0.,1.));
#1729 = ( GEOMETRIC_REPRESENTATION_CONTEXT(2) 
PARAMETRIC_REPRESENTATION_CONTEXT() REPRESENTATION_CONTEXT('2D SPACE',''
  ) );
#1730 = ORIENTED_EDGE('',*,*,#1731,.T.);
#1731 = EDGE_CURVE('',#1709,#1709,#1732,.T.);
#1732 = SURFACE_CURVE('',#1733,(#1738,#1745),.PCURVE_S1.);
#1733 = CIRCLE('',#1734,3.8);
#1734 = AXIS2_PLACEMENT_3D('',#1735,#1736,#1737);
#1735 = CARTESIAN_POINT('',(-46.51143349771,-46.88249304365,6.5));
#1736 = DIRECTION('',(0.,0.,1.));
#1737 = DIRECTION('',(1.,0.,-0.));
#1738 = PCURVE('',#814,#1739);
#1739 = DEFINITIONAL_REPRESENTATION('',(#1740),#1744);
#1740 = LINE('',#1741,#1742);
#1741 = CARTESIAN_POINT('',(0.,7.5));
#1742 = VECTOR('',#1743,1.);
#1743 = DIRECTION('',(1.,0.));
#1744 = ( GEOMETRIC_REPRESENTATION_CONTEXT(2) 
PARAMETRIC_REPRESENTATION_CONTEXT() REPRESENTATION_CONTEXT('2D SPACE',''
  ) );
#1745 = PCURVE('',#1746,#1751);
#1746 = PLANE('',#1747);
#1747 = AXIS2_PLACEMENT_3D('',#1748,#1749,#1750);
#1748 = CARTESIAN_POINT('',(-46.51143349771,-46.88249304365,6.5));
#1749 = DIRECTION('',(0.,0.,1.));
#1750 = DIRECTION('',(1.,0.,-0.));
#1751 = DEFINITIONAL_REPRESENTATION('',(#1752),#1756);
#1752 = CIRCLE('',#1753,3.8);
#1753 = AXIS2_PLACEMENT_2D('',#1754,#1755);
#1754 = CARTESIAN_POINT('',(0.,0.));
#1755 = DIRECTION('',(1.,0.));
#1756 = ( GEOMETRIC_REPRESENTATION_CONTEXT(2) 
PARAMETRIC_REPRESENTATION_CONTEXT() REPRESENTATION_CONTEXT('2D SPACE',''
  ) );
#1757 = ORIENTED_EDGE('',*,*,#1708,.T.);
#1758 = ADVANCED_FACE('',(#1759,#1790),#1746,.F.);
#1759 = FACE_BOUND('',#1760,.F.);
#1760 = EDGE_LOOP('',(#1761));
#1761 = ORIENTED_EDGE('',*,*,#1762,.T.);
#1762 = EDGE_CURVE('',#1763,#1763,#1765,.T.);
#1763 = VERTEX_POINT('',#1764);
#1764 = CARTESIAN_POINT('',(-39.31143349771,-46.88249304365,6.5));
#1765 = SURFACE_CURVE('',#1766,(#1771,#1778),.PCURVE_S1.);
#1766 = CIRCLE('',#1767,7.2);
#1767 = AXIS2_PLACEMENT_3D('',#1768,#1769,#1770);
#1768 = CARTESIAN_POINT('',(-46.51143349771,-46.88249304365,6.5));
#1769 = DIRECTION('',(0.,0.,1.));
#1770 = DIRECTION('',(1.,0.,-0.));
#1771 = PCURVE('',#1746,#1772);
#1772 = DEFINITIONAL_REPRESENTATION('',(#1773),#1777);
#1773 = CIRCLE('',#1774,7.2);
#1774 = AXIS2_PLACEMENT_2D('',#1775,#1776);
#1775 = CARTESIAN_POINT('',(0.,0.));
#1776 = DIRECTION('',(1.,0.));
#1777 = ( GEOMETRIC_REPRESENTATION_CONTEXT(2) 
PARAMETRIC_REPRESENTATION_CONTEXT() REPRESENTATION_CONTEXT('2D SPACE',''
  ) );
#1778 = PCURVE('',#1779,#1784);
#1779 = CYLINDRICAL_SURFACE('',#1780,7.2);
#1780 = AXIS2_PLACEMENT_3D('',#1781,#1782,#1783);
#1781 = CARTESIAN_POINT('',(-46.51143349771,-46.88249304365,6.5));
#1782 = DIRECTION('',(0.,0.,1.));
#1783 = DIRECTION('',(1.,0.,-0.));
#1784 = DEFINITIONAL_REPRESENTATION('',(#1785),#1789);
#1785 = LINE('',#1786,#1787);
#1786 = CARTESIAN_POINT('',(0.,0.));
#1787 = VECTOR('',#1788,1.);
#1788 = DIRECTION('',(1.,0.));
#1789 = ( GEOMETRIC_REPRESENTATION_CONTEXT(2) 
PARAMETRIC_REPRESENTATION_CONTEXT() REPRESENTATION_CONTEXT('2D SPACE',''
  ) );
#1790 = FACE_BOUND('',#1791,.F.);
#1791 = EDGE_LOOP('',(#1792));
#1792 = ORIENTED_EDGE('',*,*,#1731,.F.);
#1793 = ADVANCED_FACE('',(#1794),#1779,.T.);
#1794 = FACE_BOUND('',#1795,.T.);
#1795 = EDGE_LOOP('',(#1796,#1825,#1846,#1847));
#1796 = ORIENTED_EDGE('',*,*,#1797,.F.);
#1797 = EDGE_CURVE('',#1798,#1798,#1800,.T.);
#1798 = VERTEX_POINT('',#1799);
#1799 = CARTESIAN_POINT('',(-39.31143349771,-46.88249304365,9.));
#1800 = SURFACE_CURVE('',#1801,(#1806,#1813),.PCURVE_S1.);
#1801 = CIRCLE('',#1802,7.2);
#1802 = AXIS2_PLACEMENT_3D('',#1803,#1804,#1805);
#1803 = CARTESIAN_POINT('',(-46.51143349771,-46.88249304365,9.));
#1804 = DIRECTION('',(0.,0.,1.));
#1805 = DIRECTION('',(1.,0.,-0.));
#1806 = PCURVE('',#1779,#1807);
#1807 = DEFINITIONAL_REPRESENTATION('',(#1808),#1812);
#1808 = LINE('',#1809,#1810);
#1809 = CARTESIAN_POINT('',(0.,2.5));
#1810 = VECTOR('',#1811,1.);
#1811 = DIRECTION('',(1.,0.));
#1812 = ( GEOMETRIC_REPRESENTATION_CONTEXT(2) 
PARAMETRIC_REPRESENTATION_CONTEXT() REPRESENTATION_CONTEXT('2D SPACE',''
  ) );
#1813 = PCURVE('',#1814,#1819);
#1814 = TOROIDAL_SURFACE('',#1815,8.7,1.5);
#1815 = AXIS2_PLACEMENT_3D('',#1816,#1817,#1818);
#1816 = CARTESIAN_POINT('',(-46.51143349771,-46.88249304365,9.));
#1817 = DIRECTION('',(0.,0.,1.));
#1818 = DIRECTION('',(1.,0.,-0.));
#1819 = DEFINITIONAL_REPRESENTATION('',(#1820),#1824);
#1820 = LINE('',#1821,#1822);
#1821 = CARTESIAN_POINT('',(0.,3.14159265359));
#1822 = VECTOR('',#1823,1.);
#1823 = DIRECTION('',(1.,0.));
#1824 = ( GEOMETRIC_REPRESENTATION_CONTEXT(2) 
PARAMETRIC_REPRESENTATION_CONTEXT() REPRESENTATION_CONTEXT('2D SPACE',''
  ) );
#1825 = ORIENTED_EDGE('',*,*,#1826,.F.);
#1826 = EDGE_CURVE('',#1763,#1798,#1827,.T.);
#1827 = SEAM_CURVE('',#1828,(#1832,#1839),.PCURVE_S1.);
#1828 = LINE('',#1829,#1830);
#1829 = CARTESIAN_POINT('',(-39.31143349771,-46.88249304365,6.5));
#1830 = VECTOR('',#1831,1.);
#1831 = DIRECTION('',(0.,0.,1.));
#1832 = PCURVE('',#1779,#1833);
#1833 = DEFINITIONAL_REPRESENTATION('',(#1834),#1838);
#1834 = LINE('',#1835,#1836);
#1835 = CARTESIAN_POINT('',(6.28318530718,-0.));
#1836 = VECTOR('',#1837,1.);
#1837 = DIRECTION('',(0.,1.));
#1838 = ( GEOMETRIC_REPRESENTATION_CONTEXT(2) 
PARAMETRIC_REPRESENTATION_CONTEXT() REPRESENTATION_CONTEXT('2D SPACE',''
  ) );
#1839 = PCURVE('',#1779,#1840);
#1840 = DEFINITIONAL_REPRESENTATION('',(#1841),#1845);
#1841 = LINE('',#1842,#1843);
#1842 = CARTESIAN_POINT('',(0.,-0.));
#1843 = VECTOR('',#1844,1.);
#1844 = DIRECTION('',(0.,1.));
#1845 = ( GEOMETRIC_REPRESENTATION_CONTEXT(2) 
PARAMETRIC_REPRESENTATION_CONTEXT() REPRESENTATION_CONTEXT('2D SPACE',''
  ) );
#1846 = ORIENTED_EDGE('',*,*,#1762,.T.);
#1847 = ORIENTED_EDGE('',*,*,#1826,.T.);
#1848 = ADVANCED_FACE('',(#1849),#1814,.F.);
#1849 = FACE_BOUND('',#1850,.F.);
#1850 = EDGE_LOOP('',(#1851,#1875,#1897,#1898));
#1851 = ORIENTED_EDGE('',*,*,#1852,.T.);
#1852 = EDGE_CURVE('',#1853,#1853,#1855,.T.);
#1853 = VERTEX_POINT('',#1854);
#1854 = CARTESIAN_POINT('',(-37.81143349771,-46.88249304365,10.5));
#1855 = SURFACE_CURVE('',#1856,(#1861,#1868),.PCURVE_S1.);
#1856 = CIRCLE('',#1857,8.7);
#1857 = AXIS2_PLACEMENT_3D('',#1858,#1859,#1860);
#1858 = CARTESIAN_POINT('',(-46.51143349771,-46.88249304365,10.5));
#1859 = DIRECTION('',(0.,0.,1.));
#1860 = DIRECTION('',(1.,0.,-0.));
#1861 = PCURVE('',#1814,#1862);
#1862 = DEFINITIONAL_REPRESENTATION('',(#1863),#1867);
#1863 = LINE('',#1864,#1865);
#1864 = CARTESIAN_POINT('',(0.,1.570796326795));
#1865 = VECTOR('',#1866,1.);
#1866 = DIRECTION('',(1.,0.));
#1867 = ( GEOMETRIC_REPRESENTATION_CONTEXT(2) 
PARAMETRIC_REPRESENTATION_CONTEXT() REPRESENTATION_CONTEXT('2D SPACE',''
  ) );
#1868 = PCURVE('',#43,#1869);
#1869 = DEFINITIONAL_REPRESENTATION('',(#1870),#1874);
#1870 = CIRCLE('',#1871,8.7);
#1871 = AXIS2_PLACEMENT_2D('',#1872,#1873);
#1872 = CARTESIAN_POINT('',(-46.51143349771,-46.88249304365));
#1873 = DIRECTION('',(1.,0.));
#1874 = ( GEOMETRIC_REPRESENTATION_CONTEXT(2) 
PARAMETRIC_REPRESENTATION_CONTEXT() REPRESENTATION_CONTEXT('2D SPACE',''
  ) );
#1875 = ORIENTED_EDGE('',*,*,#1876,.T.);
#1876 = EDGE_CURVE('',#1853,#1798,#1877,.T.);
#1877 = SEAM_CURVE('',#1878,(#1883,#1890),.PCURVE_S1.);
#1878 = CIRCLE('',#1879,1.5);
#1879 = AXIS2_PLACEMENT_3D('',#1880,#1881,#1882);
#1880 = CARTESIAN_POINT('',(-37.81143349771,-46.88249304365,9.));
#1881 = DIRECTION('',(0.,-1.,0.));
#1882 = DIRECTION('',(1.184237892934E-15,0.,1.));
#1883 = PCURVE('',#1814,#1884);
#1884 = DEFINITIONAL_REPRESENTATION('',(#1885),#1889);
#1885 = LINE('',#1886,#1887);
#1886 = CARTESIAN_POINT('',(0.,1.570796326795));
#1887 = VECTOR('',#1888,1.);
#1888 = DIRECTION('',(0.,1.));
#1889 = ( GEOMETRIC_REPRESENTATION_CONTEXT(2) 
PARAMETRIC_REPRESENTATION_CONTEXT() REPRESENTATION_CONTEXT('2D SPACE',''
  ) );
#1890 = PCURVE('',#1814,#1891);
#1891 = DEFINITIONAL_REPRESENTATION('',(#1892),#1896);
#1892 = LINE('',#1893,#1894);
#1893 = CARTESIAN_POINT('',(6.28318530718,1.570796326795));
#1894 = VECTOR('',#1895,1.);
#1895 = DIRECTION('',(0.,1.));
#1896 = ( GEOMETRIC_REPRESENTATION_CONTEXT(2) 
PARAMETRIC_REPRESENTATION_CONTEXT() REPRESENTATION_CONTEXT('2D SPACE',''
  ) );
#1897 = ORIENTED_EDGE('',*,*,#1797,.F.);
#1898 = ORIENTED_EDGE('',*,*,#1876,.F.);
#1899 = ADVANCED_FACE('',(#1900,#1972),#544,.T.);
#1900 = FACE_BOUND('',#1901,.T.);
#1901 = EDGE_LOOP('',(#1902,#1903,#1924,#1953));
#1902 = ORIENTED_EDGE('',*,*,#527,.F.);
#1903 = ORIENTED_EDGE('',*,*,#1904,.F.);
#1904 = EDGE_CURVE('',#1905,#500,#1907,.T.);
#1905 = VERTEX_POINT('',#1906);
#1906 = CARTESIAN_POINT('',(-107.2373184462,-67.47627384834,0.));
#1907 = SURFACE_CURVE('',#1908,(#1912,#1918),.PCURVE_S1.);
#1908 = LINE('',#1909,#1910);
#1909 = CARTESIAN_POINT('',(-107.2373184462,-67.47627384834,-0.5));
#1910 = VECTOR('',#1911,1.);
#1911 = DIRECTION('',(0.,0.,1.));
#1912 = PCURVE('',#544,#1913);
#1913 = DEFINITIONAL_REPRESENTATION('',(#1914),#1917);
#1914 = B_SPLINE_CURVE_WITH_KNOTS('',1,(#1915,#1916),.UNSPECIFIED.,.F.,
  .F.,(2,2),(-6.000000000173E-07,19.5000006),.PIECEWISE_BEZIER_KNOTS.);
#1915 = CARTESIAN_POINT('',(3.703223549573,-6.000000000173E-07));
#1916 = CARTESIAN_POINT('',(3.703223549573,19.5000006));
#1917 = ( GEOMETRIC_REPRESENTATION_CONTEXT(2) 
PARAMETRIC_REPRESENTATION_CONTEXT() REPRESENTATION_CONTEXT('2D SPACE',''
  ) );
#1918 = PCURVE('',#515,#1919);
#1919 = DEFINITIONAL_REPRESENTATION('',(#1920),#1923);
#1920 = B_SPLINE_CURVE_WITH_KNOTS('',1,(#1921,#1922),.UNSPECIFIED.,.F.,
  .F.,(2,2),(-6.000000000173E-07,19.5000006),.PIECEWISE_BEZIER_KNOTS.);
#1921 = CARTESIAN_POINT('',(-11.0000006,52.130448346147));
#1922 = CARTESIAN_POINT('',(8.5000006,52.130448346147));
#1923 = ( GEOMETRIC_REPRESENTATION_CONTEXT(2) 
PARAMETRIC_REPRESENTATION_CONTEXT() REPRESENTATION_CONTEXT('2D SPACE',''
  ) );
#1924 = ORIENTED_EDGE('',*,*,#1925,.T.);
#1925 = EDGE_CURVE('',#1905,#1926,#1928,.T.);
#1926 = VERTEX_POINT('',#1927);
#1927 = CARTESIAN_POINT('',(-92.58924872984,-86.48769287963,0.));
#1928 = SURFACE_CURVE('',#1929,(#1934,#1941),.PCURVE_S1.);
#1929 = CIRCLE('',#1930,126.7);
#1930 = AXIS2_PLACEMENT_3D('',#1931,#1932,#1933);
#1931 = CARTESIAN_POINT('',(0.,0.,0.));
#1932 = DIRECTION('',(0.,0.,1.));
#1933 = DIRECTION('',(1.,0.,-0.));
#1934 = PCURVE('',#544,#1935);
#1935 = DEFINITIONAL_REPRESENTATION('',(#1936),#1940);
#1936 = LINE('',#1937,#1938);
#1937 = CARTESIAN_POINT('',(0.,0.5));
#1938 = VECTOR('',#1939,1.);
#1939 = DIRECTION('',(1.,0.));
#1940 = ( GEOMETRIC_REPRESENTATION_CONTEXT(2) 
PARAMETRIC_REPRESENTATION_CONTEXT() REPRESENTATION_CONTEXT('2D SPACE',''
  ) );
#1941 = PCURVE('',#1942,#1947);
#1942 = PLANE('',#1943);
#1943 = AXIS2_PLACEMENT_3D('',#1944,#1945,#1946);
#1944 = CARTESIAN_POINT('',(-102.1434872767,-63.55153819492,0.));
#1945 = DIRECTION('',(0.,0.,1.));
#1946 = DIRECTION('',(-0.792142459637,-0.610336238184,0.));
#1947 = DEFINITIONAL_REPRESENTATION('',(#1948),#1952);
#1948 = CIRCLE('',#1949,126.7);
#1949 = AXIS2_PLACEMENT_2D('',#1950,#1951);
#1950 = CARTESIAN_POINT('',(-119.7,12.));
#1951 = DIRECTION('',(-0.792142459637,0.610336238184));
#1952 = ( GEOMETRIC_REPRESENTATION_CONTEXT(2) 
PARAMETRIC_REPRESENTATION_CONTEXT() REPRESENTATION_CONTEXT('2D SPACE',''
  ) );
#1953 = ORIENTED_EDGE('',*,*,#1954,.T.);
#1954 = EDGE_CURVE('',#1926,#528,#1955,.T.);
#1955 = SURFACE_CURVE('',#1956,(#1960,#1966),.PCURVE_S1.);
#1956 = LINE('',#1957,#1958);
#1957 = CARTESIAN_POINT('',(-92.58924872984,-86.48769287963,-0.5));
#1958 = VECTOR('',#1959,1.);
#1959 = DIRECTION('',(0.,0.,1.));
#1960 = PCURVE('',#544,#1961);
#1961 = DEFINITIONAL_REPRESENTATION('',(#1962),#1965);
#1962 = B_SPLINE_CURVE_WITH_KNOTS('',1,(#1963,#1964),.UNSPECIFIED.,.F.,
  .F.,(2,2),(-6.000000000173E-07,19.5000006),.PIECEWISE_BEZIER_KNOTS.);
#1963 = CARTESIAN_POINT('',(3.892931734329,-6.000000000173E-07));
#1964 = CARTESIAN_POINT('',(3.892931734329,19.5000006));
#1965 = ( GEOMETRIC_REPRESENTATION_CONTEXT(2) 
PARAMETRIC_REPRESENTATION_CONTEXT() REPRESENTATION_CONTEXT('2D SPACE',''
  ) );
#1966 = PCURVE('',#572,#1967);
#1967 = DEFINITIONAL_REPRESENTATION('',(#1968),#1971);
#1968 = B_SPLINE_CURVE_WITH_KNOTS('',1,(#1969,#1970),.UNSPECIFIED.,.F.,
  .F.,(2,2),(-6.000000000173E-07,19.5000006),.PIECEWISE_BEZIER_KNOTS.);
#1969 = CARTESIAN_POINT('',(-11.0000006,52.130448346147));
#1970 = CARTESIAN_POINT('',(8.5000006,52.130448346147));
#1971 = ( GEOMETRIC_REPRESENTATION_CONTEXT(2) 
PARAMETRIC_REPRESENTATION_CONTEXT() REPRESENTATION_CONTEXT('2D SPACE',''
  ) );
#1972 = FACE_BOUND('',#1973,.T.);
#1973 = EDGE_LOOP('',(#1974,#2008,#2209,#2241));
#1974 = ORIENTED_EDGE('',*,*,#1975,.T.);
#1975 = EDGE_CURVE('',#1976,#1978,#1980,.T.);
#1976 = VERTEX_POINT('',#1977);
#1977 = CARTESIAN_POINT('',(-100.670901853,-76.93022501008,2.43));
#1978 = VERTEX_POINT('',#1979);
#1979 = CARTESIAN_POINT('',(-101.3700137422,-76.00664651133,
    3.588299064212));
#1980 = SURFACE_CURVE('',#1981,(#1986,#1996),.PCURVE_S1.);
#1981 = ELLIPSE('',#1982,179.18085835267,126.7);
#1982 = AXIS2_PLACEMENT_3D('',#1983,#1984,#1985);
#1983 = CARTESIAN_POINT('',(0.,0.,1.926598128423));
#1984 = DIRECTION('',(-0.431572892823,0.560129304875,-0.707106781187));
#1985 = DIRECTION('',(-0.431572892823,0.560129304875,0.707106781187));
#1986 = PCURVE('',#544,#1987);
#1987 = DEFINITIONAL_REPRESENTATION('',(#1988),#1995);
#1988 = B_SPLINE_CURVE_WITH_KNOTS('',5,(#1989,#1990,#1991,#1992,#1993,
    #1994),.UNSPECIFIED.,.F.,.F.,(6,6),(4.715447958835,4.726418886919),
  .PIECEWISE_BEZIER_KNOTS.);
#1989 = CARTESIAN_POINT('',(3.795018663501,2.814170093579));
#1990 = CARTESIAN_POINT('',(3.792824477884,3.092172110553));
#1991 = CARTESIAN_POINT('',(3.790630292267,3.370171795095));
#1992 = CARTESIAN_POINT('',(3.78843610665,3.648166358815));
#1993 = CARTESIAN_POINT('',(3.786241921033,3.92615301337));
#1994 = CARTESIAN_POINT('',(3.784047735416,4.204128970633));
#1995 = ( GEOMETRIC_REPRESENTATION_CONTEXT(2) 
PARAMETRIC_REPRESENTATION_CONTEXT() REPRESENTATION_CONTEXT('2D SPACE',''
  ) );
#1996 = PCURVE('',#1997,#2002);
#1997 = PLANE('',#1998);
#1998 = AXIS2_PLACEMENT_3D('',#1999,#2000,#2001);
#1999 = CARTESIAN_POINT('',(-91.9581269846,-70.21713676109,2.43));
#2000 = DIRECTION('',(-0.431572892823,0.560129304875,-0.707106781187));
#2001 = DIRECTION('',(-0.431572892823,0.560129304875,0.707106781187));
#2002 = DEFINITIONAL_REPRESENTATION('',(#2003),#2007);
#2003 = ELLIPSE('',#2004,179.18085835267,126.7);
#2004 = AXIS2_PLACEMENT_2D('',#2005,#2006);
#2005 = CARTESIAN_POINT('',(-0.711917754108,115.7));
#2006 = DIRECTION('',(1.,0.));
#2007 = ( GEOMETRIC_REPRESENTATION_CONTEXT(2) 
PARAMETRIC_REPRESENTATION_CONTEXT() REPRESENTATION_CONTEXT('2D SPACE',''
  ) );
#2008 = ORIENTED_EDGE('',*,*,#2009,.T.);
#2009 = EDGE_CURVE('',#1978,#2010,#2012,.T.);
#2010 = VERTEX_POINT('',#2011);
#2011 = CARTESIAN_POINT('',(-99.34162114596,-78.63925424425,
    3.588299064212));
#2012 = SURFACE_CURVE('',#2013,(#2058,#2131),.PCURVE_S1.);
#2013 = B_SPLINE_CURVE_WITH_KNOTS('',8,(#2014,#2015,#2016,#2017,#2018,
    #2019,#2020,#2021,#2022,#2023,#2024,#2025,#2026,#2027,#2028,#2029,
    #2030,#2031,#2032,#2033,#2034,#2035,#2036,#2037,#2038,#2039,#2040,
    #2041,#2042,#2043,#2044,#2045,#2046,#2047,#2048,#2049,#2050,#2051,
    #2052,#2053,#2054,#2055,#2056,#2057),.UNSPECIFIED.,.F.,.F.,(9,7,7,7,
    7,7,9),(0.,1.,2.10865679622,3.052593949841,3.662419355051,
    4.333258584552,5.063023628941),.UNSPECIFIED.);
#2014 = CARTESIAN_POINT('',(-101.3700137422,-76.00664651133,
    3.588299064212));
#2015 = CARTESIAN_POINT('',(-101.4766765451,-75.86439040219,
    3.766086342323));
#2016 = CARTESIAN_POINT('',(-101.5661178189,-75.74462726068,
    3.959021651949));
#2017 = CARTESIAN_POINT('',(-101.6391462421,-75.6465437506,
    4.162611828302));
#2018 = CARTESIAN_POINT('',(-101.6965828806,-75.56923336174,
    4.373585935954));
#2019 = CARTESIAN_POINT('',(-101.7391417558,-75.51186724299,
    4.589518282358));
#2020 = CARTESIAN_POINT('',(-101.7673481648,-75.47381935371,
    4.808548750864));
#2021 = CARTESIAN_POINT('',(-101.7814746693,-75.45476402544,
    5.029163615531));
#2022 = CARTESIAN_POINT('',(-101.7814746693,-75.45476402544,
    5.494831758494));
#2023 = CARTESIAN_POINT('',(-101.7641106954,-75.47818635233,
    5.739308792767));
#2024 = CARTESIAN_POINT('',(-101.7294720752,-75.52491087593,
    5.981659386945));
#2025 = CARTESIAN_POINT('',(-101.6771104643,-75.59547839547,
    6.219890910433));
#2026 = CARTESIAN_POINT('',(-101.6062197315,-75.69085271322,
    6.451323864766));
#2027 = CARTESIAN_POINT('',(-101.515745695,-75.81224879053,
    6.672306339035));
#2028 = CARTESIAN_POINT('',(-101.4045416922,-75.960896535,6.877822172188
    ));
#2029 = CARTESIAN_POINT('',(-101.1585693982,-76.28806767927,
    7.216417928021));
#2030 = CARTESIAN_POINT('',(-101.0256015965,-76.46439816356,
    7.361444370388));
#2031 = CARTESIAN_POINT('',(-100.874553798,-76.66392247769,
    7.483242724516));
#2032 = CARTESIAN_POINT('',(-100.7088828263,-76.88169399713,
    7.572373006918));
#2033 = CARTESIAN_POINT('',(-100.5334695403,-77.11094747624,
    7.622524401651));
#2034 = CARTESIAN_POINT('',(-100.3540377104,-77.34405693234,
    7.63067108748));
#2035 = CARTESIAN_POINT('',(-100.1765898269,-77.57330355492,
    7.597219212619));
#2036 = CARTESIAN_POINT('',(-99.89692463926,-77.93283266688,
    7.480269752632));
#2037 = CARTESIAN_POINT('',(-99.78946083794,-78.07051539063,
    7.418321886562));
#2038 = CARTESIAN_POINT('',(-99.68535259678,-78.20345248094,
    7.340760133242));
#2039 = CARTESIAN_POINT('',(-99.58562548597,-78.33038724952,
    7.248229209159));
#2040 = CARTESIAN_POINT('',(-99.49125935609,-78.45014093212,
    7.14157141952));
#2041 = CARTESIAN_POINT('',(-99.40317085189,-78.56162882497,
    7.021813296142));
#2042 = CARTESIAN_POINT('',(-99.32219420247,-78.6638772346,
    6.890152698214));
#2043 = CARTESIAN_POINT('',(-99.16860923028,-78.85742637602,
    6.591512126254));
#2044 = CARTESIAN_POINT('',(-99.09763813244,-78.94662176071,
    6.422295483696));
#2045 = CARTESIAN_POINT('',(-99.03711899111,-79.02250368592,
    6.242086939337));
#2046 = CARTESIAN_POINT('',(-98.98785883607,-79.08415580333,
    6.05286917986));
#2047 = CARTESIAN_POINT('',(-98.95048349987,-79.13087543487,
    5.856776596098));
#2048 = CARTESIAN_POINT('',(-98.92542240232,-79.16218286063,
    5.65605411126));
#2049 = CARTESIAN_POINT('',(-98.91289434987,-79.17783358573,
    5.453015328809));
#2050 = CARTESIAN_POINT('',(-98.91289434987,-79.17783358573,
    5.029152017465));
#2051 = CARTESIAN_POINT('',(-98.92772002725,-79.15931258908,
    4.808531056835));
#2052 = CARTESIAN_POINT('',(-98.9573175961,-79.122337911,4.589512510235)
  );
#2053 = CARTESIAN_POINT('',(-99.00193648255,-79.06655786128,
    4.373583475963));
#2054 = CARTESIAN_POINT('',(-99.06204506651,-78.99130872549,
    4.16261088507));
#2055 = CARTESIAN_POINT('',(-99.13826182506,-78.89568993523,
    3.959029560513));
#2056 = CARTESIAN_POINT('',(-99.2312621543,-78.77866605893,
    3.766089173816));
#2057 = CARTESIAN_POINT('',(-99.34162114596,-78.63925424425,
    3.588299064212));
#2058 = PCURVE('',#544,#2059);
#2059 = DEFINITIONAL_REPRESENTATION('',(#2060),#2130);
#2060 = B_SPLINE_CURVE_WITH_KNOTS('',3,(#2061,#2062,#2063,#2064,#2065,
    #2066,#2067,#2068,#2069,#2070,#2071,#2072,#2073,#2074,#2075,#2076,
    #2077,#2078,#2079,#2080,#2081,#2082,#2083,#2084,#2085,#2086,#2087,
    #2088,#2089,#2090,#2091,#2092,#2093,#2094,#2095,#2096,#2097,#2098,
    #2099,#2100,#2101,#2102,#2103,#2104,#2105,#2106,#2107,#2108,#2109,
    #2110,#2111,#2112,#2113,#2114,#2115,#2116,#2117,#2118,#2119,#2120,
    #2121,#2122,#2123,#2124,#2125,#2126,#2127,#2128,#2129),
  .UNSPECIFIED.,.F.,.F.,(4,1,1,1,1,1,1,1,1,1,1,1,1,1,1,1,1,1,1,1,1,1,1,1
    ,1,1,1,1,1,1,1,1,1,1,1,1,1,1,1,1,1,1,1,1,1,1,1,1,1,1,1,1,1,1,1,1,1,1
    ,1,1,1,1,1,1,1,1,4),(0.,7.671247922638E-02,0.153424958453,
    0.230137437679,0.306849916906,0.383562396132,0.460274875358,
    0.536987354585,0.613699833811,0.690412313037,0.767124792264,
    0.84383727149,0.920549750717,0.997262229943,1.073974709169,
    1.150687188396,1.227399667622,1.304112146848,1.380824626075,
    1.457537105301,1.534249584528,1.610962063754,1.68767454298,
    1.764387022207,1.841099501433,1.917811980659,1.994524459886,
    2.071236939112,2.147949418339,2.224661897565,2.301374376791,
    2.378086856018,2.454799335244,2.53151181447,2.608224293697,
    2.684936772923,2.76164925215,2.838361731376,2.915074210602,
    2.991786689829,3.068499169055,3.145211648282,3.221924127508,
    3.298636606734,3.375349085961,3.452061565187,3.528774044413,
    3.60548652364,3.682199002866,3.758911482093,3.835623961319,
    3.912336440545,3.989048919772,4.065761398998,4.142473878224,
    4.219186357451,4.295898836677,4.372611315904,4.44932379513,
    4.526036274356,4.602748753583,4.679461232809,4.756173712035,
    4.832886191262,4.909598670488,4.986311149715,5.063023628941),
  .QUASI_UNIFORM_KNOTS.);
#2061 = CARTESIAN_POINT('',(3.784962025711,4.088299064212));
#2062 = CARTESIAN_POINT('',(3.784674949874,4.124673684914));
#2063 = CARTESIAN_POINT('',(3.784125360024,4.199066711666));
#2064 = CARTESIAN_POINT('',(3.783373280671,4.315010470176));
#2065 = CARTESIAN_POINT('',(3.782692121983,4.434707881461));
#2066 = CARTESIAN_POINT('',(3.782080515649,4.557640377716));
#2067 = CARTESIAN_POINT('',(3.781537136172,4.683335687198));
#2068 = CARTESIAN_POINT('',(3.781060723885,4.811370367679));
#2069 = CARTESIAN_POINT('',(3.780650107073,4.94136250769));
#2070 = CARTESIAN_POINT('',(3.780304222716,5.072967363169));
#2071 = CARTESIAN_POINT('',(3.780022136131,5.205872787108));
#2072 = CARTESIAN_POINT('',(3.779803059671,5.339794114899));
#2073 = CARTESIAN_POINT('',(3.779646370352,5.474472857657));
#2074 = CARTESIAN_POINT('',(3.779551627537,5.609661992385));
#2075 = CARTESIAN_POINT('',(3.77951858713,5.745162201922));
#2076 = CARTESIAN_POINT('',(3.779547226074,5.880668724708));
#2077 = CARTESIAN_POINT('',(3.779637536646,6.015861440668));
#2078 = CARTESIAN_POINT('',(3.779789739579,6.150557344219));
#2079 = CARTESIAN_POINT('',(3.780004269511,6.284515741337));
#2080 = CARTESIAN_POINT('',(3.78028175039,6.417484820923));
#2081 = CARTESIAN_POINT('',(3.780622974227,6.549183923121));
#2082 = CARTESIAN_POINT('',(3.781028878987,6.679303121988));
#2083 = CARTESIAN_POINT('',(3.781500526565,6.807498160735));
#2084 = CARTESIAN_POINT('',(3.782039078712,6.933386442526));
#2085 = CARTESIAN_POINT('',(3.782645776049,7.056542699989));
#2086 = CARTESIAN_POINT('',(3.783321899159,7.176493621057));
#2087 = CARTESIAN_POINT('',(3.784068788219,7.292715170801));
#2088 = CARTESIAN_POINT('',(3.784887633757,7.404617846288));
#2089 = CARTESIAN_POINT('',(3.785780109255,7.511574649933));
#2090 = CARTESIAN_POINT('',(3.786745847582,7.612786875681));
#2091 = CARTESIAN_POINT('',(3.787806787122,7.709225975291));
#2092 = CARTESIAN_POINT('',(3.788953684364,7.798446215794));
#2093 = CARTESIAN_POINT('',(3.790179738704,7.878756213127));
#2094 = CARTESIAN_POINT('',(3.791475786857,7.948554856327));
#2095 = CARTESIAN_POINT('',(3.792831785545,8.006512093908));
#2096 = CARTESIAN_POINT('',(3.794236623188,8.051523899333));
#2097 = CARTESIAN_POINT('',(3.795678397263,8.082727900459));
#2098 = CARTESIAN_POINT('',(3.797144551741,8.099503935652));
#2099 = CARTESIAN_POINT('',(3.798622145966,8.1014755955));
#2100 = CARTESIAN_POINT('',(3.800097764851,8.088523921524));
#2101 = CARTESIAN_POINT('',(3.801558753107,8.060752262618));
#2102 = CARTESIAN_POINT('',(3.802989530389,8.018634935373));
#2103 = CARTESIAN_POINT('',(3.804387560295,7.962435471672));
#2104 = CARTESIAN_POINT('',(3.805746746602,7.892400100429));
#2105 = CARTESIAN_POINT('',(3.807057899055,7.808994727146));
#2106 = CARTESIAN_POINT('',(3.808313035874,7.712731877516));
#2107 = CARTESIAN_POINT('',(3.809504280988,7.604213364194));
#2108 = CARTESIAN_POINT('',(3.8106242079,7.484115718257));
#2109 = CARTESIAN_POINT('',(3.81166580895,7.353189060557));
#2110 = CARTESIAN_POINT('',(3.812622523081,7.212259670673));
#2111 = CARTESIAN_POINT('',(3.813488430834,7.062201351071));
#2112 = CARTESIAN_POINT('',(3.814258119805,6.903951453481));
#2113 = CARTESIAN_POINT('',(3.814926779622,6.738499385714));
#2114 = CARTESIAN_POINT('',(3.815490242132,6.566876638799));
#2115 = CARTESIAN_POINT('',(3.815944992467,6.390153014304));
#2116 = CARTESIAN_POINT('',(3.816288188754,6.209429256117));
#2117 = CARTESIAN_POINT('',(3.816517679992,6.025837680195));
#2118 = CARTESIAN_POINT('',(3.816632026215,5.840514223947));
#2119 = CARTESIAN_POINT('',(3.816630514867,5.654676635127));
#2120 = CARTESIAN_POINT('',(3.816513197485,5.469317931356));
#2121 = CARTESIAN_POINT('',(3.816279575031,5.284929663788));
#2122 = CARTESIAN_POINT('',(3.815928394942,5.102159570842));
#2123 = CARTESIAN_POINT('',(3.815457799811,4.921704666923));
#2124 = CARTESIAN_POINT('',(3.814865395039,4.744366045299));
#2125 = CARTESIAN_POINT('',(3.814148342319,4.57105860552));
#2126 = CARTESIAN_POINT('',(3.813303453397,4.402843051676));
#2127 = CARTESIAN_POINT('',(3.812327298556,4.240922334186));
#2128 = CARTESIAN_POINT('',(3.811586643944,4.13815495557));
#2129 = CARTESIAN_POINT('',(3.81119325819,4.088299064212));
#2130 = ( GEOMETRIC_REPRESENTATION_CONTEXT(2) 
PARAMETRIC_REPRESENTATION_CONTEXT() REPRESENTATION_CONTEXT('2D SPACE',''
  ) );
#2131 = PCURVE('',#2132,#2137);
#2132 = CYLINDRICAL_SURFACE('',#2133,2.35);
#2133 = AXIS2_PLACEMENT_3D('',#2134,#2135,#2136);
#2134 = CARTESIAN_POINT('',(-91.65088258001,-70.61590275783,5.25));
#2135 = DIRECTION('',(0.792142459637,0.610336238184,0.));
#2136 = DIRECTION('',(-0.610336238184,0.792142459637,0.));
#2137 = DEFINITIONAL_REPRESENTATION('',(#2138),#2208);
#2138 = B_SPLINE_CURVE_WITH_KNOTS('',3,(#2139,#2140,#2141,#2142,#2143,
    #2144,#2145,#2146,#2147,#2148,#2149,#2150,#2151,#2152,#2153,#2154,
    #2155,#2156,#2157,#2158,#2159,#2160,#2161,#2162,#2163,#2164,#2165,
    #2166,#2167,#2168,#2169,#2170,#2171,#2172,#2173,#2174,#2175,#2176,
    #2177,#2178,#2179,#2180,#2181,#2182,#2183,#2184,#2185,#2186,#2187,
    #2188,#2189,#2190,#2191,#2192,#2193,#2194,#2195,#2196,#2197,#2198,
    #2199,#2200,#2201,#2202,#2203,#2204,#2205,#2206,#2207),
  .UNSPECIFIED.,.F.,.F.,(4,1,1,1,1,1,1,1,1,1,1,1,1,1,1,1,1,1,1,1,1,1,1,1
    ,1,1,1,1,1,1,1,1,1,1,1,1,1,1,1,1,1,1,1,1,1,1,1,1,1,1,1,1,1,1,1,1,1,1
    ,1,1,1,1,1,1,1,1,4),(0.,7.671247922638E-02,0.153424958453,
    0.230137437679,0.306849916906,0.383562396132,0.460274875358,
    0.536987354585,0.613699833811,0.690412313037,0.767124792264,
    0.84383727149,0.920549750717,0.997262229943,1.073974709169,
    1.150687188396,1.227399667622,1.304112146848,1.380824626075,
    1.457537105301,1.534249584528,1.610962063754,1.68767454298,
    1.764387022207,1.841099501433,1.917811980659,1.994524459886,
    2.071236939112,2.147949418339,2.224661897565,2.301374376791,
    2.378086856018,2.454799335244,2.53151181447,2.608224293697,
    2.684936772923,2.76164925215,2.838361731376,2.915074210602,
    2.991786689829,3.068499169055,3.145211648282,3.221924127508,
    3.298636606734,3.375349085961,3.452061565187,3.528774044413,
    3.60548652364,3.682199002866,3.758911482093,3.835623961319,
    3.912336440545,3.989048919772,4.065761398998,4.142473878224,
    4.219186357451,4.295898836677,4.372611315904,4.44932379513,
    4.526036274356,4.602748753583,4.679461232809,4.756173712035,
    4.832886191262,4.909598670488,4.986311149715,5.063023628941),
  .QUASI_UNIFORM_KNOTS.);
#2139 = CARTESIAN_POINT('',(5.497787143782,-10.98910272789));
#2140 = CARTESIAN_POINT('',(5.519673285292,-10.98862548379));
#2141 = CARTESIAN_POINT('',(5.563012524636,-10.98768128706));
#2142 = CARTESIAN_POINT('',(5.62683814444,-10.98631361304));
#2143 = CARTESIAN_POINT('',(5.689599134595,-10.9850132556));
#2144 = CARTESIAN_POINT('',(5.751404592558,-10.98379558936));
#2145 = CARTESIAN_POINT('',(5.812359437439,-10.98267404425));
#2146 = CARTESIAN_POINT('',(5.872564622576,-10.98165996851));
#2147 = CARTESIAN_POINT('',(5.932118420439,-10.98076289301));
#2148 = CARTESIAN_POINT('',(5.991117181631,-10.97999067992));
#2149 = CARTESIAN_POINT('',(6.049656212367,-10.97934969038));
#2150 = CARTESIAN_POINT('',(6.107830182812,-10.97884493134));
#2151 = CARTESIAN_POINT('',(6.165735108643,-10.97848018786));
#2152 = CARTESIAN_POINT('',(6.223464605894,-10.97825813681));
#2153 = CARTESIAN_POINT('',(6.281127806289,-10.97818043388));
#2154 = CARTESIAN_POINT('',(6.338786864919,-10.97824779188));
#2155 = CARTESIAN_POINT('',(6.396497266682,-10.97845952966));
#2156 = CARTESIAN_POINT('',(6.454374690292,-10.978814045));
#2157 = CARTESIAN_POINT('',(6.512514922414,-10.97930875384));
#2158 = CARTESIAN_POINT('',(6.571016212742,-10.97993998621));
#2159 = CARTESIAN_POINT('',(6.62997424878,-10.98070286403));
#2160 = CARTESIAN_POINT('',(6.689484477657,-10.98159115894));
#2161 = CARTESIAN_POINT('',(6.749642505008,-10.98259713551));
#2162 = CARTESIAN_POINT('',(6.810544991269,-10.98371138203));
#2163 = CARTESIAN_POINT('',(6.872290699858,-10.98492263801));
#2164 = CARTESIAN_POINT('',(6.934980746884,-10.98621760146));
#2165 = CARTESIAN_POINT('',(6.998722334439,-10.98758079774));
#2166 = CARTESIAN_POINT('',(7.063619997913,-10.98899422159));
#2167 = CARTESIAN_POINT('',(7.129814271193,-10.99043784734));
#2168 = CARTESIAN_POINT('',(7.197344554879,-10.99188693765));
#2169 = CARTESIAN_POINT('',(7.267697684114,-10.9933430378));
#2170 = CARTESIAN_POINT('',(7.340207273107,-10.99475612163));
#2171 = CARTESIAN_POINT('',(7.414567863379,-10.99608209738));
#2172 = CARTESIAN_POINT('',(7.490438264559,-10.99727614749));
#2173 = CARTESIAN_POINT('',(7.567536091989,-10.99829701779));
#2174 = CARTESIAN_POINT('',(7.645601826476,-10.99910826752));
#2175 = CARTESIAN_POINT('',(7.724399304816,-10.99968010159));
#2176 = CARTESIAN_POINT('',(7.803706030016,-10.99999073143));
#2177 = CARTESIAN_POINT('',(7.88331175459,-11.00002738762));
#2178 = CARTESIAN_POINT('',(7.962996766414,-10.99978716318));
#2179 = CARTESIAN_POINT('',(8.042584220837,-10.99927655279));
#2180 = CARTESIAN_POINT('',(8.121716276899,-10.99851383913));
#2181 = CARTESIAN_POINT('',(8.200731058217,-10.99751794083));
#2182 = CARTESIAN_POINT('',(8.279776370651,-10.99631179366));
#2183 = CARTESIAN_POINT('',(8.358812524751,-10.99492599493));
#2184 = CARTESIAN_POINT('',(8.437851004788,-10.99339494996));
#2185 = CARTESIAN_POINT('',(8.516889774162,-10.99175684281));
#2186 = CARTESIAN_POINT('',(8.595929664736,-10.99005249893));
#2187 = CARTESIAN_POINT('',(8.674970071992,-10.9883244394));
#2188 = CARTESIAN_POINT('',(8.754006254344,-10.98661586059));
#2189 = CARTESIAN_POINT('',(8.833042176995,-10.98496927765));
#2190 = CARTESIAN_POINT('',(8.912077563999,-10.98342574043));
#2191 = CARTESIAN_POINT('',(8.991111859894,-10.98202376249));
#2192 = CARTESIAN_POINT('',(9.070145853463,-10.98079829274));
#2193 = CARTESIAN_POINT('',(9.149180308342,-10.97977987202));
#2194 = CARTESIAN_POINT('',(9.228216281678,-10.97899389038));
#2195 = CARTESIAN_POINT('',(9.30725201098,-10.97845996595));
#2196 = CARTESIAN_POINT('',(9.386291831099,-10.97819144572));
#2197 = CARTESIAN_POINT('',(9.465310045868,-10.97819500637));
#2198 = CARTESIAN_POINT('',(9.544377396581,-10.97847046385));
#2199 = CARTESIAN_POINT('',(9.62378219247,-10.97901382198));
#2200 = CARTESIAN_POINT('',(9.703763530544,-10.97981760598));
#2201 = CARTESIAN_POINT('',(9.784568724359,-10.98087025773));
#2202 = CARTESIAN_POINT('',(9.866442479305,-10.98215554929));
#2203 = CARTESIAN_POINT('',(9.949634334338,-10.98365193849));
#2204 = CARTESIAN_POINT('',(10.034402555196,-10.98533148114));
#2205 = CARTESIAN_POINT('',(10.121016024686,-10.98716006582));
#2206 = CARTESIAN_POINT('',(10.180186077644,-10.9884483159));
#2207 = CARTESIAN_POINT('',(10.210176124167,-10.98910272789));
#2208 = ( GEOMETRIC_REPRESENTATION_CONTEXT(2) 
PARAMETRIC_REPRESENTATION_CONTEXT() REPRESENTATION_CONTEXT('2D SPACE',''
  ) );
#2209 = ORIENTED_EDGE('',*,*,#2210,.T.);
#2210 = EDGE_CURVE('',#2010,#2211,#2213,.T.);
#2211 = VERTEX_POINT('',#2212);
#2212 = CARTESIAN_POINT('',(-100.0564130438,-77.72775700356,2.43));
#2213 = SURFACE_CURVE('',#2214,(#2219,#2229),.PCURVE_S1.);
#2214 = ELLIPSE('',#2215,179.18085835267,126.7);
#2215 = AXIS2_PLACEMENT_3D('',#2216,#2217,#2218);
#2216 = CARTESIAN_POINT('',(0.,0.,1.926598128423));
#2217 = DIRECTION('',(0.431572892823,-0.560129304875,-0.707106781187));
#2218 = DIRECTION('',(0.431572892823,-0.560129304875,0.707106781187));
#2219 = PCURVE('',#544,#2220);
#2220 = DEFINITIONAL_REPRESENTATION('',(#2221),#2228);
#2221 = B_SPLINE_CURVE_WITH_KNOTS('',5,(#2222,#2223,#2224,#2225,#2226,
    #2227),.UNSPECIFIED.,.F.,.F.,(6,6),(1.556766420261,1.567737348345),
  .PIECEWISE_BEZIER_KNOTS.);
#2222 = CARTESIAN_POINT('',(3.812107548485,4.204128970633));
#2223 = CARTESIAN_POINT('',(3.809913362868,3.92615301337));
#2224 = CARTESIAN_POINT('',(3.807719177251,3.648166358815));
#2225 = CARTESIAN_POINT('',(3.805524991634,3.370171795095));
#2226 = CARTESIAN_POINT('',(3.803330806017,3.092172110553));
#2227 = CARTESIAN_POINT('',(3.801136620401,2.814170093579));
#2228 = ( GEOMETRIC_REPRESENTATION_CONTEXT(2) 
PARAMETRIC_REPRESENTATION_CONTEXT() REPRESENTATION_CONTEXT('2D SPACE',''
  ) );
#2229 = PCURVE('',#2230,#2235);
#2230 = PLANE('',#2231);
#2231 = AXIS2_PLACEMENT_3D('',#2232,#2233,#2234);
#2232 = CARTESIAN_POINT('',(-90.63668628188,-71.93220662429,
    3.588299064212));
#2233 = DIRECTION('',(0.431572892823,-0.560129304875,-0.707106781187));
#2234 = DIRECTION('',(-0.431572892823,0.560129304875,-0.707106781187));
#2235 = DEFINITIONAL_REPRESENTATION('',(#2236),#2240);
#2236 = ELLIPSE('',#2237,179.18085835267,126.7);
#2237 = AXIS2_PLACEMENT_2D('',#2238,#2239);
#2238 = CARTESIAN_POINT('',(2.35,115.7));
#2239 = DIRECTION('',(-1.,0.));
#2240 = ( GEOMETRIC_REPRESENTATION_CONTEXT(2) 
PARAMETRIC_REPRESENTATION_CONTEXT() REPRESENTATION_CONTEXT('2D SPACE',''
  ) );
#2241 = ORIENTED_EDGE('',*,*,#2242,.F.);
#2242 = EDGE_CURVE('',#1976,#2211,#2243,.T.);
#2243 = SURFACE_CURVE('',#2244,(#2249,#2256),.PCURVE_S1.);
#2244 = CIRCLE('',#2245,126.7);
#2245 = AXIS2_PLACEMENT_3D('',#2246,#2247,#2248);
#2246 = CARTESIAN_POINT('',(0.,0.,2.43));
#2247 = DIRECTION('',(0.,0.,1.));
#2248 = DIRECTION('',(1.,0.,-0.));
#2249 = PCURVE('',#544,#2250);
#2250 = DEFINITIONAL_REPRESENTATION('',(#2251),#2255);
#2251 = LINE('',#2252,#2253);
#2252 = CARTESIAN_POINT('',(0.,2.93));
#2253 = VECTOR('',#2254,1.);
#2254 = DIRECTION('',(1.,0.));
#2255 = ( GEOMETRIC_REPRESENTATION_CONTEXT(2) 
PARAMETRIC_REPRESENTATION_CONTEXT() REPRESENTATION_CONTEXT('2D SPACE',''
  ) );
#2256 = PCURVE('',#2257,#2262);
#2257 = PLANE('',#2258);
#2258 = AXIS2_PLACEMENT_3D('',#2259,#2260,#2261);
#2259 = CARTESIAN_POINT('',(-91.34363817542,-71.01466875457,2.43));
#2260 = DIRECTION('',(0.,-0.,-1.));
#2261 = DIRECTION('',(-0.610336238184,0.792142459637,0.));
#2262 = DEFINITIONAL_REPRESENTATION('',(#2263),#2271);
#2263 = ( BOUNDED_CURVE() B_SPLINE_CURVE(2,(#2264,#2265,#2266,#2267,
#2268,#2269,#2270),.UNSPECIFIED.,.T.,.F.) B_SPLINE_CURVE_WITH_KNOTS((1,2
    ,2,2,2,1),(-2.094395102393,0.,2.094395102393,4.188790204786,
6.28318530718,8.377580409573),.UNSPECIFIED.) CURVE() 
GEOMETRIC_REPRESENTATION_ITEM() RATIONAL_B_SPLINE_CURVE((1.,0.5,1.,0.5,
1.,0.5,1.)) REPRESENTATION_ITEM('') );
#2264 = CARTESIAN_POINT('',(-76.82619950627,216.06444963602));
#2265 = CARTESIAN_POINT('',(97.010126537005,350.00324815151));
#2266 = CARTESIAN_POINT('',(126.08636558214,132.48717443973));
#2267 = CARTESIAN_POINT('',(155.16260462728,-85.02889927205));
#2268 = CARTESIAN_POINT('',(-47.74996046113,-1.451624075758));
#2269 = CARTESIAN_POINT('',(-250.6625255495,82.125651120533));
#2270 = CARTESIAN_POINT('',(-76.82619950627,216.06444963602));
#2271 = ( GEOMETRIC_REPRESENTATION_CONTEXT(2) 
PARAMETRIC_REPRESENTATION_CONTEXT() REPRESENTATION_CONTEXT('2D SPACE',''
  ) );
#2272 = ADVANCED_FACE('',(#2273),#2257,.F.);
#2273 = FACE_BOUND('',#2274,.F.);
#2274 = EDGE_LOOP('',(#2275,#2303,#2324,#2325));
#2275 = ORIENTED_EDGE('',*,*,#2276,.T.);
#2276 = EDGE_CURVE('',#2277,#2279,#2281,.T.);
#2277 = VERTEX_POINT('',#2278);
#2278 = CARTESIAN_POINT('',(-95.12669682315,-72.65848171383,2.43));
#2279 = VERTEX_POINT('',#2280);
#2280 = CARTESIAN_POINT('',(-94.51220801397,-73.4560137073,2.43));
#2281 = SURFACE_CURVE('',#2282,(#2286,#2292),.PCURVE_S1.);
#2282 = LINE('',#2283,#2284);
#2283 = CARTESIAN_POINT('',(-98.32784764537,-68.50377595111,2.43));
#2284 = VECTOR('',#2285,1.);
#2285 = DIRECTION('',(0.610336238184,-0.792142459637,0.));
#2286 = PCURVE('',#2257,#2287);
#2287 = DEFINITIONAL_REPRESENTATION('',(#2288),#2291);
#2288 = B_SPLINE_CURVE_WITH_KNOTS('',1,(#2289,#2290),.UNSPECIFIED.,.F.,
  .F.,(2,2),(5.244897192635,6.251700935788),.PIECEWISE_BEZIER_KNOTS.);
#2289 = CARTESIAN_POINT('',(1.006803743154,-4.));
#2290 = CARTESIAN_POINT('',(-6.217248937901E-15,-4.));
#2291 = ( GEOMETRIC_REPRESENTATION_CONTEXT(2) 
PARAMETRIC_REPRESENTATION_CONTEXT() REPRESENTATION_CONTEXT('2D SPACE',''
  ) );
#2292 = PCURVE('',#2293,#2298);
#2293 = PLANE('',#2294);
#2294 = AXIS2_PLACEMENT_3D('',#2295,#2296,#2297);
#2295 = CARTESIAN_POINT('',(-102.1434872767,-63.55153819492,0.));
#2296 = DIRECTION('',(-0.792142459637,-0.610336238184,0.));
#2297 = DIRECTION('',(0.,0.,1.));
#2298 = DEFINITIONAL_REPRESENTATION('',(#2299),#2302);
#2299 = B_SPLINE_CURVE_WITH_KNOTS('',1,(#2300,#2301),.UNSPECIFIED.,.F.,
  .F.,(2,2),(5.244897192635,6.251700935788),.PIECEWISE_BEZIER_KNOTS.);
#2300 = CARTESIAN_POINT('',(2.43,-11.49659812842));
#2301 = CARTESIAN_POINT('',(2.43,-12.50340187157));
#2302 = ( GEOMETRIC_REPRESENTATION_CONTEXT(2) 
PARAMETRIC_REPRESENTATION_CONTEXT() REPRESENTATION_CONTEXT('2D SPACE',''
  ) );
#2303 = ORIENTED_EDGE('',*,*,#2304,.T.);
#2304 = EDGE_CURVE('',#2279,#2211,#2305,.T.);
#2305 = SURFACE_CURVE('',#2306,(#2310,#2317),.PCURVE_S1.);
#2306 = LINE('',#2307,#2308);
#2307 = CARTESIAN_POINT('',(-91.34363817542,-71.01466875457,2.43));
#2308 = VECTOR('',#2309,1.);
#2309 = DIRECTION('',(-0.792142459637,-0.610336238184,0.));
#2310 = PCURVE('',#2257,#2311);
#2311 = DEFINITIONAL_REPRESENTATION('',(#2312),#2316);
#2312 = LINE('',#2313,#2314);
#2313 = CARTESIAN_POINT('',(0.,0.));
#2314 = VECTOR('',#2315,1.);
#2315 = DIRECTION('',(0.,-1.));
#2316 = ( GEOMETRIC_REPRESENTATION_CONTEXT(2) 
PARAMETRIC_REPRESENTATION_CONTEXT() REPRESENTATION_CONTEXT('2D SPACE',''
  ) );
#2317 = PCURVE('',#2230,#2318);
#2318 = DEFINITIONAL_REPRESENTATION('',(#2319),#2323);
#2319 = LINE('',#2320,#2321);
#2320 = CARTESIAN_POINT('',(1.638082245892,4.107825191113E-15));
#2321 = VECTOR('',#2322,1.);
#2322 = DIRECTION('',(0.,-1.));
#2323 = ( GEOMETRIC_REPRESENTATION_CONTEXT(2) 
PARAMETRIC_REPRESENTATION_CONTEXT() REPRESENTATION_CONTEXT('2D SPACE',''
  ) );
#2324 = ORIENTED_EDGE('',*,*,#2242,.F.);
#2325 = ORIENTED_EDGE('',*,*,#2326,.F.);
#2326 = EDGE_CURVE('',#2277,#1976,#2327,.T.);
#2327 = SURFACE_CURVE('',#2328,(#2332,#2339),.PCURVE_S1.);
#2328 = LINE('',#2329,#2330);
#2329 = CARTESIAN_POINT('',(-91.9581269846,-70.21713676109,2.43));
#2330 = VECTOR('',#2331,1.);
#2331 = DIRECTION('',(-0.792142459637,-0.610336238184,0.));
#2332 = PCURVE('',#2257,#2333);
#2333 = DEFINITIONAL_REPRESENTATION('',(#2334),#2338);
#2334 = LINE('',#2335,#2336);
#2335 = CARTESIAN_POINT('',(1.006803743154,-1.043609643148E-14));
#2336 = VECTOR('',#2337,1.);
#2337 = DIRECTION('',(0.,-1.));
#2338 = ( GEOMETRIC_REPRESENTATION_CONTEXT(2) 
PARAMETRIC_REPRESENTATION_CONTEXT() REPRESENTATION_CONTEXT('2D SPACE',''
  ) );
#2339 = PCURVE('',#1997,#2340);
#2340 = DEFINITIONAL_REPRESENTATION('',(#2341),#2345);
#2341 = LINE('',#2342,#2343);
#2342 = CARTESIAN_POINT('',(0.,0.));
#2343 = VECTOR('',#2344,1.);
#2344 = DIRECTION('',(0.,-1.));
#2345 = ( GEOMETRIC_REPRESENTATION_CONTEXT(2) 
PARAMETRIC_REPRESENTATION_CONTEXT() REPRESENTATION_CONTEXT('2D SPACE',''
  ) );
#2346 = ADVANCED_FACE('',(#2347),#2293,.F.);
#2347 = FACE_BOUND('',#2348,.F.);
#2348 = EDGE_LOOP('',(#2349,#2374,#2397,#2420,#2448,#2472,#2491,#2492,
    #2513,#2537));
#2349 = ORIENTED_EDGE('',*,*,#2350,.F.);
#2350 = EDGE_CURVE('',#2351,#2353,#2355,.T.);
#2351 = VERTEX_POINT('',#2352);
#2352 = CARTESIAN_POINT('',(-102.1434872767,-63.55153819492,0.));
#2353 = VERTEX_POINT('',#2354);
#2354 = CARTESIAN_POINT('',(-102.1434872767,-63.55153819492,7.5));
#2355 = SURFACE_CURVE('',#2356,(#2360,#2367),.PCURVE_S1.);
#2356 = LINE('',#2357,#2358);
#2357 = CARTESIAN_POINT('',(-102.1434872767,-63.55153819492,0.));
#2358 = VECTOR('',#2359,1.);
#2359 = DIRECTION('',(0.,0.,1.));
#2360 = PCURVE('',#2293,#2361);
#2361 = DEFINITIONAL_REPRESENTATION('',(#2362),#2366);
#2362 = LINE('',#2363,#2364);
#2363 = CARTESIAN_POINT('',(0.,0.));
#2364 = VECTOR('',#2365,1.);
#2365 = DIRECTION('',(1.,0.));
#2366 = ( GEOMETRIC_REPRESENTATION_CONTEXT(2) 
PARAMETRIC_REPRESENTATION_CONTEXT() REPRESENTATION_CONTEXT('2D SPACE',''
  ) );
#2367 = PCURVE('',#515,#2368);
#2368 = DEFINITIONAL_REPRESENTATION('',(#2369),#2373);
#2369 = LINE('',#2370,#2371);
#2370 = CARTESIAN_POINT('',(-10.5,45.7));
#2371 = VECTOR('',#2372,1.);
#2372 = DIRECTION('',(1.,0.));
#2373 = ( GEOMETRIC_REPRESENTATION_CONTEXT(2) 
PARAMETRIC_REPRESENTATION_CONTEXT() REPRESENTATION_CONTEXT('2D SPACE',''
  ) );
#2374 = ORIENTED_EDGE('',*,*,#2375,.T.);
#2375 = EDGE_CURVE('',#2351,#2376,#2378,.T.);
#2376 = VERTEX_POINT('',#2377);
#2377 = CARTESIAN_POINT('',(-87.49541756036,-82.56295722621,0.));
#2378 = SURFACE_CURVE('',#2379,(#2383,#2390),.PCURVE_S1.);
#2379 = LINE('',#2380,#2381);
#2380 = CARTESIAN_POINT('',(-102.1434872767,-63.55153819492,0.));
#2381 = VECTOR('',#2382,1.);
#2382 = DIRECTION('',(0.610336238184,-0.792142459637,0.));
#2383 = PCURVE('',#2293,#2384);
#2384 = DEFINITIONAL_REPRESENTATION('',(#2385),#2389);
#2385 = LINE('',#2386,#2387);
#2386 = CARTESIAN_POINT('',(0.,0.));
#2387 = VECTOR('',#2388,1.);
#2388 = DIRECTION('',(0.,-1.));
#2389 = ( GEOMETRIC_REPRESENTATION_CONTEXT(2) 
PARAMETRIC_REPRESENTATION_CONTEXT() REPRESENTATION_CONTEXT('2D SPACE',''
  ) );
#2390 = PCURVE('',#1942,#2391);
#2391 = DEFINITIONAL_REPRESENTATION('',(#2392),#2396);
#2392 = LINE('',#2393,#2394);
#2393 = CARTESIAN_POINT('',(0.,0.));
#2394 = VECTOR('',#2395,1.);
#2395 = DIRECTION('',(0.,1.));
#2396 = ( GEOMETRIC_REPRESENTATION_CONTEXT(2) 
PARAMETRIC_REPRESENTATION_CONTEXT() REPRESENTATION_CONTEXT('2D SPACE',''
  ) );
#2397 = ORIENTED_EDGE('',*,*,#2398,.T.);
#2398 = EDGE_CURVE('',#2376,#2399,#2401,.T.);
#2399 = VERTEX_POINT('',#2400);
#2400 = CARTESIAN_POINT('',(-87.49541756036,-82.56295722621,7.5));
#2401 = SURFACE_CURVE('',#2402,(#2406,#2413),.PCURVE_S1.);
#2402 = LINE('',#2403,#2404);
#2403 = CARTESIAN_POINT('',(-87.49541756036,-82.56295722621,0.));
#2404 = VECTOR('',#2405,1.);
#2405 = DIRECTION('',(0.,0.,1.));
#2406 = PCURVE('',#2293,#2407);
#2407 = DEFINITIONAL_REPRESENTATION('',(#2408),#2412);
#2408 = LINE('',#2409,#2410);
#2409 = CARTESIAN_POINT('',(0.,-24.));
#2410 = VECTOR('',#2411,1.);
#2411 = DIRECTION('',(1.,0.));
#2412 = ( GEOMETRIC_REPRESENTATION_CONTEXT(2) 
PARAMETRIC_REPRESENTATION_CONTEXT() REPRESENTATION_CONTEXT('2D SPACE',''
  ) );
#2413 = PCURVE('',#572,#2414);
#2414 = DEFINITIONAL_REPRESENTATION('',(#2415),#2419);
#2415 = LINE('',#2416,#2417);
#2416 = CARTESIAN_POINT('',(-10.5,45.7));
#2417 = VECTOR('',#2418,1.);
#2418 = DIRECTION('',(1.,0.));
#2419 = ( GEOMETRIC_REPRESENTATION_CONTEXT(2) 
PARAMETRIC_REPRESENTATION_CONTEXT() REPRESENTATION_CONTEXT('2D SPACE',''
  ) );
#2420 = ORIENTED_EDGE('',*,*,#2421,.F.);
#2421 = EDGE_CURVE('',#2422,#2399,#2424,.T.);
#2422 = VERTEX_POINT('',#2423);
#2423 = CARTESIAN_POINT('',(-94.40550224176,-73.59450486606,7.5));
#2424 = SURFACE_CURVE('',#2425,(#2429,#2436),.PCURVE_S1.);
#2425 = LINE('',#2426,#2427);
#2426 = CARTESIAN_POINT('',(-102.7538235149,-62.75939573528,7.5));
#2427 = VECTOR('',#2428,1.);
#2428 = DIRECTION('',(0.610336238184,-0.792142459637,0.));
#2429 = PCURVE('',#2293,#2430);
#2430 = DEFINITIONAL_REPRESENTATION('',(#2431),#2435);
#2431 = LINE('',#2432,#2433);
#2432 = CARTESIAN_POINT('',(7.5,1.));
#2433 = VECTOR('',#2434,1.);
#2434 = DIRECTION('',(0.,-1.));
#2435 = ( GEOMETRIC_REPRESENTATION_CONTEXT(2) 
PARAMETRIC_REPRESENTATION_CONTEXT() REPRESENTATION_CONTEXT('2D SPACE',''
  ) );
#2436 = PCURVE('',#2437,#2442);
#2437 = CYLINDRICAL_SURFACE('',#2438,3.);
#2438 = AXIS2_PLACEMENT_3D('',#2439,#2440,#2441);
#2439 = CARTESIAN_POINT('',(-100.377396136,-60.92838702073,7.5));
#2440 = DIRECTION('',(0.610336238184,-0.792142459637,0.));
#2441 = DIRECTION('',(0.,0.,1.));
#2442 = DEFINITIONAL_REPRESENTATION('',(#2443),#2447);
#2443 = LINE('',#2444,#2445);
#2444 = CARTESIAN_POINT('',(1.570796326795,0.));
#2445 = VECTOR('',#2446,1.);
#2446 = DIRECTION('',(0.,1.));
#2447 = ( GEOMETRIC_REPRESENTATION_CONTEXT(2) 
PARAMETRIC_REPRESENTATION_CONTEXT() REPRESENTATION_CONTEXT('2D SPACE',''
  ) );
#2448 = ORIENTED_EDGE('',*,*,#2449,.F.);
#2449 = EDGE_CURVE('',#2450,#2422,#2452,.T.);
#2450 = VERTEX_POINT('',#2451);
#2451 = CARTESIAN_POINT('',(-93.80525612043,-74.37355157702,
    3.588299064212));
#2452 = SURFACE_CURVE('',#2453,(#2458,#2465),.PCURVE_S1.);
#2453 = CIRCLE('',#2454,2.35);
#2454 = AXIS2_PLACEMENT_3D('',#2455,#2456,#2457);
#2455 = CARTESIAN_POINT('',(-94.81945241856,-73.05724771056,5.25));
#2456 = DIRECTION('',(-0.792142459637,-0.610336238184,2.22044604925E-16)
  );
#2457 = DIRECTION('',(0.431572892823,-0.560129304875,-0.707106781187));
#2458 = PCURVE('',#2293,#2459);
#2459 = DEFINITIONAL_REPRESENTATION('',(#2460),#2464);
#2460 = CIRCLE('',#2461,2.35);
#2461 = AXIS2_PLACEMENT_2D('',#2462,#2463);
#2462 = CARTESIAN_POINT('',(5.25,-12.));
#2463 = DIRECTION('',(-0.707106781187,-0.707106781187));
#2464 = ( GEOMETRIC_REPRESENTATION_CONTEXT(2) 
PARAMETRIC_REPRESENTATION_CONTEXT() REPRESENTATION_CONTEXT('2D SPACE',''
  ) );
#2465 = PCURVE('',#2132,#2466);
#2466 = DEFINITIONAL_REPRESENTATION('',(#2467),#2471);
#2467 = LINE('',#2468,#2469);
#2468 = CARTESIAN_POINT('',(10.210176124167,-4.));
#2469 = VECTOR('',#2470,1.);
#2470 = DIRECTION('',(-1.,-0.));
#2471 = ( GEOMETRIC_REPRESENTATION_CONTEXT(2) 
PARAMETRIC_REPRESENTATION_CONTEXT() REPRESENTATION_CONTEXT('2D SPACE',''
  ) );
#2472 = ORIENTED_EDGE('',*,*,#2473,.F.);
#2473 = EDGE_CURVE('',#2279,#2450,#2474,.T.);
#2474 = SURFACE_CURVE('',#2475,(#2479,#2485),.PCURVE_S1.);
#2475 = LINE('',#2476,#2477);
#2476 = CARTESIAN_POINT('',(-96.43733114759,-70.95743721984,
    -0.724200935788));
#2477 = VECTOR('',#2478,1.);
#2478 = DIRECTION('',(0.431572892823,-0.560129304875,0.707106781187));
#2479 = PCURVE('',#2293,#2480);
#2480 = DEFINITIONAL_REPRESENTATION('',(#2481),#2484);
#2481 = B_SPLINE_CURVE_WITH_KNOTS('',1,(#2482,#2483),.UNSPECIFIED.,.F.,
  .F.,(2,2),(4.460713741842,6.098795987734),.PIECEWISE_BEZIER_KNOTS.);
#2482 = CARTESIAN_POINT('',(2.43,-12.50340187157));
#2483 = CARTESIAN_POINT('',(3.588299064212,-13.66170093578));
#2484 = ( GEOMETRIC_REPRESENTATION_CONTEXT(2) 
PARAMETRIC_REPRESENTATION_CONTEXT() REPRESENTATION_CONTEXT('2D SPACE',''
  ) );
#2485 = PCURVE('',#2230,#2486);
#2486 = DEFINITIONAL_REPRESENTATION('',(#2487),#2490);
#2487 = B_SPLINE_CURVE_WITH_KNOTS('',1,(#2488,#2489),.UNSPECIFIED.,.F.,
  .F.,(2,2),(4.460713741842,6.098795987734),.PIECEWISE_BEZIER_KNOTS.);
#2488 = CARTESIAN_POINT('',(1.638082245892,-4.));
#2489 = CARTESIAN_POINT('',(-1.7763568394E-15,-4.));
#2490 = ( GEOMETRIC_REPRESENTATION_CONTEXT(2) 
PARAMETRIC_REPRESENTATION_CONTEXT() REPRESENTATION_CONTEXT('2D SPACE',''
  ) );
#2491 = ORIENTED_EDGE('',*,*,#2276,.F.);
#2492 = ORIENTED_EDGE('',*,*,#2493,.F.);
#2493 = EDGE_CURVE('',#2494,#2277,#2496,.T.);
#2494 = VERTEX_POINT('',#2495);
#2495 = CARTESIAN_POINT('',(-95.8336487167,-71.74094384411,
    3.588299064212));
#2496 = SURFACE_CURVE('',#2497,(#2501,#2507),.PCURVE_S1.);
#2497 = LINE('',#2498,#2499);
#2498 = CARTESIAN_POINT('',(-96.51011517186,-70.86297237833,
    4.696649532106));
#2499 = VECTOR('',#2500,1.);
#2500 = DIRECTION('',(0.431572892823,-0.560129304875,-0.707106781187));
#2501 = PCURVE('',#2293,#2502);
#2502 = DEFINITIONAL_REPRESENTATION('',(#2503),#2506);
#2503 = B_SPLINE_CURVE_WITH_KNOTS('',1,(#2504,#2505),.UNSPECIFIED.,.F.,
  .F.,(2,2),(1.567444263559,3.205526509451),.PIECEWISE_BEZIER_KNOTS.);
#2504 = CARTESIAN_POINT('',(3.588299064212,-10.33829906421));
#2505 = CARTESIAN_POINT('',(2.43,-11.49659812842));
#2506 = ( GEOMETRIC_REPRESENTATION_CONTEXT(2) 
PARAMETRIC_REPRESENTATION_CONTEXT() REPRESENTATION_CONTEXT('2D SPACE',''
  ) );
#2507 = PCURVE('',#1997,#2508);
#2508 = DEFINITIONAL_REPRESENTATION('',(#2509),#2512);
#2509 = B_SPLINE_CURVE_WITH_KNOTS('',1,(#2510,#2511),.UNSPECIFIED.,.F.,
  .F.,(2,2),(1.567444263559,3.205526509451),.PIECEWISE_BEZIER_KNOTS.);
#2510 = CARTESIAN_POINT('',(1.638082245892,-4.));
#2511 = CARTESIAN_POINT('',(-1.33226762955E-15,-4.));
#2512 = ( GEOMETRIC_REPRESENTATION_CONTEXT(2) 
PARAMETRIC_REPRESENTATION_CONTEXT() REPRESENTATION_CONTEXT('2D SPACE',''
  ) );
#2513 = ORIENTED_EDGE('',*,*,#2514,.F.);
#2514 = EDGE_CURVE('',#2515,#2494,#2517,.T.);
#2515 = VERTEX_POINT('',#2516);
#2516 = CARTESIAN_POINT('',(-95.23340259536,-72.51999055507,7.5));
#2517 = SURFACE_CURVE('',#2518,(#2523,#2530),.PCURVE_S1.);
#2518 = CIRCLE('',#2519,2.35);
#2519 = AXIS2_PLACEMENT_3D('',#2520,#2521,#2522);
#2520 = CARTESIAN_POINT('',(-94.81945241856,-73.05724771056,5.25));
#2521 = DIRECTION('',(-0.792142459637,-0.610336238184,4.052314039882E-15
    ));
#2522 = DIRECTION('',(-0.176149011405,0.228620066166,0.957446808511));
#2523 = PCURVE('',#2293,#2524);
#2524 = DEFINITIONAL_REPRESENTATION('',(#2525),#2529);
#2525 = CIRCLE('',#2526,2.35);
#2526 = AXIS2_PLACEMENT_2D('',#2527,#2528);
#2527 = CARTESIAN_POINT('',(5.25,-12.));
#2528 = DIRECTION('',(0.957446808511,0.288609786516));
#2529 = ( GEOMETRIC_REPRESENTATION_CONTEXT(2) 
PARAMETRIC_REPRESENTATION_CONTEXT() REPRESENTATION_CONTEXT('2D SPACE',''
  ) );
#2530 = PCURVE('',#2132,#2531);
#2531 = DEFINITIONAL_REPRESENTATION('',(#2532),#2536);
#2532 = LINE('',#2533,#2534);
#2533 = CARTESIAN_POINT('',(7.561207115386,-4.));
#2534 = VECTOR('',#2535,1.);
#2535 = DIRECTION('',(-1.,-0.));
#2536 = ( GEOMETRIC_REPRESENTATION_CONTEXT(2) 
PARAMETRIC_REPRESENTATION_CONTEXT() REPRESENTATION_CONTEXT('2D SPACE',''
  ) );
#2537 = ORIENTED_EDGE('',*,*,#2538,.F.);
#2538 = EDGE_CURVE('',#2353,#2515,#2539,.T.);
#2539 = SURFACE_CURVE('',#2540,(#2544,#2551),.PCURVE_S1.);
#2540 = LINE('',#2541,#2542);
#2541 = CARTESIAN_POINT('',(-102.7538235149,-62.75939573528,7.5));
#2542 = VECTOR('',#2543,1.);
#2543 = DIRECTION('',(0.610336238184,-0.792142459637,0.));
#2544 = PCURVE('',#2293,#2545);
#2545 = DEFINITIONAL_REPRESENTATION('',(#2546),#2550);
#2546 = LINE('',#2547,#2548);
#2547 = CARTESIAN_POINT('',(7.5,1.));
#2548 = VECTOR('',#2549,1.);
#2549 = DIRECTION('',(0.,-1.));
#2550 = ( GEOMETRIC_REPRESENTATION_CONTEXT(2) 
PARAMETRIC_REPRESENTATION_CONTEXT() REPRESENTATION_CONTEXT('2D SPACE',''
  ) );
#2551 = PCURVE('',#2437,#2552);
#2552 = DEFINITIONAL_REPRESENTATION('',(#2553),#2557);
#2553 = LINE('',#2554,#2555);
#2554 = CARTESIAN_POINT('',(1.570796326795,0.));
#2555 = VECTOR('',#2556,1.);
#2556 = DIRECTION('',(0.,1.));
#2557 = ( GEOMETRIC_REPRESENTATION_CONTEXT(2) 
PARAMETRIC_REPRESENTATION_CONTEXT() REPRESENTATION_CONTEXT('2D SPACE',''
  ) );
#2558 = ADVANCED_FACE('',(#2559),#2437,.F.);
#2559 = FACE_BOUND('',#2560,.F.);
#2560 = EDGE_LOOP('',(#2561,#2585,#2608,#2630,#2631,#2673));
#2561 = ORIENTED_EDGE('',*,*,#2562,.F.);
#2562 = EDGE_CURVE('',#2563,#2399,#2565,.T.);
#2563 = VERTEX_POINT('',#2564);
#2564 = CARTESIAN_POINT('',(-85.11899018145,-80.73194851166,10.5));
#2565 = SURFACE_CURVE('',#2566,(#2571,#2578),.PCURVE_S1.);
#2566 = CIRCLE('',#2567,3.);
#2567 = AXIS2_PLACEMENT_3D('',#2568,#2569,#2570);
#2568 = CARTESIAN_POINT('',(-85.11899018145,-80.73194851166,7.5));
#2569 = DIRECTION('',(0.610336238184,-0.792142459637,0.));
#2570 = DIRECTION('',(0.,0.,1.));
#2571 = PCURVE('',#2437,#2572);
#2572 = DEFINITIONAL_REPRESENTATION('',(#2573),#2577);
#2573 = LINE('',#2574,#2575);
#2574 = CARTESIAN_POINT('',(0.,25.));
#2575 = VECTOR('',#2576,1.);
#2576 = DIRECTION('',(1.,0.));
#2577 = ( GEOMETRIC_REPRESENTATION_CONTEXT(2) 
PARAMETRIC_REPRESENTATION_CONTEXT() REPRESENTATION_CONTEXT('2D SPACE',''
  ) );
#2578 = PCURVE('',#572,#2579);
#2579 = DEFINITIONAL_REPRESENTATION('',(#2580),#2584);
#2580 = CIRCLE('',#2581,3.);
#2581 = AXIS2_PLACEMENT_2D('',#2582,#2583);
#2582 = CARTESIAN_POINT('',(-3.,42.7));
#2583 = DIRECTION('',(1.,0.));
#2584 = ( GEOMETRIC_REPRESENTATION_CONTEXT(2) 
PARAMETRIC_REPRESENTATION_CONTEXT() REPRESENTATION_CONTEXT('2D SPACE',''
  ) );
#2585 = ORIENTED_EDGE('',*,*,#2586,.F.);
#2586 = EDGE_CURVE('',#2587,#2563,#2589,.T.);
#2587 = VERTEX_POINT('',#2588);
#2588 = CARTESIAN_POINT('',(-99.76705989785,-61.72052948037,10.5));
#2589 = SURFACE_CURVE('',#2590,(#2594,#2601),.PCURVE_S1.);
#2590 = LINE('',#2591,#2592);
#2591 = CARTESIAN_POINT('',(-100.377396136,-60.92838702073,10.5));
#2592 = VECTOR('',#2593,1.);
#2593 = DIRECTION('',(0.610336238184,-0.792142459637,0.));
#2594 = PCURVE('',#2437,#2595);
#2595 = DEFINITIONAL_REPRESENTATION('',(#2596),#2600);
#2596 = LINE('',#2597,#2598);
#2597 = CARTESIAN_POINT('',(0.,-0.));
#2598 = VECTOR('',#2599,1.);
#2599 = DIRECTION('',(0.,1.));
#2600 = ( GEOMETRIC_REPRESENTATION_CONTEXT(2) 
PARAMETRIC_REPRESENTATION_CONTEXT() REPRESENTATION_CONTEXT('2D SPACE',''
  ) );
#2601 = PCURVE('',#43,#2602);
#2602 = DEFINITIONAL_REPRESENTATION('',(#2603),#2607);
#2603 = LINE('',#2604,#2605);
#2604 = CARTESIAN_POINT('',(-100.377396136,-60.92838702073));
#2605 = VECTOR('',#2606,1.);
#2606 = DIRECTION('',(0.610336238184,-0.792142459637));
#2607 = ( GEOMETRIC_REPRESENTATION_CONTEXT(2) 
PARAMETRIC_REPRESENTATION_CONTEXT() REPRESENTATION_CONTEXT('2D SPACE',''
  ) );
#2608 = ORIENTED_EDGE('',*,*,#2609,.T.);
#2609 = EDGE_CURVE('',#2587,#2353,#2610,.T.);
#2610 = SURFACE_CURVE('',#2611,(#2616,#2623),.PCURVE_S1.);
#2611 = CIRCLE('',#2612,3.);
#2612 = AXIS2_PLACEMENT_3D('',#2613,#2614,#2615);
#2613 = CARTESIAN_POINT('',(-99.76705989785,-61.72052948037,7.5));
#2614 = DIRECTION('',(0.610336238184,-0.792142459637,0.));
#2615 = DIRECTION('',(0.,0.,1.));
#2616 = PCURVE('',#2437,#2617);
#2617 = DEFINITIONAL_REPRESENTATION('',(#2618),#2622);
#2618 = LINE('',#2619,#2620);
#2619 = CARTESIAN_POINT('',(0.,1.));
#2620 = VECTOR('',#2621,1.);
#2621 = DIRECTION('',(1.,0.));
#2622 = ( GEOMETRIC_REPRESENTATION_CONTEXT(2) 
PARAMETRIC_REPRESENTATION_CONTEXT() REPRESENTATION_CONTEXT('2D SPACE',''
  ) );
#2623 = PCURVE('',#515,#2624);
#2624 = DEFINITIONAL_REPRESENTATION('',(#2625),#2629);
#2625 = CIRCLE('',#2626,3.);
#2626 = AXIS2_PLACEMENT_2D('',#2627,#2628);
#2627 = CARTESIAN_POINT('',(-3.,42.7));
#2628 = DIRECTION('',(1.,0.));
#2629 = ( GEOMETRIC_REPRESENTATION_CONTEXT(2) 
PARAMETRIC_REPRESENTATION_CONTEXT() REPRESENTATION_CONTEXT('2D SPACE',''
  ) );
#2630 = ORIENTED_EDGE('',*,*,#2538,.T.);
#2631 = ORIENTED_EDGE('',*,*,#2632,.T.);
#2632 = EDGE_CURVE('',#2515,#2422,#2633,.T.);
#2633 = SURFACE_CURVE('',#2634,(#2645,#2659),.PCURVE_S1.);
#2634 = B_SPLINE_CURVE_WITH_KNOTS('',5,(#2635,#2636,#2637,#2638,#2639,
    #2640,#2641,#2642,#2643,#2644),.UNSPECIFIED.,.F.,.F.,(6,4,6),(0.,
    0.500000005634,1.),.UNSPECIFIED.);
#2635 = CARTESIAN_POINT('',(-95.23340259536,-72.51999055507,7.5));
#2636 = CARTESIAN_POINT('',(-95.15206112349,-72.62556192634,
    7.540173462795));
#2637 = CARTESIAN_POINT('',(-95.06907716451,-72.73216386772,
    7.570131480344));
#2638 = CARTESIAN_POINT('',(-94.98539557374,-72.83968673347,
    7.59004382593));
#2639 = CARTESIAN_POINT('',(-94.90163548659,-72.94785255531,7.6));
#2640 = CARTESIAN_POINT('',(-94.73462814368,-73.16460784381,7.6));
#2641 = CARTESIAN_POINT('',(-94.65139467108,-73.27317942092,
    7.590043825823));
#2642 = CARTESIAN_POINT('',(-94.56876288985,-73.38151115493,
    7.570131480042));
#2643 = CARTESIAN_POINT('',(-94.48684371396,-73.48893349436,
    7.540173462959));
#2644 = CARTESIAN_POINT('',(-94.40550224176,-73.59450486606,7.5));
#2645 = PCURVE('',#2437,#2646);
#2646 = DEFINITIONAL_REPRESENTATION('',(#2647),#2658);
#2647 = B_SPLINE_CURVE_WITH_KNOTS('',5,(#2648,#2649,#2650,#2651,#2652,
    #2653,#2654,#2655,#2656,#2657),.UNSPECIFIED.,.F.,.F.,(6,4,6),(0.,
    0.500000005634,1.),.UNSPECIFIED.);
#2648 = CARTESIAN_POINT('',(1.570796326795,12.321767001687));
#2649 = CARTESIAN_POINT('',(1.55740517253,12.455040215337));
#2650 = CARTESIAN_POINT('',(1.547419015395,12.590132256737));
#2651 = CARTESIAN_POINT('',(1.540777241615,12.7263795914));
#2652 = CARTESIAN_POINT('',(1.537456817534,12.863184148059));
#2653 = CARTESIAN_POINT('',(1.537456817534,13.136815848857));
#2654 = CARTESIAN_POINT('',(1.540777241827,13.273620409547));
#2655 = CARTESIAN_POINT('',(1.547419015319,13.409867746296));
#2656 = CARTESIAN_POINT('',(1.557405172475,13.544959784119));
#2657 = CARTESIAN_POINT('',(1.570796326795,13.678232998313));
#2658 = ( GEOMETRIC_REPRESENTATION_CONTEXT(2) 
PARAMETRIC_REPRESENTATION_CONTEXT() REPRESENTATION_CONTEXT('2D SPACE',''
  ) );
#2659 = PCURVE('',#2132,#2660);
#2660 = DEFINITIONAL_REPRESENTATION('',(#2661),#2672);
#2661 = B_SPLINE_CURVE_WITH_KNOTS('',5,(#2662,#2663,#2664,#2665,#2666,
    #2667,#2668,#2669,#2670,#2671),.UNSPECIFIED.,.F.,.F.,(6,4,6),(0.,
    0.500000005634,1.),.UNSPECIFIED.);
#2662 = CARTESIAN_POINT('',(7.561207115386,-4.));
#2663 = CARTESIAN_POINT('',(7.620439654786,-4.));
#2664 = CARTESIAN_POINT('',(7.679158651919,-3.999327910508));
#2665 = CARTESIAN_POINT('',(7.73754745174,-3.998665270771));
#2666 = CARTESIAN_POINT('',(7.79576212251,-3.998332870113));
#2667 = CARTESIAN_POINT('',(7.912201144127,-3.998332870113));
#2668 = CARTESIAN_POINT('',(7.970415816658,-3.998665270353));
#2669 = CARTESIAN_POINT('',(8.028804617294,-3.999327910934));
#2670 = CARTESIAN_POINT('',(8.087523612922,-4.));
#2671 = CARTESIAN_POINT('',(8.146756152563,-4.));
#2672 = ( GEOMETRIC_REPRESENTATION_CONTEXT(2) 
PARAMETRIC_REPRESENTATION_CONTEXT() REPRESENTATION_CONTEXT('2D SPACE',''
  ) );
#2673 = ORIENTED_EDGE('',*,*,#2421,.T.);
#2674 = ADVANCED_FACE('',(#2675),#2230,.F.);
#2675 = FACE_BOUND('',#2676,.F.);
#2676 = EDGE_LOOP('',(#2677,#2678,#2698,#2699));
#2677 = ORIENTED_EDGE('',*,*,#2473,.T.);
#2678 = ORIENTED_EDGE('',*,*,#2679,.T.);
#2679 = EDGE_CURVE('',#2450,#2010,#2680,.T.);
#2680 = SURFACE_CURVE('',#2681,(#2685,#2692),.PCURVE_S1.);
#2681 = LINE('',#2682,#2683);
#2682 = CARTESIAN_POINT('',(-90.63668628188,-71.93220662429,
    3.588299064212));
#2683 = VECTOR('',#2684,1.);
#2684 = DIRECTION('',(-0.792142459637,-0.610336238184,0.));
#2685 = PCURVE('',#2230,#2686);
#2686 = DEFINITIONAL_REPRESENTATION('',(#2687),#2691);
#2687 = LINE('',#2688,#2689);
#2688 = CARTESIAN_POINT('',(0.,0.));
#2689 = VECTOR('',#2690,1.);
#2690 = DIRECTION('',(0.,-1.));
#2691 = ( GEOMETRIC_REPRESENTATION_CONTEXT(2) 
PARAMETRIC_REPRESENTATION_CONTEXT() REPRESENTATION_CONTEXT('2D SPACE',''
  ) );
#2692 = PCURVE('',#2132,#2693);
#2693 = DEFINITIONAL_REPRESENTATION('',(#2694),#2697);
#2694 = B_SPLINE_CURVE_WITH_KNOTS('',1,(#2695,#2696),.UNSPECIFIED.,.F.,
  .F.,(2,2),(4.,10.989102727898),.PIECEWISE_BEZIER_KNOTS.);
#2695 = CARTESIAN_POINT('',(10.210176124167,-4.));
#2696 = CARTESIAN_POINT('',(10.210176124167,-10.98910272789));
#2697 = ( GEOMETRIC_REPRESENTATION_CONTEXT(2) 
PARAMETRIC_REPRESENTATION_CONTEXT() REPRESENTATION_CONTEXT('2D SPACE',''
  ) );
#2698 = ORIENTED_EDGE('',*,*,#2210,.T.);
#2699 = ORIENTED_EDGE('',*,*,#2304,.F.);
#2700 = ADVANCED_FACE('',(#2701),#2132,.F.);
#2701 = FACE_BOUND('',#2702,.F.);
#2702 = EDGE_LOOP('',(#2703,#2704,#2724,#2725,#2726,#2727));
#2703 = ORIENTED_EDGE('',*,*,#2514,.T.);
#2704 = ORIENTED_EDGE('',*,*,#2705,.T.);
#2705 = EDGE_CURVE('',#2494,#1978,#2706,.T.);
#2706 = SURFACE_CURVE('',#2707,(#2711,#2717),.PCURVE_S1.);
#2707 = LINE('',#2708,#2709);
#2708 = CARTESIAN_POINT('',(-92.66507887815,-69.29959889137,
    3.588299064212));
#2709 = VECTOR('',#2710,1.);
#2710 = DIRECTION('',(-0.792142459637,-0.610336238184,0.));
#2711 = PCURVE('',#2132,#2712);
#2712 = DEFINITIONAL_REPRESENTATION('',(#2713),#2716);
#2713 = B_SPLINE_CURVE_WITH_KNOTS('',1,(#2714,#2715),.UNSPECIFIED.,.F.,
  .F.,(2,2),(4.,10.989102727898),.PIECEWISE_BEZIER_KNOTS.);
#2714 = CARTESIAN_POINT('',(5.497787143782,-4.));
#2715 = CARTESIAN_POINT('',(5.497787143782,-10.98910272789));
#2716 = ( GEOMETRIC_REPRESENTATION_CONTEXT(2) 
PARAMETRIC_REPRESENTATION_CONTEXT() REPRESENTATION_CONTEXT('2D SPACE',''
  ) );
#2717 = PCURVE('',#1997,#2718);
#2718 = DEFINITIONAL_REPRESENTATION('',(#2719),#2723);
#2719 = LINE('',#2720,#2721);
#2720 = CARTESIAN_POINT('',(1.638082245892,4.107825191113E-15));
#2721 = VECTOR('',#2722,1.);
#2722 = DIRECTION('',(0.,-1.));
#2723 = ( GEOMETRIC_REPRESENTATION_CONTEXT(2) 
PARAMETRIC_REPRESENTATION_CONTEXT() REPRESENTATION_CONTEXT('2D SPACE',''
  ) );
#2724 = ORIENTED_EDGE('',*,*,#2009,.T.);
#2725 = ORIENTED_EDGE('',*,*,#2679,.F.);
#2726 = ORIENTED_EDGE('',*,*,#2449,.T.);
#2727 = ORIENTED_EDGE('',*,*,#2632,.F.);
#2728 = ADVANCED_FACE('',(#2729),#1997,.F.);
#2729 = FACE_BOUND('',#2730,.F.);
#2730 = EDGE_LOOP('',(#2731,#2732,#2733,#2734));
#2731 = ORIENTED_EDGE('',*,*,#2493,.T.);
#2732 = ORIENTED_EDGE('',*,*,#2326,.T.);
#2733 = ORIENTED_EDGE('',*,*,#1975,.T.);
#2734 = ORIENTED_EDGE('',*,*,#2705,.F.);
#2735 = ADVANCED_FACE('',(#2736),#1942,.F.);
#2736 = FACE_BOUND('',#2737,.F.);
#2737 = EDGE_LOOP('',(#2738,#2759,#2760,#2781));
#2738 = ORIENTED_EDGE('',*,*,#2739,.F.);
#2739 = EDGE_CURVE('',#2376,#1926,#2740,.T.);
#2740 = SURFACE_CURVE('',#2741,(#2745,#2752),.PCURVE_S1.);
#2741 = LINE('',#2742,#2743);
#2742 = CARTESIAN_POINT('',(-87.49541756036,-82.56295722621,0.));
#2743 = VECTOR('',#2744,1.);
#2744 = DIRECTION('',(-0.792142459637,-0.610336238184,0.));
#2745 = PCURVE('',#1942,#2746);
#2746 = DEFINITIONAL_REPRESENTATION('',(#2747),#2751);
#2747 = LINE('',#2748,#2749);
#2748 = CARTESIAN_POINT('',(7.105427357601E-15,24.));
#2749 = VECTOR('',#2750,1.);
#2750 = DIRECTION('',(1.,0.));
#2751 = ( GEOMETRIC_REPRESENTATION_CONTEXT(2) 
PARAMETRIC_REPRESENTATION_CONTEXT() REPRESENTATION_CONTEXT('2D SPACE',''
  ) );
#2752 = PCURVE('',#572,#2753);
#2753 = DEFINITIONAL_REPRESENTATION('',(#2754),#2758);
#2754 = LINE('',#2755,#2756);
#2755 = CARTESIAN_POINT('',(-10.5,45.7));
#2756 = VECTOR('',#2757,1.);
#2757 = DIRECTION('',(0.,1.));
#2758 = ( GEOMETRIC_REPRESENTATION_CONTEXT(2) 
PARAMETRIC_REPRESENTATION_CONTEXT() REPRESENTATION_CONTEXT('2D SPACE',''
  ) );
#2759 = ORIENTED_EDGE('',*,*,#2375,.F.);
#2760 = ORIENTED_EDGE('',*,*,#2761,.T.);
#2761 = EDGE_CURVE('',#2351,#1905,#2762,.T.);
#2762 = SURFACE_CURVE('',#2763,(#2767,#2774),.PCURVE_S1.);
#2763 = LINE('',#2764,#2765);
#2764 = CARTESIAN_POINT('',(-102.1434872767,-63.55153819492,0.));
#2765 = VECTOR('',#2766,1.);
#2766 = DIRECTION('',(-0.792142459637,-0.610336238184,0.));
#2767 = PCURVE('',#1942,#2768);
#2768 = DEFINITIONAL_REPRESENTATION('',(#2769),#2773);
#2769 = LINE('',#2770,#2771);
#2770 = CARTESIAN_POINT('',(0.,0.));
#2771 = VECTOR('',#2772,1.);
#2772 = DIRECTION('',(1.,0.));
#2773 = ( GEOMETRIC_REPRESENTATION_CONTEXT(2) 
PARAMETRIC_REPRESENTATION_CONTEXT() REPRESENTATION_CONTEXT('2D SPACE',''
  ) );
#2774 = PCURVE('',#515,#2775);
#2775 = DEFINITIONAL_REPRESENTATION('',(#2776),#2780);
#2776 = LINE('',#2777,#2778);
#2777 = CARTESIAN_POINT('',(-10.5,45.7));
#2778 = VECTOR('',#2779,1.);
#2779 = DIRECTION('',(0.,1.));
#2780 = ( GEOMETRIC_REPRESENTATION_CONTEXT(2) 
PARAMETRIC_REPRESENTATION_CONTEXT() REPRESENTATION_CONTEXT('2D SPACE',''
  ) );
#2781 = ORIENTED_EDGE('',*,*,#1925,.T.);
#2782 = ADVANCED_FACE('',(#2783),#572,.T.);
#2783 = FACE_BOUND('',#2784,.T.);
#2784 = EDGE_LOOP('',(#2785,#2808,#2829,#2830,#2831,#2832,#2833));
#2785 = ORIENTED_EDGE('',*,*,#2786,.F.);
#2786 = EDGE_CURVE('',#2787,#2563,#2789,.T.);
#2787 = VERTEX_POINT('',#2788);
#2788 = CARTESIAN_POINT('',(-58.48102768686,-60.20771877997,10.5));
#2789 = SURFACE_CURVE('',#2790,(#2794,#2801),.PCURVE_S1.);
#2790 = LINE('',#2791,#2792);
#2791 = CARTESIAN_POINT('',(-51.29450715494,-54.67059114122,10.5));
#2792 = VECTOR('',#2793,1.);
#2793 = DIRECTION('',(-0.792142459637,-0.610336238184,0.));
#2794 = PCURVE('',#572,#2795);
#2795 = DEFINITIONAL_REPRESENTATION('',(#2796),#2800);
#2796 = LINE('',#2797,#2798);
#2797 = CARTESIAN_POINT('',(0.,0.));
#2798 = VECTOR('',#2799,1.);
#2799 = DIRECTION('',(0.,1.));
#2800 = ( GEOMETRIC_REPRESENTATION_CONTEXT(2) 
PARAMETRIC_REPRESENTATION_CONTEXT() REPRESENTATION_CONTEXT('2D SPACE',''
  ) );
#2801 = PCURVE('',#43,#2802);
#2802 = DEFINITIONAL_REPRESENTATION('',(#2803),#2807);
#2803 = LINE('',#2804,#2805);
#2804 = CARTESIAN_POINT('',(-51.29450715494,-54.67059114122));
#2805 = VECTOR('',#2806,1.);
#2806 = DIRECTION('',(-0.792142459637,-0.610336238184));
#2807 = ( GEOMETRIC_REPRESENTATION_CONTEXT(2) 
PARAMETRIC_REPRESENTATION_CONTEXT() REPRESENTATION_CONTEXT('2D SPACE',''
  ) );
#2808 = ORIENTED_EDGE('',*,*,#2809,.T.);
#2809 = EDGE_CURVE('',#2787,#557,#2810,.T.);
#2810 = SURFACE_CURVE('',#2811,(#2815,#2822),.PCURVE_S1.);
#2811 = LINE('',#2812,#2813);
#2812 = CARTESIAN_POINT('',(-58.48102768686,-60.20771877997,10.5));
#2813 = VECTOR('',#2814,1.);
#2814 = DIRECTION('',(0.,0.,1.));
#2815 = PCURVE('',#572,#2816);
#2816 = DEFINITIONAL_REPRESENTATION('',(#2817),#2821);
#2817 = LINE('',#2818,#2819);
#2818 = CARTESIAN_POINT('',(0.,9.072257703761));
#2819 = VECTOR('',#2820,1.);
#2820 = DIRECTION('',(1.,0.));
#2821 = ( GEOMETRIC_REPRESENTATION_CONTEXT(2) 
PARAMETRIC_REPRESENTATION_CONTEXT() REPRESENTATION_CONTEXT('2D SPACE',''
  ) );
#2822 = PCURVE('',#605,#2823);
#2823 = DEFINITIONAL_REPRESENTATION('',(#2824),#2828);
#2824 = LINE('',#2825,#2826);
#2825 = CARTESIAN_POINT('',(1.570796326795,0.));
#2826 = VECTOR('',#2827,1.);
#2827 = DIRECTION('',(0.,-1.));
#2828 = ( GEOMETRIC_REPRESENTATION_CONTEXT(2) 
PARAMETRIC_REPRESENTATION_CONTEXT() REPRESENTATION_CONTEXT('2D SPACE',''
  ) );
#2829 = ORIENTED_EDGE('',*,*,#556,.T.);
#2830 = ORIENTED_EDGE('',*,*,#1954,.F.);
#2831 = ORIENTED_EDGE('',*,*,#2739,.F.);
#2832 = ORIENTED_EDGE('',*,*,#2398,.T.);
#2833 = ORIENTED_EDGE('',*,*,#2562,.F.);
#2834 = ADVANCED_FACE('',(#2835),#515,.F.);
#2835 = FACE_BOUND('',#2836,.F.);
#2836 = EDGE_LOOP('',(#2837,#2860,#2881,#2882,#2883,#2884,#2885));
#2837 = ORIENTED_EDGE('',*,*,#2838,.F.);
#2838 = EDGE_CURVE('',#2839,#2587,#2841,.T.);
#2839 = VERTEX_POINT('',#2840);
#2840 = CARTESIAN_POINT('',(-73.12909740326,-41.19629974868,10.5));
#2841 = SURFACE_CURVE('',#2842,(#2846,#2853),.PCURVE_S1.);
#2842 = LINE('',#2843,#2844);
#2843 = CARTESIAN_POINT('',(-65.94257687135,-35.65917210993,10.5));
#2844 = VECTOR('',#2845,1.);
#2845 = DIRECTION('',(-0.792142459637,-0.610336238184,0.));
#2846 = PCURVE('',#515,#2847);
#2847 = DEFINITIONAL_REPRESENTATION('',(#2848),#2852);
#2848 = LINE('',#2849,#2850);
#2849 = CARTESIAN_POINT('',(0.,0.));
#2850 = VECTOR('',#2851,1.);
#2851 = DIRECTION('',(0.,1.));
#2852 = ( GEOMETRIC_REPRESENTATION_CONTEXT(2) 
PARAMETRIC_REPRESENTATION_CONTEXT() REPRESENTATION_CONTEXT('2D SPACE',''
  ) );
#2853 = PCURVE('',#43,#2854);
#2854 = DEFINITIONAL_REPRESENTATION('',(#2855),#2859);
#2855 = LINE('',#2856,#2857);
#2856 = CARTESIAN_POINT('',(-65.94257687135,-35.65917210993));
#2857 = VECTOR('',#2858,1.);
#2858 = DIRECTION('',(-0.792142459637,-0.610336238184));
#2859 = ( GEOMETRIC_REPRESENTATION_CONTEXT(2) 
PARAMETRIC_REPRESENTATION_CONTEXT() REPRESENTATION_CONTEXT('2D SPACE',''
  ) );
#2860 = ORIENTED_EDGE('',*,*,#2861,.T.);
#2861 = EDGE_CURVE('',#2839,#471,#2862,.T.);
#2862 = SURFACE_CURVE('',#2863,(#2867,#2874),.PCURVE_S1.);
#2863 = LINE('',#2864,#2865);
#2864 = CARTESIAN_POINT('',(-73.12909740326,-41.19629974868,10.5));
#2865 = VECTOR('',#2866,1.);
#2866 = DIRECTION('',(0.,0.,1.));
#2867 = PCURVE('',#515,#2868);
#2868 = DEFINITIONAL_REPRESENTATION('',(#2869),#2873);
#2869 = LINE('',#2870,#2871);
#2870 = CARTESIAN_POINT('',(0.,9.072257703761));
#2871 = VECTOR('',#2872,1.);
#2872 = DIRECTION('',(1.,0.));
#2873 = ( GEOMETRIC_REPRESENTATION_CONTEXT(2) 
PARAMETRIC_REPRESENTATION_CONTEXT() REPRESENTATION_CONTEXT('2D SPACE',''
  ) );
#2874 = PCURVE('',#487,#2875);
#2875 = DEFINITIONAL_REPRESENTATION('',(#2876),#2880);
#2876 = LINE('',#2877,#2878);
#2877 = CARTESIAN_POINT('',(-4.712388980385,0.));
#2878 = VECTOR('',#2879,1.);
#2879 = DIRECTION('',(-0.,-1.));
#2880 = ( GEOMETRIC_REPRESENTATION_CONTEXT(2) 
PARAMETRIC_REPRESENTATION_CONTEXT() REPRESENTATION_CONTEXT('2D SPACE',''
  ) );
#2881 = ORIENTED_EDGE('',*,*,#499,.T.);
#2882 = ORIENTED_EDGE('',*,*,#1904,.F.);
#2883 = ORIENTED_EDGE('',*,*,#2761,.F.);
#2884 = ORIENTED_EDGE('',*,*,#2350,.T.);
#2885 = ORIENTED_EDGE('',*,*,#2609,.F.);
#2886 = ADVANCED_FACE('',(#2887),#605,.F.);
#2887 = FACE_BOUND('',#2888,.F.);
#2888 = EDGE_LOOP('',(#2889,#2890,#2891,#2914));
#2889 = ORIENTED_EDGE('',*,*,#2809,.T.);
#2890 = ORIENTED_EDGE('',*,*,#584,.T.);
#2891 = ORIENTED_EDGE('',*,*,#2892,.F.);
#2892 = EDGE_CURVE('',#2893,#585,#2895,.T.);
#2893 = VERTEX_POINT('',#2894);
#2894 = CARTESIAN_POINT('',(-50.94943306309,-60.37512128806,10.5));
#2895 = SURFACE_CURVE('',#2896,(#2900,#2907),.PCURVE_S1.);
#2896 = LINE('',#2897,#2898);
#2897 = CARTESIAN_POINT('',(-50.94943306309,-60.37512128806,10.5));
#2898 = VECTOR('',#2899,1.);
#2899 = DIRECTION('',(0.,0.,1.));
#2900 = PCURVE('',#605,#2901);
#2901 = DEFINITIONAL_REPRESENTATION('',(#2902),#2906);
#2902 = LINE('',#2903,#2904);
#2903 = CARTESIAN_POINT('',(2.928212388986,0.));
#2904 = VECTOR('',#2905,1.);
#2905 = DIRECTION('',(0.,-1.));
#2906 = ( GEOMETRIC_REPRESENTATION_CONTEXT(2) 
PARAMETRIC_REPRESENTATION_CONTEXT() REPRESENTATION_CONTEXT('2D SPACE',''
  ) );
#2907 = PCURVE('',#638,#2908);
#2908 = DEFINITIONAL_REPRESENTATION('',(#2909),#2913);
#2909 = LINE('',#2910,#2911);
#2910 = CARTESIAN_POINT('',(4.011457906554,0.));
#2911 = VECTOR('',#2912,1.);
#2912 = DIRECTION('',(0.,1.));
#2913 = ( GEOMETRIC_REPRESENTATION_CONTEXT(2) 
PARAMETRIC_REPRESENTATION_CONTEXT() REPRESENTATION_CONTEXT('2D SPACE',''
  ) );
#2914 = ORIENTED_EDGE('',*,*,#2915,.F.);
#2915 = EDGE_CURVE('',#2787,#2893,#2916,.T.);
#2916 = SURFACE_CURVE('',#2917,(#2922,#2929),.PCURVE_S1.);
#2917 = CIRCLE('',#2918,6.);
#2918 = AXIS2_PLACEMENT_3D('',#2919,#2920,#2921);
#2919 = CARTESIAN_POINT('',(-54.81901025776,-64.96057353779,10.5));
#2920 = DIRECTION('',(-0.,0.,-1.));
#2921 = DIRECTION('',(-0.792142459637,-0.610336238184,0.));
#2922 = PCURVE('',#605,#2923);
#2923 = DEFINITIONAL_REPRESENTATION('',(#2924),#2928);
#2924 = LINE('',#2925,#2926);
#2925 = CARTESIAN_POINT('',(0.,0.));
#2926 = VECTOR('',#2927,1.);
#2927 = DIRECTION('',(1.,0.));
#2928 = ( GEOMETRIC_REPRESENTATION_CONTEXT(2) 
PARAMETRIC_REPRESENTATION_CONTEXT() REPRESENTATION_CONTEXT('2D SPACE',''
  ) );
#2929 = PCURVE('',#43,#2930);
#2930 = DEFINITIONAL_REPRESENTATION('',(#2931),#2939);
#2931 = ( BOUNDED_CURVE() B_SPLINE_CURVE(2,(#2932,#2933,#2934,#2935,
#2936,#2937,#2938),.UNSPECIFIED.,.T.,.F.) B_SPLINE_CURVE_WITH_KNOTS((1,2
    ,2,2,2,1),(-2.094395102393,0.,2.094395102393,4.188790204786,
6.28318530718,8.377580409573),.UNSPECIFIED.) CURVE() 
GEOMETRIC_REPRESENTATION_ITEM() RATIONAL_B_SPLINE_CURVE((1.,0.5,1.,0.5,
1.,0.5,1.)) REPRESENTATION_ITEM('') );
#2932 = CARTESIAN_POINT('',(-59.57186501558,-68.62259096689));
#2933 = CARTESIAN_POINT('',(-65.91466526099,-60.39040504535));
#2934 = CARTESIAN_POINT('',(-55.61398300155,-59.01347186247));
#2935 = CARTESIAN_POINT('',(-45.31330074211,-57.63653867959));
#2936 = CARTESIAN_POINT('',(-49.27118275614,-67.24565778401));
#2937 = CARTESIAN_POINT('',(-53.22906477018,-76.85477688844));
#2938 = CARTESIAN_POINT('',(-59.57186501558,-68.62259096689));
#2939 = ( GEOMETRIC_REPRESENTATION_CONTEXT(2) 
PARAMETRIC_REPRESENTATION_CONTEXT() REPRESENTATION_CONTEXT('2D SPACE',''
  ) );
#2940 = ADVANCED_FACE('',(#2941),#487,.F.);
#2941 = FACE_BOUND('',#2942,.T.);
#2942 = EDGE_LOOP('',(#2943,#2944,#2945,#2968));
#2943 = ORIENTED_EDGE('',*,*,#2861,.T.);
#2944 = ORIENTED_EDGE('',*,*,#470,.T.);
#2945 = ORIENTED_EDGE('',*,*,#2946,.F.);
#2946 = EDGE_CURVE('',#2947,#438,#2949,.T.);
#2947 = VERTEX_POINT('',#2948);
#2948 = CARTESIAN_POINT('',(-71.37056555008,-33.87096652091,10.5));
#2949 = SURFACE_CURVE('',#2950,(#2954,#2961),.PCURVE_S1.);
#2950 = LINE('',#2951,#2952);
#2951 = CARTESIAN_POINT('',(-71.37056555008,-33.87096652091,10.5));
#2952 = VECTOR('',#2953,1.);
#2953 = DIRECTION('',(0.,0.,1.));
#2954 = PCURVE('',#487,#2955);
#2955 = DEFINITIONAL_REPRESENTATION('',(#2956),#2960);
#2956 = LINE('',#2957,#2958);
#2957 = CARTESIAN_POINT('',(-6.069805042576,0.));
#2958 = VECTOR('',#2959,1.);
#2959 = DIRECTION('',(-0.,-1.));
#2960 = ( GEOMETRIC_REPRESENTATION_CONTEXT(2) 
PARAMETRIC_REPRESENTATION_CONTEXT() REPRESENTATION_CONTEXT('2D SPACE',''
  ) );
#2961 = PCURVE('',#458,#2962);
#2962 = DEFINITIONAL_REPRESENTATION('',(#2963),#2967);
#2963 = LINE('',#2964,#2965);
#2964 = CARTESIAN_POINT('',(3.584697377347,0.));
#2965 = VECTOR('',#2966,1.);
#2966 = DIRECTION('',(0.,1.));
#2967 = ( GEOMETRIC_REPRESENTATION_CONTEXT(2) 
PARAMETRIC_REPRESENTATION_CONTEXT() REPRESENTATION_CONTEXT('2D SPACE',''
  ) );
#2968 = ORIENTED_EDGE('',*,*,#2969,.F.);
#2969 = EDGE_CURVE('',#2839,#2947,#2970,.T.);
#2970 = SURFACE_CURVE('',#2971,(#2976,#2983),.PCURVE_S1.);
#2971 = CIRCLE('',#2972,6.);
#2972 = AXIS2_PLACEMENT_3D('',#2973,#2974,#2975);
#2973 = CARTESIAN_POINT('',(-76.79111483237,-36.44344499085,10.5));
#2974 = DIRECTION('',(0.,-0.,1.));
#2975 = DIRECTION('',(0.792142459637,0.610336238184,0.));
#2976 = PCURVE('',#487,#2977);
#2977 = DEFINITIONAL_REPRESENTATION('',(#2978),#2982);
#2978 = LINE('',#2979,#2980);
#2979 = CARTESIAN_POINT('',(-0.,0.));
#2980 = VECTOR('',#2981,1.);
#2981 = DIRECTION('',(-1.,0.));
#2982 = ( GEOMETRIC_REPRESENTATION_CONTEXT(2) 
PARAMETRIC_REPRESENTATION_CONTEXT() REPRESENTATION_CONTEXT('2D SPACE',''
  ) );
#2983 = PCURVE('',#43,#2984);
#2984 = DEFINITIONAL_REPRESENTATION('',(#2985),#2989);
#2985 = CIRCLE('',#2986,6.);
#2986 = AXIS2_PLACEMENT_2D('',#2987,#2988);
#2987 = CARTESIAN_POINT('',(-76.79111483237,-36.44344499085));
#2988 = DIRECTION('',(0.792142459637,0.610336238184));
#2989 = ( GEOMETRIC_REPRESENTATION_CONTEXT(2) 
PARAMETRIC_REPRESENTATION_CONTEXT() REPRESENTATION_CONTEXT('2D SPACE',''
  ) );
#2990 = ADVANCED_FACE('',(#2991),#638,.T.);
#2991 = FACE_BOUND('',#2992,.T.);
#2992 = EDGE_LOOP('',(#2993,#2994,#3018,#3039));
#2993 = ORIENTED_EDGE('',*,*,#2892,.F.);
#2994 = ORIENTED_EDGE('',*,*,#2995,.T.);
#2995 = EDGE_CURVE('',#2893,#2996,#2998,.T.);
#2996 = VERTEX_POINT('',#2997);
#2997 = CARTESIAN_POINT('',(65.018400232888,-44.87323958837,10.5));
#2998 = SURFACE_CURVE('',#2999,(#3004,#3011),.PCURVE_S1.);
#2999 = CIRCLE('',#3000,79.);
#3000 = AXIS2_PLACEMENT_3D('',#3001,#3002,#3003);
#3001 = CARTESIAN_POINT('',(0.,0.,10.5));
#3002 = DIRECTION('',(0.,0.,1.));
#3003 = DIRECTION('',(-0.339388256462,0.940646379558,0.));
#3004 = PCURVE('',#638,#3005);
#3005 = DEFINITIONAL_REPRESENTATION('',(#3006),#3010);
#3006 = LINE('',#3007,#3008);
#3007 = CARTESIAN_POINT('',(1.917062804161,0.));
#3008 = VECTOR('',#3009,1.);
#3009 = DIRECTION('',(1.,0.));
#3010 = ( GEOMETRIC_REPRESENTATION_CONTEXT(2) 
PARAMETRIC_REPRESENTATION_CONTEXT() REPRESENTATION_CONTEXT('2D SPACE',''
  ) );
#3011 = PCURVE('',#43,#3012);
#3012 = DEFINITIONAL_REPRESENTATION('',(#3013),#3017);
#3013 = CIRCLE('',#3014,79.);
#3014 = AXIS2_PLACEMENT_2D('',#3015,#3016);
#3015 = CARTESIAN_POINT('',(0.,0.));
#3016 = DIRECTION('',(-0.339388256462,0.940646379558));
#3017 = ( GEOMETRIC_REPRESENTATION_CONTEXT(2) 
PARAMETRIC_REPRESENTATION_CONTEXT() REPRESENTATION_CONTEXT('2D SPACE',''
  ) );
#3018 = ORIENTED_EDGE('',*,*,#3019,.T.);
#3019 = EDGE_CURVE('',#2996,#618,#3020,.T.);
#3020 = SURFACE_CURVE('',#3021,(#3025,#3032),.PCURVE_S1.);
#3021 = LINE('',#3022,#3023);
#3022 = CARTESIAN_POINT('',(65.018400232888,-44.87323958837,10.5));
#3023 = VECTOR('',#3024,1.);
#3024 = DIRECTION('',(0.,0.,1.));
#3025 = PCURVE('',#638,#3026);
#3026 = DEFINITIONAL_REPRESENTATION('',(#3027),#3031);
#3027 = LINE('',#3028,#3029);
#3028 = CARTESIAN_POINT('',(5.679092479741,0.));
#3029 = VECTOR('',#3030,1.);
#3030 = DIRECTION('',(0.,1.));
#3031 = ( GEOMETRIC_REPRESENTATION_CONTEXT(2) 
PARAMETRIC_REPRESENTATION_CONTEXT() REPRESENTATION_CONTEXT('2D SPACE',''
  ) );
#3032 = PCURVE('',#667,#3033);
#3033 = DEFINITIONAL_REPRESENTATION('',(#3034),#3038);
#3034 = LINE('',#3035,#3036);
#3035 = CARTESIAN_POINT('',(-6.069805042576,0.));
#3036 = VECTOR('',#3037,1.);
#3037 = DIRECTION('',(-0.,-1.));
#3038 = ( GEOMETRIC_REPRESENTATION_CONTEXT(2) 
PARAMETRIC_REPRESENTATION_CONTEXT() REPRESENTATION_CONTEXT('2D SPACE',''
  ) );
#3039 = ORIENTED_EDGE('',*,*,#617,.T.);
#3040 = ADVANCED_FACE('',(#3041),#458,.T.);
#3041 = FACE_BOUND('',#3042,.T.);
#3042 = EDGE_LOOP('',(#3043,#3065,#3087,#3088));
#3043 = ORIENTED_EDGE('',*,*,#3044,.F.);
#3044 = EDGE_CURVE('',#3045,#405,#3047,.T.);
#3045 = VERTEX_POINT('',#3046);
#3046 = CARTESIAN_POINT('',(-26.81167226048,74.311063985091,10.5));
#3047 = SURFACE_CURVE('',#3048,(#3052,#3058),.PCURVE_S1.);
#3048 = LINE('',#3049,#3050);
#3049 = CARTESIAN_POINT('',(-26.81167226048,74.311063985091,10.5));
#3050 = VECTOR('',#3051,1.);
#3051 = DIRECTION('',(0.,0.,1.));
#3052 = PCURVE('',#458,#3053);
#3053 = DEFINITIONAL_REPRESENTATION('',(#3054),#3057);
#3054 = B_SPLINE_CURVE_WITH_KNOTS('',1,(#3055,#3056),.UNSPECIFIED.,.F.,
  .F.,(2,2),(0.,8.),.PIECEWISE_BEZIER_KNOTS.);
#3055 = CARTESIAN_POINT('',(1.917062804161,0.));
#3056 = CARTESIAN_POINT('',(1.917062804161,8.));
#3057 = ( GEOMETRIC_REPRESENTATION_CONTEXT(2) 
PARAMETRIC_REPRESENTATION_CONTEXT() REPRESENTATION_CONTEXT('2D SPACE',''
  ) );
#3058 = PCURVE('',#425,#3059);
#3059 = DEFINITIONAL_REPRESENTATION('',(#3060),#3064);
#3060 = LINE('',#3061,#3062);
#3061 = CARTESIAN_POINT('',(2.928212388986,0.));
#3062 = VECTOR('',#3063,1.);
#3063 = DIRECTION('',(0.,-1.));
#3064 = ( GEOMETRIC_REPRESENTATION_CONTEXT(2) 
PARAMETRIC_REPRESENTATION_CONTEXT() REPRESENTATION_CONTEXT('2D SPACE',''
  ) );
#3065 = ORIENTED_EDGE('',*,*,#3066,.T.);
#3066 = EDGE_CURVE('',#3045,#2947,#3067,.T.);
#3067 = SURFACE_CURVE('',#3068,(#3073,#3080),.PCURVE_S1.);
#3068 = CIRCLE('',#3069,79.);
#3069 = AXIS2_PLACEMENT_3D('',#3070,#3071,#3072);
#3070 = CARTESIAN_POINT('',(0.,0.,10.5));
#3071 = DIRECTION('',(0.,0.,1.));
#3072 = DIRECTION('',(-0.339388256462,0.940646379558,0.));
#3073 = PCURVE('',#458,#3074);
#3074 = DEFINITIONAL_REPRESENTATION('',(#3075),#3079);
#3075 = LINE('',#3076,#3077);
#3076 = CARTESIAN_POINT('',(1.917062804161,0.));
#3077 = VECTOR('',#3078,1.);
#3078 = DIRECTION('',(1.,0.));
#3079 = ( GEOMETRIC_REPRESENTATION_CONTEXT(2) 
PARAMETRIC_REPRESENTATION_CONTEXT() REPRESENTATION_CONTEXT('2D SPACE',''
  ) );
#3080 = PCURVE('',#43,#3081);
#3081 = DEFINITIONAL_REPRESENTATION('',(#3082),#3086);
#3082 = CIRCLE('',#3083,79.);
#3083 = AXIS2_PLACEMENT_2D('',#3084,#3085);
#3084 = CARTESIAN_POINT('',(0.,0.));
#3085 = DIRECTION('',(-0.339388256462,0.940646379558));
#3086 = ( GEOMETRIC_REPRESENTATION_CONTEXT(2) 
PARAMETRIC_REPRESENTATION_CONTEXT() REPRESENTATION_CONTEXT('2D SPACE',''
  ) );
#3087 = ORIENTED_EDGE('',*,*,#2946,.T.);
#3088 = ORIENTED_EDGE('',*,*,#437,.T.);
#3089 = ADVANCED_FACE('',(#3090),#667,.F.);
#3090 = FACE_BOUND('',#3091,.T.);
#3091 = EDGE_LOOP('',(#3092,#3115,#3116,#3117));
#3092 = ORIENTED_EDGE('',*,*,#3093,.T.);
#3093 = EDGE_CURVE('',#3094,#651,#3096,.T.);
#3094 = VERTEX_POINT('',#3095);
#3095 = CARTESIAN_POINT('',(72.241590825911,-42.73350623271,10.5));
#3096 = SURFACE_CURVE('',#3097,(#3101,#3108),.PCURVE_S1.);
#3097 = LINE('',#3098,#3099);
#3098 = CARTESIAN_POINT('',(72.241590825911,-42.73350623271,10.5));
#3099 = VECTOR('',#3100,1.);
#3100 = DIRECTION('',(0.,0.,1.));
#3101 = PCURVE('',#667,#3102);
#3102 = DEFINITIONAL_REPRESENTATION('',(#3103),#3107);
#3103 = LINE('',#3104,#3105);
#3104 = CARTESIAN_POINT('',(-4.712388980385,0.));
#3105 = VECTOR('',#3106,1.);
#3106 = DIRECTION('',(-0.,-1.));
#3107 = ( GEOMETRIC_REPRESENTATION_CONTEXT(2) 
PARAMETRIC_REPRESENTATION_CONTEXT() REPRESENTATION_CONTEXT('2D SPACE',''
  ) );
#3108 = PCURVE('',#695,#3109);
#3109 = DEFINITIONAL_REPRESENTATION('',(#3110),#3114);
#3110 = LINE('',#3111,#3112);
#3111 = CARTESIAN_POINT('',(0.,9.072257703761));
#3112 = VECTOR('',#3113,1.);
#3113 = DIRECTION('',(1.,0.));
#3114 = ( GEOMETRIC_REPRESENTATION_CONTEXT(2) 
PARAMETRIC_REPRESENTATION_CONTEXT() REPRESENTATION_CONTEXT('2D SPACE',''
  ) );
#3115 = ORIENTED_EDGE('',*,*,#650,.T.);
#3116 = ORIENTED_EDGE('',*,*,#3019,.F.);
#3117 = ORIENTED_EDGE('',*,*,#3118,.F.);
#3118 = EDGE_CURVE('',#3094,#2996,#3119,.T.);
#3119 = SURFACE_CURVE('',#3120,(#3125,#3132),.PCURVE_S1.);
#3120 = CIRCLE('',#3121,6.);
#3121 = AXIS2_PLACEMENT_3D('',#3122,#3123,#3124);
#3122 = CARTESIAN_POINT('',(69.956506579689,-48.28133373433,10.5));
#3123 = DIRECTION('',(0.,0.,1.));
#3124 = DIRECTION('',(-0.924637916936,0.38084737437,0.));
#3125 = PCURVE('',#667,#3126);
#3126 = DEFINITIONAL_REPRESENTATION('',(#3127),#3131);
#3127 = LINE('',#3128,#3129);
#3128 = CARTESIAN_POINT('',(-0.,0.));
#3129 = VECTOR('',#3130,1.);
#3130 = DIRECTION('',(-1.,0.));
#3131 = ( GEOMETRIC_REPRESENTATION_CONTEXT(2) 
PARAMETRIC_REPRESENTATION_CONTEXT() REPRESENTATION_CONTEXT('2D SPACE',''
  ) );
#3132 = PCURVE('',#43,#3133);
#3133 = DEFINITIONAL_REPRESENTATION('',(#3134),#3138);
#3134 = CIRCLE('',#3135,6.);
#3135 = AXIS2_PLACEMENT_2D('',#3136,#3137);
#3136 = CARTESIAN_POINT('',(69.956506579689,-48.28133373433));
#3137 = DIRECTION('',(-0.924637916936,0.38084737437));
#3138 = ( GEOMETRIC_REPRESENTATION_CONTEXT(2) 
PARAMETRIC_REPRESENTATION_CONTEXT() REPRESENTATION_CONTEXT('2D SPACE',''
  ) );
#3139 = ADVANCED_FACE('',(#3140),#425,.F.);
#3140 = FACE_BOUND('',#3141,.F.);
#3141 = EDGE_LOOP('',(#3142,#3165,#3166,#3167));
#3142 = ORIENTED_EDGE('',*,*,#3143,.T.);
#3143 = EDGE_CURVE('',#3144,#377,#3146,.T.);
#3144 = VERTEX_POINT('',#3145);
#3145 = CARTESIAN_POINT('',(-22.90090012393,80.749915006232,10.5));
#3146 = SURFACE_CURVE('',#3147,(#3151,#3158),.PCURVE_S1.);
#3147 = LINE('',#3148,#3149);
#3148 = CARTESIAN_POINT('',(-22.90090012393,80.749915006232,10.5));
#3149 = VECTOR('',#3150,1.);
#3150 = DIRECTION('',(0.,0.,1.));
#3151 = PCURVE('',#425,#3152);
#3152 = DEFINITIONAL_REPRESENTATION('',(#3153),#3157);
#3153 = LINE('',#3154,#3155);
#3154 = CARTESIAN_POINT('',(1.570796326795,0.));
#3155 = VECTOR('',#3156,1.);
#3156 = DIRECTION('',(0.,-1.));
#3157 = ( GEOMETRIC_REPRESENTATION_CONTEXT(2) 
PARAMETRIC_REPRESENTATION_CONTEXT() REPRESENTATION_CONTEXT('2D SPACE',''
  ) );
#3158 = PCURVE('',#392,#3159);
#3159 = DEFINITIONAL_REPRESENTATION('',(#3160),#3164);
#3160 = LINE('',#3161,#3162);
#3161 = CARTESIAN_POINT('',(0.,9.072257703761));
#3162 = VECTOR('',#3163,1.);
#3163 = DIRECTION('',(1.,0.));
#3164 = ( GEOMETRIC_REPRESENTATION_CONTEXT(2) 
PARAMETRIC_REPRESENTATION_CONTEXT() REPRESENTATION_CONTEXT('2D SPACE',''
  ) );
#3165 = ORIENTED_EDGE('',*,*,#404,.T.);
#3166 = ORIENTED_EDGE('',*,*,#3044,.F.);
#3167 = ORIENTED_EDGE('',*,*,#3168,.F.);
#3168 = EDGE_CURVE('',#3144,#3045,#3169,.T.);
#3169 = SURFACE_CURVE('',#3170,(#3175,#3182),.PCURVE_S1.);
#3170 = CIRCLE('',#3171,6.);
#3171 = AXIS2_PLACEMENT_3D('',#3172,#3173,#3174);
#3172 = CARTESIAN_POINT('',(-28.84800179925,79.95494226244,10.5));
#3173 = DIRECTION('',(0.,0.,-1.));
#3174 = DIRECTION('',(-0.132495457299,0.991183612554,0.));
#3175 = PCURVE('',#425,#3176);
#3176 = DEFINITIONAL_REPRESENTATION('',(#3177),#3181);
#3177 = LINE('',#3178,#3179);
#3178 = CARTESIAN_POINT('',(0.,0.));
#3179 = VECTOR('',#3180,1.);
#3180 = DIRECTION('',(1.,0.));
#3181 = ( GEOMETRIC_REPRESENTATION_CONTEXT(2) 
PARAMETRIC_REPRESENTATION_CONTEXT() REPRESENTATION_CONTEXT('2D SPACE',''
  ) );
#3182 = PCURVE('',#43,#3183);
#3183 = DEFINITIONAL_REPRESENTATION('',(#3184),#3192);
#3184 = ( BOUNDED_CURVE() B_SPLINE_CURVE(2,(#3185,#3186,#3187,#3188,
#3189,#3190,#3191),.UNSPECIFIED.,.T.,.F.) B_SPLINE_CURVE_WITH_KNOTS((1,2
    ,2,2,2,1),(-2.094395102393,0.,2.094395102393,4.188790204786,
6.28318530718,8.377580409573),.UNSPECIFIED.) CURVE() 
GEOMETRIC_REPRESENTATION_ITEM() RATIONAL_B_SPLINE_CURVE((1.,0.5,1.,0.5,
1.,0.5,1.)) REPRESENTATION_ITEM('') );
#3185 = CARTESIAN_POINT('',(-29.64297454304,85.902043937763));
#3186 = CARTESIAN_POINT('',(-19.34229228361,87.278977120642));
#3187 = CARTESIAN_POINT('',(-23.30017429764,77.669858016218));
#3188 = CARTESIAN_POINT('',(-27.25805631167,68.060738911794));
#3189 = CARTESIAN_POINT('',(-33.60085655707,76.292924833339));
#3190 = CARTESIAN_POINT('',(-39.94365680248,84.525110754883));
#3191 = CARTESIAN_POINT('',(-29.64297454304,85.902043937763));
#3192 = ( GEOMETRIC_REPRESENTATION_CONTEXT(2) 
PARAMETRIC_REPRESENTATION_CONTEXT() REPRESENTATION_CONTEXT('2D SPACE',''
  ) );
#3193 = ADVANCED_FACE('',(#3194),#695,.F.);
#3194 = FACE_BOUND('',#3195,.F.);
#3195 = EDGE_LOOP('',(#3196,#3219,#3220,#3221,#3242,#3270,#3298));
#3196 = ORIENTED_EDGE('',*,*,#3197,.F.);
#3197 = EDGE_CURVE('',#3094,#3198,#3200,.T.);
#3198 = VERTEX_POINT('',#3199);
#3199 = CARTESIAN_POINT('',(103.33507641395,-55.54054359224,10.5));
#3200 = SURFACE_CURVE('',#3201,(#3205,#3212),.PCURVE_S1.);
#3201 = LINE('',#3202,#3203);
#3202 = CARTESIAN_POINT('',(63.853037360801,-39.27836070662,10.5));
#3203 = VECTOR('',#3204,1.);
#3204 = DIRECTION('',(0.924637916936,-0.38084737437,0.));
#3205 = PCURVE('',#695,#3206);
#3206 = DEFINITIONAL_REPRESENTATION('',(#3207),#3211);
#3207 = LINE('',#3208,#3209);
#3208 = CARTESIAN_POINT('',(0.,0.));
#3209 = VECTOR('',#3210,1.);
#3210 = DIRECTION('',(0.,1.));
#3211 = ( GEOMETRIC_REPRESENTATION_CONTEXT(2) 
PARAMETRIC_REPRESENTATION_CONTEXT() REPRESENTATION_CONTEXT('2D SPACE',''
  ) );
#3212 = PCURVE('',#43,#3213);
#3213 = DEFINITIONAL_REPRESENTATION('',(#3214),#3218);
#3214 = LINE('',#3215,#3216);
#3215 = CARTESIAN_POINT('',(63.853037360801,-39.27836070662));
#3216 = VECTOR('',#3217,1.);
#3217 = DIRECTION('',(0.924637916936,-0.38084737437));
#3218 = ( GEOMETRIC_REPRESENTATION_CONTEXT(2) 
PARAMETRIC_REPRESENTATION_CONTEXT() REPRESENTATION_CONTEXT('2D SPACE',''
  ) );
#3219 = ORIENTED_EDGE('',*,*,#3093,.T.);
#3220 = ORIENTED_EDGE('',*,*,#679,.T.);
#3221 = ORIENTED_EDGE('',*,*,#3222,.F.);
#3222 = EDGE_CURVE('',#3223,#680,#3225,.T.);
#3223 = VERTEX_POINT('',#3224);
#3224 = CARTESIAN_POINT('',(112.0548265285,-59.132105084,0.));
#3225 = SURFACE_CURVE('',#3226,(#3230,#3236),.PCURVE_S1.);
#3226 = LINE('',#3227,#3228);
#3227 = CARTESIAN_POINT('',(112.0548265285,-59.132105084,-0.5));
#3228 = VECTOR('',#3229,1.);
#3229 = DIRECTION('',(0.,0.,1.));
#3230 = PCURVE('',#695,#3231);
#3231 = DEFINITIONAL_REPRESENTATION('',(#3232),#3235);
#3232 = B_SPLINE_CURVE_WITH_KNOTS('',1,(#3233,#3234),.UNSPECIFIED.,.F.,
  .F.,(2,2),(-6.000000000173E-07,19.5000006),.PIECEWISE_BEZIER_KNOTS.);
#3233 = CARTESIAN_POINT('',(-11.0000006,52.130448346147));
#3234 = CARTESIAN_POINT('',(8.5000006,52.130448346147));
#3235 = ( GEOMETRIC_REPRESENTATION_CONTEXT(2) 
PARAMETRIC_REPRESENTATION_CONTEXT() REPRESENTATION_CONTEXT('2D SPACE',''
  ) );
#3236 = PCURVE('',#724,#3237);
#3237 = DEFINITIONAL_REPRESENTATION('',(#3238),#3241);
#3238 = B_SPLINE_CURVE_WITH_KNOTS('',1,(#3239,#3240),.UNSPECIFIED.,.F.,
  .F.,(2,2),(-6.000000000173E-07,19.5000006),.PIECEWISE_BEZIER_KNOTS.);
#3239 = CARTESIAN_POINT('',(5.797618651966,-6.000000000173E-07));
#3240 = CARTESIAN_POINT('',(5.797618651966,19.5000006));
#3241 = ( GEOMETRIC_REPRESENTATION_CONTEXT(2) 
PARAMETRIC_REPRESENTATION_CONTEXT() REPRESENTATION_CONTEXT('2D SPACE',''
  ) );
#3242 = ORIENTED_EDGE('',*,*,#3243,.F.);
#3243 = EDGE_CURVE('',#3244,#3223,#3246,.T.);
#3244 = VERTEX_POINT('',#3245);
#3245 = CARTESIAN_POINT('',(106.10899016476,-56.68308571535,0.));
#3246 = SURFACE_CURVE('',#3247,(#3251,#3258),.PCURVE_S1.);
#3247 = LINE('',#3248,#3249);
#3248 = CARTESIAN_POINT('',(106.10899016476,-56.68308571535,0.));
#3249 = VECTOR('',#3250,1.);
#3250 = DIRECTION('',(0.924637916936,-0.38084737437,0.));
#3251 = PCURVE('',#695,#3252);
#3252 = DEFINITIONAL_REPRESENTATION('',(#3253),#3257);
#3253 = LINE('',#3254,#3255);
#3254 = CARTESIAN_POINT('',(-10.5,45.7));
#3255 = VECTOR('',#3256,1.);
#3256 = DIRECTION('',(0.,1.));
#3257 = ( GEOMETRIC_REPRESENTATION_CONTEXT(2) 
PARAMETRIC_REPRESENTATION_CONTEXT() REPRESENTATION_CONTEXT('2D SPACE',''
  ) );
#3258 = PCURVE('',#3259,#3264);
#3259 = PLANE('',#3260);
#3260 = AXIS2_PLACEMENT_3D('',#3261,#3262,#3263);
#3261 = CARTESIAN_POINT('',(106.10899016476,-56.68308571535,0.));
#3262 = DIRECTION('',(0.,0.,1.));
#3263 = DIRECTION('',(0.924637916936,-0.38084737437,0.));
#3264 = DEFINITIONAL_REPRESENTATION('',(#3265),#3269);
#3265 = LINE('',#3266,#3267);
#3266 = CARTESIAN_POINT('',(0.,0.));
#3267 = VECTOR('',#3268,1.);
#3268 = DIRECTION('',(1.,0.));
#3269 = ( GEOMETRIC_REPRESENTATION_CONTEXT(2) 
PARAMETRIC_REPRESENTATION_CONTEXT() REPRESENTATION_CONTEXT('2D SPACE',''
  ) );
#3270 = ORIENTED_EDGE('',*,*,#3271,.T.);
#3271 = EDGE_CURVE('',#3244,#3272,#3274,.T.);
#3272 = VERTEX_POINT('',#3273);
#3273 = CARTESIAN_POINT('',(106.10899016476,-56.68308571535,7.5));
#3274 = SURFACE_CURVE('',#3275,(#3279,#3286),.PCURVE_S1.);
#3275 = LINE('',#3276,#3277);
#3276 = CARTESIAN_POINT('',(106.10899016476,-56.68308571535,0.));
#3277 = VECTOR('',#3278,1.);
#3278 = DIRECTION('',(0.,0.,1.));
#3279 = PCURVE('',#695,#3280);
#3280 = DEFINITIONAL_REPRESENTATION('',(#3281),#3285);
#3281 = LINE('',#3282,#3283);
#3282 = CARTESIAN_POINT('',(-10.5,45.7));
#3283 = VECTOR('',#3284,1.);
#3284 = DIRECTION('',(1.,0.));
#3285 = ( GEOMETRIC_REPRESENTATION_CONTEXT(2) 
PARAMETRIC_REPRESENTATION_CONTEXT() REPRESENTATION_CONTEXT('2D SPACE',''
  ) );
#3286 = PCURVE('',#3287,#3292);
#3287 = PLANE('',#3288);
#3288 = AXIS2_PLACEMENT_3D('',#3289,#3290,#3291);
#3289 = CARTESIAN_POINT('',(106.10899016476,-56.68308571535,0.));
#3290 = DIRECTION('',(0.924637916936,-0.38084737437,0.));
#3291 = DIRECTION('',(0.,0.,1.));
#3292 = DEFINITIONAL_REPRESENTATION('',(#3293),#3297);
#3293 = LINE('',#3294,#3295);
#3294 = CARTESIAN_POINT('',(0.,0.));
#3295 = VECTOR('',#3296,1.);
#3296 = DIRECTION('',(1.,0.));
#3297 = ( GEOMETRIC_REPRESENTATION_CONTEXT(2) 
PARAMETRIC_REPRESENTATION_CONTEXT() REPRESENTATION_CONTEXT('2D SPACE',''
  ) );
#3298 = ORIENTED_EDGE('',*,*,#3299,.F.);
#3299 = EDGE_CURVE('',#3198,#3272,#3300,.T.);
#3300 = SURFACE_CURVE('',#3301,(#3306,#3313),.PCURVE_S1.);
#3301 = CIRCLE('',#3302,3.);
#3302 = AXIS2_PLACEMENT_3D('',#3303,#3304,#3305);
#3303 = CARTESIAN_POINT('',(103.33507641395,-55.54054359224,7.5));
#3304 = DIRECTION('',(0.38084737437,0.924637916936,-0.));
#3305 = DIRECTION('',(0.,0.,1.));
#3306 = PCURVE('',#695,#3307);
#3307 = DEFINITIONAL_REPRESENTATION('',(#3308),#3312);
#3308 = CIRCLE('',#3309,3.);
#3309 = AXIS2_PLACEMENT_2D('',#3310,#3311);
#3310 = CARTESIAN_POINT('',(-3.,42.7));
#3311 = DIRECTION('',(1.,0.));
#3312 = ( GEOMETRIC_REPRESENTATION_CONTEXT(2) 
PARAMETRIC_REPRESENTATION_CONTEXT() REPRESENTATION_CONTEXT('2D SPACE',''
  ) );
#3313 = PCURVE('',#3314,#3319);
#3314 = CYLINDRICAL_SURFACE('',#3315,3.);
#3315 = AXIS2_PLACEMENT_3D('',#3316,#3317,#3318);
#3316 = CARTESIAN_POINT('',(102.95422903958,-56.46518150917,7.5));
#3317 = DIRECTION('',(0.38084737437,0.924637916936,0.));
#3318 = DIRECTION('',(0.,0.,1.));
#3319 = DEFINITIONAL_REPRESENTATION('',(#3320),#3324);
#3320 = LINE('',#3321,#3322);
#3321 = CARTESIAN_POINT('',(0.,1.));
#3322 = VECTOR('',#3323,1.);
#3323 = DIRECTION('',(1.,0.));
#3324 = ( GEOMETRIC_REPRESENTATION_CONTEXT(2) 
PARAMETRIC_REPRESENTATION_CONTEXT() REPRESENTATION_CONTEXT('2D SPACE',''
  ) );
#3325 = ADVANCED_FACE('',(#3326),#3259,.F.);
#3326 = FACE_BOUND('',#3327,.F.);
#3327 = EDGE_LOOP('',(#3328,#3353,#3374,#3375));
#3328 = ORIENTED_EDGE('',*,*,#3329,.F.);
#3329 = EDGE_CURVE('',#3330,#3332,#3334,.T.);
#3330 = VERTEX_POINT('',#3331);
#3331 = CARTESIAN_POINT('',(115.24932714965,-34.49177570889,0.));
#3332 = VERTEX_POINT('',#3333);
#3333 = CARTESIAN_POINT('',(121.19516351339,-36.94079507754,0.));
#3334 = SURFACE_CURVE('',#3335,(#3339,#3346),.PCURVE_S1.);
#3335 = LINE('',#3336,#3337);
#3336 = CARTESIAN_POINT('',(115.24932714965,-34.49177570889,0.));
#3337 = VECTOR('',#3338,1.);
#3338 = DIRECTION('',(0.924637916936,-0.38084737437,0.));
#3339 = PCURVE('',#3259,#3340);
#3340 = DEFINITIONAL_REPRESENTATION('',(#3341),#3345);
#3341 = LINE('',#3342,#3343);
#3342 = CARTESIAN_POINT('',(8.881784197001E-15,24.));
#3343 = VECTOR('',#3344,1.);
#3344 = DIRECTION('',(1.,0.));
#3345 = ( GEOMETRIC_REPRESENTATION_CONTEXT(2) 
PARAMETRIC_REPRESENTATION_CONTEXT() REPRESENTATION_CONTEXT('2D SPACE',''
  ) );
#3346 = PCURVE('',#752,#3347);
#3347 = DEFINITIONAL_REPRESENTATION('',(#3348),#3352);
#3348 = LINE('',#3349,#3350);
#3349 = CARTESIAN_POINT('',(-10.5,45.7));
#3350 = VECTOR('',#3351,1.);
#3351 = DIRECTION('',(0.,1.));
#3352 = ( GEOMETRIC_REPRESENTATION_CONTEXT(2) 
PARAMETRIC_REPRESENTATION_CONTEXT() REPRESENTATION_CONTEXT('2D SPACE',''
  ) );
#3353 = ORIENTED_EDGE('',*,*,#3354,.F.);
#3354 = EDGE_CURVE('',#3244,#3330,#3355,.T.);
#3355 = SURFACE_CURVE('',#3356,(#3360,#3367),.PCURVE_S1.);
#3356 = LINE('',#3357,#3358);
#3357 = CARTESIAN_POINT('',(106.10899016476,-56.68308571535,0.));
#3358 = VECTOR('',#3359,1.);
#3359 = DIRECTION('',(0.38084737437,0.924637916936,0.));
#3360 = PCURVE('',#3259,#3361);
#3361 = DEFINITIONAL_REPRESENTATION('',(#3362),#3366);
#3362 = LINE('',#3363,#3364);
#3363 = CARTESIAN_POINT('',(0.,0.));
#3364 = VECTOR('',#3365,1.);
#3365 = DIRECTION('',(0.,1.));
#3366 = ( GEOMETRIC_REPRESENTATION_CONTEXT(2) 
PARAMETRIC_REPRESENTATION_CONTEXT() REPRESENTATION_CONTEXT('2D SPACE',''
  ) );
#3367 = PCURVE('',#3287,#3368);
#3368 = DEFINITIONAL_REPRESENTATION('',(#3369),#3373);
#3369 = LINE('',#3370,#3371);
#3370 = CARTESIAN_POINT('',(0.,0.));
#3371 = VECTOR('',#3372,1.);
#3372 = DIRECTION('',(0.,-1.));
#3373 = ( GEOMETRIC_REPRESENTATION_CONTEXT(2) 
PARAMETRIC_REPRESENTATION_CONTEXT() REPRESENTATION_CONTEXT('2D SPACE',''
  ) );
#3374 = ORIENTED_EDGE('',*,*,#3243,.T.);
#3375 = ORIENTED_EDGE('',*,*,#3376,.T.);
#3376 = EDGE_CURVE('',#3223,#3332,#3377,.T.);
#3377 = SURFACE_CURVE('',#3378,(#3383,#3390),.PCURVE_S1.);
#3378 = CIRCLE('',#3379,126.7);
#3379 = AXIS2_PLACEMENT_3D('',#3380,#3381,#3382);
#3380 = CARTESIAN_POINT('',(0.,0.,0.));
#3381 = DIRECTION('',(0.,0.,1.));
#3382 = DIRECTION('',(1.,0.,-0.));
#3383 = PCURVE('',#3259,#3384);
#3384 = DEFINITIONAL_REPRESENTATION('',(#3385),#3389);
#3385 = CIRCLE('',#3386,126.7);
#3386 = AXIS2_PLACEMENT_2D('',#3387,#3388);
#3387 = CARTESIAN_POINT('',(-119.7,12.));
#3388 = DIRECTION('',(0.924637916936,0.38084737437));
#3389 = ( GEOMETRIC_REPRESENTATION_CONTEXT(2) 
PARAMETRIC_REPRESENTATION_CONTEXT() REPRESENTATION_CONTEXT('2D SPACE',''
  ) );
#3390 = PCURVE('',#724,#3391);
#3391 = DEFINITIONAL_REPRESENTATION('',(#3392),#3396);
#3392 = LINE('',#3393,#3394);
#3393 = CARTESIAN_POINT('',(0.,0.5));
#3394 = VECTOR('',#3395,1.);
#3395 = DIRECTION('',(1.,0.));
#3396 = ( GEOMETRIC_REPRESENTATION_CONTEXT(2) 
PARAMETRIC_REPRESENTATION_CONTEXT() REPRESENTATION_CONTEXT('2D SPACE',''
  ) );
#3397 = ADVANCED_FACE('',(#3398),#3287,.F.);
#3398 = FACE_BOUND('',#3399,.F.);
#3399 = EDGE_LOOP('',(#3400,#3401,#3402,#3425,#3448,#3477,#3503,#3529,
    #3555,#3579));
#3400 = ORIENTED_EDGE('',*,*,#3271,.F.);
#3401 = ORIENTED_EDGE('',*,*,#3354,.T.);
#3402 = ORIENTED_EDGE('',*,*,#3403,.T.);
#3403 = EDGE_CURVE('',#3330,#3404,#3406,.T.);
#3404 = VERTEX_POINT('',#3405);
#3405 = CARTESIAN_POINT('',(115.24932714965,-34.49177570889,7.5));
#3406 = SURFACE_CURVE('',#3407,(#3411,#3418),.PCURVE_S1.);
#3407 = LINE('',#3408,#3409);
#3408 = CARTESIAN_POINT('',(115.24932714965,-34.49177570889,0.));
#3409 = VECTOR('',#3410,1.);
#3410 = DIRECTION('',(0.,0.,1.));
#3411 = PCURVE('',#3287,#3412);
#3412 = DEFINITIONAL_REPRESENTATION('',(#3413),#3417);
#3413 = LINE('',#3414,#3415);
#3414 = CARTESIAN_POINT('',(0.,-24.));
#3415 = VECTOR('',#3416,1.);
#3416 = DIRECTION('',(1.,0.));
#3417 = ( GEOMETRIC_REPRESENTATION_CONTEXT(2) 
PARAMETRIC_REPRESENTATION_CONTEXT() REPRESENTATION_CONTEXT('2D SPACE',''
  ) );
#3418 = PCURVE('',#752,#3419);
#3419 = DEFINITIONAL_REPRESENTATION('',(#3420),#3424);
#3420 = LINE('',#3421,#3422);
#3421 = CARTESIAN_POINT('',(-10.5,45.7));
#3422 = VECTOR('',#3423,1.);
#3423 = DIRECTION('',(1.,0.));
#3424 = ( GEOMETRIC_REPRESENTATION_CONTEXT(2) 
PARAMETRIC_REPRESENTATION_CONTEXT() REPRESENTATION_CONTEXT('2D SPACE',''
  ) );
#3425 = ORIENTED_EDGE('',*,*,#3426,.F.);
#3426 = EDGE_CURVE('',#3427,#3404,#3429,.T.);
#3427 = VERTEX_POINT('',#3428);
#3428 = CARTESIAN_POINT('',(110.93746191382,-44.96031076536,7.5));
#3429 = SURFACE_CURVE('',#3430,(#3434,#3441),.PCURVE_S1.);
#3430 = LINE('',#3431,#3432);
#3431 = CARTESIAN_POINT('',(105.72814279039,-57.60772363228,7.5));
#3432 = VECTOR('',#3433,1.);
#3433 = DIRECTION('',(0.38084737437,0.924637916936,0.));
#3434 = PCURVE('',#3287,#3435);
#3435 = DEFINITIONAL_REPRESENTATION('',(#3436),#3440);
#3436 = LINE('',#3437,#3438);
#3437 = CARTESIAN_POINT('',(7.5,1.));
#3438 = VECTOR('',#3439,1.);
#3439 = DIRECTION('',(0.,-1.));
#3440 = ( GEOMETRIC_REPRESENTATION_CONTEXT(2) 
PARAMETRIC_REPRESENTATION_CONTEXT() REPRESENTATION_CONTEXT('2D SPACE',''
  ) );
#3441 = PCURVE('',#3314,#3442);
#3442 = DEFINITIONAL_REPRESENTATION('',(#3443),#3447);
#3443 = LINE('',#3444,#3445);
#3444 = CARTESIAN_POINT('',(1.570796326795,0.));
#3445 = VECTOR('',#3446,1.);
#3446 = DIRECTION('',(0.,1.));
#3447 = ( GEOMETRIC_REPRESENTATION_CONTEXT(2) 
PARAMETRIC_REPRESENTATION_CONTEXT() REPRESENTATION_CONTEXT('2D SPACE',''
  ) );
#3448 = ORIENTED_EDGE('',*,*,#3449,.F.);
#3449 = EDGE_CURVE('',#3450,#3427,#3452,.T.);
#3450 = VERTEX_POINT('',#3451);
#3451 = CARTESIAN_POINT('',(111.31201309559,-44.05095902028,
    3.588299064212));
#3452 = SURFACE_CURVE('',#3453,(#3458,#3465),.PCURVE_S1.);
#3453 = CIRCLE('',#3454,2.35);
#3454 = AXIS2_PLACEMENT_3D('',#3455,#3456,#3457);
#3455 = CARTESIAN_POINT('',(110.6791586572,-45.58743071212,5.25));
#3456 = DIRECTION('',(0.924637916936,-0.38084737437,3.802513859341E-15)
  );
#3457 = DIRECTION('',(0.269299761014,0.653817741207,-0.707106781187));
#3458 = PCURVE('',#3287,#3459);
#3459 = DEFINITIONAL_REPRESENTATION('',(#3460),#3464);
#3460 = CIRCLE('',#3461,2.35);
#3461 = AXIS2_PLACEMENT_2D('',#3462,#3463);
#3462 = CARTESIAN_POINT('',(5.25,-12.));
#3463 = DIRECTION('',(-0.707106781187,-0.707106781187));
#3464 = ( GEOMETRIC_REPRESENTATION_CONTEXT(2) 
PARAMETRIC_REPRESENTATION_CONTEXT() REPRESENTATION_CONTEXT('2D SPACE',''
  ) );
#3465 = PCURVE('',#3466,#3471);
#3466 = CYLINDRICAL_SURFACE('',#3467,2.35);
#3467 = AXIS2_PLACEMENT_3D('',#3468,#3469,#3470);
#3468 = CARTESIAN_POINT('',(106.98060698946,-44.06404121464,5.25));
#3469 = DIRECTION('',(-0.924637916936,0.38084737437,0.));
#3470 = DIRECTION('',(-0.38084737437,-0.924637916936,0.));
#3471 = DEFINITIONAL_REPRESENTATION('',(#3472),#3476);
#3472 = LINE('',#3473,#3474);
#3473 = CARTESIAN_POINT('',(10.210176124167,-4.));
#3474 = VECTOR('',#3475,1.);
#3475 = DIRECTION('',(-1.,-0.));
#3476 = ( GEOMETRIC_REPRESENTATION_CONTEXT(2) 
PARAMETRIC_REPRESENTATION_CONTEXT() REPRESENTATION_CONTEXT('2D SPACE',''
  ) );
#3477 = ORIENTED_EDGE('',*,*,#3478,.F.);
#3478 = EDGE_CURVE('',#3479,#3450,#3481,.T.);
#3479 = VERTEX_POINT('',#3480);
#3480 = CARTESIAN_POINT('',(110.87087793825,-45.1219662542,2.43));
#3481 = SURFACE_CURVE('',#3482,(#3486,#3492),.PCURVE_S1.);
#3482 = LINE('',#3483,#3484);
#3483 = CARTESIAN_POINT('',(109.66960879362,-48.03846003707,
    -0.724200935788));
#3484 = VECTOR('',#3485,1.);
#3485 = DIRECTION('',(0.269299761014,0.653817741207,0.707106781187));
#3486 = PCURVE('',#3287,#3487);
#3487 = DEFINITIONAL_REPRESENTATION('',(#3488),#3491);
#3488 = B_SPLINE_CURVE_WITH_KNOTS('',1,(#3489,#3490),.UNSPECIFIED.,.F.,
  .F.,(2,2),(4.460713741842,6.098795987734),.PIECEWISE_BEZIER_KNOTS.);
#3489 = CARTESIAN_POINT('',(2.43,-12.50340187157));
#3490 = CARTESIAN_POINT('',(3.588299064212,-13.66170093578));
#3491 = ( GEOMETRIC_REPRESENTATION_CONTEXT(2) 
PARAMETRIC_REPRESENTATION_CONTEXT() REPRESENTATION_CONTEXT('2D SPACE',''
  ) );
#3492 = PCURVE('',#3493,#3498);
#3493 = PLANE('',#3494);
#3494 = AXIS2_PLACEMENT_3D('',#3495,#3496,#3497);
#3495 = CARTESIAN_POINT('',(107.61346142784,-42.5275695228,
    3.588299064212));
#3496 = DIRECTION('',(0.269299761014,0.653817741207,-0.707106781187));
#3497 = DIRECTION('',(-0.269299761014,-0.653817741207,-0.707106781187));
#3498 = DEFINITIONAL_REPRESENTATION('',(#3499),#3502);
#3499 = B_SPLINE_CURVE_WITH_KNOTS('',1,(#3500,#3501),.UNSPECIFIED.,.F.,
  .F.,(2,2),(4.460713741842,6.098795987734),.PIECEWISE_BEZIER_KNOTS.);
#3500 = CARTESIAN_POINT('',(1.638082245892,-4.));
#3501 = CARTESIAN_POINT('',(0.,-4.));
#3502 = ( GEOMETRIC_REPRESENTATION_CONTEXT(2) 
PARAMETRIC_REPRESENTATION_CONTEXT() REPRESENTATION_CONTEXT('2D SPACE',''
  ) );
#3503 = ORIENTED_EDGE('',*,*,#3504,.F.);
#3504 = EDGE_CURVE('',#3505,#3479,#3507,.T.);
#3505 = VERTEX_POINT('',#3506);
#3506 = CARTESIAN_POINT('',(110.48743937616,-46.05289517003,2.43));
#3507 = SURFACE_CURVE('',#3508,(#3512,#3518),.PCURVE_S1.);
#3508 = LINE('',#3509,#3510);
#3509 = CARTESIAN_POINT('',(108.4899340515,-50.90252598477,2.43));
#3510 = VECTOR('',#3511,1.);
#3511 = DIRECTION('',(0.38084737437,0.924637916936,0.));
#3512 = PCURVE('',#3287,#3513);
#3513 = DEFINITIONAL_REPRESENTATION('',(#3514),#3517);
#3514 = B_SPLINE_CURVE_WITH_KNOTS('',1,(#3515,#3516),.UNSPECIFIED.,.F.,
  .F.,(2,2),(5.244897192635,6.251700935788),.PIECEWISE_BEZIER_KNOTS.);
#3515 = CARTESIAN_POINT('',(2.43,-11.49659812842));
#3516 = CARTESIAN_POINT('',(2.43,-12.50340187157));
#3517 = ( GEOMETRIC_REPRESENTATION_CONTEXT(2) 
PARAMETRIC_REPRESENTATION_CONTEXT() REPRESENTATION_CONTEXT('2D SPACE',''
  ) );
#3518 = PCURVE('',#3519,#3524);
#3519 = PLANE('',#3520);
#3520 = AXIS2_PLACEMENT_3D('',#3521,#3522,#3523);
#3521 = CARTESIAN_POINT('',(107.1723262705,-43.59857675672,2.43));
#3522 = DIRECTION('',(0.,0.,-1.));
#3523 = DIRECTION('',(-0.38084737437,-0.924637916936,0.));
#3524 = DEFINITIONAL_REPRESENTATION('',(#3525),#3528);
#3525 = B_SPLINE_CURVE_WITH_KNOTS('',1,(#3526,#3527),.UNSPECIFIED.,.F.,
  .F.,(2,2),(5.244897192635,6.251700935788),.PIECEWISE_BEZIER_KNOTS.);
#3526 = CARTESIAN_POINT('',(1.006803743154,-4.));
#3527 = CARTESIAN_POINT('',(-1.33226762955E-14,-4.));
#3528 = ( GEOMETRIC_REPRESENTATION_CONTEXT(2) 
PARAMETRIC_REPRESENTATION_CONTEXT() REPRESENTATION_CONTEXT('2D SPACE',''
  ) );
#3529 = ORIENTED_EDGE('',*,*,#3530,.F.);
#3530 = EDGE_CURVE('',#3531,#3505,#3533,.T.);
#3531 = VERTEX_POINT('',#3532);
#3532 = CARTESIAN_POINT('',(110.04630421882,-47.12390240396,
    3.588299064212));
#3533 = SURFACE_CURVE('',#3534,(#3538,#3544),.PCURVE_S1.);
#3534 = LINE('',#3535,#3536);
#3535 = CARTESIAN_POINT('',(109.62419185324,-48.14872527182,
    4.696649532106));
#3536 = VECTOR('',#3537,1.);
#3537 = DIRECTION('',(0.269299761014,0.653817741207,-0.707106781187));
#3538 = PCURVE('',#3287,#3539);
#3539 = DEFINITIONAL_REPRESENTATION('',(#3540),#3543);
#3540 = B_SPLINE_CURVE_WITH_KNOTS('',1,(#3541,#3542),.UNSPECIFIED.,.F.,
  .F.,(2,2),(1.567444263559,3.205526509451),.PIECEWISE_BEZIER_KNOTS.);
#3541 = CARTESIAN_POINT('',(3.588299064212,-10.33829906421));
#3542 = CARTESIAN_POINT('',(2.43,-11.49659812842));
#3543 = ( GEOMETRIC_REPRESENTATION_CONTEXT(2) 
PARAMETRIC_REPRESENTATION_CONTEXT() REPRESENTATION_CONTEXT('2D SPACE',''
  ) );
#3544 = PCURVE('',#3545,#3550);
#3545 = PLANE('',#3546);
#3546 = AXIS2_PLACEMENT_3D('',#3547,#3548,#3549);
#3547 = CARTESIAN_POINT('',(106.78888770842,-44.52950567255,2.43));
#3548 = DIRECTION('',(-0.269299761014,-0.653817741207,-0.707106781187));
#3549 = DIRECTION('',(-0.269299761014,-0.653817741207,0.707106781187));
#3550 = DEFINITIONAL_REPRESENTATION('',(#3551),#3554);
#3551 = B_SPLINE_CURVE_WITH_KNOTS('',1,(#3552,#3553),.UNSPECIFIED.,.F.,
  .F.,(2,2),(1.567444263559,3.205526509451),.PIECEWISE_BEZIER_KNOTS.);
#3552 = CARTESIAN_POINT('',(1.638082245892,-4.));
#3553 = CARTESIAN_POINT('',(0.,-4.));
#3554 = ( GEOMETRIC_REPRESENTATION_CONTEXT(2) 
PARAMETRIC_REPRESENTATION_CONTEXT() REPRESENTATION_CONTEXT('2D SPACE',''
  ) );
#3555 = ORIENTED_EDGE('',*,*,#3556,.F.);
#3556 = EDGE_CURVE('',#3557,#3531,#3559,.T.);
#3557 = VERTEX_POINT('',#3558);
#3558 = CARTESIAN_POINT('',(110.42085540059,-46.21455065887,7.5));
#3559 = SURFACE_CURVE('',#3560,(#3565,#3572),.PCURVE_S1.);
#3560 = CIRCLE('',#3561,2.35);
#3561 = AXIS2_PLACEMENT_3D('',#3562,#3563,#3564);
#3562 = CARTESIAN_POINT('',(110.6791586572,-45.58743071212,5.25));
#3563 = DIRECTION('',(0.924637916936,-0.38084737437,-2.775557561563E-17)
  );
#3564 = DIRECTION('',(-0.109916279412,-0.266859551811,0.957446808511));
#3565 = PCURVE('',#3287,#3566);
#3566 = DEFINITIONAL_REPRESENTATION('',(#3567),#3571);
#3567 = CIRCLE('',#3568,2.35);
#3568 = AXIS2_PLACEMENT_2D('',#3569,#3570);
#3569 = CARTESIAN_POINT('',(5.25,-12.));
#3570 = DIRECTION('',(0.957446808511,0.288609786516));
#3571 = ( GEOMETRIC_REPRESENTATION_CONTEXT(2) 
PARAMETRIC_REPRESENTATION_CONTEXT() REPRESENTATION_CONTEXT('2D SPACE',''
  ) );
#3572 = PCURVE('',#3466,#3573);
#3573 = DEFINITIONAL_REPRESENTATION('',(#3574),#3578);
#3574 = LINE('',#3575,#3576);
#3575 = CARTESIAN_POINT('',(7.561207115386,-4.));
#3576 = VECTOR('',#3577,1.);
#3577 = DIRECTION('',(-1.,-0.));
#3578 = ( GEOMETRIC_REPRESENTATION_CONTEXT(2) 
PARAMETRIC_REPRESENTATION_CONTEXT() REPRESENTATION_CONTEXT('2D SPACE',''
  ) );
#3579 = ORIENTED_EDGE('',*,*,#3580,.F.);
#3580 = EDGE_CURVE('',#3272,#3557,#3581,.T.);
#3581 = SURFACE_CURVE('',#3582,(#3586,#3593),.PCURVE_S1.);
#3582 = LINE('',#3583,#3584);
#3583 = CARTESIAN_POINT('',(105.72814279039,-57.60772363228,7.5));
#3584 = VECTOR('',#3585,1.);
#3585 = DIRECTION('',(0.38084737437,0.924637916936,0.));
#3586 = PCURVE('',#3287,#3587);
#3587 = DEFINITIONAL_REPRESENTATION('',(#3588),#3592);
#3588 = LINE('',#3589,#3590);
#3589 = CARTESIAN_POINT('',(7.5,1.));
#3590 = VECTOR('',#3591,1.);
#3591 = DIRECTION('',(0.,-1.));
#3592 = ( GEOMETRIC_REPRESENTATION_CONTEXT(2) 
PARAMETRIC_REPRESENTATION_CONTEXT() REPRESENTATION_CONTEXT('2D SPACE',''
  ) );
#3593 = PCURVE('',#3314,#3594);
#3594 = DEFINITIONAL_REPRESENTATION('',(#3595),#3599);
#3595 = LINE('',#3596,#3597);
#3596 = CARTESIAN_POINT('',(1.570796326795,0.));
#3597 = VECTOR('',#3598,1.);
#3598 = DIRECTION('',(0.,1.));
#3599 = ( GEOMETRIC_REPRESENTATION_CONTEXT(2) 
PARAMETRIC_REPRESENTATION_CONTEXT() REPRESENTATION_CONTEXT('2D SPACE',''
  ) );
#3600 = ADVANCED_FACE('',(#3601),#3545,.F.);
#3601 = FACE_BOUND('',#3602,.F.);
#3602 = EDGE_LOOP('',(#3603,#3604,#3627,#3654));
#3603 = ORIENTED_EDGE('',*,*,#3530,.T.);
#3604 = ORIENTED_EDGE('',*,*,#3605,.T.);
#3605 = EDGE_CURVE('',#3505,#3606,#3608,.T.);
#3606 = VERTEX_POINT('',#3607);
#3607 = CARTESIAN_POINT('',(116.95898010409,-48.71844592154,2.43));
#3608 = SURFACE_CURVE('',#3609,(#3613,#3620),.PCURVE_S1.);
#3609 = LINE('',#3610,#3611);
#3610 = CARTESIAN_POINT('',(106.78888770842,-44.52950567255,2.43));
#3611 = VECTOR('',#3612,1.);
#3612 = DIRECTION('',(0.924637916936,-0.38084737437,0.));
#3613 = PCURVE('',#3545,#3614);
#3614 = DEFINITIONAL_REPRESENTATION('',(#3615),#3619);
#3615 = LINE('',#3616,#3617);
#3616 = CARTESIAN_POINT('',(0.,0.));
#3617 = VECTOR('',#3618,1.);
#3618 = DIRECTION('',(0.,-1.));
#3619 = ( GEOMETRIC_REPRESENTATION_CONTEXT(2) 
PARAMETRIC_REPRESENTATION_CONTEXT() REPRESENTATION_CONTEXT('2D SPACE',''
  ) );
#3620 = PCURVE('',#3519,#3621);
#3621 = DEFINITIONAL_REPRESENTATION('',(#3622),#3626);
#3622 = LINE('',#3623,#3624);
#3623 = CARTESIAN_POINT('',(1.006803743154,-9.159339953158E-15));
#3624 = VECTOR('',#3625,1.);
#3625 = DIRECTION('',(0.,-1.));
#3626 = ( GEOMETRIC_REPRESENTATION_CONTEXT(2) 
PARAMETRIC_REPRESENTATION_CONTEXT() REPRESENTATION_CONTEXT('2D SPACE',''
  ) );
#3627 = ORIENTED_EDGE('',*,*,#3628,.T.);
#3628 = EDGE_CURVE('',#3606,#3629,#3631,.T.);
#3629 = VERTEX_POINT('',#3630);
#3630 = CARTESIAN_POINT('',(116.50869360639,-49.78568382708,
    3.588299064212));
#3631 = SURFACE_CURVE('',#3632,(#3637,#3644),.PCURVE_S1.);
#3632 = ELLIPSE('',#3633,179.18085835267,126.7);
#3633 = AXIS2_PLACEMENT_3D('',#3634,#3635,#3636);
#3634 = CARTESIAN_POINT('',(0.,0.,1.926598128423));
#3635 = DIRECTION('',(-0.269299761014,-0.653817741207,-0.707106781187));
#3636 = DIRECTION('',(-0.269299761014,-0.653817741207,0.707106781187));
#3637 = PCURVE('',#3545,#3638);
#3638 = DEFINITIONAL_REPRESENTATION('',(#3639),#3643);
#3639 = ELLIPSE('',#3640,179.18085835267,126.7);
#3640 = AXIS2_PLACEMENT_2D('',#3641,#3642);
#3641 = CARTESIAN_POINT('',(-0.711917754108,115.7));
#3642 = DIRECTION('',(1.,5.551115123126E-17));
#3643 = ( GEOMETRIC_REPRESENTATION_CONTEXT(2) 
PARAMETRIC_REPRESENTATION_CONTEXT() REPRESENTATION_CONTEXT('2D SPACE',''
  ) );
#3644 = PCURVE('',#724,#3645);
#3645 = DEFINITIONAL_REPRESENTATION('',(#3646),#3653);
#3646 = B_SPLINE_CURVE_WITH_KNOTS('',5,(#3647,#3648,#3649,#3650,#3651,
    #3652),.UNSPECIFIED.,.F.,.F.,(6,6),(4.715447958835,4.726418886919),
  .PIECEWISE_BEZIER_KNOTS.);
#3647 = CARTESIAN_POINT('',(5.889413765894,2.814170093579));
#3648 = CARTESIAN_POINT('',(5.887219580277,3.092172110553));
#3649 = CARTESIAN_POINT('',(5.88502539466,3.370171795095));
#3650 = CARTESIAN_POINT('',(5.882831209043,3.648166358815));
#3651 = CARTESIAN_POINT('',(5.880637023426,3.92615301337));
#3652 = CARTESIAN_POINT('',(5.87844283781,4.204128970633));
#3653 = ( GEOMETRIC_REPRESENTATION_CONTEXT(2) 
PARAMETRIC_REPRESENTATION_CONTEXT() REPRESENTATION_CONTEXT('2D SPACE',''
  ) );
#3654 = ORIENTED_EDGE('',*,*,#3655,.F.);
#3655 = EDGE_CURVE('',#3531,#3629,#3656,.T.);
#3656 = SURFACE_CURVE('',#3657,(#3661,#3668),.PCURVE_S1.);
#3657 = LINE('',#3658,#3659);
#3658 = CARTESIAN_POINT('',(106.34775255108,-45.60051290647,
    3.588299064212));
#3659 = VECTOR('',#3660,1.);
#3660 = DIRECTION('',(0.924637916936,-0.38084737437,0.));
#3661 = PCURVE('',#3545,#3662);
#3662 = DEFINITIONAL_REPRESENTATION('',(#3663),#3667);
#3663 = LINE('',#3664,#3665);
#3664 = CARTESIAN_POINT('',(1.638082245892,1.004751837286E-14));
#3665 = VECTOR('',#3666,1.);
#3666 = DIRECTION('',(0.,-1.));
#3667 = ( GEOMETRIC_REPRESENTATION_CONTEXT(2) 
PARAMETRIC_REPRESENTATION_CONTEXT() REPRESENTATION_CONTEXT('2D SPACE',''
  ) );
#3668 = PCURVE('',#3466,#3669);
#3669 = DEFINITIONAL_REPRESENTATION('',(#3670),#3673);
#3670 = B_SPLINE_CURVE_WITH_KNOTS('',1,(#3671,#3672),.UNSPECIFIED.,.F.,
  .F.,(2,2),(4.,10.989102727898),.PIECEWISE_BEZIER_KNOTS.);
#3671 = CARTESIAN_POINT('',(5.497787143782,-4.));
#3672 = CARTESIAN_POINT('',(5.497787143782,-10.98910272789));
#3673 = ( GEOMETRIC_REPRESENTATION_CONTEXT(2) 
PARAMETRIC_REPRESENTATION_CONTEXT() REPRESENTATION_CONTEXT('2D SPACE',''
  ) );
#3674 = ADVANCED_FACE('',(#3675),#3519,.F.);
#3675 = FACE_BOUND('',#3676,.F.);
#3676 = EDGE_LOOP('',(#3677,#3678,#3701,#3727));
#3677 = ORIENTED_EDGE('',*,*,#3504,.T.);
#3678 = ORIENTED_EDGE('',*,*,#3679,.T.);
#3679 = EDGE_CURVE('',#3479,#3680,#3682,.T.);
#3680 = VERTEX_POINT('',#3681);
#3681 = CARTESIAN_POINT('',(117.34241866617,-47.78751700571,2.43));
#3682 = SURFACE_CURVE('',#3683,(#3687,#3694),.PCURVE_S1.);
#3683 = LINE('',#3684,#3685);
#3684 = CARTESIAN_POINT('',(107.1723262705,-43.59857675672,2.43));
#3685 = VECTOR('',#3686,1.);
#3686 = DIRECTION('',(0.924637916936,-0.38084737437,0.));
#3687 = PCURVE('',#3519,#3688);
#3688 = DEFINITIONAL_REPRESENTATION('',(#3689),#3693);
#3689 = LINE('',#3690,#3691);
#3690 = CARTESIAN_POINT('',(0.,0.));
#3691 = VECTOR('',#3692,1.);
#3692 = DIRECTION('',(0.,-1.));
#3693 = ( GEOMETRIC_REPRESENTATION_CONTEXT(2) 
PARAMETRIC_REPRESENTATION_CONTEXT() REPRESENTATION_CONTEXT('2D SPACE',''
  ) );
#3694 = PCURVE('',#3493,#3695);
#3695 = DEFINITIONAL_REPRESENTATION('',(#3696),#3700);
#3696 = LINE('',#3697,#3698);
#3697 = CARTESIAN_POINT('',(1.638082245892,1.004751837286E-14));
#3698 = VECTOR('',#3699,1.);
#3699 = DIRECTION('',(0.,-1.));
#3700 = ( GEOMETRIC_REPRESENTATION_CONTEXT(2) 
PARAMETRIC_REPRESENTATION_CONTEXT() REPRESENTATION_CONTEXT('2D SPACE',''
  ) );
#3701 = ORIENTED_EDGE('',*,*,#3702,.F.);
#3702 = EDGE_CURVE('',#3606,#3680,#3703,.T.);
#3703 = SURFACE_CURVE('',#3704,(#3709,#3720),.PCURVE_S1.);
#3704 = CIRCLE('',#3705,126.7);
#3705 = AXIS2_PLACEMENT_3D('',#3706,#3707,#3708);
#3706 = CARTESIAN_POINT('',(0.,0.,2.43));
#3707 = DIRECTION('',(0.,0.,1.));
#3708 = DIRECTION('',(1.,0.,-0.));
#3709 = PCURVE('',#3519,#3710);
#3710 = DEFINITIONAL_REPRESENTATION('',(#3711),#3719);
#3711 = ( BOUNDED_CURVE() B_SPLINE_CURVE(2,(#3712,#3713,#3714,#3715,
#3716,#3717,#3718),.UNSPECIFIED.,.T.,.F.) B_SPLINE_CURVE_WITH_KNOTS((1,2
    ,2,2,2,1),(-2.094395102393,0.,2.094395102393,4.188790204786,
6.28318530718,8.377580409573),.UNSPECIFIED.) CURVE() 
GEOMETRIC_REPRESENTATION_ITEM() RATIONAL_B_SPLINE_CURVE((1.,0.5,1.,0.5,
1.,0.5,1.)) REPRESENTATION_ITEM('') );
#3712 = CARTESIAN_POINT('',(-47.74996046113,-1.451624075758));
#3713 = CARTESIAN_POINT('',(-250.6625255495,82.125651120533));
#3714 = CARTESIAN_POINT('',(-76.82619950627,216.06444963602));
#3715 = CARTESIAN_POINT('',(97.010126537005,350.00324815151));
#3716 = CARTESIAN_POINT('',(126.08636558214,132.48717443973));
#3717 = CARTESIAN_POINT('',(155.16260462728,-85.02889927205));
#3718 = CARTESIAN_POINT('',(-47.74996046113,-1.451624075758));
#3719 = ( GEOMETRIC_REPRESENTATION_CONTEXT(2) 
PARAMETRIC_REPRESENTATION_CONTEXT() REPRESENTATION_CONTEXT('2D SPACE',''
  ) );
#3720 = PCURVE('',#724,#3721);
#3721 = DEFINITIONAL_REPRESENTATION('',(#3722),#3726);
#3722 = LINE('',#3723,#3724);
#3723 = CARTESIAN_POINT('',(0.,2.93));
#3724 = VECTOR('',#3725,1.);
#3725 = DIRECTION('',(1.,0.));
#3726 = ( GEOMETRIC_REPRESENTATION_CONTEXT(2) 
PARAMETRIC_REPRESENTATION_CONTEXT() REPRESENTATION_CONTEXT('2D SPACE',''
  ) );
#3727 = ORIENTED_EDGE('',*,*,#3605,.F.);
#3728 = ADVANCED_FACE('',(#3729),#3493,.F.);
#3729 = FACE_BOUND('',#3730,.F.);
#3730 = EDGE_LOOP('',(#3731,#3732,#3754,#3779));
#3731 = ORIENTED_EDGE('',*,*,#3478,.T.);
#3732 = ORIENTED_EDGE('',*,*,#3733,.T.);
#3733 = EDGE_CURVE('',#3450,#3734,#3736,.T.);
#3734 = VERTEX_POINT('',#3735);
#3735 = CARTESIAN_POINT('',(117.77440248316,-46.7127404434,
    3.588299064212));
#3736 = SURFACE_CURVE('',#3737,(#3741,#3748),.PCURVE_S1.);
#3737 = LINE('',#3738,#3739);
#3738 = CARTESIAN_POINT('',(107.61346142784,-42.5275695228,
    3.588299064212));
#3739 = VECTOR('',#3740,1.);
#3740 = DIRECTION('',(0.924637916936,-0.38084737437,0.));
#3741 = PCURVE('',#3493,#3742);
#3742 = DEFINITIONAL_REPRESENTATION('',(#3743),#3747);
#3743 = LINE('',#3744,#3745);
#3744 = CARTESIAN_POINT('',(-0.,0.));
#3745 = VECTOR('',#3746,1.);
#3746 = DIRECTION('',(0.,-1.));
#3747 = ( GEOMETRIC_REPRESENTATION_CONTEXT(2) 
PARAMETRIC_REPRESENTATION_CONTEXT() REPRESENTATION_CONTEXT('2D SPACE',''
  ) );
#3748 = PCURVE('',#3466,#3749);
#3749 = DEFINITIONAL_REPRESENTATION('',(#3750),#3753);
#3750 = B_SPLINE_CURVE_WITH_KNOTS('',1,(#3751,#3752),.UNSPECIFIED.,.F.,
  .F.,(2,2),(4.,10.989102727898),.PIECEWISE_BEZIER_KNOTS.);
#3751 = CARTESIAN_POINT('',(10.210176124167,-4.));
#3752 = CARTESIAN_POINT('',(10.210176124167,-10.98910272789));
#3753 = ( GEOMETRIC_REPRESENTATION_CONTEXT(2) 
PARAMETRIC_REPRESENTATION_CONTEXT() REPRESENTATION_CONTEXT('2D SPACE',''
  ) );
#3754 = ORIENTED_EDGE('',*,*,#3755,.T.);
#3755 = EDGE_CURVE('',#3734,#3680,#3756,.T.);
#3756 = SURFACE_CURVE('',#3757,(#3762,#3769),.PCURVE_S1.);
#3757 = ELLIPSE('',#3758,179.18085835267,126.7);
#3758 = AXIS2_PLACEMENT_3D('',#3759,#3760,#3761);
#3759 = CARTESIAN_POINT('',(0.,0.,1.926598128423));
#3760 = DIRECTION('',(0.269299761014,0.653817741207,-0.707106781187));
#3761 = DIRECTION('',(0.269299761014,0.653817741207,0.707106781187));
#3762 = PCURVE('',#3493,#3763);
#3763 = DEFINITIONAL_REPRESENTATION('',(#3764),#3768);
#3764 = ELLIPSE('',#3765,179.18085835267,126.7);
#3765 = AXIS2_PLACEMENT_2D('',#3766,#3767);
#3766 = CARTESIAN_POINT('',(2.35,115.7));
#3767 = DIRECTION('',(-1.,-5.551115123126E-17));
#3768 = ( GEOMETRIC_REPRESENTATION_CONTEXT(2) 
PARAMETRIC_REPRESENTATION_CONTEXT() REPRESENTATION_CONTEXT('2D SPACE',''
  ) );
#3769 = PCURVE('',#724,#3770);
#3770 = DEFINITIONAL_REPRESENTATION('',(#3771),#3778);
#3771 = B_SPLINE_CURVE_WITH_KNOTS('',5,(#3772,#3773,#3774,#3775,#3776,
    #3777),.UNSPECIFIED.,.F.,.F.,(6,6),(1.556766420261,1.567737348345),
  .PIECEWISE_BEZIER_KNOTS.);
#3772 = CARTESIAN_POINT('',(5.906502650878,4.204128970633));
#3773 = CARTESIAN_POINT('',(5.904308465261,3.92615301337));
#3774 = CARTESIAN_POINT('',(5.902114279644,3.648166358815));
#3775 = CARTESIAN_POINT('',(5.899920094028,3.370171795095));
#3776 = CARTESIAN_POINT('',(5.897725908411,3.092172110553));
#3777 = CARTESIAN_POINT('',(5.895531722794,2.814170093579));
#3778 = ( GEOMETRIC_REPRESENTATION_CONTEXT(2) 
PARAMETRIC_REPRESENTATION_CONTEXT() REPRESENTATION_CONTEXT('2D SPACE',''
  ) );
#3779 = ORIENTED_EDGE('',*,*,#3679,.F.);
#3780 = ADVANCED_FACE('',(#3781),#3466,.F.);
#3781 = FACE_BOUND('',#3782,.F.);
#3782 = EDGE_LOOP('',(#3783,#3784,#3785,#3973,#3974,#3975));
#3783 = ORIENTED_EDGE('',*,*,#3556,.T.);
#3784 = ORIENTED_EDGE('',*,*,#3655,.T.);
#3785 = ORIENTED_EDGE('',*,*,#3786,.T.);
#3786 = EDGE_CURVE('',#3629,#3734,#3787,.T.);
#3787 = SURFACE_CURVE('',#3788,(#3827,#3900),.PCURVE_S1.);
#3788 = B_SPLINE_CURVE_WITH_KNOTS('',7,(#3789,#3790,#3791,#3792,#3793,
    #3794,#3795,#3796,#3797,#3798,#3799,#3800,#3801,#3802,#3803,#3804,
    #3805,#3806,#3807,#3808,#3809,#3810,#3811,#3812,#3813,#3814,#3815,
    #3816,#3817,#3818,#3819,#3820,#3821,#3822,#3823,#3824,#3825,#3826),
  .UNSPECIFIED.,.F.,.F.,(8,6,6,6,6,6,8),(0.,1.,2.036562662036,
    2.57496553031,3.508498817186,4.681885041122,5.708106076994),
  .UNSPECIFIED.);
#3789 = CARTESIAN_POINT('',(116.50869360639,-49.78568382708,
    3.588299064212));
#3790 = CARTESIAN_POINT('',(116.42884683564,-49.972541619,3.791484296693
    ));
#3791 = CARTESIAN_POINT('',(116.36349167775,-50.12451841466,
    4.014866802025));
#3792 = CARTESIAN_POINT('',(116.31214800161,-50.2433856119,
    4.251257685336));
#3793 = CARTESIAN_POINT('',(116.27418679403,-50.33102897018,
    4.495912568488));
#3794 = CARTESIAN_POINT('',(116.24906536702,-50.38894520137,
    4.745525925283));
#3795 = CARTESIAN_POINT('',(116.23647981726,-50.41796068556,
    4.99761534804));
#3796 = CARTESIAN_POINT('',(116.23647981726,-50.41796068556,
    5.511612506693));
#3797 = CARTESIAN_POINT('',(116.25000306636,-50.38678334488,
    5.772885314428));
#3798 = CARTESIAN_POINT('',(116.27698586726,-50.32457594009,
    6.031395097065));
#3799 = CARTESIAN_POINT('',(116.31779447059,-50.23034839022,
    6.284442950577));
#3800 = CARTESIAN_POINT('',(116.37304450885,-50.10239935916,
    6.528194310812));
#3801 = CARTESIAN_POINT('',(116.44345943424,-49.93855037819,
    6.757228411652));
#3802 = CARTESIAN_POINT('',(116.57421635211,-49.63219769092,
    7.069996081425));
#3803 = CARTESIAN_POINT('',(116.62334295759,-49.51679394939,
    7.171155567408));
#3804 = CARTESIAN_POINT('',(116.67678523155,-49.39086375843,
    7.264668414302));
#3805 = CARTESIAN_POINT('',(116.7343228728,-49.25479793285,
    7.348693941222));
#3806 = CARTESIAN_POINT('',(116.79563323684,-49.10922199255,
    7.421440118745));
#3807 = CARTESIAN_POINT('',(116.86029690751,-48.9549970199,
    7.481164122867));
#3808 = CARTESIAN_POINT('',(117.04484999333,-48.51273508973,
    7.604206574159));
#3809 = CARTESIAN_POINT('',(117.16767893257,-48.2161789864,
    7.636152780973));
#3810 = CARTESIAN_POINT('',(117.29113111719,-47.91547986004,
    7.61575405827));
#3811 = CARTESIAN_POINT('',(117.40960202458,-47.62412728848,
    7.543249997963));
#3812 = CARTESIAN_POINT('',(117.51808534454,-47.35507197598,
    7.425084576362));
#3813 = CARTESIAN_POINT('',(117.61300656183,-47.11811632141,
    7.273576236602));
#3814 = CARTESIAN_POINT('',(117.79264437419,-46.66750388271,
    6.897318977305));
#3815 = CARTESIAN_POINT('',(117.87326763484,-46.46344932491,
    6.653709785063));
#3816 = CARTESIAN_POINT('',(117.9356944997,-46.30445394549,
    6.389217939732));
#3817 = CARTESIAN_POINT('',(117.98138719063,-46.18763601378,
    6.111793213569));
#3818 = CARTESIAN_POINT('',(118.01142587317,-46.11068264412,
    5.826984282542));
#3819 = CARTESIAN_POINT('',(118.0264624768,-46.07216247596,
    5.538577620189));
#3820 = CARTESIAN_POINT('',(118.0264624768,-46.07216247596,
    4.997615560607));
#3821 = CARTESIAN_POINT('',(118.0149617422,-46.10162472402,
    4.745526480951));
#3822 = CARTESIAN_POINT('',(117.99200583722,-46.16043273505,
    4.495913363202));
#3823 = CARTESIAN_POINT('',(117.95722846345,-46.24938727797,
    4.251258508707));
#3824 = CARTESIAN_POINT('',(117.90996069635,-46.36993325877,
    4.014867360961));
#3825 = CARTESIAN_POINT('',(117.84932092116,-46.52385248294,
    3.791484524911));
#3826 = CARTESIAN_POINT('',(117.77440248316,-46.7127404434,
    3.588299064212));
#3827 = PCURVE('',#3466,#3828);
#3828 = DEFINITIONAL_REPRESENTATION('',(#3829),#3899);
#3829 = B_SPLINE_CURVE_WITH_KNOTS('',3,(#3830,#3831,#3832,#3833,#3834,
    #3835,#3836,#3837,#3838,#3839,#3840,#3841,#3842,#3843,#3844,#3845,
    #3846,#3847,#3848,#3849,#3850,#3851,#3852,#3853,#3854,#3855,#3856,
    #3857,#3858,#3859,#3860,#3861,#3862,#3863,#3864,#3865,#3866,#3867,
    #3868,#3869,#3870,#3871,#3872,#3873,#3874,#3875,#3876,#3877,#3878,
    #3879,#3880,#3881,#3882,#3883,#3884,#3885,#3886,#3887,#3888,#3889,
    #3890,#3891,#3892,#3893,#3894,#3895,#3896,#3897,#3898),
  .UNSPECIFIED.,.F.,.F.,(4,1,1,1,1,1,1,1,1,1,1,1,1,1,1,1,1,1,1,1,1,1,1,1
    ,1,1,1,1,1,1,1,1,1,1,1,1,1,1,1,1,1,1,1,1,1,1,1,1,1,1,1,1,1,1,1,1,1,1
    ,1,1,1,1,1,1,1,1,4),(0.,8.648645571203E-02,0.172972911424,
    0.259459367136,0.345945822848,0.43243227856,0.518918734272,
    0.605405189984,0.691891645696,0.778378101408,0.86486455712,
    0.951351012832,1.037837468544,1.124323924256,1.210810379968,
    1.29729683568,1.383783291392,1.470269747104,1.556756202816,
    1.643242658528,1.729729114241,1.816215569953,1.902702025665,
    1.989188481377,2.075674937089,2.162161392801,2.248647848513,
    2.335134304225,2.421620759937,2.508107215649,2.594593671361,
    2.681080127073,2.767566582785,2.854053038497,2.940539494209,
    3.027025949921,3.113512405633,3.199998861345,3.286485317057,
    3.372971772769,3.459458228481,3.545944684193,3.632431139905,
    3.718917595617,3.805404051329,3.891890507041,3.978376962753,
    4.064863418465,4.151349874177,4.237836329889,4.324322785601,
    4.410809241313,4.497295697025,4.583782152737,4.670268608449,
    4.756755064161,4.843241519873,4.929727975585,5.016214431297,
    5.102700887009,5.189187342722,5.275673798434,5.362160254146,
    5.448646709858,5.53513316557,5.621619621282,5.708106076994),
  .QUASI_UNIFORM_KNOTS.);
#3830 = CARTESIAN_POINT('',(5.497787143782,-10.98910272789));
#3831 = CARTESIAN_POINT('',(5.522461493231,-10.98856457949));
#3832 = CARTESIAN_POINT('',(5.571260527567,-10.98750162755));
#3833 = CARTESIAN_POINT('',(5.642974195723,-10.9859719651));
#3834 = CARTESIAN_POINT('',(5.713371233368,-10.98453330544));
#3835 = CARTESIAN_POINT('',(5.782605394612,-10.98320661335));
#3836 = CARTESIAN_POINT('',(5.850824440408,-10.98200982056));
#3837 = CARTESIAN_POINT('',(5.918170609604,-10.98095764523));
#3838 = CARTESIAN_POINT('',(5.984782674675,-10.98006204733));
#3839 = CARTESIAN_POINT('',(6.050797376933,-10.97933249268));
#3840 = CARTESIAN_POINT('',(6.116350402487,-10.97877623563));
#3841 = CARTESIAN_POINT('',(6.181579275751,-10.97839856517));
#3842 = CARTESIAN_POINT('',(6.246619175842,-10.97820298303));
#3843 = CARTESIAN_POINT('',(6.311625815345,-10.97819145185));
#3844 = CARTESIAN_POINT('',(6.376651205368,-10.97836409868));
#3845 = CARTESIAN_POINT('',(6.441844708266,-10.97871912803));
#3846 = CARTESIAN_POINT('',(6.507345207824,-10.97925325174));
#3847 = CARTESIAN_POINT('',(6.573290801818,-10.97996142171));
#3848 = CARTESIAN_POINT('',(6.639817894574,-10.98083665685));
#3849 = CARTESIAN_POINT('',(6.707063154224,-10.98186979277));
#3850 = CARTESIAN_POINT('',(6.775164833798,-10.98304921032));
#3851 = CARTESIAN_POINT('',(6.844264153402,-10.98436053101));
#3852 = CARTESIAN_POINT('',(6.914507642959,-10.98578631249));
#3853 = CARTESIAN_POINT('',(6.986046436299,-10.98730566466));
#3854 = CARTESIAN_POINT('',(7.059048109805,-10.98889411206));
#3855 = CARTESIAN_POINT('',(7.133663398667,-10.99052252096));
#3856 = CARTESIAN_POINT('',(7.210341035567,-10.99216336904));
#3857 = CARTESIAN_POINT('',(7.288944520402,-10.99377113491));
#3858 = CARTESIAN_POINT('',(7.36942952141,-10.99529841058));
#3859 = CARTESIAN_POINT('',(7.45178419842,-10.99669549971));
#3860 = CARTESIAN_POINT('',(7.535930788488,-10.99791132291));
#3861 = CARTESIAN_POINT('',(7.622174405544,-10.99889891054));
#3862 = CARTESIAN_POINT('',(7.709327511452,-10.99960038388));
#3863 = CARTESIAN_POINT('',(7.796784130547,-10.99998422246));
#3864 = CARTESIAN_POINT('',(7.884305521783,-11.00003556993));
#3865 = CARTESIAN_POINT('',(7.97156819884,-10.99975369591));
#3866 = CARTESIAN_POINT('',(8.058271111396,-10.99915281142));
#3867 = CARTESIAN_POINT('',(8.144094396916,-10.9982608615));
#3868 = CARTESIAN_POINT('',(8.228694268466,-10.99711797953));
#3869 = CARTESIAN_POINT('',(8.311699499322,-10.99577395724));
#3870 = CARTESIAN_POINT('',(8.392659614423,-10.99428634572));
#3871 = CARTESIAN_POINT('',(8.471176311147,-10.99271408818));
#3872 = CARTESIAN_POINT('',(8.546340582315,-10.99112618176));
#3873 = CARTESIAN_POINT('',(8.619720276655,-10.98953258324));
#3874 = CARTESIAN_POINT('',(8.69149512572,-10.98796504319));
#3875 = CARTESIAN_POINT('',(8.76182821758,-10.98645189113));
#3876 = CARTESIAN_POINT('',(8.830871905885,-10.98501752585));
#3877 = CARTESIAN_POINT('',(8.898769438813,-10.98368289794));
#3878 = CARTESIAN_POINT('',(8.965657113823,-10.9824657376));
#3879 = CARTESIAN_POINT('',(9.031665882906,-10.98138085354));
#3880 = CARTESIAN_POINT('',(9.096922821735,-10.98044040747));
#3881 = CARTESIAN_POINT('',(9.161552506983,-10.97965418125));
#3882 = CARTESIAN_POINT('',(9.225678098988,-10.97902982445));
#3883 = CARTESIAN_POINT('',(9.289423114971,-10.97857307592));
#3884 = CARTESIAN_POINT('',(9.352910269095,-10.97828795723));
#3885 = CARTESIAN_POINT('',(9.416270962452,-10.9781769145));
#3886 = CARTESIAN_POINT('',(9.479614806059,-10.97824096505));
#3887 = CARTESIAN_POINT('',(9.543029016625,-10.97847937938));
#3888 = CARTESIAN_POINT('',(9.606656504658,-10.97888999564));
#3889 = CARTESIAN_POINT('',(9.670621764413,-10.97946917987));
#3890 = CARTESIAN_POINT('',(9.73505180799,-10.98021166248));
#3891 = CARTESIAN_POINT('',(9.800072227002,-10.9811103561));
#3892 = CARTESIAN_POINT('',(9.865809786115,-10.98215613816));
#3893 = CARTESIAN_POINT('',(9.932393269332,-10.98333759671));
#3894 = CARTESIAN_POINT('',(9.999954761192,-10.98464079703));
#3895 = CARTESIAN_POINT('',(10.068631495283,-10.9860488765));
#3896 = CARTESIAN_POINT('',(10.138566256823,-10.98754221554));
#3897 = CARTESIAN_POINT('',(10.186132135017,-10.98857835288));
#3898 = CARTESIAN_POINT('',(10.210176124167,-10.98910272789));
#3899 = ( GEOMETRIC_REPRESENTATION_CONTEXT(2) 
PARAMETRIC_REPRESENTATION_CONTEXT() REPRESENTATION_CONTEXT('2D SPACE',''
  ) );
#3900 = PCURVE('',#724,#3901);
#3901 = DEFINITIONAL_REPRESENTATION('',(#3902),#3972);
#3902 = B_SPLINE_CURVE_WITH_KNOTS('',3,(#3903,#3904,#3905,#3906,#3907,
    #3908,#3909,#3910,#3911,#3912,#3913,#3914,#3915,#3916,#3917,#3918,
    #3919,#3920,#3921,#3922,#3923,#3924,#3925,#3926,#3927,#3928,#3929,
    #3930,#3931,#3932,#3933,#3934,#3935,#3936,#3937,#3938,#3939,#3940,
    #3941,#3942,#3943,#3944,#3945,#3946,#3947,#3948,#3949,#3950,#3951,
    #3952,#3953,#3954,#3955,#3956,#3957,#3958,#3959,#3960,#3961,#3962,
    #3963,#3964,#3965,#3966,#3967,#3968,#3969,#3970,#3971),
  .UNSPECIFIED.,.F.,.F.,(4,1,1,1,1,1,1,1,1,1,1,1,1,1,1,1,1,1,1,1,1,1,1,1
    ,1,1,1,1,1,1,1,1,1,1,1,1,1,1,1,1,1,1,1,1,1,1,1,1,1,1,1,1,1,1,1,1,1,1
    ,1,1,1,1,1,1,1,1,4),(0.,8.648645571203E-02,0.172972911424,
    0.259459367136,0.345945822848,0.43243227856,0.518918734272,
    0.605405189984,0.691891645696,0.778378101408,0.86486455712,
    0.951351012832,1.037837468544,1.124323924256,1.210810379968,
    1.29729683568,1.383783291392,1.470269747104,1.556756202816,
    1.643242658528,1.729729114241,1.816215569953,1.902702025665,
    1.989188481377,2.075674937089,2.162161392801,2.248647848513,
    2.335134304225,2.421620759937,2.508107215649,2.594593671361,
    2.681080127073,2.767566582785,2.854053038497,2.940539494209,
    3.027025949921,3.113512405633,3.199998861345,3.286485317057,
    3.372971772769,3.459458228481,3.545944684193,3.632431139905,
    3.718917595617,3.805404051329,3.891890507041,3.978376962753,
    4.064863418465,4.151349874177,4.237836329889,4.324322785601,
    4.410809241313,4.497295697025,4.583782152737,4.670268608449,
    4.756755064161,4.843241519873,4.929727975585,5.016214431297,
    5.102700887009,5.189187342722,5.275673798434,5.362160254146,
    5.448646709858,5.53513316557,5.621619621282,5.708106076994),
  .QUASI_UNIFORM_KNOTS.);
#3903 = CARTESIAN_POINT('',(5.879357128104,4.088299064212));
#3904 = CARTESIAN_POINT('',(5.879033476553,4.12931059831));
#3905 = CARTESIAN_POINT('',(5.878417391546,4.21341647903));
#3906 = CARTESIAN_POINT('',(5.877584944908,4.345013960663));
#3907 = CARTESIAN_POINT('',(5.8768421944,4.481203340404));
#3908 = CARTESIAN_POINT('',(5.87618719495,4.621267304827));
#3909 = CARTESIAN_POINT('',(5.875618084758,4.764560039163));
#3910 = CARTESIAN_POINT('',(5.875133127001,4.910510274417));
#3911 = CARTESIAN_POINT('',(5.874730748473,5.058608692977));
#3912 = CARTESIAN_POINT('',(5.874409576168,5.208400542646));
#3913 = CARTESIAN_POINT('',(5.874168470751,5.359476374701));
#3914 = CARTESIAN_POINT('',(5.874006561962,5.511468069931));
#3915 = CARTESIAN_POINT('',(5.873923268646,5.664028257533));
#3916 = CARTESIAN_POINT('',(5.873918369424,5.816873219682));
#3917 = CARTESIAN_POINT('',(5.873991856889,5.969480015938));
#3918 = CARTESIAN_POINT('',(5.874143897049,6.121551265986));
#3919 = CARTESIAN_POINT('',(5.87437503391,6.272750991105));
#3920 = CARTESIAN_POINT('',(5.874686106084,6.422716339966));
#3921 = CARTESIAN_POINT('',(5.875078226684,6.57104476333));
#3922 = CARTESIAN_POINT('',(5.875552745722,6.717287808108));
#3923 = CARTESIAN_POINT('',(5.876111216805,6.860943005302));
#3924 = CARTESIAN_POINT('',(5.87675535649,7.001445573645));
#3925 = CARTESIAN_POINT('',(5.877487015898,7.138160367529));
#3926 = CARTESIAN_POINT('',(5.878308092594,7.270369423462));
#3927 = CARTESIAN_POINT('',(5.879220645913,7.397272049875));
#3928 = CARTESIAN_POINT('',(5.880226229815,7.517933117123));
#3929 = CARTESIAN_POINT('',(5.88133058978,7.631693212535));
#3930 = CARTESIAN_POINT('',(5.882530756414,7.736829180756));
#3931 = CARTESIAN_POINT('',(5.883823306472,7.831776105374));
#3932 = CARTESIAN_POINT('',(5.885203931328,7.914972169906));
#3933 = CARTESIAN_POINT('',(5.886665496502,7.984845964824));
#3934 = CARTESIAN_POINT('',(5.888206257326,8.040023499342));
#3935 = CARTESIAN_POINT('',(5.889795677305,8.078415311727));
#3936 = CARTESIAN_POINT('',(5.891411082516,8.099155030043));
#3937 = CARTESIAN_POINT('',(5.893035816888,8.101915178136));
#3938 = CARTESIAN_POINT('',(5.894651442108,8.086720475163));
#3939 = CARTESIAN_POINT('',(5.896240243363,8.053991824175));
#3940 = CARTESIAN_POINT('',(5.897784983437,8.004527239391));
#3941 = CARTESIAN_POINT('',(5.899269342369,7.93950537668));
#3942 = CARTESIAN_POINT('',(5.900678328923,7.860463319305));
#3943 = CARTESIAN_POINT('',(5.901998059139,7.769356906075));
#3944 = CARTESIAN_POINT('',(5.903218012092,7.668319360988));
#3945 = CARTESIAN_POINT('',(5.904323904384,7.560547460726));
#3946 = CARTESIAN_POINT('',(5.905339280205,7.445534057117));
#3947 = CARTESIAN_POINT('',(5.906265401943,7.324205621655));
#3948 = CARTESIAN_POINT('',(5.907104069062,7.197464210055));
#3949 = CARTESIAN_POINT('',(5.907857015192,7.066092395067));
#3950 = CARTESIAN_POINT('',(5.908526002302,6.930793155677));
#3951 = CARTESIAN_POINT('',(5.909112736071,6.792192080689));
#3952 = CARTESIAN_POINT('',(5.909618836094,6.650848358152));
#3953 = CARTESIAN_POINT('',(5.910045797233,6.507262362844));
#3954 = CARTESIAN_POINT('',(5.910394958143,6.36188317763));
#3955 = CARTESIAN_POINT('',(5.91066747149,6.215115949254));
#3956 = CARTESIAN_POINT('',(5.910864276748,6.067327196648));
#3957 = CARTESIAN_POINT('',(5.910986072408,5.918856754938));
#3958 = CARTESIAN_POINT('',(5.911033294322,5.770004560416));
#3959 = CARTESIAN_POINT('',(5.911006071455,5.62111182834));
#3960 = CARTESIAN_POINT('',(5.910904391415,5.472570932243));
#3961 = CARTESIAN_POINT('',(5.910727945688,5.324649934338));
#3962 = CARTESIAN_POINT('',(5.910476132407,5.177676646631));
#3963 = CARTESIAN_POINT('',(5.910148088816,5.031998850004));
#3964 = CARTESIAN_POINT('',(5.909742717143,4.888003024818));
#3965 = CARTESIAN_POINT('',(5.90925871385,4.746117757811));
#3966 = CARTESIAN_POINT('',(5.908694599917,4.606821997296));
#3967 = CARTESIAN_POINT('',(5.908048753118,4.470651572911));
#3968 = CARTESIAN_POINT('',(5.907319442321,4.338210412097));
#3969 = CARTESIAN_POINT('',(5.906504864194,4.210167577346));
#3970 = CARTESIAN_POINT('',(5.90590374297,4.128262169157));
#3971 = CARTESIAN_POINT('',(5.905588360583,4.088299064212));
#3972 = ( GEOMETRIC_REPRESENTATION_CONTEXT(2) 
PARAMETRIC_REPRESENTATION_CONTEXT() REPRESENTATION_CONTEXT('2D SPACE',''
  ) );
#3973 = ORIENTED_EDGE('',*,*,#3733,.F.);
#3974 = ORIENTED_EDGE('',*,*,#3449,.T.);
#3975 = ORIENTED_EDGE('',*,*,#3976,.F.);
#3976 = EDGE_CURVE('',#3557,#3427,#3977,.T.);
#3977 = SURFACE_CURVE('',#3978,(#3989,#4003),.PCURVE_S1.);
#3978 = B_SPLINE_CURVE_WITH_KNOTS('',5,(#3979,#3980,#3981,#3982,#3983,
    #3984,#3985,#3986,#3987,#3988),.UNSPECIFIED.,.F.,.F.,(6,4,6),(0.,
    0.500000005634,1.),.UNSPECIFIED.);
#3979 = CARTESIAN_POINT('',(110.42085540059,-46.21455065887,7.5));
#3980 = CARTESIAN_POINT('',(110.47161215408,-46.09132119222,
    7.540173462795));
#3981 = CARTESIAN_POINT('',(110.52244016392,-45.96615400495,
    7.570131480344));
#3982 = CARTESIAN_POINT('',(110.57371690176,-45.83992218863,
    7.59004382593));
#3983 = CARTESIAN_POINT('',(110.62551120771,-45.71330091442,7.6));
#3984 = CARTESIAN_POINT('',(110.72972312251,-45.46029066859,7.6));
#3985 = CARTESIAN_POINT('',(110.78213213011,-45.33392257832,
    7.590043825823));
#3986 = CARTESIAN_POINT('',(110.83463427319,-45.20819548961,
    7.570131480042));
#3987 = CARTESIAN_POINT('',(110.88670516012,-45.08354023252,
    7.540173462959));
#3988 = CARTESIAN_POINT('',(110.93746191382,-44.96031076536,7.5));
#3989 = PCURVE('',#3466,#3990);
#3990 = DEFINITIONAL_REPRESENTATION('',(#3991),#4002);
#3991 = B_SPLINE_CURVE_WITH_KNOTS('',5,(#3992,#3993,#3994,#3995,#3996,
    #3997,#3998,#3999,#4000,#4001),.UNSPECIFIED.,.F.,.F.,(6,4,6),(0.,
    0.500000005634,1.),.UNSPECIFIED.);
#3992 = CARTESIAN_POINT('',(7.561207115386,-4.));
#3993 = CARTESIAN_POINT('',(7.620439654786,-4.));
#3994 = CARTESIAN_POINT('',(7.679158651919,-3.999327910508));
#3995 = CARTESIAN_POINT('',(7.73754745174,-3.998665270771));
#3996 = CARTESIAN_POINT('',(7.79576212251,-3.998332870113));
#3997 = CARTESIAN_POINT('',(7.912201144127,-3.998332870113));
#3998 = CARTESIAN_POINT('',(7.970415816658,-3.998665270353));
#3999 = CARTESIAN_POINT('',(8.028804617294,-3.999327910934));
#4000 = CARTESIAN_POINT('',(8.087523612922,-4.));
#4001 = CARTESIAN_POINT('',(8.146756152563,-4.));
#4002 = ( GEOMETRIC_REPRESENTATION_CONTEXT(2) 
PARAMETRIC_REPRESENTATION_CONTEXT() REPRESENTATION_CONTEXT('2D SPACE',''
  ) );
#4003 = PCURVE('',#3314,#4004);
#4004 = DEFINITIONAL_REPRESENTATION('',(#4005),#4016);
#4005 = B_SPLINE_CURVE_WITH_KNOTS('',5,(#4006,#4007,#4008,#4009,#4010,
    #4011,#4012,#4013,#4014,#4015),.UNSPECIFIED.,.F.,.F.,(6,4,6),(0.,
    0.500000005634,1.),.UNSPECIFIED.);
#4006 = CARTESIAN_POINT('',(1.570796326795,12.321767001687));
#4007 = CARTESIAN_POINT('',(1.55740517253,12.455040215337));
#4008 = CARTESIAN_POINT('',(1.547419015395,12.590132256737));
#4009 = CARTESIAN_POINT('',(1.540777241615,12.7263795914));
#4010 = CARTESIAN_POINT('',(1.537456817534,12.863184148059));
#4011 = CARTESIAN_POINT('',(1.537456817534,13.136815848857));
#4012 = CARTESIAN_POINT('',(1.540777241827,13.273620409547));
#4013 = CARTESIAN_POINT('',(1.547419015319,13.409867746296));
#4014 = CARTESIAN_POINT('',(1.557405172475,13.544959784119));
#4015 = CARTESIAN_POINT('',(1.570796326795,13.678232998313));
#4016 = ( GEOMETRIC_REPRESENTATION_CONTEXT(2) 
PARAMETRIC_REPRESENTATION_CONTEXT() REPRESENTATION_CONTEXT('2D SPACE',''
  ) );
#4017 = ADVANCED_FACE('',(#4018),#3314,.F.);
#4018 = FACE_BOUND('',#4019,.F.);
#4019 = EDGE_LOOP('',(#4020,#4044,#4065,#4066,#4067,#4068));
#4020 = ORIENTED_EDGE('',*,*,#4021,.F.);
#4021 = EDGE_CURVE('',#4022,#3404,#4024,.T.);
#4022 = VERTEX_POINT('',#4023);
#4023 = CARTESIAN_POINT('',(112.47541339884,-33.34923358578,10.5));
#4024 = SURFACE_CURVE('',#4025,(#4030,#4037),.PCURVE_S1.);
#4025 = CIRCLE('',#4026,3.);
#4026 = AXIS2_PLACEMENT_3D('',#4027,#4028,#4029);
#4027 = CARTESIAN_POINT('',(112.47541339884,-33.34923358578,7.5));
#4028 = DIRECTION('',(0.38084737437,0.924637916936,-0.));
#4029 = DIRECTION('',(0.,0.,1.));
#4030 = PCURVE('',#3314,#4031);
#4031 = DEFINITIONAL_REPRESENTATION('',(#4032),#4036);
#4032 = LINE('',#4033,#4034);
#4033 = CARTESIAN_POINT('',(0.,25.));
#4034 = VECTOR('',#4035,1.);
#4035 = DIRECTION('',(1.,0.));
#4036 = ( GEOMETRIC_REPRESENTATION_CONTEXT(2) 
PARAMETRIC_REPRESENTATION_CONTEXT() REPRESENTATION_CONTEXT('2D SPACE',''
  ) );
#4037 = PCURVE('',#752,#4038);
#4038 = DEFINITIONAL_REPRESENTATION('',(#4039),#4043);
#4039 = CIRCLE('',#4040,3.);
#4040 = AXIS2_PLACEMENT_2D('',#4041,#4042);
#4041 = CARTESIAN_POINT('',(-3.,42.7));
#4042 = DIRECTION('',(1.,0.));
#4043 = ( GEOMETRIC_REPRESENTATION_CONTEXT(2) 
PARAMETRIC_REPRESENTATION_CONTEXT() REPRESENTATION_CONTEXT('2D SPACE',''
  ) );
#4044 = ORIENTED_EDGE('',*,*,#4045,.F.);
#4045 = EDGE_CURVE('',#3198,#4022,#4046,.T.);
#4046 = SURFACE_CURVE('',#4047,(#4051,#4058),.PCURVE_S1.);
#4047 = LINE('',#4048,#4049);
#4048 = CARTESIAN_POINT('',(102.95422903958,-56.46518150917,10.5));
#4049 = VECTOR('',#4050,1.);
#4050 = DIRECTION('',(0.38084737437,0.924637916936,0.));
#4051 = PCURVE('',#3314,#4052);
#4052 = DEFINITIONAL_REPRESENTATION('',(#4053),#4057);
#4053 = LINE('',#4054,#4055);
#4054 = CARTESIAN_POINT('',(0.,-0.));
#4055 = VECTOR('',#4056,1.);
#4056 = DIRECTION('',(0.,1.));
#4057 = ( GEOMETRIC_REPRESENTATION_CONTEXT(2) 
PARAMETRIC_REPRESENTATION_CONTEXT() REPRESENTATION_CONTEXT('2D SPACE',''
  ) );
#4058 = PCURVE('',#43,#4059);
#4059 = DEFINITIONAL_REPRESENTATION('',(#4060),#4064);
#4060 = LINE('',#4061,#4062);
#4061 = CARTESIAN_POINT('',(102.95422903958,-56.46518150917));
#4062 = VECTOR('',#4063,1.);
#4063 = DIRECTION('',(0.38084737437,0.924637916936));
#4064 = ( GEOMETRIC_REPRESENTATION_CONTEXT(2) 
PARAMETRIC_REPRESENTATION_CONTEXT() REPRESENTATION_CONTEXT('2D SPACE',''
  ) );
#4065 = ORIENTED_EDGE('',*,*,#3299,.T.);
#4066 = ORIENTED_EDGE('',*,*,#3580,.T.);
#4067 = ORIENTED_EDGE('',*,*,#3976,.T.);
#4068 = ORIENTED_EDGE('',*,*,#3426,.T.);
#4069 = ADVANCED_FACE('',(#4070),#392,.T.);
#4070 = FACE_BOUND('',#4071,.T.);
#4071 = EDGE_LOOP('',(#4072,#4095,#4096,#4097,#4118,#4146,#4174));
#4072 = ORIENTED_EDGE('',*,*,#4073,.F.);
#4073 = EDGE_CURVE('',#3144,#4074,#4076,.T.);
#4074 = VERTEX_POINT('',#4075);
#4075 = CARTESIAN_POINT('',(-27.35642321739,114.08118209744,10.5));
#4076 = SURFACE_CURVE('',#4077,(#4081,#4088),.PCURVE_S1.);
#4077 = LINE('',#4078,#4079);
#4078 = CARTESIAN_POINT('',(-21.69886719074,71.757641841399,10.5));
#4079 = VECTOR('',#4080,1.);
#4080 = DIRECTION('',(-0.132495457299,0.991183612554,0.));
#4081 = PCURVE('',#392,#4082);
#4082 = DEFINITIONAL_REPRESENTATION('',(#4083),#4087);
#4083 = LINE('',#4084,#4085);
#4084 = CARTESIAN_POINT('',(0.,0.));
#4085 = VECTOR('',#4086,1.);
#4086 = DIRECTION('',(0.,1.));
#4087 = ( GEOMETRIC_REPRESENTATION_CONTEXT(2) 
PARAMETRIC_REPRESENTATION_CONTEXT() REPRESENTATION_CONTEXT('2D SPACE',''
  ) );
#4088 = PCURVE('',#43,#4089);
#4089 = DEFINITIONAL_REPRESENTATION('',(#4090),#4094);
#4090 = LINE('',#4091,#4092);
#4091 = CARTESIAN_POINT('',(-21.69886719074,71.757641841399));
#4092 = VECTOR('',#4093,1.);
#4093 = DIRECTION('',(-0.132495457299,0.991183612554));
#4094 = ( GEOMETRIC_REPRESENTATION_CONTEXT(2) 
PARAMETRIC_REPRESENTATION_CONTEXT() REPRESENTATION_CONTEXT('2D SPACE',''
  ) );
#4095 = ORIENTED_EDGE('',*,*,#3143,.T.);
#4096 = ORIENTED_EDGE('',*,*,#376,.T.);
#4097 = ORIENTED_EDGE('',*,*,#4098,.F.);
#4098 = EDGE_CURVE('',#4099,#348,#4101,.T.);
#4099 = VERTEX_POINT('',#4100);
#4100 = CARTESIAN_POINT('',(-28.60591478354,123.42848795718,0.));
#4101 = SURFACE_CURVE('',#4102,(#4106,#4112),.PCURVE_S1.);
#4102 = LINE('',#4103,#4104);
#4103 = CARTESIAN_POINT('',(-28.60591478354,123.42848795718,-0.5));
#4104 = VECTOR('',#4105,1.);
#4105 = DIRECTION('',(0.,0.,1.));
#4106 = PCURVE('',#392,#4107);
#4107 = DEFINITIONAL_REPRESENTATION('',(#4108),#4111);
#4108 = B_SPLINE_CURVE_WITH_KNOTS('',1,(#4109,#4110),.UNSPECIFIED.,.F.,
  .F.,(2,2),(-6.000000000173E-07,19.5000006),.PIECEWISE_BEZIER_KNOTS.);
#4109 = CARTESIAN_POINT('',(-11.0000006,52.130448346147));
#4110 = CARTESIAN_POINT('',(8.5000006,52.130448346147));
#4111 = ( GEOMETRIC_REPRESENTATION_CONTEXT(2) 
PARAMETRIC_REPRESENTATION_CONTEXT() REPRESENTATION_CONTEXT('2D SPACE',''
  ) );
#4112 = PCURVE('',#364,#4113);
#4113 = DEFINITIONAL_REPRESENTATION('',(#4114),#4117);
#4114 = B_SPLINE_CURVE_WITH_KNOTS('',1,(#4115,#4116),.UNSPECIFIED.,.F.,
  .F.,(2,2),(-6.000000000173E-07,19.5000006),.PIECEWISE_BEZIER_KNOTS.);
#4115 = CARTESIAN_POINT('',(1.798536631935,-6.000000000173E-07));
#4116 = CARTESIAN_POINT('',(1.798536631935,19.5000006));
#4117 = ( GEOMETRIC_REPRESENTATION_CONTEXT(2) 
PARAMETRIC_REPRESENTATION_CONTEXT() REPRESENTATION_CONTEXT('2D SPACE',''
  ) );
#4118 = ORIENTED_EDGE('',*,*,#4119,.F.);
#4119 = EDGE_CURVE('',#4120,#4099,#4122,.T.);
#4120 = VERTEX_POINT('',#4121);
#4121 = CARTESIAN_POINT('',(-27.75390958928,117.0547329351,0.));
#4122 = SURFACE_CURVE('',#4123,(#4127,#4134),.PCURVE_S1.);
#4123 = LINE('',#4124,#4125);
#4124 = CARTESIAN_POINT('',(-27.75390958928,117.0547329351,0.));
#4125 = VECTOR('',#4126,1.);
#4126 = DIRECTION('',(-0.132495457299,0.991183612554,0.));
#4127 = PCURVE('',#392,#4128);
#4128 = DEFINITIONAL_REPRESENTATION('',(#4129),#4133);
#4129 = LINE('',#4130,#4131);
#4130 = CARTESIAN_POINT('',(-10.5,45.7));
#4131 = VECTOR('',#4132,1.);
#4132 = DIRECTION('',(0.,1.));
#4133 = ( GEOMETRIC_REPRESENTATION_CONTEXT(2) 
PARAMETRIC_REPRESENTATION_CONTEXT() REPRESENTATION_CONTEXT('2D SPACE',''
  ) );
#4134 = PCURVE('',#4135,#4140);
#4135 = PLANE('',#4136);
#4136 = AXIS2_PLACEMENT_3D('',#4137,#4138,#4139);
#4137 = CARTESIAN_POINT('',(-3.965502887997,120.23462391027,0.));
#4138 = DIRECTION('',(0.,0.,1.));
#4139 = DIRECTION('',(-0.132495457299,0.991183612554,0.));
#4140 = DEFINITIONAL_REPRESENTATION('',(#4141),#4145);
#4141 = LINE('',#4142,#4143);
#4142 = CARTESIAN_POINT('',(1.110223024625E-14,24.));
#4143 = VECTOR('',#4144,1.);
#4144 = DIRECTION('',(1.,0.));
#4145 = ( GEOMETRIC_REPRESENTATION_CONTEXT(2) 
PARAMETRIC_REPRESENTATION_CONTEXT() REPRESENTATION_CONTEXT('2D SPACE',''
  ) );
#4146 = ORIENTED_EDGE('',*,*,#4147,.T.);
#4147 = EDGE_CURVE('',#4120,#4148,#4150,.T.);
#4148 = VERTEX_POINT('',#4149);
#4149 = CARTESIAN_POINT('',(-27.75390958928,117.0547329351,7.5));
#4150 = SURFACE_CURVE('',#4151,(#4155,#4162),.PCURVE_S1.);
#4151 = LINE('',#4152,#4153);
#4152 = CARTESIAN_POINT('',(-27.75390958928,117.0547329351,0.));
#4153 = VECTOR('',#4154,1.);
#4154 = DIRECTION('',(0.,0.,1.));
#4155 = PCURVE('',#392,#4156);
#4156 = DEFINITIONAL_REPRESENTATION('',(#4157),#4161);
#4157 = LINE('',#4158,#4159);
#4158 = CARTESIAN_POINT('',(-10.5,45.7));
#4159 = VECTOR('',#4160,1.);
#4160 = DIRECTION('',(1.,0.));
#4161 = ( GEOMETRIC_REPRESENTATION_CONTEXT(2) 
PARAMETRIC_REPRESENTATION_CONTEXT() REPRESENTATION_CONTEXT('2D SPACE',''
  ) );
#4162 = PCURVE('',#4163,#4168);
#4163 = PLANE('',#4164);
#4164 = AXIS2_PLACEMENT_3D('',#4165,#4166,#4167);
#4165 = CARTESIAN_POINT('',(-3.965502887997,120.23462391027,0.));
#4166 = DIRECTION('',(-0.132495457299,0.991183612554,0.));
#4167 = DIRECTION('',(0.,0.,1.));
#4168 = DEFINITIONAL_REPRESENTATION('',(#4169),#4173);
#4169 = LINE('',#4170,#4171);
#4170 = CARTESIAN_POINT('',(0.,-24.));
#4171 = VECTOR('',#4172,1.);
#4172 = DIRECTION('',(1.,0.));
#4173 = ( GEOMETRIC_REPRESENTATION_CONTEXT(2) 
PARAMETRIC_REPRESENTATION_CONTEXT() REPRESENTATION_CONTEXT('2D SPACE',''
  ) );
#4174 = ORIENTED_EDGE('',*,*,#4175,.F.);
#4175 = EDGE_CURVE('',#4074,#4148,#4176,.T.);
#4176 = SURFACE_CURVE('',#4177,(#4182,#4189),.PCURVE_S1.);
#4177 = CIRCLE('',#4178,3.);
#4178 = AXIS2_PLACEMENT_3D('',#4179,#4180,#4181);
#4179 = CARTESIAN_POINT('',(-27.35642321739,114.08118209744,7.5));
#4180 = DIRECTION('',(-0.991183612554,-0.132495457299,0.));
#4181 = DIRECTION('',(0.,0.,1.));
#4182 = PCURVE('',#392,#4183);
#4183 = DEFINITIONAL_REPRESENTATION('',(#4184),#4188);
#4184 = CIRCLE('',#4185,3.);
#4185 = AXIS2_PLACEMENT_2D('',#4186,#4187);
#4186 = CARTESIAN_POINT('',(-3.,42.7));
#4187 = DIRECTION('',(1.,0.));
#4188 = ( GEOMETRIC_REPRESENTATION_CONTEXT(2) 
PARAMETRIC_REPRESENTATION_CONTEXT() REPRESENTATION_CONTEXT('2D SPACE',''
  ) );
#4189 = PCURVE('',#4190,#4195);
#4190 = CYLINDRICAL_SURFACE('',#4191,3.);
#4191 = AXIS2_PLACEMENT_3D('',#4192,#4193,#4194);
#4192 = CARTESIAN_POINT('',(-2.576832903548,117.39356852991,7.5));
#4193 = DIRECTION('',(-0.991183612554,-0.132495457299,0.));
#4194 = DIRECTION('',(0.,0.,1.));
#4195 = DEFINITIONAL_REPRESENTATION('',(#4196),#4200);
#4196 = LINE('',#4197,#4198);
#4197 = CARTESIAN_POINT('',(0.,25.));
#4198 = VECTOR('',#4199,1.);
#4199 = DIRECTION('',(1.,0.));
#4200 = ( GEOMETRIC_REPRESENTATION_CONTEXT(2) 
PARAMETRIC_REPRESENTATION_CONTEXT() REPRESENTATION_CONTEXT('2D SPACE',''
  ) );
#4201 = ADVANCED_FACE('',(#4202),#4135,.F.);
#4202 = FACE_BOUND('',#4203,.F.);
#4203 = EDGE_LOOP('',(#4204,#4205,#4228,#4251));
#4204 = ORIENTED_EDGE('',*,*,#4119,.F.);
#4205 = ORIENTED_EDGE('',*,*,#4206,.F.);
#4206 = EDGE_CURVE('',#4207,#4120,#4209,.T.);
#4207 = VERTEX_POINT('',#4208);
#4208 = CARTESIAN_POINT('',(-3.965502887997,120.23462391027,0.));
#4209 = SURFACE_CURVE('',#4210,(#4214,#4221),.PCURVE_S1.);
#4210 = LINE('',#4211,#4212);
#4211 = CARTESIAN_POINT('',(-3.965502887997,120.23462391027,0.));
#4212 = VECTOR('',#4213,1.);
#4213 = DIRECTION('',(-0.991183612554,-0.132495457299,0.));
#4214 = PCURVE('',#4135,#4215);
#4215 = DEFINITIONAL_REPRESENTATION('',(#4216),#4220);
#4216 = LINE('',#4217,#4218);
#4217 = CARTESIAN_POINT('',(0.,0.));
#4218 = VECTOR('',#4219,1.);
#4219 = DIRECTION('',(0.,1.));
#4220 = ( GEOMETRIC_REPRESENTATION_CONTEXT(2) 
PARAMETRIC_REPRESENTATION_CONTEXT() REPRESENTATION_CONTEXT('2D SPACE',''
  ) );
#4221 = PCURVE('',#4163,#4222);
#4222 = DEFINITIONAL_REPRESENTATION('',(#4223),#4227);
#4223 = LINE('',#4224,#4225);
#4224 = CARTESIAN_POINT('',(0.,0.));
#4225 = VECTOR('',#4226,1.);
#4226 = DIRECTION('',(0.,-1.));
#4227 = ( GEOMETRIC_REPRESENTATION_CONTEXT(2) 
PARAMETRIC_REPRESENTATION_CONTEXT() REPRESENTATION_CONTEXT('2D SPACE',''
  ) );
#4228 = ORIENTED_EDGE('',*,*,#4229,.T.);
#4229 = EDGE_CURVE('',#4207,#4230,#4232,.T.);
#4230 = VERTEX_POINT('',#4231);
#4231 = CARTESIAN_POINT('',(-4.817508082255,126.60837893235,0.));
#4232 = SURFACE_CURVE('',#4233,(#4237,#4244),.PCURVE_S1.);
#4233 = LINE('',#4234,#4235);
#4234 = CARTESIAN_POINT('',(-3.965502887997,120.23462391027,0.));
#4235 = VECTOR('',#4236,1.);
#4236 = DIRECTION('',(-0.132495457299,0.991183612554,0.));
#4237 = PCURVE('',#4135,#4238);
#4238 = DEFINITIONAL_REPRESENTATION('',(#4239),#4243);
#4239 = LINE('',#4240,#4241);
#4240 = CARTESIAN_POINT('',(0.,0.));
#4241 = VECTOR('',#4242,1.);
#4242 = DIRECTION('',(1.,0.));
#4243 = ( GEOMETRIC_REPRESENTATION_CONTEXT(2) 
PARAMETRIC_REPRESENTATION_CONTEXT() REPRESENTATION_CONTEXT('2D SPACE',''
  ) );
#4244 = PCURVE('',#335,#4245);
#4245 = DEFINITIONAL_REPRESENTATION('',(#4246),#4250);
#4246 = LINE('',#4247,#4248);
#4247 = CARTESIAN_POINT('',(-10.5,45.7));
#4248 = VECTOR('',#4249,1.);
#4249 = DIRECTION('',(0.,1.));
#4250 = ( GEOMETRIC_REPRESENTATION_CONTEXT(2) 
PARAMETRIC_REPRESENTATION_CONTEXT() REPRESENTATION_CONTEXT('2D SPACE',''
  ) );
#4251 = ORIENTED_EDGE('',*,*,#4252,.T.);
#4252 = EDGE_CURVE('',#4230,#4099,#4253,.T.);
#4253 = SURFACE_CURVE('',#4254,(#4259,#4266),.PCURVE_S1.);
#4254 = CIRCLE('',#4255,126.7);
#4255 = AXIS2_PLACEMENT_3D('',#4256,#4257,#4258);
#4256 = CARTESIAN_POINT('',(0.,0.,0.));
#4257 = DIRECTION('',(0.,0.,1.));
#4258 = DIRECTION('',(1.,0.,-0.));
#4259 = PCURVE('',#4135,#4260);
#4260 = DEFINITIONAL_REPRESENTATION('',(#4261),#4265);
#4261 = CIRCLE('',#4262,126.7);
#4262 = AXIS2_PLACEMENT_2D('',#4263,#4264);
#4263 = CARTESIAN_POINT('',(-119.7,12.));
#4264 = DIRECTION('',(-0.132495457299,-0.991183612554));
#4265 = ( GEOMETRIC_REPRESENTATION_CONTEXT(2) 
PARAMETRIC_REPRESENTATION_CONTEXT() REPRESENTATION_CONTEXT('2D SPACE',''
  ) );
#4266 = PCURVE('',#364,#4267);
#4267 = DEFINITIONAL_REPRESENTATION('',(#4268),#4272);
#4268 = LINE('',#4269,#4270);
#4269 = CARTESIAN_POINT('',(0.,0.5));
#4270 = VECTOR('',#4271,1.);
#4271 = DIRECTION('',(1.,0.));
#4272 = ( GEOMETRIC_REPRESENTATION_CONTEXT(2) 
PARAMETRIC_REPRESENTATION_CONTEXT() REPRESENTATION_CONTEXT('2D SPACE',''
  ) );
#4273 = ADVANCED_FACE('',(#4274),#4163,.F.);
#4274 = FACE_BOUND('',#4275,.F.);
#4275 = EDGE_LOOP('',(#4276,#4299,#4300,#4301,#4324,#4353,#4379,#4405,
    #4431,#4455));
#4276 = ORIENTED_EDGE('',*,*,#4277,.F.);
#4277 = EDGE_CURVE('',#4207,#4278,#4280,.T.);
#4278 = VERTEX_POINT('',#4279);
#4279 = CARTESIAN_POINT('',(-3.965502887997,120.23462391027,7.5));
#4280 = SURFACE_CURVE('',#4281,(#4285,#4292),.PCURVE_S1.);
#4281 = LINE('',#4282,#4283);
#4282 = CARTESIAN_POINT('',(-3.965502887997,120.23462391027,0.));
#4283 = VECTOR('',#4284,1.);
#4284 = DIRECTION('',(0.,0.,1.));
#4285 = PCURVE('',#4163,#4286);
#4286 = DEFINITIONAL_REPRESENTATION('',(#4287),#4291);
#4287 = LINE('',#4288,#4289);
#4288 = CARTESIAN_POINT('',(0.,0.));
#4289 = VECTOR('',#4290,1.);
#4290 = DIRECTION('',(1.,0.));
#4291 = ( GEOMETRIC_REPRESENTATION_CONTEXT(2) 
PARAMETRIC_REPRESENTATION_CONTEXT() REPRESENTATION_CONTEXT('2D SPACE',''
  ) );
#4292 = PCURVE('',#335,#4293);
#4293 = DEFINITIONAL_REPRESENTATION('',(#4294),#4298);
#4294 = LINE('',#4295,#4296);
#4295 = CARTESIAN_POINT('',(-10.5,45.7));
#4296 = VECTOR('',#4297,1.);
#4297 = DIRECTION('',(1.,0.));
#4298 = ( GEOMETRIC_REPRESENTATION_CONTEXT(2) 
PARAMETRIC_REPRESENTATION_CONTEXT() REPRESENTATION_CONTEXT('2D SPACE',''
  ) );
#4299 = ORIENTED_EDGE('',*,*,#4206,.T.);
#4300 = ORIENTED_EDGE('',*,*,#4147,.T.);
#4301 = ORIENTED_EDGE('',*,*,#4302,.F.);
#4302 = EDGE_CURVE('',#4303,#4148,#4305,.T.);
#4303 = VERTEX_POINT('',#4304);
#4304 = CARTESIAN_POINT('',(-16.53195967206,118.55481563142,7.5));
#4305 = SURFACE_CURVE('',#4306,(#4310,#4317),.PCURVE_S1.);
#4306 = LINE('',#4307,#4308);
#4307 = CARTESIAN_POINT('',(-2.974319275444,120.36711936757,7.5));
#4308 = VECTOR('',#4309,1.);
#4309 = DIRECTION('',(-0.991183612554,-0.132495457299,0.));
#4310 = PCURVE('',#4163,#4311);
#4311 = DEFINITIONAL_REPRESENTATION('',(#4312),#4316);
#4312 = LINE('',#4313,#4314);
#4313 = CARTESIAN_POINT('',(7.5,1.));
#4314 = VECTOR('',#4315,1.);
#4315 = DIRECTION('',(0.,-1.));
#4316 = ( GEOMETRIC_REPRESENTATION_CONTEXT(2) 
PARAMETRIC_REPRESENTATION_CONTEXT() REPRESENTATION_CONTEXT('2D SPACE',''
  ) );
#4317 = PCURVE('',#4190,#4318);
#4318 = DEFINITIONAL_REPRESENTATION('',(#4319),#4323);
#4319 = LINE('',#4320,#4321);
#4320 = CARTESIAN_POINT('',(1.570796326795,0.));
#4321 = VECTOR('',#4322,1.);
#4322 = DIRECTION('',(0.,1.));
#4323 = ( GEOMETRIC_REPRESENTATION_CONTEXT(2) 
PARAMETRIC_REPRESENTATION_CONTEXT() REPRESENTATION_CONTEXT('2D SPACE',''
  ) );
#4324 = ORIENTED_EDGE('',*,*,#4325,.F.);
#4325 = EDGE_CURVE('',#4326,#4303,#4328,.T.);
#4326 = VERTEX_POINT('',#4327);
#4327 = CARTESIAN_POINT('',(-17.50675697516,118.42451059731,
    3.588299064212));
#4328 = SURFACE_CURVE('',#4329,(#4334,#4341),.PCURVE_S1.);
#4329 = CIRCLE('',#4330,2.35);
#4330 = AXIS2_PLACEMENT_3D('',#4331,#4332,#4333);
#4331 = CARTESIAN_POINT('',(-15.85970623864,118.64467842269,5.25));
#4332 = DIRECTION('',(-0.132495457299,0.991183612554,1.595945597899E-15)
  );
#4333 = DIRECTION('',(-0.700872653838,-9.368843633225E-02,
    -0.707106781187));
#4334 = PCURVE('',#4163,#4335);
#4335 = DEFINITIONAL_REPRESENTATION('',(#4336),#4340);
#4336 = CIRCLE('',#4337,2.35);
#4337 = AXIS2_PLACEMENT_2D('',#4338,#4339);
#4338 = CARTESIAN_POINT('',(5.25,-12.));
#4339 = DIRECTION('',(-0.707106781187,-0.707106781187));
#4340 = ( GEOMETRIC_REPRESENTATION_CONTEXT(2) 
PARAMETRIC_REPRESENTATION_CONTEXT() REPRESENTATION_CONTEXT('2D SPACE',''
  ) );
#4341 = PCURVE('',#4342,#4347);
#4342 = CYLINDRICAL_SURFACE('',#4343,2.35);
#4343 = AXIS2_PLACEMENT_3D('',#4344,#4345,#4346);
#4344 = CARTESIAN_POINT('',(-15.32972440944,114.67994397247,5.25));
#4345 = DIRECTION('',(0.132495457299,-0.991183612554,0.));
#4346 = DIRECTION('',(0.991183612554,0.132495457299,0.));
#4347 = DEFINITIONAL_REPRESENTATION('',(#4348),#4352);
#4348 = LINE('',#4349,#4350);
#4349 = CARTESIAN_POINT('',(10.210176124167,-4.));
#4350 = VECTOR('',#4351,1.);
#4351 = DIRECTION('',(-1.,-0.));
#4352 = ( GEOMETRIC_REPRESENTATION_CONTEXT(2) 
PARAMETRIC_REPRESENTATION_CONTEXT() REPRESENTATION_CONTEXT('2D SPACE',''
  ) );
#4353 = ORIENTED_EDGE('',*,*,#4354,.F.);
#4354 = EDGE_CURVE('',#4355,#4326,#4357,.T.);
#4355 = VERTEX_POINT('',#4356);
#4356 = CARTESIAN_POINT('',(-16.35866992427,118.57797996151,2.43));
#4357 = SURFACE_CURVE('',#4358,(#4362,#4368),.PCURVE_S1.);
#4358 = LINE('',#4359,#4360);
#4359 = CARTESIAN_POINT('',(-13.23227764602,118.99589725691,
    -0.724200935788));
#4360 = VECTOR('',#4361,1.);
#4361 = DIRECTION('',(-0.700872653838,-9.368843633226E-02,0.707106781187
    ));
#4362 = PCURVE('',#4163,#4363);
#4363 = DEFINITIONAL_REPRESENTATION('',(#4364),#4367);
#4364 = B_SPLINE_CURVE_WITH_KNOTS('',1,(#4365,#4366),.UNSPECIFIED.,.F.,
  .F.,(2,2),(4.460713741842,6.098795987734),.PIECEWISE_BEZIER_KNOTS.);
#4365 = CARTESIAN_POINT('',(2.43,-12.50340187157));
#4366 = CARTESIAN_POINT('',(3.588299064212,-13.66170093578));
#4367 = ( GEOMETRIC_REPRESENTATION_CONTEXT(2) 
PARAMETRIC_REPRESENTATION_CONTEXT() REPRESENTATION_CONTEXT('2D SPACE',''
  ) );
#4368 = PCURVE('',#4369,#4374);
#4369 = PLANE('',#4370);
#4370 = AXIS2_PLACEMENT_3D('',#4371,#4372,#4373);
#4371 = CARTESIAN_POINT('',(-16.97677514596,114.45977614709,
    3.588299064212));
#4372 = DIRECTION('',(-0.700872653838,-9.368843633226E-02,
    -0.707106781187));
#4373 = DIRECTION('',(0.700872653838,9.368843633226E-02,-0.707106781187)
  );
#4374 = DEFINITIONAL_REPRESENTATION('',(#4375),#4378);
#4375 = B_SPLINE_CURVE_WITH_KNOTS('',1,(#4376,#4377),.UNSPECIFIED.,.F.,
  .F.,(2,2),(4.460713741842,6.098795987734),.PIECEWISE_BEZIER_KNOTS.);
#4376 = CARTESIAN_POINT('',(1.638082245892,-4.));
#4377 = CARTESIAN_POINT('',(0.,-4.));
#4378 = ( GEOMETRIC_REPRESENTATION_CONTEXT(2) 
PARAMETRIC_REPRESENTATION_CONTEXT() REPRESENTATION_CONTEXT('2D SPACE',''
  ) );
#4379 = ORIENTED_EDGE('',*,*,#4380,.F.);
#4380 = EDGE_CURVE('',#4381,#4355,#4383,.T.);
#4381 = VERTEX_POINT('',#4382);
#4382 = CARTESIAN_POINT('',(-15.360742553,118.71137688387,2.43));
#4383 = SURFACE_CURVE('',#4384,(#4388,#4394),.PCURVE_S1.);
#4384 = LINE('',#4385,#4386);
#4385 = CARTESIAN_POINT('',(-10.16208640613,119.40630193589,2.43));
#4386 = VECTOR('',#4387,1.);
#4387 = DIRECTION('',(-0.991183612554,-0.132495457299,0.));
#4388 = PCURVE('',#4163,#4389);
#4389 = DEFINITIONAL_REPRESENTATION('',(#4390),#4393);
#4390 = B_SPLINE_CURVE_WITH_KNOTS('',1,(#4391,#4392),.UNSPECIFIED.,.F.,
  .F.,(2,2),(5.244897192635,6.251700935788),.PIECEWISE_BEZIER_KNOTS.);
#4391 = CARTESIAN_POINT('',(2.43,-11.49659812842));
#4392 = CARTESIAN_POINT('',(2.43,-12.50340187157));
#4393 = ( GEOMETRIC_REPRESENTATION_CONTEXT(2) 
PARAMETRIC_REPRESENTATION_CONTEXT() REPRESENTATION_CONTEXT('2D SPACE',''
  ) );
#4394 = PCURVE('',#4395,#4400);
#4395 = PLANE('',#4396);
#4396 = AXIS2_PLACEMENT_3D('',#4397,#4398,#4399);
#4397 = CARTESIAN_POINT('',(-15.82868809508,114.61324551129,2.43));
#4398 = DIRECTION('',(-0.,0.,-1.));
#4399 = DIRECTION('',(0.991183612554,0.132495457299,0.));
#4400 = DEFINITIONAL_REPRESENTATION('',(#4401),#4404);
#4401 = B_SPLINE_CURVE_WITH_KNOTS('',1,(#4402,#4403),.UNSPECIFIED.,.F.,
  .F.,(2,2),(5.244897192635,6.251700935788),.PIECEWISE_BEZIER_KNOTS.);
#4402 = CARTESIAN_POINT('',(1.006803743154,-4.));
#4403 = CARTESIAN_POINT('',(0.,-4.));
#4404 = ( GEOMETRIC_REPRESENTATION_CONTEXT(2) 
PARAMETRIC_REPRESENTATION_CONTEXT() REPRESENTATION_CONTEXT('2D SPACE',''
  ) );
#4405 = ORIENTED_EDGE('',*,*,#4406,.F.);
#4406 = EDGE_CURVE('',#4407,#4381,#4409,.T.);
#4407 = VERTEX_POINT('',#4408);
#4408 = CARTESIAN_POINT('',(-14.21265550212,118.86484624807,
    3.588299064212));
#4409 = SURFACE_CURVE('',#4410,(#4414,#4420),.PCURVE_S1.);
#4410 = LINE('',#4411,#4412);
#4411 = CARTESIAN_POINT('',(-13.11407668138,119.01169765016,
    4.696649532106));
#4412 = VECTOR('',#4413,1.);
#4413 = DIRECTION('',(-0.700872653838,-9.368843633226E-02,
    -0.707106781187));
#4414 = PCURVE('',#4163,#4415);
#4415 = DEFINITIONAL_REPRESENTATION('',(#4416),#4419);
#4416 = B_SPLINE_CURVE_WITH_KNOTS('',1,(#4417,#4418),.UNSPECIFIED.,.F.,
  .F.,(2,2),(1.567444263559,3.205526509451),.PIECEWISE_BEZIER_KNOTS.);
#4417 = CARTESIAN_POINT('',(3.588299064212,-10.33829906421));
#4418 = CARTESIAN_POINT('',(2.43,-11.49659812842));
#4419 = ( GEOMETRIC_REPRESENTATION_CONTEXT(2) 
PARAMETRIC_REPRESENTATION_CONTEXT() REPRESENTATION_CONTEXT('2D SPACE',''
  ) );
#4420 = PCURVE('',#4421,#4426);
#4421 = PLANE('',#4422);
#4422 = AXIS2_PLACEMENT_3D('',#4423,#4424,#4425);
#4423 = CARTESIAN_POINT('',(-14.83076072381,114.74664243365,2.43));
#4424 = DIRECTION('',(0.700872653838,9.368843633226E-02,-0.707106781187)
  );
#4425 = DIRECTION('',(0.700872653838,9.368843633226E-02,0.707106781187)
  );
#4426 = DEFINITIONAL_REPRESENTATION('',(#4427),#4430);
#4427 = B_SPLINE_CURVE_WITH_KNOTS('',1,(#4428,#4429),.UNSPECIFIED.,.F.,
  .F.,(2,2),(1.567444263559,3.205526509451),.PIECEWISE_BEZIER_KNOTS.);
#4428 = CARTESIAN_POINT('',(1.638082245892,-4.));
#4429 = CARTESIAN_POINT('',(0.,-4.));
#4430 = ( GEOMETRIC_REPRESENTATION_CONTEXT(2) 
PARAMETRIC_REPRESENTATION_CONTEXT() REPRESENTATION_CONTEXT('2D SPACE',''
  ) );
#4431 = ORIENTED_EDGE('',*,*,#4432,.F.);
#4432 = EDGE_CURVE('',#4433,#4407,#4435,.T.);
#4433 = VERTEX_POINT('',#4434);
#4434 = CARTESIAN_POINT('',(-15.18745280522,118.73454121395,7.5));
#4435 = SURFACE_CURVE('',#4436,(#4441,#4448),.PCURVE_S1.);
#4436 = CIRCLE('',#4437,2.35);
#4437 = AXIS2_PLACEMENT_3D('',#4438,#4439,#4440);
#4438 = CARTESIAN_POINT('',(-15.85970623864,118.64467842269,5.25));
#4439 = DIRECTION('',(-0.132495457299,0.991183612554,-1.056099652175E-14
    ));
#4440 = DIRECTION('',(0.286065290817,3.823948564529E-02,0.957446808511)
  );
#4441 = PCURVE('',#4163,#4442);
#4442 = DEFINITIONAL_REPRESENTATION('',(#4443),#4447);
#4443 = CIRCLE('',#4444,2.35);
#4444 = AXIS2_PLACEMENT_2D('',#4445,#4446);
#4445 = CARTESIAN_POINT('',(5.25,-12.));
#4446 = DIRECTION('',(0.957446808511,0.288609786516));
#4447 = ( GEOMETRIC_REPRESENTATION_CONTEXT(2) 
PARAMETRIC_REPRESENTATION_CONTEXT() REPRESENTATION_CONTEXT('2D SPACE',''
  ) );
#4448 = PCURVE('',#4342,#4449);
#4449 = DEFINITIONAL_REPRESENTATION('',(#4450),#4454);
#4450 = LINE('',#4451,#4452);
#4451 = CARTESIAN_POINT('',(7.561207115386,-4.));
#4452 = VECTOR('',#4453,1.);
#4453 = DIRECTION('',(-1.,-0.));
#4454 = ( GEOMETRIC_REPRESENTATION_CONTEXT(2) 
PARAMETRIC_REPRESENTATION_CONTEXT() REPRESENTATION_CONTEXT('2D SPACE',''
  ) );
#4455 = ORIENTED_EDGE('',*,*,#4456,.F.);
#4456 = EDGE_CURVE('',#4278,#4433,#4457,.T.);
#4457 = SURFACE_CURVE('',#4458,(#4462,#4469),.PCURVE_S1.);
#4458 = LINE('',#4459,#4460);
#4459 = CARTESIAN_POINT('',(-2.974319275444,120.36711936757,7.5));
#4460 = VECTOR('',#4461,1.);
#4461 = DIRECTION('',(-0.991183612554,-0.132495457299,0.));
#4462 = PCURVE('',#4163,#4463);
#4463 = DEFINITIONAL_REPRESENTATION('',(#4464),#4468);
#4464 = LINE('',#4465,#4466);
#4465 = CARTESIAN_POINT('',(7.5,1.));
#4466 = VECTOR('',#4467,1.);
#4467 = DIRECTION('',(0.,-1.));
#4468 = ( GEOMETRIC_REPRESENTATION_CONTEXT(2) 
PARAMETRIC_REPRESENTATION_CONTEXT() REPRESENTATION_CONTEXT('2D SPACE',''
  ) );
#4469 = PCURVE('',#4190,#4470);
#4470 = DEFINITIONAL_REPRESENTATION('',(#4471),#4475);
#4471 = LINE('',#4472,#4473);
#4472 = CARTESIAN_POINT('',(1.570796326795,0.));
#4473 = VECTOR('',#4474,1.);
#4474 = DIRECTION('',(0.,1.));
#4475 = ( GEOMETRIC_REPRESENTATION_CONTEXT(2) 
PARAMETRIC_REPRESENTATION_CONTEXT() REPRESENTATION_CONTEXT('2D SPACE',''
  ) );
#4476 = ADVANCED_FACE('',(#4477),#4421,.F.);
#4477 = FACE_BOUND('',#4478,.F.);
#4478 = EDGE_LOOP('',(#4479,#4480,#4503,#4530));
#4479 = ORIENTED_EDGE('',*,*,#4406,.T.);
#4480 = ORIENTED_EDGE('',*,*,#4481,.T.);
#4481 = EDGE_CURVE('',#4381,#4482,#4484,.T.);
#4482 = VERTEX_POINT('',#4483);
#4483 = CARTESIAN_POINT('',(-16.28807825108,125.64867093163,2.43));
#4484 = SURFACE_CURVE('',#4485,(#4489,#4496),.PCURVE_S1.);
#4485 = LINE('',#4486,#4487);
#4486 = CARTESIAN_POINT('',(-14.83076072381,114.74664243365,2.43));
#4487 = VECTOR('',#4488,1.);
#4488 = DIRECTION('',(-0.132495457299,0.991183612554,0.));
#4489 = PCURVE('',#4421,#4490);
#4490 = DEFINITIONAL_REPRESENTATION('',(#4491),#4495);
#4491 = LINE('',#4492,#4493);
#4492 = CARTESIAN_POINT('',(0.,0.));
#4493 = VECTOR('',#4494,1.);
#4494 = DIRECTION('',(6.938893903907E-18,-1.));
#4495 = ( GEOMETRIC_REPRESENTATION_CONTEXT(2) 
PARAMETRIC_REPRESENTATION_CONTEXT() REPRESENTATION_CONTEXT('2D SPACE',''
  ) );
#4496 = PCURVE('',#4395,#4497);
#4497 = DEFINITIONAL_REPRESENTATION('',(#4498),#4502);
#4498 = LINE('',#4499,#4500);
#4499 = CARTESIAN_POINT('',(1.006803743154,-4.302114220422E-15));
#4500 = VECTOR('',#4501,1.);
#4501 = DIRECTION('',(0.,-1.));
#4502 = ( GEOMETRIC_REPRESENTATION_CONTEXT(2) 
PARAMETRIC_REPRESENTATION_CONTEXT() REPRESENTATION_CONTEXT('2D SPACE',''
  ) );
#4503 = ORIENTED_EDGE('',*,*,#4504,.T.);
#4504 = EDGE_CURVE('',#4482,#4505,#4507,.T.);
#4505 = VERTEX_POINT('',#4506);
#4506 = CARTESIAN_POINT('',(-15.13867986416,125.79233033842,
    3.588299064212));
#4507 = SURFACE_CURVE('',#4508,(#4513,#4520),.PCURVE_S1.);
#4508 = ELLIPSE('',#4509,179.18085835267,126.7);
#4509 = AXIS2_PLACEMENT_3D('',#4510,#4511,#4512);
#4510 = CARTESIAN_POINT('',(0.,0.,1.926598128423));
#4511 = DIRECTION('',(0.700872653838,9.368843633226E-02,-0.707106781187)
  );
#4512 = DIRECTION('',(0.700872653838,9.368843633226E-02,0.707106781187)
  );
#4513 = PCURVE('',#4421,#4514);
#4514 = DEFINITIONAL_REPRESENTATION('',(#4515),#4519);
#4515 = ELLIPSE('',#4516,179.18085835267,126.7);
#4516 = AXIS2_PLACEMENT_2D('',#4517,#4518);
#4517 = CARTESIAN_POINT('',(-0.711917754108,115.7));
#4518 = DIRECTION('',(1.,-1.387778780781E-17));
#4519 = ( GEOMETRIC_REPRESENTATION_CONTEXT(2) 
PARAMETRIC_REPRESENTATION_CONTEXT() REPRESENTATION_CONTEXT('2D SPACE',''
  ) );
#4520 = PCURVE('',#364,#4521);
#4521 = DEFINITIONAL_REPRESENTATION('',(#4522),#4529);
#4522 = B_SPLINE_CURVE_WITH_KNOTS('',5,(#4523,#4524,#4525,#4526,#4527,
    #4528),.UNSPECIFIED.,.F.,.F.,(6,6),(4.715447958835,4.726418886919),
  .PIECEWISE_BEZIER_KNOTS.);
#4523 = CARTESIAN_POINT('',(1.700623561108,2.814170093579));
#4524 = CARTESIAN_POINT('',(1.698429375491,3.092172110553));
#4525 = CARTESIAN_POINT('',(1.696235189874,3.370171795095));
#4526 = CARTESIAN_POINT('',(1.694041004257,3.648166358815));
#4527 = CARTESIAN_POINT('',(1.69184681864,3.92615301337));
#4528 = CARTESIAN_POINT('',(1.689652633023,4.204128970633));
#4529 = ( GEOMETRIC_REPRESENTATION_CONTEXT(2) 
PARAMETRIC_REPRESENTATION_CONTEXT() REPRESENTATION_CONTEXT('2D SPACE',''
  ) );
#4530 = ORIENTED_EDGE('',*,*,#4531,.F.);
#4531 = EDGE_CURVE('',#4407,#4505,#4532,.T.);
#4532 = SURFACE_CURVE('',#4533,(#4537,#4544),.PCURVE_S1.);
#4533 = LINE('',#4534,#4535);
#4534 = CARTESIAN_POINT('',(-13.68267367293,114.90011179785,
    3.588299064212));
#4535 = VECTOR('',#4536,1.);
#4536 = DIRECTION('',(-0.132495457299,0.991183612554,0.));
#4537 = PCURVE('',#4421,#4538);
#4538 = DEFINITIONAL_REPRESENTATION('',(#4539),#4543);
#4539 = LINE('',#4540,#4541);
#4540 = CARTESIAN_POINT('',(1.638082245892,9.159339953158E-15));
#4541 = VECTOR('',#4542,1.);
#4542 = DIRECTION('',(6.938893903907E-18,-1.));
#4543 = ( GEOMETRIC_REPRESENTATION_CONTEXT(2) 
PARAMETRIC_REPRESENTATION_CONTEXT() REPRESENTATION_CONTEXT('2D SPACE',''
  ) );
#4544 = PCURVE('',#4342,#4545);
#4545 = DEFINITIONAL_REPRESENTATION('',(#4546),#4549);
#4546 = B_SPLINE_CURVE_WITH_KNOTS('',1,(#4547,#4548),.UNSPECIFIED.,.F.,
  .F.,(2,2),(4.,10.989102727898),.PIECEWISE_BEZIER_KNOTS.);
#4547 = CARTESIAN_POINT('',(5.497787143782,-4.));
#4548 = CARTESIAN_POINT('',(5.497787143782,-10.98910272789));
#4549 = ( GEOMETRIC_REPRESENTATION_CONTEXT(2) 
PARAMETRIC_REPRESENTATION_CONTEXT() REPRESENTATION_CONTEXT('2D SPACE',''
  ) );
#4550 = ADVANCED_FACE('',(#4551),#4395,.F.);
#4551 = FACE_BOUND('',#4552,.F.);
#4552 = EDGE_LOOP('',(#4553,#4554,#4577,#4603));
#4553 = ORIENTED_EDGE('',*,*,#4380,.T.);
#4554 = ORIENTED_EDGE('',*,*,#4555,.T.);
#4555 = EDGE_CURVE('',#4355,#4556,#4558,.T.);
#4556 = VERTEX_POINT('',#4557);
#4557 = CARTESIAN_POINT('',(-17.28600562235,125.51527400927,2.43));
#4558 = SURFACE_CURVE('',#4559,(#4563,#4570),.PCURVE_S1.);
#4559 = LINE('',#4560,#4561);
#4560 = CARTESIAN_POINT('',(-15.82868809508,114.61324551129,2.43));
#4561 = VECTOR('',#4562,1.);
#4562 = DIRECTION('',(-0.132495457299,0.991183612554,0.));
#4563 = PCURVE('',#4395,#4564);
#4564 = DEFINITIONAL_REPRESENTATION('',(#4565),#4569);
#4565 = LINE('',#4566,#4567);
#4566 = CARTESIAN_POINT('',(0.,0.));
#4567 = VECTOR('',#4568,1.);
#4568 = DIRECTION('',(0.,-1.));
#4569 = ( GEOMETRIC_REPRESENTATION_CONTEXT(2) 
PARAMETRIC_REPRESENTATION_CONTEXT() REPRESENTATION_CONTEXT('2D SPACE',''
  ) );
#4570 = PCURVE('',#4369,#4571);
#4571 = DEFINITIONAL_REPRESENTATION('',(#4572),#4576);
#4572 = LINE('',#4573,#4574);
#4573 = CARTESIAN_POINT('',(1.638082245892,-4.940492459582E-15));
#4574 = VECTOR('',#4575,1.);
#4575 = DIRECTION('',(6.938893903907E-18,-1.));
#4576 = ( GEOMETRIC_REPRESENTATION_CONTEXT(2) 
PARAMETRIC_REPRESENTATION_CONTEXT() REPRESENTATION_CONTEXT('2D SPACE',''
  ) );
#4577 = ORIENTED_EDGE('',*,*,#4578,.F.);
#4578 = EDGE_CURVE('',#4482,#4556,#4579,.T.);
#4579 = SURFACE_CURVE('',#4580,(#4585,#4596),.PCURVE_S1.);
#4580 = CIRCLE('',#4581,126.7);
#4581 = AXIS2_PLACEMENT_3D('',#4582,#4583,#4584);
#4582 = CARTESIAN_POINT('',(0.,0.,2.43));
#4583 = DIRECTION('',(0.,0.,1.));
#4584 = DIRECTION('',(1.,0.,-0.));
#4585 = PCURVE('',#4395,#4586);
#4586 = DEFINITIONAL_REPRESENTATION('',(#4587),#4595);
#4587 = ( BOUNDED_CURVE() B_SPLINE_CURVE(2,(#4588,#4589,#4590,#4591,
#4592,#4593,#4594),.UNSPECIFIED.,.T.,.F.) B_SPLINE_CURVE_WITH_KNOTS((1,2
    ,2,2,2,1),(-2.094395102393,0.,2.094395102393,4.188790204786,
6.28318530718,8.377580409573),.UNSPECIFIED.) CURVE() 
GEOMETRIC_REPRESENTATION_ITEM() RATIONAL_B_SPLINE_CURVE((1.,0.5,1.,0.5,
1.,0.5,1.)) REPRESENTATION_ITEM('') );
#4588 = CARTESIAN_POINT('',(126.08636558214,132.48717443973));
#4589 = CARTESIAN_POINT('',(155.16260462728,-85.02889927205));
#4590 = CARTESIAN_POINT('',(-47.74996046113,-1.451624075758));
#4591 = CARTESIAN_POINT('',(-250.6625255495,82.125651120533));
#4592 = CARTESIAN_POINT('',(-76.82619950627,216.06444963602));
#4593 = CARTESIAN_POINT('',(97.010126537005,350.00324815151));
#4594 = CARTESIAN_POINT('',(126.08636558214,132.48717443973));
#4595 = ( GEOMETRIC_REPRESENTATION_CONTEXT(2) 
PARAMETRIC_REPRESENTATION_CONTEXT() REPRESENTATION_CONTEXT('2D SPACE',''
  ) );
#4596 = PCURVE('',#364,#4597);
#4597 = DEFINITIONAL_REPRESENTATION('',(#4598),#4602);
#4598 = LINE('',#4599,#4600);
#4599 = CARTESIAN_POINT('',(0.,2.93));
#4600 = VECTOR('',#4601,1.);
#4601 = DIRECTION('',(1.,0.));
#4602 = ( GEOMETRIC_REPRESENTATION_CONTEXT(2) 
PARAMETRIC_REPRESENTATION_CONTEXT() REPRESENTATION_CONTEXT('2D SPACE',''
  ) );
#4603 = ORIENTED_EDGE('',*,*,#4481,.F.);
#4604 = ADVANCED_FACE('',(#4605),#4369,.F.);
#4605 = FACE_BOUND('',#4606,.F.);
#4606 = EDGE_LOOP('',(#4607,#4608,#4630,#4655));
#4607 = ORIENTED_EDGE('',*,*,#4354,.T.);
#4608 = ORIENTED_EDGE('',*,*,#4609,.T.);
#4609 = EDGE_CURVE('',#4326,#4610,#4612,.T.);
#4610 = VERTEX_POINT('',#4611);
#4611 = CARTESIAN_POINT('',(-18.4327813372,125.35199468765,
    3.588299064212));
#4612 = SURFACE_CURVE('',#4613,(#4617,#4624),.PCURVE_S1.);
#4613 = LINE('',#4614,#4615);
#4614 = CARTESIAN_POINT('',(-16.97677514596,114.45977614709,
    3.588299064212));
#4615 = VECTOR('',#4616,1.);
#4616 = DIRECTION('',(-0.132495457299,0.991183612554,0.));
#4617 = PCURVE('',#4369,#4618);
#4618 = DEFINITIONAL_REPRESENTATION('',(#4619),#4623);
#4619 = LINE('',#4620,#4621);
#4620 = CARTESIAN_POINT('',(0.,0.));
#4621 = VECTOR('',#4622,1.);
#4622 = DIRECTION('',(6.938893903907E-18,-1.));
#4623 = ( GEOMETRIC_REPRESENTATION_CONTEXT(2) 
PARAMETRIC_REPRESENTATION_CONTEXT() REPRESENTATION_CONTEXT('2D SPACE',''
  ) );
#4624 = PCURVE('',#4342,#4625);
#4625 = DEFINITIONAL_REPRESENTATION('',(#4626),#4629);
#4626 = B_SPLINE_CURVE_WITH_KNOTS('',1,(#4627,#4628),.UNSPECIFIED.,.F.,
  .F.,(2,2),(4.,10.989102727898),.PIECEWISE_BEZIER_KNOTS.);
#4627 = CARTESIAN_POINT('',(10.210176124167,-4.));
#4628 = CARTESIAN_POINT('',(10.210176124167,-10.98910272789));
#4629 = ( GEOMETRIC_REPRESENTATION_CONTEXT(2) 
PARAMETRIC_REPRESENTATION_CONTEXT() REPRESENTATION_CONTEXT('2D SPACE',''
  ) );
#4630 = ORIENTED_EDGE('',*,*,#4631,.T.);
#4631 = EDGE_CURVE('',#4610,#4556,#4632,.T.);
#4632 = SURFACE_CURVE('',#4633,(#4638,#4645),.PCURVE_S1.);
#4633 = ELLIPSE('',#4634,179.18085835267,126.7);
#4634 = AXIS2_PLACEMENT_3D('',#4635,#4636,#4637);
#4635 = CARTESIAN_POINT('',(0.,0.,1.926598128423));
#4636 = DIRECTION('',(-0.700872653838,-9.368843633226E-02,
    -0.707106781187));
#4637 = DIRECTION('',(-0.700872653838,-9.368843633226E-02,0.707106781187
    ));
#4638 = PCURVE('',#4369,#4639);
#4639 = DEFINITIONAL_REPRESENTATION('',(#4640),#4644);
#4640 = ELLIPSE('',#4641,179.18085835267,126.7);
#4641 = AXIS2_PLACEMENT_2D('',#4642,#4643);
#4642 = CARTESIAN_POINT('',(2.35,115.7));
#4643 = DIRECTION('',(-1.,1.387778780781E-17));
#4644 = ( GEOMETRIC_REPRESENTATION_CONTEXT(2) 
PARAMETRIC_REPRESENTATION_CONTEXT() REPRESENTATION_CONTEXT('2D SPACE',''
  ) );
#4645 = PCURVE('',#364,#4646);
#4646 = DEFINITIONAL_REPRESENTATION('',(#4647),#4654);
#4647 = B_SPLINE_CURVE_WITH_KNOTS('',5,(#4648,#4649,#4650,#4651,#4652,
    #4653),.UNSPECIFIED.,.F.,.F.,(6,6),(1.556766420261,1.567737348345),
  .PIECEWISE_BEZIER_KNOTS.);
#4648 = CARTESIAN_POINT('',(1.717712446092,4.204128970633));
#4649 = CARTESIAN_POINT('',(1.715518260475,3.92615301337));
#4650 = CARTESIAN_POINT('',(1.713324074858,3.648166358815));
#4651 = CARTESIAN_POINT('',(1.711129889241,3.370171795095));
#4652 = CARTESIAN_POINT('',(1.708935703624,3.092172110553));
#4653 = CARTESIAN_POINT('',(1.706741518007,2.814170093579));
#4654 = ( GEOMETRIC_REPRESENTATION_CONTEXT(2) 
PARAMETRIC_REPRESENTATION_CONTEXT() REPRESENTATION_CONTEXT('2D SPACE',''
  ) );
#4655 = ORIENTED_EDGE('',*,*,#4555,.F.);
#4656 = ADVANCED_FACE('',(#4657),#4342,.F.);
#4657 = FACE_BOUND('',#4658,.F.);
#4658 = EDGE_LOOP('',(#4659,#4660,#4661,#4855,#4856,#4857));
#4659 = ORIENTED_EDGE('',*,*,#4432,.T.);
#4660 = ORIENTED_EDGE('',*,*,#4531,.T.);
#4661 = ORIENTED_EDGE('',*,*,#4662,.T.);
#4662 = EDGE_CURVE('',#4505,#4610,#4663,.T.);
#4663 = SURFACE_CURVE('',#4664,(#4709,#4782),.PCURVE_S1.);
#4664 = B_SPLINE_CURVE_WITH_KNOTS('',8,(#4665,#4666,#4667,#4668,#4669,
    #4670,#4671,#4672,#4673,#4674,#4675,#4676,#4677,#4678,#4679,#4680,
    #4681,#4682,#4683,#4684,#4685,#4686,#4687,#4688,#4689,#4690,#4691,
    #4692,#4693,#4694,#4695,#4696,#4697,#4698,#4699,#4700,#4701,#4702,
    #4703,#4704,#4705,#4706,#4707,#4708),.UNSPECIFIED.,.F.,.F.,(9,7,7,7,
    7,7,9),(0.,1.,2.108656816722,3.052593969892,3.662419382526,
    4.333258637652,5.063023710531),.UNSPECIFIED.);
#4665 = CARTESIAN_POINT('',(-15.13867986416,125.79233033842,
    3.588299064212));
#4666 = CARTESIAN_POINT('',(-14.96215105831,125.81357498085,
    3.766086342323));
#4667 = CARTESIAN_POINT('',(-14.81371249844,125.83115182534,
    3.959021651949));
#4668 = CARTESIAN_POINT('',(-14.69225547545,125.84535453993,
    4.162611828302));
#4669 = CARTESIAN_POINT('',(-14.59658439547,125.85644093356,
    4.373585935954));
#4670 = CARTESIAN_POINT('',(-14.52562444168,125.86461494131,
    4.589518282358));
#4671 = CARTESIAN_POINT('',(-14.47857079851,125.87001846343,
    4.808548750864));
#4672 = CARTESIAN_POINT('',(-14.45500514792,125.872724711,5.029163615531
    ));
#4673 = CARTESIAN_POINT('',(-14.45500514792,125.872724711,5.494831763022
    ));
#4674 = CARTESIAN_POINT('',(-14.48397146179,125.86939823233,
    5.739308779625));
#4675 = CARTESIAN_POINT('',(-14.54175540653,125.86276256788,
    5.981659400545));
#4676 = CARTESIAN_POINT('',(-14.62904946663,125.85269984359,
    6.219890911133));
#4677 = CARTESIAN_POINT('',(-14.74709141107,125.83899382747,
    6.451323851113));
#4678 = CARTESIAN_POINT('',(-14.89746053266,125.82133905014,
    6.672306350622));
#4679 = CARTESIAN_POINT('',(-15.08179524328,125.79935743258,
    6.87782216872));
#4680 = CARTESIAN_POINT('',(-15.48811991674,125.74992474902,
    7.21641792802));
#4681 = CARTESIAN_POINT('',(-15.70731049644,125.72293649702,
    7.361444370389));
#4682 = CARTESIAN_POINT('',(-15.95562752044,125.69188742334,
    7.483242724516));
#4683 = CARTESIAN_POINT('',(-16.22705867432,125.65729791293,
    7.572373006918));
#4684 = CARTESIAN_POINT('',(-16.51330465412,125.62001229068,
    7.622524401651));
#4685 = CARTESIAN_POINT('',(-16.80489927993,125.58117449574,
    7.630671087481));
#4686 = CARTESIAN_POINT('',(-17.09215662056,125.54212343211,
    7.597219212619));
#4687 = CARTESIAN_POINT('',(-17.54335056101,125.47969083067,
    7.480269752051));
#4688 = CARTESIAN_POINT('',(-17.7163191925,125.45546581139,
    7.418321888293));
#4689 = CARTESIAN_POINT('',(-17.8835002134,125.43177397453,7.3407601327)
  );
#4690 = CARTESIAN_POINT('',(-18.04329250635,125.40887514695,
    7.248229207274));
#4691 = CARTESIAN_POINT('',(-18.1941853,125.3870285229,7.141571420057));
#4692 = CARTESIAN_POINT('',(-18.33478089616,125.36648558738,
    7.021813298448));
#4693 = CARTESIAN_POINT('',(-18.46381894554,125.34748195603,
    6.890152696456));
#4694 = CARTESIAN_POINT('',(-18.7082299053,125.31124803914,
    6.591512124117));
#4695 = CARTESIAN_POINT('',(-18.8209609196,125.29438295837,
    6.422295487671));
#4696 = CARTESIAN_POINT('',(-18.91693616631,125.279912807,6.24208693912)
  );
#4697 = CARTESIAN_POINT('',(-18.9949585459,125.26807831973,
    6.052869176038));
#4698 = CARTESIAN_POINT('',(-19.05410660115,125.25907014496,5.8567765963
    ));
#4699 = CARTESIAN_POINT('',(-19.09375017409,125.25302031099,
    5.656054115459));
#4700 = CARTESIAN_POINT('',(-19.11356812693,125.2499960617,
    5.453015326216));
#4701 = CARTESIAN_POINT('',(-19.11356812693,125.2499960617,
    5.029152020101));
#4702 = CARTESIAN_POINT('',(-19.09011563306,125.25357497685,
    4.808531049465));
#4703 = CARTESIAN_POINT('',(-19.04329584286,125.26071988362,
    4.589512517244));
#4704 = CARTESIAN_POINT('',(-18.97267945531,125.27147094855,
    4.373583476688));
#4705 = CARTESIAN_POINT('',(-18.87745749812,125.28590194164,
    4.162610878005));
#4706 = CARTESIAN_POINT('',(-18.75654082444,125.30409819457,
    3.95902956623));
#4707 = CARTESIAN_POINT('',(-18.60869500447,125.32612690493,
    3.76608917214));
#4708 = CARTESIAN_POINT('',(-18.4327813372,125.35199468765,
    3.588299064212));
#4709 = PCURVE('',#4342,#4710);
#4710 = DEFINITIONAL_REPRESENTATION('',(#4711),#4781);
#4711 = B_SPLINE_CURVE_WITH_KNOTS('',3,(#4712,#4713,#4714,#4715,#4716,
    #4717,#4718,#4719,#4720,#4721,#4722,#4723,#4724,#4725,#4726,#4727,
    #4728,#4729,#4730,#4731,#4732,#4733,#4734,#4735,#4736,#4737,#4738,
    #4739,#4740,#4741,#4742,#4743,#4744,#4745,#4746,#4747,#4748,#4749,
    #4750,#4751,#4752,#4753,#4754,#4755,#4756,#4757,#4758,#4759,#4760,
    #4761,#4762,#4763,#4764,#4765,#4766,#4767,#4768,#4769,#4770,#4771,
    #4772,#4773,#4774,#4775,#4776,#4777,#4778,#4779,#4780),
  .UNSPECIFIED.,.F.,.F.,(4,1,1,1,1,1,1,1,1,1,1,1,1,1,1,1,1,1,1,1,1,1,1,1
    ,1,1,1,1,1,1,1,1,1,1,1,1,1,1,1,1,1,1,1,1,1,1,1,1,1,1,1,1,1,1,1,1,1,1
    ,1,1,1,1,1,1,1,1,4),(0.,7.67124804626E-02,0.153424960925,
    0.230137441388,0.30684992185,0.383562402313,0.460274882776,
    0.536987363238,0.613699843701,0.690412324163,0.767124804626,
    0.843837285089,0.920549765551,0.997262246014,1.073974726476,
    1.150687206939,1.227399687402,1.304112167864,1.380824648327,
    1.457537128789,1.534249609252,1.610962089715,1.687674570177,
    1.76438705064,1.841099531102,1.917812011565,1.994524492028,
    2.07123697249,2.147949452953,2.224661933415,2.301374413878,
    2.378086894341,2.454799374803,2.531511855266,2.608224335728,
    2.684936816191,2.761649296654,2.838361777116,2.915074257579,
    2.991786738041,3.068499218504,3.145211698967,3.221924179429,
    3.298636659892,3.375349140354,3.452061620817,3.52877410128,
    3.605486581742,3.682199062205,3.758911542667,3.83562402313,
    3.912336503593,3.989048984055,4.065761464518,4.14247394498,
    4.219186425443,4.295898905906,4.372611386368,4.449323866831,
    4.526036347293,4.602748827756,4.679461308218,4.756173788681,
    4.832886269144,4.909598749606,4.986311230069,5.063023710531),
  .QUASI_UNIFORM_KNOTS.);
#4712 = CARTESIAN_POINT('',(5.497787143782,-10.98910272789));
#4713 = CARTESIAN_POINT('',(5.519673285645,-10.98862548379));
#4714 = CARTESIAN_POINT('',(5.56301252568,-10.98768128704));
#4715 = CARTESIAN_POINT('',(5.626838146485,-10.986313613));
#4716 = CARTESIAN_POINT('',(5.689599137611,-10.98501325553));
#4717 = CARTESIAN_POINT('',(5.751404596518,-10.98379558928));
#4718 = CARTESIAN_POINT('',(5.812359442323,-10.98267404416));
#4719 = CARTESIAN_POINT('',(5.872564628367,-10.98165996842));
#4720 = CARTESIAN_POINT('',(5.932118427127,-10.98076289291));
#4721 = CARTESIAN_POINT('',(5.991117189208,-10.97999067982));
#4722 = CARTESIAN_POINT('',(6.049656220831,-10.9793496903));
#4723 = CARTESIAN_POINT('',(6.107830192161,-10.97884493127));
#4724 = CARTESIAN_POINT('',(6.165735118904,-10.9784801878));
#4725 = CARTESIAN_POINT('',(6.223464616999,-10.97825813678));
#4726 = CARTESIAN_POINT('',(6.281127818551,-10.97818043388));
#4727 = CARTESIAN_POINT('',(6.338786877256,-10.97824779191));
#4728 = CARTESIAN_POINT('',(6.396497278403,-10.97845952971));
#4729 = CARTESIAN_POINT('',(6.454374701842,-10.97881404508));
#4730 = CARTESIAN_POINT('',(6.512514934069,-10.97930875396));
#4731 = CARTESIAN_POINT('',(6.571016224546,-10.97993998635));
#4732 = CARTESIAN_POINT('',(6.62997426057,-10.9807028642));
#4733 = CARTESIAN_POINT('',(6.689484489267,-10.98159115912));
#4734 = CARTESIAN_POINT('',(6.749642516418,-10.98259713571));
#4735 = CARTESIAN_POINT('',(6.810545002634,-10.98371138225));
#4736 = CARTESIAN_POINT('',(6.872290711403,-10.98492263825));
#4737 = CARTESIAN_POINT('',(6.934980758712,-10.98621760171));
#4738 = CARTESIAN_POINT('',(6.99872234636,-10.98758079799));
#4739 = CARTESIAN_POINT('',(7.063620009588,-10.98899422184));
#4740 = CARTESIAN_POINT('',(7.129814282338,-10.99043784758));
#4741 = CARTESIAN_POINT('',(7.19734456757,-10.99188693792));
#4742 = CARTESIAN_POINT('',(7.267697698459,-10.99334303809));
#4743 = CARTESIAN_POINT('',(7.340207289073,-10.99475612193));
#4744 = CARTESIAN_POINT('',(7.414567880958,-10.99608209768));
#4745 = CARTESIAN_POINT('',(7.490438283729,-10.99727614777));
#4746 = CARTESIAN_POINT('',(7.567536112722,-10.99829701803));
#4747 = CARTESIAN_POINT('',(7.645601848738,-10.99910826772));
#4748 = CARTESIAN_POINT('',(7.724399328567,-10.99968010173));
#4749 = CARTESIAN_POINT('',(7.803706055209,-10.99999073149));
#4750 = CARTESIAN_POINT('',(7.883311781162,-11.00002738759));
#4751 = CARTESIAN_POINT('',(7.962996794324,-10.99978716305));
#4752 = CARTESIAN_POINT('',(8.042584249908,-10.99927655256));
#4753 = CARTESIAN_POINT('',(8.121716307392,-10.99851383878));
#4754 = CARTESIAN_POINT('',(8.200731088589,-10.99751794041));
#4755 = CARTESIAN_POINT('',(8.279776401172,-10.99631179316));
#4756 = CARTESIAN_POINT('',(8.358812555844,-10.99492599435));
#4757 = CARTESIAN_POINT('',(8.437851036289,-10.99339494933));
#4758 = CARTESIAN_POINT('',(8.516889805748,-10.99175684214));
#4759 = CARTESIAN_POINT('',(8.595929696474,-10.99005249824));
#4760 = CARTESIAN_POINT('',(8.674970104526,-10.98832443869));
#4761 = CARTESIAN_POINT('',(8.754006286998,-10.98661585989));
#4762 = CARTESIAN_POINT('',(8.833042207277,-10.98496927703));
#4763 = CARTESIAN_POINT('',(8.912077592342,-10.9834257399));
#4764 = CARTESIAN_POINT('',(8.991111886695,-10.98202376205));
#4765 = CARTESIAN_POINT('',(9.07014587872,-10.98079829238));
#4766 = CARTESIAN_POINT('',(9.149180331728,-10.97977987175));
#4767 = CARTESIAN_POINT('',(9.22821630307,-10.9789938902));
#4768 = CARTESIAN_POINT('',(9.307252030683,-10.97845996586));
#4769 = CARTESIAN_POINT('',(9.386291849657,-10.9781914457));
#4770 = CARTESIAN_POINT('',(9.465310061759,-10.97819500641));
#4771 = CARTESIAN_POINT('',(9.544377411321,-10.97847046393));
#4772 = CARTESIAN_POINT('',(9.623782205335,-10.97901382209));
#4773 = CARTESIAN_POINT('',(9.703763541497,-10.97981760611));
#4774 = CARTESIAN_POINT('',(9.784568733636,-10.98087025786));
#4775 = CARTESIAN_POINT('',(9.86644248699,-10.98215554942));
#4776 = CARTESIAN_POINT('',(9.949634340193,-10.9836519386));
#4777 = CARTESIAN_POINT('',(10.03440255897,-10.98533148122));
#4778 = CARTESIAN_POINT('',(10.121016026783,-10.98716006587));
#4779 = CARTESIAN_POINT('',(10.180186078414,-10.98844831592));
#4780 = CARTESIAN_POINT('',(10.210176124167,-10.98910272789));
#4781 = ( GEOMETRIC_REPRESENTATION_CONTEXT(2) 
PARAMETRIC_REPRESENTATION_CONTEXT() REPRESENTATION_CONTEXT('2D SPACE',''
  ) );
#4782 = PCURVE('',#364,#4783);
#4783 = DEFINITIONAL_REPRESENTATION('',(#4784),#4854);
#4784 = B_SPLINE_CURVE_WITH_KNOTS('',3,(#4785,#4786,#4787,#4788,#4789,
    #4790,#4791,#4792,#4793,#4794,#4795,#4796,#4797,#4798,#4799,#4800,
    #4801,#4802,#4803,#4804,#4805,#4806,#4807,#4808,#4809,#4810,#4811,
    #4812,#4813,#4814,#4815,#4816,#4817,#4818,#4819,#4820,#4821,#4822,
    #4823,#4824,#4825,#4826,#4827,#4828,#4829,#4830,#4831,#4832,#4833,
    #4834,#4835,#4836,#4837,#4838,#4839,#4840,#4841,#4842,#4843,#4844,
    #4845,#4846,#4847,#4848,#4849,#4850,#4851,#4852,#4853),
  .UNSPECIFIED.,.F.,.F.,(4,1,1,1,1,1,1,1,1,1,1,1,1,1,1,1,1,1,1,1,1,1,1,1
    ,1,1,1,1,1,1,1,1,1,1,1,1,1,1,1,1,1,1,1,1,1,1,1,1,1,1,1,1,1,1,1,1,1,1
    ,1,1,1,1,1,1,1,1,4),(0.,7.67124804626E-02,0.153424960925,
    0.230137441388,0.30684992185,0.383562402313,0.460274882776,
    0.536987363238,0.613699843701,0.690412324163,0.767124804626,
    0.843837285089,0.920549765551,0.997262246014,1.073974726476,
    1.150687206939,1.227399687402,1.304112167864,1.380824648327,
    1.457537128789,1.534249609252,1.610962089715,1.687674570177,
    1.76438705064,1.841099531102,1.917812011565,1.994524492028,
    2.07123697249,2.147949452953,2.224661933415,2.301374413878,
    2.378086894341,2.454799374803,2.531511855266,2.608224335728,
    2.684936816191,2.761649296654,2.838361777116,2.915074257579,
    2.991786738041,3.068499218504,3.145211698967,3.221924179429,
    3.298636659892,3.375349140354,3.452061620817,3.52877410128,
    3.605486581742,3.682199062205,3.758911542667,3.83562402313,
    3.912336503593,3.989048984055,4.065761464518,4.14247394498,
    4.219186425443,4.295898905906,4.372611386368,4.449323866831,
    4.526036347293,4.602748827756,4.679461308218,4.756173788681,
    4.832886269144,4.909598749606,4.986311230069,5.063023710531),
  .QUASI_UNIFORM_KNOTS.);
#4785 = CARTESIAN_POINT('',(1.690566923318,4.088299064212));
#4786 = CARTESIAN_POINT('',(1.690279847476,4.1246736855));
#4787 = CARTESIAN_POINT('',(1.689730257618,4.199066713478));
#4788 = CARTESIAN_POINT('',(1.688978178254,4.315010473956));
#4789 = CARTESIAN_POINT('',(1.688297019558,4.434707887313));
#4790 = CARTESIAN_POINT('',(1.687685413218,4.557640385719));
#4791 = CARTESIAN_POINT('',(1.687142033738,4.683335697413));
#4792 = CARTESIAN_POINT('',(1.686665621449,4.811370380148));
#4793 = CARTESIAN_POINT('',(1.686255004637,4.941362522442));
#4794 = CARTESIAN_POINT('',(1.685909120282,5.072967380218));
#4795 = CARTESIAN_POINT('',(1.685627033702,5.205872806461));
#4796 = CARTESIAN_POINT('',(1.685407957247,5.339794136536));
#4797 = CARTESIAN_POINT('',(1.685251267936,5.474472881612));
#4798 = CARTESIAN_POINT('',(1.685156525131,5.609662018447));
#4799 = CARTESIAN_POINT('',(1.685123484736,5.745162230751));
#4800 = CARTESIAN_POINT('',(1.685152123692,5.88066875368));
#4801 = CARTESIAN_POINT('',(1.685242434275,6.015861468087));
#4802 = CARTESIAN_POINT('',(1.685394637223,6.150557370982));
#4803 = CARTESIAN_POINT('',(1.685609167169,6.284515767975));
#4804 = CARTESIAN_POINT('',(1.68588664806,6.41748484748));
#4805 = CARTESIAN_POINT('',(1.686227871908,6.549183949202));
#4806 = CARTESIAN_POINT('',(1.686633776677,6.679303147148));
#4807 = CARTESIAN_POINT('',(1.687105424266,6.80749818478));
#4808 = CARTESIAN_POINT('',(1.687643976425,6.93338646561));
#4809 = CARTESIAN_POINT('',(1.688250673776,7.056542722443));
#4810 = CARTESIAN_POINT('',(1.6889267969,7.17649364306));
#4811 = CARTESIAN_POINT('',(1.68967368597,7.292715192018));
#4812 = CARTESIAN_POINT('',(1.690492531515,7.404617866021));
#4813 = CARTESIAN_POINT('',(1.691385007017,7.511574667354));
#4814 = CARTESIAN_POINT('',(1.692350745375,7.612786893971));
#4815 = CARTESIAN_POINT('',(1.69341168495,7.709225994035));
#4816 = CARTESIAN_POINT('',(1.694558582229,7.79844623433));
#4817 = CARTESIAN_POINT('',(1.695784636606,7.878756230803));
#4818 = CARTESIAN_POINT('',(1.697080684796,7.948554872449));
#4819 = CARTESIAN_POINT('',(1.69843668352,8.006512107779));
#4820 = CARTESIAN_POINT('',(1.699841521199,8.051523910258));
#4821 = CARTESIAN_POINT('',(1.701283295307,8.082727907769));
#4822 = CARTESIAN_POINT('',(1.702749449815,8.099503938717));
#4823 = CARTESIAN_POINT('',(1.704227044066,8.101475593755));
#4824 = CARTESIAN_POINT('',(1.705702662973,8.088523914451));
#4825 = CARTESIAN_POINT('',(1.707163651244,8.060752249894));
#4826 = CARTESIAN_POINT('',(1.708594428541,8.018634916408));
#4827 = CARTESIAN_POINT('',(1.709992458433,7.962435447585));
#4828 = CARTESIAN_POINT('',(1.711351644725,7.892400070739));
#4829 = CARTESIAN_POINT('',(1.712662797166,7.808994691669));
#4830 = CARTESIAN_POINT('',(1.713917933969,7.712731836731));
#4831 = CARTESIAN_POINT('',(1.715109179057,7.604213318592));
#4832 = CARTESIAN_POINT('',(1.716229105941,7.484115667751));
#4833 = CARTESIAN_POINT('',(1.717270706968,7.353189004478));
#4834 = CARTESIAN_POINT('',(1.718227421064,7.212259610467));
#4835 = CARTESIAN_POINT('',(1.719093328755,7.062201292004));
#4836 = CARTESIAN_POINT('',(1.719863017669,6.903951395315));
#4837 = CARTESIAN_POINT('',(1.720531677436,6.738499328382));
#4838 = CARTESIAN_POINT('',(1.721095139901,6.566876583041));
#4839 = CARTESIAN_POINT('',(1.721549890192,6.390152961384));
#4840 = CARTESIAN_POINT('',(1.721893086438,6.209429206747));
#4841 = CARTESIAN_POINT('',(1.722122577639,6.025837634122));
#4842 = CARTESIAN_POINT('',(1.722236923834,5.840514180321));
#4843 = CARTESIAN_POINT('',(1.72223541246,5.654676597778));
#4844 = CARTESIAN_POINT('',(1.722118095057,5.469317896963));
#4845 = CARTESIAN_POINT('',(1.721884472591,5.284929634125));
#4846 = CARTESIAN_POINT('',(1.721533292493,5.102159546073));
#4847 = CARTESIAN_POINT('',(1.721062697356,4.921704646564));
#4848 = CARTESIAN_POINT('',(1.720470292583,4.744366029031));
#4849 = CARTESIAN_POINT('',(1.719753239871,4.571058593612));
#4850 = CARTESIAN_POINT('',(1.718908350963,4.402843044434));
#4851 = CARTESIAN_POINT('',(1.717932196137,4.240922330577));
#4852 = CARTESIAN_POINT('',(1.71719154154,4.138154954341));
#4853 = CARTESIAN_POINT('',(1.716798155797,4.088299064212));
#4854 = ( GEOMETRIC_REPRESENTATION_CONTEXT(2) 
PARAMETRIC_REPRESENTATION_CONTEXT() REPRESENTATION_CONTEXT('2D SPACE',''
  ) );
#4855 = ORIENTED_EDGE('',*,*,#4609,.F.);
#4856 = ORIENTED_EDGE('',*,*,#4325,.T.);
#4857 = ORIENTED_EDGE('',*,*,#4858,.F.);
#4858 = EDGE_CURVE('',#4433,#4303,#4859,.T.);
#4859 = SURFACE_CURVE('',#4860,(#4871,#4885),.PCURVE_S1.);
#4860 = B_SPLINE_CURVE_WITH_KNOTS('',5,(#4861,#4862,#4863,#4864,#4865,
    #4866,#4867,#4868,#4869,#4870),.UNSPECIFIED.,.F.,.F.,(6,4,6),(0.,
    0.500000005634,1.),.UNSPECIFIED.);
#4861 = CARTESIAN_POINT('',(-15.18745280522,118.73454121395,7.5));
#4862 = CARTESIAN_POINT('',(-15.31955103058,118.71688311857,
    7.540173462795));
#4863 = CARTESIAN_POINT('',(-15.4533629994,118.69831787267,
    7.570131480344));
#4864 = CARTESIAN_POINT('',(-15.58832132801,118.67960892211,
    7.59004382593));
#4865 = CARTESIAN_POINT('',(-15.72387572112,118.66115346973,7.6));
#4866 = CARTESIAN_POINT('',(-15.99509497883,118.6248985124,7.6));
#4867 = CARTESIAN_POINT('',(-16.13073745903,118.60710199924,
    7.590043825823));
#4868 = CARTESIAN_POINT('',(-16.26587138333,118.58970664454,
    7.570131480042));
#4869 = CARTESIAN_POINT('',(-16.39986144616,118.57247372688,
    7.540173462959));
#4870 = CARTESIAN_POINT('',(-16.53195967206,118.55481563142,7.5));
#4871 = PCURVE('',#4342,#4872);
#4872 = DEFINITIONAL_REPRESENTATION('',(#4873),#4884);
#4873 = B_SPLINE_CURVE_WITH_KNOTS('',5,(#4874,#4875,#4876,#4877,#4878,
    #4879,#4880,#4881,#4882,#4883),.UNSPECIFIED.,.F.,.F.,(6,4,6),(0.,
    0.500000005634,1.),.UNSPECIFIED.);
#4874 = CARTESIAN_POINT('',(7.561207115386,-4.));
#4875 = CARTESIAN_POINT('',(7.620439654786,-4.));
#4876 = CARTESIAN_POINT('',(7.679158651919,-3.999327910508));
#4877 = CARTESIAN_POINT('',(7.73754745174,-3.998665270771));
#4878 = CARTESIAN_POINT('',(7.79576212251,-3.998332870113));
#4879 = CARTESIAN_POINT('',(7.912201144127,-3.998332870113));
#4880 = CARTESIAN_POINT('',(7.970415816658,-3.998665270353));
#4881 = CARTESIAN_POINT('',(8.028804617294,-3.999327910934));
#4882 = CARTESIAN_POINT('',(8.087523612922,-4.));
#4883 = CARTESIAN_POINT('',(8.146756152563,-4.));
#4884 = ( GEOMETRIC_REPRESENTATION_CONTEXT(2) 
PARAMETRIC_REPRESENTATION_CONTEXT() REPRESENTATION_CONTEXT('2D SPACE',''
  ) );
#4885 = PCURVE('',#4190,#4886);
#4886 = DEFINITIONAL_REPRESENTATION('',(#4887),#4898);
#4887 = B_SPLINE_CURVE_WITH_KNOTS('',5,(#4888,#4889,#4890,#4891,#4892,
    #4893,#4894,#4895,#4896,#4897),.UNSPECIFIED.,.F.,.F.,(6,4,6),(0.,
    0.500000005634,1.),.UNSPECIFIED.);
#4888 = CARTESIAN_POINT('',(1.570796326795,12.321767001687));
#4889 = CARTESIAN_POINT('',(1.55740517253,12.455040215337));
#4890 = CARTESIAN_POINT('',(1.547419015395,12.590132256737));
#4891 = CARTESIAN_POINT('',(1.540777241615,12.7263795914));
#4892 = CARTESIAN_POINT('',(1.537456817534,12.863184148059));
#4893 = CARTESIAN_POINT('',(1.537456817534,13.136815848857));
#4894 = CARTESIAN_POINT('',(1.540777241827,13.273620409547));
#4895 = CARTESIAN_POINT('',(1.547419015319,13.409867746296));
#4896 = CARTESIAN_POINT('',(1.557405172475,13.544959784119));
#4897 = CARTESIAN_POINT('',(1.570796326795,13.678232998313));
#4898 = ( GEOMETRIC_REPRESENTATION_CONTEXT(2) 
PARAMETRIC_REPRESENTATION_CONTEXT() REPRESENTATION_CONTEXT('2D SPACE',''
  ) );
#4899 = ADVANCED_FACE('',(#4900),#4190,.F.);
#4900 = FACE_BOUND('',#4901,.F.);
#4901 = EDGE_LOOP('',(#4902,#4903,#4926,#4948,#4949,#4950));
#4902 = ORIENTED_EDGE('',*,*,#4175,.F.);
#4903 = ORIENTED_EDGE('',*,*,#4904,.F.);
#4904 = EDGE_CURVE('',#4905,#4074,#4907,.T.);
#4905 = VERTEX_POINT('',#4906);
#4906 = CARTESIAN_POINT('',(-3.568016516102,117.26107307261,10.5));
#4907 = SURFACE_CURVE('',#4908,(#4912,#4919),.PCURVE_S1.);
#4908 = LINE('',#4909,#4910);
#4909 = CARTESIAN_POINT('',(-2.576832903548,117.39356852991,10.5));
#4910 = VECTOR('',#4911,1.);
#4911 = DIRECTION('',(-0.991183612554,-0.132495457299,0.));
#4912 = PCURVE('',#4190,#4913);
#4913 = DEFINITIONAL_REPRESENTATION('',(#4914),#4918);
#4914 = LINE('',#4915,#4916);
#4915 = CARTESIAN_POINT('',(0.,-0.));
#4916 = VECTOR('',#4917,1.);
#4917 = DIRECTION('',(0.,1.));
#4918 = ( GEOMETRIC_REPRESENTATION_CONTEXT(2) 
PARAMETRIC_REPRESENTATION_CONTEXT() REPRESENTATION_CONTEXT('2D SPACE',''
  ) );
#4919 = PCURVE('',#43,#4920);
#4920 = DEFINITIONAL_REPRESENTATION('',(#4921),#4925);
#4921 = LINE('',#4922,#4923);
#4922 = CARTESIAN_POINT('',(-2.576832903548,117.39356852991));
#4923 = VECTOR('',#4924,1.);
#4924 = DIRECTION('',(-0.991183612554,-0.132495457299));
#4925 = ( GEOMETRIC_REPRESENTATION_CONTEXT(2) 
PARAMETRIC_REPRESENTATION_CONTEXT() REPRESENTATION_CONTEXT('2D SPACE',''
  ) );
#4926 = ORIENTED_EDGE('',*,*,#4927,.T.);
#4927 = EDGE_CURVE('',#4905,#4278,#4928,.T.);
#4928 = SURFACE_CURVE('',#4929,(#4934,#4941),.PCURVE_S1.);
#4929 = CIRCLE('',#4930,3.);
#4930 = AXIS2_PLACEMENT_3D('',#4931,#4932,#4933);
#4931 = CARTESIAN_POINT('',(-3.568016516102,117.26107307261,7.5));
#4932 = DIRECTION('',(-0.991183612554,-0.132495457299,0.));
#4933 = DIRECTION('',(0.,0.,1.));
#4934 = PCURVE('',#4190,#4935);
#4935 = DEFINITIONAL_REPRESENTATION('',(#4936),#4940);
#4936 = LINE('',#4937,#4938);
#4937 = CARTESIAN_POINT('',(0.,1.));
#4938 = VECTOR('',#4939,1.);
#4939 = DIRECTION('',(1.,0.));
#4940 = ( GEOMETRIC_REPRESENTATION_CONTEXT(2) 
PARAMETRIC_REPRESENTATION_CONTEXT() REPRESENTATION_CONTEXT('2D SPACE',''
  ) );
#4941 = PCURVE('',#335,#4942);
#4942 = DEFINITIONAL_REPRESENTATION('',(#4943),#4947);
#4943 = CIRCLE('',#4944,3.);
#4944 = AXIS2_PLACEMENT_2D('',#4945,#4946);
#4945 = CARTESIAN_POINT('',(-3.,42.7));
#4946 = DIRECTION('',(1.,0.));
#4947 = ( GEOMETRIC_REPRESENTATION_CONTEXT(2) 
PARAMETRIC_REPRESENTATION_CONTEXT() REPRESENTATION_CONTEXT('2D SPACE',''
  ) );
#4948 = ORIENTED_EDGE('',*,*,#4456,.T.);
#4949 = ORIENTED_EDGE('',*,*,#4858,.T.);
#4950 = ORIENTED_EDGE('',*,*,#4302,.T.);
#4951 = ADVANCED_FACE('',(#4952,#4976),#724,.T.);
#4952 = FACE_BOUND('',#4953,.T.);
#4953 = EDGE_LOOP('',(#4954,#4955,#4956,#4957));
#4954 = ORIENTED_EDGE('',*,*,#707,.F.);
#4955 = ORIENTED_EDGE('',*,*,#3222,.F.);
#4956 = ORIENTED_EDGE('',*,*,#3376,.T.);
#4957 = ORIENTED_EDGE('',*,*,#4958,.T.);
#4958 = EDGE_CURVE('',#3332,#708,#4959,.T.);
#4959 = SURFACE_CURVE('',#4960,(#4964,#4970),.PCURVE_S1.);
#4960 = LINE('',#4961,#4962);
#4961 = CARTESIAN_POINT('',(121.19516351339,-36.94079507754,-0.5));
#4962 = VECTOR('',#4963,1.);
#4963 = DIRECTION('',(0.,0.,1.));
#4964 = PCURVE('',#724,#4965);
#4965 = DEFINITIONAL_REPRESENTATION('',(#4966),#4969);
#4966 = B_SPLINE_CURVE_WITH_KNOTS('',1,(#4967,#4968),.UNSPECIFIED.,.F.,
  .F.,(2,2),(-6.000000000173E-07,19.5000006),.PIECEWISE_BEZIER_KNOTS.);
#4967 = CARTESIAN_POINT('',(5.987326836722,-6.000000000173E-07));
#4968 = CARTESIAN_POINT('',(5.987326836722,19.5000006));
#4969 = ( GEOMETRIC_REPRESENTATION_CONTEXT(2) 
PARAMETRIC_REPRESENTATION_CONTEXT() REPRESENTATION_CONTEXT('2D SPACE',''
  ) );
#4970 = PCURVE('',#752,#4971);
#4971 = DEFINITIONAL_REPRESENTATION('',(#4972),#4975);
#4972 = B_SPLINE_CURVE_WITH_KNOTS('',1,(#4973,#4974),.UNSPECIFIED.,.F.,
  .F.,(2,2),(-6.000000000173E-07,19.5000006),.PIECEWISE_BEZIER_KNOTS.);
#4973 = CARTESIAN_POINT('',(-11.0000006,52.130448346147));
#4974 = CARTESIAN_POINT('',(8.5000006,52.130448346147));
#4975 = ( GEOMETRIC_REPRESENTATION_CONTEXT(2) 
PARAMETRIC_REPRESENTATION_CONTEXT() REPRESENTATION_CONTEXT('2D SPACE',''
  ) );
#4976 = FACE_BOUND('',#4977,.T.);
#4977 = EDGE_LOOP('',(#4978,#4979,#4980,#4981));
#4978 = ORIENTED_EDGE('',*,*,#3628,.T.);
#4979 = ORIENTED_EDGE('',*,*,#3786,.T.);
#4980 = ORIENTED_EDGE('',*,*,#3755,.T.);
#4981 = ORIENTED_EDGE('',*,*,#3702,.F.);
#4982 = ADVANCED_FACE('',(#4983,#5007),#364,.T.);
#4983 = FACE_BOUND('',#4984,.T.);
#4984 = EDGE_LOOP('',(#4985,#4986,#5005,#5006));
#4985 = ORIENTED_EDGE('',*,*,#347,.F.);
#4986 = ORIENTED_EDGE('',*,*,#4987,.F.);
#4987 = EDGE_CURVE('',#4230,#320,#4988,.T.);
#4988 = SURFACE_CURVE('',#4989,(#4993,#4999),.PCURVE_S1.);
#4989 = LINE('',#4990,#4991);
#4990 = CARTESIAN_POINT('',(-4.817508082255,126.60837893235,-0.5));
#4991 = VECTOR('',#4992,1.);
#4992 = DIRECTION('',(0.,0.,1.));
#4993 = PCURVE('',#364,#4994);
#4994 = DEFINITIONAL_REPRESENTATION('',(#4995),#4998);
#4995 = B_SPLINE_CURVE_WITH_KNOTS('',1,(#4996,#4997),.UNSPECIFIED.,.F.,
  .F.,(2,2),(-6.000000000173E-07,19.5000006),.PIECEWISE_BEZIER_KNOTS.);
#4996 = CARTESIAN_POINT('',(1.60882844718,-6.000000000173E-07));
#4997 = CARTESIAN_POINT('',(1.60882844718,19.5000006));
#4998 = ( GEOMETRIC_REPRESENTATION_CONTEXT(2) 
PARAMETRIC_REPRESENTATION_CONTEXT() REPRESENTATION_CONTEXT('2D SPACE',''
  ) );
#4999 = PCURVE('',#335,#5000);
#5000 = DEFINITIONAL_REPRESENTATION('',(#5001),#5004);
#5001 = B_SPLINE_CURVE_WITH_KNOTS('',1,(#5002,#5003),.UNSPECIFIED.,.F.,
  .F.,(2,2),(-6.000000000173E-07,19.5000006),.PIECEWISE_BEZIER_KNOTS.);
#5002 = CARTESIAN_POINT('',(-11.0000006,52.130448346147));
#5003 = CARTESIAN_POINT('',(8.5000006,52.130448346147));
#5004 = ( GEOMETRIC_REPRESENTATION_CONTEXT(2) 
PARAMETRIC_REPRESENTATION_CONTEXT() REPRESENTATION_CONTEXT('2D SPACE',''
  ) );
#5005 = ORIENTED_EDGE('',*,*,#4252,.T.);
#5006 = ORIENTED_EDGE('',*,*,#4098,.T.);
#5007 = FACE_BOUND('',#5008,.T.);
#5008 = EDGE_LOOP('',(#5009,#5010,#5011,#5012));
#5009 = ORIENTED_EDGE('',*,*,#4504,.T.);
#5010 = ORIENTED_EDGE('',*,*,#4662,.T.);
#5011 = ORIENTED_EDGE('',*,*,#4631,.T.);
#5012 = ORIENTED_EDGE('',*,*,#4578,.F.);
#5013 = ADVANCED_FACE('',(#5014),#752,.T.);
#5014 = FACE_BOUND('',#5015,.T.);
#5015 = EDGE_LOOP('',(#5016,#5039,#5060,#5061,#5062,#5063,#5064));
#5016 = ORIENTED_EDGE('',*,*,#5017,.F.);
#5017 = EDGE_CURVE('',#5018,#4022,#5020,.T.);
#5018 = VERTEX_POINT('',#5019);
#5019 = CARTESIAN_POINT('',(81.381927810797,-20.54219622625,10.5));
#5020 = SURFACE_CURVE('',#5021,(#5025,#5032),.PCURVE_S1.);
#5021 = LINE('',#5022,#5023);
#5022 = CARTESIAN_POINT('',(72.993374345688,-17.08705070017,10.5));
#5023 = VECTOR('',#5024,1.);
#5024 = DIRECTION('',(0.924637916936,-0.38084737437,0.));
#5025 = PCURVE('',#752,#5026);
#5026 = DEFINITIONAL_REPRESENTATION('',(#5027),#5031);
#5027 = LINE('',#5028,#5029);
#5028 = CARTESIAN_POINT('',(0.,0.));
#5029 = VECTOR('',#5030,1.);
#5030 = DIRECTION('',(0.,1.));
#5031 = ( GEOMETRIC_REPRESENTATION_CONTEXT(2) 
PARAMETRIC_REPRESENTATION_CONTEXT() REPRESENTATION_CONTEXT('2D SPACE',''
  ) );
#5032 = PCURVE('',#43,#5033);
#5033 = DEFINITIONAL_REPRESENTATION('',(#5034),#5038);
#5034 = LINE('',#5035,#5036);
#5035 = CARTESIAN_POINT('',(72.993374345688,-17.08705070017));
#5036 = VECTOR('',#5037,1.);
#5037 = DIRECTION('',(0.924637916936,-0.38084737437));
#5038 = ( GEOMETRIC_REPRESENTATION_CONTEXT(2) 
PARAMETRIC_REPRESENTATION_CONTEXT() REPRESENTATION_CONTEXT('2D SPACE',''
  ) );
#5039 = ORIENTED_EDGE('',*,*,#5040,.T.);
#5040 = EDGE_CURVE('',#5018,#737,#5041,.T.);
#5041 = SURFACE_CURVE('',#5042,(#5046,#5053),.PCURVE_S1.);
#5042 = LINE('',#5043,#5044);
#5043 = CARTESIAN_POINT('',(81.381927810797,-20.54219622625,10.5));
#5044 = VECTOR('',#5045,1.);
#5045 = DIRECTION('',(0.,0.,1.));
#5046 = PCURVE('',#752,#5047);
#5047 = DEFINITIONAL_REPRESENTATION('',(#5048),#5052);
#5048 = LINE('',#5049,#5050);
#5049 = CARTESIAN_POINT('',(0.,9.072257703761));
#5050 = VECTOR('',#5051,1.);
#5051 = DIRECTION('',(1.,0.));
#5052 = ( GEOMETRIC_REPRESENTATION_CONTEXT(2) 
PARAMETRIC_REPRESENTATION_CONTEXT() REPRESENTATION_CONTEXT('2D SPACE',''
  ) );
#5053 = PCURVE('',#783,#5054);
#5054 = DEFINITIONAL_REPRESENTATION('',(#5055),#5059);
#5055 = LINE('',#5056,#5057);
#5056 = CARTESIAN_POINT('',(1.570796326795,0.));
#5057 = VECTOR('',#5058,1.);
#5058 = DIRECTION('',(0.,-1.));
#5059 = ( GEOMETRIC_REPRESENTATION_CONTEXT(2) 
PARAMETRIC_REPRESENTATION_CONTEXT() REPRESENTATION_CONTEXT('2D SPACE',''
  ) );
#5060 = ORIENTED_EDGE('',*,*,#736,.T.);
#5061 = ORIENTED_EDGE('',*,*,#4958,.F.);
#5062 = ORIENTED_EDGE('',*,*,#3329,.F.);
#5063 = ORIENTED_EDGE('',*,*,#3403,.T.);
#5064 = ORIENTED_EDGE('',*,*,#4021,.F.);
#5065 = ADVANCED_FACE('',(#5066),#335,.F.);
#5066 = FACE_BOUND('',#5067,.F.);
#5067 = EDGE_LOOP('',(#5068,#5091,#5112,#5113,#5114,#5115,#5116));
#5068 = ORIENTED_EDGE('',*,*,#5069,.F.);
#5069 = EDGE_CURVE('',#5070,#4905,#5072,.T.);
#5070 = VERTEX_POINT('',#5071);
#5071 = CARTESIAN_POINT('',(0.887506577358,83.929805981398,10.5));
#5072 = SURFACE_CURVE('',#5073,(#5077,#5084),.PCURVE_S1.);
#5073 = LINE('',#5074,#5075);
#5074 = CARTESIAN_POINT('',(2.089539510549,74.937532816566,10.5));
#5075 = VECTOR('',#5076,1.);
#5076 = DIRECTION('',(-0.132495457299,0.991183612554,0.));
#5077 = PCURVE('',#335,#5078);
#5078 = DEFINITIONAL_REPRESENTATION('',(#5079),#5083);
#5079 = LINE('',#5080,#5081);
#5080 = CARTESIAN_POINT('',(0.,0.));
#5081 = VECTOR('',#5082,1.);
#5082 = DIRECTION('',(0.,1.));
#5083 = ( GEOMETRIC_REPRESENTATION_CONTEXT(2) 
PARAMETRIC_REPRESENTATION_CONTEXT() REPRESENTATION_CONTEXT('2D SPACE',''
  ) );
#5084 = PCURVE('',#43,#5085);
#5085 = DEFINITIONAL_REPRESENTATION('',(#5086),#5090);
#5086 = LINE('',#5087,#5088);
#5087 = CARTESIAN_POINT('',(2.089539510549,74.937532816566));
#5088 = VECTOR('',#5089,1.);
#5089 = DIRECTION('',(-0.132495457299,0.991183612554));
#5090 = ( GEOMETRIC_REPRESENTATION_CONTEXT(2) 
PARAMETRIC_REPRESENTATION_CONTEXT() REPRESENTATION_CONTEXT('2D SPACE',''
  ) );
#5091 = ORIENTED_EDGE('',*,*,#5092,.T.);
#5092 = EDGE_CURVE('',#5070,#291,#5093,.T.);
#5093 = SURFACE_CURVE('',#5094,(#5098,#5105),.PCURVE_S1.);
#5094 = LINE('',#5095,#5096);
#5095 = CARTESIAN_POINT('',(0.887506577358,83.929805981398,10.5));
#5096 = VECTOR('',#5097,1.);
#5097 = DIRECTION('',(0.,0.,1.));
#5098 = PCURVE('',#335,#5099);
#5099 = DEFINITIONAL_REPRESENTATION('',(#5100),#5104);
#5100 = LINE('',#5101,#5102);
#5101 = CARTESIAN_POINT('',(0.,9.072257703761));
#5102 = VECTOR('',#5103,1.);
#5103 = DIRECTION('',(1.,0.));
#5104 = ( GEOMETRIC_REPRESENTATION_CONTEXT(2) 
PARAMETRIC_REPRESENTATION_CONTEXT() REPRESENTATION_CONTEXT('2D SPACE',''
  ) );
#5105 = PCURVE('',#307,#5106);
#5106 = DEFINITIONAL_REPRESENTATION('',(#5107),#5111);
#5107 = LINE('',#5108,#5109);
#5108 = CARTESIAN_POINT('',(-4.712388980385,0.));
#5109 = VECTOR('',#5110,1.);
#5110 = DIRECTION('',(-0.,-1.));
#5111 = ( GEOMETRIC_REPRESENTATION_CONTEXT(2) 
PARAMETRIC_REPRESENTATION_CONTEXT() REPRESENTATION_CONTEXT('2D SPACE',''
  ) );
#5112 = ORIENTED_EDGE('',*,*,#319,.T.);
#5113 = ORIENTED_EDGE('',*,*,#4987,.F.);
#5114 = ORIENTED_EDGE('',*,*,#4229,.F.);
#5115 = ORIENTED_EDGE('',*,*,#4277,.T.);
#5116 = ORIENTED_EDGE('',*,*,#4927,.F.);
#5117 = ADVANCED_FACE('',(#5118),#783,.F.);
#5118 = FACE_BOUND('',#5119,.F.);
#5119 = EDGE_LOOP('',(#5120,#5121,#5122,#5145));
#5120 = ORIENTED_EDGE('',*,*,#5040,.T.);
#5121 = ORIENTED_EDGE('',*,*,#764,.T.);
#5122 = ORIENTED_EDGE('',*,*,#5123,.F.);
#5123 = EDGE_CURVE('',#5124,#258,#5126,.T.);
#5124 = VERTEX_POINT('',#5125);
#5125 = CARTESIAN_POINT('',(77.761105323582,-13.93594269702,10.5));
#5126 = SURFACE_CURVE('',#5127,(#5131,#5138),.PCURVE_S1.);
#5127 = LINE('',#5128,#5129);
#5128 = CARTESIAN_POINT('',(77.761105323582,-13.93594269702,10.5));
#5129 = VECTOR('',#5130,1.);
#5130 = DIRECTION('',(0.,0.,1.));
#5131 = PCURVE('',#783,#5132);
#5132 = DEFINITIONAL_REPRESENTATION('',(#5133),#5137);
#5133 = LINE('',#5134,#5135);
#5134 = CARTESIAN_POINT('',(2.928212388986,0.));
#5135 = VECTOR('',#5136,1.);
#5136 = DIRECTION('',(0.,-1.));
#5137 = ( GEOMETRIC_REPRESENTATION_CONTEXT(2) 
PARAMETRIC_REPRESENTATION_CONTEXT() REPRESENTATION_CONTEXT('2D SPACE',''
  ) );
#5138 = PCURVE('',#278,#5139);
#5139 = DEFINITIONAL_REPRESENTATION('',(#5140),#5144);
#5140 = LINE('',#5141,#5142);
#5141 = CARTESIAN_POINT('',(6.105853008947,0.));
#5142 = VECTOR('',#5143,1.);
#5143 = DIRECTION('',(0.,1.));
#5144 = ( GEOMETRIC_REPRESENTATION_CONTEXT(2) 
PARAMETRIC_REPRESENTATION_CONTEXT() REPRESENTATION_CONTEXT('2D SPACE',''
  ) );
#5145 = ORIENTED_EDGE('',*,*,#5146,.F.);
#5146 = EDGE_CURVE('',#5018,#5124,#5147,.T.);
#5147 = SURFACE_CURVE('',#5148,(#5153,#5160),.PCURVE_S1.);
#5148 = CIRCLE('',#5149,6.);
#5149 = AXIS2_PLACEMENT_3D('',#5150,#5151,#5152);
#5150 = CARTESIAN_POINT('',(83.667012057019,-14.99436872464,10.5));
#5151 = DIRECTION('',(0.,-0.,-1.));
#5152 = DIRECTION('',(0.924637916936,-0.38084737437,0.));
#5153 = PCURVE('',#783,#5154);
#5154 = DEFINITIONAL_REPRESENTATION('',(#5155),#5159);
#5155 = LINE('',#5156,#5157);
#5156 = CARTESIAN_POINT('',(0.,0.));
#5157 = VECTOR('',#5158,1.);
#5158 = DIRECTION('',(1.,0.));
#5159 = ( GEOMETRIC_REPRESENTATION_CONTEXT(2) 
PARAMETRIC_REPRESENTATION_CONTEXT() REPRESENTATION_CONTEXT('2D SPACE',''
  ) );
#5160 = PCURVE('',#43,#5161);
#5161 = DEFINITIONAL_REPRESENTATION('',(#5162),#5170);
#5162 = ( BOUNDED_CURVE() B_SPLINE_CURVE(2,(#5163,#5164,#5165,#5166,
#5167,#5168,#5169),.UNSPECIFIED.,.T.,.F.) B_SPLINE_CURVE_WITH_KNOTS((1,2
    ,2,2,2,1),(-2.094395102393,0.,2.094395102393,4.188790204786,
6.28318530718,8.377580409573),.UNSPECIFIED.) CURVE() 
GEOMETRIC_REPRESENTATION_ITEM() RATIONAL_B_SPLINE_CURVE((1.,0.5,1.,0.5,
1.,0.5,1.)) REPRESENTATION_ITEM('') );
#5163 = CARTESIAN_POINT('',(89.214839558634,-17.27945297086));
#5164 = CARTESIAN_POINT('',(85.256957544602,-26.88857207529));
#5165 = CARTESIAN_POINT('',(78.914157299196,-18.65638615374));
#5166 = CARTESIAN_POINT('',(72.57135705379,-10.4242002322));
#5167 = CARTESIAN_POINT('',(82.872039313228,-9.047267049322));
#5168 = CARTESIAN_POINT('',(93.172721572665,-7.670333866443));
#5169 = CARTESIAN_POINT('',(89.214839558634,-17.27945297086));
#5170 = ( GEOMETRIC_REPRESENTATION_CONTEXT(2) 
PARAMETRIC_REPRESENTATION_CONTEXT() REPRESENTATION_CONTEXT('2D SPACE',''
  ) );
#5171 = ADVANCED_FACE('',(#5172),#307,.F.);
#5172 = FACE_BOUND('',#5173,.T.);
#5173 = EDGE_LOOP('',(#5174,#5175,#5176,#5198));
#5174 = ORIENTED_EDGE('',*,*,#5092,.T.);
#5175 = ORIENTED_EDGE('',*,*,#290,.T.);
#5176 = ORIENTED_EDGE('',*,*,#5177,.F.);
#5177 = EDGE_CURVE('',#5178,#256,#5180,.T.);
#5178 = VERTEX_POINT('',#5179);
#5179 = CARTESIAN_POINT('',(6.352165317198,78.744206109294,10.5));
#5180 = SURFACE_CURVE('',#5181,(#5185,#5192),.PCURVE_S1.);
#5181 = LINE('',#5182,#5183);
#5182 = CARTESIAN_POINT('',(6.352165317198,78.744206109294,10.5));
#5183 = VECTOR('',#5184,1.);
#5184 = DIRECTION('',(0.,0.,1.));
#5185 = PCURVE('',#307,#5186);
#5186 = DEFINITIONAL_REPRESENTATION('',(#5187),#5191);
#5187 = LINE('',#5188,#5189);
#5188 = CARTESIAN_POINT('',(-6.069805042576,0.));
#5189 = VECTOR('',#5190,1.);
#5190 = DIRECTION('',(-0.,-1.));
#5191 = ( GEOMETRIC_REPRESENTATION_CONTEXT(2) 
PARAMETRIC_REPRESENTATION_CONTEXT() REPRESENTATION_CONTEXT('2D SPACE',''
  ) );
#5192 = PCURVE('',#278,#5193);
#5193 = DEFINITIONAL_REPRESENTATION('',(#5194),#5197);
#5194 = B_SPLINE_CURVE_WITH_KNOTS('',1,(#5195,#5196),.UNSPECIFIED.,.F.,
  .F.,(2,2),(0.,8.),.PIECEWISE_BEZIER_KNOTS.);
#5195 = CARTESIAN_POINT('',(7.773487582134,0.));
#5196 = CARTESIAN_POINT('',(7.773487582134,8.));
#5197 = ( GEOMETRIC_REPRESENTATION_CONTEXT(2) 
PARAMETRIC_REPRESENTATION_CONTEXT() REPRESENTATION_CONTEXT('2D SPACE',''
  ) );
#5198 = ORIENTED_EDGE('',*,*,#5199,.F.);
#5199 = EDGE_CURVE('',#5070,#5178,#5200,.T.);
#5200 = SURFACE_CURVE('',#5201,(#5206,#5213),.PCURVE_S1.);
#5201 = CIRCLE('',#5202,6.);
#5202 = AXIS2_PLACEMENT_3D('',#5203,#5204,#5205);
#5203 = CARTESIAN_POINT('',(6.834608252681,84.72477872519,10.5));
#5204 = DIRECTION('',(-0.,0.,1.));
#5205 = DIRECTION('',(0.132495457299,-0.991183612554,0.));
#5206 = PCURVE('',#307,#5207);
#5207 = DEFINITIONAL_REPRESENTATION('',(#5208),#5212);
#5208 = LINE('',#5209,#5210);
#5209 = CARTESIAN_POINT('',(-0.,0.));
#5210 = VECTOR('',#5211,1.);
#5211 = DIRECTION('',(-1.,0.));
#5212 = ( GEOMETRIC_REPRESENTATION_CONTEXT(2) 
PARAMETRIC_REPRESENTATION_CONTEXT() REPRESENTATION_CONTEXT('2D SPACE',''
  ) );
#5213 = PCURVE('',#43,#5214);
#5214 = DEFINITIONAL_REPRESENTATION('',(#5215),#5219);
#5215 = CIRCLE('',#5216,6.);
#5216 = AXIS2_PLACEMENT_2D('',#5217,#5218);
#5217 = CARTESIAN_POINT('',(6.834608252681,84.72477872519));
#5218 = DIRECTION('',(0.132495457299,-0.991183612554));
#5219 = ( GEOMETRIC_REPRESENTATION_CONTEXT(2) 
PARAMETRIC_REPRESENTATION_CONTEXT() REPRESENTATION_CONTEXT('2D SPACE',''
  ) );
#5220 = ADVANCED_FACE('',(#5221),#278,.T.);
#5221 = FACE_BOUND('',#5222,.T.);
#5222 = EDGE_LOOP('',(#5223,#5224,#5246,#5247));
#5223 = ORIENTED_EDGE('',*,*,#5123,.F.);
#5224 = ORIENTED_EDGE('',*,*,#5225,.T.);
#5225 = EDGE_CURVE('',#5124,#5178,#5226,.T.);
#5226 = SURFACE_CURVE('',#5227,(#5232,#5239),.PCURVE_S1.);
#5227 = CIRCLE('',#5228,79.);
#5228 = AXIS2_PLACEMENT_3D('',#5229,#5230,#5231);
#5229 = CARTESIAN_POINT('',(0.,0.,10.5));
#5230 = DIRECTION('',(0.,0.,1.));
#5231 = DIRECTION('',(-0.339388256462,0.940646379558,0.));
#5232 = PCURVE('',#278,#5233);
#5233 = DEFINITIONAL_REPRESENTATION('',(#5234),#5238);
#5234 = LINE('',#5235,#5236);
#5235 = CARTESIAN_POINT('',(1.917062804161,0.));
#5236 = VECTOR('',#5237,1.);
#5237 = DIRECTION('',(1.,0.));
#5238 = ( GEOMETRIC_REPRESENTATION_CONTEXT(2) 
PARAMETRIC_REPRESENTATION_CONTEXT() REPRESENTATION_CONTEXT('2D SPACE',''
  ) );
#5239 = PCURVE('',#43,#5240);
#5240 = DEFINITIONAL_REPRESENTATION('',(#5241),#5245);
#5241 = CIRCLE('',#5242,79.);
#5242 = AXIS2_PLACEMENT_2D('',#5243,#5244);
#5243 = CARTESIAN_POINT('',(0.,0.));
#5244 = DIRECTION('',(-0.339388256462,0.940646379558));
#5245 = ( GEOMETRIC_REPRESENTATION_CONTEXT(2) 
PARAMETRIC_REPRESENTATION_CONTEXT() REPRESENTATION_CONTEXT('2D SPACE',''
  ) );
#5246 = ORIENTED_EDGE('',*,*,#5177,.T.);
#5247 = ORIENTED_EDGE('',*,*,#255,.T.);
#5248 = ADVANCED_FACE('',(#5249,#5269,#5272,#5275,#5278,#5281,#5284,
    #5287,#5290,#5293,#5296,#5299),#43,.F.);
#5249 = FACE_BOUND('',#5250,.F.);
#5250 = EDGE_LOOP('',(#5251,#5252,#5253,#5254,#5255,#5256,#5257,#5258,
    #5259,#5260,#5261,#5262,#5263,#5264,#5265,#5266,#5267,#5268));
#5251 = ORIENTED_EDGE('',*,*,#4073,.F.);
#5252 = ORIENTED_EDGE('',*,*,#3168,.T.);
#5253 = ORIENTED_EDGE('',*,*,#3066,.T.);
#5254 = ORIENTED_EDGE('',*,*,#2969,.F.);
#5255 = ORIENTED_EDGE('',*,*,#2838,.T.);
#5256 = ORIENTED_EDGE('',*,*,#2586,.T.);
#5257 = ORIENTED_EDGE('',*,*,#2786,.F.);
#5258 = ORIENTED_EDGE('',*,*,#2915,.T.);
#5259 = ORIENTED_EDGE('',*,*,#2995,.T.);
#5260 = ORIENTED_EDGE('',*,*,#3118,.F.);
#5261 = ORIENTED_EDGE('',*,*,#3197,.T.);
#5262 = ORIENTED_EDGE('',*,*,#4045,.T.);
#5263 = ORIENTED_EDGE('',*,*,#5017,.F.);
#5264 = ORIENTED_EDGE('',*,*,#5146,.T.);
#5265 = ORIENTED_EDGE('',*,*,#5225,.T.);
#5266 = ORIENTED_EDGE('',*,*,#5199,.F.);
#5267 = ORIENTED_EDGE('',*,*,#5069,.T.);
#5268 = ORIENTED_EDGE('',*,*,#4904,.T.);
#5269 = FACE_BOUND('',#5270,.F.);
#5270 = EDGE_LOOP('',(#5271));
#5271 = ORIENTED_EDGE('',*,*,#1852,.F.);
#5272 = FACE_BOUND('',#5273,.F.);
#5273 = EDGE_LOOP('',(#5274));
#5274 = ORIENTED_EDGE('',*,*,#1681,.F.);
#5275 = FACE_BOUND('',#5276,.F.);
#5276 = EDGE_LOOP('',(#5277));
#5277 = ORIENTED_EDGE('',*,*,#1631,.F.);
#5278 = FACE_BOUND('',#5279,.F.);
#5279 = EDGE_LOOP('',(#5280));
#5280 = ORIENTED_EDGE('',*,*,#1581,.F.);
#5281 = FACE_BOUND('',#5282,.F.);
#5282 = EDGE_LOOP('',(#5283));
#5283 = ORIENTED_EDGE('',*,*,#1531,.F.);
#5284 = FACE_BOUND('',#5285,.F.);
#5285 = EDGE_LOOP('',(#5286));
#5286 = ORIENTED_EDGE('',*,*,#1481,.F.);
#5287 = FACE_BOUND('',#5288,.F.);
#5288 = EDGE_LOOP('',(#5289));
#5289 = ORIENTED_EDGE('',*,*,#21,.F.);
#5290 = FACE_BOUND('',#5291,.F.);
#5291 = EDGE_LOOP('',(#5292));
#5292 = ORIENTED_EDGE('',*,*,#1431,.F.);
#5293 = FACE_BOUND('',#5294,.F.);
#5294 = EDGE_LOOP('',(#5295));
#5295 = ORIENTED_EDGE('',*,*,#1356,.F.);
#5296 = FACE_BOUND('',#5297,.F.);
#5297 = EDGE_LOOP('',(#5298));
#5298 = ORIENTED_EDGE('',*,*,#1185,.F.);
#5299 = FACE_BOUND('',#5300,.F.);
#5300 = EDGE_LOOP('',(#5301));
#5301 = ORIENTED_EDGE('',*,*,#1135,.F.);
#5302 = ( GEOMETRIC_REPRESENTATION_CONTEXT(3) 
GLOBAL_UNCERTAINTY_ASSIGNED_CONTEXT((#5306)) 
GLOBAL_UNIT_ASSIGNED_CONTEXT((#5303,#5304,#5305)) REPRESENTATION_CONTEXT
('Context #1','3D Context with UNIT and UNCERTAINTY') );
#5303 = ( LENGTH_UNIT() NAMED_UNIT(*) SI_UNIT(.MILLI.,.METRE.) );
#5304 = ( NAMED_UNIT(*) PLANE_ANGLE_UNIT() SI_UNIT($,.RADIAN.) );
#5305 = ( NAMED_UNIT(*) SI_UNIT($,.STERADIAN.) SOLID_ANGLE_UNIT() );
#5306 = UNCERTAINTY_MEASURE_WITH_UNIT(LENGTH_MEASURE(2.E-06),#5303,
  'distance_accuracy_value','confusion accuracy');
#5307 = PRODUCT_RELATED_PRODUCT_CATEGORY('part',$,(#7));
#5308 = SHAPE_DEFINITION_REPRESENTATION(#5309,#5315);
#5309 = PRODUCT_DEFINITION_SHAPE('','',#5310);
#5310 = PRODUCT_DEFINITION('design','',#5311,#5314);
#5311 = PRODUCT_DEFINITION_FORMATION('','',#5312);
#5312 = PRODUCT('Mirror plate','Mirror plate','',(#5313));
#5313 = PRODUCT_CONTEXT('',#2,'mechanical');
#5314 = PRODUCT_DEFINITION_CONTEXT('part definition',#2,'design');
#5315 = ADVANCED_BREP_SHAPE_REPRESENTATION('',(#11,#5316),#10965);
#5316 = MANIFOLD_SOLID_BREP('',#5317);
#5317 = CLOSED_SHELL('',(#5318,#5606,#5741,#5877,#6795,#6904,#6986,#7035
    ,#7086,#7090,#7141,#7214,#7268,#7322,#7427,#7536,#7674,#7816,#7937,
    #8058,#8207,#8356,#8470,#8584,#8666,#8740,#8812,#8884,#8953,#9022,
    #9070,#9118,#9172,#9221,#9298,#9397,#9425,#9475,#9525,#9575,#9625,
    #9656,#9836,#9865,#9894,#9994,#10032,#10132,#10170,#10218,#10266,
    #10366,#10466,#10494,#10522,#10551,#10589,#10644,#10699,#10754,
    #10761,#10816,#10823,#10878,#10882,#10886,#10941,#10945,#10949,
    #10953,#10957,#10961));
#5318 = ADVANCED_FACE('',(#5319),#5334,.F.);
#5319 = FACE_BOUND('',#5320,.T.);
#5320 = EDGE_LOOP('',(#5321,#5356,#5379,#5479,#5508));
#5321 = ORIENTED_EDGE('',*,*,#5322,.F.);
#5322 = EDGE_CURVE('',#5323,#5325,#5327,.T.);
#5323 = VERTEX_POINT('',#5324);
#5324 = CARTESIAN_POINT('',(64.392317665924,-33.02,39.55));
#5325 = VERTEX_POINT('',#5326);
#5326 = CARTESIAN_POINT('',(61.360650754232,-38.89068984574,39.55));
#5327 = SURFACE_CURVE('',#5328,(#5333,#5344),.PCURVE_S1.);
#5328 = CIRCLE('',#5329,7.2);
#5329 = AXIS2_PLACEMENT_3D('',#5330,#5331,#5332);
#5330 = CARTESIAN_POINT('',(57.192317665924,-33.02,39.55));
#5331 = DIRECTION('',(0.,0.,1.));
#5332 = DIRECTION('',(1.,0.,-0.));
#5333 = PCURVE('',#5334,#5339);
#5334 = TOROIDAL_SURFACE('',#5335,9.2,2.);
#5335 = AXIS2_PLACEMENT_3D('',#5336,#5337,#5338);
#5336 = CARTESIAN_POINT('',(57.192317665924,-33.02,39.55));
#5337 = DIRECTION('',(-0.,-0.,-1.));
#5338 = DIRECTION('',(1.,0.,-0.));
#5339 = DEFINITIONAL_REPRESENTATION('',(#5340),#5343);
#5340 = B_SPLINE_CURVE_WITH_KNOTS('',1,(#5341,#5342),.UNSPECIFIED.,.F.,
  .F.,(2,2),(0.,5.329811100277),.PIECEWISE_BEZIER_KNOTS.);
#5341 = CARTESIAN_POINT('',(-6.28318530718,3.14159265359));
#5342 = CARTESIAN_POINT('',(-11.61299640745,3.14159265359));
#5343 = ( GEOMETRIC_REPRESENTATION_CONTEXT(2) 
PARAMETRIC_REPRESENTATION_CONTEXT() REPRESENTATION_CONTEXT('2D SPACE',''
  ) );
#5344 = PCURVE('',#5345,#5350);
#5345 = CYLINDRICAL_SURFACE('',#5346,7.2);
#5346 = AXIS2_PLACEMENT_3D('',#5347,#5348,#5349);
#5347 = CARTESIAN_POINT('',(57.192317665924,-33.02,30.55));
#5348 = DIRECTION('',(0.,0.,1.));
#5349 = DIRECTION('',(1.,0.,-0.));
#5350 = DEFINITIONAL_REPRESENTATION('',(#5351),#5355);
#5351 = LINE('',#5352,#5353);
#5352 = CARTESIAN_POINT('',(0.,9.));
#5353 = VECTOR('',#5354,1.);
#5354 = DIRECTION('',(1.,0.));
#5355 = ( GEOMETRIC_REPRESENTATION_CONTEXT(2) 
PARAMETRIC_REPRESENTATION_CONTEXT() REPRESENTATION_CONTEXT('2D SPACE',''
  ) );
#5356 = ORIENTED_EDGE('',*,*,#5357,.F.);
#5357 = EDGE_CURVE('',#5358,#5323,#5360,.T.);
#5358 = VERTEX_POINT('',#5359);
#5359 = CARTESIAN_POINT('',(64.360650754232,-33.69453742303,39.55));
#5360 = SURFACE_CURVE('',#5361,(#5366,#5372),.PCURVE_S1.);
#5361 = CIRCLE('',#5362,7.2);
#5362 = AXIS2_PLACEMENT_3D('',#5363,#5364,#5365);
#5363 = CARTESIAN_POINT('',(57.192317665924,-33.02,39.55));
#5364 = DIRECTION('',(0.,0.,1.));
#5365 = DIRECTION('',(1.,0.,-0.));
#5366 = PCURVE('',#5334,#5367);
#5367 = DEFINITIONAL_REPRESENTATION('',(#5368),#5371);
#5368 = B_SPLINE_CURVE_WITH_KNOTS('',1,(#5369,#5370),.UNSPECIFIED.,.F.,
  .F.,(2,2),(6.189361962886,6.28318530718),.PIECEWISE_BEZIER_KNOTS.);
#5369 = CARTESIAN_POINT('',(-6.189361962886,3.14159265359));
#5370 = CARTESIAN_POINT('',(-6.28318530718,3.14159265359));
#5371 = ( GEOMETRIC_REPRESENTATION_CONTEXT(2) 
PARAMETRIC_REPRESENTATION_CONTEXT() REPRESENTATION_CONTEXT('2D SPACE',''
  ) );
#5372 = PCURVE('',#5345,#5373);
#5373 = DEFINITIONAL_REPRESENTATION('',(#5374),#5378);
#5374 = LINE('',#5375,#5376);
#5375 = CARTESIAN_POINT('',(0.,9.));
#5376 = VECTOR('',#5377,1.);
#5377 = DIRECTION('',(1.,0.));
#5378 = ( GEOMETRIC_REPRESENTATION_CONTEXT(2) 
PARAMETRIC_REPRESENTATION_CONTEXT() REPRESENTATION_CONTEXT('2D SPACE',''
  ) );
#5379 = ORIENTED_EDGE('',*,*,#5380,.T.);
#5380 = EDGE_CURVE('',#5358,#5381,#5383,.T.);
#5381 = VERTEX_POINT('',#5382);
#5382 = CARTESIAN_POINT('',(66.380366708807,-32.55121989633,37.55));
#5383 = SURFACE_CURVE('',#5384,(#5412,#5443),.PCURVE_S1.);
#5384 = B_SPLINE_CURVE_WITH_KNOTS('',6,(#5385,#5386,#5387,#5388,#5389,
    #5390,#5391,#5392,#5393,#5394,#5395,#5396,#5397,#5398,#5399,#5400,
    #5401,#5402,#5403,#5404,#5405,#5406,#5407,#5408,#5409,#5410,#5411),
  .UNSPECIFIED.,.F.,.F.,(7,5,5,5,5,7),(0.,0.165424638313,0.338519746877,
    0.49050651878,0.901086516683,1.),.UNSPECIFIED.);
#5385 = CARTESIAN_POINT('',(64.360650754232,-33.69453742303,39.55));
#5386 = CARTESIAN_POINT('',(64.360650754232,-33.69453742303,
    39.454207512511));
#5387 = CARTESIAN_POINT('',(64.36646350561,-33.69153556462,
    39.358401786989));
#5388 = CARTESIAN_POINT('',(64.378090749418,-33.68553150249,
    39.26323133745));
#5389 = CARTESIAN_POINT('',(64.395383449303,-33.6765874717,
    39.169284505425));
#5390 = CARTESIAN_POINT('',(64.41807751108,-33.66481427358,
    39.077085783756));
#5391 = CARTESIAN_POINT('',(64.474868308,-33.63522990178,38.892925638777
    ));
#5392 = CARTESIAN_POINT('',(64.509449529018,-33.61716179276,
    38.80115800847));
#5393 = CARTESIAN_POINT('',(64.549191872884,-33.59631361428,
    38.712280942719));
#5394 = CARTESIAN_POINT('',(64.593647212639,-33.5728737619,
    38.626652890104));
#5395 = CARTESIAN_POINT('',(64.642366733992,-33.54703236454,
    38.544530059535));
#5396 = CARTESIAN_POINT('',(64.741082691517,-33.49432839234,
    38.397212722049));
#5397 = CARTESIAN_POINT('',(64.790199017499,-33.46797460315,
    38.331175149753));
#5398 = CARTESIAN_POINT('',(64.841997641767,-33.44002742725,
    38.268088799226));
#5399 = CARTESIAN_POINT('',(64.896212392521,-33.41060159922,
    38.208029684948));
#5400 = CARTESIAN_POINT('',(64.952598885653,-33.37980388987,
    38.15104612618));
#5401 = CARTESIAN_POINT('',(65.168549381816,-33.26108468323,
    37.95162056996));
#5402 = CARTESIAN_POINT('',(65.340279661914,-33.16520967977,
    37.82887472332));
#5403 = CARTESIAN_POINT('',(65.522099678316,-33.06187100134,
    37.729190159872));
#5404 = CARTESIAN_POINT('',(65.710756398309,-32.95262562947,
    37.652869068332));
#5405 = CARTESIAN_POINT('',(65.90351378261,-32.83896354021,
    37.600012923452));
#5406 = CARTESIAN_POINT('',(66.145063295393,-32.69406916279,
    37.564029593365));
#5407 = CARTESIAN_POINT('',(66.192059865326,-32.66576410618,
    37.55842967567));
#5408 = CARTESIAN_POINT('',(66.239123512063,-32.63730481973,
    37.554220959575));
#5409 = CARTESIAN_POINT('',(66.28621926461,-32.60871282887,
    37.551409072357));
#5410 = CARTESIAN_POINT('',(66.333312053106,-32.58001027126,
    37.549999982561));
#5411 = CARTESIAN_POINT('',(66.380366708829,-32.55121989676,37.55));
#5412 = PCURVE('',#5334,#5413);
#5413 = DEFINITIONAL_REPRESENTATION('',(#5414),#5442);
#5414 = B_SPLINE_CURVE_WITH_KNOTS('',6,(#5415,#5416,#5417,#5418,#5419,
    #5420,#5421,#5422,#5423,#5424,#5425,#5426,#5427,#5428,#5429,#5430,
    #5431,#5432,#5433,#5434,#5435,#5436,#5437,#5438,#5439,#5440,#5441),
  .UNSPECIFIED.,.F.,.F.,(7,5,5,5,5,7),(0.,0.165424638313,0.338519746877,
    0.49050651878,0.901086516683,1.),.UNSPECIFIED.);
#5415 = CARTESIAN_POINT('',(-6.189361962886,3.14159265359));
#5416 = CARTESIAN_POINT('',(-6.189361962886,3.093696409845));
#5417 = CARTESIAN_POINT('',(-6.189852640868,3.04579372487));
#5418 = CARTESIAN_POINT('',(-6.190834306646,2.998010198302));
#5419 = CARTESIAN_POINT('',(-6.192290275414,2.950443810826));
#5420 = CARTESIAN_POINT('',(-6.194191192904,2.903176160478));
#5421 = CARTESIAN_POINT('',(-6.198914554119,2.807216910548));
#5422 = CARTESIAN_POINT('',(-6.20177604727,2.758552705138));
#5423 = CARTESIAN_POINT('',(-6.205041804194,2.710360647598));
#5424 = CARTESIAN_POINT('',(-6.208662433742,2.662672464891));
#5425 = CARTESIAN_POINT('',(-6.212589168588,2.615498929472));
#5426 = CARTESIAN_POINT('',(-6.220454187692,2.527852509316));
#5427 = CARTESIAN_POINT('',(-6.224332686695,2.487264069835));
#5428 = CARTESIAN_POINT('',(-6.228382329868,2.44705438275));
#5429 = CARTESIAN_POINT('',(-6.232575129266,2.407206693384));
#5430 = CARTESIAN_POINT('',(-6.236885966353,2.36769817243));
#5431 = CARTESIAN_POINT('',(-6.253199196677,2.222609754677));
#5432 = CARTESIAN_POINT('',(-6.265797490456,2.119085485295));
#5433 = CARTESIAN_POINT('',(-6.278679073643,2.017176208425));
#5434 = CARTESIAN_POINT('',(-6.291558880169,1.916373852872));
#5435 = CARTESIAN_POINT('',(-6.304245361751,1.816168462305));
#5436 = CARTESIAN_POINT('',(-6.319590828565,1.691732440204));
#5437 = CARTESIAN_POINT('',(-6.322550909027,1.667574237573));
#5438 = CARTESIAN_POINT('',(-6.325489881957,1.643408607953));
#5439 = CARTESIAN_POINT('',(-6.328405850918,1.619228383987));
#5440 = CARTESIAN_POINT('',(-6.33129702948,1.595026566961));
#5441 = CARTESIAN_POINT('',(-6.334161741225,1.570796326795));
#5442 = ( GEOMETRIC_REPRESENTATION_CONTEXT(2) 
PARAMETRIC_REPRESENTATION_CONTEXT() REPRESENTATION_CONTEXT('2D SPACE',''
  ) );
#5443 = PCURVE('',#5444,#5449);
#5444 = CYLINDRICAL_SURFACE('',#5445,2.);
#5445 = AXIS2_PLACEMENT_3D('',#5446,#5447,#5448);
#5446 = CARTESIAN_POINT('',(60.731548150466,-29.28987298107,39.55));
#5447 = DIRECTION('',(0.866025403784,-0.5,0.));
#5448 = DIRECTION('',(0.,0.,1.));
#5449 = DEFINITIONAL_REPRESENTATION('',(#5450),#5478);
#5450 = B_SPLINE_CURVE_WITH_KNOTS('',6,(#5451,#5452,#5453,#5454,#5455,
    #5456,#5457,#5458,#5459,#5460,#5461,#5462,#5463,#5464,#5465,#5466,
    #5467,#5468,#5469,#5470,#5471,#5472,#5473,#5474,#5475,#5476,#5477),
  .UNSPECIFIED.,.F.,.F.,(7,5,5,5,5,7),(0.,0.165424638313,0.338519746877,
    0.49050651878,0.901086516683,1.),.UNSPECIFIED.);
#5451 = CARTESIAN_POINT('',(1.570796326795,5.345227268781));
#5452 = CARTESIAN_POINT('',(1.618692570539,5.345227268781));
#5453 = CARTESIAN_POINT('',(1.666595255515,5.348760329934));
#5454 = CARTESIAN_POINT('',(1.714378782083,5.355827787383));
#5455 = CARTESIAN_POINT('',(1.761945169558,5.366331689388));
#5456 = CARTESIAN_POINT('',(1.809212819907,5.380098724342));
#5457 = CARTESIAN_POINT('',(1.905172069837,5.414488811278));
#5458 = CARTESIAN_POINT('',(1.953836275247,5.435402972663));
#5459 = CARTESIAN_POINT('',(2.002028332787,5.459396762815));
#5460 = CARTESIAN_POINT('',(2.049716515494,5.486176290187));
#5461 = CARTESIAN_POINT('',(2.096890050913,5.515447934662));
#5462 = CARTESIAN_POINT('',(2.184536471069,5.574586475533));
#5463 = CARTESIAN_POINT('',(2.225124910549,5.603945566979));
#5464 = CARTESIAN_POINT('',(2.265334597635,5.634830903529));
#5465 = CARTESIAN_POINT('',(2.305182287001,5.667069340927));
#5466 = CARTESIAN_POINT('',(2.344690807954,5.700502621731));
#5467 = CARTESIAN_POINT('',(2.489779225707,5.828161634051));
#5468 = CARTESIAN_POINT('',(2.59330349509,5.928946917486));
#5469 = CARTESIAN_POINT('',(2.695212771959,6.034738331388));
#5470 = CARTESIAN_POINT('',(2.796015127513,6.143497157565));
#5471 = CARTESIAN_POINT('',(2.89622051808,6.253598904506));
#5472 = CARTESIAN_POINT('',(3.020656540181,6.390339730136));
#5473 = CARTESIAN_POINT('',(3.044814742811,6.416887425284));
#5474 = CARTESIAN_POINT('',(3.068980372432,6.443416095729));
#5475 = CARTESIAN_POINT('',(3.093160596397,6.469906218417));
#5476 = CARTESIAN_POINT('',(3.117362413424,6.496338490784));
#5477 = CARTESIAN_POINT('',(3.14159265359,6.522693830757));
#5478 = ( GEOMETRIC_REPRESENTATION_CONTEXT(2) 
PARAMETRIC_REPRESENTATION_CONTEXT() REPRESENTATION_CONTEXT('2D SPACE',''
  ) );
#5479 = ORIENTED_EDGE('',*,*,#5480,.T.);
#5480 = EDGE_CURVE('',#5381,#5481,#5483,.T.);
#5481 = VERTEX_POINT('',#5482);
#5482 = CARTESIAN_POINT('',(61.380366708806,-41.21147393418,37.55));
#5483 = SURFACE_CURVE('',#5484,(#5489,#5496),.PCURVE_S1.);
#5484 = CIRCLE('',#5485,9.2);
#5485 = AXIS2_PLACEMENT_3D('',#5486,#5487,#5488);
#5486 = CARTESIAN_POINT('',(57.192317665924,-33.02,37.55));
#5487 = DIRECTION('',(-0.,0.,1.));
#5488 = DIRECTION('',(0.981731741637,-0.190270301052,0.));
#5489 = PCURVE('',#5334,#5490);
#5490 = DEFINITIONAL_REPRESENTATION('',(#5491),#5495);
#5491 = LINE('',#5492,#5493);
#5492 = CARTESIAN_POINT('',(-6.091747837123,1.570796326795));
#5493 = VECTOR('',#5494,1.);
#5494 = DIRECTION('',(-1.,0.));
#5495 = ( GEOMETRIC_REPRESENTATION_CONTEXT(2) 
PARAMETRIC_REPRESENTATION_CONTEXT() REPRESENTATION_CONTEXT('2D SPACE',''
  ) );
#5496 = PCURVE('',#5497,#5502);
#5497 = PLANE('',#5498);
#5498 = AXIS2_PLACEMENT_3D('',#5499,#5500,#5501);
#5499 = CARTESIAN_POINT('',(0.,0.,37.55));
#5500 = DIRECTION('',(0.,0.,1.));
#5501 = DIRECTION('',(1.,0.,-0.));
#5502 = DEFINITIONAL_REPRESENTATION('',(#5503),#5507);
#5503 = CIRCLE('',#5504,9.2);
#5504 = AXIS2_PLACEMENT_2D('',#5505,#5506);
#5505 = CARTESIAN_POINT('',(57.192317665924,-33.02));
#5506 = DIRECTION('',(0.981731741637,-0.190270301052));
#5507 = ( GEOMETRIC_REPRESENTATION_CONTEXT(2) 
PARAMETRIC_REPRESENTATION_CONTEXT() REPRESENTATION_CONTEXT('2D SPACE',''
  ) );
#5508 = ORIENTED_EDGE('',*,*,#5509,.F.);
#5509 = EDGE_CURVE('',#5325,#5481,#5510,.T.);
#5510 = SURFACE_CURVE('',#5511,(#5539,#5570),.PCURVE_S1.);
#5511 = B_SPLINE_CURVE_WITH_KNOTS('',6,(#5512,#5513,#5514,#5515,#5516,
    #5517,#5518,#5519,#5520,#5521,#5522,#5523,#5524,#5525,#5526,#5527,
    #5528,#5529,#5530,#5531,#5532,#5533,#5534,#5535,#5536,#5537,#5538),
  .UNSPECIFIED.,.F.,.F.,(7,5,5,5,5,7),(0.,0.165424638281,0.338519746841,
    0.490506518739,0.901086516631,1.),.UNSPECIFIED.);
#5512 = CARTESIAN_POINT('',(61.360650754232,-38.89068984574,39.55));
#5513 = CARTESIAN_POINT('',(61.360650754232,-38.89068984574,
    39.454207512527));
#5514 = CARTESIAN_POINT('',(61.360957444276,-38.8972247653,
    39.358401787021));
#5515 = CARTESIAN_POINT('',(61.361571395851,-38.91029628488,
    39.263231337498));
#5516 = CARTESIAN_POINT('',(61.362471987914,-38.92974421767,
    39.169284505488));
#5517 = CARTESIAN_POINT('',(61.363623130147,-38.95528445073,
    39.077085783834));
#5518 = CARTESIAN_POINT('',(61.366397711077,-39.01925890945,
    38.892925638866));
#5519 = CARTESIAN_POINT('',(61.368040880175,-39.05824117985,
    38.801158008557));
#5520 = CARTESIAN_POINT('',(61.369856999918,-39.10308314848,
    38.712280942806));
#5521 = CARTESIAN_POINT('',(61.371785162174,-39.15330252823,
    38.626652890188));
#5522 = CARTESIAN_POINT('',(61.373765616273,-39.20841557005,
    38.544530059617));
#5523 = CARTESIAN_POINT('',(61.377480616221,-39.32025808312,
    38.397212722126));
#5524 = CARTESIAN_POINT('',(61.379215728288,-39.37597096376,
    38.331175149828));
#5525 = CARTESIAN_POINT('',(61.380912076133,-39.4348034762,
    38.268088799299));
#5526 = CARTESIAN_POINT('',(61.382535936911,-39.49646774162,
    38.208029685018));
#5527 = CARTESIAN_POINT('',(61.384057584795,-39.56069873178,
    38.151046126248));
#5528 = CARTESIAN_POINT('',(61.389218984014,-39.80707695072,
    37.951620570017));
#5529 = CARTESIAN_POINT('',(61.392053935481,-40.00373723761,
    37.828874723369));
#5530 = CARTESIAN_POINT('',(61.393470022963,-40.21286732995,
    37.729190159912));
#5531 = CARTESIAN_POINT('',(61.39318911568,-40.43087152798,
    37.652869068364));
#5532 = CARTESIAN_POINT('',(61.391133551084,-40.65463536418,
    37.600012923475));
#5533 = CARTESIAN_POINT('',(61.386426095761,-40.93627056726,
    37.564029593372));
#5534 = CARTESIAN_POINT('',(61.385411482521,-40.99112331909,
    37.558429675673));
#5535 = CARTESIAN_POINT('',(61.384296840902,-41.04611127599,
    37.554220959576));
#5536 = CARTESIAN_POINT('',(61.383083326978,-41.10119338948,
    37.551409072356));
#5537 = CARTESIAN_POINT('',(61.381772577282,-41.15632821945,
    37.54999998256));
#5538 = CARTESIAN_POINT('',(61.380366708807,-41.21147393418,37.55));
#5539 = PCURVE('',#5334,#5540);
#5540 = DEFINITIONAL_REPRESENTATION('',(#5541),#5569);
#5541 = B_SPLINE_CURVE_WITH_KNOTS('',6,(#5542,#5543,#5544,#5545,#5546,
    #5547,#5548,#5549,#5550,#5551,#5552,#5553,#5554,#5555,#5556,#5557,
    #5558,#5559,#5560,#5561,#5562,#5563,#5564,#5565,#5566,#5567,#5568),
  .UNSPECIFIED.,.F.,.F.,(7,5,5,5,5,7),(0.,0.165424638281,0.338519746841,
    0.490506518739,0.901086516631,1.),.UNSPECIFIED.);
#5542 = CARTESIAN_POINT('',(-11.61299640745,3.14159265359));
#5543 = CARTESIAN_POINT('',(-11.61299640745,3.093696409853));
#5544 = CARTESIAN_POINT('',(-11.61250572947,3.045793724886));
#5545 = CARTESIAN_POINT('',(-11.61152406369,2.998010198326));
#5546 = CARTESIAN_POINT('',(-11.61006809492,2.950443810858));
#5547 = CARTESIAN_POINT('',(-11.60816717744,2.903176160518));
#5548 = CARTESIAN_POINT('',(-11.60344381622,2.807216910595));
#5549 = CARTESIAN_POINT('',(-11.60058232307,2.758552705185));
#5550 = CARTESIAN_POINT('',(-11.59731656615,2.710360647645));
#5551 = CARTESIAN_POINT('',(-11.5936959366,2.662672464938));
#5552 = CARTESIAN_POINT('',(-11.58976920175,2.615498929519));
#5553 = CARTESIAN_POINT('',(-11.58190418265,2.527852509363));
#5554 = CARTESIAN_POINT('',(-11.57802568365,2.487264069883));
#5555 = CARTESIAN_POINT('',(-11.57397604047,2.447054382797));
#5556 = CARTESIAN_POINT('',(-11.56978324108,2.407206693431));
#5557 = CARTESIAN_POINT('',(-11.56547240399,2.367698172478));
#5558 = CARTESIAN_POINT('',(-11.54915917367,2.222609754724));
#5559 = CARTESIAN_POINT('',(-11.53656087989,2.119085485342));
#5560 = CARTESIAN_POINT('',(-11.5236792967,2.017176208472));
#5561 = CARTESIAN_POINT('',(-11.51079949017,1.916373852919));
#5562 = CARTESIAN_POINT('',(-11.49811300859,1.816168462352));
#5563 = CARTESIAN_POINT('',(-11.48276754178,1.691732440238));
#5564 = CARTESIAN_POINT('',(-11.4798074613,1.667574237605));
#5565 = CARTESIAN_POINT('',(-11.47686848837,1.643408607969));
#5566 = CARTESIAN_POINT('',(-11.47395251944,1.619228383976));
#5567 = CARTESIAN_POINT('',(-11.47106134089,1.595026566929));
#5568 = CARTESIAN_POINT('',(-11.46819662907,1.570796326795));
#5569 = ( GEOMETRIC_REPRESENTATION_CONTEXT(2) 
PARAMETRIC_REPRESENTATION_CONTEXT() REPRESENTATION_CONTEXT('2D SPACE',''
  ) );
#5570 = PCURVE('',#5571,#5576);
#5571 = CYLINDRICAL_SURFACE('',#5572,2.);
#5572 = AXIS2_PLACEMENT_3D('',#5573,#5574,#5575);
#5573 = CARTESIAN_POINT('',(55.731548150466,-37.95012701892,39.55));
#5574 = DIRECTION('',(0.866025403784,-0.5,0.));
#5575 = DIRECTION('',(0.,0.,1.));
#5576 = DEFINITIONAL_REPRESENTATION('',(#5577),#5605);
#5577 = B_SPLINE_CURVE_WITH_KNOTS('',6,(#5578,#5579,#5580,#5581,#5582,
    #5583,#5584,#5585,#5586,#5587,#5588,#5589,#5590,#5591,#5592,#5593,
    #5594,#5595,#5596,#5597,#5598,#5599,#5600,#5601,#5602,#5603,#5604),
  .UNSPECIFIED.,.F.,.F.,(7,5,5,5,5,7),(0.,0.165424638281,0.338519746841,
    0.490506518739,0.901086516631,1.),.UNSPECIFIED.);
#5578 = CARTESIAN_POINT('',(4.712388980385,5.345227268781));
#5579 = CARTESIAN_POINT('',(4.664492736648,5.345227268781));
#5580 = CARTESIAN_POINT('',(4.616590051681,5.348760329933));
#5581 = CARTESIAN_POINT('',(4.568806525121,5.35582778738));
#5582 = CARTESIAN_POINT('',(4.521240137653,5.366331689381));
#5583 = CARTESIAN_POINT('',(4.473972487313,5.380098724331));
#5584 = CARTESIAN_POINT('',(4.37801323739,5.414488811259));
#5585 = CARTESIAN_POINT('',(4.32934903198,5.435402972641));
#5586 = CARTESIAN_POINT('',(4.28115697444,5.45939676279));
#5587 = CARTESIAN_POINT('',(4.233468791733,5.48617629016));
#5588 = CARTESIAN_POINT('',(4.186295256314,5.515447934632));
#5589 = CARTESIAN_POINT('',(4.098648836158,5.574586475499));
#5590 = CARTESIAN_POINT('',(4.058060396677,5.603945566944));
#5591 = CARTESIAN_POINT('',(4.017850709592,5.634830903492));
#5592 = CARTESIAN_POINT('',(3.978003020226,5.667069340889));
#5593 = CARTESIAN_POINT('',(3.938494499272,5.700502621691));
#5594 = CARTESIAN_POINT('',(3.793406081519,5.828161634006));
#5595 = CARTESIAN_POINT('',(3.689881812136,5.928946917439));
#5596 = CARTESIAN_POINT('',(3.587972535266,6.034738331339));
#5597 = CARTESIAN_POINT('',(3.487170179714,6.143497157514));
#5598 = CARTESIAN_POINT('',(3.386964789147,6.253598904455));
#5599 = CARTESIAN_POINT('',(3.262528767033,6.390339730098));
#5600 = CARTESIAN_POINT('',(3.2383705644,6.416887425172));
#5601 = CARTESIAN_POINT('',(3.214204934764,6.443416095664));
#5602 = CARTESIAN_POINT('',(3.19002471077,6.469906218523));
#5603 = CARTESIAN_POINT('',(3.165822893724,6.496338490975));
#5604 = CARTESIAN_POINT('',(3.14159265359,6.522693830523));
#5605 = ( GEOMETRIC_REPRESENTATION_CONTEXT(2) 
PARAMETRIC_REPRESENTATION_CONTEXT() REPRESENTATION_CONTEXT('2D SPACE',''
  ) );
#5606 = ADVANCED_FACE('',(#5607),#5345,.T.);
#5607 = FACE_BOUND('',#5608,.T.);
#5608 = EDGE_LOOP('',(#5609,#5635,#5636,#5659,#5686,#5687,#5688,#5714));
#5609 = ORIENTED_EDGE('',*,*,#5610,.F.);
#5610 = EDGE_CURVE('',#5358,#5611,#5613,.T.);
#5611 = VERTEX_POINT('',#5612);
#5612 = CARTESIAN_POINT('',(64.360650754232,-33.69453742303,41.55));
#5613 = SURFACE_CURVE('',#5614,(#5618,#5624),.PCURVE_S1.);
#5614 = LINE('',#5615,#5616);
#5615 = CARTESIAN_POINT('',(64.360650754232,-33.69453742303,30.55));
#5616 = VECTOR('',#5617,1.);
#5617 = DIRECTION('',(0.,0.,1.));
#5618 = PCURVE('',#5345,#5619);
#5619 = DEFINITIONAL_REPRESENTATION('',(#5620),#5623);
#5620 = B_SPLINE_CURVE_WITH_KNOTS('',1,(#5621,#5622),.UNSPECIFIED.,.F.,
  .F.,(2,2),(6.9999994,11.401),.PIECEWISE_BEZIER_KNOTS.);
#5621 = CARTESIAN_POINT('',(6.189361962886,6.9999994));
#5622 = CARTESIAN_POINT('',(6.189361962886,11.401));
#5623 = ( GEOMETRIC_REPRESENTATION_CONTEXT(2) 
PARAMETRIC_REPRESENTATION_CONTEXT() REPRESENTATION_CONTEXT('2D SPACE',''
  ) );
#5624 = PCURVE('',#5625,#5630);
#5625 = PLANE('',#5626);
#5626 = AXIS2_PLACEMENT_3D('',#5627,#5628,#5629);
#5627 = CARTESIAN_POINT('',(90.137700077337,-48.57692378864,37.54));
#5628 = DIRECTION('',(-0.5,-0.866025403784,0.));
#5629 = DIRECTION('',(-0.866025403784,0.5,0.));
#5630 = DEFINITIONAL_REPRESENTATION('',(#5631),#5634);
#5631 = B_SPLINE_CURVE_WITH_KNOTS('',1,(#5632,#5633),.UNSPECIFIED.,.F.,
  .F.,(2,2),(6.9999994,11.401),.PIECEWISE_BEZIER_KNOTS.);
#5632 = CARTESIAN_POINT('',(29.764772731219,-9.999399999998E-03));
#5633 = CARTESIAN_POINT('',(29.764772731219,-4.411));
#5634 = ( GEOMETRIC_REPRESENTATION_CONTEXT(2) 
PARAMETRIC_REPRESENTATION_CONTEXT() REPRESENTATION_CONTEXT('2D SPACE',''
  ) );
#5635 = ORIENTED_EDGE('',*,*,#5357,.T.);
#5636 = ORIENTED_EDGE('',*,*,#5637,.T.);
#5637 = EDGE_CURVE('',#5323,#5638,#5640,.T.);
#5638 = VERTEX_POINT('',#5639);
#5639 = CARTESIAN_POINT('',(64.392317665924,-33.02,46.55));
#5640 = SEAM_CURVE('',#5641,(#5645,#5652),.PCURVE_S1.);
#5641 = LINE('',#5642,#5643);
#5642 = CARTESIAN_POINT('',(64.392317665924,-33.02,30.55));
#5643 = VECTOR('',#5644,1.);
#5644 = DIRECTION('',(0.,0.,1.));
#5645 = PCURVE('',#5345,#5646);
#5646 = DEFINITIONAL_REPRESENTATION('',(#5647),#5651);
#5647 = LINE('',#5648,#5649);
#5648 = CARTESIAN_POINT('',(0.,-0.));
#5649 = VECTOR('',#5650,1.);
#5650 = DIRECTION('',(0.,1.));
#5651 = ( GEOMETRIC_REPRESENTATION_CONTEXT(2) 
PARAMETRIC_REPRESENTATION_CONTEXT() REPRESENTATION_CONTEXT('2D SPACE',''
  ) );
#5652 = PCURVE('',#5345,#5653);
#5653 = DEFINITIONAL_REPRESENTATION('',(#5654),#5658);
#5654 = LINE('',#5655,#5656);
#5655 = CARTESIAN_POINT('',(6.28318530718,-0.));
#5656 = VECTOR('',#5657,1.);
#5657 = DIRECTION('',(0.,1.));
#5658 = ( GEOMETRIC_REPRESENTATION_CONTEXT(2) 
PARAMETRIC_REPRESENTATION_CONTEXT() REPRESENTATION_CONTEXT('2D SPACE',''
  ) );
#5659 = ORIENTED_EDGE('',*,*,#5660,.F.);
#5660 = EDGE_CURVE('',#5638,#5638,#5661,.T.);
#5661 = SURFACE_CURVE('',#5662,(#5667,#5674),.PCURVE_S1.);
#5662 = CIRCLE('',#5663,7.2);
#5663 = AXIS2_PLACEMENT_3D('',#5664,#5665,#5666);
#5664 = CARTESIAN_POINT('',(57.192317665924,-33.02,46.55));
#5665 = DIRECTION('',(0.,0.,1.));
#5666 = DIRECTION('',(1.,0.,-0.));
#5667 = PCURVE('',#5345,#5668);
#5668 = DEFINITIONAL_REPRESENTATION('',(#5669),#5673);
#5669 = LINE('',#5670,#5671);
#5670 = CARTESIAN_POINT('',(0.,16.));
#5671 = VECTOR('',#5672,1.);
#5672 = DIRECTION('',(1.,0.));
#5673 = ( GEOMETRIC_REPRESENTATION_CONTEXT(2) 
PARAMETRIC_REPRESENTATION_CONTEXT() REPRESENTATION_CONTEXT('2D SPACE',''
  ) );
#5674 = PCURVE('',#5675,#5680);
#5675 = PLANE('',#5676);
#5676 = AXIS2_PLACEMENT_3D('',#5677,#5678,#5679);
#5677 = CARTESIAN_POINT('',(57.192317665924,-33.02,46.55));
#5678 = DIRECTION('',(0.,0.,1.));
#5679 = DIRECTION('',(1.,0.,-0.));
#5680 = DEFINITIONAL_REPRESENTATION('',(#5681),#5685);
#5681 = CIRCLE('',#5682,7.2);
#5682 = AXIS2_PLACEMENT_2D('',#5683,#5684);
#5683 = CARTESIAN_POINT('',(0.,0.));
#5684 = DIRECTION('',(1.,0.));
#5685 = ( GEOMETRIC_REPRESENTATION_CONTEXT(2) 
PARAMETRIC_REPRESENTATION_CONTEXT() REPRESENTATION_CONTEXT('2D SPACE',''
  ) );
#5686 = ORIENTED_EDGE('',*,*,#5637,.F.);
#5687 = ORIENTED_EDGE('',*,*,#5322,.T.);
#5688 = ORIENTED_EDGE('',*,*,#5689,.T.);
#5689 = EDGE_CURVE('',#5325,#5690,#5692,.T.);
#5690 = VERTEX_POINT('',#5691);
#5691 = CARTESIAN_POINT('',(61.360650754232,-38.89068984574,41.55));
#5692 = SURFACE_CURVE('',#5693,(#5697,#5703),.PCURVE_S1.);
#5693 = LINE('',#5694,#5695);
#5694 = CARTESIAN_POINT('',(61.360650754232,-38.89068984574,30.55));
#5695 = VECTOR('',#5696,1.);
#5696 = DIRECTION('',(0.,0.,1.));
#5697 = PCURVE('',#5345,#5698);
#5698 = DEFINITIONAL_REPRESENTATION('',(#5699),#5702);
#5699 = B_SPLINE_CURVE_WITH_KNOTS('',1,(#5700,#5701),.UNSPECIFIED.,.F.,
  .F.,(2,2),(6.9999994,11.401),.PIECEWISE_BEZIER_KNOTS.);
#5700 = CARTESIAN_POINT('',(5.329811100277,6.9999994));
#5701 = CARTESIAN_POINT('',(5.329811100277,11.401));
#5702 = ( GEOMETRIC_REPRESENTATION_CONTEXT(2) 
PARAMETRIC_REPRESENTATION_CONTEXT() REPRESENTATION_CONTEXT('2D SPACE',''
  ) );
#5703 = PCURVE('',#5704,#5709);
#5704 = PLANE('',#5705);
#5705 = AXIS2_PLACEMENT_3D('',#5706,#5707,#5708);
#5706 = CARTESIAN_POINT('',(57.59757355425,-36.71807621135,37.54));
#5707 = DIRECTION('',(0.5,0.866025403784,-0.));
#5708 = DIRECTION('',(0.866025403784,-0.5,0.));
#5709 = DEFINITIONAL_REPRESENTATION('',(#5710),#5713);
#5710 = B_SPLINE_CURVE_WITH_KNOTS('',1,(#5711,#5712),.UNSPECIFIED.,.F.,
  .F.,(2,2),(6.9999994,11.401),.PIECEWISE_BEZIER_KNOTS.);
#5711 = CARTESIAN_POINT('',(4.345227268781,-9.999399999998E-03));
#5712 = CARTESIAN_POINT('',(4.345227268781,-4.411));
#5713 = ( GEOMETRIC_REPRESENTATION_CONTEXT(2) 
PARAMETRIC_REPRESENTATION_CONTEXT() REPRESENTATION_CONTEXT('2D SPACE',''
  ) );
#5714 = ORIENTED_EDGE('',*,*,#5715,.T.);
#5715 = EDGE_CURVE('',#5690,#5611,#5716,.T.);
#5716 = SURFACE_CURVE('',#5717,(#5722,#5729),.PCURVE_S1.);
#5717 = CIRCLE('',#5718,7.2);
#5718 = AXIS2_PLACEMENT_3D('',#5719,#5720,#5721);
#5719 = CARTESIAN_POINT('',(57.192317665924,-33.02,41.55));
#5720 = DIRECTION('',(0.,0.,1.));
#5721 = DIRECTION('',(1.,0.,-0.));
#5722 = PCURVE('',#5345,#5723);
#5723 = DEFINITIONAL_REPRESENTATION('',(#5724),#5728);
#5724 = LINE('',#5725,#5726);
#5725 = CARTESIAN_POINT('',(0.,11.));
#5726 = VECTOR('',#5727,1.);
#5727 = DIRECTION('',(1.,0.));
#5728 = ( GEOMETRIC_REPRESENTATION_CONTEXT(2) 
PARAMETRIC_REPRESENTATION_CONTEXT() REPRESENTATION_CONTEXT('2D SPACE',''
  ) );
#5729 = PCURVE('',#5730,#5735);
#5730 = PLANE('',#5731);
#5731 = AXIS2_PLACEMENT_3D('',#5732,#5733,#5734);
#5732 = CARTESIAN_POINT('',(73.867636815794,-42.6475,41.55));
#5733 = DIRECTION('',(0.,0.,1.));
#5734 = DIRECTION('',(1.,0.,-0.));
#5735 = DEFINITIONAL_REPRESENTATION('',(#5736),#5740);
#5736 = CIRCLE('',#5737,7.2);
#5737 = AXIS2_PLACEMENT_2D('',#5738,#5739);
#5738 = CARTESIAN_POINT('',(-16.67531914986,9.6275));
#5739 = DIRECTION('',(1.,0.));
#5740 = ( GEOMETRIC_REPRESENTATION_CONTEXT(2) 
PARAMETRIC_REPRESENTATION_CONTEXT() REPRESENTATION_CONTEXT('2D SPACE',''
  ) );
#5741 = ADVANCED_FACE('',(#5742),#5571,.F.);
#5742 = FACE_BOUND('',#5743,.F.);
#5743 = EDGE_LOOP('',(#5744,#5767,#5768,#5791));
#5744 = ORIENTED_EDGE('',*,*,#5745,.F.);
#5745 = EDGE_CURVE('',#5481,#5746,#5748,.T.);
#5746 = VERTEX_POINT('',#5747);
#5747 = CARTESIAN_POINT('',(83.539623865984,-54.00512701892,37.55));
#5748 = SURFACE_CURVE('',#5749,(#5753,#5760),.PCURVE_S1.);
#5749 = LINE('',#5750,#5751);
#5750 = CARTESIAN_POINT('',(55.731548150466,-37.95012701892,37.55));
#5751 = VECTOR('',#5752,1.);
#5752 = DIRECTION('',(0.866025403784,-0.5,0.));
#5753 = PCURVE('',#5571,#5754);
#5754 = DEFINITIONAL_REPRESENTATION('',(#5755),#5759);
#5755 = LINE('',#5756,#5757);
#5756 = CARTESIAN_POINT('',(3.14159265359,0.));
#5757 = VECTOR('',#5758,1.);
#5758 = DIRECTION('',(0.,1.));
#5759 = ( GEOMETRIC_REPRESENTATION_CONTEXT(2) 
PARAMETRIC_REPRESENTATION_CONTEXT() REPRESENTATION_CONTEXT('2D SPACE',''
  ) );
#5760 = PCURVE('',#5497,#5761);
#5761 = DEFINITIONAL_REPRESENTATION('',(#5762),#5766);
#5762 = LINE('',#5763,#5764);
#5763 = CARTESIAN_POINT('',(55.731548150466,-37.95012701892));
#5764 = VECTOR('',#5765,1.);
#5765 = DIRECTION('',(0.866025403784,-0.5));
#5766 = ( GEOMETRIC_REPRESENTATION_CONTEXT(2) 
PARAMETRIC_REPRESENTATION_CONTEXT() REPRESENTATION_CONTEXT('2D SPACE',''
  ) );
#5767 = ORIENTED_EDGE('',*,*,#5509,.F.);
#5768 = ORIENTED_EDGE('',*,*,#5769,.T.);
#5769 = EDGE_CURVE('',#5325,#5770,#5772,.T.);
#5770 = VERTEX_POINT('',#5771);
#5771 = CARTESIAN_POINT('',(86.989113608767,-53.68728977372,39.55));
#5772 = SURFACE_CURVE('',#5773,(#5777,#5784),.PCURVE_S1.);
#5773 = LINE('',#5774,#5775);
#5774 = CARTESIAN_POINT('',(56.731548150466,-36.21807621135,39.55));
#5775 = VECTOR('',#5776,1.);
#5776 = DIRECTION('',(0.866025403784,-0.5,0.));
#5777 = PCURVE('',#5571,#5778);
#5778 = DEFINITIONAL_REPRESENTATION('',(#5779),#5783);
#5779 = LINE('',#5780,#5781);
#5780 = CARTESIAN_POINT('',(4.712388980385,0.));
#5781 = VECTOR('',#5782,1.);
#5782 = DIRECTION('',(0.,1.));
#5783 = ( GEOMETRIC_REPRESENTATION_CONTEXT(2) 
PARAMETRIC_REPRESENTATION_CONTEXT() REPRESENTATION_CONTEXT('2D SPACE',''
  ) );
#5784 = PCURVE('',#5704,#5785);
#5785 = DEFINITIONAL_REPRESENTATION('',(#5786),#5790);
#5786 = LINE('',#5787,#5788);
#5787 = CARTESIAN_POINT('',(-1.,-2.01));
#5788 = VECTOR('',#5789,1.);
#5789 = DIRECTION('',(1.,0.));
#5790 = ( GEOMETRIC_REPRESENTATION_CONTEXT(2) 
PARAMETRIC_REPRESENTATION_CONTEXT() REPRESENTATION_CONTEXT('2D SPACE',''
  ) );
#5791 = ORIENTED_EDGE('',*,*,#5792,.T.);
#5792 = EDGE_CURVE('',#5770,#5746,#5793,.T.);
#5793 = SURFACE_CURVE('',#5794,(#5818,#5845),.PCURVE_S1.);
#5794 = B_SPLINE_CURVE_WITH_KNOTS('',8,(#5795,#5796,#5797,#5798,#5799,
    #5800,#5801,#5802,#5803,#5804,#5805,#5806,#5807,#5808,#5809,#5810,
    #5811,#5812,#5813,#5814,#5815,#5816,#5817),.UNSPECIFIED.,.F.,.F.,(9,
    7,7,9),(0.,0.182451692031,0.33032823083,1.),.UNSPECIFIED.);
#5795 = CARTESIAN_POINT('',(86.989113608767,-53.68728977372,39.55));
#5796 = CARTESIAN_POINT('',(86.956707286877,-53.66857997506,
    39.444161395904));
#5797 = CARTESIAN_POINT('',(86.91757710434,-53.65337938879,
    39.341218112312));
#5798 = CARTESIAN_POINT('',(86.87232804926,-53.64132984078,
    39.241527590609));
#5799 = CARTESIAN_POINT('',(86.8215944553,-53.63210917786,
    39.145388168588));
#5800 = CARTESIAN_POINT('',(86.766036958117,-53.62542076421,
    39.053046437214));
#5801 = CARTESIAN_POINT('',(86.706340457751,-53.6209859313,
    38.964702765825));
#5802 = CARTESIAN_POINT('',(86.643213086934,-53.61853938145,
    38.880514995764));
#5803 = CARTESIAN_POINT('',(86.524033682786,-53.61725060367,
    38.735829687726));
#5804 = CARTESIAN_POINT('',(86.468721843787,-53.61781099333,
    38.6736401536));
#5805 = CARTESIAN_POINT('',(86.411686299481,-53.61938661355,
    38.613968840555));
#5806 = CARTESIAN_POINT('',(86.353134593579,-53.62187068622,
    38.556745237638));
#5807 = CARTESIAN_POINT('',(86.293246009126,-53.62517029638,
    38.501892516273));
#5808 = CARTESIAN_POINT('',(86.23217139526,-53.62920493309,
    38.449328864088));
#5809 = CARTESIAN_POINT('',(86.170032993966,-53.63390503024,
    38.398968818733));
#5810 = CARTESIAN_POINT('',(85.821130906419,-53.66323682261,
    38.132246468351));
#5811 = CARTESIAN_POINT('',(85.511787004033,-53.69998746188,
    37.954371540344));
#5812 = CARTESIAN_POINT('',(85.190460034664,-53.74416183624,
    37.813808219225));
#5813 = CARTESIAN_POINT('',(84.864048320223,-53.7927725136,
    37.706345529716));
#5814 = CARTESIAN_POINT('',(84.535987163335,-53.84393141023,
    37.628179294075));
#5815 = CARTESIAN_POINT('',(84.206971021633,-53.89666460631,
    37.576483231354));
#5816 = CARTESIAN_POINT('',(83.87560771476,-53.95051962775,
    37.55000010766));
#5817 = CARTESIAN_POINT('',(83.539623865984,-54.00512701892,37.55));
#5818 = PCURVE('',#5571,#5819);
#5819 = DEFINITIONAL_REPRESENTATION('',(#5820),#5844);
#5820 = B_SPLINE_CURVE_WITH_KNOTS('',8,(#5821,#5822,#5823,#5824,#5825,
    #5826,#5827,#5828,#5829,#5830,#5831,#5832,#5833,#5834,#5835,#5836,
    #5837,#5838,#5839,#5840,#5841,#5842,#5843),.UNSPECIFIED.,.F.,.F.,(9,
    7,7,9),(0.,0.182451692031,0.33032823083,1.),.UNSPECIFIED.);
#5821 = CARTESIAN_POINT('',(4.712388980385,34.938427124746));
#5822 = CARTESIAN_POINT('',(4.659469678337,34.901007527412));
#5823 = CARTESIAN_POINT('',(4.607997978862,34.859519502146));
#5824 = CARTESIAN_POINT('',(4.55792705066,34.814307896947));
#5825 = CARTESIAN_POINT('',(4.509231630551,34.765760984293));
#5826 = CARTESIAN_POINT('',(4.461904947061,34.714302573536));
#5827 = CARTESIAN_POINT('',(4.415956843704,34.660386471245));
#5828 = CARTESIAN_POINT('',(4.371413101928,34.60449328952));
#5829 = CARTESIAN_POINT('',(4.293385864969,34.500636509031));
#5830 = CARTESIAN_POINT('',(4.259284112782,34.453015246157));
#5831 = CARTESIAN_POINT('',(4.225958847239,34.404408825979));
#5832 = CARTESIAN_POINT('',(4.19336182433,34.354943597567));
#5833 = CARTESIAN_POINT('',(4.161447038021,34.304728367117));
#5834 = CARTESIAN_POINT('',(4.130169342294,34.253853518335));
#5835 = CARTESIAN_POINT('',(4.099483073178,34.202390132841));
#5836 = CARTESIAN_POINT('',(3.93283817961,33.914897957778));
#5837 = CARTESIAN_POINT('',(3.805747614142,33.665373599441));
#5838 = CARTESIAN_POINT('',(3.685991249514,33.409183468223));
#5839 = CARTESIAN_POINT('',(3.572042031012,33.150807970103));
#5840 = CARTESIAN_POINT('',(3.462379794495,32.892278122562));
#5841 = CARTESIAN_POINT('',(3.355396324502,32.633708383628));
#5842 = CARTESIAN_POINT('',(3.249234091095,32.373666852715));
#5843 = CARTESIAN_POINT('',(3.14159265359,32.11));
#5844 = ( GEOMETRIC_REPRESENTATION_CONTEXT(2) 
PARAMETRIC_REPRESENTATION_CONTEXT() REPRESENTATION_CONTEXT('2D SPACE',''
  ) );
#5845 = PCURVE('',#5846,#5851);
#5846 = CYLINDRICAL_SURFACE('',#5847,3.);
#5847 = AXIS2_PLACEMENT_3D('',#5848,#5849,#5850);
#5848 = CARTESIAN_POINT('',(81.539623865984,-57.46922863406,40.55));
#5849 = DIRECTION('',(0.5,0.866025403784,0.));
#5850 = DIRECTION('',(0.,0.,1.));
#5851 = DEFINITIONAL_REPRESENTATION('',(#5852),#5876);
#5852 = B_SPLINE_CURVE_WITH_KNOTS('',8,(#5853,#5854,#5855,#5856,#5857,
    #5858,#5859,#5860,#5861,#5862,#5863,#5864,#5865,#5866,#5867,#5868,
    #5869,#5870,#5871,#5872,#5873,#5874,#5875),.UNSPECIFIED.,.F.,.F.,(9,
    7,7,9),(0.,0.182451692031,0.33032823083,1.),.UNSPECIFIED.);
#5853 = CARTESIAN_POINT('',(1.910633236249,6.));
#5854 = CARTESIAN_POINT('',(1.948052833583,6.));
#5855 = CARTESIAN_POINT('',(1.985014555149,5.993599002592));
#5856 = CARTESIAN_POINT('',(2.02144765107,5.981409689731));
#5857 = CARTESIAN_POINT('',(2.057286743167,5.964028221076));
#5858 = CARTESIAN_POINT('',(2.092467685376,5.94204180862));
#5859 = CARTESIAN_POINT('',(2.126924312467,5.916034236401));
#5860 = CARTESIAN_POINT('',(2.160586077081,5.886589325312));
#5861 = CARTESIAN_POINT('',(2.219953173482,5.828115737533));
#5862 = CARTESIAN_POINT('',(2.246050122956,5.799974506353));
#5863 = CARTESIAN_POINT('',(2.271685261132,5.770092207066));
#5864 = CARTESIAN_POINT('',(2.296877386738,5.738665084077));
#5865 = CARTESIAN_POINT('',(2.321646754781,5.705863245624));
#5866 = CARTESIAN_POINT('',(2.346015571737,5.67183184081));
#5867 = CARTESIAN_POINT('',(2.370008490733,5.636692236628));
#5868 = CARTESIAN_POINT('',(2.500729807075,5.436839115521));
#5869 = CARTESIAN_POINT('',(2.602030600537,5.250340177115));
#5870 = CARTESIAN_POINT('',(2.69837191028,5.051420562047));
#5871 = CARTESIAN_POINT('',(2.790637307863,4.846116623332));
#5872 = CARTESIAN_POINT('',(2.879798982554,4.63778114078));
#5873 = CARTESIAN_POINT('',(2.96702315183,4.427604782501));
#5874 = CARTESIAN_POINT('',(3.053703706979,4.215283312378));
#5875 = CARTESIAN_POINT('',(3.14159265359,4.));
#5876 = ( GEOMETRIC_REPRESENTATION_CONTEXT(2) 
PARAMETRIC_REPRESENTATION_CONTEXT() REPRESENTATION_CONTEXT('2D SPACE',''
  ) );
#5877 = ADVANCED_FACE('',(#5878,#6671,#6702,#6733,#6764),#5497,.T.);
#5878 = FACE_BOUND('',#5879,.T.);
#5879 = EDGE_LOOP('',(#5880,#5915,#5943,#5971,#5999,#6027,#6056,#6084,
    #6112,#6140,#6168,#6201,#6229,#6257,#6278,#6279,#6280,#6303,#6331,
    #6359,#6387,#6420,#6448,#6476,#6504,#6532,#6561,#6589,#6617,#6645));
#5880 = ORIENTED_EDGE('',*,*,#5881,.F.);
#5881 = EDGE_CURVE('',#5882,#5884,#5886,.T.);
#5882 = VERTEX_POINT('',#5883);
#5883 = CARTESIAN_POINT('',(-72.86458190239,-28.50000533665,37.55));
#5884 = VERTEX_POINT('',#5885);
#5885 = CARTESIAN_POINT('',(-11.75056232165,77.352581631933,37.55));
#5886 = SURFACE_CURVE('',#5887,(#5892,#5903),.PCURVE_S1.);
#5887 = CIRCLE('',#5888,78.24);
#5888 = AXIS2_PLACEMENT_3D('',#5889,#5890,#5891);
#5889 = CARTESIAN_POINT('',(0.,0.,37.55));
#5890 = DIRECTION('',(0.,0.,-1.));
#5891 = DIRECTION('',(0.150186123743,0.988657740694,0.));
#5892 = PCURVE('',#5497,#5893);
#5893 = DEFINITIONAL_REPRESENTATION('',(#5894),#5902);
#5894 = ( BOUNDED_CURVE() B_SPLINE_CURVE(2,(#5895,#5896,#5897,#5898,
#5899,#5900,#5901),.UNSPECIFIED.,.T.,.F.) B_SPLINE_CURVE_WITH_KNOTS((1,2
    ,2,2,2,1),(-2.094395102393,0.,2.094395102393,4.188790204786,
6.28318530718,8.377580409573),.UNSPECIFIED.) CURVE() 
GEOMETRIC_REPRESENTATION_ITEM() RATIONAL_B_SPLINE_CURVE((1.,0.5,1.,0.5,
1.,0.5,1.)) REPRESENTATION_ITEM('') );
#5895 = CARTESIAN_POINT('',(11.750562321657,77.352581631933));
#5896 = CARTESIAN_POINT('',(145.72916380478,57.000010673318));
#5897 = CARTESIAN_POINT('',(61.114019580735,-48.85257629527));
#5898 = CARTESIAN_POINT('',(-23.50112464331,-154.7051632638));
#5899 = CARTESIAN_POINT('',(-72.86458190239,-28.50000533665));
#5900 = CARTESIAN_POINT('',(-122.2280391614,97.705152590548));
#5901 = CARTESIAN_POINT('',(11.750562321657,77.352581631933));
#5902 = ( GEOMETRIC_REPRESENTATION_CONTEXT(2) 
PARAMETRIC_REPRESENTATION_CONTEXT() REPRESENTATION_CONTEXT('2D SPACE',''
  ) );
#5903 = PCURVE('',#5904,#5909);
#5904 = CYLINDRICAL_SURFACE('',#5905,78.24);
#5905 = AXIS2_PLACEMENT_3D('',#5906,#5907,#5908);
#5906 = CARTESIAN_POINT('',(0.,0.,30.55));
#5907 = DIRECTION('',(0.,0.,1.));
#5908 = DIRECTION('',(1.,0.,-0.));
#5909 = DEFINITIONAL_REPRESENTATION('',(#5910),#5914);
#5910 = LINE('',#5911,#5912);
#5911 = CARTESIAN_POINT('',(7.703225104863,7.));
#5912 = VECTOR('',#5913,1.);
#5913 = DIRECTION('',(-1.,-0.));
#5914 = ( GEOMETRIC_REPRESENTATION_CONTEXT(2) 
PARAMETRIC_REPRESENTATION_CONTEXT() REPRESENTATION_CONTEXT('2D SPACE',''
  ) );
#5915 = ORIENTED_EDGE('',*,*,#5916,.T.);
#5916 = EDGE_CURVE('',#5882,#5917,#5919,.T.);
#5917 = VERTEX_POINT('',#5918);
#5918 = CARTESIAN_POINT('',(-102.1639795189,-49.74679676972,37.55));
#5919 = SURFACE_CURVE('',#5920,(#5924,#5931),.PCURVE_S1.);
#5920 = LINE('',#5921,#5922);
#5921 = CARTESIAN_POINT('',(-65.44757355425,-23.12147737193,37.55));
#5922 = VECTOR('',#5923,1.);
#5923 = DIRECTION('',(-0.809548356741,-0.587053198695,0.));
#5924 = PCURVE('',#5497,#5925);
#5925 = DEFINITIONAL_REPRESENTATION('',(#5926),#5930);
#5926 = LINE('',#5927,#5928);
#5927 = CARTESIAN_POINT('',(-65.44757355425,-23.12147737193));
#5928 = VECTOR('',#5929,1.);
#5929 = DIRECTION('',(-0.809548356741,-0.587053198695));
#5930 = ( GEOMETRIC_REPRESENTATION_CONTEXT(2) 
PARAMETRIC_REPRESENTATION_CONTEXT() REPRESENTATION_CONTEXT('2D SPACE',''
  ) );
#5931 = PCURVE('',#5932,#5937);
#5932 = PLANE('',#5933);
#5933 = AXIS2_PLACEMENT_3D('',#5934,#5935,#5936);
#5934 = CARTESIAN_POINT('',(-65.44757355425,-23.12147737193,30.55));
#5935 = DIRECTION('',(0.587053198695,-0.809548356741,0.));
#5936 = DIRECTION('',(-0.809548356741,-0.587053198695,0.));
#5937 = DEFINITIONAL_REPRESENTATION('',(#5938),#5942);
#5938 = LINE('',#5939,#5940);
#5939 = CARTESIAN_POINT('',(0.,-7.));
#5940 = VECTOR('',#5941,1.);
#5941 = DIRECTION('',(1.,0.));
#5942 = ( GEOMETRIC_REPRESENTATION_CONTEXT(2) 
PARAMETRIC_REPRESENTATION_CONTEXT() REPRESENTATION_CONTEXT('2D SPACE',''
  ) );
#5943 = ORIENTED_EDGE('',*,*,#5944,.T.);
#5944 = EDGE_CURVE('',#5917,#5945,#5947,.T.);
#5945 = VERTEX_POINT('',#5946);
#5946 = CARTESIAN_POINT('',(-90.03962386598,-42.74679676972,37.55));
#5947 = SURFACE_CURVE('',#5948,(#5952,#5959),.PCURVE_S1.);
#5948 = LINE('',#5949,#5950);
#5949 = CARTESIAN_POINT('',(-102.1639795189,-49.74679676972,37.55));
#5950 = VECTOR('',#5951,1.);
#5951 = DIRECTION('',(0.866025403784,0.5,2.892923995595E-14));
#5952 = PCURVE('',#5497,#5953);
#5953 = DEFINITIONAL_REPRESENTATION('',(#5954),#5958);
#5954 = LINE('',#5955,#5956);
#5955 = CARTESIAN_POINT('',(-102.1639795189,-49.74679676972));
#5956 = VECTOR('',#5957,1.);
#5957 = DIRECTION('',(0.866025403784,0.5));
#5958 = ( GEOMETRIC_REPRESENTATION_CONTEXT(2) 
PARAMETRIC_REPRESENTATION_CONTEXT() REPRESENTATION_CONTEXT('2D SPACE',''
  ) );
#5959 = PCURVE('',#5960,#5965);
#5960 = PLANE('',#5961);
#5961 = AXIS2_PLACEMENT_3D('',#5962,#5963,#5964);
#5962 = CARTESIAN_POINT('',(-90.03962386598,-42.74679676972,37.54));
#5963 = DIRECTION('',(0.5,-0.866025403784,0.));
#5964 = DIRECTION('',(0.,0.,1.));
#5965 = DEFINITIONAL_REPRESENTATION('',(#5966),#5970);
#5966 = LINE('',#5967,#5968);
#5967 = CARTESIAN_POINT('',(9.999999999998E-03,14.));
#5968 = VECTOR('',#5969,1.);
#5969 = DIRECTION('',(2.892923995595E-14,-1.));
#5970 = ( GEOMETRIC_REPRESENTATION_CONTEXT(2) 
PARAMETRIC_REPRESENTATION_CONTEXT() REPRESENTATION_CONTEXT('2D SPACE',''
  ) );
#5971 = ORIENTED_EDGE('',*,*,#5972,.T.);
#5972 = EDGE_CURVE('',#5945,#5973,#5975,.T.);
#5973 = VERTEX_POINT('',#5974);
#5974 = CARTESIAN_POINT('',(-88.53962386598,-45.34487298107,37.55));
#5975 = SURFACE_CURVE('',#5976,(#5980,#5987),.PCURVE_S1.);
#5976 = LINE('',#5977,#5978);
#5977 = CARTESIAN_POINT('',(-90.53962386598,-41.88077136594,37.55));
#5978 = VECTOR('',#5979,1.);
#5979 = DIRECTION('',(0.5,-0.866025403784,0.));
#5980 = PCURVE('',#5497,#5981);
#5981 = DEFINITIONAL_REPRESENTATION('',(#5982),#5986);
#5982 = LINE('',#5983,#5984);
#5983 = CARTESIAN_POINT('',(-90.53962386598,-41.88077136594));
#5984 = VECTOR('',#5985,1.);
#5985 = DIRECTION('',(0.5,-0.866025403784));
#5986 = ( GEOMETRIC_REPRESENTATION_CONTEXT(2) 
PARAMETRIC_REPRESENTATION_CONTEXT() REPRESENTATION_CONTEXT('2D SPACE',''
  ) );
#5987 = PCURVE('',#5988,#5993);
#5988 = CYLINDRICAL_SURFACE('',#5989,3.);
#5989 = AXIS2_PLACEMENT_3D('',#5990,#5991,#5992);
#5990 = CARTESIAN_POINT('',(-90.53962386598,-41.88077136594,40.55));
#5991 = DIRECTION('',(0.5,-0.866025403784,0.));
#5992 = DIRECTION('',(0.,0.,1.));
#5993 = DEFINITIONAL_REPRESENTATION('',(#5994),#5998);
#5994 = LINE('',#5995,#5996);
#5995 = CARTESIAN_POINT('',(3.14159265359,0.));
#5996 = VECTOR('',#5997,1.);
#5997 = DIRECTION('',(0.,1.));
#5998 = ( GEOMETRIC_REPRESENTATION_CONTEXT(2) 
PARAMETRIC_REPRESENTATION_CONTEXT() REPRESENTATION_CONTEXT('2D SPACE',''
  ) );
#5999 = ORIENTED_EDGE('',*,*,#6000,.F.);
#6000 = EDGE_CURVE('',#6001,#5973,#6003,.T.);
#6001 = VERTEX_POINT('',#6002);
#6002 = CARTESIAN_POINT('',(-66.3803667088,-32.55121989633,37.55));
#6003 = SURFACE_CURVE('',#6004,(#6008,#6015),.PCURVE_S1.);
#6004 = LINE('',#6005,#6006);
#6005 = CARTESIAN_POINT('',(-60.73154815046,-29.28987298107,37.55));
#6006 = VECTOR('',#6007,1.);
#6007 = DIRECTION('',(-0.866025403784,-0.5,0.));
#6008 = PCURVE('',#5497,#6009);
#6009 = DEFINITIONAL_REPRESENTATION('',(#6010),#6014);
#6010 = LINE('',#6011,#6012);
#6011 = CARTESIAN_POINT('',(-60.73154815046,-29.28987298107));
#6012 = VECTOR('',#6013,1.);
#6013 = DIRECTION('',(-0.866025403784,-0.5));
#6014 = ( GEOMETRIC_REPRESENTATION_CONTEXT(2) 
PARAMETRIC_REPRESENTATION_CONTEXT() REPRESENTATION_CONTEXT('2D SPACE',''
  ) );
#6015 = PCURVE('',#6016,#6021);
#6016 = CYLINDRICAL_SURFACE('',#6017,2.);
#6017 = AXIS2_PLACEMENT_3D('',#6018,#6019,#6020);
#6018 = CARTESIAN_POINT('',(-60.73154815046,-29.28987298107,39.55));
#6019 = DIRECTION('',(-0.866025403784,-0.5,0.));
#6020 = DIRECTION('',(0.,0.,1.));
#6021 = DEFINITIONAL_REPRESENTATION('',(#6022),#6026);
#6022 = LINE('',#6023,#6024);
#6023 = CARTESIAN_POINT('',(3.14159265359,0.));
#6024 = VECTOR('',#6025,1.);
#6025 = DIRECTION('',(0.,1.));
#6026 = ( GEOMETRIC_REPRESENTATION_CONTEXT(2) 
PARAMETRIC_REPRESENTATION_CONTEXT() REPRESENTATION_CONTEXT('2D SPACE',''
  ) );
#6027 = ORIENTED_EDGE('',*,*,#6028,.F.);
#6028 = EDGE_CURVE('',#6029,#6001,#6031,.T.);
#6029 = VERTEX_POINT('',#6030);
#6030 = CARTESIAN_POINT('',(-61.3803667088,-41.21147393418,37.55));
#6031 = SURFACE_CURVE('',#6032,(#6037,#6044),.PCURVE_S1.);
#6032 = CIRCLE('',#6033,9.2);
#6033 = AXIS2_PLACEMENT_3D('',#6034,#6035,#6036);
#6034 = CARTESIAN_POINT('',(-57.19231766592,-33.02,37.55));
#6035 = DIRECTION('',(0.,0.,1.));
#6036 = DIRECTION('',(-0.655644785115,-0.755069477433,0.));
#6037 = PCURVE('',#5497,#6038);
#6038 = DEFINITIONAL_REPRESENTATION('',(#6039),#6043);
#6039 = CIRCLE('',#6040,9.2);
#6040 = AXIS2_PLACEMENT_2D('',#6041,#6042);
#6041 = CARTESIAN_POINT('',(-57.19231766592,-33.02));
#6042 = DIRECTION('',(-0.655644785115,-0.755069477433));
#6043 = ( GEOMETRIC_REPRESENTATION_CONTEXT(2) 
PARAMETRIC_REPRESENTATION_CONTEXT() REPRESENTATION_CONTEXT('2D SPACE',''
  ) );
#6044 = PCURVE('',#6045,#6050);
#6045 = TOROIDAL_SURFACE('',#6046,9.2,2.);
#6046 = AXIS2_PLACEMENT_3D('',#6047,#6048,#6049);
#6047 = CARTESIAN_POINT('',(-57.19231766592,-33.02,39.55));
#6048 = DIRECTION('',(-0.,-0.,-1.));
#6049 = DIRECTION('',(1.,0.,-0.));
#6050 = DEFINITIONAL_REPRESENTATION('',(#6051),#6055);
#6051 = LINE('',#6052,#6053);
#6052 = CARTESIAN_POINT('',(-3.99735273473,1.570796326795));
#6053 = VECTOR('',#6054,1.);
#6054 = DIRECTION('',(-1.,0.));
#6055 = ( GEOMETRIC_REPRESENTATION_CONTEXT(2) 
PARAMETRIC_REPRESENTATION_CONTEXT() REPRESENTATION_CONTEXT('2D SPACE',''
  ) );
#6056 = ORIENTED_EDGE('',*,*,#6057,.T.);
#6057 = EDGE_CURVE('',#6029,#6058,#6060,.T.);
#6058 = VERTEX_POINT('',#6059);
#6059 = CARTESIAN_POINT('',(-83.53962386598,-54.00512701892,37.55));
#6060 = SURFACE_CURVE('',#6061,(#6065,#6072),.PCURVE_S1.);
#6061 = LINE('',#6062,#6063);
#6062 = CARTESIAN_POINT('',(-55.73154815046,-37.95012701892,37.55));
#6063 = VECTOR('',#6064,1.);
#6064 = DIRECTION('',(-0.866025403784,-0.5,0.));
#6065 = PCURVE('',#5497,#6066);
#6066 = DEFINITIONAL_REPRESENTATION('',(#6067),#6071);
#6067 = LINE('',#6068,#6069);
#6068 = CARTESIAN_POINT('',(-55.73154815046,-37.95012701892));
#6069 = VECTOR('',#6070,1.);
#6070 = DIRECTION('',(-0.866025403784,-0.5));
#6071 = ( GEOMETRIC_REPRESENTATION_CONTEXT(2) 
PARAMETRIC_REPRESENTATION_CONTEXT() REPRESENTATION_CONTEXT('2D SPACE',''
  ) );
#6072 = PCURVE('',#6073,#6078);
#6073 = CYLINDRICAL_SURFACE('',#6074,2.);
#6074 = AXIS2_PLACEMENT_3D('',#6075,#6076,#6077);
#6075 = CARTESIAN_POINT('',(-55.73154815046,-37.95012701892,39.55));
#6076 = DIRECTION('',(-0.866025403784,-0.5,0.));
#6077 = DIRECTION('',(0.,0.,1.));
#6078 = DEFINITIONAL_REPRESENTATION('',(#6079),#6083);
#6079 = LINE('',#6080,#6081);
#6080 = CARTESIAN_POINT('',(3.14159265359,0.));
#6081 = VECTOR('',#6082,1.);
#6082 = DIRECTION('',(0.,1.));
#6083 = ( GEOMETRIC_REPRESENTATION_CONTEXT(2) 
PARAMETRIC_REPRESENTATION_CONTEXT() REPRESENTATION_CONTEXT('2D SPACE',''
  ) );
#6084 = ORIENTED_EDGE('',*,*,#6085,.T.);
#6085 = EDGE_CURVE('',#6058,#6086,#6088,.T.);
#6086 = VERTEX_POINT('',#6087);
#6087 = CARTESIAN_POINT('',(-82.03962386598,-56.60320323027,37.55));
#6088 = SURFACE_CURVE('',#6089,(#6093,#6100),.PCURVE_S1.);
#6089 = LINE('',#6090,#6091);
#6090 = CARTESIAN_POINT('',(-90.53962386598,-41.88077136594,37.55));
#6091 = VECTOR('',#6092,1.);
#6092 = DIRECTION('',(0.5,-0.866025403784,0.));
#6093 = PCURVE('',#5497,#6094);
#6094 = DEFINITIONAL_REPRESENTATION('',(#6095),#6099);
#6095 = LINE('',#6096,#6097);
#6096 = CARTESIAN_POINT('',(-90.53962386598,-41.88077136594));
#6097 = VECTOR('',#6098,1.);
#6098 = DIRECTION('',(0.5,-0.866025403784));
#6099 = ( GEOMETRIC_REPRESENTATION_CONTEXT(2) 
PARAMETRIC_REPRESENTATION_CONTEXT() REPRESENTATION_CONTEXT('2D SPACE',''
  ) );
#6100 = PCURVE('',#6101,#6106);
#6101 = CYLINDRICAL_SURFACE('',#6102,3.);
#6102 = AXIS2_PLACEMENT_3D('',#6103,#6104,#6105);
#6103 = CARTESIAN_POINT('',(-90.53962386598,-41.88077136594,40.55));
#6104 = DIRECTION('',(0.5,-0.866025403784,0.));
#6105 = DIRECTION('',(0.,0.,1.));
#6106 = DEFINITIONAL_REPRESENTATION('',(#6107),#6111);
#6107 = LINE('',#6108,#6109);
#6108 = CARTESIAN_POINT('',(3.14159265359,0.));
#6109 = VECTOR('',#6110,1.);
#6110 = DIRECTION('',(0.,1.));
#6111 = ( GEOMETRIC_REPRESENTATION_CONTEXT(2) 
PARAMETRIC_REPRESENTATION_CONTEXT() REPRESENTATION_CONTEXT('2D SPACE',''
  ) );
#6112 = ORIENTED_EDGE('',*,*,#6113,.T.);
#6113 = EDGE_CURVE('',#6086,#6114,#6116,.T.);
#6114 = VERTEX_POINT('',#6115);
#6115 = CARTESIAN_POINT('',(-94.16397951896,-63.60320323027,37.55));
#6116 = SURFACE_CURVE('',#6117,(#6121,#6128),.PCURVE_S1.);
#6117 = LINE('',#6118,#6119);
#6118 = CARTESIAN_POINT('',(-82.03962386598,-56.60320323027,37.55));
#6119 = VECTOR('',#6120,1.);
#6120 = DIRECTION('',(-0.866025403784,-0.5,-2.892923995595E-14));
#6121 = PCURVE('',#5497,#6122);
#6122 = DEFINITIONAL_REPRESENTATION('',(#6123),#6127);
#6123 = LINE('',#6124,#6125);
#6124 = CARTESIAN_POINT('',(-82.03962386598,-56.60320323027));
#6125 = VECTOR('',#6126,1.);
#6126 = DIRECTION('',(-0.866025403784,-0.5));
#6127 = ( GEOMETRIC_REPRESENTATION_CONTEXT(2) 
PARAMETRIC_REPRESENTATION_CONTEXT() REPRESENTATION_CONTEXT('2D SPACE',''
  ) );
#6128 = PCURVE('',#6129,#6134);
#6129 = PLANE('',#6130);
#6130 = AXIS2_PLACEMENT_3D('',#6131,#6132,#6133);
#6131 = CARTESIAN_POINT('',(-94.16397951896,-63.60320323027,30.55));
#6132 = DIRECTION('',(-0.5,0.866025403784,0.));
#6133 = DIRECTION('',(0.866025403784,0.5,0.));
#6134 = DEFINITIONAL_REPRESENTATION('',(#6135),#6139);
#6135 = LINE('',#6136,#6137);
#6136 = CARTESIAN_POINT('',(14.,-7.));
#6137 = VECTOR('',#6138,1.);
#6138 = DIRECTION('',(-1.,2.892923995595E-14));
#6139 = ( GEOMETRIC_REPRESENTATION_CONTEXT(2) 
PARAMETRIC_REPRESENTATION_CONTEXT() REPRESENTATION_CONTEXT('2D SPACE',''
  ) );
#6140 = ORIENTED_EDGE('',*,*,#6141,.T.);
#6141 = EDGE_CURVE('',#6114,#6142,#6144,.T.);
#6142 = VERTEX_POINT('',#6143);
#6143 = CARTESIAN_POINT('',(-61.11401958073,-48.85257629527,37.55));
#6144 = SURFACE_CURVE('',#6145,(#6149,#6156),.PCURVE_S1.);
#6145 = LINE('',#6146,#6147);
#6146 = CARTESIAN_POINT('',(-94.16397951896,-63.60320323027,37.55));
#6147 = VECTOR('',#6148,1.);
#6148 = DIRECTION('',(0.913177161813,0.407562843182,0.));
#6149 = PCURVE('',#5497,#6150);
#6150 = DEFINITIONAL_REPRESENTATION('',(#6151),#6155);
#6151 = LINE('',#6152,#6153);
#6152 = CARTESIAN_POINT('',(-94.16397951896,-63.60320323027));
#6153 = VECTOR('',#6154,1.);
#6154 = DIRECTION('',(0.913177161813,0.407562843182));
#6155 = ( GEOMETRIC_REPRESENTATION_CONTEXT(2) 
PARAMETRIC_REPRESENTATION_CONTEXT() REPRESENTATION_CONTEXT('2D SPACE',''
  ) );
#6156 = PCURVE('',#6157,#6162);
#6157 = PLANE('',#6158);
#6158 = AXIS2_PLACEMENT_3D('',#6159,#6160,#6161);
#6159 = CARTESIAN_POINT('',(-94.16397951896,-63.60320323027,30.55));
#6160 = DIRECTION('',(-0.407562843182,0.913177161813,0.));
#6161 = DIRECTION('',(0.913177161813,0.407562843182,0.));
#6162 = DEFINITIONAL_REPRESENTATION('',(#6163),#6167);
#6163 = LINE('',#6164,#6165);
#6164 = CARTESIAN_POINT('',(0.,-7.));
#6165 = VECTOR('',#6166,1.);
#6166 = DIRECTION('',(1.,0.));
#6167 = ( GEOMETRIC_REPRESENTATION_CONTEXT(2) 
PARAMETRIC_REPRESENTATION_CONTEXT() REPRESENTATION_CONTEXT('2D SPACE',''
  ) );
#6168 = ORIENTED_EDGE('',*,*,#6169,.F.);
#6169 = EDGE_CURVE('',#6170,#6142,#6172,.T.);
#6170 = VERTEX_POINT('',#6171);
#6171 = CARTESIAN_POINT('',(61.114019580738,-48.85257629527,37.55));
#6172 = SURFACE_CURVE('',#6173,(#6178,#6189),.PCURVE_S1.);
#6173 = CIRCLE('',#6174,78.24);
#6174 = AXIS2_PLACEMENT_3D('',#6175,#6176,#6177);
#6175 = CARTESIAN_POINT('',(0.,0.,37.55));
#6176 = DIRECTION('',(0.,0.,-1.));
#6177 = DIRECTION('',(0.150186123743,0.988657740694,0.));
#6178 = PCURVE('',#5497,#6179);
#6179 = DEFINITIONAL_REPRESENTATION('',(#6180),#6188);
#6180 = ( BOUNDED_CURVE() B_SPLINE_CURVE(2,(#6181,#6182,#6183,#6184,
#6185,#6186,#6187),.UNSPECIFIED.,.T.,.F.) B_SPLINE_CURVE_WITH_KNOTS((1,2
    ,2,2,2,1),(-2.094395102393,0.,2.094395102393,4.188790204786,
6.28318530718,8.377580409573),.UNSPECIFIED.) CURVE() 
GEOMETRIC_REPRESENTATION_ITEM() RATIONAL_B_SPLINE_CURVE((1.,0.5,1.,0.5,
1.,0.5,1.)) REPRESENTATION_ITEM('') );
#6181 = CARTESIAN_POINT('',(11.750562321657,77.352581631933));
#6182 = CARTESIAN_POINT('',(145.72916380478,57.000010673318));
#6183 = CARTESIAN_POINT('',(61.114019580735,-48.85257629527));
#6184 = CARTESIAN_POINT('',(-23.50112464331,-154.7051632638));
#6185 = CARTESIAN_POINT('',(-72.86458190239,-28.50000533665));
#6186 = CARTESIAN_POINT('',(-122.2280391614,97.705152590548));
#6187 = CARTESIAN_POINT('',(11.750562321657,77.352581631933));
#6188 = ( GEOMETRIC_REPRESENTATION_CONTEXT(2) 
PARAMETRIC_REPRESENTATION_CONTEXT() REPRESENTATION_CONTEXT('2D SPACE',''
  ) );
#6189 = PCURVE('',#6190,#6195);
#6190 = CYLINDRICAL_SURFACE('',#6191,78.24);
#6191 = AXIS2_PLACEMENT_3D('',#6192,#6193,#6194);
#6192 = CARTESIAN_POINT('',(0.,0.,30.55));
#6193 = DIRECTION('',(0.,0.,1.));
#6194 = DIRECTION('',(1.,0.,-0.));
#6195 = DEFINITIONAL_REPRESENTATION('',(#6196),#6200);
#6196 = LINE('',#6197,#6198);
#6197 = CARTESIAN_POINT('',(7.703225104863,7.));
#6198 = VECTOR('',#6199,1.);
#6199 = DIRECTION('',(-1.,-0.));
#6200 = ( GEOMETRIC_REPRESENTATION_CONTEXT(2) 
PARAMETRIC_REPRESENTATION_CONTEXT() REPRESENTATION_CONTEXT('2D SPACE',''
  ) );
#6201 = ORIENTED_EDGE('',*,*,#6202,.T.);
#6202 = EDGE_CURVE('',#6170,#6203,#6205,.T.);
#6203 = VERTEX_POINT('',#6204);
#6204 = CARTESIAN_POINT('',(94.163979518966,-63.60320323027,37.55));
#6205 = SURFACE_CURVE('',#6206,(#6210,#6217),.PCURVE_S1.);
#6206 = LINE('',#6207,#6208);
#6207 = CARTESIAN_POINT('',(52.74757355425,-45.11852262806,37.55));
#6208 = VECTOR('',#6209,1.);
#6209 = DIRECTION('',(0.913177161813,-0.407562843182,-0.));
#6210 = PCURVE('',#5497,#6211);
#6211 = DEFINITIONAL_REPRESENTATION('',(#6212),#6216);
#6212 = LINE('',#6213,#6214);
#6213 = CARTESIAN_POINT('',(52.74757355425,-45.11852262806));
#6214 = VECTOR('',#6215,1.);
#6215 = DIRECTION('',(0.913177161813,-0.407562843182));
#6216 = ( GEOMETRIC_REPRESENTATION_CONTEXT(2) 
PARAMETRIC_REPRESENTATION_CONTEXT() REPRESENTATION_CONTEXT('2D SPACE',''
  ) );
#6217 = PCURVE('',#6218,#6223);
#6218 = PLANE('',#6219);
#6219 = AXIS2_PLACEMENT_3D('',#6220,#6221,#6222);
#6220 = CARTESIAN_POINT('',(52.74757355425,-45.11852262806,30.55));
#6221 = DIRECTION('',(0.407562843182,0.913177161813,-0.));
#6222 = DIRECTION('',(0.913177161813,-0.407562843182,0.));
#6223 = DEFINITIONAL_REPRESENTATION('',(#6224),#6228);
#6224 = LINE('',#6225,#6226);
#6225 = CARTESIAN_POINT('',(0.,-7.));
#6226 = VECTOR('',#6227,1.);
#6227 = DIRECTION('',(1.,0.));
#6228 = ( GEOMETRIC_REPRESENTATION_CONTEXT(2) 
PARAMETRIC_REPRESENTATION_CONTEXT() REPRESENTATION_CONTEXT('2D SPACE',''
  ) );
#6229 = ORIENTED_EDGE('',*,*,#6230,.T.);
#6230 = EDGE_CURVE('',#6203,#6231,#6233,.T.);
#6231 = VERTEX_POINT('',#6232);
#6232 = CARTESIAN_POINT('',(82.039623865984,-56.60320323027,37.55));
#6233 = SURFACE_CURVE('',#6234,(#6238,#6245),.PCURVE_S1.);
#6234 = LINE('',#6235,#6236);
#6235 = CARTESIAN_POINT('',(94.163979518966,-63.60320323027,37.55));
#6236 = VECTOR('',#6237,1.);
#6237 = DIRECTION('',(-0.866025403784,0.5,2.892923995595E-14));
#6238 = PCURVE('',#5497,#6239);
#6239 = DEFINITIONAL_REPRESENTATION('',(#6240),#6244);
#6240 = LINE('',#6241,#6242);
#6241 = CARTESIAN_POINT('',(94.163979518966,-63.60320323027));
#6242 = VECTOR('',#6243,1.);
#6243 = DIRECTION('',(-0.866025403784,0.5));
#6244 = ( GEOMETRIC_REPRESENTATION_CONTEXT(2) 
PARAMETRIC_REPRESENTATION_CONTEXT() REPRESENTATION_CONTEXT('2D SPACE',''
  ) );
#6245 = PCURVE('',#6246,#6251);
#6246 = PLANE('',#6247);
#6247 = AXIS2_PLACEMENT_3D('',#6248,#6249,#6250);
#6248 = CARTESIAN_POINT('',(82.039623865984,-56.60320323027,37.54));
#6249 = DIRECTION('',(0.5,0.866025403784,0.));
#6250 = DIRECTION('',(0.,0.,1.));
#6251 = DEFINITIONAL_REPRESENTATION('',(#6252),#6256);
#6252 = LINE('',#6253,#6254);
#6253 = CARTESIAN_POINT('',(9.999999999998E-03,14.));
#6254 = VECTOR('',#6255,1.);
#6255 = DIRECTION('',(2.892923995595E-14,-1.));
#6256 = ( GEOMETRIC_REPRESENTATION_CONTEXT(2) 
PARAMETRIC_REPRESENTATION_CONTEXT() REPRESENTATION_CONTEXT('2D SPACE',''
  ) );
#6257 = ORIENTED_EDGE('',*,*,#6258,.T.);
#6258 = EDGE_CURVE('',#6231,#5746,#6259,.T.);
#6259 = SURFACE_CURVE('',#6260,(#6264,#6271),.PCURVE_S1.);
#6260 = LINE('',#6261,#6262);
#6261 = CARTESIAN_POINT('',(81.539623865984,-57.46922863406,37.55));
#6262 = VECTOR('',#6263,1.);
#6263 = DIRECTION('',(0.5,0.866025403784,0.));
#6264 = PCURVE('',#5497,#6265);
#6265 = DEFINITIONAL_REPRESENTATION('',(#6266),#6270);
#6266 = LINE('',#6267,#6268);
#6267 = CARTESIAN_POINT('',(81.539623865984,-57.46922863406));
#6268 = VECTOR('',#6269,1.);
#6269 = DIRECTION('',(0.5,0.866025403784));
#6270 = ( GEOMETRIC_REPRESENTATION_CONTEXT(2) 
PARAMETRIC_REPRESENTATION_CONTEXT() REPRESENTATION_CONTEXT('2D SPACE',''
  ) );
#6271 = PCURVE('',#5846,#6272);
#6272 = DEFINITIONAL_REPRESENTATION('',(#6273),#6277);
#6273 = LINE('',#6274,#6275);
#6274 = CARTESIAN_POINT('',(3.14159265359,0.));
#6275 = VECTOR('',#6276,1.);
#6276 = DIRECTION('',(0.,1.));
#6277 = ( GEOMETRIC_REPRESENTATION_CONTEXT(2) 
PARAMETRIC_REPRESENTATION_CONTEXT() REPRESENTATION_CONTEXT('2D SPACE',''
  ) );
#6278 = ORIENTED_EDGE('',*,*,#5745,.F.);
#6279 = ORIENTED_EDGE('',*,*,#5480,.F.);
#6280 = ORIENTED_EDGE('',*,*,#6281,.T.);
#6281 = EDGE_CURVE('',#5381,#6282,#6284,.T.);
#6282 = VERTEX_POINT('',#6283);
#6283 = CARTESIAN_POINT('',(88.539623865984,-45.34487298107,37.55));
#6284 = SURFACE_CURVE('',#6285,(#6289,#6296),.PCURVE_S1.);
#6285 = LINE('',#6286,#6287);
#6286 = CARTESIAN_POINT('',(60.731548150466,-29.28987298107,37.55));
#6287 = VECTOR('',#6288,1.);
#6288 = DIRECTION('',(0.866025403784,-0.5,0.));
#6289 = PCURVE('',#5497,#6290);
#6290 = DEFINITIONAL_REPRESENTATION('',(#6291),#6295);
#6291 = LINE('',#6292,#6293);
#6292 = CARTESIAN_POINT('',(60.731548150466,-29.28987298107));
#6293 = VECTOR('',#6294,1.);
#6294 = DIRECTION('',(0.866025403784,-0.5));
#6295 = ( GEOMETRIC_REPRESENTATION_CONTEXT(2) 
PARAMETRIC_REPRESENTATION_CONTEXT() REPRESENTATION_CONTEXT('2D SPACE',''
  ) );
#6296 = PCURVE('',#5444,#6297);
#6297 = DEFINITIONAL_REPRESENTATION('',(#6298),#6302);
#6298 = LINE('',#6299,#6300);
#6299 = CARTESIAN_POINT('',(3.14159265359,0.));
#6300 = VECTOR('',#6301,1.);
#6301 = DIRECTION('',(0.,1.));
#6302 = ( GEOMETRIC_REPRESENTATION_CONTEXT(2) 
PARAMETRIC_REPRESENTATION_CONTEXT() REPRESENTATION_CONTEXT('2D SPACE',''
  ) );
#6303 = ORIENTED_EDGE('',*,*,#6304,.T.);
#6304 = EDGE_CURVE('',#6282,#6305,#6307,.T.);
#6305 = VERTEX_POINT('',#6306);
#6306 = CARTESIAN_POINT('',(90.039623865984,-42.74679676972,37.55));
#6307 = SURFACE_CURVE('',#6308,(#6312,#6319),.PCURVE_S1.);
#6308 = LINE('',#6309,#6310);
#6309 = CARTESIAN_POINT('',(81.539623865984,-57.46922863406,37.55));
#6310 = VECTOR('',#6311,1.);
#6311 = DIRECTION('',(0.5,0.866025403784,0.));
#6312 = PCURVE('',#5497,#6313);
#6313 = DEFINITIONAL_REPRESENTATION('',(#6314),#6318);
#6314 = LINE('',#6315,#6316);
#6315 = CARTESIAN_POINT('',(81.539623865984,-57.46922863406));
#6316 = VECTOR('',#6317,1.);
#6317 = DIRECTION('',(0.5,0.866025403784));
#6318 = ( GEOMETRIC_REPRESENTATION_CONTEXT(2) 
PARAMETRIC_REPRESENTATION_CONTEXT() REPRESENTATION_CONTEXT('2D SPACE',''
  ) );
#6319 = PCURVE('',#6320,#6325);
#6320 = CYLINDRICAL_SURFACE('',#6321,3.);
#6321 = AXIS2_PLACEMENT_3D('',#6322,#6323,#6324);
#6322 = CARTESIAN_POINT('',(81.539623865984,-57.46922863406,40.55));
#6323 = DIRECTION('',(0.5,0.866025403784,0.));
#6324 = DIRECTION('',(0.,0.,1.));
#6325 = DEFINITIONAL_REPRESENTATION('',(#6326),#6330);
#6326 = LINE('',#6327,#6328);
#6327 = CARTESIAN_POINT('',(3.14159265359,0.));
#6328 = VECTOR('',#6329,1.);
#6329 = DIRECTION('',(0.,1.));
#6330 = ( GEOMETRIC_REPRESENTATION_CONTEXT(2) 
PARAMETRIC_REPRESENTATION_CONTEXT() REPRESENTATION_CONTEXT('2D SPACE',''
  ) );
#6331 = ORIENTED_EDGE('',*,*,#6332,.T.);
#6332 = EDGE_CURVE('',#6305,#6333,#6335,.T.);
#6333 = VERTEX_POINT('',#6334);
#6334 = CARTESIAN_POINT('',(102.16397951896,-49.74679676972,37.55));
#6335 = SURFACE_CURVE('',#6336,(#6340,#6347),.PCURVE_S1.);
#6336 = LINE('',#6337,#6338);
#6337 = CARTESIAN_POINT('',(90.039623865984,-42.74679676972,37.55));
#6338 = VECTOR('',#6339,1.);
#6339 = DIRECTION('',(0.866025403784,-0.5,-2.892923995595E-14));
#6340 = PCURVE('',#5497,#6341);
#6341 = DEFINITIONAL_REPRESENTATION('',(#6342),#6346);
#6342 = LINE('',#6343,#6344);
#6343 = CARTESIAN_POINT('',(90.039623865984,-42.74679676972));
#6344 = VECTOR('',#6345,1.);
#6345 = DIRECTION('',(0.866025403784,-0.5));
#6346 = ( GEOMETRIC_REPRESENTATION_CONTEXT(2) 
PARAMETRIC_REPRESENTATION_CONTEXT() REPRESENTATION_CONTEXT('2D SPACE',''
  ) );
#6347 = PCURVE('',#6348,#6353);
#6348 = PLANE('',#6349);
#6349 = AXIS2_PLACEMENT_3D('',#6350,#6351,#6352);
#6350 = CARTESIAN_POINT('',(102.16397951896,-49.74679676972,30.55));
#6351 = DIRECTION('',(-0.5,-0.866025403784,0.));
#6352 = DIRECTION('',(-0.866025403784,0.5,0.));
#6353 = DEFINITIONAL_REPRESENTATION('',(#6354),#6358);
#6354 = LINE('',#6355,#6356);
#6355 = CARTESIAN_POINT('',(14.,-7.));
#6356 = VECTOR('',#6357,1.);
#6357 = DIRECTION('',(-1.,2.892923995595E-14));
#6358 = ( GEOMETRIC_REPRESENTATION_CONTEXT(2) 
PARAMETRIC_REPRESENTATION_CONTEXT() REPRESENTATION_CONTEXT('2D SPACE',''
  ) );
#6359 = ORIENTED_EDGE('',*,*,#6360,.T.);
#6360 = EDGE_CURVE('',#6333,#6361,#6363,.T.);
#6361 = VERTEX_POINT('',#6362);
#6362 = CARTESIAN_POINT('',(72.864581902392,-28.50000533665,37.55));
#6363 = SURFACE_CURVE('',#6364,(#6368,#6375),.PCURVE_S1.);
#6364 = LINE('',#6365,#6366);
#6365 = CARTESIAN_POINT('',(102.16397951896,-49.74679676972,37.55));
#6366 = VECTOR('',#6367,1.);
#6367 = DIRECTION('',(-0.809548356741,0.587053198695,0.));
#6368 = PCURVE('',#5497,#6369);
#6369 = DEFINITIONAL_REPRESENTATION('',(#6370),#6374);
#6370 = LINE('',#6371,#6372);
#6371 = CARTESIAN_POINT('',(102.16397951896,-49.74679676972));
#6372 = VECTOR('',#6373,1.);
#6373 = DIRECTION('',(-0.809548356741,0.587053198695));
#6374 = ( GEOMETRIC_REPRESENTATION_CONTEXT(2) 
PARAMETRIC_REPRESENTATION_CONTEXT() REPRESENTATION_CONTEXT('2D SPACE',''
  ) );
#6375 = PCURVE('',#6376,#6381);
#6376 = PLANE('',#6377);
#6377 = AXIS2_PLACEMENT_3D('',#6378,#6379,#6380);
#6378 = CARTESIAN_POINT('',(102.16397951896,-49.74679676972,30.55));
#6379 = DIRECTION('',(-0.587053198695,-0.809548356741,0.));
#6380 = DIRECTION('',(-0.809548356741,0.587053198695,0.));
#6381 = DEFINITIONAL_REPRESENTATION('',(#6382),#6386);
#6382 = LINE('',#6383,#6384);
#6383 = CARTESIAN_POINT('',(0.,-7.));
#6384 = VECTOR('',#6385,1.);
#6385 = DIRECTION('',(1.,0.));
#6386 = ( GEOMETRIC_REPRESENTATION_CONTEXT(2) 
PARAMETRIC_REPRESENTATION_CONTEXT() REPRESENTATION_CONTEXT('2D SPACE',''
  ) );
#6387 = ORIENTED_EDGE('',*,*,#6388,.F.);
#6388 = EDGE_CURVE('',#6389,#6361,#6391,.T.);
#6389 = VERTEX_POINT('',#6390);
#6390 = CARTESIAN_POINT('',(11.750562321657,77.352581631933,37.55));
#6391 = SURFACE_CURVE('',#6392,(#6397,#6408),.PCURVE_S1.);
#6392 = CIRCLE('',#6393,78.24);
#6393 = AXIS2_PLACEMENT_3D('',#6394,#6395,#6396);
#6394 = CARTESIAN_POINT('',(0.,0.,37.55));
#6395 = DIRECTION('',(0.,0.,-1.));
#6396 = DIRECTION('',(0.150186123743,0.988657740694,0.));
#6397 = PCURVE('',#5497,#6398);
#6398 = DEFINITIONAL_REPRESENTATION('',(#6399),#6407);
#6399 = ( BOUNDED_CURVE() B_SPLINE_CURVE(2,(#6400,#6401,#6402,#6403,
#6404,#6405,#6406),.UNSPECIFIED.,.T.,.F.) B_SPLINE_CURVE_WITH_KNOTS((1,2
    ,2,2,2,1),(-2.094395102393,0.,2.094395102393,4.188790204786,
6.28318530718,8.377580409573),.UNSPECIFIED.) CURVE() 
GEOMETRIC_REPRESENTATION_ITEM() RATIONAL_B_SPLINE_CURVE((1.,0.5,1.,0.5,
1.,0.5,1.)) REPRESENTATION_ITEM('') );
#6400 = CARTESIAN_POINT('',(11.750562321657,77.352581631933));
#6401 = CARTESIAN_POINT('',(145.72916380478,57.000010673318));
#6402 = CARTESIAN_POINT('',(61.114019580735,-48.85257629527));
#6403 = CARTESIAN_POINT('',(-23.50112464331,-154.7051632638));
#6404 = CARTESIAN_POINT('',(-72.86458190239,-28.50000533665));
#6405 = CARTESIAN_POINT('',(-122.2280391614,97.705152590548));
#6406 = CARTESIAN_POINT('',(11.750562321657,77.352581631933));
#6407 = ( GEOMETRIC_REPRESENTATION_CONTEXT(2) 
PARAMETRIC_REPRESENTATION_CONTEXT() REPRESENTATION_CONTEXT('2D SPACE',''
  ) );
#6408 = PCURVE('',#6409,#6414);
#6409 = CYLINDRICAL_SURFACE('',#6410,78.24);
#6410 = AXIS2_PLACEMENT_3D('',#6411,#6412,#6413);
#6411 = CARTESIAN_POINT('',(0.,0.,30.55));
#6412 = DIRECTION('',(0.,0.,1.));
#6413 = DIRECTION('',(1.,0.,-0.));
#6414 = DEFINITIONAL_REPRESENTATION('',(#6415),#6419);
#6415 = LINE('',#6416,#6417);
#6416 = CARTESIAN_POINT('',(7.703225104863,7.));
#6417 = VECTOR('',#6418,1.);
#6418 = DIRECTION('',(-1.,-0.));
#6419 = ( GEOMETRIC_REPRESENTATION_CONTEXT(2) 
PARAMETRIC_REPRESENTATION_CONTEXT() REPRESENTATION_CONTEXT('2D SPACE',''
  ) );
#6420 = ORIENTED_EDGE('',*,*,#6421,.T.);
#6421 = EDGE_CURVE('',#6389,#6422,#6424,.T.);
#6422 = VERTEX_POINT('',#6423);
#6423 = CARTESIAN_POINT('',(8.,113.35,37.55));
#6424 = SURFACE_CURVE('',#6425,(#6429,#6436),.PCURVE_S1.);
#6425 = LINE('',#6426,#6427);
#6426 = CARTESIAN_POINT('',(12.7,68.24,37.55));
#6427 = VECTOR('',#6428,1.);
#6428 = DIRECTION('',(-0.103628805073,0.994616041877,0.));
#6429 = PCURVE('',#5497,#6430);
#6430 = DEFINITIONAL_REPRESENTATION('',(#6431),#6435);
#6431 = LINE('',#6432,#6433);
#6432 = CARTESIAN_POINT('',(12.7,68.24));
#6433 = VECTOR('',#6434,1.);
#6434 = DIRECTION('',(-0.103628805073,0.994616041877));
#6435 = ( GEOMETRIC_REPRESENTATION_CONTEXT(2) 
PARAMETRIC_REPRESENTATION_CONTEXT() REPRESENTATION_CONTEXT('2D SPACE',''
  ) );
#6436 = PCURVE('',#6437,#6442);
#6437 = PLANE('',#6438);
#6438 = AXIS2_PLACEMENT_3D('',#6439,#6440,#6441);
#6439 = CARTESIAN_POINT('',(12.7,68.24,30.55));
#6440 = DIRECTION('',(-0.994616041877,-0.103628805073,0.));
#6441 = DIRECTION('',(-0.103628805073,0.994616041877,0.));
#6442 = DEFINITIONAL_REPRESENTATION('',(#6443),#6447);
#6443 = LINE('',#6444,#6445);
#6444 = CARTESIAN_POINT('',(0.,-7.));
#6445 = VECTOR('',#6446,1.);
#6446 = DIRECTION('',(1.,0.));
#6447 = ( GEOMETRIC_REPRESENTATION_CONTEXT(2) 
PARAMETRIC_REPRESENTATION_CONTEXT() REPRESENTATION_CONTEXT('2D SPACE',''
  ) );
#6448 = ORIENTED_EDGE('',*,*,#6449,.T.);
#6449 = EDGE_CURVE('',#6422,#6450,#6452,.T.);
#6450 = VERTEX_POINT('',#6451);
#6451 = CARTESIAN_POINT('',(8.,99.35,37.55));
#6452 = SURFACE_CURVE('',#6453,(#6457,#6464),.PCURVE_S1.);
#6453 = LINE('',#6454,#6455);
#6454 = CARTESIAN_POINT('',(8.,113.35,37.55));
#6455 = VECTOR('',#6456,1.);
#6456 = DIRECTION('',(2.537652627715E-16,-1.,2.892923995595E-14));
#6457 = PCURVE('',#5497,#6458);
#6458 = DEFINITIONAL_REPRESENTATION('',(#6459),#6463);
#6459 = LINE('',#6460,#6461);
#6460 = CARTESIAN_POINT('',(8.,113.35));
#6461 = VECTOR('',#6462,1.);
#6462 = DIRECTION('',(2.537652627715E-16,-1.));
#6463 = ( GEOMETRIC_REPRESENTATION_CONTEXT(2) 
PARAMETRIC_REPRESENTATION_CONTEXT() REPRESENTATION_CONTEXT('2D SPACE',''
  ) );
#6464 = PCURVE('',#6465,#6470);
#6465 = PLANE('',#6466);
#6466 = AXIS2_PLACEMENT_3D('',#6467,#6468,#6469);
#6467 = CARTESIAN_POINT('',(8.,99.35,37.54));
#6468 = DIRECTION('',(-1.,1.110223024625E-16,0.));
#6469 = DIRECTION('',(0.,0.,1.));
#6470 = DEFINITIONAL_REPRESENTATION('',(#6471),#6475);
#6471 = LINE('',#6472,#6473);
#6472 = CARTESIAN_POINT('',(9.999999999998E-03,14.));
#6473 = VECTOR('',#6474,1.);
#6474 = DIRECTION('',(2.892923995595E-14,-1.));
#6475 = ( GEOMETRIC_REPRESENTATION_CONTEXT(2) 
PARAMETRIC_REPRESENTATION_CONTEXT() REPRESENTATION_CONTEXT('2D SPACE',''
  ) );
#6476 = ORIENTED_EDGE('',*,*,#6477,.T.);
#6477 = EDGE_CURVE('',#6450,#6478,#6480,.T.);
#6478 = VERTEX_POINT('',#6479);
#6479 = CARTESIAN_POINT('',(5.,99.35,37.55));
#6480 = SURFACE_CURVE('',#6481,(#6485,#6492),.PCURVE_S1.);
#6481 = LINE('',#6482,#6483);
#6482 = CARTESIAN_POINT('',(9.,99.35,37.55));
#6483 = VECTOR('',#6484,1.);
#6484 = DIRECTION('',(-1.,1.110223024625E-16,0.));
#6485 = PCURVE('',#5497,#6486);
#6486 = DEFINITIONAL_REPRESENTATION('',(#6487),#6491);
#6487 = LINE('',#6488,#6489);
#6488 = CARTESIAN_POINT('',(9.,99.35));
#6489 = VECTOR('',#6490,1.);
#6490 = DIRECTION('',(-1.,1.110223024625E-16));
#6491 = ( GEOMETRIC_REPRESENTATION_CONTEXT(2) 
PARAMETRIC_REPRESENTATION_CONTEXT() REPRESENTATION_CONTEXT('2D SPACE',''
  ) );
#6492 = PCURVE('',#6493,#6498);
#6493 = CYLINDRICAL_SURFACE('',#6494,3.);
#6494 = AXIS2_PLACEMENT_3D('',#6495,#6496,#6497);
#6495 = CARTESIAN_POINT('',(9.,99.35,40.55));
#6496 = DIRECTION('',(-1.,1.110223024625E-16,0.));
#6497 = DIRECTION('',(0.,0.,1.));
#6498 = DEFINITIONAL_REPRESENTATION('',(#6499),#6503);
#6499 = LINE('',#6500,#6501);
#6500 = CARTESIAN_POINT('',(3.14159265359,0.));
#6501 = VECTOR('',#6502,1.);
#6502 = DIRECTION('',(0.,1.));
#6503 = ( GEOMETRIC_REPRESENTATION_CONTEXT(2) 
PARAMETRIC_REPRESENTATION_CONTEXT() REPRESENTATION_CONTEXT('2D SPACE',''
  ) );
#6504 = ORIENTED_EDGE('',*,*,#6505,.F.);
#6505 = EDGE_CURVE('',#6506,#6478,#6508,.T.);
#6506 = VERTEX_POINT('',#6507);
#6507 = CARTESIAN_POINT('',(5.,73.762693830523,37.55));
#6508 = SURFACE_CURVE('',#6509,(#6513,#6520),.PCURVE_S1.);
#6509 = LINE('',#6510,#6511);
#6510 = CARTESIAN_POINT('',(5.,67.24,37.55));
#6511 = VECTOR('',#6512,1.);
#6512 = DIRECTION('',(1.110223024625E-16,1.,0.));
#6513 = PCURVE('',#5497,#6514);
#6514 = DEFINITIONAL_REPRESENTATION('',(#6515),#6519);
#6515 = LINE('',#6516,#6517);
#6516 = CARTESIAN_POINT('',(5.,67.24));
#6517 = VECTOR('',#6518,1.);
#6518 = DIRECTION('',(1.110223024625E-16,1.));
#6519 = ( GEOMETRIC_REPRESENTATION_CONTEXT(2) 
PARAMETRIC_REPRESENTATION_CONTEXT() REPRESENTATION_CONTEXT('2D SPACE',''
  ) );
#6520 = PCURVE('',#6521,#6526);
#6521 = CYLINDRICAL_SURFACE('',#6522,2.);
#6522 = AXIS2_PLACEMENT_3D('',#6523,#6524,#6525);
#6523 = CARTESIAN_POINT('',(5.,67.24,39.55));
#6524 = DIRECTION('',(1.110223024625E-16,1.,0.));
#6525 = DIRECTION('',(0.,0.,1.));
#6526 = DEFINITIONAL_REPRESENTATION('',(#6527),#6531);
#6527 = LINE('',#6528,#6529);
#6528 = CARTESIAN_POINT('',(3.14159265359,0.));
#6529 = VECTOR('',#6530,1.);
#6530 = DIRECTION('',(0.,1.));
#6531 = ( GEOMETRIC_REPRESENTATION_CONTEXT(2) 
PARAMETRIC_REPRESENTATION_CONTEXT() REPRESENTATION_CONTEXT('2D SPACE',''
  ) );
#6532 = ORIENTED_EDGE('',*,*,#6533,.F.);
#6533 = EDGE_CURVE('',#6534,#6506,#6536,.T.);
#6534 = VERTEX_POINT('',#6535);
#6535 = CARTESIAN_POINT('',(-5.,73.762693830523,37.55));
#6536 = SURFACE_CURVE('',#6537,(#6542,#6549),.PCURVE_S1.);
#6537 = CIRCLE('',#6538,9.2);
#6538 = AXIS2_PLACEMENT_3D('',#6539,#6540,#6541);
#6539 = CARTESIAN_POINT('',(4.043783730785E-15,66.04,37.55));
#6540 = DIRECTION('',(0.,0.,1.));
#6541 = DIRECTION('',(-0.326086956522,0.945339778485,0.));
#6542 = PCURVE('',#5497,#6543);
#6543 = DEFINITIONAL_REPRESENTATION('',(#6544),#6548);
#6544 = CIRCLE('',#6545,9.2);
#6545 = AXIS2_PLACEMENT_2D('',#6546,#6547);
#6546 = CARTESIAN_POINT('',(4.043783730785E-15,66.04));
#6547 = DIRECTION('',(-0.326086956522,0.945339778485));
#6548 = ( GEOMETRIC_REPRESENTATION_CONTEXT(2) 
PARAMETRIC_REPRESENTATION_CONTEXT() REPRESENTATION_CONTEXT('2D SPACE',''
  ) );
#6549 = PCURVE('',#6550,#6555);
#6550 = TOROIDAL_SURFACE('',#6551,9.2,2.);
#6551 = AXIS2_PLACEMENT_3D('',#6552,#6553,#6554);
#6552 = CARTESIAN_POINT('',(4.043783730785E-15,66.04,39.55));
#6553 = DIRECTION('',(-0.,-0.,-1.));
#6554 = DIRECTION('',(1.,0.,-0.));
#6555 = DEFINITIONAL_REPRESENTATION('',(#6556),#6560);
#6556 = LINE('',#6557,#6558);
#6557 = CARTESIAN_POINT('',(-1.902957632337,1.570796326795));
#6558 = VECTOR('',#6559,1.);
#6559 = DIRECTION('',(-1.,0.));
#6560 = ( GEOMETRIC_REPRESENTATION_CONTEXT(2) 
PARAMETRIC_REPRESENTATION_CONTEXT() REPRESENTATION_CONTEXT('2D SPACE',''
  ) );
#6561 = ORIENTED_EDGE('',*,*,#6562,.T.);
#6562 = EDGE_CURVE('',#6534,#6563,#6565,.T.);
#6563 = VERTEX_POINT('',#6564);
#6564 = CARTESIAN_POINT('',(-5.,99.35,37.55));
#6565 = SURFACE_CURVE('',#6566,(#6570,#6577),.PCURVE_S1.);
#6566 = LINE('',#6567,#6568);
#6567 = CARTESIAN_POINT('',(-5.,67.24,37.55));
#6568 = VECTOR('',#6569,1.);
#6569 = DIRECTION('',(1.110223024625E-16,1.,0.));
#6570 = PCURVE('',#5497,#6571);
#6571 = DEFINITIONAL_REPRESENTATION('',(#6572),#6576);
#6572 = LINE('',#6573,#6574);
#6573 = CARTESIAN_POINT('',(-5.,67.24));
#6574 = VECTOR('',#6575,1.);
#6575 = DIRECTION('',(1.110223024625E-16,1.));
#6576 = ( GEOMETRIC_REPRESENTATION_CONTEXT(2) 
PARAMETRIC_REPRESENTATION_CONTEXT() REPRESENTATION_CONTEXT('2D SPACE',''
  ) );
#6577 = PCURVE('',#6578,#6583);
#6578 = CYLINDRICAL_SURFACE('',#6579,2.);
#6579 = AXIS2_PLACEMENT_3D('',#6580,#6581,#6582);
#6580 = CARTESIAN_POINT('',(-5.,67.24,39.55));
#6581 = DIRECTION('',(1.110223024625E-16,1.,0.));
#6582 = DIRECTION('',(0.,0.,1.));
#6583 = DEFINITIONAL_REPRESENTATION('',(#6584),#6588);
#6584 = LINE('',#6585,#6586);
#6585 = CARTESIAN_POINT('',(3.14159265359,0.));
#6586 = VECTOR('',#6587,1.);
#6587 = DIRECTION('',(0.,1.));
#6588 = ( GEOMETRIC_REPRESENTATION_CONTEXT(2) 
PARAMETRIC_REPRESENTATION_CONTEXT() REPRESENTATION_CONTEXT('2D SPACE',''
  ) );
#6589 = ORIENTED_EDGE('',*,*,#6590,.T.);
#6590 = EDGE_CURVE('',#6563,#6591,#6593,.T.);
#6591 = VERTEX_POINT('',#6592);
#6592 = CARTESIAN_POINT('',(-8.,99.35,37.55));
#6593 = SURFACE_CURVE('',#6594,(#6598,#6605),.PCURVE_S1.);
#6594 = LINE('',#6595,#6596);
#6595 = CARTESIAN_POINT('',(9.,99.35,37.55));
#6596 = VECTOR('',#6597,1.);
#6597 = DIRECTION('',(-1.,1.110223024625E-16,0.));
#6598 = PCURVE('',#5497,#6599);
#6599 = DEFINITIONAL_REPRESENTATION('',(#6600),#6604);
#6600 = LINE('',#6601,#6602);
#6601 = CARTESIAN_POINT('',(9.,99.35));
#6602 = VECTOR('',#6603,1.);
#6603 = DIRECTION('',(-1.,1.110223024625E-16));
#6604 = ( GEOMETRIC_REPRESENTATION_CONTEXT(2) 
PARAMETRIC_REPRESENTATION_CONTEXT() REPRESENTATION_CONTEXT('2D SPACE',''
  ) );
#6605 = PCURVE('',#6606,#6611);
#6606 = CYLINDRICAL_SURFACE('',#6607,3.);
#6607 = AXIS2_PLACEMENT_3D('',#6608,#6609,#6610);
#6608 = CARTESIAN_POINT('',(9.,99.35,40.55));
#6609 = DIRECTION('',(-1.,1.110223024625E-16,0.));
#6610 = DIRECTION('',(0.,0.,1.));
#6611 = DEFINITIONAL_REPRESENTATION('',(#6612),#6616);
#6612 = LINE('',#6613,#6614);
#6613 = CARTESIAN_POINT('',(3.14159265359,0.));
#6614 = VECTOR('',#6615,1.);
#6615 = DIRECTION('',(0.,1.));
#6616 = ( GEOMETRIC_REPRESENTATION_CONTEXT(2) 
PARAMETRIC_REPRESENTATION_CONTEXT() REPRESENTATION_CONTEXT('2D SPACE',''
  ) );
#6617 = ORIENTED_EDGE('',*,*,#6618,.T.);
#6618 = EDGE_CURVE('',#6591,#6619,#6621,.T.);
#6619 = VERTEX_POINT('',#6620);
#6620 = CARTESIAN_POINT('',(-8.,113.35,37.55));
#6621 = SURFACE_CURVE('',#6622,(#6626,#6633),.PCURVE_S1.);
#6622 = LINE('',#6623,#6624);
#6623 = CARTESIAN_POINT('',(-8.,99.35,37.55));
#6624 = VECTOR('',#6625,1.);
#6625 = DIRECTION('',(-2.537652627715E-16,1.,-2.892923995595E-14));
#6626 = PCURVE('',#5497,#6627);
#6627 = DEFINITIONAL_REPRESENTATION('',(#6628),#6632);
#6628 = LINE('',#6629,#6630);
#6629 = CARTESIAN_POINT('',(-8.,99.35));
#6630 = VECTOR('',#6631,1.);
#6631 = DIRECTION('',(-2.537652627715E-16,1.));
#6632 = ( GEOMETRIC_REPRESENTATION_CONTEXT(2) 
PARAMETRIC_REPRESENTATION_CONTEXT() REPRESENTATION_CONTEXT('2D SPACE',''
  ) );
#6633 = PCURVE('',#6634,#6639);
#6634 = PLANE('',#6635);
#6635 = AXIS2_PLACEMENT_3D('',#6636,#6637,#6638);
#6636 = CARTESIAN_POINT('',(-8.,113.35,30.55));
#6637 = DIRECTION('',(1.,-8.074349270001E-17,0.));
#6638 = DIRECTION('',(-8.074349270001E-17,-1.,0.));
#6639 = DEFINITIONAL_REPRESENTATION('',(#6640),#6644);
#6640 = LINE('',#6641,#6642);
#6641 = CARTESIAN_POINT('',(14.,-7.));
#6642 = VECTOR('',#6643,1.);
#6643 = DIRECTION('',(-1.,2.892923995595E-14));
#6644 = ( GEOMETRIC_REPRESENTATION_CONTEXT(2) 
PARAMETRIC_REPRESENTATION_CONTEXT() REPRESENTATION_CONTEXT('2D SPACE',''
  ) );
#6645 = ORIENTED_EDGE('',*,*,#6646,.T.);
#6646 = EDGE_CURVE('',#6619,#5884,#6647,.T.);
#6647 = SURFACE_CURVE('',#6648,(#6652,#6659),.PCURVE_S1.);
#6648 = LINE('',#6649,#6650);
#6649 = CARTESIAN_POINT('',(-8.,113.35,37.55));
#6650 = VECTOR('',#6651,1.);
#6651 = DIRECTION('',(-0.103628805073,-0.994616041877,0.));
#6652 = PCURVE('',#5497,#6653);
#6653 = DEFINITIONAL_REPRESENTATION('',(#6654),#6658);
#6654 = LINE('',#6655,#6656);
#6655 = CARTESIAN_POINT('',(-8.,113.35));
#6656 = VECTOR('',#6657,1.);
#6657 = DIRECTION('',(-0.103628805073,-0.994616041877));
#6658 = ( GEOMETRIC_REPRESENTATION_CONTEXT(2) 
PARAMETRIC_REPRESENTATION_CONTEXT() REPRESENTATION_CONTEXT('2D SPACE',''
  ) );
#6659 = PCURVE('',#6660,#6665);
#6660 = PLANE('',#6661);
#6661 = AXIS2_PLACEMENT_3D('',#6662,#6663,#6664);
#6662 = CARTESIAN_POINT('',(-8.,113.35,30.55));
#6663 = DIRECTION('',(0.994616041877,-0.103628805073,0.));
#6664 = DIRECTION('',(-0.103628805073,-0.994616041877,0.));
#6665 = DEFINITIONAL_REPRESENTATION('',(#6666),#6670);
#6666 = LINE('',#6667,#6668);
#6667 = CARTESIAN_POINT('',(0.,-7.));
#6668 = VECTOR('',#6669,1.);
#6669 = DIRECTION('',(1.,0.));
#6670 = ( GEOMETRIC_REPRESENTATION_CONTEXT(2) 
PARAMETRIC_REPRESENTATION_CONTEXT() REPRESENTATION_CONTEXT('2D SPACE',''
  ) );
#6671 = FACE_BOUND('',#6672,.T.);
#6672 = EDGE_LOOP('',(#6673));
#6673 = ORIENTED_EDGE('',*,*,#6674,.F.);
#6674 = EDGE_CURVE('',#6675,#6675,#6677,.T.);
#6675 = VERTEX_POINT('',#6676);
#6676 = CARTESIAN_POINT('',(23.700635978195,-57.60759156162,37.55));
#6677 = SURFACE_CURVE('',#6678,(#6683,#6690),.PCURVE_S1.);
#6678 = CIRCLE('',#6679,16.);
#6679 = AXIS2_PLACEMENT_3D('',#6680,#6681,#6682);
#6680 = CARTESIAN_POINT('',(7.700635978195,-57.60759156162,37.55));
#6681 = DIRECTION('',(0.,0.,1.));
#6682 = DIRECTION('',(1.,0.,-0.));
#6683 = PCURVE('',#5497,#6684);
#6684 = DEFINITIONAL_REPRESENTATION('',(#6685),#6689);
#6685 = CIRCLE('',#6686,16.);
#6686 = AXIS2_PLACEMENT_2D('',#6687,#6688);
#6687 = CARTESIAN_POINT('',(7.700635978195,-57.60759156162));
#6688 = DIRECTION('',(1.,0.));
#6689 = ( GEOMETRIC_REPRESENTATION_CONTEXT(2) 
PARAMETRIC_REPRESENTATION_CONTEXT() REPRESENTATION_CONTEXT('2D SPACE',''
  ) );
#6690 = PCURVE('',#6691,#6696);
#6691 = CYLINDRICAL_SURFACE('',#6692,16.);
#6692 = AXIS2_PLACEMENT_3D('',#6693,#6694,#6695);
#6693 = CARTESIAN_POINT('',(7.700635978195,-57.60759156162,29.55));
#6694 = DIRECTION('',(0.,0.,1.));
#6695 = DIRECTION('',(1.,0.,-0.));
#6696 = DEFINITIONAL_REPRESENTATION('',(#6697),#6701);
#6697 = LINE('',#6698,#6699);
#6698 = CARTESIAN_POINT('',(0.,8.));
#6699 = VECTOR('',#6700,1.);
#6700 = DIRECTION('',(1.,0.));
#6701 = ( GEOMETRIC_REPRESENTATION_CONTEXT(2) 
PARAMETRIC_REPRESENTATION_CONTEXT() REPRESENTATION_CONTEXT('2D SPACE',''
  ) );
#6702 = FACE_BOUND('',#6703,.T.);
#6703 = EDGE_LOOP('',(#6704));
#6704 = ORIENTED_EDGE('',*,*,#6705,.F.);
#6705 = EDGE_CURVE('',#6706,#6706,#6708,.T.);
#6706 = VERTEX_POINT('',#6707);
#6707 = CARTESIAN_POINT('',(-37.7399557323,22.134849398401,37.55));
#6708 = SURFACE_CURVE('',#6709,(#6714,#6721),.PCURVE_S1.);
#6709 = CIRCLE('',#6710,16.);
#6710 = AXIS2_PLACEMENT_3D('',#6711,#6712,#6713);
#6711 = CARTESIAN_POINT('',(-53.7399557323,22.134849398401,37.55));
#6712 = DIRECTION('',(0.,0.,1.));
#6713 = DIRECTION('',(1.,0.,-0.));
#6714 = PCURVE('',#5497,#6715);
#6715 = DEFINITIONAL_REPRESENTATION('',(#6716),#6720);
#6716 = CIRCLE('',#6717,16.);
#6717 = AXIS2_PLACEMENT_2D('',#6718,#6719);
#6718 = CARTESIAN_POINT('',(-53.7399557323,22.134849398401));
#6719 = DIRECTION('',(1.,0.));
#6720 = ( GEOMETRIC_REPRESENTATION_CONTEXT(2) 
PARAMETRIC_REPRESENTATION_CONTEXT() REPRESENTATION_CONTEXT('2D SPACE',''
  ) );
#6721 = PCURVE('',#6722,#6727);
#6722 = CYLINDRICAL_SURFACE('',#6723,16.);
#6723 = AXIS2_PLACEMENT_3D('',#6724,#6725,#6726);
#6724 = CARTESIAN_POINT('',(-53.7399557323,22.134849398401,29.55));
#6725 = DIRECTION('',(0.,0.,1.));
#6726 = DIRECTION('',(1.,0.,-0.));
#6727 = DEFINITIONAL_REPRESENTATION('',(#6728),#6732);
#6728 = LINE('',#6729,#6730);
#6729 = CARTESIAN_POINT('',(0.,8.));
#6730 = VECTOR('',#6731,1.);
#6731 = DIRECTION('',(1.,0.));
#6732 = ( GEOMETRIC_REPRESENTATION_CONTEXT(2) 
PARAMETRIC_REPRESENTATION_CONTEXT() REPRESENTATION_CONTEXT('2D SPACE',''
  ) );
#6733 = FACE_BOUND('',#6734,.T.);
#6734 = EDGE_LOOP('',(#6735));
#6735 = ORIENTED_EDGE('',*,*,#6736,.F.);
#6736 = EDGE_CURVE('',#6737,#6737,#6739,.T.);
#6737 = VERTEX_POINT('',#6738);
#6738 = CARTESIAN_POINT('',(38.,-9.30731567352E-15,37.55));
#6739 = SURFACE_CURVE('',#6740,(#6745,#6752),.PCURVE_S1.);
#6740 = CIRCLE('',#6741,38.);
#6741 = AXIS2_PLACEMENT_3D('',#6742,#6743,#6744);
#6742 = CARTESIAN_POINT('',(0.,0.,37.55));
#6743 = DIRECTION('',(0.,0.,1.));
#6744 = DIRECTION('',(1.,0.,-0.));
#6745 = PCURVE('',#5497,#6746);
#6746 = DEFINITIONAL_REPRESENTATION('',(#6747),#6751);
#6747 = CIRCLE('',#6748,38.);
#6748 = AXIS2_PLACEMENT_2D('',#6749,#6750);
#6749 = CARTESIAN_POINT('',(0.,0.));
#6750 = DIRECTION('',(1.,0.));
#6751 = ( GEOMETRIC_REPRESENTATION_CONTEXT(2) 
PARAMETRIC_REPRESENTATION_CONTEXT() REPRESENTATION_CONTEXT('2D SPACE',''
  ) );
#6752 = PCURVE('',#6753,#6758);
#6753 = CYLINDRICAL_SURFACE('',#6754,38.);
#6754 = AXIS2_PLACEMENT_3D('',#6755,#6756,#6757);
#6755 = CARTESIAN_POINT('',(0.,0.,29.55));
#6756 = DIRECTION('',(0.,0.,1.));
#6757 = DIRECTION('',(1.,0.,-0.));
#6758 = DEFINITIONAL_REPRESENTATION('',(#6759),#6763);
#6759 = LINE('',#6760,#6761);
#6760 = CARTESIAN_POINT('',(0.,8.));
#6761 = VECTOR('',#6762,1.);
#6762 = DIRECTION('',(1.,0.));
#6763 = ( GEOMETRIC_REPRESENTATION_CONTEXT(2) 
PARAMETRIC_REPRESENTATION_CONTEXT() REPRESENTATION_CONTEXT('2D SPACE',''
  ) );
#6764 = FACE_BOUND('',#6765,.T.);
#6765 = EDGE_LOOP('',(#6766));
#6766 = ORIENTED_EDGE('',*,*,#6767,.F.);
#6767 = EDGE_CURVE('',#6768,#6768,#6770,.T.);
#6768 = VERTEX_POINT('',#6769);
#6769 = CARTESIAN_POINT('',(62.03931975411,35.472742163227,37.55));
#6770 = SURFACE_CURVE('',#6771,(#6776,#6783),.PCURVE_S1.);
#6771 = CIRCLE('',#6772,16.);
#6772 = AXIS2_PLACEMENT_3D('',#6773,#6774,#6775);
#6773 = CARTESIAN_POINT('',(46.03931975411,35.472742163227,37.55));
#6774 = DIRECTION('',(0.,0.,1.));
#6775 = DIRECTION('',(1.,0.,-0.));
#6776 = PCURVE('',#5497,#6777);
#6777 = DEFINITIONAL_REPRESENTATION('',(#6778),#6782);
#6778 = CIRCLE('',#6779,16.);
#6779 = AXIS2_PLACEMENT_2D('',#6780,#6781);
#6780 = CARTESIAN_POINT('',(46.03931975411,35.472742163227));
#6781 = DIRECTION('',(1.,0.));
#6782 = ( GEOMETRIC_REPRESENTATION_CONTEXT(2) 
PARAMETRIC_REPRESENTATION_CONTEXT() REPRESENTATION_CONTEXT('2D SPACE',''
  ) );
#6783 = PCURVE('',#6784,#6789);
#6784 = CYLINDRICAL_SURFACE('',#6785,16.);
#6785 = AXIS2_PLACEMENT_3D('',#6786,#6787,#6788);
#6786 = CARTESIAN_POINT('',(46.03931975411,35.472742163227,29.55));
#6787 = DIRECTION('',(0.,0.,1.));
#6788 = DIRECTION('',(1.,0.,-0.));
#6789 = DEFINITIONAL_REPRESENTATION('',(#6790),#6794);
#6790 = LINE('',#6791,#6792);
#6791 = CARTESIAN_POINT('',(0.,8.));
#6792 = VECTOR('',#6793,1.);
#6793 = DIRECTION('',(1.,0.));
#6794 = ( GEOMETRIC_REPRESENTATION_CONTEXT(2) 
PARAMETRIC_REPRESENTATION_CONTEXT() REPRESENTATION_CONTEXT('2D SPACE',''
  ) );
#6795 = ADVANCED_FACE('',(#6796),#5444,.F.);
#6796 = FACE_BOUND('',#6797,.F.);
#6797 = EDGE_LOOP('',(#6798,#6821,#6822,#6823));
#6798 = ORIENTED_EDGE('',*,*,#6799,.F.);
#6799 = EDGE_CURVE('',#5358,#6800,#6802,.T.);
#6800 = VERTEX_POINT('',#6801);
#6801 = CARTESIAN_POINT('',(89.989113608767,-48.49113735102,39.55));
#6802 = SURFACE_CURVE('',#6803,(#6807,#6814),.PCURVE_S1.);
#6803 = LINE('',#6804,#6805);
#6804 = CARTESIAN_POINT('',(59.731548150466,-31.02192378864,39.55));
#6805 = VECTOR('',#6806,1.);
#6806 = DIRECTION('',(0.866025403784,-0.5,0.));
#6807 = PCURVE('',#5444,#6808);
#6808 = DEFINITIONAL_REPRESENTATION('',(#6809),#6813);
#6809 = LINE('',#6810,#6811);
#6810 = CARTESIAN_POINT('',(1.570796326795,0.));
#6811 = VECTOR('',#6812,1.);
#6812 = DIRECTION('',(0.,1.));
#6813 = ( GEOMETRIC_REPRESENTATION_CONTEXT(2) 
PARAMETRIC_REPRESENTATION_CONTEXT() REPRESENTATION_CONTEXT('2D SPACE',''
  ) );
#6814 = PCURVE('',#5625,#6815);
#6815 = DEFINITIONAL_REPRESENTATION('',(#6816),#6820);
#6816 = LINE('',#6817,#6818);
#6817 = CARTESIAN_POINT('',(35.11,-2.01));
#6818 = VECTOR('',#6819,1.);
#6819 = DIRECTION('',(-1.,-0.));
#6820 = ( GEOMETRIC_REPRESENTATION_CONTEXT(2) 
PARAMETRIC_REPRESENTATION_CONTEXT() REPRESENTATION_CONTEXT('2D SPACE',''
  ) );
#6821 = ORIENTED_EDGE('',*,*,#5380,.T.);
#6822 = ORIENTED_EDGE('',*,*,#6281,.T.);
#6823 = ORIENTED_EDGE('',*,*,#6824,.F.);
#6824 = EDGE_CURVE('',#6800,#6282,#6825,.T.);
#6825 = SURFACE_CURVE('',#6826,(#6850,#6877),.PCURVE_S1.);
#6826 = B_SPLINE_CURVE_WITH_KNOTS('',8,(#6827,#6828,#6829,#6830,#6831,
    #6832,#6833,#6834,#6835,#6836,#6837,#6838,#6839,#6840,#6841,#6842,
    #6843,#6844,#6845,#6846,#6847,#6848,#6849),.UNSPECIFIED.,.F.,.F.,(9,
    7,7,9),(0.,0.182451692033,0.330328230833,1.),.UNSPECIFIED.);
#6827 = CARTESIAN_POINT('',(89.989113608767,-48.49113735102,39.55));
#6828 = CARTESIAN_POINT('',(89.956707286877,-48.47242755235,
    39.444161395904));
#6829 = CARTESIAN_POINT('',(89.923978101747,-48.44614011335,
    39.341218112312));
#6830 = CARTESIAN_POINT('',(89.890918359529,-48.41297805616,
    39.241527590609));
#6831 = CARTESIAN_POINT('',(89.857566234224,-48.37365180642,
    39.145388168588));
#6832 = CARTESIAN_POINT('',(89.823995149498,-48.32888180932,
    39.053046437214));
#6833 = CARTESIAN_POINT('',(89.79030622135,-48.27940053994,
    38.964702765825));
#6834 = CARTESIAN_POINT('',(89.756623761622,-48.22595390806,
    38.880514995764));
#6835 = CARTESIAN_POINT('',(89.695917945253,-48.12338590535,
    38.735829687726));
#6836 = CARTESIAN_POINT('',(89.668747337434,-48.07520425282,
    38.6736401536));
#6837 = CARTESIAN_POINT('',(89.641594092416,-48.02502221242,
    38.613968840555));
#6838 = CARTESIAN_POINT('',(89.614469509502,-47.97307291134,
    38.556745237638));
#6839 = CARTESIAN_POINT('',(89.587382763501,-47.91955807072,
    38.501892516273));
#6840 = CARTESIAN_POINT('',(89.56033955445,-47.86464858524,
    38.449328864088));
#6841 = CARTESIAN_POINT('',(89.533340757338,-47.80848510259,
    38.398968818733));
#6842 = CARTESIAN_POINT('',(89.3842917909,-47.49166113516,
    38.132246468354));
#6843 = CARTESIAN_POINT('',(89.261446826916,-47.20538613754,
    37.954371540339));
#6844 = CARTESIAN_POINT('',(89.139039472618,-46.90502163198,
    37.813808219227));
#6845 = CARTESIAN_POINT('',(89.017931696889,-46.59803545649,
    37.706345529717));
#6846 = CARTESIAN_POINT('',(88.898206022559,-46.28834671233,
    37.628179294076));
#6847 = CARTESIAN_POINT('',(88.779366239129,-45.97704377731,
    37.576483231353));
#6848 = CARTESIAN_POINT('',(88.660324402382,-45.66314722496,
    37.55000010766));
#6849 = CARTESIAN_POINT('',(88.539623865984,-45.34487298107,37.55));
#6850 = PCURVE('',#5444,#6851);
#6851 = DEFINITIONAL_REPRESENTATION('',(#6852),#6876);
#6852 = B_SPLINE_CURVE_WITH_KNOTS('',8,(#6853,#6854,#6855,#6856,#6857,
    #6858,#6859,#6860,#6861,#6862,#6863,#6864,#6865,#6866,#6867,#6868,
    #6869,#6870,#6871,#6872,#6873,#6874,#6875),.UNSPECIFIED.,.F.,.F.,(9,
    7,7,9),(0.,0.182451692033,0.330328230833,1.),.UNSPECIFIED.);
#6853 = CARTESIAN_POINT('',(1.570796326795,34.938427124746));
#6854 = CARTESIAN_POINT('',(1.623715628843,34.901007527412));
#6855 = CARTESIAN_POINT('',(1.675187328317,34.859519502146));
#6856 = CARTESIAN_POINT('',(1.725258256519,34.814307896947));
#6857 = CARTESIAN_POINT('',(1.773953676629,34.765760984293));
#6858 = CARTESIAN_POINT('',(1.821280360118,34.714302573536));
#6859 = CARTESIAN_POINT('',(1.867228463475,34.660386471246));
#6860 = CARTESIAN_POINT('',(1.911772205252,34.60449328952));
#6861 = CARTESIAN_POINT('',(1.989799442211,34.500636509031));
#6862 = CARTESIAN_POINT('',(2.023901194398,34.453015246158));
#6863 = CARTESIAN_POINT('',(2.057226459941,34.404408825979));
#6864 = CARTESIAN_POINT('',(2.08982348285,34.354943597567));
#6865 = CARTESIAN_POINT('',(2.121738269158,34.304728367117));
#6866 = CARTESIAN_POINT('',(2.153015964886,34.253853518335));
#6867 = CARTESIAN_POINT('',(2.183702234001,34.202390132841));
#6868 = CARTESIAN_POINT('',(2.350347127567,33.914897957782));
#6869 = CARTESIAN_POINT('',(2.477437693041,33.665373599437));
#6870 = CARTESIAN_POINT('',(2.597194057662,33.409183468223));
#6871 = CARTESIAN_POINT('',(2.711143276174,33.150807970101));
#6872 = CARTESIAN_POINT('',(2.820805512678,32.892278122568));
#6873 = CARTESIAN_POINT('',(2.927788982682,32.633708383625));
#6874 = CARTESIAN_POINT('',(3.033951216085,32.373666852715));
#6875 = CARTESIAN_POINT('',(3.14159265359,32.11));
#6876 = ( GEOMETRIC_REPRESENTATION_CONTEXT(2) 
PARAMETRIC_REPRESENTATION_CONTEXT() REPRESENTATION_CONTEXT('2D SPACE',''
  ) );
#6877 = PCURVE('',#6320,#6878);
#6878 = DEFINITIONAL_REPRESENTATION('',(#6879),#6903);
#6879 = B_SPLINE_CURVE_WITH_KNOTS('',8,(#6880,#6881,#6882,#6883,#6884,
    #6885,#6886,#6887,#6888,#6889,#6890,#6891,#6892,#6893,#6894,#6895,
    #6896,#6897,#6898,#6899,#6900,#6901,#6902),.UNSPECIFIED.,.F.,.F.,(9,
    7,7,9),(0.,0.182451692033,0.330328230833,1.),.UNSPECIFIED.);
#6880 = CARTESIAN_POINT('',(1.910633236249,12.));
#6881 = CARTESIAN_POINT('',(1.948052833583,12.));
#6882 = CARTESIAN_POINT('',(1.985014555149,12.006400997408));
#6883 = CARTESIAN_POINT('',(2.02144765107,12.018590310269));
#6884 = CARTESIAN_POINT('',(2.057286743167,12.035971778924));
#6885 = CARTESIAN_POINT('',(2.092467685376,12.05795819138));
#6886 = CARTESIAN_POINT('',(2.126924312467,12.083965763599));
#6887 = CARTESIAN_POINT('',(2.160586077081,12.113410674688));
#6888 = CARTESIAN_POINT('',(2.219953173482,12.171884262467));
#6889 = CARTESIAN_POINT('',(2.246050122956,12.200025493647));
#6890 = CARTESIAN_POINT('',(2.271685261132,12.229907792934));
#6891 = CARTESIAN_POINT('',(2.296877386738,12.261334915923));
#6892 = CARTESIAN_POINT('',(2.321646754781,12.294136754376));
#6893 = CARTESIAN_POINT('',(2.346015571737,12.32816815919));
#6894 = CARTESIAN_POINT('',(2.370008490733,12.363307763372));
#6895 = CARTESIAN_POINT('',(2.500729807073,12.563160884476));
#6896 = CARTESIAN_POINT('',(2.602030600538,12.749659822888));
#6897 = CARTESIAN_POINT('',(2.698371910282,12.948579437955));
#6898 = CARTESIAN_POINT('',(2.790637307859,13.153883376668));
#6899 = CARTESIAN_POINT('',(2.879798982556,13.362218859216));
#6900 = CARTESIAN_POINT('',(2.967023151829,13.572395217501));
#6901 = CARTESIAN_POINT('',(3.05370370698,13.784716687622));
#6902 = CARTESIAN_POINT('',(3.14159265359,14.));
#6903 = ( GEOMETRIC_REPRESENTATION_CONTEXT(2) 
PARAMETRIC_REPRESENTATION_CONTEXT() REPRESENTATION_CONTEXT('2D SPACE',''
  ) );
#6904 = ADVANCED_FACE('',(#6905),#5625,.F.);
#6905 = FACE_BOUND('',#6906,.F.);
#6906 = EDGE_LOOP('',(#6907,#6908,#6909,#6937,#6965));
#6907 = ORIENTED_EDGE('',*,*,#5610,.F.);
#6908 = ORIENTED_EDGE('',*,*,#6799,.T.);
#6909 = ORIENTED_EDGE('',*,*,#6910,.F.);
#6910 = EDGE_CURVE('',#6911,#6800,#6913,.T.);
#6911 = VERTEX_POINT('',#6912);
#6912 = CARTESIAN_POINT('',(90.137700077337,-48.57692378864,40.55));
#6913 = SURFACE_CURVE('',#6914,(#6919,#6930),.PCURVE_S1.);
#6914 = CIRCLE('',#6915,3.);
#6915 = AXIS2_PLACEMENT_3D('',#6916,#6917,#6918);
#6916 = CARTESIAN_POINT('',(87.539623865984,-47.07692378864,40.55));
#6917 = DIRECTION('',(0.5,0.866025403784,0.));
#6918 = DIRECTION('',(0.,-0.,1.));
#6919 = PCURVE('',#5625,#6920);
#6920 = DEFINITIONAL_REPRESENTATION('',(#6921),#6929);
#6921 = ( BOUNDED_CURVE() B_SPLINE_CURVE(2,(#6922,#6923,#6924,#6925,
#6926,#6927,#6928),.UNSPECIFIED.,.T.,.F.) B_SPLINE_CURVE_WITH_KNOTS((1,2
    ,2,2,2,1),(-2.094395102393,0.,2.094395102393,4.188790204786,
6.28318530718,8.377580409573),.UNSPECIFIED.) CURVE() 
GEOMETRIC_REPRESENTATION_ITEM() RATIONAL_B_SPLINE_CURVE((1.,0.5,1.,0.5,
1.,0.5,1.)) REPRESENTATION_ITEM('') );
#6922 = CARTESIAN_POINT('',(3.,-6.01));
#6923 = CARTESIAN_POINT('',(-2.196152422707,-6.01));
#6924 = CARTESIAN_POINT('',(0.401923788647,-1.51));
#6925 = CARTESIAN_POINT('',(3.,2.99));
#6926 = CARTESIAN_POINT('',(5.598076211353,-1.51));
#6927 = CARTESIAN_POINT('',(8.196152422707,-6.01));
#6928 = CARTESIAN_POINT('',(3.,-6.01));
#6929 = ( GEOMETRIC_REPRESENTATION_CONTEXT(2) 
PARAMETRIC_REPRESENTATION_CONTEXT() REPRESENTATION_CONTEXT('2D SPACE',''
  ) );
#6930 = PCURVE('',#6320,#6931);
#6931 = DEFINITIONAL_REPRESENTATION('',(#6932),#6936);
#6932 = LINE('',#6933,#6934);
#6933 = CARTESIAN_POINT('',(0.,12.));
#6934 = VECTOR('',#6935,1.);
#6935 = DIRECTION('',(1.,0.));
#6936 = ( GEOMETRIC_REPRESENTATION_CONTEXT(2) 
PARAMETRIC_REPRESENTATION_CONTEXT() REPRESENTATION_CONTEXT('2D SPACE',''
  ) );
#6937 = ORIENTED_EDGE('',*,*,#6938,.T.);
#6938 = EDGE_CURVE('',#6911,#6939,#6941,.T.);
#6939 = VERTEX_POINT('',#6940);
#6940 = CARTESIAN_POINT('',(90.137700077337,-48.57692378864,41.55));
#6941 = SURFACE_CURVE('',#6942,(#6946,#6953),.PCURVE_S1.);
#6942 = LINE('',#6943,#6944);
#6943 = CARTESIAN_POINT('',(90.137700077337,-48.57692378864,37.54));
#6944 = VECTOR('',#6945,1.);
#6945 = DIRECTION('',(0.,0.,1.));
#6946 = PCURVE('',#5625,#6947);
#6947 = DEFINITIONAL_REPRESENTATION('',(#6948),#6952);
#6948 = LINE('',#6949,#6950);
#6949 = CARTESIAN_POINT('',(0.,0.));
#6950 = VECTOR('',#6951,1.);
#6951 = DIRECTION('',(0.,-1.));
#6952 = ( GEOMETRIC_REPRESENTATION_CONTEXT(2) 
PARAMETRIC_REPRESENTATION_CONTEXT() REPRESENTATION_CONTEXT('2D SPACE',''
  ) );
#6953 = PCURVE('',#6954,#6959);
#6954 = PLANE('',#6955);
#6955 = AXIS2_PLACEMENT_3D('',#6956,#6957,#6958);
#6956 = CARTESIAN_POINT('',(92.637700077337,-44.24679676972,30.55));
#6957 = DIRECTION('',(0.866025403784,-0.5,0.));
#6958 = DIRECTION('',(-0.5,-0.866025403784,0.));
#6959 = DEFINITIONAL_REPRESENTATION('',(#6960),#6964);
#6960 = LINE('',#6961,#6962);
#6961 = CARTESIAN_POINT('',(5.,-6.99));
#6962 = VECTOR('',#6963,1.);
#6963 = DIRECTION('',(0.,-1.));
#6964 = ( GEOMETRIC_REPRESENTATION_CONTEXT(2) 
PARAMETRIC_REPRESENTATION_CONTEXT() REPRESENTATION_CONTEXT('2D SPACE',''
  ) );
#6965 = ORIENTED_EDGE('',*,*,#6966,.T.);
#6966 = EDGE_CURVE('',#6939,#5611,#6967,.T.);
#6967 = SURFACE_CURVE('',#6968,(#6972,#6979),.PCURVE_S1.);
#6968 = LINE('',#6969,#6970);
#6969 = CARTESIAN_POINT('',(90.137700077337,-48.57692378864,41.55));
#6970 = VECTOR('',#6971,1.);
#6971 = DIRECTION('',(-0.866025403784,0.5,0.));
#6972 = PCURVE('',#5625,#6973);
#6973 = DEFINITIONAL_REPRESENTATION('',(#6974),#6978);
#6974 = LINE('',#6975,#6976);
#6975 = CARTESIAN_POINT('',(0.,-4.01));
#6976 = VECTOR('',#6977,1.);
#6977 = DIRECTION('',(1.,0.));
#6978 = ( GEOMETRIC_REPRESENTATION_CONTEXT(2) 
PARAMETRIC_REPRESENTATION_CONTEXT() REPRESENTATION_CONTEXT('2D SPACE',''
  ) );
#6979 = PCURVE('',#5730,#6980);
#6980 = DEFINITIONAL_REPRESENTATION('',(#6981),#6985);
#6981 = LINE('',#6982,#6983);
#6982 = CARTESIAN_POINT('',(16.270063261544,-5.929423788647));
#6983 = VECTOR('',#6984,1.);
#6984 = DIRECTION('',(-0.866025403784,0.5));
#6985 = ( GEOMETRIC_REPRESENTATION_CONTEXT(2) 
PARAMETRIC_REPRESENTATION_CONTEXT() REPRESENTATION_CONTEXT('2D SPACE',''
  ) );
#6986 = ADVANCED_FACE('',(#6987),#5730,.T.);
#6987 = FACE_BOUND('',#6988,.T.);
#6988 = EDGE_LOOP('',(#6989,#6990,#7013,#7034));
#6989 = ORIENTED_EDGE('',*,*,#5715,.F.);
#6990 = ORIENTED_EDGE('',*,*,#6991,.T.);
#6991 = EDGE_CURVE('',#5690,#6992,#6994,.T.);
#6992 = VERTEX_POINT('',#6993);
#6993 = CARTESIAN_POINT('',(87.137700077337,-53.77307621135,41.55));
#6994 = SURFACE_CURVE('',#6995,(#6999,#7006),.PCURVE_S1.);
#6995 = LINE('',#6996,#6997);
#6996 = CARTESIAN_POINT('',(57.59757355425,-36.71807621135,41.55));
#6997 = VECTOR('',#6998,1.);
#6998 = DIRECTION('',(0.866025403784,-0.5,-0.));
#6999 = PCURVE('',#5730,#7000);
#7000 = DEFINITIONAL_REPRESENTATION('',(#7001),#7005);
#7001 = LINE('',#7002,#7003);
#7002 = CARTESIAN_POINT('',(-16.27006326154,5.929423788647));
#7003 = VECTOR('',#7004,1.);
#7004 = DIRECTION('',(0.866025403784,-0.5));
#7005 = ( GEOMETRIC_REPRESENTATION_CONTEXT(2) 
PARAMETRIC_REPRESENTATION_CONTEXT() REPRESENTATION_CONTEXT('2D SPACE',''
  ) );
#7006 = PCURVE('',#5704,#7007);
#7007 = DEFINITIONAL_REPRESENTATION('',(#7008),#7012);
#7008 = LINE('',#7009,#7010);
#7009 = CARTESIAN_POINT('',(0.,-4.01));
#7010 = VECTOR('',#7011,1.);
#7011 = DIRECTION('',(1.,0.));
#7012 = ( GEOMETRIC_REPRESENTATION_CONTEXT(2) 
PARAMETRIC_REPRESENTATION_CONTEXT() REPRESENTATION_CONTEXT('2D SPACE',''
  ) );
#7013 = ORIENTED_EDGE('',*,*,#7014,.T.);
#7014 = EDGE_CURVE('',#6992,#6939,#7015,.T.);
#7015 = SURFACE_CURVE('',#7016,(#7020,#7027),.PCURVE_S1.);
#7016 = LINE('',#7017,#7018);
#7017 = CARTESIAN_POINT('',(87.137700077337,-53.77307621135,41.55));
#7018 = VECTOR('',#7019,1.);
#7019 = DIRECTION('',(0.5,0.866025403784,0.));
#7020 = PCURVE('',#5730,#7021);
#7021 = DEFINITIONAL_REPRESENTATION('',(#7022),#7026);
#7022 = LINE('',#7023,#7024);
#7023 = CARTESIAN_POINT('',(13.270063261544,-11.12557621135));
#7024 = VECTOR('',#7025,1.);
#7025 = DIRECTION('',(0.5,0.866025403784));
#7026 = ( GEOMETRIC_REPRESENTATION_CONTEXT(2) 
PARAMETRIC_REPRESENTATION_CONTEXT() REPRESENTATION_CONTEXT('2D SPACE',''
  ) );
#7027 = PCURVE('',#6954,#7028);
#7028 = DEFINITIONAL_REPRESENTATION('',(#7029),#7033);
#7029 = LINE('',#7030,#7031);
#7030 = CARTESIAN_POINT('',(11.,-11.));
#7031 = VECTOR('',#7032,1.);
#7032 = DIRECTION('',(-1.,0.));
#7033 = ( GEOMETRIC_REPRESENTATION_CONTEXT(2) 
PARAMETRIC_REPRESENTATION_CONTEXT() REPRESENTATION_CONTEXT('2D SPACE',''
  ) );
#7034 = ORIENTED_EDGE('',*,*,#6966,.T.);
#7035 = ADVANCED_FACE('',(#7036),#5704,.F.);
#7036 = FACE_BOUND('',#7037,.F.);
#7037 = EDGE_LOOP('',(#7038,#7062,#7063,#7064,#7065));
#7038 = ORIENTED_EDGE('',*,*,#7039,.T.);
#7039 = EDGE_CURVE('',#7040,#5770,#7042,.T.);
#7040 = VERTEX_POINT('',#7041);
#7041 = CARTESIAN_POINT('',(87.137700077337,-53.77307621135,40.55));
#7042 = SURFACE_CURVE('',#7043,(#7048,#7055),.PCURVE_S1.);
#7043 = CIRCLE('',#7044,3.);
#7044 = AXIS2_PLACEMENT_3D('',#7045,#7046,#7047);
#7045 = CARTESIAN_POINT('',(84.539623865984,-52.27307621135,40.55));
#7046 = DIRECTION('',(0.5,0.866025403784,0.));
#7047 = DIRECTION('',(0.,-0.,1.));
#7048 = PCURVE('',#5704,#7049);
#7049 = DEFINITIONAL_REPRESENTATION('',(#7050),#7054);
#7050 = CIRCLE('',#7051,3.);
#7051 = AXIS2_PLACEMENT_2D('',#7052,#7053);
#7052 = CARTESIAN_POINT('',(31.11,-3.01));
#7053 = DIRECTION('',(0.,-1.));
#7054 = ( GEOMETRIC_REPRESENTATION_CONTEXT(2) 
PARAMETRIC_REPRESENTATION_CONTEXT() REPRESENTATION_CONTEXT('2D SPACE',''
  ) );
#7055 = PCURVE('',#5846,#7056);
#7056 = DEFINITIONAL_REPRESENTATION('',(#7057),#7061);
#7057 = LINE('',#7058,#7059);
#7058 = CARTESIAN_POINT('',(0.,6.));
#7059 = VECTOR('',#7060,1.);
#7060 = DIRECTION('',(1.,0.));
#7061 = ( GEOMETRIC_REPRESENTATION_CONTEXT(2) 
PARAMETRIC_REPRESENTATION_CONTEXT() REPRESENTATION_CONTEXT('2D SPACE',''
  ) );
#7062 = ORIENTED_EDGE('',*,*,#5769,.F.);
#7063 = ORIENTED_EDGE('',*,*,#5689,.T.);
#7064 = ORIENTED_EDGE('',*,*,#6991,.T.);
#7065 = ORIENTED_EDGE('',*,*,#7066,.F.);
#7066 = EDGE_CURVE('',#7040,#6992,#7067,.T.);
#7067 = SURFACE_CURVE('',#7068,(#7072,#7079),.PCURVE_S1.);
#7068 = LINE('',#7069,#7070);
#7069 = CARTESIAN_POINT('',(87.137700077337,-53.77307621135,37.54));
#7070 = VECTOR('',#7071,1.);
#7071 = DIRECTION('',(0.,0.,1.));
#7072 = PCURVE('',#5704,#7073);
#7073 = DEFINITIONAL_REPRESENTATION('',(#7074),#7078);
#7074 = LINE('',#7075,#7076);
#7075 = CARTESIAN_POINT('',(34.11,0.));
#7076 = VECTOR('',#7077,1.);
#7077 = DIRECTION('',(0.,-1.));
#7078 = ( GEOMETRIC_REPRESENTATION_CONTEXT(2) 
PARAMETRIC_REPRESENTATION_CONTEXT() REPRESENTATION_CONTEXT('2D SPACE',''
  ) );
#7079 = PCURVE('',#6954,#7080);
#7080 = DEFINITIONAL_REPRESENTATION('',(#7081),#7085);
#7081 = LINE('',#7082,#7083);
#7082 = CARTESIAN_POINT('',(11.,-6.99));
#7083 = VECTOR('',#7084,1.);
#7084 = DIRECTION('',(0.,-1.));
#7085 = ( GEOMETRIC_REPRESENTATION_CONTEXT(2) 
PARAMETRIC_REPRESENTATION_CONTEXT() REPRESENTATION_CONTEXT('2D SPACE',''
  ) );
#7086 = ADVANCED_FACE('',(#7087),#5675,.T.);
#7087 = FACE_BOUND('',#7088,.T.);
#7088 = EDGE_LOOP('',(#7089));
#7089 = ORIENTED_EDGE('',*,*,#5660,.T.);
#7090 = ADVANCED_FACE('',(#7091),#5846,.F.);
#7091 = FACE_BOUND('',#7092,.F.);
#7092 = EDGE_LOOP('',(#7093,#7116,#7138,#7139,#7140));
#7093 = ORIENTED_EDGE('',*,*,#7094,.F.);
#7094 = EDGE_CURVE('',#7095,#7040,#7097,.T.);
#7095 = VERTEX_POINT('',#7096);
#7096 = CARTESIAN_POINT('',(84.637700077337,-58.10320323027,40.55));
#7097 = SURFACE_CURVE('',#7098,(#7102,#7109),.PCURVE_S1.);
#7098 = LINE('',#7099,#7100);
#7099 = CARTESIAN_POINT('',(84.137700077337,-58.96922863406,40.55));
#7100 = VECTOR('',#7101,1.);
#7101 = DIRECTION('',(0.5,0.866025403784,0.));
#7102 = PCURVE('',#5846,#7103);
#7103 = DEFINITIONAL_REPRESENTATION('',(#7104),#7108);
#7104 = LINE('',#7105,#7106);
#7105 = CARTESIAN_POINT('',(1.570796326795,0.));
#7106 = VECTOR('',#7107,1.);
#7107 = DIRECTION('',(0.,1.));
#7108 = ( GEOMETRIC_REPRESENTATION_CONTEXT(2) 
PARAMETRIC_REPRESENTATION_CONTEXT() REPRESENTATION_CONTEXT('2D SPACE',''
  ) );
#7109 = PCURVE('',#6954,#7110);
#7110 = DEFINITIONAL_REPRESENTATION('',(#7111),#7115);
#7111 = LINE('',#7112,#7113);
#7112 = CARTESIAN_POINT('',(17.,-10.));
#7113 = VECTOR('',#7114,1.);
#7114 = DIRECTION('',(-1.,0.));
#7115 = ( GEOMETRIC_REPRESENTATION_CONTEXT(2) 
PARAMETRIC_REPRESENTATION_CONTEXT() REPRESENTATION_CONTEXT('2D SPACE',''
  ) );
#7116 = ORIENTED_EDGE('',*,*,#7117,.T.);
#7117 = EDGE_CURVE('',#7095,#6231,#7118,.T.);
#7118 = SURFACE_CURVE('',#7119,(#7124,#7131),.PCURVE_S1.);
#7119 = CIRCLE('',#7120,3.);
#7120 = AXIS2_PLACEMENT_3D('',#7121,#7122,#7123);
#7121 = CARTESIAN_POINT('',(82.039623865984,-56.60320323027,40.55));
#7122 = DIRECTION('',(0.5,0.866025403784,-0.));
#7123 = DIRECTION('',(0.,0.,1.));
#7124 = PCURVE('',#5846,#7125);
#7125 = DEFINITIONAL_REPRESENTATION('',(#7126),#7130);
#7126 = LINE('',#7127,#7128);
#7127 = CARTESIAN_POINT('',(0.,1.));
#7128 = VECTOR('',#7129,1.);
#7129 = DIRECTION('',(1.,0.));
#7130 = ( GEOMETRIC_REPRESENTATION_CONTEXT(2) 
PARAMETRIC_REPRESENTATION_CONTEXT() REPRESENTATION_CONTEXT('2D SPACE',''
  ) );
#7131 = PCURVE('',#6246,#7132);
#7132 = DEFINITIONAL_REPRESENTATION('',(#7133),#7137);
#7133 = CIRCLE('',#7134,3.);
#7134 = AXIS2_PLACEMENT_2D('',#7135,#7136);
#7135 = CARTESIAN_POINT('',(3.01,0.));
#7136 = DIRECTION('',(1.,0.));
#7137 = ( GEOMETRIC_REPRESENTATION_CONTEXT(2) 
PARAMETRIC_REPRESENTATION_CONTEXT() REPRESENTATION_CONTEXT('2D SPACE',''
  ) );
#7138 = ORIENTED_EDGE('',*,*,#6258,.T.);
#7139 = ORIENTED_EDGE('',*,*,#5792,.F.);
#7140 = ORIENTED_EDGE('',*,*,#7039,.F.);
#7141 = ADVANCED_FACE('',(#7142),#5904,.T.);
#7142 = FACE_BOUND('',#7143,.T.);
#7143 = EDGE_LOOP('',(#7144,#7165,#7194,#7213));
#7144 = ORIENTED_EDGE('',*,*,#7145,.F.);
#7145 = EDGE_CURVE('',#7146,#5884,#7148,.T.);
#7146 = VERTEX_POINT('',#7147);
#7147 = CARTESIAN_POINT('',(-11.75056232165,77.352581631933,30.55));
#7148 = SURFACE_CURVE('',#7149,(#7153,#7159),.PCURVE_S1.);
#7149 = LINE('',#7150,#7151);
#7150 = CARTESIAN_POINT('',(-11.75056232165,77.352581631933,30.55));
#7151 = VECTOR('',#7152,1.);
#7152 = DIRECTION('',(0.,0.,1.));
#7153 = PCURVE('',#5904,#7154);
#7154 = DEFINITIONAL_REPRESENTATION('',(#7155),#7158);
#7155 = B_SPLINE_CURVE_WITH_KNOTS('',1,(#7156,#7157),.UNSPECIFIED.,.F.,
  .F.,(2,2),(0.,7.),.PIECEWISE_BEZIER_KNOTS.);
#7156 = CARTESIAN_POINT('',(1.721552855907,0.));
#7157 = CARTESIAN_POINT('',(1.721552855907,7.));
#7158 = ( GEOMETRIC_REPRESENTATION_CONTEXT(2) 
PARAMETRIC_REPRESENTATION_CONTEXT() REPRESENTATION_CONTEXT('2D SPACE',''
  ) );
#7159 = PCURVE('',#6660,#7160);
#7160 = DEFINITIONAL_REPRESENTATION('',(#7161),#7164);
#7161 = B_SPLINE_CURVE_WITH_KNOTS('',1,(#7162,#7163),.UNSPECIFIED.,.F.,
  .F.,(2,2),(-5.999999999062E-07,7.0000006),.PIECEWISE_BEZIER_KNOTS.);
#7162 = CARTESIAN_POINT('',(36.192276066783,5.999999999062E-07));
#7163 = CARTESIAN_POINT('',(36.192276066783,-7.0000006));
#7164 = ( GEOMETRIC_REPRESENTATION_CONTEXT(2) 
PARAMETRIC_REPRESENTATION_CONTEXT() REPRESENTATION_CONTEXT('2D SPACE',''
  ) );
#7165 = ORIENTED_EDGE('',*,*,#7166,.T.);
#7166 = EDGE_CURVE('',#7146,#7167,#7169,.T.);
#7167 = VERTEX_POINT('',#7168);
#7168 = CARTESIAN_POINT('',(-72.86458190239,-28.50000533665,30.55));
#7169 = SURFACE_CURVE('',#7170,(#7175,#7182),.PCURVE_S1.);
#7170 = CIRCLE('',#7171,78.24);
#7171 = AXIS2_PLACEMENT_3D('',#7172,#7173,#7174);
#7172 = CARTESIAN_POINT('',(0.,0.,30.55));
#7173 = DIRECTION('',(0.,0.,1.));
#7174 = DIRECTION('',(-0.150186123743,0.988657740694,0.));
#7175 = PCURVE('',#5904,#7176);
#7176 = DEFINITIONAL_REPRESENTATION('',(#7177),#7181);
#7177 = LINE('',#7178,#7179);
#7178 = CARTESIAN_POINT('',(1.721552855907,0.));
#7179 = VECTOR('',#7180,1.);
#7180 = DIRECTION('',(1.,0.));
#7181 = ( GEOMETRIC_REPRESENTATION_CONTEXT(2) 
PARAMETRIC_REPRESENTATION_CONTEXT() REPRESENTATION_CONTEXT('2D SPACE',''
  ) );
#7182 = PCURVE('',#7183,#7188);
#7183 = PLANE('',#7184);
#7184 = AXIS2_PLACEMENT_3D('',#7185,#7186,#7187);
#7185 = CARTESIAN_POINT('',(-77.24091677266,-44.59506409115,30.55));
#7186 = DIRECTION('',(0.,0.,1.));
#7187 = DIRECTION('',(1.,0.,-0.));
#7188 = DEFINITIONAL_REPRESENTATION('',(#7189),#7193);
#7189 = CIRCLE('',#7190,78.24);
#7190 = AXIS2_PLACEMENT_2D('',#7191,#7192);
#7191 = CARTESIAN_POINT('',(77.240916772668,44.595064091154));
#7192 = DIRECTION('',(-0.150186123743,0.988657740694));
#7193 = ( GEOMETRIC_REPRESENTATION_CONTEXT(2) 
PARAMETRIC_REPRESENTATION_CONTEXT() REPRESENTATION_CONTEXT('2D SPACE',''
  ) );
#7194 = ORIENTED_EDGE('',*,*,#7195,.T.);
#7195 = EDGE_CURVE('',#7167,#5882,#7196,.T.);
#7196 = SURFACE_CURVE('',#7197,(#7201,#7207),.PCURVE_S1.);
#7197 = LINE('',#7198,#7199);
#7198 = CARTESIAN_POINT('',(-72.86458190239,-28.50000533666,30.55));
#7199 = VECTOR('',#7200,1.);
#7200 = DIRECTION('',(0.,0.,1.));
#7201 = PCURVE('',#5904,#7202);
#7202 = DEFINITIONAL_REPRESENTATION('',(#7203),#7206);
#7203 = B_SPLINE_CURVE_WITH_KNOTS('',1,(#7204,#7205),.UNSPECIFIED.,.F.,
  .F.,(2,2),(-5.999999999062E-07,7.0000006),.PIECEWISE_BEZIER_KNOTS.);
#7204 = CARTESIAN_POINT('',(3.514434900076,-5.999999999062E-07));
#7205 = CARTESIAN_POINT('',(3.514434900076,7.0000006));
#7206 = ( GEOMETRIC_REPRESENTATION_CONTEXT(2) 
PARAMETRIC_REPRESENTATION_CONTEXT() REPRESENTATION_CONTEXT('2D SPACE',''
  ) );
#7207 = PCURVE('',#5932,#7208);
#7208 = DEFINITIONAL_REPRESENTATION('',(#7209),#7212);
#7209 = B_SPLINE_CURVE_WITH_KNOTS('',1,(#7210,#7211),.UNSPECIFIED.,.F.,
  .F.,(2,2),(-5.999999999062E-07,7.0000006),.PIECEWISE_BEZIER_KNOTS.);
#7210 = CARTESIAN_POINT('',(9.161908966133,5.999999999062E-07));
#7211 = CARTESIAN_POINT('',(9.161908966133,-7.0000006));
#7212 = ( GEOMETRIC_REPRESENTATION_CONTEXT(2) 
PARAMETRIC_REPRESENTATION_CONTEXT() REPRESENTATION_CONTEXT('2D SPACE',''
  ) );
#7213 = ORIENTED_EDGE('',*,*,#5881,.T.);
#7214 = ADVANCED_FACE('',(#7215),#5932,.F.);
#7215 = FACE_BOUND('',#7216,.F.);
#7216 = EDGE_LOOP('',(#7217,#7240,#7241,#7242));
#7217 = ORIENTED_EDGE('',*,*,#7218,.F.);
#7218 = EDGE_CURVE('',#7167,#7219,#7221,.T.);
#7219 = VERTEX_POINT('',#7220);
#7220 = CARTESIAN_POINT('',(-102.1639795189,-49.74679676972,30.55));
#7221 = SURFACE_CURVE('',#7222,(#7226,#7233),.PCURVE_S1.);
#7222 = LINE('',#7223,#7224);
#7223 = CARTESIAN_POINT('',(-65.44757355425,-23.12147737193,30.55));
#7224 = VECTOR('',#7225,1.);
#7225 = DIRECTION('',(-0.809548356741,-0.587053198695,0.));
#7226 = PCURVE('',#5932,#7227);
#7227 = DEFINITIONAL_REPRESENTATION('',(#7228),#7232);
#7228 = LINE('',#7229,#7230);
#7229 = CARTESIAN_POINT('',(0.,0.));
#7230 = VECTOR('',#7231,1.);
#7231 = DIRECTION('',(1.,0.));
#7232 = ( GEOMETRIC_REPRESENTATION_CONTEXT(2) 
PARAMETRIC_REPRESENTATION_CONTEXT() REPRESENTATION_CONTEXT('2D SPACE',''
  ) );
#7233 = PCURVE('',#7183,#7234);
#7234 = DEFINITIONAL_REPRESENTATION('',(#7235),#7239);
#7235 = LINE('',#7236,#7237);
#7236 = CARTESIAN_POINT('',(11.793343218418,21.473586719216));
#7237 = VECTOR('',#7238,1.);
#7238 = DIRECTION('',(-0.809548356741,-0.587053198695));
#7239 = ( GEOMETRIC_REPRESENTATION_CONTEXT(2) 
PARAMETRIC_REPRESENTATION_CONTEXT() REPRESENTATION_CONTEXT('2D SPACE',''
  ) );
#7240 = ORIENTED_EDGE('',*,*,#7195,.T.);
#7241 = ORIENTED_EDGE('',*,*,#5916,.T.);
#7242 = ORIENTED_EDGE('',*,*,#7243,.F.);
#7243 = EDGE_CURVE('',#7219,#5917,#7244,.T.);
#7244 = SURFACE_CURVE('',#7245,(#7249,#7256),.PCURVE_S1.);
#7245 = LINE('',#7246,#7247);
#7246 = CARTESIAN_POINT('',(-102.1639795189,-49.74679676972,30.55));
#7247 = VECTOR('',#7248,1.);
#7248 = DIRECTION('',(0.,0.,1.));
#7249 = PCURVE('',#5932,#7250);
#7250 = DEFINITIONAL_REPRESENTATION('',(#7251),#7255);
#7251 = LINE('',#7252,#7253);
#7252 = CARTESIAN_POINT('',(45.354185032916,0.));
#7253 = VECTOR('',#7254,1.);
#7254 = DIRECTION('',(0.,-1.));
#7255 = ( GEOMETRIC_REPRESENTATION_CONTEXT(2) 
PARAMETRIC_REPRESENTATION_CONTEXT() REPRESENTATION_CONTEXT('2D SPACE',''
  ) );
#7256 = PCURVE('',#7257,#7262);
#7257 = PLANE('',#7258);
#7258 = AXIS2_PLACEMENT_3D('',#7259,#7260,#7261);
#7259 = CARTESIAN_POINT('',(-102.1639795189,-49.74679676972,30.55));
#7260 = DIRECTION('',(0.866025403784,0.5,-0.));
#7261 = DIRECTION('',(0.5,-0.866025403784,0.));
#7262 = DEFINITIONAL_REPRESENTATION('',(#7263),#7267);
#7263 = LINE('',#7264,#7265);
#7264 = CARTESIAN_POINT('',(6.153480596427E-15,0.));
#7265 = VECTOR('',#7266,1.);
#7266 = DIRECTION('',(0.,-1.));
#7267 = ( GEOMETRIC_REPRESENTATION_CONTEXT(2) 
PARAMETRIC_REPRESENTATION_CONTEXT() REPRESENTATION_CONTEXT('2D SPACE',''
  ) );
#7268 = ADVANCED_FACE('',(#7269),#6660,.F.);
#7269 = FACE_BOUND('',#7270,.F.);
#7270 = EDGE_LOOP('',(#7271,#7294,#7320,#7321));
#7271 = ORIENTED_EDGE('',*,*,#7272,.F.);
#7272 = EDGE_CURVE('',#7273,#7146,#7275,.T.);
#7273 = VERTEX_POINT('',#7274);
#7274 = CARTESIAN_POINT('',(-8.,113.35,30.55));
#7275 = SURFACE_CURVE('',#7276,(#7280,#7287),.PCURVE_S1.);
#7276 = LINE('',#7277,#7278);
#7277 = CARTESIAN_POINT('',(-8.,113.35,30.55));
#7278 = VECTOR('',#7279,1.);
#7279 = DIRECTION('',(-0.103628805073,-0.994616041877,0.));
#7280 = PCURVE('',#6660,#7281);
#7281 = DEFINITIONAL_REPRESENTATION('',(#7282),#7286);
#7282 = LINE('',#7283,#7284);
#7283 = CARTESIAN_POINT('',(0.,0.));
#7284 = VECTOR('',#7285,1.);
#7285 = DIRECTION('',(1.,0.));
#7286 = ( GEOMETRIC_REPRESENTATION_CONTEXT(2) 
PARAMETRIC_REPRESENTATION_CONTEXT() REPRESENTATION_CONTEXT('2D SPACE',''
  ) );
#7287 = PCURVE('',#7183,#7288);
#7288 = DEFINITIONAL_REPRESENTATION('',(#7289),#7293);
#7289 = LINE('',#7290,#7291);
#7290 = CARTESIAN_POINT('',(69.240916772668,157.94506409115));
#7291 = VECTOR('',#7292,1.);
#7292 = DIRECTION('',(-0.103628805073,-0.994616041877));
#7293 = ( GEOMETRIC_REPRESENTATION_CONTEXT(2) 
PARAMETRIC_REPRESENTATION_CONTEXT() REPRESENTATION_CONTEXT('2D SPACE',''
  ) );
#7294 = ORIENTED_EDGE('',*,*,#7295,.T.);
#7295 = EDGE_CURVE('',#7273,#6619,#7296,.T.);
#7296 = SURFACE_CURVE('',#7297,(#7301,#7308),.PCURVE_S1.);
#7297 = LINE('',#7298,#7299);
#7298 = CARTESIAN_POINT('',(-8.,113.35,30.55));
#7299 = VECTOR('',#7300,1.);
#7300 = DIRECTION('',(0.,0.,1.));
#7301 = PCURVE('',#6660,#7302);
#7302 = DEFINITIONAL_REPRESENTATION('',(#7303),#7307);
#7303 = LINE('',#7304,#7305);
#7304 = CARTESIAN_POINT('',(0.,0.));
#7305 = VECTOR('',#7306,1.);
#7306 = DIRECTION('',(0.,-1.));
#7307 = ( GEOMETRIC_REPRESENTATION_CONTEXT(2) 
PARAMETRIC_REPRESENTATION_CONTEXT() REPRESENTATION_CONTEXT('2D SPACE',''
  ) );
#7308 = PCURVE('',#7309,#7314);
#7309 = PLANE('',#7310);
#7310 = AXIS2_PLACEMENT_3D('',#7311,#7312,#7313);
#7311 = CARTESIAN_POINT('',(8.,113.35,30.55));
#7312 = DIRECTION('',(0.,-1.,0.));
#7313 = DIRECTION('',(-1.,0.,0.));
#7314 = DEFINITIONAL_REPRESENTATION('',(#7315),#7319);
#7315 = LINE('',#7316,#7317);
#7316 = CARTESIAN_POINT('',(16.,0.));
#7317 = VECTOR('',#7318,1.);
#7318 = DIRECTION('',(0.,-1.));
#7319 = ( GEOMETRIC_REPRESENTATION_CONTEXT(2) 
PARAMETRIC_REPRESENTATION_CONTEXT() REPRESENTATION_CONTEXT('2D SPACE',''
  ) );
#7320 = ORIENTED_EDGE('',*,*,#6646,.T.);
#7321 = ORIENTED_EDGE('',*,*,#7145,.F.);
#7322 = ADVANCED_FACE('',(#7323),#5960,.F.);
#7323 = FACE_BOUND('',#7324,.F.);
#7324 = EDGE_LOOP('',(#7325,#7349,#7377,#7405,#7426));
#7325 = ORIENTED_EDGE('',*,*,#7326,.F.);
#7326 = EDGE_CURVE('',#7327,#5945,#7329,.T.);
#7327 = VERTEX_POINT('',#7328);
#7328 = CARTESIAN_POINT('',(-92.63770007733,-44.24679676972,40.55));
#7329 = SURFACE_CURVE('',#7330,(#7335,#7342),.PCURVE_S1.);
#7330 = CIRCLE('',#7331,3.);
#7331 = AXIS2_PLACEMENT_3D('',#7332,#7333,#7334);
#7332 = CARTESIAN_POINT('',(-90.03962386598,-42.74679676972,40.55));
#7333 = DIRECTION('',(0.5,-0.866025403784,0.));
#7334 = DIRECTION('',(0.,0.,1.));
#7335 = PCURVE('',#5960,#7336);
#7336 = DEFINITIONAL_REPRESENTATION('',(#7337),#7341);
#7337 = CIRCLE('',#7338,3.);
#7338 = AXIS2_PLACEMENT_2D('',#7339,#7340);
#7339 = CARTESIAN_POINT('',(3.01,0.));
#7340 = DIRECTION('',(1.,0.));
#7341 = ( GEOMETRIC_REPRESENTATION_CONTEXT(2) 
PARAMETRIC_REPRESENTATION_CONTEXT() REPRESENTATION_CONTEXT('2D SPACE',''
  ) );
#7342 = PCURVE('',#5988,#7343);
#7343 = DEFINITIONAL_REPRESENTATION('',(#7344),#7348);
#7344 = LINE('',#7345,#7346);
#7345 = CARTESIAN_POINT('',(0.,1.));
#7346 = VECTOR('',#7347,1.);
#7347 = DIRECTION('',(1.,0.));
#7348 = ( GEOMETRIC_REPRESENTATION_CONTEXT(2) 
PARAMETRIC_REPRESENTATION_CONTEXT() REPRESENTATION_CONTEXT('2D SPACE',''
  ) );
#7349 = ORIENTED_EDGE('',*,*,#7350,.T.);
#7350 = EDGE_CURVE('',#7327,#7351,#7353,.T.);
#7351 = VERTEX_POINT('',#7352);
#7352 = CARTESIAN_POINT('',(-92.63770007733,-44.24679676972,79.35));
#7353 = SURFACE_CURVE('',#7354,(#7358,#7365),.PCURVE_S1.);
#7354 = LINE('',#7355,#7356);
#7355 = CARTESIAN_POINT('',(-92.63770007733,-44.24679676972,30.55));
#7356 = VECTOR('',#7357,1.);
#7357 = DIRECTION('',(0.,0.,1.));
#7358 = PCURVE('',#5960,#7359);
#7359 = DEFINITIONAL_REPRESENTATION('',(#7360),#7364);
#7360 = LINE('',#7361,#7362);
#7361 = CARTESIAN_POINT('',(-6.99,3.));
#7362 = VECTOR('',#7363,1.);
#7363 = DIRECTION('',(1.,0.));
#7364 = ( GEOMETRIC_REPRESENTATION_CONTEXT(2) 
PARAMETRIC_REPRESENTATION_CONTEXT() REPRESENTATION_CONTEXT('2D SPACE',''
  ) );
#7365 = PCURVE('',#7366,#7371);
#7366 = PLANE('',#7367);
#7367 = AXIS2_PLACEMENT_3D('',#7368,#7369,#7370);
#7368 = CARTESIAN_POINT('',(-84.63770007733,-58.10320323027,30.55));
#7369 = DIRECTION('',(-0.866025403784,-0.5,0.));
#7370 = DIRECTION('',(-0.5,0.866025403784,0.));
#7371 = DEFINITIONAL_REPRESENTATION('',(#7372),#7376);
#7372 = LINE('',#7373,#7374);
#7373 = CARTESIAN_POINT('',(16.,0.));
#7374 = VECTOR('',#7375,1.);
#7375 = DIRECTION('',(0.,-1.));
#7376 = ( GEOMETRIC_REPRESENTATION_CONTEXT(2) 
PARAMETRIC_REPRESENTATION_CONTEXT() REPRESENTATION_CONTEXT('2D SPACE',''
  ) );
#7377 = ORIENTED_EDGE('',*,*,#7378,.T.);
#7378 = EDGE_CURVE('',#7351,#7379,#7381,.T.);
#7379 = VERTEX_POINT('',#7380);
#7380 = CARTESIAN_POINT('',(-102.1639795189,-49.74679676972,79.35));
#7381 = SURFACE_CURVE('',#7382,(#7386,#7393),.PCURVE_S1.);
#7382 = LINE('',#7383,#7384);
#7383 = CARTESIAN_POINT('',(-92.63770007733,-44.24679676972,79.35));
#7384 = VECTOR('',#7385,1.);
#7385 = DIRECTION('',(-0.866025403784,-0.5,0.));
#7386 = PCURVE('',#5960,#7387);
#7387 = DEFINITIONAL_REPRESENTATION('',(#7388),#7392);
#7388 = LINE('',#7389,#7390);
#7389 = CARTESIAN_POINT('',(41.81,3.));
#7390 = VECTOR('',#7391,1.);
#7391 = DIRECTION('',(0.,1.));
#7392 = ( GEOMETRIC_REPRESENTATION_CONTEXT(2) 
PARAMETRIC_REPRESENTATION_CONTEXT() REPRESENTATION_CONTEXT('2D SPACE',''
  ) );
#7393 = PCURVE('',#7394,#7399);
#7394 = PLANE('',#7395);
#7395 = AXIS2_PLACEMENT_3D('',#7396,#7397,#7398);
#7396 = CARTESIAN_POINT('',(-93.40083979815,-53.925,79.35));
#7397 = DIRECTION('',(0.,0.,1.));
#7398 = DIRECTION('',(1.,0.,-0.));
#7399 = DEFINITIONAL_REPRESENTATION('',(#7400),#7404);
#7400 = LINE('',#7401,#7402);
#7401 = CARTESIAN_POINT('',(0.763139720814,9.678203230276));
#7402 = VECTOR('',#7403,1.);
#7403 = DIRECTION('',(-0.866025403784,-0.5));
#7404 = ( GEOMETRIC_REPRESENTATION_CONTEXT(2) 
PARAMETRIC_REPRESENTATION_CONTEXT() REPRESENTATION_CONTEXT('2D SPACE',''
  ) );
#7405 = ORIENTED_EDGE('',*,*,#7406,.F.);
#7406 = EDGE_CURVE('',#5917,#7379,#7407,.T.);
#7407 = SURFACE_CURVE('',#7408,(#7412,#7419),.PCURVE_S1.);
#7408 = LINE('',#7409,#7410);
#7409 = CARTESIAN_POINT('',(-102.1639795189,-49.74679676972,30.55));
#7410 = VECTOR('',#7411,1.);
#7411 = DIRECTION('',(0.,0.,1.));
#7412 = PCURVE('',#5960,#7413);
#7413 = DEFINITIONAL_REPRESENTATION('',(#7414),#7418);
#7414 = LINE('',#7415,#7416);
#7415 = CARTESIAN_POINT('',(-6.99,14.));
#7416 = VECTOR('',#7417,1.);
#7417 = DIRECTION('',(1.,0.));
#7418 = ( GEOMETRIC_REPRESENTATION_CONTEXT(2) 
PARAMETRIC_REPRESENTATION_CONTEXT() REPRESENTATION_CONTEXT('2D SPACE',''
  ) );
#7419 = PCURVE('',#7257,#7420);
#7420 = DEFINITIONAL_REPRESENTATION('',(#7421),#7425);
#7421 = LINE('',#7422,#7423);
#7422 = CARTESIAN_POINT('',(0.,0.));
#7423 = VECTOR('',#7424,1.);
#7424 = DIRECTION('',(0.,-1.));
#7425 = ( GEOMETRIC_REPRESENTATION_CONTEXT(2) 
PARAMETRIC_REPRESENTATION_CONTEXT() REPRESENTATION_CONTEXT('2D SPACE',''
  ) );
#7426 = ORIENTED_EDGE('',*,*,#5944,.T.);
#7427 = ADVANCED_FACE('',(#7428),#6634,.F.);
#7428 = FACE_BOUND('',#7429,.F.);
#7429 = EDGE_LOOP('',(#7430,#7460,#7486,#7487,#7510));
#7430 = ORIENTED_EDGE('',*,*,#7431,.F.);
#7431 = EDGE_CURVE('',#7432,#7434,#7436,.T.);
#7432 = VERTEX_POINT('',#7433);
#7433 = CARTESIAN_POINT('',(-8.,102.35,40.55));
#7434 = VERTEX_POINT('',#7435);
#7435 = CARTESIAN_POINT('',(-8.,102.35,79.35));
#7436 = SURFACE_CURVE('',#7437,(#7441,#7448),.PCURVE_S1.);
#7437 = LINE('',#7438,#7439);
#7438 = CARTESIAN_POINT('',(-8.,102.35,30.55));
#7439 = VECTOR('',#7440,1.);
#7440 = DIRECTION('',(0.,0.,1.));
#7441 = PCURVE('',#6634,#7442);
#7442 = DEFINITIONAL_REPRESENTATION('',(#7443),#7447);
#7443 = LINE('',#7444,#7445);
#7444 = CARTESIAN_POINT('',(11.,0.));
#7445 = VECTOR('',#7446,1.);
#7446 = DIRECTION('',(0.,-1.));
#7447 = ( GEOMETRIC_REPRESENTATION_CONTEXT(2) 
PARAMETRIC_REPRESENTATION_CONTEXT() REPRESENTATION_CONTEXT('2D SPACE',''
  ) );
#7448 = PCURVE('',#7449,#7454);
#7449 = PLANE('',#7450);
#7450 = AXIS2_PLACEMENT_3D('',#7451,#7452,#7453);
#7451 = CARTESIAN_POINT('',(-8.,102.35,30.55));
#7452 = DIRECTION('',(0.,1.,0.));
#7453 = DIRECTION('',(1.,0.,0.));
#7454 = DEFINITIONAL_REPRESENTATION('',(#7455),#7459);
#7455 = LINE('',#7456,#7457);
#7456 = CARTESIAN_POINT('',(0.,0.));
#7457 = VECTOR('',#7458,1.);
#7458 = DIRECTION('',(0.,-1.));
#7459 = ( GEOMETRIC_REPRESENTATION_CONTEXT(2) 
PARAMETRIC_REPRESENTATION_CONTEXT() REPRESENTATION_CONTEXT('2D SPACE',''
  ) );
#7460 = ORIENTED_EDGE('',*,*,#7461,.T.);
#7461 = EDGE_CURVE('',#7432,#6591,#7462,.T.);
#7462 = SURFACE_CURVE('',#7463,(#7468,#7479),.PCURVE_S1.);
#7463 = CIRCLE('',#7464,3.);
#7464 = AXIS2_PLACEMENT_3D('',#7465,#7466,#7467);
#7465 = CARTESIAN_POINT('',(-8.,99.35,40.55));
#7466 = DIRECTION('',(-1.,1.110223024625E-16,0.));
#7467 = DIRECTION('',(0.,0.,1.));
#7468 = PCURVE('',#6634,#7469);
#7469 = DEFINITIONAL_REPRESENTATION('',(#7470),#7478);
#7470 = ( BOUNDED_CURVE() B_SPLINE_CURVE(2,(#7471,#7472,#7473,#7474,
#7475,#7476,#7477),.UNSPECIFIED.,.T.,.F.) B_SPLINE_CURVE_WITH_KNOTS((1,2
    ,2,2,2,1),(-2.094395102393,0.,2.094395102393,4.188790204786,
6.28318530718,8.377580409573),.UNSPECIFIED.) CURVE() 
GEOMETRIC_REPRESENTATION_ITEM() RATIONAL_B_SPLINE_CURVE((1.,0.5,1.,0.5,
1.,0.5,1.)) REPRESENTATION_ITEM('') );
#7471 = CARTESIAN_POINT('',(14.,-13.));
#7472 = CARTESIAN_POINT('',(8.803847577293,-13.));
#7473 = CARTESIAN_POINT('',(11.401923788647,-8.5));
#7474 = CARTESIAN_POINT('',(14.,-4.));
#7475 = CARTESIAN_POINT('',(16.598076211353,-8.5));
#7476 = CARTESIAN_POINT('',(19.196152422707,-13.));
#7477 = CARTESIAN_POINT('',(14.,-13.));
#7478 = ( GEOMETRIC_REPRESENTATION_CONTEXT(2) 
PARAMETRIC_REPRESENTATION_CONTEXT() REPRESENTATION_CONTEXT('2D SPACE',''
  ) );
#7479 = PCURVE('',#6606,#7480);
#7480 = DEFINITIONAL_REPRESENTATION('',(#7481),#7485);
#7481 = LINE('',#7482,#7483);
#7482 = CARTESIAN_POINT('',(0.,17.));
#7483 = VECTOR('',#7484,1.);
#7484 = DIRECTION('',(1.,0.));
#7485 = ( GEOMETRIC_REPRESENTATION_CONTEXT(2) 
PARAMETRIC_REPRESENTATION_CONTEXT() REPRESENTATION_CONTEXT('2D SPACE',''
  ) );
#7486 = ORIENTED_EDGE('',*,*,#6618,.T.);
#7487 = ORIENTED_EDGE('',*,*,#7488,.T.);
#7488 = EDGE_CURVE('',#6619,#7489,#7491,.T.);
#7489 = VERTEX_POINT('',#7490);
#7490 = CARTESIAN_POINT('',(-8.,113.35,79.35));
#7491 = SURFACE_CURVE('',#7492,(#7496,#7503),.PCURVE_S1.);
#7492 = LINE('',#7493,#7494);
#7493 = CARTESIAN_POINT('',(-8.,113.35,30.55));
#7494 = VECTOR('',#7495,1.);
#7495 = DIRECTION('',(0.,0.,1.));
#7496 = PCURVE('',#6634,#7497);
#7497 = DEFINITIONAL_REPRESENTATION('',(#7498),#7502);
#7498 = LINE('',#7499,#7500);
#7499 = CARTESIAN_POINT('',(0.,0.));
#7500 = VECTOR('',#7501,1.);
#7501 = DIRECTION('',(0.,-1.));
#7502 = ( GEOMETRIC_REPRESENTATION_CONTEXT(2) 
PARAMETRIC_REPRESENTATION_CONTEXT() REPRESENTATION_CONTEXT('2D SPACE',''
  ) );
#7503 = PCURVE('',#7309,#7504);
#7504 = DEFINITIONAL_REPRESENTATION('',(#7505),#7509);
#7505 = LINE('',#7506,#7507);
#7506 = CARTESIAN_POINT('',(16.,0.));
#7507 = VECTOR('',#7508,1.);
#7508 = DIRECTION('',(0.,-1.));
#7509 = ( GEOMETRIC_REPRESENTATION_CONTEXT(2) 
PARAMETRIC_REPRESENTATION_CONTEXT() REPRESENTATION_CONTEXT('2D SPACE',''
  ) );
#7510 = ORIENTED_EDGE('',*,*,#7511,.T.);
#7511 = EDGE_CURVE('',#7489,#7434,#7512,.T.);
#7512 = SURFACE_CURVE('',#7513,(#7517,#7524),.PCURVE_S1.);
#7513 = LINE('',#7514,#7515);
#7514 = CARTESIAN_POINT('',(-8.,113.35,79.35));
#7515 = VECTOR('',#7516,1.);
#7516 = DIRECTION('',(-8.074349270001E-17,-1.,0.));
#7517 = PCURVE('',#6634,#7518);
#7518 = DEFINITIONAL_REPRESENTATION('',(#7519),#7523);
#7519 = LINE('',#7520,#7521);
#7520 = CARTESIAN_POINT('',(0.,-48.8));
#7521 = VECTOR('',#7522,1.);
#7522 = DIRECTION('',(1.,0.));
#7523 = ( GEOMETRIC_REPRESENTATION_CONTEXT(2) 
PARAMETRIC_REPRESENTATION_CONTEXT() REPRESENTATION_CONTEXT('2D SPACE',''
  ) );
#7524 = PCURVE('',#7525,#7530);
#7525 = PLANE('',#7526);
#7526 = AXIS2_PLACEMENT_3D('',#7527,#7528,#7529);
#7527 = CARTESIAN_POINT('',(7.105427357601E-15,107.85,79.35));
#7528 = DIRECTION('',(0.,0.,1.));
#7529 = DIRECTION('',(1.,0.,-0.));
#7530 = DEFINITIONAL_REPRESENTATION('',(#7531),#7535);
#7531 = LINE('',#7532,#7533);
#7532 = CARTESIAN_POINT('',(-8.,5.5));
#7533 = VECTOR('',#7534,1.);
#7534 = DIRECTION('',(-8.074349270001E-17,-1.));
#7535 = ( GEOMETRIC_REPRESENTATION_CONTEXT(2) 
PARAMETRIC_REPRESENTATION_CONTEXT() REPRESENTATION_CONTEXT('2D SPACE',''
  ) );
#7536 = ADVANCED_FACE('',(#7537),#5988,.F.);
#7537 = FACE_BOUND('',#7538,.F.);
#7538 = EDGE_LOOP('',(#7539,#7562,#7563,#7564,#7647));
#7539 = ORIENTED_EDGE('',*,*,#7540,.F.);
#7540 = EDGE_CURVE('',#7327,#7541,#7543,.T.);
#7541 = VERTEX_POINT('',#7542);
#7542 = CARTESIAN_POINT('',(-90.13770007733,-48.57692378864,40.55));
#7543 = SURFACE_CURVE('',#7544,(#7548,#7555),.PCURVE_S1.);
#7544 = LINE('',#7545,#7546);
#7545 = CARTESIAN_POINT('',(-93.13770007733,-43.38077136594,40.55));
#7546 = VECTOR('',#7547,1.);
#7547 = DIRECTION('',(0.5,-0.866025403784,0.));
#7548 = PCURVE('',#5988,#7549);
#7549 = DEFINITIONAL_REPRESENTATION('',(#7550),#7554);
#7550 = LINE('',#7551,#7552);
#7551 = CARTESIAN_POINT('',(1.570796326795,0.));
#7552 = VECTOR('',#7553,1.);
#7553 = DIRECTION('',(0.,1.));
#7554 = ( GEOMETRIC_REPRESENTATION_CONTEXT(2) 
PARAMETRIC_REPRESENTATION_CONTEXT() REPRESENTATION_CONTEXT('2D SPACE',''
  ) );
#7555 = PCURVE('',#7366,#7556);
#7556 = DEFINITIONAL_REPRESENTATION('',(#7557),#7561);
#7557 = LINE('',#7558,#7559);
#7558 = CARTESIAN_POINT('',(17.,-10.));
#7559 = VECTOR('',#7560,1.);
#7560 = DIRECTION('',(-1.,-0.));
#7561 = ( GEOMETRIC_REPRESENTATION_CONTEXT(2) 
PARAMETRIC_REPRESENTATION_CONTEXT() REPRESENTATION_CONTEXT('2D SPACE',''
  ) );
#7562 = ORIENTED_EDGE('',*,*,#7326,.T.);
#7563 = ORIENTED_EDGE('',*,*,#5972,.T.);
#7564 = ORIENTED_EDGE('',*,*,#7565,.F.);
#7565 = EDGE_CURVE('',#7566,#5973,#7568,.T.);
#7566 = VERTEX_POINT('',#7567);
#7567 = CARTESIAN_POINT('',(-89.98911360876,-48.49113735102,39.55));
#7568 = SURFACE_CURVE('',#7569,(#7593,#7620),.PCURVE_S1.);
#7569 = B_SPLINE_CURVE_WITH_KNOTS('',8,(#7570,#7571,#7572,#7573,#7574,
    #7575,#7576,#7577,#7578,#7579,#7580,#7581,#7582,#7583,#7584,#7585,
    #7586,#7587,#7588,#7589,#7590,#7591,#7592),.UNSPECIFIED.,.F.,.F.,(9,
    7,7,9),(0.,0.182451691923,0.330328230742,1.),.UNSPECIFIED.);
#7570 = CARTESIAN_POINT('',(-89.98911360876,-48.49113735102,39.55));
#7571 = CARTESIAN_POINT('',(-89.95670728685,-48.47242755234,
    39.44416139584));
#7572 = CARTESIAN_POINT('',(-89.92397810173,-48.44614011334,
    39.341218112285));
#7573 = CARTESIAN_POINT('',(-89.89091835953,-48.41297805616,
    39.241527590639));
#7574 = CARTESIAN_POINT('',(-89.85756623424,-48.37365180645,
    39.145388168645));
#7575 = CARTESIAN_POINT('',(-89.82399514951,-48.32888180934,
    39.053046437248));
#7576 = CARTESIAN_POINT('',(-89.79030622134,-48.27940053993,
    38.964702765804));
#7577 = CARTESIAN_POINT('',(-89.75662376159,-48.22595390802,
    38.880514995706));
#7578 = CARTESIAN_POINT('',(-89.69591794525,-48.12338590535,
    38.735829687726));
#7579 = CARTESIAN_POINT('',(-89.66874733743,-48.07520425282,
    38.6736401536));
#7580 = CARTESIAN_POINT('',(-89.64159409241,-48.02502221242,
    38.613968840555));
#7581 = CARTESIAN_POINT('',(-89.6144695095,-47.97307291134,
    38.556745237638));
#7582 = CARTESIAN_POINT('',(-89.5873827635,-47.91955807072,
    38.501892516273));
#7583 = CARTESIAN_POINT('',(-89.56033955445,-47.86464858524,
    38.449328864088));
#7584 = CARTESIAN_POINT('',(-89.53334075733,-47.80848510259,
    38.398968818733));
#7585 = CARTESIAN_POINT('',(-89.38429179089,-47.49166113516,
    38.132246468352));
#7586 = CARTESIAN_POINT('',(-89.26144682691,-47.20538613754,
    37.954371540342));
#7587 = CARTESIAN_POINT('',(-89.13903947261,-46.90502163198,
    37.813808219227));
#7588 = CARTESIAN_POINT('',(-89.01793169688,-46.59803545648,
    37.706345529715));
#7589 = CARTESIAN_POINT('',(-88.89820602255,-46.28834671233,
    37.628179294077));
#7590 = CARTESIAN_POINT('',(-88.77936623913,-45.97704377731,
    37.576483231353));
#7591 = CARTESIAN_POINT('',(-88.66032440238,-45.66314722496,
    37.55000010766));
#7592 = CARTESIAN_POINT('',(-88.53962386598,-45.34487298107,37.55));
#7593 = PCURVE('',#5988,#7594);
#7594 = DEFINITIONAL_REPRESENTATION('',(#7595),#7619);
#7595 = B_SPLINE_CURVE_WITH_KNOTS('',8,(#7596,#7597,#7598,#7599,#7600,
    #7601,#7602,#7603,#7604,#7605,#7606,#7607,#7608,#7609,#7610,#7611,
    #7612,#7613,#7614,#7615,#7616,#7617,#7618),.UNSPECIFIED.,.F.,.F.,(9,
    7,7,9),(0.,0.182451691923,0.330328230742,1.),.UNSPECIFIED.);
#7596 = CARTESIAN_POINT('',(1.910633236249,6.));
#7597 = CARTESIAN_POINT('',(1.948052833605,6.));
#7598 = CARTESIAN_POINT('',(1.985014555159,5.993599002585));
#7599 = CARTESIAN_POINT('',(2.021447651059,5.981409689729));
#7600 = CARTESIAN_POINT('',(2.057286743146,5.964028221087));
#7601 = CARTESIAN_POINT('',(2.092467685362,5.942041808634));
#7602 = CARTESIAN_POINT('',(2.126924312474,5.916034236399));
#7603 = CARTESIAN_POINT('',(2.160586077105,5.886589325288));
#7604 = CARTESIAN_POINT('',(2.219953173482,5.828115737533));
#7605 = CARTESIAN_POINT('',(2.246050122956,5.799974506353));
#7606 = CARTESIAN_POINT('',(2.271685261132,5.770092207066));
#7607 = CARTESIAN_POINT('',(2.296877386738,5.738665084077));
#7608 = CARTESIAN_POINT('',(2.321646754781,5.705863245624));
#7609 = CARTESIAN_POINT('',(2.346015571737,5.67183184081));
#7610 = CARTESIAN_POINT('',(2.370008490733,5.636692236628));
#7611 = CARTESIAN_POINT('',(2.500729807075,5.436839115522));
#7612 = CARTESIAN_POINT('',(2.602030600537,5.250340177114));
#7613 = CARTESIAN_POINT('',(2.69837191028,5.051420562048));
#7614 = CARTESIAN_POINT('',(2.790637307864,4.846116623329));
#7615 = CARTESIAN_POINT('',(2.879798982553,4.637781140783));
#7616 = CARTESIAN_POINT('',(2.96702315183,4.4276047825));
#7617 = CARTESIAN_POINT('',(3.053703706979,4.215283312378));
#7618 = CARTESIAN_POINT('',(3.14159265359,4.));
#7619 = ( GEOMETRIC_REPRESENTATION_CONTEXT(2) 
PARAMETRIC_REPRESENTATION_CONTEXT() REPRESENTATION_CONTEXT('2D SPACE',''
  ) );
#7620 = PCURVE('',#6016,#7621);
#7621 = DEFINITIONAL_REPRESENTATION('',(#7622),#7646);
#7622 = B_SPLINE_CURVE_WITH_KNOTS('',8,(#7623,#7624,#7625,#7626,#7627,
    #7628,#7629,#7630,#7631,#7632,#7633,#7634,#7635,#7636,#7637,#7638,
    #7639,#7640,#7641,#7642,#7643,#7644,#7645),.UNSPECIFIED.,.F.,.F.,(9,
    7,7,9),(0.,0.182451691923,0.330328230742,1.),.UNSPECIFIED.);
#7623 = CARTESIAN_POINT('',(4.712388980385,34.938427124746));
#7624 = CARTESIAN_POINT('',(4.659469678305,34.90100752739));
#7625 = CARTESIAN_POINT('',(4.607997978849,34.859519502131));
#7626 = CARTESIAN_POINT('',(4.557927050675,34.814307896956));
#7627 = CARTESIAN_POINT('',(4.509231630579,34.765760984323));
#7628 = CARTESIAN_POINT('',(4.46190494708,34.714302573561));
#7629 = CARTESIAN_POINT('',(4.415956843695,34.660386471237));
#7630 = CARTESIAN_POINT('',(4.371413101896,34.604493289478));
#7631 = CARTESIAN_POINT('',(4.293385864969,34.500636509031));
#7632 = CARTESIAN_POINT('',(4.259284112782,34.453015246158));
#7633 = CARTESIAN_POINT('',(4.225958847239,34.404408825979));
#7634 = CARTESIAN_POINT('',(4.19336182433,34.354943597567));
#7635 = CARTESIAN_POINT('',(4.161447038021,34.304728367117));
#7636 = CARTESIAN_POINT('',(4.130169342294,34.253853518335));
#7637 = CARTESIAN_POINT('',(4.099483073178,34.202390132841));
#7638 = CARTESIAN_POINT('',(3.932838179611,33.914897957779));
#7639 = CARTESIAN_POINT('',(3.805747614141,33.66537359944));
#7640 = CARTESIAN_POINT('',(3.685991249516,33.409183468223));
#7641 = CARTESIAN_POINT('',(3.572042031009,33.150807970104));
#7642 = CARTESIAN_POINT('',(3.462379794498,32.892278122561));
#7643 = CARTESIAN_POINT('',(3.3553963245,32.633708383629));
#7644 = CARTESIAN_POINT('',(3.249234091095,32.373666852715));
#7645 = CARTESIAN_POINT('',(3.14159265359,32.11));
#7646 = ( GEOMETRIC_REPRESENTATION_CONTEXT(2) 
PARAMETRIC_REPRESENTATION_CONTEXT() REPRESENTATION_CONTEXT('2D SPACE',''
  ) );
#7647 = ORIENTED_EDGE('',*,*,#7648,.F.);
#7648 = EDGE_CURVE('',#7541,#7566,#7649,.T.);
#7649 = SURFACE_CURVE('',#7650,(#7655,#7662),.PCURVE_S1.);
#7650 = CIRCLE('',#7651,3.);
#7651 = AXIS2_PLACEMENT_3D('',#7652,#7653,#7654);
#7652 = CARTESIAN_POINT('',(-87.53962386598,-47.07692378864,40.55));
#7653 = DIRECTION('',(0.5,-0.866025403784,0.));
#7654 = DIRECTION('',(0.,0.,1.));
#7655 = PCURVE('',#5988,#7656);
#7656 = DEFINITIONAL_REPRESENTATION('',(#7657),#7661);
#7657 = LINE('',#7658,#7659);
#7658 = CARTESIAN_POINT('',(0.,6.));
#7659 = VECTOR('',#7660,1.);
#7660 = DIRECTION('',(1.,0.));
#7661 = ( GEOMETRIC_REPRESENTATION_CONTEXT(2) 
PARAMETRIC_REPRESENTATION_CONTEXT() REPRESENTATION_CONTEXT('2D SPACE',''
  ) );
#7662 = PCURVE('',#7663,#7668);
#7663 = PLANE('',#7664);
#7664 = AXIS2_PLACEMENT_3D('',#7665,#7666,#7667);
#7665 = CARTESIAN_POINT('',(-60.59757355425,-31.52192378864,37.54));
#7666 = DIRECTION('',(0.5,-0.866025403784,0.));
#7667 = DIRECTION('',(-0.866025403784,-0.5,0.));
#7668 = DEFINITIONAL_REPRESENTATION('',(#7669),#7673);
#7669 = CIRCLE('',#7670,3.);
#7670 = AXIS2_PLACEMENT_2D('',#7671,#7672);
#7671 = CARTESIAN_POINT('',(31.11,-3.01));
#7672 = DIRECTION('',(0.,-1.));
#7673 = ( GEOMETRIC_REPRESENTATION_CONTEXT(2) 
PARAMETRIC_REPRESENTATION_CONTEXT() REPRESENTATION_CONTEXT('2D SPACE',''
  ) );
#7674 = ADVANCED_FACE('',(#7675),#6606,.F.);
#7675 = FACE_BOUND('',#7676,.F.);
#7676 = EDGE_LOOP('',(#7677,#7700,#7733,#7814,#7815));
#7677 = ORIENTED_EDGE('',*,*,#7678,.F.);
#7678 = EDGE_CURVE('',#7679,#7432,#7681,.T.);
#7679 = VERTEX_POINT('',#7680);
#7680 = CARTESIAN_POINT('',(-3.,102.35,40.55));
#7681 = SURFACE_CURVE('',#7682,(#7686,#7693),.PCURVE_S1.);
#7682 = LINE('',#7683,#7684);
#7683 = CARTESIAN_POINT('',(9.,102.35,40.55));
#7684 = VECTOR('',#7685,1.);
#7685 = DIRECTION('',(-1.,1.110223024625E-16,0.));
#7686 = PCURVE('',#6606,#7687);
#7687 = DEFINITIONAL_REPRESENTATION('',(#7688),#7692);
#7688 = LINE('',#7689,#7690);
#7689 = CARTESIAN_POINT('',(1.570796326795,0.));
#7690 = VECTOR('',#7691,1.);
#7691 = DIRECTION('',(0.,1.));
#7692 = ( GEOMETRIC_REPRESENTATION_CONTEXT(2) 
PARAMETRIC_REPRESENTATION_CONTEXT() REPRESENTATION_CONTEXT('2D SPACE',''
  ) );
#7693 = PCURVE('',#7449,#7694);
#7694 = DEFINITIONAL_REPRESENTATION('',(#7695),#7699);
#7695 = LINE('',#7696,#7697);
#7696 = CARTESIAN_POINT('',(17.,-10.));
#7697 = VECTOR('',#7698,1.);
#7698 = DIRECTION('',(-1.,0.));
#7699 = ( GEOMETRIC_REPRESENTATION_CONTEXT(2) 
PARAMETRIC_REPRESENTATION_CONTEXT() REPRESENTATION_CONTEXT('2D SPACE',''
  ) );
#7700 = ORIENTED_EDGE('',*,*,#7701,.T.);
#7701 = EDGE_CURVE('',#7679,#7702,#7704,.T.);
#7702 = VERTEX_POINT('',#7703);
#7703 = CARTESIAN_POINT('',(-3.,102.17842712474,39.55));
#7704 = SURFACE_CURVE('',#7705,(#7710,#7717),.PCURVE_S1.);
#7705 = CIRCLE('',#7706,3.);
#7706 = AXIS2_PLACEMENT_3D('',#7707,#7708,#7709);
#7707 = CARTESIAN_POINT('',(-3.,99.35,40.55));
#7708 = DIRECTION('',(-1.,1.110223024625E-16,0.));
#7709 = DIRECTION('',(0.,0.,1.));
#7710 = PCURVE('',#6606,#7711);
#7711 = DEFINITIONAL_REPRESENTATION('',(#7712),#7716);
#7712 = LINE('',#7713,#7714);
#7713 = CARTESIAN_POINT('',(0.,12.));
#7714 = VECTOR('',#7715,1.);
#7715 = DIRECTION('',(1.,0.));
#7716 = ( GEOMETRIC_REPRESENTATION_CONTEXT(2) 
PARAMETRIC_REPRESENTATION_CONTEXT() REPRESENTATION_CONTEXT('2D SPACE',''
  ) );
#7717 = PCURVE('',#7718,#7723);
#7718 = PLANE('',#7719);
#7719 = AXIS2_PLACEMENT_3D('',#7720,#7721,#7722);
#7720 = CARTESIAN_POINT('',(-3.,102.35,37.54));
#7721 = DIRECTION('',(1.,-6.509662999854E-17,0.));
#7722 = DIRECTION('',(-6.509662999854E-17,-1.,0.));
#7723 = DEFINITIONAL_REPRESENTATION('',(#7724),#7732);
#7724 = ( BOUNDED_CURVE() B_SPLINE_CURVE(2,(#7725,#7726,#7727,#7728,
#7729,#7730,#7731),.UNSPECIFIED.,.T.,.F.) B_SPLINE_CURVE_WITH_KNOTS((1,2
    ,2,2,2,1),(-2.094395102393,0.,2.094395102393,4.188790204786,
6.28318530718,8.377580409573),.UNSPECIFIED.) CURVE() 
GEOMETRIC_REPRESENTATION_ITEM() RATIONAL_B_SPLINE_CURVE((1.,0.5,1.,0.5,
1.,0.5,1.)) REPRESENTATION_ITEM('') );
#7725 = CARTESIAN_POINT('',(3.,-6.01));
#7726 = CARTESIAN_POINT('',(-2.196152422707,-6.01));
#7727 = CARTESIAN_POINT('',(0.401923788647,-1.51));
#7728 = CARTESIAN_POINT('',(3.,2.99));
#7729 = CARTESIAN_POINT('',(5.598076211353,-1.51));
#7730 = CARTESIAN_POINT('',(8.196152422707,-6.01));
#7731 = CARTESIAN_POINT('',(3.,-6.01));
#7732 = ( GEOMETRIC_REPRESENTATION_CONTEXT(2) 
PARAMETRIC_REPRESENTATION_CONTEXT() REPRESENTATION_CONTEXT('2D SPACE',''
  ) );
#7733 = ORIENTED_EDGE('',*,*,#7734,.T.);
#7734 = EDGE_CURVE('',#7702,#6563,#7735,.T.);
#7735 = SURFACE_CURVE('',#7736,(#7760,#7787),.PCURVE_S1.);
#7736 = B_SPLINE_CURVE_WITH_KNOTS('',8,(#7737,#7738,#7739,#7740,#7741,
    #7742,#7743,#7744,#7745,#7746,#7747,#7748,#7749,#7750,#7751,#7752,
    #7753,#7754,#7755,#7756,#7757,#7758,#7759),.UNSPECIFIED.,.F.,.F.,(9,
    7,7,9),(0.,0.182451692031,0.330328230831,1.),.UNSPECIFIED.);
#7737 = CARTESIAN_POINT('',(-3.,102.17842712474,39.55));
#7738 = CARTESIAN_POINT('',(-3.,102.14100752741,39.444161395904));
#7739 = CARTESIAN_POINT('',(-3.006400997408,102.09951950214,
    39.341218112312));
#7740 = CARTESIAN_POINT('',(-3.018590310269,102.05430789694,
    39.241527590609));
#7741 = CARTESIAN_POINT('',(-3.035971778924,102.00576098429,
    39.145388168588));
#7742 = CARTESIAN_POINT('',(-3.05795819138,101.95430257353,
    39.053046437214));
#7743 = CARTESIAN_POINT('',(-3.083965763599,101.90038647124,
    38.964702765825));
#7744 = CARTESIAN_POINT('',(-3.113410674688,101.84449328952,
    38.880514995764));
#7745 = CARTESIAN_POINT('',(-3.171884262467,101.74063650903,
    38.735829687726));
#7746 = CARTESIAN_POINT('',(-3.200025493647,101.69301524615,
    38.6736401536));
#7747 = CARTESIAN_POINT('',(-3.229907792934,101.64440882597,
    38.613968840555));
#7748 = CARTESIAN_POINT('',(-3.261334915923,101.59494359756,
    38.556745237638));
#7749 = CARTESIAN_POINT('',(-3.294136754376,101.54472836711,
    38.501892516273));
#7750 = CARTESIAN_POINT('',(-3.32816815919,101.49385351833,
    38.449328864088));
#7751 = CARTESIAN_POINT('',(-3.363307763372,101.44239013284,
    38.398968818733));
#7752 = CARTESIAN_POINT('',(-3.563160884478,101.15489795777,
    38.132246468352));
#7753 = CARTESIAN_POINT('',(-3.749659822885,100.90537359944,
    37.954371540343));
#7754 = CARTESIAN_POINT('',(-3.948579437956,100.64918346822,
    37.813808219224));
#7755 = CARTESIAN_POINT('',(-4.153883376665,100.3908079701,
    37.706345529718));
#7756 = CARTESIAN_POINT('',(-4.362218859221,100.13227812256,
    37.628179294074));
#7757 = CARTESIAN_POINT('',(-4.572395217498,99.873708383628,
    37.576483231354));
#7758 = CARTESIAN_POINT('',(-4.784716687622,99.613666852715,
    37.55000010766));
#7759 = CARTESIAN_POINT('',(-5.,99.35,37.55));
#7760 = PCURVE('',#6606,#7761);
#7761 = DEFINITIONAL_REPRESENTATION('',(#7762),#7786);
#7762 = B_SPLINE_CURVE_WITH_KNOTS('',8,(#7763,#7764,#7765,#7766,#7767,
    #7768,#7769,#7770,#7771,#7772,#7773,#7774,#7775,#7776,#7777,#7778,
    #7779,#7780,#7781,#7782,#7783,#7784,#7785),.UNSPECIFIED.,.F.,.F.,(9,
    7,7,9),(0.,0.182451692031,0.330328230831,1.),.UNSPECIFIED.);
#7763 = CARTESIAN_POINT('',(1.910633236249,12.));
#7764 = CARTESIAN_POINT('',(1.948052833583,12.));
#7765 = CARTESIAN_POINT('',(1.985014555149,12.006400997408));
#7766 = CARTESIAN_POINT('',(2.02144765107,12.018590310269));
#7767 = CARTESIAN_POINT('',(2.057286743167,12.035971778924));
#7768 = CARTESIAN_POINT('',(2.092467685376,12.05795819138));
#7769 = CARTESIAN_POINT('',(2.126924312467,12.083965763599));
#7770 = CARTESIAN_POINT('',(2.160586077081,12.113410674688));
#7771 = CARTESIAN_POINT('',(2.219953173482,12.171884262467));
#7772 = CARTESIAN_POINT('',(2.246050122956,12.200025493647));
#7773 = CARTESIAN_POINT('',(2.271685261132,12.229907792934));
#7774 = CARTESIAN_POINT('',(2.296877386738,12.261334915923));
#7775 = CARTESIAN_POINT('',(2.321646754781,12.294136754376));
#7776 = CARTESIAN_POINT('',(2.346015571737,12.32816815919));
#7777 = CARTESIAN_POINT('',(2.370008490733,12.363307763372));
#7778 = CARTESIAN_POINT('',(2.500729807074,12.563160884478));
#7779 = CARTESIAN_POINT('',(2.602030600537,12.749659822885));
#7780 = CARTESIAN_POINT('',(2.698371910281,12.948579437955));
#7781 = CARTESIAN_POINT('',(2.790637307862,13.153883376666));
#7782 = CARTESIAN_POINT('',(2.879798982554,13.36221885922));
#7783 = CARTESIAN_POINT('',(2.96702315183,13.572395217499));
#7784 = CARTESIAN_POINT('',(3.053703706979,13.784716687622));
#7785 = CARTESIAN_POINT('',(3.14159265359,14.));
#7786 = ( GEOMETRIC_REPRESENTATION_CONTEXT(2) 
PARAMETRIC_REPRESENTATION_CONTEXT() REPRESENTATION_CONTEXT('2D SPACE',''
  ) );
#7787 = PCURVE('',#6578,#7788);
#7788 = DEFINITIONAL_REPRESENTATION('',(#7789),#7813);
#7789 = B_SPLINE_CURVE_WITH_KNOTS('',8,(#7790,#7791,#7792,#7793,#7794,
    #7795,#7796,#7797,#7798,#7799,#7800,#7801,#7802,#7803,#7804,#7805,
    #7806,#7807,#7808,#7809,#7810,#7811,#7812),.UNSPECIFIED.,.F.,.F.,(9,
    7,7,9),(0.,0.182451692031,0.330328230831,1.),.UNSPECIFIED.);
#7790 = CARTESIAN_POINT('',(1.570796326795,34.938427124746));
#7791 = CARTESIAN_POINT('',(1.623715628843,34.901007527412));
#7792 = CARTESIAN_POINT('',(1.675187328317,34.859519502146));
#7793 = CARTESIAN_POINT('',(1.725258256519,34.814307896947));
#7794 = CARTESIAN_POINT('',(1.773953676629,34.765760984293));
#7795 = CARTESIAN_POINT('',(1.821280360118,34.714302573536));
#7796 = CARTESIAN_POINT('',(1.867228463475,34.660386471246));
#7797 = CARTESIAN_POINT('',(1.911772205252,34.60449328952));
#7798 = CARTESIAN_POINT('',(1.989799442211,34.500636509031));
#7799 = CARTESIAN_POINT('',(2.023901194398,34.453015246158));
#7800 = CARTESIAN_POINT('',(2.057226459941,34.404408825979));
#7801 = CARTESIAN_POINT('',(2.08982348285,34.354943597567));
#7802 = CARTESIAN_POINT('',(2.121738269158,34.304728367117));
#7803 = CARTESIAN_POINT('',(2.153015964886,34.253853518335));
#7804 = CARTESIAN_POINT('',(2.183702234001,34.202390132841));
#7805 = CARTESIAN_POINT('',(2.350347127569,33.914897957779));
#7806 = CARTESIAN_POINT('',(2.477437693038,33.665373599441));
#7807 = CARTESIAN_POINT('',(2.597194057666,33.40918346822));
#7808 = CARTESIAN_POINT('',(2.711143276167,33.150807970106));
#7809 = CARTESIAN_POINT('',(2.820805512684,32.892278122561));
#7810 = CARTESIAN_POINT('',(2.927788982678,32.633708383628));
#7811 = CARTESIAN_POINT('',(3.033951216085,32.373666852715));
#7812 = CARTESIAN_POINT('',(3.14159265359,32.11));
#7813 = ( GEOMETRIC_REPRESENTATION_CONTEXT(2) 
PARAMETRIC_REPRESENTATION_CONTEXT() REPRESENTATION_CONTEXT('2D SPACE',''
  ) );
#7814 = ORIENTED_EDGE('',*,*,#6590,.T.);
#7815 = ORIENTED_EDGE('',*,*,#7461,.F.);
#7816 = ADVANCED_FACE('',(#7817),#6016,.F.);
#7817 = FACE_BOUND('',#7818,.F.);
#7818 = EDGE_LOOP('',(#7819,#7820,#7915,#7936));
#7819 = ORIENTED_EDGE('',*,*,#6000,.F.);
#7820 = ORIENTED_EDGE('',*,*,#7821,.F.);
#7821 = EDGE_CURVE('',#7822,#6001,#7824,.T.);
#7822 = VERTEX_POINT('',#7823);
#7823 = CARTESIAN_POINT('',(-64.36065075423,-33.69453742303,39.55));
#7824 = SURFACE_CURVE('',#7825,(#7853,#7884),.PCURVE_S1.);
#7825 = B_SPLINE_CURVE_WITH_KNOTS('',6,(#7826,#7827,#7828,#7829,#7830,
    #7831,#7832,#7833,#7834,#7835,#7836,#7837,#7838,#7839,#7840,#7841,
    #7842,#7843,#7844,#7845,#7846,#7847,#7848,#7849,#7850,#7851,#7852),
  .UNSPECIFIED.,.F.,.F.,(7,5,5,5,5,7),(0.,0.165424638017,0.338519746288,
    0.490506517933,0.901086515141,1.),.UNSPECIFIED.);
#7826 = CARTESIAN_POINT('',(-64.36065075423,-33.69453742303,39.55));
#7827 = CARTESIAN_POINT('',(-64.36065075423,-33.69453742303,
    39.45420751252));
#7828 = CARTESIAN_POINT('',(-64.3664635056,-33.69153556462,
    39.358401787007));
#7829 = CARTESIAN_POINT('',(-64.37809074941,-33.68553150249,
    39.263231337476));
#7830 = CARTESIAN_POINT('',(-64.39538344929,-33.6765874717,
    39.16928450546));
#7831 = CARTESIAN_POINT('',(-64.41807751107,-33.66481427358,
    39.077085783799));
#7832 = CARTESIAN_POINT('',(-64.47486830798,-33.63522990179,
    38.892925638826));
#7833 = CARTESIAN_POINT('',(-64.50944952899,-33.61716179277,
    38.801158008518));
#7834 = CARTESIAN_POINT('',(-64.54919187286,-33.59631361429,
    38.712280942767));
#7835 = CARTESIAN_POINT('',(-64.59364721261,-33.57287376191,
    38.626652890151));
#7836 = CARTESIAN_POINT('',(-64.64236673396,-33.54703236456,
    38.54453005958));
#7837 = CARTESIAN_POINT('',(-64.74108269148,-33.49432839235,
    38.397212722092));
#7838 = CARTESIAN_POINT('',(-64.79019901746,-33.46797460316,
    38.331175149794));
#7839 = CARTESIAN_POINT('',(-64.84199764173,-33.44002742727,
    38.268088799266));
#7840 = CARTESIAN_POINT('',(-64.89621239248,-33.41060159924,
    38.208029684987));
#7841 = CARTESIAN_POINT('',(-64.95259888561,-33.37980388989,
    38.151046126218));
#7842 = CARTESIAN_POINT('',(-65.16854938177,-33.26108468325,
    37.951620569992));
#7843 = CARTESIAN_POINT('',(-65.34027966186,-33.1652096798,
    37.828874723347));
#7844 = CARTESIAN_POINT('',(-65.52209967826,-33.06187100136,
    37.729190159894));
#7845 = CARTESIAN_POINT('',(-65.71075639826,-32.9526256295,
    37.65286906835));
#7846 = CARTESIAN_POINT('',(-65.90351378256,-32.83896354024,
    37.600012923465));
#7847 = CARTESIAN_POINT('',(-66.14506329615,-32.69406916233,
    37.56402959325));
#7848 = CARTESIAN_POINT('',(-66.19205986493,-32.66576409947,
    37.558429675502));
#7849 = CARTESIAN_POINT('',(-66.23912351305,-32.63730481496,
    37.554220959393));
#7850 = CARTESIAN_POINT('',(-66.28621926959,-32.60871283419,
    37.55140907219));
#7851 = CARTESIAN_POINT('',(-66.33331206033,-32.58001028077,
    37.549999982446));
#7852 = CARTESIAN_POINT('',(-66.38036670779,-32.55121987654,37.55));
#7853 = PCURVE('',#6016,#7854);
#7854 = DEFINITIONAL_REPRESENTATION('',(#7855),#7883);
#7855 = B_SPLINE_CURVE_WITH_KNOTS('',6,(#7856,#7857,#7858,#7859,#7860,
    #7861,#7862,#7863,#7864,#7865,#7866,#7867,#7868,#7869,#7870,#7871,
    #7872,#7873,#7874,#7875,#7876,#7877,#7878,#7879,#7880,#7881,#7882),
  .UNSPECIFIED.,.F.,.F.,(7,5,5,5,5,7),(0.,0.165424638017,0.338519746288,
    0.490506517933,0.901086515141,1.),.UNSPECIFIED.);
#7856 = CARTESIAN_POINT('',(4.712388980385,5.345227268781));
#7857 = CARTESIAN_POINT('',(4.664492736645,5.345227268781));
#7858 = CARTESIAN_POINT('',(4.616590051674,5.348760329934));
#7859 = CARTESIAN_POINT('',(4.56880652511,5.355827787381));
#7860 = CARTESIAN_POINT('',(4.521240137639,5.366331689384));
#7861 = CARTESIAN_POINT('',(4.473972487295,5.380098724336));
#7862 = CARTESIAN_POINT('',(4.378013237369,5.414488811267));
#7863 = CARTESIAN_POINT('',(4.329349031959,5.435402972651));
#7864 = CARTESIAN_POINT('',(4.281156974419,5.459396762801));
#7865 = CARTESIAN_POINT('',(4.233468791712,5.486176290172));
#7866 = CARTESIAN_POINT('',(4.186295256293,5.515447934646));
#7867 = CARTESIAN_POINT('',(4.098648836137,5.574586475514));
#7868 = CARTESIAN_POINT('',(4.058060396656,5.603945566959));
#7869 = CARTESIAN_POINT('',(4.017850709571,5.634830903508));
#7870 = CARTESIAN_POINT('',(3.978003020205,5.667069340906));
#7871 = CARTESIAN_POINT('',(3.938494499251,5.700502621709));
#7872 = CARTESIAN_POINT('',(3.793406081498,5.828161634026));
#7873 = CARTESIAN_POINT('',(3.689881812116,5.92894691746));
#7874 = CARTESIAN_POINT('',(3.587972535246,6.034738331361));
#7875 = CARTESIAN_POINT('',(3.487170179693,6.143497157537));
#7876 = CARTESIAN_POINT('',(3.386964789126,6.253598904478));
#7877 = CARTESIAN_POINT('',(3.262528766607,6.390339730566));
#7878 = CARTESIAN_POINT('',(3.238370561616,6.416887421591));
#7879 = CARTESIAN_POINT('',(3.214204932466,6.443416094201));
#7880 = CARTESIAN_POINT('',(3.190024711764,6.469906225387));
#7881 = CARTESIAN_POINT('',(3.165822895945,6.496338501798));
#7882 = CARTESIAN_POINT('',(3.14159264527,6.522693819751));
#7883 = ( GEOMETRIC_REPRESENTATION_CONTEXT(2) 
PARAMETRIC_REPRESENTATION_CONTEXT() REPRESENTATION_CONTEXT('2D SPACE',''
  ) );
#7884 = PCURVE('',#6045,#7885);
#7885 = DEFINITIONAL_REPRESENTATION('',(#7886),#7914);
#7886 = B_SPLINE_CURVE_WITH_KNOTS('',6,(#7887,#7888,#7889,#7890,#7891,
    #7892,#7893,#7894,#7895,#7896,#7897,#7898,#7899,#7900,#7901,#7902,
    #7903,#7904,#7905,#7906,#7907,#7908,#7909,#7910,#7911,#7912,#7913),
  .UNSPECIFIED.,.F.,.F.,(7,5,5,5,5,7),(0.,0.165424638017,0.338519746288,
    0.490506517933,0.901086515141,1.),.UNSPECIFIED.);
#7887 = CARTESIAN_POINT('',(-9.518601305063,3.14159265359));
#7888 = CARTESIAN_POINT('',(-9.518601305063,3.09369640985));
#7889 = CARTESIAN_POINT('',(-9.518110627081,3.045793724879));
#7890 = CARTESIAN_POINT('',(-9.517128961304,2.998010198315));
#7891 = CARTESIAN_POINT('',(-9.515672992535,2.950443810844));
#7892 = CARTESIAN_POINT('',(-9.513772075046,2.9031761605));
#7893 = CARTESIAN_POINT('',(-9.509048713832,2.807216910574));
#7894 = CARTESIAN_POINT('',(-9.50618722068,2.758552705164));
#7895 = CARTESIAN_POINT('',(-9.502921463757,2.710360647624));
#7896 = CARTESIAN_POINT('',(-9.499300834209,2.662672464917));
#7897 = CARTESIAN_POINT('',(-9.495374099363,2.615498929498));
#7898 = CARTESIAN_POINT('',(-9.487509080259,2.527852509342));
#7899 = CARTESIAN_POINT('',(-9.483630581257,2.487264069862));
#7900 = CARTESIAN_POINT('',(-9.479580938084,2.447054382776));
#7901 = CARTESIAN_POINT('',(-9.475388138685,2.40720669341));
#7902 = CARTESIAN_POINT('',(-9.471077301599,2.367698172457));
#7903 = CARTESIAN_POINT('',(-9.454764071275,2.222609754703));
#7904 = CARTESIAN_POINT('',(-9.442165777497,2.119085485321));
#7905 = CARTESIAN_POINT('',(-9.429284194309,2.017176208451));
#7906 = CARTESIAN_POINT('',(-9.416404387784,1.916373852898));
#7907 = CARTESIAN_POINT('',(-9.403717906201,1.816168462331));
#7908 = CARTESIAN_POINT('',(-9.388372439335,1.691732439812));
#7909 = CARTESIAN_POINT('',(-9.385412358187,1.667574237598));
#7910 = CARTESIAN_POINT('',(-9.382473385474,1.643408607339));
#7911 = CARTESIAN_POINT('',(-9.379557417631,1.61922838164));
#7912 = CARTESIAN_POINT('',(-9.376666239538,1.595026563597));
#7913 = CARTESIAN_POINT('',(-9.373801524523,1.570796326795));
#7914 = ( GEOMETRIC_REPRESENTATION_CONTEXT(2) 
PARAMETRIC_REPRESENTATION_CONTEXT() REPRESENTATION_CONTEXT('2D SPACE',''
  ) );
#7915 = ORIENTED_EDGE('',*,*,#7916,.T.);
#7916 = EDGE_CURVE('',#7822,#7566,#7917,.T.);
#7917 = SURFACE_CURVE('',#7918,(#7922,#7929),.PCURVE_S1.);
#7918 = LINE('',#7919,#7920);
#7919 = CARTESIAN_POINT('',(-59.73154815046,-31.02192378864,39.55));
#7920 = VECTOR('',#7921,1.);
#7921 = DIRECTION('',(-0.866025403784,-0.5,0.));
#7922 = PCURVE('',#6016,#7923);
#7923 = DEFINITIONAL_REPRESENTATION('',(#7924),#7928);
#7924 = LINE('',#7925,#7926);
#7925 = CARTESIAN_POINT('',(4.712388980385,0.));
#7926 = VECTOR('',#7927,1.);
#7927 = DIRECTION('',(0.,1.));
#7928 = ( GEOMETRIC_REPRESENTATION_CONTEXT(2) 
PARAMETRIC_REPRESENTATION_CONTEXT() REPRESENTATION_CONTEXT('2D SPACE',''
  ) );
#7929 = PCURVE('',#7663,#7930);
#7930 = DEFINITIONAL_REPRESENTATION('',(#7931),#7935);
#7931 = LINE('',#7932,#7933);
#7932 = CARTESIAN_POINT('',(-1.,-2.01));
#7933 = VECTOR('',#7934,1.);
#7934 = DIRECTION('',(1.,0.));
#7935 = ( GEOMETRIC_REPRESENTATION_CONTEXT(2) 
PARAMETRIC_REPRESENTATION_CONTEXT() REPRESENTATION_CONTEXT('2D SPACE',''
  ) );
#7936 = ORIENTED_EDGE('',*,*,#7565,.T.);
#7937 = ADVANCED_FACE('',(#7938),#6578,.F.);
#7938 = FACE_BOUND('',#7939,.F.);
#7939 = EDGE_LOOP('',(#7940,#7963,#8056,#8057));
#7940 = ORIENTED_EDGE('',*,*,#7941,.F.);
#7941 = EDGE_CURVE('',#7942,#7702,#7944,.T.);
#7942 = VERTEX_POINT('',#7943);
#7943 = CARTESIAN_POINT('',(-3.,72.585227268781,39.55));
#7944 = SURFACE_CURVE('',#7945,(#7949,#7956),.PCURVE_S1.);
#7945 = LINE('',#7946,#7947);
#7946 = CARTESIAN_POINT('',(-3.,67.24,39.55));
#7947 = VECTOR('',#7948,1.);
#7948 = DIRECTION('',(1.110223024625E-16,1.,0.));
#7949 = PCURVE('',#6578,#7950);
#7950 = DEFINITIONAL_REPRESENTATION('',(#7951),#7955);
#7951 = LINE('',#7952,#7953);
#7952 = CARTESIAN_POINT('',(1.570796326795,0.));
#7953 = VECTOR('',#7954,1.);
#7954 = DIRECTION('',(0.,1.));
#7955 = ( GEOMETRIC_REPRESENTATION_CONTEXT(2) 
PARAMETRIC_REPRESENTATION_CONTEXT() REPRESENTATION_CONTEXT('2D SPACE',''
  ) );
#7956 = PCURVE('',#7718,#7957);
#7957 = DEFINITIONAL_REPRESENTATION('',(#7958),#7962);
#7958 = LINE('',#7959,#7960);
#7959 = CARTESIAN_POINT('',(35.11,-2.01));
#7960 = VECTOR('',#7961,1.);
#7961 = DIRECTION('',(-1.,0.));
#7962 = ( GEOMETRIC_REPRESENTATION_CONTEXT(2) 
PARAMETRIC_REPRESENTATION_CONTEXT() REPRESENTATION_CONTEXT('2D SPACE',''
  ) );
#7963 = ORIENTED_EDGE('',*,*,#7964,.T.);
#7964 = EDGE_CURVE('',#7942,#6534,#7965,.T.);
#7965 = SURFACE_CURVE('',#7966,(#7994,#8025),.PCURVE_S1.);
#7966 = B_SPLINE_CURVE_WITH_KNOTS('',6,(#7967,#7968,#7969,#7970,#7971,
    #7972,#7973,#7974,#7975,#7976,#7977,#7978,#7979,#7980,#7981,#7982,
    #7983,#7984,#7985,#7986,#7987,#7988,#7989,#7990,#7991,#7992,#7993),
  .UNSPECIFIED.,.F.,.F.,(7,5,5,5,5,7),(0.,0.1654246383,0.338519746863,
    0.490506518765,0.901086516665,1.),.UNSPECIFIED.);
#7967 = CARTESIAN_POINT('',(-3.,72.585227268781,39.55));
#7968 = CARTESIAN_POINT('',(-3.,72.585227268781,39.454207512518));
#7969 = CARTESIAN_POINT('',(-3.005506061333,72.588760329934,
    39.358401787003));
#7970 = CARTESIAN_POINT('',(-3.016519353564,72.595827787382,
    39.263231337471));
#7971 = CARTESIAN_POINT('',(-3.032911461383,72.606331689385,
    39.169284505454));
#7972 = CARTESIAN_POINT('',(-3.054454380924,72.620098724337,
    39.077085783791));
#7973 = CARTESIAN_POINT('',(-3.108470596907,72.654488811269,
    38.892925638817));
#7974 = CARTESIAN_POINT('',(-3.141408648825,72.675402972653,
    38.801158008509));
#7975 = CARTESIAN_POINT('',(-3.179334872946,72.699396762804,
    38.712280942758));
#7976 = CARTESIAN_POINT('',(-3.221862050444,72.726176290175,
    38.626652890141));
#7977 = CARTESIAN_POINT('',(-3.268601117696,72.755447934649,
    38.544530059572));
#7978 = CARTESIAN_POINT('',(-3.363602075269,72.814586475517,
    38.397212722083));
#7979 = CARTESIAN_POINT('',(-3.410983289183,72.843945566963,
    38.331175149786));
#7980 = CARTESIAN_POINT('',(-3.461085565605,72.874830903512,
    38.268088799259));
#7981 = CARTESIAN_POINT('',(-3.51367645558,72.90706934091,
    38.208029684979));
#7982 = CARTESIAN_POINT('',(-3.568541300827,72.940502621713,
    38.15104612621));
#7983 = CARTESIAN_POINT('',(-3.779330397767,73.068161634031,
    37.951620569986));
#7984 = CARTESIAN_POINT('',(-3.948225726397,73.168946917465,
    37.828874723342));
#7985 = CARTESIAN_POINT('',(-4.128629655315,73.274738331366,
    37.72919015989));
#7986 = CARTESIAN_POINT('',(-4.31756728259,73.383497157543,
    37.652869068346));
#7987 = CARTESIAN_POINT('',(-4.512380231486,73.493598904483,
    37.600012923462));
#7988 = CARTESIAN_POINT('',(-4.758637199601,73.630339730118,
    37.564029593369));
#7989 = CARTESIAN_POINT('',(-4.806648382673,73.656887425255,
    37.558429675672));
#7990 = CARTESIAN_POINT('',(-4.85482667108,73.68341609571,
    37.554220959576));
#7991 = CARTESIAN_POINT('',(-4.903135937754,73.709906218432,
    37.551409072357));
#7992 = CARTESIAN_POINT('',(-4.951539476042,73.736338490816,
    37.549999982561));
#7993 = CARTESIAN_POINT('',(-4.999999999704,73.762693830715,37.55));
#7994 = PCURVE('',#6578,#7995);
#7995 = DEFINITIONAL_REPRESENTATION('',(#7996),#8024);
#7996 = B_SPLINE_CURVE_WITH_KNOTS('',6,(#7997,#7998,#7999,#8000,#8001,
    #8002,#8003,#8004,#8005,#8006,#8007,#8008,#8009,#8010,#8011,#8012,
    #8013,#8014,#8015,#8016,#8017,#8018,#8019,#8020,#8021,#8022,#8023),
  .UNSPECIFIED.,.F.,.F.,(7,5,5,5,5,7),(0.,0.1654246383,0.338519746863,
    0.490506518765,0.901086516665,1.),.UNSPECIFIED.);
#7997 = CARTESIAN_POINT('',(1.570796326795,5.345227268781));
#7998 = CARTESIAN_POINT('',(1.618692570536,5.345227268781));
#7999 = CARTESIAN_POINT('',(1.666595255507,5.348760329934));
#8000 = CARTESIAN_POINT('',(1.714378782072,5.355827787382));
#8001 = CARTESIAN_POINT('',(1.761945169544,5.366331689385));
#8002 = CARTESIAN_POINT('',(1.809212819889,5.380098724337));
#8003 = CARTESIAN_POINT('',(1.905172069816,5.414488811269));
#8004 = CARTESIAN_POINT('',(1.953836275226,5.435402972653));
#8005 = CARTESIAN_POINT('',(2.002028332766,5.459396762804));
#8006 = CARTESIAN_POINT('',(2.049716515473,5.486176290175));
#8007 = CARTESIAN_POINT('',(2.096890050892,5.515447934649));
#8008 = CARTESIAN_POINT('',(2.184536471048,5.574586475518));
#8009 = CARTESIAN_POINT('',(2.225124910528,5.603945566963));
#8010 = CARTESIAN_POINT('',(2.265334597614,5.634830903512));
#8011 = CARTESIAN_POINT('',(2.30518228698,5.66706934091));
#8012 = CARTESIAN_POINT('',(2.344690807933,5.700502621713));
#8013 = CARTESIAN_POINT('',(2.489779225686,5.828161634031));
#8014 = CARTESIAN_POINT('',(2.593303495069,5.928946917465));
#8015 = CARTESIAN_POINT('',(2.695212771939,6.034738331366));
#8016 = CARTESIAN_POINT('',(2.796015127492,6.143497157543));
#8017 = CARTESIAN_POINT('',(2.896220518059,6.253598904483));
#8018 = CARTESIAN_POINT('',(3.020656540164,6.390339730118));
#8019 = CARTESIAN_POINT('',(3.044814742797,6.416887425255));
#8020 = CARTESIAN_POINT('',(3.068980372423,6.44341609571));
#8021 = CARTESIAN_POINT('',(3.093160596395,6.469906218432));
#8022 = CARTESIAN_POINT('',(3.117362413428,6.496338490816));
#8023 = CARTESIAN_POINT('',(3.14159265359,6.522693830715));
#8024 = ( GEOMETRIC_REPRESENTATION_CONTEXT(2) 
PARAMETRIC_REPRESENTATION_CONTEXT() REPRESENTATION_CONTEXT('2D SPACE',''
  ) );
#8025 = PCURVE('',#6550,#8026);
#8026 = DEFINITIONAL_REPRESENTATION('',(#8027),#8055);
#8027 = B_SPLINE_CURVE_WITH_KNOTS('',6,(#8028,#8029,#8030,#8031,#8032,
    #8033,#8034,#8035,#8036,#8037,#8038,#8039,#8040,#8041,#8042,#8043,
    #8044,#8045,#8046,#8047,#8048,#8049,#8050,#8051,#8052,#8053,#8054),
  .UNSPECIFIED.,.F.,.F.,(7,5,5,5,5,7),(0.,0.1654246383,0.338519746863,
    0.490506518765,0.901086516665,1.),.UNSPECIFIED.);
#8028 = CARTESIAN_POINT('',(-2.000571758099,3.14159265359));
#8029 = CARTESIAN_POINT('',(-2.000571758099,3.093696409849));
#8030 = CARTESIAN_POINT('',(-2.001062436082,3.045793724877));
#8031 = CARTESIAN_POINT('',(-2.002044101859,2.998010198312));
#8032 = CARTESIAN_POINT('',(-2.003500070628,2.950443810841));
#8033 = CARTESIAN_POINT('',(-2.005400988117,2.903176160496));
#8034 = CARTESIAN_POINT('',(-2.010124349331,2.807216910569));
#8035 = CARTESIAN_POINT('',(-2.012985842483,2.758552705159));
#8036 = CARTESIAN_POINT('',(-2.016251599406,2.710360647619));
#8037 = CARTESIAN_POINT('',(-2.019872228954,2.662672464912));
#8038 = CARTESIAN_POINT('',(-2.0237989638,2.615498929493));
#8039 = CARTESIAN_POINT('',(-2.031663982904,2.527852509337));
#8040 = CARTESIAN_POINT('',(-2.035542481906,2.487264069856));
#8041 = CARTESIAN_POINT('',(-2.039592125079,2.447054382771));
#8042 = CARTESIAN_POINT('',(-2.043784924478,2.407206693405));
#8043 = CARTESIAN_POINT('',(-2.048095761564,2.367698172451));
#8044 = CARTESIAN_POINT('',(-2.064408991888,2.222609754698));
#8045 = CARTESIAN_POINT('',(-2.077007285667,2.119085485316));
#8046 = CARTESIAN_POINT('',(-2.089888868854,2.017176208446));
#8047 = CARTESIAN_POINT('',(-2.10276867538,1.916373852893));
#8048 = CARTESIAN_POINT('',(-2.115455156962,1.816168462326));
#8049 = CARTESIAN_POINT('',(-2.130800623777,1.69173244022));
#8050 = CARTESIAN_POINT('',(-2.133760704241,1.667574237587));
#8051 = CARTESIAN_POINT('',(-2.136699677171,1.643408607962));
#8052 = CARTESIAN_POINT('',(-2.139615646128,1.61922838399));
#8053 = CARTESIAN_POINT('',(-2.142506824688,1.595026566957));
#8054 = CARTESIAN_POINT('',(-2.145371536447,1.570796326795));
#8055 = ( GEOMETRIC_REPRESENTATION_CONTEXT(2) 
PARAMETRIC_REPRESENTATION_CONTEXT() REPRESENTATION_CONTEXT('2D SPACE',''
  ) );
#8056 = ORIENTED_EDGE('',*,*,#6562,.T.);
#8057 = ORIENTED_EDGE('',*,*,#7734,.F.);
#8058 = ADVANCED_FACE('',(#8059),#6045,.F.);
#8059 = FACE_BOUND('',#8060,.T.);
#8060 = EDGE_LOOP('',(#8061,#8062,#8090,#8113,#8206));
#8061 = ORIENTED_EDGE('',*,*,#7821,.F.);
#8062 = ORIENTED_EDGE('',*,*,#8063,.F.);
#8063 = EDGE_CURVE('',#8064,#7822,#8066,.T.);
#8064 = VERTEX_POINT('',#8065);
#8065 = CARTESIAN_POINT('',(-49.99231766592,-33.02,39.55));
#8066 = SURFACE_CURVE('',#8067,(#8072,#8078),.PCURVE_S1.);
#8067 = CIRCLE('',#8068,7.2);
#8068 = AXIS2_PLACEMENT_3D('',#8069,#8070,#8071);
#8069 = CARTESIAN_POINT('',(-57.19231766592,-33.02,39.55));
#8070 = DIRECTION('',(0.,0.,1.));
#8071 = DIRECTION('',(1.,0.,-0.));
#8072 = PCURVE('',#6045,#8073);
#8073 = DEFINITIONAL_REPRESENTATION('',(#8074),#8077);
#8074 = B_SPLINE_CURVE_WITH_KNOTS('',1,(#8075,#8076),.UNSPECIFIED.,.F.,
  .F.,(2,2),(0.,3.235415997884),.PIECEWISE_BEZIER_KNOTS.);
#8075 = CARTESIAN_POINT('',(-6.28318530718,3.14159265359));
#8076 = CARTESIAN_POINT('',(-9.518601305063,3.14159265359));
#8077 = ( GEOMETRIC_REPRESENTATION_CONTEXT(2) 
PARAMETRIC_REPRESENTATION_CONTEXT() REPRESENTATION_CONTEXT('2D SPACE',''
  ) );
#8078 = PCURVE('',#8079,#8084);
#8079 = CYLINDRICAL_SURFACE('',#8080,7.2);
#8080 = AXIS2_PLACEMENT_3D('',#8081,#8082,#8083);
#8081 = CARTESIAN_POINT('',(-57.19231766592,-33.02,30.55));
#8082 = DIRECTION('',(0.,0.,1.));
#8083 = DIRECTION('',(1.,0.,-0.));
#8084 = DEFINITIONAL_REPRESENTATION('',(#8085),#8089);
#8085 = LINE('',#8086,#8087);
#8086 = CARTESIAN_POINT('',(0.,9.));
#8087 = VECTOR('',#8088,1.);
#8088 = DIRECTION('',(1.,0.));
#8089 = ( GEOMETRIC_REPRESENTATION_CONTEXT(2) 
PARAMETRIC_REPRESENTATION_CONTEXT() REPRESENTATION_CONTEXT('2D SPACE',''
  ) );
#8090 = ORIENTED_EDGE('',*,*,#8091,.F.);
#8091 = EDGE_CURVE('',#8092,#8064,#8094,.T.);
#8092 = VERTEX_POINT('',#8093);
#8093 = CARTESIAN_POINT('',(-61.36065075423,-38.89068984574,39.55));
#8094 = SURFACE_CURVE('',#8095,(#8100,#8106),.PCURVE_S1.);
#8095 = CIRCLE('',#8096,7.2);
#8096 = AXIS2_PLACEMENT_3D('',#8097,#8098,#8099);
#8097 = CARTESIAN_POINT('',(-57.19231766592,-33.02,39.55));
#8098 = DIRECTION('',(0.,0.,1.));
#8099 = DIRECTION('',(1.,0.,-0.));
#8100 = PCURVE('',#6045,#8101);
#8101 = DEFINITIONAL_REPRESENTATION('',(#8102),#8105);
#8102 = B_SPLINE_CURVE_WITH_KNOTS('',1,(#8103,#8104),.UNSPECIFIED.,.F.,
  .F.,(2,2),(4.094966860493,6.28318530718),.PIECEWISE_BEZIER_KNOTS.);
#8103 = CARTESIAN_POINT('',(-4.094966860493,3.14159265359));
#8104 = CARTESIAN_POINT('',(-6.28318530718,3.14159265359));
#8105 = ( GEOMETRIC_REPRESENTATION_CONTEXT(2) 
PARAMETRIC_REPRESENTATION_CONTEXT() REPRESENTATION_CONTEXT('2D SPACE',''
  ) );
#8106 = PCURVE('',#8079,#8107);
#8107 = DEFINITIONAL_REPRESENTATION('',(#8108),#8112);
#8108 = LINE('',#8109,#8110);
#8109 = CARTESIAN_POINT('',(0.,9.));
#8110 = VECTOR('',#8111,1.);
#8111 = DIRECTION('',(1.,0.));
#8112 = ( GEOMETRIC_REPRESENTATION_CONTEXT(2) 
PARAMETRIC_REPRESENTATION_CONTEXT() REPRESENTATION_CONTEXT('2D SPACE',''
  ) );
#8113 = ORIENTED_EDGE('',*,*,#8114,.T.);
#8114 = EDGE_CURVE('',#8092,#6029,#8115,.T.);
#8115 = SURFACE_CURVE('',#8116,(#8144,#8175),.PCURVE_S1.);
#8116 = B_SPLINE_CURVE_WITH_KNOTS('',6,(#8117,#8118,#8119,#8120,#8121,
    #8122,#8123,#8124,#8125,#8126,#8127,#8128,#8129,#8130,#8131,#8132,
    #8133,#8134,#8135,#8136,#8137,#8138,#8139,#8140,#8141,#8142,#8143),
  .UNSPECIFIED.,.F.,.F.,(7,5,5,5,5,7),(0.,0.165424638309,0.33851974687,
    0.490506518769,0.901086516663,1.),.UNSPECIFIED.);
#8117 = CARTESIAN_POINT('',(-61.36065075423,-38.89068984574,39.55));
#8118 = CARTESIAN_POINT('',(-61.36065075423,-38.89068984574,
    39.454207512511));
#8119 = CARTESIAN_POINT('',(-61.36095744427,-38.89722476531,
    39.358401786989));
#8120 = CARTESIAN_POINT('',(-61.36157139585,-38.91029628488,
    39.26323133745));
#8121 = CARTESIAN_POINT('',(-61.36247198791,-38.92974421768,
    39.169284505425));
#8122 = CARTESIAN_POINT('',(-61.36362313014,-38.95528445075,
    39.077085783756));
#8123 = CARTESIAN_POINT('',(-61.36639771107,-39.01925890949,
    38.892925638777));
#8124 = CARTESIAN_POINT('',(-61.36804088017,-39.05824117989,
    38.80115800847));
#8125 = CARTESIAN_POINT('',(-61.36985699992,-39.10308314853,
    38.71228094272));
#8126 = CARTESIAN_POINT('',(-61.37178516217,-39.15330252828,
    38.626652890104));
#8127 = CARTESIAN_POINT('',(-61.37376561627,-39.20841557011,
    38.544530059535));
#8128 = CARTESIAN_POINT('',(-61.37748061622,-39.32025808319,
    38.397212722049));
#8129 = CARTESIAN_POINT('',(-61.37921572829,-39.37597096382,
    38.331175149753));
#8130 = CARTESIAN_POINT('',(-61.38091207613,-39.43480347627,
    38.268088799226));
#8131 = CARTESIAN_POINT('',(-61.38253593691,-39.4964677417,
    38.208029684948));
#8132 = CARTESIAN_POINT('',(-61.38405758479,-39.56069873186,
    38.15104612618));
#8133 = CARTESIAN_POINT('',(-61.38921898401,-39.80707695081,
    37.95162056996));
#8134 = CARTESIAN_POINT('',(-61.39205393548,-40.0037372377,
    37.82887472332));
#8135 = CARTESIAN_POINT('',(-61.39347002296,-40.21286733004,
    37.729190159872));
#8136 = CARTESIAN_POINT('',(-61.39318911568,-40.43087152808,
    37.652869068332));
#8137 = CARTESIAN_POINT('',(-61.39113355108,-40.65463536429,
    37.600012923452));
#8138 = CARTESIAN_POINT('',(-61.38642609575,-40.93627056735,
    37.564029593363));
#8139 = CARTESIAN_POINT('',(-61.38541148251,-40.99112331916,
    37.558429675668));
#8140 = CARTESIAN_POINT('',(-61.3842968409,-41.04611127605,
    37.554220959573));
#8141 = CARTESIAN_POINT('',(-61.38308332697,-41.10119338952,
    37.551409072355));
#8142 = CARTESIAN_POINT('',(-61.38177257728,-41.15632821947,
    37.54999998256));
#8143 = CARTESIAN_POINT('',(-61.3803667088,-41.21147393418,37.55));
#8144 = PCURVE('',#6045,#8145);
#8145 = DEFINITIONAL_REPRESENTATION('',(#8146),#8174);
#8146 = B_SPLINE_CURVE_WITH_KNOTS('',6,(#8147,#8148,#8149,#8150,#8151,
    #8152,#8153,#8154,#8155,#8156,#8157,#8158,#8159,#8160,#8161,#8162,
    #8163,#8164,#8165,#8166,#8167,#8168,#8169,#8170,#8171,#8172,#8173),
  .UNSPECIFIED.,.F.,.F.,(7,5,5,5,5,7),(0.,0.165424638309,0.33851974687,
    0.490506518769,0.901086516663,1.),.UNSPECIFIED.);
#8147 = CARTESIAN_POINT('',(-4.094966860493,3.14159265359));
#8148 = CARTESIAN_POINT('',(-4.094966860493,3.093696409845));
#8149 = CARTESIAN_POINT('',(-4.095457538475,3.04579372487));
#8150 = CARTESIAN_POINT('',(-4.096439204253,2.998010198302));
#8151 = CARTESIAN_POINT('',(-4.097895173021,2.950443810826));
#8152 = CARTESIAN_POINT('',(-4.099796090511,2.903176160478));
#8153 = CARTESIAN_POINT('',(-4.104519451726,2.807216910548));
#8154 = CARTESIAN_POINT('',(-4.107380944877,2.758552705138));
#8155 = CARTESIAN_POINT('',(-4.110646701801,2.710360647598));
#8156 = CARTESIAN_POINT('',(-4.114267331348,2.662672464891));
#8157 = CARTESIAN_POINT('',(-4.118194066195,2.615498929472));
#8158 = CARTESIAN_POINT('',(-4.126059085299,2.527852509316));
#8159 = CARTESIAN_POINT('',(-4.129937584301,2.487264069835));
#8160 = CARTESIAN_POINT('',(-4.133987227475,2.44705438275));
#8161 = CARTESIAN_POINT('',(-4.138180026873,2.407206693384));
#8162 = CARTESIAN_POINT('',(-4.14249086396,2.36769817243));
#8163 = CARTESIAN_POINT('',(-4.158804094284,2.222609754677));
#8164 = CARTESIAN_POINT('',(-4.171402388062,2.119085485295));
#8165 = CARTESIAN_POINT('',(-4.18428397125,2.017176208425));
#8166 = CARTESIAN_POINT('',(-4.197163777776,1.916373852872));
#8167 = CARTESIAN_POINT('',(-4.209850259358,1.816168462305));
#8168 = CARTESIAN_POINT('',(-4.225195726173,1.691732440199));
#8169 = CARTESIAN_POINT('',(-4.228155806649,1.667574237573));
#8170 = CARTESIAN_POINT('',(-4.231094779574,1.643408607946));
#8171 = CARTESIAN_POINT('',(-4.234010748509,1.61922838396));
#8172 = CARTESIAN_POINT('',(-4.23690192706,1.595026566921));
#8173 = CARTESIAN_POINT('',(-4.239766638878,1.570796326795));
#8174 = ( GEOMETRIC_REPRESENTATION_CONTEXT(2) 
PARAMETRIC_REPRESENTATION_CONTEXT() REPRESENTATION_CONTEXT('2D SPACE',''
  ) );
#8175 = PCURVE('',#6073,#8176);
#8176 = DEFINITIONAL_REPRESENTATION('',(#8177),#8205);
#8177 = B_SPLINE_CURVE_WITH_KNOTS('',6,(#8178,#8179,#8180,#8181,#8182,
    #8183,#8184,#8185,#8186,#8187,#8188,#8189,#8190,#8191,#8192,#8193,
    #8194,#8195,#8196,#8197,#8198,#8199,#8200,#8201,#8202,#8203,#8204),
  .UNSPECIFIED.,.F.,.F.,(7,5,5,5,5,7),(0.,0.165424638309,0.33851974687,
    0.490506518769,0.901086516663,1.),.UNSPECIFIED.);
#8178 = CARTESIAN_POINT('',(1.570796326795,5.345227268781));
#8179 = CARTESIAN_POINT('',(1.618692570539,5.345227268781));
#8180 = CARTESIAN_POINT('',(1.666595255515,5.348760329934));
#8181 = CARTESIAN_POINT('',(1.714378782083,5.355827787383));
#8182 = CARTESIAN_POINT('',(1.761945169558,5.366331689388));
#8183 = CARTESIAN_POINT('',(1.809212819907,5.380098724342));
#8184 = CARTESIAN_POINT('',(1.905172069837,5.414488811278));
#8185 = CARTESIAN_POINT('',(1.953836275247,5.435402972663));
#8186 = CARTESIAN_POINT('',(2.002028332787,5.459396762815));
#8187 = CARTESIAN_POINT('',(2.049716515494,5.486176290187));
#8188 = CARTESIAN_POINT('',(2.096890050913,5.515447934662));
#8189 = CARTESIAN_POINT('',(2.184536471069,5.574586475533));
#8190 = CARTESIAN_POINT('',(2.225124910549,5.603945566979));
#8191 = CARTESIAN_POINT('',(2.265334597635,5.634830903529));
#8192 = CARTESIAN_POINT('',(2.305182287001,5.667069340927));
#8193 = CARTESIAN_POINT('',(2.344690807954,5.700502621731));
#8194 = CARTESIAN_POINT('',(2.489779225707,5.828161634051));
#8195 = CARTESIAN_POINT('',(2.59330349509,5.928946917486));
#8196 = CARTESIAN_POINT('',(2.695212771959,6.034738331388));
#8197 = CARTESIAN_POINT('',(2.796015127513,6.143497157565));
#8198 = CARTESIAN_POINT('',(2.896220518079,6.253598904506));
#8199 = CARTESIAN_POINT('',(3.020656540186,6.390339730142));
#8200 = CARTESIAN_POINT('',(3.044814742811,6.416887425206));
#8201 = CARTESIAN_POINT('',(3.068980372439,6.44341609569));
#8202 = CARTESIAN_POINT('',(3.093160596425,6.469906218541));
#8203 = CARTESIAN_POINT('',(3.117362413464,6.496338490984));
#8204 = CARTESIAN_POINT('',(3.14159265359,6.522693830523));
#8205 = ( GEOMETRIC_REPRESENTATION_CONTEXT(2) 
PARAMETRIC_REPRESENTATION_CONTEXT() REPRESENTATION_CONTEXT('2D SPACE',''
  ) );
#8206 = ORIENTED_EDGE('',*,*,#6028,.T.);
#8207 = ADVANCED_FACE('',(#8208),#6550,.F.);
#8208 = FACE_BOUND('',#8209,.T.);
#8209 = EDGE_LOOP('',(#8210,#8240,#8261,#8262,#8263));
#8210 = ORIENTED_EDGE('',*,*,#8211,.F.);
#8211 = EDGE_CURVE('',#8212,#8214,#8216,.T.);
#8212 = VERTEX_POINT('',#8213);
#8213 = CARTESIAN_POINT('',(7.2,66.04,39.55));
#8214 = VERTEX_POINT('',#8215);
#8215 = CARTESIAN_POINT('',(3.,72.585227268781,39.55));
#8216 = SURFACE_CURVE('',#8217,(#8222,#8228),.PCURVE_S1.);
#8217 = CIRCLE('',#8218,7.2);
#8218 = AXIS2_PLACEMENT_3D('',#8219,#8220,#8221);
#8219 = CARTESIAN_POINT('',(4.043783730785E-15,66.04,39.55));
#8220 = DIRECTION('',(0.,0.,1.));
#8221 = DIRECTION('',(1.,0.,-0.));
#8222 = PCURVE('',#6550,#8223);
#8223 = DEFINITIONAL_REPRESENTATION('',(#8224),#8227);
#8224 = B_SPLINE_CURVE_WITH_KNOTS('',1,(#8225,#8226),.UNSPECIFIED.,.F.,
  .F.,(2,2),(0.,1.14102089549),.PIECEWISE_BEZIER_KNOTS.);
#8225 = CARTESIAN_POINT('',(-6.28318530718,3.14159265359));
#8226 = CARTESIAN_POINT('',(-7.42420620267,3.14159265359));
#8227 = ( GEOMETRIC_REPRESENTATION_CONTEXT(2) 
PARAMETRIC_REPRESENTATION_CONTEXT() REPRESENTATION_CONTEXT('2D SPACE',''
  ) );
#8228 = PCURVE('',#8229,#8234);
#8229 = CYLINDRICAL_SURFACE('',#8230,7.2);
#8230 = AXIS2_PLACEMENT_3D('',#8231,#8232,#8233);
#8231 = CARTESIAN_POINT('',(4.043783730785E-15,66.04,30.55));
#8232 = DIRECTION('',(0.,0.,1.));
#8233 = DIRECTION('',(1.,0.,-0.));
#8234 = DEFINITIONAL_REPRESENTATION('',(#8235),#8239);
#8235 = LINE('',#8236,#8237);
#8236 = CARTESIAN_POINT('',(0.,9.));
#8237 = VECTOR('',#8238,1.);
#8238 = DIRECTION('',(1.,0.));
#8239 = ( GEOMETRIC_REPRESENTATION_CONTEXT(2) 
PARAMETRIC_REPRESENTATION_CONTEXT() REPRESENTATION_CONTEXT('2D SPACE',''
  ) );
#8240 = ORIENTED_EDGE('',*,*,#8241,.F.);
#8241 = EDGE_CURVE('',#7942,#8212,#8242,.T.);
#8242 = SURFACE_CURVE('',#8243,(#8248,#8254),.PCURVE_S1.);
#8243 = CIRCLE('',#8244,7.2);
#8244 = AXIS2_PLACEMENT_3D('',#8245,#8246,#8247);
#8245 = CARTESIAN_POINT('',(4.043783730785E-15,66.04,39.55));
#8246 = DIRECTION('',(0.,0.,1.));
#8247 = DIRECTION('',(1.,0.,-0.));
#8248 = PCURVE('',#6550,#8249);
#8249 = DEFINITIONAL_REPRESENTATION('',(#8250),#8253);
#8250 = B_SPLINE_CURVE_WITH_KNOTS('',1,(#8251,#8252),.UNSPECIFIED.,.F.,
  .F.,(2,2),(2.000571758099,6.28318530718),.PIECEWISE_BEZIER_KNOTS.);
#8251 = CARTESIAN_POINT('',(-2.000571758099,3.14159265359));
#8252 = CARTESIAN_POINT('',(-6.28318530718,3.14159265359));
#8253 = ( GEOMETRIC_REPRESENTATION_CONTEXT(2) 
PARAMETRIC_REPRESENTATION_CONTEXT() REPRESENTATION_CONTEXT('2D SPACE',''
  ) );
#8254 = PCURVE('',#8229,#8255);
#8255 = DEFINITIONAL_REPRESENTATION('',(#8256),#8260);
#8256 = LINE('',#8257,#8258);
#8257 = CARTESIAN_POINT('',(0.,9.));
#8258 = VECTOR('',#8259,1.);
#8259 = DIRECTION('',(1.,0.));
#8260 = ( GEOMETRIC_REPRESENTATION_CONTEXT(2) 
PARAMETRIC_REPRESENTATION_CONTEXT() REPRESENTATION_CONTEXT('2D SPACE',''
  ) );
#8261 = ORIENTED_EDGE('',*,*,#7964,.T.);
#8262 = ORIENTED_EDGE('',*,*,#6533,.T.);
#8263 = ORIENTED_EDGE('',*,*,#8264,.F.);
#8264 = EDGE_CURVE('',#8214,#6506,#8265,.T.);
#8265 = SURFACE_CURVE('',#8266,(#8294,#8325),.PCURVE_S1.);
#8266 = B_SPLINE_CURVE_WITH_KNOTS('',6,(#8267,#8268,#8269,#8270,#8271,
    #8272,#8273,#8274,#8275,#8276,#8277,#8278,#8279,#8280,#8281,#8282,
    #8283,#8284,#8285,#8286,#8287,#8288,#8289,#8290,#8291,#8292,#8293),
  .UNSPECIFIED.,.F.,.F.,(7,5,5,5,5,7),(0.,0.165424638312,0.338519746878,
    0.490506518782,0.901086516688,1.),.UNSPECIFIED.);
#8267 = CARTESIAN_POINT('',(3.,72.585227268781,39.55));
#8268 = CARTESIAN_POINT('',(3.,72.585227268781,39.454207512512));
#8269 = CARTESIAN_POINT('',(3.005506061334,72.588760329934,
    39.358401786991));
#8270 = CARTESIAN_POINT('',(3.016519353566,72.595827787383,
    39.263231337452));
#8271 = CARTESIAN_POINT('',(3.032911461388,72.606331689388,
    39.169284505429));
#8272 = CARTESIAN_POINT('',(3.054454380931,72.620098724341,
    39.077085783761));
#8273 = CARTESIAN_POINT('',(3.108470596919,72.654488811277,
    38.892925638782));
#8274 = CARTESIAN_POINT('',(3.141408648839,72.675402972662,
    38.801158008475));
#8275 = CARTESIAN_POINT('',(3.179334872962,72.699396762814,
    38.712280942724));
#8276 = CARTESIAN_POINT('',(3.22186205046,72.726176290186,
    38.626652890109));
#8277 = CARTESIAN_POINT('',(3.268601117715,72.75544793466,38.54453005954
    ));
#8278 = CARTESIAN_POINT('',(3.36360207529,72.814586475531,
    38.397212722053));
#8279 = CARTESIAN_POINT('',(3.410983289205,72.843945566977,
    38.331175149757));
#8280 = CARTESIAN_POINT('',(3.461085565628,72.874830903527,
    38.26808879923));
#8281 = CARTESIAN_POINT('',(3.513676455605,72.907069340925,
    38.208029684952));
#8282 = CARTESIAN_POINT('',(3.568541300852,72.940502621729,
    38.151046126184));
#8283 = CARTESIAN_POINT('',(3.779330397796,73.068161634048,
    37.951620569964));
#8284 = CARTESIAN_POINT('',(3.948225726428,73.168946917483,
    37.828874723323));
#8285 = CARTESIAN_POINT('',(4.128629655348,73.274738331386,
    37.729190159874));
#8286 = CARTESIAN_POINT('',(4.317567282624,73.383497157562,
    37.652869068334));
#8287 = CARTESIAN_POINT('',(4.512380231521,73.493598904503,
    37.600012923453));
#8288 = CARTESIAN_POINT('',(4.758637199626,73.630339730131,
    37.564029593366));
#8289 = CARTESIAN_POINT('',(4.80664838263,73.656887425312,
    37.558429675671));
#8290 = CARTESIAN_POINT('',(4.85482667105,73.683416095742,
    37.554220959576));
#8291 = CARTESIAN_POINT('',(4.903135937817,73.709906218369,
    37.551409072358));
#8292 = CARTESIAN_POINT('',(4.951539476138,73.736338490708,
    37.549999982562));
#8293 = CARTESIAN_POINT('',(4.999999999502,73.762693830846,37.55));
#8294 = PCURVE('',#6550,#8295);
#8295 = DEFINITIONAL_REPRESENTATION('',(#8296),#8324);
#8296 = B_SPLINE_CURVE_WITH_KNOTS('',6,(#8297,#8298,#8299,#8300,#8301,
    #8302,#8303,#8304,#8305,#8306,#8307,#8308,#8309,#8310,#8311,#8312,
    #8313,#8314,#8315,#8316,#8317,#8318,#8319,#8320,#8321,#8322,#8323),
  .UNSPECIFIED.,.F.,.F.,(7,5,5,5,5,7),(0.,0.165424638312,0.338519746878,
    0.490506518782,0.901086516688,1.),.UNSPECIFIED.);
#8297 = CARTESIAN_POINT('',(-7.42420620267,3.14159265359));
#8298 = CARTESIAN_POINT('',(-7.42420620267,3.093696409846));
#8299 = CARTESIAN_POINT('',(-7.423715524688,3.045793724871));
#8300 = CARTESIAN_POINT('',(-7.42273385891,2.998010198303));
#8301 = CARTESIAN_POINT('',(-7.421277890141,2.950443810828));
#8302 = CARTESIAN_POINT('',(-7.419376972652,2.90317616048));
#8303 = CARTESIAN_POINT('',(-7.414653611437,2.807216910551));
#8304 = CARTESIAN_POINT('',(-7.411792118286,2.758552705141));
#8305 = CARTESIAN_POINT('',(-7.408526361362,2.7103606476));
#8306 = CARTESIAN_POINT('',(-7.404905731814,2.662672464893));
#8307 = CARTESIAN_POINT('',(-7.400978996968,2.615498929474));
#8308 = CARTESIAN_POINT('',(-7.393113977864,2.527852509319));
#8309 = CARTESIAN_POINT('',(-7.389235478861,2.487264069838));
#8310 = CARTESIAN_POINT('',(-7.385185835688,2.447054382752));
#8311 = CARTESIAN_POINT('',(-7.38099303629,2.407206693387));
#8312 = CARTESIAN_POINT('',(-7.376682199203,2.367698172433));
#8313 = CARTESIAN_POINT('',(-7.360368968879,2.22260975468));
#8314 = CARTESIAN_POINT('',(-7.3477706751,2.119085485298));
#8315 = CARTESIAN_POINT('',(-7.334889091913,2.017176208428));
#8316 = CARTESIAN_POINT('',(-7.322009285387,1.916373852875));
#8317 = CARTESIAN_POINT('',(-7.309322803805,1.816168462308));
#8318 = CARTESIAN_POINT('',(-7.293977336991,1.691732440208));
#8319 = CARTESIAN_POINT('',(-7.291017256535,1.667574237575));
#8320 = CARTESIAN_POINT('',(-7.288078283603,1.643408607957));
#8321 = CARTESIAN_POINT('',(-7.285162314632,1.619228383999));
#8322 = CARTESIAN_POINT('',(-7.282271136066,1.595026566977));
#8323 = CARTESIAN_POINT('',(-7.279406424349,1.570796326795));
#8324 = ( GEOMETRIC_REPRESENTATION_CONTEXT(2) 
PARAMETRIC_REPRESENTATION_CONTEXT() REPRESENTATION_CONTEXT('2D SPACE',''
  ) );
#8325 = PCURVE('',#6521,#8326);
#8326 = DEFINITIONAL_REPRESENTATION('',(#8327),#8355);
#8327 = B_SPLINE_CURVE_WITH_KNOTS('',6,(#8328,#8329,#8330,#8331,#8332,
    #8333,#8334,#8335,#8336,#8337,#8338,#8339,#8340,#8341,#8342,#8343,
    #8344,#8345,#8346,#8347,#8348,#8349,#8350,#8351,#8352,#8353,#8354),
  .UNSPECIFIED.,.F.,.F.,(7,5,5,5,5,7),(0.,0.165424638312,0.338519746878,
    0.490506518782,0.901086516688,1.),.UNSPECIFIED.);
#8328 = CARTESIAN_POINT('',(4.712388980385,5.345227268781));
#8329 = CARTESIAN_POINT('',(4.664492736641,5.345227268781));
#8330 = CARTESIAN_POINT('',(4.616590051666,5.348760329934));
#8331 = CARTESIAN_POINT('',(4.568806525098,5.355827787383));
#8332 = CARTESIAN_POINT('',(4.521240137623,5.366331689388));
#8333 = CARTESIAN_POINT('',(4.473972487275,5.380098724341));
#8334 = CARTESIAN_POINT('',(4.378013237345,5.414488811277));
#8335 = CARTESIAN_POINT('',(4.329349031936,5.435402972662));
#8336 = CARTESIAN_POINT('',(4.281156974395,5.459396762814));
#8337 = CARTESIAN_POINT('',(4.233468791688,5.486176290186));
#8338 = CARTESIAN_POINT('',(4.186295256269,5.51544793466));
#8339 = CARTESIAN_POINT('',(4.098648836114,5.574586475531));
#8340 = CARTESIAN_POINT('',(4.058060396633,5.603945566977));
#8341 = CARTESIAN_POINT('',(4.017850709547,5.634830903527));
#8342 = CARTESIAN_POINT('',(3.978003020182,5.667069340925));
#8343 = CARTESIAN_POINT('',(3.938494499228,5.700502621729));
#8344 = CARTESIAN_POINT('',(3.793406081475,5.828161634048));
#8345 = CARTESIAN_POINT('',(3.689881812093,5.928946917483));
#8346 = CARTESIAN_POINT('',(3.587972535223,6.034738331386));
#8347 = CARTESIAN_POINT('',(3.48717017967,6.143497157562));
#8348 = CARTESIAN_POINT('',(3.386964789103,6.253598904503));
#8349 = CARTESIAN_POINT('',(3.262528767003,6.390339730131));
#8350 = CARTESIAN_POINT('',(3.23837056437,6.416887425312));
#8351 = CARTESIAN_POINT('',(3.214204934752,6.443416095743));
#8352 = CARTESIAN_POINT('',(3.190024710794,6.469906218369));
#8353 = CARTESIAN_POINT('',(3.165822893771,6.496338490708));
#8354 = CARTESIAN_POINT('',(3.14159265359,6.522693830846));
#8355 = ( GEOMETRIC_REPRESENTATION_CONTEXT(2) 
PARAMETRIC_REPRESENTATION_CONTEXT() REPRESENTATION_CONTEXT('2D SPACE',''
  ) );
#8356 = ADVANCED_FACE('',(#8357),#6073,.F.);
#8357 = FACE_BOUND('',#8358,.F.);
#8358 = EDGE_LOOP('',(#8359,#8387,#8388,#8389));
#8359 = ORIENTED_EDGE('',*,*,#8360,.F.);
#8360 = EDGE_CURVE('',#8092,#8361,#8363,.T.);
#8361 = VERTEX_POINT('',#8362);
#8362 = CARTESIAN_POINT('',(-86.98911360876,-53.68728977372,39.55));
#8363 = SURFACE_CURVE('',#8364,(#8368,#8375),.PCURVE_S1.);
#8364 = LINE('',#8365,#8366);
#8365 = CARTESIAN_POINT('',(-56.73154815046,-36.21807621135,39.55));
#8366 = VECTOR('',#8367,1.);
#8367 = DIRECTION('',(-0.866025403784,-0.5,0.));
#8368 = PCURVE('',#6073,#8369);
#8369 = DEFINITIONAL_REPRESENTATION('',(#8370),#8374);
#8370 = LINE('',#8371,#8372);
#8371 = CARTESIAN_POINT('',(1.570796326795,0.));
#8372 = VECTOR('',#8373,1.);
#8373 = DIRECTION('',(0.,1.));
#8374 = ( GEOMETRIC_REPRESENTATION_CONTEXT(2) 
PARAMETRIC_REPRESENTATION_CONTEXT() REPRESENTATION_CONTEXT('2D SPACE',''
  ) );
#8375 = PCURVE('',#8376,#8381);
#8376 = PLANE('',#8377);
#8377 = AXIS2_PLACEMENT_3D('',#8378,#8379,#8380);
#8378 = CARTESIAN_POINT('',(-87.13770007733,-53.77307621135,37.54));
#8379 = DIRECTION('',(-0.5,0.866025403784,0.));
#8380 = DIRECTION('',(0.866025403784,0.5,0.));
#8381 = DEFINITIONAL_REPRESENTATION('',(#8382),#8386);
#8382 = LINE('',#8383,#8384);
#8383 = CARTESIAN_POINT('',(35.11,-2.01));
#8384 = VECTOR('',#8385,1.);
#8385 = DIRECTION('',(-1.,-0.));
#8386 = ( GEOMETRIC_REPRESENTATION_CONTEXT(2) 
PARAMETRIC_REPRESENTATION_CONTEXT() REPRESENTATION_CONTEXT('2D SPACE',''
  ) );
#8387 = ORIENTED_EDGE('',*,*,#8114,.T.);
#8388 = ORIENTED_EDGE('',*,*,#6057,.T.);
#8389 = ORIENTED_EDGE('',*,*,#8390,.F.);
#8390 = EDGE_CURVE('',#8361,#6058,#8391,.T.);
#8391 = SURFACE_CURVE('',#8392,(#8416,#8443),.PCURVE_S1.);
#8392 = B_SPLINE_CURVE_WITH_KNOTS('',8,(#8393,#8394,#8395,#8396,#8397,
    #8398,#8399,#8400,#8401,#8402,#8403,#8404,#8405,#8406,#8407,#8408,
    #8409,#8410,#8411,#8412,#8413,#8414,#8415),.UNSPECIFIED.,.F.,.F.,(9,
    7,7,9),(0.,0.182451691982,0.330328230791,1.),.UNSPECIFIED.);
#8393 = CARTESIAN_POINT('',(-86.98911360876,-53.68728977372,39.55));
#8394 = CARTESIAN_POINT('',(-86.95670728686,-53.66857997505,
    39.444161395875));
#8395 = CARTESIAN_POINT('',(-86.91757710433,-53.65337938879,
    39.341218112299));
#8396 = CARTESIAN_POINT('',(-86.87232804926,-53.64132984078,
    39.241527590623));
#8397 = CARTESIAN_POINT('',(-86.82159445531,-53.63210917787,
    39.145388168614));
#8398 = CARTESIAN_POINT('',(-86.76603695813,-53.62542076421,
    39.053046437229));
#8399 = CARTESIAN_POINT('',(-86.70634045774,-53.6209859313,
    38.964702765815));
#8400 = CARTESIAN_POINT('',(-86.64321308691,-53.61853938145,
    38.880514995738));
#8401 = CARTESIAN_POINT('',(-86.52403368278,-53.61725060367,
    38.735829687726));
#8402 = CARTESIAN_POINT('',(-86.46872184378,-53.61781099333,
    38.6736401536));
#8403 = CARTESIAN_POINT('',(-86.41168629948,-53.61938661355,
    38.613968840555));
#8404 = CARTESIAN_POINT('',(-86.35313459357,-53.62187068622,
    38.556745237638));
#8405 = CARTESIAN_POINT('',(-86.29324600912,-53.62517029638,
    38.501892516273));
#8406 = CARTESIAN_POINT('',(-86.23217139526,-53.62920493309,
    38.449328864088));
#8407 = CARTESIAN_POINT('',(-86.17003299396,-53.63390503024,
    38.398968818733));
#8408 = CARTESIAN_POINT('',(-85.82113090642,-53.66323682261,
    38.132246468352));
#8409 = CARTESIAN_POINT('',(-85.51178700402,-53.69998746188,
    37.95437154034));
#8410 = CARTESIAN_POINT('',(-85.19046003467,-53.74416183624,
    37.813808219229));
#8411 = CARTESIAN_POINT('',(-84.8640483202,-53.7927725136,
    37.706345529713));
#8412 = CARTESIAN_POINT('',(-84.53598716335,-53.84393141023,
    37.628179294078));
#8413 = CARTESIAN_POINT('',(-84.20697102162,-53.89666460631,
    37.576483231353));
#8414 = CARTESIAN_POINT('',(-83.87560771476,-53.95051962775,
    37.55000010766));
#8415 = CARTESIAN_POINT('',(-83.53962386598,-54.00512701892,37.55));
#8416 = PCURVE('',#6073,#8417);
#8417 = DEFINITIONAL_REPRESENTATION('',(#8418),#8442);
#8418 = B_SPLINE_CURVE_WITH_KNOTS('',8,(#8419,#8420,#8421,#8422,#8423,
    #8424,#8425,#8426,#8427,#8428,#8429,#8430,#8431,#8432,#8433,#8434,
    #8435,#8436,#8437,#8438,#8439,#8440,#8441),.UNSPECIFIED.,.F.,.F.,(9,
    7,7,9),(0.,0.182451691982,0.330328230791,1.),.UNSPECIFIED.);
#8419 = CARTESIAN_POINT('',(1.570796326795,34.938427124746));
#8420 = CARTESIAN_POINT('',(1.623715628857,34.901007527402));
#8421 = CARTESIAN_POINT('',(1.675187328324,34.859519502139));
#8422 = CARTESIAN_POINT('',(1.725258256513,34.814307896951));
#8423 = CARTESIAN_POINT('',(1.773953676616,34.765760984307));
#8424 = CARTESIAN_POINT('',(1.82128036011,34.714302573547));
#8425 = CARTESIAN_POINT('',(1.86722846348,34.660386471242));
#8426 = CARTESIAN_POINT('',(1.911772205266,34.604493289501));
#8427 = CARTESIAN_POINT('',(1.989799442211,34.500636509031));
#8428 = CARTESIAN_POINT('',(2.023901194398,34.453015246158));
#8429 = CARTESIAN_POINT('',(2.057226459941,34.404408825979));
#8430 = CARTESIAN_POINT('',(2.08982348285,34.354943597567));
#8431 = CARTESIAN_POINT('',(2.121738269158,34.304728367117));
#8432 = CARTESIAN_POINT('',(2.153015964886,34.253853518335));
#8433 = CARTESIAN_POINT('',(2.183702234001,34.202390132841));
#8434 = CARTESIAN_POINT('',(2.350347127569,33.91489795778));
#8435 = CARTESIAN_POINT('',(2.47743769304,33.665373599438));
#8436 = CARTESIAN_POINT('',(2.597194057661,33.409183468226));
#8437 = CARTESIAN_POINT('',(2.711143276175,33.150807970099));
#8438 = CARTESIAN_POINT('',(2.820805512678,32.892278122566));
#8439 = CARTESIAN_POINT('',(2.927788982681,32.633708383627));
#8440 = CARTESIAN_POINT('',(3.033951216084,32.373666852716));
#8441 = CARTESIAN_POINT('',(3.14159265359,32.11));
#8442 = ( GEOMETRIC_REPRESENTATION_CONTEXT(2) 
PARAMETRIC_REPRESENTATION_CONTEXT() REPRESENTATION_CONTEXT('2D SPACE',''
  ) );
#8443 = PCURVE('',#6101,#8444);
#8444 = DEFINITIONAL_REPRESENTATION('',(#8445),#8469);
#8445 = B_SPLINE_CURVE_WITH_KNOTS('',8,(#8446,#8447,#8448,#8449,#8450,
    #8451,#8452,#8453,#8454,#8455,#8456,#8457,#8458,#8459,#8460,#8461,
    #8462,#8463,#8464,#8465,#8466,#8467,#8468),.UNSPECIFIED.,.F.,.F.,(9,
    7,7,9),(0.,0.182451691982,0.330328230791,1.),.UNSPECIFIED.);
#8446 = CARTESIAN_POINT('',(1.910633236249,12.));
#8447 = CARTESIAN_POINT('',(1.948052833593,12.));
#8448 = CARTESIAN_POINT('',(1.985014555153,12.006400997411));
#8449 = CARTESIAN_POINT('',(2.021447651065,12.01859031027));
#8450 = CARTESIAN_POINT('',(2.057286743158,12.035971778919));
#8451 = CARTESIAN_POINT('',(2.09246768537,12.057958191374));
#8452 = CARTESIAN_POINT('',(2.12692431247,12.0839657636));
#8453 = CARTESIAN_POINT('',(2.160586077092,12.113410674699));
#8454 = CARTESIAN_POINT('',(2.219953173482,12.171884262467));
#8455 = CARTESIAN_POINT('',(2.246050122956,12.200025493647));
#8456 = CARTESIAN_POINT('',(2.271685261132,12.229907792934));
#8457 = CARTESIAN_POINT('',(2.296877386738,12.261334915923));
#8458 = CARTESIAN_POINT('',(2.321646754781,12.294136754376));
#8459 = CARTESIAN_POINT('',(2.346015571737,12.32816815919));
#8460 = CARTESIAN_POINT('',(2.370008490733,12.363307763372));
#8461 = CARTESIAN_POINT('',(2.500729807074,12.563160884478));
#8462 = CARTESIAN_POINT('',(2.602030600538,12.749659822888));
#8463 = CARTESIAN_POINT('',(2.698371910277,12.94857943795));
#8464 = CARTESIAN_POINT('',(2.790637307868,13.153883376674));
#8465 = CARTESIAN_POINT('',(2.879798982549,13.362218859215));
#8466 = CARTESIAN_POINT('',(2.967023151832,13.572395217501));
#8467 = CARTESIAN_POINT('',(3.053703706979,13.784716687622));
#8468 = CARTESIAN_POINT('',(3.14159265359,14.));
#8469 = ( GEOMETRIC_REPRESENTATION_CONTEXT(2) 
PARAMETRIC_REPRESENTATION_CONTEXT() REPRESENTATION_CONTEXT('2D SPACE',''
  ) );
#8470 = ADVANCED_FACE('',(#8471),#6521,.F.);
#8471 = FACE_BOUND('',#8472,.F.);
#8472 = EDGE_LOOP('',(#8473,#8474,#8475,#8503));
#8473 = ORIENTED_EDGE('',*,*,#6505,.F.);
#8474 = ORIENTED_EDGE('',*,*,#8264,.F.);
#8475 = ORIENTED_EDGE('',*,*,#8476,.T.);
#8476 = EDGE_CURVE('',#8214,#8477,#8479,.T.);
#8477 = VERTEX_POINT('',#8478);
#8478 = CARTESIAN_POINT('',(3.,102.17842712474,39.55));
#8479 = SURFACE_CURVE('',#8480,(#8484,#8491),.PCURVE_S1.);
#8480 = LINE('',#8481,#8482);
#8481 = CARTESIAN_POINT('',(3.,67.24,39.55));
#8482 = VECTOR('',#8483,1.);
#8483 = DIRECTION('',(1.110223024625E-16,1.,0.));
#8484 = PCURVE('',#6521,#8485);
#8485 = DEFINITIONAL_REPRESENTATION('',(#8486),#8490);
#8486 = LINE('',#8487,#8488);
#8487 = CARTESIAN_POINT('',(4.712388980385,0.));
#8488 = VECTOR('',#8489,1.);
#8489 = DIRECTION('',(0.,1.));
#8490 = ( GEOMETRIC_REPRESENTATION_CONTEXT(2) 
PARAMETRIC_REPRESENTATION_CONTEXT() REPRESENTATION_CONTEXT('2D SPACE',''
  ) );
#8491 = PCURVE('',#8492,#8497);
#8492 = PLANE('',#8493);
#8493 = AXIS2_PLACEMENT_3D('',#8494,#8495,#8496);
#8494 = CARTESIAN_POINT('',(3.,68.24,37.54));
#8495 = DIRECTION('',(-1.,6.509662999854E-17,0.));
#8496 = DIRECTION('',(6.509662999854E-17,1.,0.));
#8497 = DEFINITIONAL_REPRESENTATION('',(#8498),#8502);
#8498 = LINE('',#8499,#8500);
#8499 = CARTESIAN_POINT('',(-1.,-2.01));
#8500 = VECTOR('',#8501,1.);
#8501 = DIRECTION('',(1.,0.));
#8502 = ( GEOMETRIC_REPRESENTATION_CONTEXT(2) 
PARAMETRIC_REPRESENTATION_CONTEXT() REPRESENTATION_CONTEXT('2D SPACE',''
  ) );
#8503 = ORIENTED_EDGE('',*,*,#8504,.T.);
#8504 = EDGE_CURVE('',#8477,#6478,#8505,.T.);
#8505 = SURFACE_CURVE('',#8506,(#8530,#8557),.PCURVE_S1.);
#8506 = B_SPLINE_CURVE_WITH_KNOTS('',8,(#8507,#8508,#8509,#8510,#8511,
    #8512,#8513,#8514,#8515,#8516,#8517,#8518,#8519,#8520,#8521,#8522,
    #8523,#8524,#8525,#8526,#8527,#8528,#8529),.UNSPECIFIED.,.F.,.F.,(9,
    7,7,9),(0.,0.182451692032,0.330328230831,1.),.UNSPECIFIED.);
#8507 = CARTESIAN_POINT('',(3.,102.17842712474,39.55));
#8508 = CARTESIAN_POINT('',(3.,102.14100752741,39.444161395904));
#8509 = CARTESIAN_POINT('',(3.006400997408,102.09951950214,
    39.341218112312));
#8510 = CARTESIAN_POINT('',(3.018590310269,102.05430789694,
    39.241527590609));
#8511 = CARTESIAN_POINT('',(3.035971778924,102.00576098429,
    39.145388168588));
#8512 = CARTESIAN_POINT('',(3.05795819138,101.95430257353,
    39.053046437214));
#8513 = CARTESIAN_POINT('',(3.083965763599,101.90038647124,
    38.964702765825));
#8514 = CARTESIAN_POINT('',(3.113410674688,101.84449328952,
    38.880514995764));
#8515 = CARTESIAN_POINT('',(3.171884262467,101.74063650903,
    38.735829687726));
#8516 = CARTESIAN_POINT('',(3.200025493647,101.69301524615,38.6736401536
    ));
#8517 = CARTESIAN_POINT('',(3.229907792934,101.64440882597,
    38.613968840555));
#8518 = CARTESIAN_POINT('',(3.261334915923,101.59494359756,
    38.556745237638));
#8519 = CARTESIAN_POINT('',(3.294136754376,101.54472836711,
    38.501892516273));
#8520 = CARTESIAN_POINT('',(3.32816815919,101.49385351833,
    38.449328864088));
#8521 = CARTESIAN_POINT('',(3.363307763372,101.44239013284,
    38.398968818733));
#8522 = CARTESIAN_POINT('',(3.563160884478,101.15489795778,
    38.132246468353));
#8523 = CARTESIAN_POINT('',(3.749659822886,100.90537359944,
    37.954371540341));
#8524 = CARTESIAN_POINT('',(3.948579437955,100.64918346822,
    37.813808219225));
#8525 = CARTESIAN_POINT('',(4.153883376667,100.3908079701,
    37.706345529718));
#8526 = CARTESIAN_POINT('',(4.362218859219,100.13227812256,
    37.628179294074));
#8527 = CARTESIAN_POINT('',(4.5723952175,99.873708383627,37.576483231354
    ));
#8528 = CARTESIAN_POINT('',(4.784716687622,99.613666852716,
    37.55000010766));
#8529 = CARTESIAN_POINT('',(5.,99.35,37.55));
#8530 = PCURVE('',#6521,#8531);
#8531 = DEFINITIONAL_REPRESENTATION('',(#8532),#8556);
#8532 = B_SPLINE_CURVE_WITH_KNOTS('',8,(#8533,#8534,#8535,#8536,#8537,
    #8538,#8539,#8540,#8541,#8542,#8543,#8544,#8545,#8546,#8547,#8548,
    #8549,#8550,#8551,#8552,#8553,#8554,#8555),.UNSPECIFIED.,.F.,.F.,(9,
    7,7,9),(0.,0.182451692032,0.330328230831,1.),.UNSPECIFIED.);
#8533 = CARTESIAN_POINT('',(4.712388980385,34.938427124746));
#8534 = CARTESIAN_POINT('',(4.659469678337,34.901007527412));
#8535 = CARTESIAN_POINT('',(4.607997978862,34.859519502146));
#8536 = CARTESIAN_POINT('',(4.55792705066,34.814307896947));
#8537 = CARTESIAN_POINT('',(4.509231630551,34.765760984293));
#8538 = CARTESIAN_POINT('',(4.461904947061,34.714302573536));
#8539 = CARTESIAN_POINT('',(4.415956843704,34.660386471245));
#8540 = CARTESIAN_POINT('',(4.371413101928,34.60449328952));
#8541 = CARTESIAN_POINT('',(4.293385864969,34.500636509031));
#8542 = CARTESIAN_POINT('',(4.259284112782,34.453015246158));
#8543 = CARTESIAN_POINT('',(4.225958847239,34.404408825979));
#8544 = CARTESIAN_POINT('',(4.19336182433,34.354943597567));
#8545 = CARTESIAN_POINT('',(4.161447038021,34.304728367117));
#8546 = CARTESIAN_POINT('',(4.130169342294,34.253853518335));
#8547 = CARTESIAN_POINT('',(4.099483073178,34.202390132841));
#8548 = CARTESIAN_POINT('',(3.932838179611,33.91489795778));
#8549 = CARTESIAN_POINT('',(3.80574761414,33.66537359944));
#8550 = CARTESIAN_POINT('',(3.685991249514,33.40918346822));
#8551 = CARTESIAN_POINT('',(3.572042031011,33.150807970107));
#8552 = CARTESIAN_POINT('',(3.462379794497,32.892278122562));
#8553 = CARTESIAN_POINT('',(3.3553963245,32.633708383627));
#8554 = CARTESIAN_POINT('',(3.249234091095,32.373666852716));
#8555 = CARTESIAN_POINT('',(3.14159265359,32.11));
#8556 = ( GEOMETRIC_REPRESENTATION_CONTEXT(2) 
PARAMETRIC_REPRESENTATION_CONTEXT() REPRESENTATION_CONTEXT('2D SPACE',''
  ) );
#8557 = PCURVE('',#6493,#8558);
#8558 = DEFINITIONAL_REPRESENTATION('',(#8559),#8583);
#8559 = B_SPLINE_CURVE_WITH_KNOTS('',8,(#8560,#8561,#8562,#8563,#8564,
    #8565,#8566,#8567,#8568,#8569,#8570,#8571,#8572,#8573,#8574,#8575,
    #8576,#8577,#8578,#8579,#8580,#8581,#8582),.UNSPECIFIED.,.F.,.F.,(9,
    7,7,9),(0.,0.182451692032,0.330328230831,1.),.UNSPECIFIED.);
#8560 = CARTESIAN_POINT('',(1.910633236249,6.));
#8561 = CARTESIAN_POINT('',(1.948052833583,6.));
#8562 = CARTESIAN_POINT('',(1.985014555149,5.993599002592));
#8563 = CARTESIAN_POINT('',(2.02144765107,5.981409689731));
#8564 = CARTESIAN_POINT('',(2.057286743167,5.964028221076));
#8565 = CARTESIAN_POINT('',(2.092467685376,5.94204180862));
#8566 = CARTESIAN_POINT('',(2.126924312467,5.916034236401));
#8567 = CARTESIAN_POINT('',(2.160586077081,5.886589325312));
#8568 = CARTESIAN_POINT('',(2.219953173482,5.828115737533));
#8569 = CARTESIAN_POINT('',(2.246050122956,5.799974506353));
#8570 = CARTESIAN_POINT('',(2.271685261132,5.770092207066));
#8571 = CARTESIAN_POINT('',(2.296877386738,5.738665084077));
#8572 = CARTESIAN_POINT('',(2.321646754781,5.705863245624));
#8573 = CARTESIAN_POINT('',(2.346015571737,5.67183184081));
#8574 = CARTESIAN_POINT('',(2.370008490733,5.636692236628));
#8575 = CARTESIAN_POINT('',(2.500729807074,5.436839115522));
#8576 = CARTESIAN_POINT('',(2.602030600537,5.250340177114));
#8577 = CARTESIAN_POINT('',(2.698371910281,5.051420562045));
#8578 = CARTESIAN_POINT('',(2.790637307862,4.846116623333));
#8579 = CARTESIAN_POINT('',(2.879798982554,4.637781140782));
#8580 = CARTESIAN_POINT('',(2.967023151831,4.427604782499));
#8581 = CARTESIAN_POINT('',(3.053703706979,4.215283312378));
#8582 = CARTESIAN_POINT('',(3.14159265359,4.));
#8583 = ( GEOMETRIC_REPRESENTATION_CONTEXT(2) 
PARAMETRIC_REPRESENTATION_CONTEXT() REPRESENTATION_CONTEXT('2D SPACE',''
  ) );
#8584 = ADVANCED_FACE('',(#8585),#6101,.F.);
#8585 = FACE_BOUND('',#8586,.F.);
#8586 = EDGE_LOOP('',(#8587,#8612,#8638,#8639,#8640));
#8587 = ORIENTED_EDGE('',*,*,#8588,.F.);
#8588 = EDGE_CURVE('',#8589,#8591,#8593,.T.);
#8589 = VERTEX_POINT('',#8590);
#8590 = CARTESIAN_POINT('',(-87.13770007733,-53.77307621135,40.55));
#8591 = VERTEX_POINT('',#8592);
#8592 = CARTESIAN_POINT('',(-84.63770007733,-58.10320323027,40.55));
#8593 = SURFACE_CURVE('',#8594,(#8598,#8605),.PCURVE_S1.);
#8594 = LINE('',#8595,#8596);
#8595 = CARTESIAN_POINT('',(-93.13770007733,-43.38077136594,40.55));
#8596 = VECTOR('',#8597,1.);
#8597 = DIRECTION('',(0.5,-0.866025403784,0.));
#8598 = PCURVE('',#6101,#8599);
#8599 = DEFINITIONAL_REPRESENTATION('',(#8600),#8604);
#8600 = LINE('',#8601,#8602);
#8601 = CARTESIAN_POINT('',(1.570796326795,0.));
#8602 = VECTOR('',#8603,1.);
#8603 = DIRECTION('',(0.,1.));
#8604 = ( GEOMETRIC_REPRESENTATION_CONTEXT(2) 
PARAMETRIC_REPRESENTATION_CONTEXT() REPRESENTATION_CONTEXT('2D SPACE',''
  ) );
#8605 = PCURVE('',#7366,#8606);
#8606 = DEFINITIONAL_REPRESENTATION('',(#8607),#8611);
#8607 = LINE('',#8608,#8609);
#8608 = CARTESIAN_POINT('',(17.,-10.));
#8609 = VECTOR('',#8610,1.);
#8610 = DIRECTION('',(-1.,-0.));
#8611 = ( GEOMETRIC_REPRESENTATION_CONTEXT(2) 
PARAMETRIC_REPRESENTATION_CONTEXT() REPRESENTATION_CONTEXT('2D SPACE',''
  ) );
#8612 = ORIENTED_EDGE('',*,*,#8613,.T.);
#8613 = EDGE_CURVE('',#8589,#8361,#8614,.T.);
#8614 = SURFACE_CURVE('',#8615,(#8620,#8627),.PCURVE_S1.);
#8615 = CIRCLE('',#8616,3.);
#8616 = AXIS2_PLACEMENT_3D('',#8617,#8618,#8619);
#8617 = CARTESIAN_POINT('',(-84.53962386598,-52.27307621135,40.55));
#8618 = DIRECTION('',(0.5,-0.866025403784,0.));
#8619 = DIRECTION('',(0.,0.,1.));
#8620 = PCURVE('',#6101,#8621);
#8621 = DEFINITIONAL_REPRESENTATION('',(#8622),#8626);
#8622 = LINE('',#8623,#8624);
#8623 = CARTESIAN_POINT('',(0.,12.));
#8624 = VECTOR('',#8625,1.);
#8625 = DIRECTION('',(1.,0.));
#8626 = ( GEOMETRIC_REPRESENTATION_CONTEXT(2) 
PARAMETRIC_REPRESENTATION_CONTEXT() REPRESENTATION_CONTEXT('2D SPACE',''
  ) );
#8627 = PCURVE('',#8376,#8628);
#8628 = DEFINITIONAL_REPRESENTATION('',(#8629),#8637);
#8629 = ( BOUNDED_CURVE() B_SPLINE_CURVE(2,(#8630,#8631,#8632,#8633,
#8634,#8635,#8636),.UNSPECIFIED.,.T.,.F.) B_SPLINE_CURVE_WITH_KNOTS((1,2
    ,2,2,2,1),(-2.094395102393,0.,2.094395102393,4.188790204786,
6.28318530718,8.377580409573),.UNSPECIFIED.) CURVE() 
GEOMETRIC_REPRESENTATION_ITEM() RATIONAL_B_SPLINE_CURVE((1.,0.5,1.,0.5,
1.,0.5,1.)) REPRESENTATION_ITEM('') );
#8630 = CARTESIAN_POINT('',(3.,-6.01));
#8631 = CARTESIAN_POINT('',(-2.196152422707,-6.01));
#8632 = CARTESIAN_POINT('',(0.401923788647,-1.51));
#8633 = CARTESIAN_POINT('',(3.,2.99));
#8634 = CARTESIAN_POINT('',(5.598076211353,-1.51));
#8635 = CARTESIAN_POINT('',(8.196152422707,-6.01));
#8636 = CARTESIAN_POINT('',(3.,-6.01));
#8637 = ( GEOMETRIC_REPRESENTATION_CONTEXT(2) 
PARAMETRIC_REPRESENTATION_CONTEXT() REPRESENTATION_CONTEXT('2D SPACE',''
  ) );
#8638 = ORIENTED_EDGE('',*,*,#8390,.T.);
#8639 = ORIENTED_EDGE('',*,*,#6085,.T.);
#8640 = ORIENTED_EDGE('',*,*,#8641,.F.);
#8641 = EDGE_CURVE('',#8591,#6086,#8642,.T.);
#8642 = SURFACE_CURVE('',#8643,(#8648,#8655),.PCURVE_S1.);
#8643 = CIRCLE('',#8644,3.);
#8644 = AXIS2_PLACEMENT_3D('',#8645,#8646,#8647);
#8645 = CARTESIAN_POINT('',(-82.03962386598,-56.60320323027,40.55));
#8646 = DIRECTION('',(0.5,-0.866025403784,0.));
#8647 = DIRECTION('',(0.,0.,1.));
#8648 = PCURVE('',#6101,#8649);
#8649 = DEFINITIONAL_REPRESENTATION('',(#8650),#8654);
#8650 = LINE('',#8651,#8652);
#8651 = CARTESIAN_POINT('',(0.,17.));
#8652 = VECTOR('',#8653,1.);
#8653 = DIRECTION('',(1.,0.));
#8654 = ( GEOMETRIC_REPRESENTATION_CONTEXT(2) 
PARAMETRIC_REPRESENTATION_CONTEXT() REPRESENTATION_CONTEXT('2D SPACE',''
  ) );
#8655 = PCURVE('',#6129,#8656);
#8656 = DEFINITIONAL_REPRESENTATION('',(#8657),#8665);
#8657 = ( BOUNDED_CURVE() B_SPLINE_CURVE(2,(#8658,#8659,#8660,#8661,
#8662,#8663,#8664),.UNSPECIFIED.,.T.,.F.) B_SPLINE_CURVE_WITH_KNOTS((1,2
    ,2,2,2,1),(-2.094395102393,0.,2.094395102393,4.188790204786,
6.28318530718,8.377580409573),.UNSPECIFIED.) CURVE() 
GEOMETRIC_REPRESENTATION_ITEM() RATIONAL_B_SPLINE_CURVE((1.,0.5,1.,0.5,
1.,0.5,1.)) REPRESENTATION_ITEM('') );
#8658 = CARTESIAN_POINT('',(14.,-13.));
#8659 = CARTESIAN_POINT('',(8.803847577293,-13.));
#8660 = CARTESIAN_POINT('',(11.401923788647,-8.5));
#8661 = CARTESIAN_POINT('',(14.,-4.));
#8662 = CARTESIAN_POINT('',(16.598076211353,-8.5));
#8663 = CARTESIAN_POINT('',(19.196152422707,-13.));
#8664 = CARTESIAN_POINT('',(14.,-13.));
#8665 = ( GEOMETRIC_REPRESENTATION_CONTEXT(2) 
PARAMETRIC_REPRESENTATION_CONTEXT() REPRESENTATION_CONTEXT('2D SPACE',''
  ) );
#8666 = ADVANCED_FACE('',(#8667),#6493,.F.);
#8667 = FACE_BOUND('',#8668,.F.);
#8668 = EDGE_LOOP('',(#8669,#8694,#8716,#8717,#8718));
#8669 = ORIENTED_EDGE('',*,*,#8670,.F.);
#8670 = EDGE_CURVE('',#8671,#8673,#8675,.T.);
#8671 = VERTEX_POINT('',#8672);
#8672 = CARTESIAN_POINT('',(8.,102.35,40.55));
#8673 = VERTEX_POINT('',#8674);
#8674 = CARTESIAN_POINT('',(3.,102.35,40.55));
#8675 = SURFACE_CURVE('',#8676,(#8680,#8687),.PCURVE_S1.);
#8676 = LINE('',#8677,#8678);
#8677 = CARTESIAN_POINT('',(9.,102.35,40.55));
#8678 = VECTOR('',#8679,1.);
#8679 = DIRECTION('',(-1.,1.110223024625E-16,0.));
#8680 = PCURVE('',#6493,#8681);
#8681 = DEFINITIONAL_REPRESENTATION('',(#8682),#8686);
#8682 = LINE('',#8683,#8684);
#8683 = CARTESIAN_POINT('',(1.570796326795,0.));
#8684 = VECTOR('',#8685,1.);
#8685 = DIRECTION('',(0.,1.));
#8686 = ( GEOMETRIC_REPRESENTATION_CONTEXT(2) 
PARAMETRIC_REPRESENTATION_CONTEXT() REPRESENTATION_CONTEXT('2D SPACE',''
  ) );
#8687 = PCURVE('',#7449,#8688);
#8688 = DEFINITIONAL_REPRESENTATION('',(#8689),#8693);
#8689 = LINE('',#8690,#8691);
#8690 = CARTESIAN_POINT('',(17.,-10.));
#8691 = VECTOR('',#8692,1.);
#8692 = DIRECTION('',(-1.,0.));
#8693 = ( GEOMETRIC_REPRESENTATION_CONTEXT(2) 
PARAMETRIC_REPRESENTATION_CONTEXT() REPRESENTATION_CONTEXT('2D SPACE',''
  ) );
#8694 = ORIENTED_EDGE('',*,*,#8695,.T.);
#8695 = EDGE_CURVE('',#8671,#6450,#8696,.T.);
#8696 = SURFACE_CURVE('',#8697,(#8702,#8709),.PCURVE_S1.);
#8697 = CIRCLE('',#8698,3.);
#8698 = AXIS2_PLACEMENT_3D('',#8699,#8700,#8701);
#8699 = CARTESIAN_POINT('',(8.,99.35,40.55));
#8700 = DIRECTION('',(-1.,1.110223024625E-16,0.));
#8701 = DIRECTION('',(0.,0.,1.));
#8702 = PCURVE('',#6493,#8703);
#8703 = DEFINITIONAL_REPRESENTATION('',(#8704),#8708);
#8704 = LINE('',#8705,#8706);
#8705 = CARTESIAN_POINT('',(0.,1.));
#8706 = VECTOR('',#8707,1.);
#8707 = DIRECTION('',(1.,0.));
#8708 = ( GEOMETRIC_REPRESENTATION_CONTEXT(2) 
PARAMETRIC_REPRESENTATION_CONTEXT() REPRESENTATION_CONTEXT('2D SPACE',''
  ) );
#8709 = PCURVE('',#6465,#8710);
#8710 = DEFINITIONAL_REPRESENTATION('',(#8711),#8715);
#8711 = CIRCLE('',#8712,3.);
#8712 = AXIS2_PLACEMENT_2D('',#8713,#8714);
#8713 = CARTESIAN_POINT('',(3.01,0.));
#8714 = DIRECTION('',(1.,0.));
#8715 = ( GEOMETRIC_REPRESENTATION_CONTEXT(2) 
PARAMETRIC_REPRESENTATION_CONTEXT() REPRESENTATION_CONTEXT('2D SPACE',''
  ) );
#8716 = ORIENTED_EDGE('',*,*,#6477,.T.);
#8717 = ORIENTED_EDGE('',*,*,#8504,.F.);
#8718 = ORIENTED_EDGE('',*,*,#8719,.F.);
#8719 = EDGE_CURVE('',#8673,#8477,#8720,.T.);
#8720 = SURFACE_CURVE('',#8721,(#8726,#8733),.PCURVE_S1.);
#8721 = CIRCLE('',#8722,3.);
#8722 = AXIS2_PLACEMENT_3D('',#8723,#8724,#8725);
#8723 = CARTESIAN_POINT('',(3.,99.35,40.55));
#8724 = DIRECTION('',(-1.,1.110223024625E-16,0.));
#8725 = DIRECTION('',(0.,0.,1.));
#8726 = PCURVE('',#6493,#8727);
#8727 = DEFINITIONAL_REPRESENTATION('',(#8728),#8732);
#8728 = LINE('',#8729,#8730);
#8729 = CARTESIAN_POINT('',(0.,6.));
#8730 = VECTOR('',#8731,1.);
#8731 = DIRECTION('',(1.,0.));
#8732 = ( GEOMETRIC_REPRESENTATION_CONTEXT(2) 
PARAMETRIC_REPRESENTATION_CONTEXT() REPRESENTATION_CONTEXT('2D SPACE',''
  ) );
#8733 = PCURVE('',#8492,#8734);
#8734 = DEFINITIONAL_REPRESENTATION('',(#8735),#8739);
#8735 = CIRCLE('',#8736,3.);
#8736 = AXIS2_PLACEMENT_2D('',#8737,#8738);
#8737 = CARTESIAN_POINT('',(31.11,-3.01));
#8738 = DIRECTION('',(0.,-1.));
#8739 = ( GEOMETRIC_REPRESENTATION_CONTEXT(2) 
PARAMETRIC_REPRESENTATION_CONTEXT() REPRESENTATION_CONTEXT('2D SPACE',''
  ) );
#8740 = ADVANCED_FACE('',(#8741),#6129,.F.);
#8741 = FACE_BOUND('',#8742,.F.);
#8742 = EDGE_LOOP('',(#8743,#8766,#8767,#8768,#8791));
#8743 = ORIENTED_EDGE('',*,*,#8744,.F.);
#8744 = EDGE_CURVE('',#8591,#8745,#8747,.T.);
#8745 = VERTEX_POINT('',#8746);
#8746 = CARTESIAN_POINT('',(-84.63770007733,-58.10320323027,79.35));
#8747 = SURFACE_CURVE('',#8748,(#8752,#8759),.PCURVE_S1.);
#8748 = LINE('',#8749,#8750);
#8749 = CARTESIAN_POINT('',(-84.63770007733,-58.10320323027,30.55));
#8750 = VECTOR('',#8751,1.);
#8751 = DIRECTION('',(0.,0.,1.));
#8752 = PCURVE('',#6129,#8753);
#8753 = DEFINITIONAL_REPRESENTATION('',(#8754),#8758);
#8754 = LINE('',#8755,#8756);
#8755 = CARTESIAN_POINT('',(11.,0.));
#8756 = VECTOR('',#8757,1.);
#8757 = DIRECTION('',(0.,-1.));
#8758 = ( GEOMETRIC_REPRESENTATION_CONTEXT(2) 
PARAMETRIC_REPRESENTATION_CONTEXT() REPRESENTATION_CONTEXT('2D SPACE',''
  ) );
#8759 = PCURVE('',#7366,#8760);
#8760 = DEFINITIONAL_REPRESENTATION('',(#8761),#8765);
#8761 = LINE('',#8762,#8763);
#8762 = CARTESIAN_POINT('',(0.,0.));
#8763 = VECTOR('',#8764,1.);
#8764 = DIRECTION('',(0.,-1.));
#8765 = ( GEOMETRIC_REPRESENTATION_CONTEXT(2) 
PARAMETRIC_REPRESENTATION_CONTEXT() REPRESENTATION_CONTEXT('2D SPACE',''
  ) );
#8766 = ORIENTED_EDGE('',*,*,#8641,.T.);
#8767 = ORIENTED_EDGE('',*,*,#6113,.T.);
#8768 = ORIENTED_EDGE('',*,*,#8769,.T.);
#8769 = EDGE_CURVE('',#6114,#8770,#8772,.T.);
#8770 = VERTEX_POINT('',#8771);
#8771 = CARTESIAN_POINT('',(-94.16397951896,-63.60320323027,79.35));
#8772 = SURFACE_CURVE('',#8773,(#8777,#8784),.PCURVE_S1.);
#8773 = LINE('',#8774,#8775);
#8774 = CARTESIAN_POINT('',(-94.16397951896,-63.60320323027,30.55));
#8775 = VECTOR('',#8776,1.);
#8776 = DIRECTION('',(0.,0.,1.));
#8777 = PCURVE('',#6129,#8778);
#8778 = DEFINITIONAL_REPRESENTATION('',(#8779),#8783);
#8779 = LINE('',#8780,#8781);
#8780 = CARTESIAN_POINT('',(0.,0.));
#8781 = VECTOR('',#8782,1.);
#8782 = DIRECTION('',(0.,-1.));
#8783 = ( GEOMETRIC_REPRESENTATION_CONTEXT(2) 
PARAMETRIC_REPRESENTATION_CONTEXT() REPRESENTATION_CONTEXT('2D SPACE',''
  ) );
#8784 = PCURVE('',#7257,#8785);
#8785 = DEFINITIONAL_REPRESENTATION('',(#8786),#8790);
#8786 = LINE('',#8787,#8788);
#8787 = CARTESIAN_POINT('',(16.,0.));
#8788 = VECTOR('',#8789,1.);
#8789 = DIRECTION('',(0.,-1.));
#8790 = ( GEOMETRIC_REPRESENTATION_CONTEXT(2) 
PARAMETRIC_REPRESENTATION_CONTEXT() REPRESENTATION_CONTEXT('2D SPACE',''
  ) );
#8791 = ORIENTED_EDGE('',*,*,#8792,.T.);
#8792 = EDGE_CURVE('',#8770,#8745,#8793,.T.);
#8793 = SURFACE_CURVE('',#8794,(#8798,#8805),.PCURVE_S1.);
#8794 = LINE('',#8795,#8796);
#8795 = CARTESIAN_POINT('',(-94.16397951896,-63.60320323027,79.35));
#8796 = VECTOR('',#8797,1.);
#8797 = DIRECTION('',(0.866025403784,0.5,0.));
#8798 = PCURVE('',#6129,#8799);
#8799 = DEFINITIONAL_REPRESENTATION('',(#8800),#8804);
#8800 = LINE('',#8801,#8802);
#8801 = CARTESIAN_POINT('',(0.,-48.8));
#8802 = VECTOR('',#8803,1.);
#8803 = DIRECTION('',(1.,0.));
#8804 = ( GEOMETRIC_REPRESENTATION_CONTEXT(2) 
PARAMETRIC_REPRESENTATION_CONTEXT() REPRESENTATION_CONTEXT('2D SPACE',''
  ) );
#8805 = PCURVE('',#7394,#8806);
#8806 = DEFINITIONAL_REPRESENTATION('',(#8807),#8811);
#8807 = LINE('',#8808,#8809);
#8808 = CARTESIAN_POINT('',(-0.763139720814,-9.678203230276));
#8809 = VECTOR('',#8810,1.);
#8810 = DIRECTION('',(0.866025403784,0.5));
#8811 = ( GEOMETRIC_REPRESENTATION_CONTEXT(2) 
PARAMETRIC_REPRESENTATION_CONTEXT() REPRESENTATION_CONTEXT('2D SPACE',''
  ) );
#8812 = ADVANCED_FACE('',(#8813),#6465,.F.);
#8813 = FACE_BOUND('',#8814,.F.);
#8814 = EDGE_LOOP('',(#8815,#8816,#8839,#8862,#8883));
#8815 = ORIENTED_EDGE('',*,*,#8695,.F.);
#8816 = ORIENTED_EDGE('',*,*,#8817,.T.);
#8817 = EDGE_CURVE('',#8671,#8818,#8820,.T.);
#8818 = VERTEX_POINT('',#8819);
#8819 = CARTESIAN_POINT('',(8.,102.35,79.35));
#8820 = SURFACE_CURVE('',#8821,(#8825,#8832),.PCURVE_S1.);
#8821 = LINE('',#8822,#8823);
#8822 = CARTESIAN_POINT('',(8.,102.35,30.55));
#8823 = VECTOR('',#8824,1.);
#8824 = DIRECTION('',(0.,0.,1.));
#8825 = PCURVE('',#6465,#8826);
#8826 = DEFINITIONAL_REPRESENTATION('',(#8827),#8831);
#8827 = LINE('',#8828,#8829);
#8828 = CARTESIAN_POINT('',(-6.99,3.));
#8829 = VECTOR('',#8830,1.);
#8830 = DIRECTION('',(1.,0.));
#8831 = ( GEOMETRIC_REPRESENTATION_CONTEXT(2) 
PARAMETRIC_REPRESENTATION_CONTEXT() REPRESENTATION_CONTEXT('2D SPACE',''
  ) );
#8832 = PCURVE('',#7449,#8833);
#8833 = DEFINITIONAL_REPRESENTATION('',(#8834),#8838);
#8834 = LINE('',#8835,#8836);
#8835 = CARTESIAN_POINT('',(16.,0.));
#8836 = VECTOR('',#8837,1.);
#8837 = DIRECTION('',(0.,-1.));
#8838 = ( GEOMETRIC_REPRESENTATION_CONTEXT(2) 
PARAMETRIC_REPRESENTATION_CONTEXT() REPRESENTATION_CONTEXT('2D SPACE',''
  ) );
#8839 = ORIENTED_EDGE('',*,*,#8840,.T.);
#8840 = EDGE_CURVE('',#8818,#8841,#8843,.T.);
#8841 = VERTEX_POINT('',#8842);
#8842 = CARTESIAN_POINT('',(8.,113.35,79.35));
#8843 = SURFACE_CURVE('',#8844,(#8848,#8855),.PCURVE_S1.);
#8844 = LINE('',#8845,#8846);
#8845 = CARTESIAN_POINT('',(8.,102.35,79.35));
#8846 = VECTOR('',#8847,1.);
#8847 = DIRECTION('',(0.,1.,0.));
#8848 = PCURVE('',#6465,#8849);
#8849 = DEFINITIONAL_REPRESENTATION('',(#8850),#8854);
#8850 = LINE('',#8851,#8852);
#8851 = CARTESIAN_POINT('',(41.81,3.));
#8852 = VECTOR('',#8853,1.);
#8853 = DIRECTION('',(0.,1.));
#8854 = ( GEOMETRIC_REPRESENTATION_CONTEXT(2) 
PARAMETRIC_REPRESENTATION_CONTEXT() REPRESENTATION_CONTEXT('2D SPACE',''
  ) );
#8855 = PCURVE('',#7525,#8856);
#8856 = DEFINITIONAL_REPRESENTATION('',(#8857),#8861);
#8857 = LINE('',#8858,#8859);
#8858 = CARTESIAN_POINT('',(8.,-5.5));
#8859 = VECTOR('',#8860,1.);
#8860 = DIRECTION('',(0.,1.));
#8861 = ( GEOMETRIC_REPRESENTATION_CONTEXT(2) 
PARAMETRIC_REPRESENTATION_CONTEXT() REPRESENTATION_CONTEXT('2D SPACE',''
  ) );
#8862 = ORIENTED_EDGE('',*,*,#8863,.F.);
#8863 = EDGE_CURVE('',#6422,#8841,#8864,.T.);
#8864 = SURFACE_CURVE('',#8865,(#8869,#8876),.PCURVE_S1.);
#8865 = LINE('',#8866,#8867);
#8866 = CARTESIAN_POINT('',(8.,113.35,30.55));
#8867 = VECTOR('',#8868,1.);
#8868 = DIRECTION('',(0.,0.,1.));
#8869 = PCURVE('',#6465,#8870);
#8870 = DEFINITIONAL_REPRESENTATION('',(#8871),#8875);
#8871 = LINE('',#8872,#8873);
#8872 = CARTESIAN_POINT('',(-6.99,14.));
#8873 = VECTOR('',#8874,1.);
#8874 = DIRECTION('',(1.,0.));
#8875 = ( GEOMETRIC_REPRESENTATION_CONTEXT(2) 
PARAMETRIC_REPRESENTATION_CONTEXT() REPRESENTATION_CONTEXT('2D SPACE',''
  ) );
#8876 = PCURVE('',#7309,#8877);
#8877 = DEFINITIONAL_REPRESENTATION('',(#8878),#8882);
#8878 = LINE('',#8879,#8880);
#8879 = CARTESIAN_POINT('',(0.,-0.));
#8880 = VECTOR('',#8881,1.);
#8881 = DIRECTION('',(0.,-1.));
#8882 = ( GEOMETRIC_REPRESENTATION_CONTEXT(2) 
PARAMETRIC_REPRESENTATION_CONTEXT() REPRESENTATION_CONTEXT('2D SPACE',''
  ) );
#8883 = ORIENTED_EDGE('',*,*,#6449,.T.);
#8884 = ADVANCED_FACE('',(#8885),#6157,.F.);
#8885 = FACE_BOUND('',#8886,.F.);
#8886 = EDGE_LOOP('',(#8887,#8912,#8933,#8934));
#8887 = ORIENTED_EDGE('',*,*,#8888,.F.);
#8888 = EDGE_CURVE('',#8889,#8891,#8893,.T.);
#8889 = VERTEX_POINT('',#8890);
#8890 = CARTESIAN_POINT('',(-94.16397951896,-63.60320323027,30.55));
#8891 = VERTEX_POINT('',#8892);
#8892 = CARTESIAN_POINT('',(-61.11401958073,-48.85257629527,30.55));
#8893 = SURFACE_CURVE('',#8894,(#8898,#8905),.PCURVE_S1.);
#8894 = LINE('',#8895,#8896);
#8895 = CARTESIAN_POINT('',(-94.16397951896,-63.60320323027,30.55));
#8896 = VECTOR('',#8897,1.);
#8897 = DIRECTION('',(0.913177161813,0.407562843182,0.));
#8898 = PCURVE('',#6157,#8899);
#8899 = DEFINITIONAL_REPRESENTATION('',(#8900),#8904);
#8900 = LINE('',#8901,#8902);
#8901 = CARTESIAN_POINT('',(0.,0.));
#8902 = VECTOR('',#8903,1.);
#8903 = DIRECTION('',(1.,0.));
#8904 = ( GEOMETRIC_REPRESENTATION_CONTEXT(2) 
PARAMETRIC_REPRESENTATION_CONTEXT() REPRESENTATION_CONTEXT('2D SPACE',''
  ) );
#8905 = PCURVE('',#7183,#8906);
#8906 = DEFINITIONAL_REPRESENTATION('',(#8907),#8911);
#8907 = LINE('',#8908,#8909);
#8908 = CARTESIAN_POINT('',(-16.92306274629,-19.00813913912));
#8909 = VECTOR('',#8910,1.);
#8910 = DIRECTION('',(0.913177161813,0.407562843182));
#8911 = ( GEOMETRIC_REPRESENTATION_CONTEXT(2) 
PARAMETRIC_REPRESENTATION_CONTEXT() REPRESENTATION_CONTEXT('2D SPACE',''
  ) );
#8912 = ORIENTED_EDGE('',*,*,#8913,.T.);
#8913 = EDGE_CURVE('',#8889,#6114,#8914,.T.);
#8914 = SURFACE_CURVE('',#8915,(#8919,#8926),.PCURVE_S1.);
#8915 = LINE('',#8916,#8917);
#8916 = CARTESIAN_POINT('',(-94.16397951896,-63.60320323027,30.55));
#8917 = VECTOR('',#8918,1.);
#8918 = DIRECTION('',(0.,0.,1.));
#8919 = PCURVE('',#6157,#8920);
#8920 = DEFINITIONAL_REPRESENTATION('',(#8921),#8925);
#8921 = LINE('',#8922,#8923);
#8922 = CARTESIAN_POINT('',(0.,0.));
#8923 = VECTOR('',#8924,1.);
#8924 = DIRECTION('',(0.,-1.));
#8925 = ( GEOMETRIC_REPRESENTATION_CONTEXT(2) 
PARAMETRIC_REPRESENTATION_CONTEXT() REPRESENTATION_CONTEXT('2D SPACE',''
  ) );
#8926 = PCURVE('',#7257,#8927);
#8927 = DEFINITIONAL_REPRESENTATION('',(#8928),#8932);
#8928 = LINE('',#8929,#8930);
#8929 = CARTESIAN_POINT('',(16.,0.));
#8930 = VECTOR('',#8931,1.);
#8931 = DIRECTION('',(0.,-1.));
#8932 = ( GEOMETRIC_REPRESENTATION_CONTEXT(2) 
PARAMETRIC_REPRESENTATION_CONTEXT() REPRESENTATION_CONTEXT('2D SPACE',''
  ) );
#8933 = ORIENTED_EDGE('',*,*,#6141,.T.);
#8934 = ORIENTED_EDGE('',*,*,#8935,.F.);
#8935 = EDGE_CURVE('',#8891,#6142,#8936,.T.);
#8936 = SURFACE_CURVE('',#8937,(#8941,#8947),.PCURVE_S1.);
#8937 = LINE('',#8938,#8939);
#8938 = CARTESIAN_POINT('',(-61.11401958073,-48.85257629527,30.55));
#8939 = VECTOR('',#8940,1.);
#8940 = DIRECTION('',(0.,0.,1.));
#8941 = PCURVE('',#6157,#8942);
#8942 = DEFINITIONAL_REPRESENTATION('',(#8943),#8946);
#8943 = B_SPLINE_CURVE_WITH_KNOTS('',1,(#8944,#8945),.UNSPECIFIED.,.F.,
  .F.,(2,2),(-5.999999999062E-07,7.0000006),.PIECEWISE_BEZIER_KNOTS.);
#8944 = CARTESIAN_POINT('',(36.192276066783,5.999999999062E-07));
#8945 = CARTESIAN_POINT('',(36.192276066783,-7.0000006));
#8946 = ( GEOMETRIC_REPRESENTATION_CONTEXT(2) 
PARAMETRIC_REPRESENTATION_CONTEXT() REPRESENTATION_CONTEXT('2D SPACE',''
  ) );
#8947 = PCURVE('',#6190,#8948);
#8948 = DEFINITIONAL_REPRESENTATION('',(#8949),#8952);
#8949 = B_SPLINE_CURVE_WITH_KNOTS('',1,(#8950,#8951),.UNSPECIFIED.,.F.,
  .F.,(2,2),(-5.999999999062E-07,7.0000006),.PIECEWISE_BEZIER_KNOTS.);
#8950 = CARTESIAN_POINT('',(3.8159479583,-5.999999999062E-07));
#8951 = CARTESIAN_POINT('',(3.8159479583,7.0000006));
#8952 = ( GEOMETRIC_REPRESENTATION_CONTEXT(2) 
PARAMETRIC_REPRESENTATION_CONTEXT() REPRESENTATION_CONTEXT('2D SPACE',''
  ) );
#8953 = ADVANCED_FACE('',(#8954),#6437,.F.);
#8954 = FACE_BOUND('',#8955,.F.);
#8955 = EDGE_LOOP('',(#8956,#8981,#9000,#9001));
#8956 = ORIENTED_EDGE('',*,*,#8957,.F.);
#8957 = EDGE_CURVE('',#8958,#8960,#8962,.T.);
#8958 = VERTEX_POINT('',#8959);
#8959 = CARTESIAN_POINT('',(11.750562321657,77.352581631933,30.55));
#8960 = VERTEX_POINT('',#8961);
#8961 = CARTESIAN_POINT('',(8.,113.35,30.55));
#8962 = SURFACE_CURVE('',#8963,(#8967,#8974),.PCURVE_S1.);
#8963 = LINE('',#8964,#8965);
#8964 = CARTESIAN_POINT('',(12.7,68.24,30.55));
#8965 = VECTOR('',#8966,1.);
#8966 = DIRECTION('',(-0.103628805073,0.994616041877,0.));
#8967 = PCURVE('',#6437,#8968);
#8968 = DEFINITIONAL_REPRESENTATION('',(#8969),#8973);
#8969 = LINE('',#8970,#8971);
#8970 = CARTESIAN_POINT('',(0.,0.));
#8971 = VECTOR('',#8972,1.);
#8972 = DIRECTION('',(1.,0.));
#8973 = ( GEOMETRIC_REPRESENTATION_CONTEXT(2) 
PARAMETRIC_REPRESENTATION_CONTEXT() REPRESENTATION_CONTEXT('2D SPACE',''
  ) );
#8974 = PCURVE('',#7183,#8975);
#8975 = DEFINITIONAL_REPRESENTATION('',(#8976),#8980);
#8976 = LINE('',#8977,#8978);
#8977 = CARTESIAN_POINT('',(89.940916772668,112.83506409115));
#8978 = VECTOR('',#8979,1.);
#8979 = DIRECTION('',(-0.103628805073,0.994616041877));
#8980 = ( GEOMETRIC_REPRESENTATION_CONTEXT(2) 
PARAMETRIC_REPRESENTATION_CONTEXT() REPRESENTATION_CONTEXT('2D SPACE',''
  ) );
#8981 = ORIENTED_EDGE('',*,*,#8982,.T.);
#8982 = EDGE_CURVE('',#8958,#6389,#8983,.T.);
#8983 = SURFACE_CURVE('',#8984,(#8988,#8994),.PCURVE_S1.);
#8984 = LINE('',#8985,#8986);
#8985 = CARTESIAN_POINT('',(11.750562321656,77.352581631933,30.55));
#8986 = VECTOR('',#8987,1.);
#8987 = DIRECTION('',(0.,0.,1.));
#8988 = PCURVE('',#6437,#8989);
#8989 = DEFINITIONAL_REPRESENTATION('',(#8990),#8993);
#8990 = B_SPLINE_CURVE_WITH_KNOTS('',1,(#8991,#8992),.UNSPECIFIED.,.F.,
  .F.,(2,2),(-5.999999999062E-07,7.0000006),.PIECEWISE_BEZIER_KNOTS.);
#8991 = CARTESIAN_POINT('',(9.161908966133,5.999999999062E-07));
#8992 = CARTESIAN_POINT('',(9.161908966133,-7.0000006));
#8993 = ( GEOMETRIC_REPRESENTATION_CONTEXT(2) 
PARAMETRIC_REPRESENTATION_CONTEXT() REPRESENTATION_CONTEXT('2D SPACE',''
  ) );
#8994 = PCURVE('',#6409,#8995);
#8995 = DEFINITIONAL_REPRESENTATION('',(#8996),#8999);
#8996 = B_SPLINE_CURVE_WITH_KNOTS('',1,(#8997,#8998),.UNSPECIFIED.,.F.,
  .F.,(2,2),(0.,7.),.PIECEWISE_BEZIER_KNOTS.);
#8997 = CARTESIAN_POINT('',(7.703225104863,0.));
#8998 = CARTESIAN_POINT('',(7.703225104863,7.));
#8999 = ( GEOMETRIC_REPRESENTATION_CONTEXT(2) 
PARAMETRIC_REPRESENTATION_CONTEXT() REPRESENTATION_CONTEXT('2D SPACE',''
  ) );
#9000 = ORIENTED_EDGE('',*,*,#6421,.T.);
#9001 = ORIENTED_EDGE('',*,*,#9002,.F.);
#9002 = EDGE_CURVE('',#8960,#6422,#9003,.T.);
#9003 = SURFACE_CURVE('',#9004,(#9008,#9015),.PCURVE_S1.);
#9004 = LINE('',#9005,#9006);
#9005 = CARTESIAN_POINT('',(8.,113.35,30.55));
#9006 = VECTOR('',#9007,1.);
#9007 = DIRECTION('',(0.,0.,1.));
#9008 = PCURVE('',#6437,#9009);
#9009 = DEFINITIONAL_REPRESENTATION('',(#9010),#9014);
#9010 = LINE('',#9011,#9012);
#9011 = CARTESIAN_POINT('',(45.354185032916,0.));
#9012 = VECTOR('',#9013,1.);
#9013 = DIRECTION('',(0.,-1.));
#9014 = ( GEOMETRIC_REPRESENTATION_CONTEXT(2) 
PARAMETRIC_REPRESENTATION_CONTEXT() REPRESENTATION_CONTEXT('2D SPACE',''
  ) );
#9015 = PCURVE('',#7309,#9016);
#9016 = DEFINITIONAL_REPRESENTATION('',(#9017),#9021);
#9017 = LINE('',#9018,#9019);
#9018 = CARTESIAN_POINT('',(0.,-0.));
#9019 = VECTOR('',#9020,1.);
#9020 = DIRECTION('',(0.,-1.));
#9021 = ( GEOMETRIC_REPRESENTATION_CONTEXT(2) 
PARAMETRIC_REPRESENTATION_CONTEXT() REPRESENTATION_CONTEXT('2D SPACE',''
  ) );
#9022 = ADVANCED_FACE('',(#9023),#6190,.T.);
#9023 = FACE_BOUND('',#9024,.T.);
#9024 = EDGE_LOOP('',(#9025,#9026,#9050,#9069));
#9025 = ORIENTED_EDGE('',*,*,#8935,.F.);
#9026 = ORIENTED_EDGE('',*,*,#9027,.T.);
#9027 = EDGE_CURVE('',#8891,#9028,#9030,.T.);
#9028 = VERTEX_POINT('',#9029);
#9029 = CARTESIAN_POINT('',(61.114019580738,-48.85257629527,30.55));
#9030 = SURFACE_CURVE('',#9031,(#9036,#9043),.PCURVE_S1.);
#9031 = CIRCLE('',#9032,78.24);
#9032 = AXIS2_PLACEMENT_3D('',#9033,#9034,#9035);
#9033 = CARTESIAN_POINT('',(0.,0.,30.55));
#9034 = DIRECTION('',(0.,0.,1.));
#9035 = DIRECTION('',(-0.150186123743,0.988657740694,0.));
#9036 = PCURVE('',#6190,#9037);
#9037 = DEFINITIONAL_REPRESENTATION('',(#9038),#9042);
#9038 = LINE('',#9039,#9040);
#9039 = CARTESIAN_POINT('',(1.721552855907,0.));
#9040 = VECTOR('',#9041,1.);
#9041 = DIRECTION('',(1.,0.));
#9042 = ( GEOMETRIC_REPRESENTATION_CONTEXT(2) 
PARAMETRIC_REPRESENTATION_CONTEXT() REPRESENTATION_CONTEXT('2D SPACE',''
  ) );
#9043 = PCURVE('',#7183,#9044);
#9044 = DEFINITIONAL_REPRESENTATION('',(#9045),#9049);
#9045 = CIRCLE('',#9046,78.24);
#9046 = AXIS2_PLACEMENT_2D('',#9047,#9048);
#9047 = CARTESIAN_POINT('',(77.240916772668,44.595064091154));
#9048 = DIRECTION('',(-0.150186123743,0.988657740694));
#9049 = ( GEOMETRIC_REPRESENTATION_CONTEXT(2) 
PARAMETRIC_REPRESENTATION_CONTEXT() REPRESENTATION_CONTEXT('2D SPACE',''
  ) );
#9050 = ORIENTED_EDGE('',*,*,#9051,.T.);
#9051 = EDGE_CURVE('',#9028,#6170,#9052,.T.);
#9052 = SURFACE_CURVE('',#9053,(#9057,#9063),.PCURVE_S1.);
#9053 = LINE('',#9054,#9055);
#9054 = CARTESIAN_POINT('',(61.114019580735,-48.85257629527,30.55));
#9055 = VECTOR('',#9056,1.);
#9056 = DIRECTION('',(0.,0.,1.));
#9057 = PCURVE('',#6190,#9058);
#9058 = DEFINITIONAL_REPRESENTATION('',(#9059),#9062);
#9059 = B_SPLINE_CURVE_WITH_KNOTS('',1,(#9060,#9061),.UNSPECIFIED.,.F.,
  .F.,(2,2),(-5.999999999062E-07,7.0000006),.PIECEWISE_BEZIER_KNOTS.);
#9060 = CARTESIAN_POINT('',(5.60883000247,-5.999999999062E-07));
#9061 = CARTESIAN_POINT('',(5.60883000247,7.0000006));
#9062 = ( GEOMETRIC_REPRESENTATION_CONTEXT(2) 
PARAMETRIC_REPRESENTATION_CONTEXT() REPRESENTATION_CONTEXT('2D SPACE',''
  ) );
#9063 = PCURVE('',#6218,#9064);
#9064 = DEFINITIONAL_REPRESENTATION('',(#9065),#9068);
#9065 = B_SPLINE_CURVE_WITH_KNOTS('',1,(#9066,#9067),.UNSPECIFIED.,.F.,
  .F.,(2,2),(-5.999999999062E-07,7.0000006),.PIECEWISE_BEZIER_KNOTS.);
#9066 = CARTESIAN_POINT('',(9.161908966133,5.999999999062E-07));
#9067 = CARTESIAN_POINT('',(9.161908966133,-7.0000006));
#9068 = ( GEOMETRIC_REPRESENTATION_CONTEXT(2) 
PARAMETRIC_REPRESENTATION_CONTEXT() REPRESENTATION_CONTEXT('2D SPACE',''
  ) );
#9069 = ORIENTED_EDGE('',*,*,#6169,.T.);
#9070 = ADVANCED_FACE('',(#9071),#6409,.T.);
#9071 = FACE_BOUND('',#9072,.T.);
#9072 = EDGE_LOOP('',(#9073,#9094,#9116,#9117));
#9073 = ORIENTED_EDGE('',*,*,#9074,.F.);
#9074 = EDGE_CURVE('',#9075,#6361,#9077,.T.);
#9075 = VERTEX_POINT('',#9076);
#9076 = CARTESIAN_POINT('',(72.864581902392,-28.50000533665,30.55));
#9077 = SURFACE_CURVE('',#9078,(#9082,#9088),.PCURVE_S1.);
#9078 = LINE('',#9079,#9080);
#9079 = CARTESIAN_POINT('',(72.864581902392,-28.50000533666,30.55));
#9080 = VECTOR('',#9081,1.);
#9081 = DIRECTION('',(0.,0.,1.));
#9082 = PCURVE('',#6409,#9083);
#9083 = DEFINITIONAL_REPRESENTATION('',(#9084),#9087);
#9084 = B_SPLINE_CURVE_WITH_KNOTS('',1,(#9085,#9086),.UNSPECIFIED.,.F.,
  .F.,(2,2),(-5.999999999062E-07,7.0000006),.PIECEWISE_BEZIER_KNOTS.);
#9085 = CARTESIAN_POINT('',(5.910343060693,-5.999999999062E-07));
#9086 = CARTESIAN_POINT('',(5.910343060693,7.0000006));
#9087 = ( GEOMETRIC_REPRESENTATION_CONTEXT(2) 
PARAMETRIC_REPRESENTATION_CONTEXT() REPRESENTATION_CONTEXT('2D SPACE',''
  ) );
#9088 = PCURVE('',#6376,#9089);
#9089 = DEFINITIONAL_REPRESENTATION('',(#9090),#9093);
#9090 = B_SPLINE_CURVE_WITH_KNOTS('',1,(#9091,#9092),.UNSPECIFIED.,.F.,
  .F.,(2,2),(-5.999999999062E-07,7.0000006),.PIECEWISE_BEZIER_KNOTS.);
#9091 = CARTESIAN_POINT('',(36.192276066783,5.999999999062E-07));
#9092 = CARTESIAN_POINT('',(36.192276066783,-7.0000006));
#9093 = ( GEOMETRIC_REPRESENTATION_CONTEXT(2) 
PARAMETRIC_REPRESENTATION_CONTEXT() REPRESENTATION_CONTEXT('2D SPACE',''
  ) );
#9094 = ORIENTED_EDGE('',*,*,#9095,.T.);
#9095 = EDGE_CURVE('',#9075,#8958,#9096,.T.);
#9096 = SURFACE_CURVE('',#9097,(#9102,#9109),.PCURVE_S1.);
#9097 = CIRCLE('',#9098,78.24);
#9098 = AXIS2_PLACEMENT_3D('',#9099,#9100,#9101);
#9099 = CARTESIAN_POINT('',(0.,0.,30.55));
#9100 = DIRECTION('',(0.,0.,1.));
#9101 = DIRECTION('',(-0.150186123743,0.988657740694,0.));
#9102 = PCURVE('',#6409,#9103);
#9103 = DEFINITIONAL_REPRESENTATION('',(#9104),#9108);
#9104 = LINE('',#9105,#9106);
#9105 = CARTESIAN_POINT('',(1.721552855907,0.));
#9106 = VECTOR('',#9107,1.);
#9107 = DIRECTION('',(1.,0.));
#9108 = ( GEOMETRIC_REPRESENTATION_CONTEXT(2) 
PARAMETRIC_REPRESENTATION_CONTEXT() REPRESENTATION_CONTEXT('2D SPACE',''
  ) );
#9109 = PCURVE('',#7183,#9110);
#9110 = DEFINITIONAL_REPRESENTATION('',(#9111),#9115);
#9111 = CIRCLE('',#9112,78.24);
#9112 = AXIS2_PLACEMENT_2D('',#9113,#9114);
#9113 = CARTESIAN_POINT('',(77.240916772668,44.595064091154));
#9114 = DIRECTION('',(-0.150186123743,0.988657740694));
#9115 = ( GEOMETRIC_REPRESENTATION_CONTEXT(2) 
PARAMETRIC_REPRESENTATION_CONTEXT() REPRESENTATION_CONTEXT('2D SPACE',''
  ) );
#9116 = ORIENTED_EDGE('',*,*,#8982,.T.);
#9117 = ORIENTED_EDGE('',*,*,#6388,.T.);
#9118 = ADVANCED_FACE('',(#9119),#6218,.F.);
#9119 = FACE_BOUND('',#9120,.F.);
#9120 = EDGE_LOOP('',(#9121,#9144,#9145,#9146));
#9121 = ORIENTED_EDGE('',*,*,#9122,.F.);
#9122 = EDGE_CURVE('',#9028,#9123,#9125,.T.);
#9123 = VERTEX_POINT('',#9124);
#9124 = CARTESIAN_POINT('',(94.163979518966,-63.60320323027,30.55));
#9125 = SURFACE_CURVE('',#9126,(#9130,#9137),.PCURVE_S1.);
#9126 = LINE('',#9127,#9128);
#9127 = CARTESIAN_POINT('',(52.74757355425,-45.11852262806,30.55));
#9128 = VECTOR('',#9129,1.);
#9129 = DIRECTION('',(0.913177161813,-0.407562843182,-0.));
#9130 = PCURVE('',#6218,#9131);
#9131 = DEFINITIONAL_REPRESENTATION('',(#9132),#9136);
#9132 = LINE('',#9133,#9134);
#9133 = CARTESIAN_POINT('',(0.,0.));
#9134 = VECTOR('',#9135,1.);
#9135 = DIRECTION('',(1.,0.));
#9136 = ( GEOMETRIC_REPRESENTATION_CONTEXT(2) 
PARAMETRIC_REPRESENTATION_CONTEXT() REPRESENTATION_CONTEXT('2D SPACE',''
  ) );
#9137 = PCURVE('',#7183,#9138);
#9138 = DEFINITIONAL_REPRESENTATION('',(#9139),#9143);
#9139 = LINE('',#9140,#9141);
#9140 = CARTESIAN_POINT('',(129.98849032691,-0.523458536909));
#9141 = VECTOR('',#9142,1.);
#9142 = DIRECTION('',(0.913177161813,-0.407562843182));
#9143 = ( GEOMETRIC_REPRESENTATION_CONTEXT(2) 
PARAMETRIC_REPRESENTATION_CONTEXT() REPRESENTATION_CONTEXT('2D SPACE',''
  ) );
#9144 = ORIENTED_EDGE('',*,*,#9051,.T.);
#9145 = ORIENTED_EDGE('',*,*,#6202,.T.);
#9146 = ORIENTED_EDGE('',*,*,#9147,.F.);
#9147 = EDGE_CURVE('',#9123,#6203,#9148,.T.);
#9148 = SURFACE_CURVE('',#9149,(#9153,#9160),.PCURVE_S1.);
#9149 = LINE('',#9150,#9151);
#9150 = CARTESIAN_POINT('',(94.163979518966,-63.60320323027,30.55));
#9151 = VECTOR('',#9152,1.);
#9152 = DIRECTION('',(0.,0.,1.));
#9153 = PCURVE('',#6218,#9154);
#9154 = DEFINITIONAL_REPRESENTATION('',(#9155),#9159);
#9155 = LINE('',#9156,#9157);
#9156 = CARTESIAN_POINT('',(45.354185032916,0.));
#9157 = VECTOR('',#9158,1.);
#9158 = DIRECTION('',(0.,-1.));
#9159 = ( GEOMETRIC_REPRESENTATION_CONTEXT(2) 
PARAMETRIC_REPRESENTATION_CONTEXT() REPRESENTATION_CONTEXT('2D SPACE',''
  ) );
#9160 = PCURVE('',#9161,#9166);
#9161 = PLANE('',#9162);
#9162 = AXIS2_PLACEMENT_3D('',#9163,#9164,#9165);
#9163 = CARTESIAN_POINT('',(94.163979518966,-63.60320323027,30.55));
#9164 = DIRECTION('',(-0.866025403784,0.5,0.));
#9165 = DIRECTION('',(0.5,0.866025403784,0.));
#9166 = DEFINITIONAL_REPRESENTATION('',(#9167),#9171);
#9167 = LINE('',#9168,#9169);
#9168 = CARTESIAN_POINT('',(0.,0.));
#9169 = VECTOR('',#9170,1.);
#9170 = DIRECTION('',(0.,-1.));
#9171 = ( GEOMETRIC_REPRESENTATION_CONTEXT(2) 
PARAMETRIC_REPRESENTATION_CONTEXT() REPRESENTATION_CONTEXT('2D SPACE',''
  ) );
#9172 = ADVANCED_FACE('',(#9173),#6376,.F.);
#9173 = FACE_BOUND('',#9174,.F.);
#9174 = EDGE_LOOP('',(#9175,#9198,#9219,#9220));
#9175 = ORIENTED_EDGE('',*,*,#9176,.F.);
#9176 = EDGE_CURVE('',#9177,#9075,#9179,.T.);
#9177 = VERTEX_POINT('',#9178);
#9178 = CARTESIAN_POINT('',(102.16397951896,-49.74679676972,30.55));
#9179 = SURFACE_CURVE('',#9180,(#9184,#9191),.PCURVE_S1.);
#9180 = LINE('',#9181,#9182);
#9181 = CARTESIAN_POINT('',(102.16397951896,-49.74679676972,30.55));
#9182 = VECTOR('',#9183,1.);
#9183 = DIRECTION('',(-0.809548356741,0.587053198695,0.));
#9184 = PCURVE('',#6376,#9185);
#9185 = DEFINITIONAL_REPRESENTATION('',(#9186),#9190);
#9186 = LINE('',#9187,#9188);
#9187 = CARTESIAN_POINT('',(0.,0.));
#9188 = VECTOR('',#9189,1.);
#9189 = DIRECTION('',(1.,0.));
#9190 = ( GEOMETRIC_REPRESENTATION_CONTEXT(2) 
PARAMETRIC_REPRESENTATION_CONTEXT() REPRESENTATION_CONTEXT('2D SPACE',''
  ) );
#9191 = PCURVE('',#7183,#9192);
#9192 = DEFINITIONAL_REPRESENTATION('',(#9193),#9197);
#9193 = LINE('',#9194,#9195);
#9194 = CARTESIAN_POINT('',(179.40489629163,-5.151732678571));
#9195 = VECTOR('',#9196,1.);
#9196 = DIRECTION('',(-0.809548356741,0.587053198695));
#9197 = ( GEOMETRIC_REPRESENTATION_CONTEXT(2) 
PARAMETRIC_REPRESENTATION_CONTEXT() REPRESENTATION_CONTEXT('2D SPACE',''
  ) );
#9198 = ORIENTED_EDGE('',*,*,#9199,.T.);
#9199 = EDGE_CURVE('',#9177,#6333,#9200,.T.);
#9200 = SURFACE_CURVE('',#9201,(#9205,#9212),.PCURVE_S1.);
#9201 = LINE('',#9202,#9203);
#9202 = CARTESIAN_POINT('',(102.16397951896,-49.74679676972,30.55));
#9203 = VECTOR('',#9204,1.);
#9204 = DIRECTION('',(0.,0.,1.));
#9205 = PCURVE('',#6376,#9206);
#9206 = DEFINITIONAL_REPRESENTATION('',(#9207),#9211);
#9207 = LINE('',#9208,#9209);
#9208 = CARTESIAN_POINT('',(0.,0.));
#9209 = VECTOR('',#9210,1.);
#9210 = DIRECTION('',(0.,-1.));
#9211 = ( GEOMETRIC_REPRESENTATION_CONTEXT(2) 
PARAMETRIC_REPRESENTATION_CONTEXT() REPRESENTATION_CONTEXT('2D SPACE',''
  ) );
#9212 = PCURVE('',#9161,#9213);
#9213 = DEFINITIONAL_REPRESENTATION('',(#9214),#9218);
#9214 = LINE('',#9215,#9216);
#9215 = CARTESIAN_POINT('',(16.,0.));
#9216 = VECTOR('',#9217,1.);
#9217 = DIRECTION('',(0.,-1.));
#9218 = ( GEOMETRIC_REPRESENTATION_CONTEXT(2) 
PARAMETRIC_REPRESENTATION_CONTEXT() REPRESENTATION_CONTEXT('2D SPACE',''
  ) );
#9219 = ORIENTED_EDGE('',*,*,#6360,.T.);
#9220 = ORIENTED_EDGE('',*,*,#9074,.F.);
#9221 = ADVANCED_FACE('',(#9222),#6246,.F.);
#9222 = FACE_BOUND('',#9223,.F.);
#9223 = EDGE_LOOP('',(#9224,#9225,#9248,#9276,#9297));
#9224 = ORIENTED_EDGE('',*,*,#7117,.F.);
#9225 = ORIENTED_EDGE('',*,*,#9226,.T.);
#9226 = EDGE_CURVE('',#7095,#9227,#9229,.T.);
#9227 = VERTEX_POINT('',#9228);
#9228 = CARTESIAN_POINT('',(84.637700077337,-58.10320323027,79.35));
#9229 = SURFACE_CURVE('',#9230,(#9234,#9241),.PCURVE_S1.);
#9230 = LINE('',#9231,#9232);
#9231 = CARTESIAN_POINT('',(84.637700077337,-58.10320323027,30.55));
#9232 = VECTOR('',#9233,1.);
#9233 = DIRECTION('',(0.,0.,1.));
#9234 = PCURVE('',#6246,#9235);
#9235 = DEFINITIONAL_REPRESENTATION('',(#9236),#9240);
#9236 = LINE('',#9237,#9238);
#9237 = CARTESIAN_POINT('',(-6.99,3.));
#9238 = VECTOR('',#9239,1.);
#9239 = DIRECTION('',(1.,0.));
#9240 = ( GEOMETRIC_REPRESENTATION_CONTEXT(2) 
PARAMETRIC_REPRESENTATION_CONTEXT() REPRESENTATION_CONTEXT('2D SPACE',''
  ) );
#9241 = PCURVE('',#6954,#9242);
#9242 = DEFINITIONAL_REPRESENTATION('',(#9243),#9247);
#9243 = LINE('',#9244,#9245);
#9244 = CARTESIAN_POINT('',(16.,0.));
#9245 = VECTOR('',#9246,1.);
#9246 = DIRECTION('',(0.,-1.));
#9247 = ( GEOMETRIC_REPRESENTATION_CONTEXT(2) 
PARAMETRIC_REPRESENTATION_CONTEXT() REPRESENTATION_CONTEXT('2D SPACE',''
  ) );
#9248 = ORIENTED_EDGE('',*,*,#9249,.T.);
#9249 = EDGE_CURVE('',#9227,#9250,#9252,.T.);
#9250 = VERTEX_POINT('',#9251);
#9251 = CARTESIAN_POINT('',(94.163979518966,-63.60320323027,79.35));
#9252 = SURFACE_CURVE('',#9253,(#9257,#9264),.PCURVE_S1.);
#9253 = LINE('',#9254,#9255);
#9254 = CARTESIAN_POINT('',(84.637700077337,-58.10320323027,79.35));
#9255 = VECTOR('',#9256,1.);
#9256 = DIRECTION('',(0.866025403784,-0.5,-0.));
#9257 = PCURVE('',#6246,#9258);
#9258 = DEFINITIONAL_REPRESENTATION('',(#9259),#9263);
#9259 = LINE('',#9260,#9261);
#9260 = CARTESIAN_POINT('',(41.81,3.));
#9261 = VECTOR('',#9262,1.);
#9262 = DIRECTION('',(0.,1.));
#9263 = ( GEOMETRIC_REPRESENTATION_CONTEXT(2) 
PARAMETRIC_REPRESENTATION_CONTEXT() REPRESENTATION_CONTEXT('2D SPACE',''
  ) );
#9264 = PCURVE('',#9265,#9270);
#9265 = PLANE('',#9266);
#9266 = AXIS2_PLACEMENT_3D('',#9267,#9268,#9269);
#9267 = CARTESIAN_POINT('',(93.400839798152,-53.925,79.35));
#9268 = DIRECTION('',(0.,0.,1.));
#9269 = DIRECTION('',(1.,0.,-0.));
#9270 = DEFINITIONAL_REPRESENTATION('',(#9271),#9275);
#9271 = LINE('',#9272,#9273);
#9272 = CARTESIAN_POINT('',(-8.763139720814,-4.178203230276));
#9273 = VECTOR('',#9274,1.);
#9274 = DIRECTION('',(0.866025403784,-0.5));
#9275 = ( GEOMETRIC_REPRESENTATION_CONTEXT(2) 
PARAMETRIC_REPRESENTATION_CONTEXT() REPRESENTATION_CONTEXT('2D SPACE',''
  ) );
#9276 = ORIENTED_EDGE('',*,*,#9277,.F.);
#9277 = EDGE_CURVE('',#6203,#9250,#9278,.T.);
#9278 = SURFACE_CURVE('',#9279,(#9283,#9290),.PCURVE_S1.);
#9279 = LINE('',#9280,#9281);
#9280 = CARTESIAN_POINT('',(94.163979518966,-63.60320323027,30.55));
#9281 = VECTOR('',#9282,1.);
#9282 = DIRECTION('',(0.,0.,1.));
#9283 = PCURVE('',#6246,#9284);
#9284 = DEFINITIONAL_REPRESENTATION('',(#9285),#9289);
#9285 = LINE('',#9286,#9287);
#9286 = CARTESIAN_POINT('',(-6.99,14.));
#9287 = VECTOR('',#9288,1.);
#9288 = DIRECTION('',(1.,0.));
#9289 = ( GEOMETRIC_REPRESENTATION_CONTEXT(2) 
PARAMETRIC_REPRESENTATION_CONTEXT() REPRESENTATION_CONTEXT('2D SPACE',''
  ) );
#9290 = PCURVE('',#9161,#9291);
#9291 = DEFINITIONAL_REPRESENTATION('',(#9292),#9296);
#9292 = LINE('',#9293,#9294);
#9293 = CARTESIAN_POINT('',(0.,0.));
#9294 = VECTOR('',#9295,1.);
#9295 = DIRECTION('',(0.,-1.));
#9296 = ( GEOMETRIC_REPRESENTATION_CONTEXT(2) 
PARAMETRIC_REPRESENTATION_CONTEXT() REPRESENTATION_CONTEXT('2D SPACE',''
  ) );
#9297 = ORIENTED_EDGE('',*,*,#6230,.T.);
#9298 = ADVANCED_FACE('',(#9299),#6348,.F.);
#9299 = FACE_BOUND('',#9300,.F.);
#9300 = EDGE_LOOP('',(#9301,#9326,#9352,#9353,#9376));
#9301 = ORIENTED_EDGE('',*,*,#9302,.F.);
#9302 = EDGE_CURVE('',#9303,#9305,#9307,.T.);
#9303 = VERTEX_POINT('',#9304);
#9304 = CARTESIAN_POINT('',(92.637700077337,-44.24679676972,40.55));
#9305 = VERTEX_POINT('',#9306);
#9306 = CARTESIAN_POINT('',(92.637700077337,-44.24679676972,79.35));
#9307 = SURFACE_CURVE('',#9308,(#9312,#9319),.PCURVE_S1.);
#9308 = LINE('',#9309,#9310);
#9309 = CARTESIAN_POINT('',(92.637700077337,-44.24679676972,30.55));
#9310 = VECTOR('',#9311,1.);
#9311 = DIRECTION('',(0.,0.,1.));
#9312 = PCURVE('',#6348,#9313);
#9313 = DEFINITIONAL_REPRESENTATION('',(#9314),#9318);
#9314 = LINE('',#9315,#9316);
#9315 = CARTESIAN_POINT('',(11.,0.));
#9316 = VECTOR('',#9317,1.);
#9317 = DIRECTION('',(0.,-1.));
#9318 = ( GEOMETRIC_REPRESENTATION_CONTEXT(2) 
PARAMETRIC_REPRESENTATION_CONTEXT() REPRESENTATION_CONTEXT('2D SPACE',''
  ) );
#9319 = PCURVE('',#6954,#9320);
#9320 = DEFINITIONAL_REPRESENTATION('',(#9321),#9325);
#9321 = LINE('',#9322,#9323);
#9322 = CARTESIAN_POINT('',(0.,0.));
#9323 = VECTOR('',#9324,1.);
#9324 = DIRECTION('',(0.,-1.));
#9325 = ( GEOMETRIC_REPRESENTATION_CONTEXT(2) 
PARAMETRIC_REPRESENTATION_CONTEXT() REPRESENTATION_CONTEXT('2D SPACE',''
  ) );
#9326 = ORIENTED_EDGE('',*,*,#9327,.T.);
#9327 = EDGE_CURVE('',#9303,#6305,#9328,.T.);
#9328 = SURFACE_CURVE('',#9329,(#9334,#9345),.PCURVE_S1.);
#9329 = CIRCLE('',#9330,3.);
#9330 = AXIS2_PLACEMENT_3D('',#9331,#9332,#9333);
#9331 = CARTESIAN_POINT('',(90.039623865984,-42.74679676972,40.55));
#9332 = DIRECTION('',(0.5,0.866025403784,-0.));
#9333 = DIRECTION('',(0.,0.,1.));
#9334 = PCURVE('',#6348,#9335);
#9335 = DEFINITIONAL_REPRESENTATION('',(#9336),#9344);
#9336 = ( BOUNDED_CURVE() B_SPLINE_CURVE(2,(#9337,#9338,#9339,#9340,
#9341,#9342,#9343),.UNSPECIFIED.,.T.,.F.) B_SPLINE_CURVE_WITH_KNOTS((1,2
    ,2,2,2,1),(-2.094395102393,0.,2.094395102393,4.188790204786,
6.28318530718,8.377580409573),.UNSPECIFIED.) CURVE() 
GEOMETRIC_REPRESENTATION_ITEM() RATIONAL_B_SPLINE_CURVE((1.,0.5,1.,0.5,
1.,0.5,1.)) REPRESENTATION_ITEM('') );
#9337 = CARTESIAN_POINT('',(14.,-13.));
#9338 = CARTESIAN_POINT('',(8.803847577293,-13.));
#9339 = CARTESIAN_POINT('',(11.401923788647,-8.5));
#9340 = CARTESIAN_POINT('',(14.,-4.));
#9341 = CARTESIAN_POINT('',(16.598076211353,-8.5));
#9342 = CARTESIAN_POINT('',(19.196152422707,-13.));
#9343 = CARTESIAN_POINT('',(14.,-13.));
#9344 = ( GEOMETRIC_REPRESENTATION_CONTEXT(2) 
PARAMETRIC_REPRESENTATION_CONTEXT() REPRESENTATION_CONTEXT('2D SPACE',''
  ) );
#9345 = PCURVE('',#6320,#9346);
#9346 = DEFINITIONAL_REPRESENTATION('',(#9347),#9351);
#9347 = LINE('',#9348,#9349);
#9348 = CARTESIAN_POINT('',(0.,17.));
#9349 = VECTOR('',#9350,1.);
#9350 = DIRECTION('',(1.,0.));
#9351 = ( GEOMETRIC_REPRESENTATION_CONTEXT(2) 
PARAMETRIC_REPRESENTATION_CONTEXT() REPRESENTATION_CONTEXT('2D SPACE',''
  ) );
#9352 = ORIENTED_EDGE('',*,*,#6332,.T.);
#9353 = ORIENTED_EDGE('',*,*,#9354,.T.);
#9354 = EDGE_CURVE('',#6333,#9355,#9357,.T.);
#9355 = VERTEX_POINT('',#9356);
#9356 = CARTESIAN_POINT('',(102.16397951896,-49.74679676972,79.35));
#9357 = SURFACE_CURVE('',#9358,(#9362,#9369),.PCURVE_S1.);
#9358 = LINE('',#9359,#9360);
#9359 = CARTESIAN_POINT('',(102.16397951896,-49.74679676972,30.55));
#9360 = VECTOR('',#9361,1.);
#9361 = DIRECTION('',(0.,0.,1.));
#9362 = PCURVE('',#6348,#9363);
#9363 = DEFINITIONAL_REPRESENTATION('',(#9364),#9368);
#9364 = LINE('',#9365,#9366);
#9365 = CARTESIAN_POINT('',(0.,0.));
#9366 = VECTOR('',#9367,1.);
#9367 = DIRECTION('',(0.,-1.));
#9368 = ( GEOMETRIC_REPRESENTATION_CONTEXT(2) 
PARAMETRIC_REPRESENTATION_CONTEXT() REPRESENTATION_CONTEXT('2D SPACE',''
  ) );
#9369 = PCURVE('',#9161,#9370);
#9370 = DEFINITIONAL_REPRESENTATION('',(#9371),#9375);
#9371 = LINE('',#9372,#9373);
#9372 = CARTESIAN_POINT('',(16.,0.));
#9373 = VECTOR('',#9374,1.);
#9374 = DIRECTION('',(0.,-1.));
#9375 = ( GEOMETRIC_REPRESENTATION_CONTEXT(2) 
PARAMETRIC_REPRESENTATION_CONTEXT() REPRESENTATION_CONTEXT('2D SPACE',''
  ) );
#9376 = ORIENTED_EDGE('',*,*,#9377,.T.);
#9377 = EDGE_CURVE('',#9355,#9305,#9378,.T.);
#9378 = SURFACE_CURVE('',#9379,(#9383,#9390),.PCURVE_S1.);
#9379 = LINE('',#9380,#9381);
#9380 = CARTESIAN_POINT('',(102.16397951896,-49.74679676972,79.35));
#9381 = VECTOR('',#9382,1.);
#9382 = DIRECTION('',(-0.866025403784,0.5,0.));
#9383 = PCURVE('',#6348,#9384);
#9384 = DEFINITIONAL_REPRESENTATION('',(#9385),#9389);
#9385 = LINE('',#9386,#9387);
#9386 = CARTESIAN_POINT('',(0.,-48.8));
#9387 = VECTOR('',#9388,1.);
#9388 = DIRECTION('',(1.,0.));
#9389 = ( GEOMETRIC_REPRESENTATION_CONTEXT(2) 
PARAMETRIC_REPRESENTATION_CONTEXT() REPRESENTATION_CONTEXT('2D SPACE',''
  ) );
#9390 = PCURVE('',#9265,#9391);
#9391 = DEFINITIONAL_REPRESENTATION('',(#9392),#9396);
#9392 = LINE('',#9393,#9394);
#9393 = CARTESIAN_POINT('',(8.763139720814,4.178203230275));
#9394 = VECTOR('',#9395,1.);
#9395 = DIRECTION('',(-0.866025403784,0.5));
#9396 = ( GEOMETRIC_REPRESENTATION_CONTEXT(2) 
PARAMETRIC_REPRESENTATION_CONTEXT() REPRESENTATION_CONTEXT('2D SPACE',''
  ) );
#9397 = ADVANCED_FACE('',(#9398),#6320,.F.);
#9398 = FACE_BOUND('',#9399,.F.);
#9399 = EDGE_LOOP('',(#9400,#9421,#9422,#9423,#9424));
#9400 = ORIENTED_EDGE('',*,*,#9401,.F.);
#9401 = EDGE_CURVE('',#6911,#9303,#9402,.T.);
#9402 = SURFACE_CURVE('',#9403,(#9407,#9414),.PCURVE_S1.);
#9403 = LINE('',#9404,#9405);
#9404 = CARTESIAN_POINT('',(84.137700077337,-58.96922863406,40.55));
#9405 = VECTOR('',#9406,1.);
#9406 = DIRECTION('',(0.5,0.866025403784,0.));
#9407 = PCURVE('',#6320,#9408);
#9408 = DEFINITIONAL_REPRESENTATION('',(#9409),#9413);
#9409 = LINE('',#9410,#9411);
#9410 = CARTESIAN_POINT('',(1.570796326795,0.));
#9411 = VECTOR('',#9412,1.);
#9412 = DIRECTION('',(0.,1.));
#9413 = ( GEOMETRIC_REPRESENTATION_CONTEXT(2) 
PARAMETRIC_REPRESENTATION_CONTEXT() REPRESENTATION_CONTEXT('2D SPACE',''
  ) );
#9414 = PCURVE('',#6954,#9415);
#9415 = DEFINITIONAL_REPRESENTATION('',(#9416),#9420);
#9416 = LINE('',#9417,#9418);
#9417 = CARTESIAN_POINT('',(17.,-10.));
#9418 = VECTOR('',#9419,1.);
#9419 = DIRECTION('',(-1.,0.));
#9420 = ( GEOMETRIC_REPRESENTATION_CONTEXT(2) 
PARAMETRIC_REPRESENTATION_CONTEXT() REPRESENTATION_CONTEXT('2D SPACE',''
  ) );
#9421 = ORIENTED_EDGE('',*,*,#6910,.T.);
#9422 = ORIENTED_EDGE('',*,*,#6824,.T.);
#9423 = ORIENTED_EDGE('',*,*,#6304,.T.);
#9424 = ORIENTED_EDGE('',*,*,#9327,.F.);
#9425 = ADVANCED_FACE('',(#9426),#6691,.F.);
#9426 = FACE_BOUND('',#9427,.F.);
#9427 = EDGE_LOOP('',(#9428,#9429,#9452,#9474));
#9428 = ORIENTED_EDGE('',*,*,#6674,.F.);
#9429 = ORIENTED_EDGE('',*,*,#9430,.F.);
#9430 = EDGE_CURVE('',#9431,#6675,#9433,.T.);
#9431 = VERTEX_POINT('',#9432);
#9432 = CARTESIAN_POINT('',(23.700635978195,-57.60759156162,30.55));
#9433 = SEAM_CURVE('',#9434,(#9438,#9445),.PCURVE_S1.);
#9434 = LINE('',#9435,#9436);
#9435 = CARTESIAN_POINT('',(23.700635978195,-57.60759156162,29.55));
#9436 = VECTOR('',#9437,1.);
#9437 = DIRECTION('',(0.,0.,1.));
#9438 = PCURVE('',#6691,#9439);
#9439 = DEFINITIONAL_REPRESENTATION('',(#9440),#9444);
#9440 = LINE('',#9441,#9442);
#9441 = CARTESIAN_POINT('',(6.28318530718,-0.));
#9442 = VECTOR('',#9443,1.);
#9443 = DIRECTION('',(0.,1.));
#9444 = ( GEOMETRIC_REPRESENTATION_CONTEXT(2) 
PARAMETRIC_REPRESENTATION_CONTEXT() REPRESENTATION_CONTEXT('2D SPACE',''
  ) );
#9445 = PCURVE('',#6691,#9446);
#9446 = DEFINITIONAL_REPRESENTATION('',(#9447),#9451);
#9447 = LINE('',#9448,#9449);
#9448 = CARTESIAN_POINT('',(0.,-0.));
#9449 = VECTOR('',#9450,1.);
#9450 = DIRECTION('',(0.,1.));
#9451 = ( GEOMETRIC_REPRESENTATION_CONTEXT(2) 
PARAMETRIC_REPRESENTATION_CONTEXT() REPRESENTATION_CONTEXT('2D SPACE',''
  ) );
#9452 = ORIENTED_EDGE('',*,*,#9453,.T.);
#9453 = EDGE_CURVE('',#9431,#9431,#9454,.T.);
#9454 = SURFACE_CURVE('',#9455,(#9460,#9467),.PCURVE_S1.);
#9455 = CIRCLE('',#9456,16.);
#9456 = AXIS2_PLACEMENT_3D('',#9457,#9458,#9459);
#9457 = CARTESIAN_POINT('',(7.700635978195,-57.60759156162,30.55));
#9458 = DIRECTION('',(0.,0.,1.));
#9459 = DIRECTION('',(1.,0.,-0.));
#9460 = PCURVE('',#6691,#9461);
#9461 = DEFINITIONAL_REPRESENTATION('',(#9462),#9466);
#9462 = LINE('',#9463,#9464);
#9463 = CARTESIAN_POINT('',(0.,1.));
#9464 = VECTOR('',#9465,1.);
#9465 = DIRECTION('',(1.,0.));
#9466 = ( GEOMETRIC_REPRESENTATION_CONTEXT(2) 
PARAMETRIC_REPRESENTATION_CONTEXT() REPRESENTATION_CONTEXT('2D SPACE',''
  ) );
#9467 = PCURVE('',#7183,#9468);
#9468 = DEFINITIONAL_REPRESENTATION('',(#9469),#9473);
#9469 = CIRCLE('',#9470,16.);
#9470 = AXIS2_PLACEMENT_2D('',#9471,#9472);
#9471 = CARTESIAN_POINT('',(84.941552750863,-13.01252747047));
#9472 = DIRECTION('',(1.,0.));
#9473 = ( GEOMETRIC_REPRESENTATION_CONTEXT(2) 
PARAMETRIC_REPRESENTATION_CONTEXT() REPRESENTATION_CONTEXT('2D SPACE',''
  ) );
#9474 = ORIENTED_EDGE('',*,*,#9430,.T.);
#9475 = ADVANCED_FACE('',(#9476),#6722,.F.);
#9476 = FACE_BOUND('',#9477,.F.);
#9477 = EDGE_LOOP('',(#9478,#9479,#9502,#9524));
#9478 = ORIENTED_EDGE('',*,*,#6705,.F.);
#9479 = ORIENTED_EDGE('',*,*,#9480,.F.);
#9480 = EDGE_CURVE('',#9481,#6706,#9483,.T.);
#9481 = VERTEX_POINT('',#9482);
#9482 = CARTESIAN_POINT('',(-37.7399557323,22.134849398401,30.55));
#9483 = SEAM_CURVE('',#9484,(#9488,#9495),.PCURVE_S1.);
#9484 = LINE('',#9485,#9486);
#9485 = CARTESIAN_POINT('',(-37.7399557323,22.134849398401,29.55));
#9486 = VECTOR('',#9487,1.);
#9487 = DIRECTION('',(0.,0.,1.));
#9488 = PCURVE('',#6722,#9489);
#9489 = DEFINITIONAL_REPRESENTATION('',(#9490),#9494);
#9490 = LINE('',#9491,#9492);
#9491 = CARTESIAN_POINT('',(6.28318530718,-0.));
#9492 = VECTOR('',#9493,1.);
#9493 = DIRECTION('',(0.,1.));
#9494 = ( GEOMETRIC_REPRESENTATION_CONTEXT(2) 
PARAMETRIC_REPRESENTATION_CONTEXT() REPRESENTATION_CONTEXT('2D SPACE',''
  ) );
#9495 = PCURVE('',#6722,#9496);
#9496 = DEFINITIONAL_REPRESENTATION('',(#9497),#9501);
#9497 = LINE('',#9498,#9499);
#9498 = CARTESIAN_POINT('',(0.,-0.));
#9499 = VECTOR('',#9500,1.);
#9500 = DIRECTION('',(0.,1.));
#9501 = ( GEOMETRIC_REPRESENTATION_CONTEXT(2) 
PARAMETRIC_REPRESENTATION_CONTEXT() REPRESENTATION_CONTEXT('2D SPACE',''
  ) );
#9502 = ORIENTED_EDGE('',*,*,#9503,.T.);
#9503 = EDGE_CURVE('',#9481,#9481,#9504,.T.);
#9504 = SURFACE_CURVE('',#9505,(#9510,#9517),.PCURVE_S1.);
#9505 = CIRCLE('',#9506,16.);
#9506 = AXIS2_PLACEMENT_3D('',#9507,#9508,#9509);
#9507 = CARTESIAN_POINT('',(-53.7399557323,22.134849398401,30.55));
#9508 = DIRECTION('',(0.,0.,1.));
#9509 = DIRECTION('',(1.,0.,-0.));
#9510 = PCURVE('',#6722,#9511);
#9511 = DEFINITIONAL_REPRESENTATION('',(#9512),#9516);
#9512 = LINE('',#9513,#9514);
#9513 = CARTESIAN_POINT('',(0.,1.));
#9514 = VECTOR('',#9515,1.);
#9515 = DIRECTION('',(1.,0.));
#9516 = ( GEOMETRIC_REPRESENTATION_CONTEXT(2) 
PARAMETRIC_REPRESENTATION_CONTEXT() REPRESENTATION_CONTEXT('2D SPACE',''
  ) );
#9517 = PCURVE('',#7183,#9518);
#9518 = DEFINITIONAL_REPRESENTATION('',(#9519),#9523);
#9519 = CIRCLE('',#9520,16.);
#9520 = AXIS2_PLACEMENT_2D('',#9521,#9522);
#9521 = CARTESIAN_POINT('',(23.500961040363,66.729913489554));
#9522 = DIRECTION('',(1.,0.));
#9523 = ( GEOMETRIC_REPRESENTATION_CONTEXT(2) 
PARAMETRIC_REPRESENTATION_CONTEXT() REPRESENTATION_CONTEXT('2D SPACE',''
  ) );
#9524 = ORIENTED_EDGE('',*,*,#9480,.T.);
#9525 = ADVANCED_FACE('',(#9526),#6753,.F.);
#9526 = FACE_BOUND('',#9527,.F.);
#9527 = EDGE_LOOP('',(#9528,#9529,#9552,#9574));
#9528 = ORIENTED_EDGE('',*,*,#6736,.F.);
#9529 = ORIENTED_EDGE('',*,*,#9530,.F.);
#9530 = EDGE_CURVE('',#9531,#6737,#9533,.T.);
#9531 = VERTEX_POINT('',#9532);
#9532 = CARTESIAN_POINT('',(38.,-9.30731567352E-15,30.55));
#9533 = SEAM_CURVE('',#9534,(#9538,#9545),.PCURVE_S1.);
#9534 = LINE('',#9535,#9536);
#9535 = CARTESIAN_POINT('',(38.,-9.30731567352E-15,29.55));
#9536 = VECTOR('',#9537,1.);
#9537 = DIRECTION('',(0.,0.,1.));
#9538 = PCURVE('',#6753,#9539);
#9539 = DEFINITIONAL_REPRESENTATION('',(#9540),#9544);
#9540 = LINE('',#9541,#9542);
#9541 = CARTESIAN_POINT('',(6.28318530718,-0.));
#9542 = VECTOR('',#9543,1.);
#9543 = DIRECTION('',(0.,1.));
#9544 = ( GEOMETRIC_REPRESENTATION_CONTEXT(2) 
PARAMETRIC_REPRESENTATION_CONTEXT() REPRESENTATION_CONTEXT('2D SPACE',''
  ) );
#9545 = PCURVE('',#6753,#9546);
#9546 = DEFINITIONAL_REPRESENTATION('',(#9547),#9551);
#9547 = LINE('',#9548,#9549);
#9548 = CARTESIAN_POINT('',(0.,-0.));
#9549 = VECTOR('',#9550,1.);
#9550 = DIRECTION('',(0.,1.));
#9551 = ( GEOMETRIC_REPRESENTATION_CONTEXT(2) 
PARAMETRIC_REPRESENTATION_CONTEXT() REPRESENTATION_CONTEXT('2D SPACE',''
  ) );
#9552 = ORIENTED_EDGE('',*,*,#9553,.T.);
#9553 = EDGE_CURVE('',#9531,#9531,#9554,.T.);
#9554 = SURFACE_CURVE('',#9555,(#9560,#9567),.PCURVE_S1.);
#9555 = CIRCLE('',#9556,38.);
#9556 = AXIS2_PLACEMENT_3D('',#9557,#9558,#9559);
#9557 = CARTESIAN_POINT('',(0.,0.,30.55));
#9558 = DIRECTION('',(0.,0.,1.));
#9559 = DIRECTION('',(1.,0.,-0.));
#9560 = PCURVE('',#6753,#9561);
#9561 = DEFINITIONAL_REPRESENTATION('',(#9562),#9566);
#9562 = LINE('',#9563,#9564);
#9563 = CARTESIAN_POINT('',(0.,1.));
#9564 = VECTOR('',#9565,1.);
#9565 = DIRECTION('',(1.,0.));
#9566 = ( GEOMETRIC_REPRESENTATION_CONTEXT(2) 
PARAMETRIC_REPRESENTATION_CONTEXT() REPRESENTATION_CONTEXT('2D SPACE',''
  ) );
#9567 = PCURVE('',#7183,#9568);
#9568 = DEFINITIONAL_REPRESENTATION('',(#9569),#9573);
#9569 = CIRCLE('',#9570,38.);
#9570 = AXIS2_PLACEMENT_2D('',#9571,#9572);
#9571 = CARTESIAN_POINT('',(77.240916772668,44.595064091154));
#9572 = DIRECTION('',(1.,0.));
#9573 = ( GEOMETRIC_REPRESENTATION_CONTEXT(2) 
PARAMETRIC_REPRESENTATION_CONTEXT() REPRESENTATION_CONTEXT('2D SPACE',''
  ) );
#9574 = ORIENTED_EDGE('',*,*,#9530,.T.);
#9575 = ADVANCED_FACE('',(#9576),#6784,.F.);
#9576 = FACE_BOUND('',#9577,.F.);
#9577 = EDGE_LOOP('',(#9578,#9579,#9602,#9624));
#9578 = ORIENTED_EDGE('',*,*,#6767,.F.);
#9579 = ORIENTED_EDGE('',*,*,#9580,.F.);
#9580 = EDGE_CURVE('',#9581,#6768,#9583,.T.);
#9581 = VERTEX_POINT('',#9582);
#9582 = CARTESIAN_POINT('',(62.03931975411,35.472742163227,30.55));
#9583 = SEAM_CURVE('',#9584,(#9588,#9595),.PCURVE_S1.);
#9584 = LINE('',#9585,#9586);
#9585 = CARTESIAN_POINT('',(62.03931975411,35.472742163227,29.55));
#9586 = VECTOR('',#9587,1.);
#9587 = DIRECTION('',(0.,0.,1.));
#9588 = PCURVE('',#6784,#9589);
#9589 = DEFINITIONAL_REPRESENTATION('',(#9590),#9594);
#9590 = LINE('',#9591,#9592);
#9591 = CARTESIAN_POINT('',(6.28318530718,-0.));
#9592 = VECTOR('',#9593,1.);
#9593 = DIRECTION('',(0.,1.));
#9594 = ( GEOMETRIC_REPRESENTATION_CONTEXT(2) 
PARAMETRIC_REPRESENTATION_CONTEXT() REPRESENTATION_CONTEXT('2D SPACE',''
  ) );
#9595 = PCURVE('',#6784,#9596);
#9596 = DEFINITIONAL_REPRESENTATION('',(#9597),#9601);
#9597 = LINE('',#9598,#9599);
#9598 = CARTESIAN_POINT('',(0.,-0.));
#9599 = VECTOR('',#9600,1.);
#9600 = DIRECTION('',(0.,1.));
#9601 = ( GEOMETRIC_REPRESENTATION_CONTEXT(2) 
PARAMETRIC_REPRESENTATION_CONTEXT() REPRESENTATION_CONTEXT('2D SPACE',''
  ) );
#9602 = ORIENTED_EDGE('',*,*,#9603,.T.);
#9603 = EDGE_CURVE('',#9581,#9581,#9604,.T.);
#9604 = SURFACE_CURVE('',#9605,(#9610,#9617),.PCURVE_S1.);
#9605 = CIRCLE('',#9606,16.);
#9606 = AXIS2_PLACEMENT_3D('',#9607,#9608,#9609);
#9607 = CARTESIAN_POINT('',(46.03931975411,35.472742163227,30.55));
#9608 = DIRECTION('',(0.,0.,1.));
#9609 = DIRECTION('',(1.,0.,-0.));
#9610 = PCURVE('',#6784,#9611);
#9611 = DEFINITIONAL_REPRESENTATION('',(#9612),#9616);
#9612 = LINE('',#9613,#9614);
#9613 = CARTESIAN_POINT('',(0.,1.));
#9614 = VECTOR('',#9615,1.);
#9615 = DIRECTION('',(1.,0.));
#9616 = ( GEOMETRIC_REPRESENTATION_CONTEXT(2) 
PARAMETRIC_REPRESENTATION_CONTEXT() REPRESENTATION_CONTEXT('2D SPACE',''
  ) );
#9617 = PCURVE('',#7183,#9618);
#9618 = DEFINITIONAL_REPRESENTATION('',(#9619),#9623);
#9619 = CIRCLE('',#9620,16.);
#9620 = AXIS2_PLACEMENT_2D('',#9621,#9622);
#9621 = CARTESIAN_POINT('',(123.28023652677,80.067806254381));
#9622 = DIRECTION('',(1.,0.));
#9623 = ( GEOMETRIC_REPRESENTATION_CONTEXT(2) 
PARAMETRIC_REPRESENTATION_CONTEXT() REPRESENTATION_CONTEXT('2D SPACE',''
  ) );
#9624 = ORIENTED_EDGE('',*,*,#9580,.T.);
#9625 = ADVANCED_FACE('',(#9626),#6954,.F.);
#9626 = FACE_BOUND('',#9627,.F.);
#9627 = EDGE_LOOP('',(#9628,#9629,#9630,#9631,#9632,#9633,#9634,#9635));
#9628 = ORIENTED_EDGE('',*,*,#9226,.F.);
#9629 = ORIENTED_EDGE('',*,*,#7094,.T.);
#9630 = ORIENTED_EDGE('',*,*,#7066,.T.);
#9631 = ORIENTED_EDGE('',*,*,#7014,.T.);
#9632 = ORIENTED_EDGE('',*,*,#6938,.F.);
#9633 = ORIENTED_EDGE('',*,*,#9401,.T.);
#9634 = ORIENTED_EDGE('',*,*,#9302,.T.);
#9635 = ORIENTED_EDGE('',*,*,#9636,.T.);
#9636 = EDGE_CURVE('',#9305,#9227,#9637,.T.);
#9637 = SURFACE_CURVE('',#9638,(#9642,#9649),.PCURVE_S1.);
#9638 = LINE('',#9639,#9640);
#9639 = CARTESIAN_POINT('',(92.637700077337,-44.24679676972,79.35));
#9640 = VECTOR('',#9641,1.);
#9641 = DIRECTION('',(-0.5,-0.866025403784,0.));
#9642 = PCURVE('',#6954,#9643);
#9643 = DEFINITIONAL_REPRESENTATION('',(#9644),#9648);
#9644 = LINE('',#9645,#9646);
#9645 = CARTESIAN_POINT('',(0.,-48.8));
#9646 = VECTOR('',#9647,1.);
#9647 = DIRECTION('',(1.,0.));
#9648 = ( GEOMETRIC_REPRESENTATION_CONTEXT(2) 
PARAMETRIC_REPRESENTATION_CONTEXT() REPRESENTATION_CONTEXT('2D SPACE',''
  ) );
#9649 = PCURVE('',#9265,#9650);
#9650 = DEFINITIONAL_REPRESENTATION('',(#9651),#9655);
#9651 = LINE('',#9652,#9653);
#9652 = CARTESIAN_POINT('',(-0.763139720814,9.678203230276));
#9653 = VECTOR('',#9654,1.);
#9654 = DIRECTION('',(-0.5,-0.866025403784));
#9655 = ( GEOMETRIC_REPRESENTATION_CONTEXT(2) 
PARAMETRIC_REPRESENTATION_CONTEXT() REPRESENTATION_CONTEXT('2D SPACE',''
  ) );
#9656 = ADVANCED_FACE('',(#9657,#9731,#9762,#9765,#9796,#9799,#9802,
    #9833),#7183,.F.);
#9657 = FACE_BOUND('',#9658,.F.);
#9658 = EDGE_LOOP('',(#9659,#9680,#9681,#9682,#9683,#9704,#9705,#9706,
    #9707,#9728,#9729,#9730));
#9659 = ORIENTED_EDGE('',*,*,#9660,.T.);
#9660 = EDGE_CURVE('',#9123,#9177,#9661,.T.);
#9661 = SURFACE_CURVE('',#9662,(#9666,#9673),.PCURVE_S1.);
#9662 = LINE('',#9663,#9664);
#9663 = CARTESIAN_POINT('',(94.163979518966,-63.60320323027,30.55));
#9664 = VECTOR('',#9665,1.);
#9665 = DIRECTION('',(0.5,0.866025403784,0.));
#9666 = PCURVE('',#7183,#9667);
#9667 = DEFINITIONAL_REPRESENTATION('',(#9668),#9672);
#9668 = LINE('',#9669,#9670);
#9669 = CARTESIAN_POINT('',(171.40489629163,-19.00813913912));
#9670 = VECTOR('',#9671,1.);
#9671 = DIRECTION('',(0.5,0.866025403784));
#9672 = ( GEOMETRIC_REPRESENTATION_CONTEXT(2) 
PARAMETRIC_REPRESENTATION_CONTEXT() REPRESENTATION_CONTEXT('2D SPACE',''
  ) );
#9673 = PCURVE('',#9161,#9674);
#9674 = DEFINITIONAL_REPRESENTATION('',(#9675),#9679);
#9675 = LINE('',#9676,#9677);
#9676 = CARTESIAN_POINT('',(0.,0.));
#9677 = VECTOR('',#9678,1.);
#9678 = DIRECTION('',(1.,0.));
#9679 = ( GEOMETRIC_REPRESENTATION_CONTEXT(2) 
PARAMETRIC_REPRESENTATION_CONTEXT() REPRESENTATION_CONTEXT('2D SPACE',''
  ) );
#9680 = ORIENTED_EDGE('',*,*,#9176,.T.);
#9681 = ORIENTED_EDGE('',*,*,#9095,.T.);
#9682 = ORIENTED_EDGE('',*,*,#8957,.T.);
#9683 = ORIENTED_EDGE('',*,*,#9684,.T.);
#9684 = EDGE_CURVE('',#8960,#7273,#9685,.T.);
#9685 = SURFACE_CURVE('',#9686,(#9690,#9697),.PCURVE_S1.);
#9686 = LINE('',#9687,#9688);
#9687 = CARTESIAN_POINT('',(8.,113.35,30.55));
#9688 = VECTOR('',#9689,1.);
#9689 = DIRECTION('',(-1.,0.,0.));
#9690 = PCURVE('',#7183,#9691);
#9691 = DEFINITIONAL_REPRESENTATION('',(#9692),#9696);
#9692 = LINE('',#9693,#9694);
#9693 = CARTESIAN_POINT('',(85.240916772668,157.94506409115));
#9694 = VECTOR('',#9695,1.);
#9695 = DIRECTION('',(-1.,0.));
#9696 = ( GEOMETRIC_REPRESENTATION_CONTEXT(2) 
PARAMETRIC_REPRESENTATION_CONTEXT() REPRESENTATION_CONTEXT('2D SPACE',''
  ) );
#9697 = PCURVE('',#7309,#9698);
#9698 = DEFINITIONAL_REPRESENTATION('',(#9699),#9703);
#9699 = LINE('',#9700,#9701);
#9700 = CARTESIAN_POINT('',(0.,-0.));
#9701 = VECTOR('',#9702,1.);
#9702 = DIRECTION('',(1.,0.));
#9703 = ( GEOMETRIC_REPRESENTATION_CONTEXT(2) 
PARAMETRIC_REPRESENTATION_CONTEXT() REPRESENTATION_CONTEXT('2D SPACE',''
  ) );
#9704 = ORIENTED_EDGE('',*,*,#7272,.T.);
#9705 = ORIENTED_EDGE('',*,*,#7166,.T.);
#9706 = ORIENTED_EDGE('',*,*,#7218,.T.);
#9707 = ORIENTED_EDGE('',*,*,#9708,.T.);
#9708 = EDGE_CURVE('',#7219,#8889,#9709,.T.);
#9709 = SURFACE_CURVE('',#9710,(#9714,#9721),.PCURVE_S1.);
#9710 = LINE('',#9711,#9712);
#9711 = CARTESIAN_POINT('',(-102.1639795189,-49.74679676972,30.55));
#9712 = VECTOR('',#9713,1.);
#9713 = DIRECTION('',(0.5,-0.866025403784,-0.));
#9714 = PCURVE('',#7183,#9715);
#9715 = DEFINITIONAL_REPRESENTATION('',(#9716),#9720);
#9716 = LINE('',#9717,#9718);
#9717 = CARTESIAN_POINT('',(-24.92306274629,-5.151732678571));
#9718 = VECTOR('',#9719,1.);
#9719 = DIRECTION('',(0.5,-0.866025403784));
#9720 = ( GEOMETRIC_REPRESENTATION_CONTEXT(2) 
PARAMETRIC_REPRESENTATION_CONTEXT() REPRESENTATION_CONTEXT('2D SPACE',''
  ) );
#9721 = PCURVE('',#7257,#9722);
#9722 = DEFINITIONAL_REPRESENTATION('',(#9723),#9727);
#9723 = LINE('',#9724,#9725);
#9724 = CARTESIAN_POINT('',(0.,0.));
#9725 = VECTOR('',#9726,1.);
#9726 = DIRECTION('',(1.,0.));
#9727 = ( GEOMETRIC_REPRESENTATION_CONTEXT(2) 
PARAMETRIC_REPRESENTATION_CONTEXT() REPRESENTATION_CONTEXT('2D SPACE',''
  ) );
#9728 = ORIENTED_EDGE('',*,*,#8888,.T.);
#9729 = ORIENTED_EDGE('',*,*,#9027,.T.);
#9730 = ORIENTED_EDGE('',*,*,#9122,.T.);
#9731 = FACE_BOUND('',#9732,.F.);
#9732 = EDGE_LOOP('',(#9733));
#9733 = ORIENTED_EDGE('',*,*,#9734,.F.);
#9734 = EDGE_CURVE('',#9735,#9735,#9737,.T.);
#9735 = VERTEX_POINT('',#9736);
#9736 = CARTESIAN_POINT('',(-53.39231766592,-33.02,30.55));
#9737 = SURFACE_CURVE('',#9738,(#9743,#9750),.PCURVE_S1.);
#9738 = CIRCLE('',#9739,3.8);
#9739 = AXIS2_PLACEMENT_3D('',#9740,#9741,#9742);
#9740 = CARTESIAN_POINT('',(-57.19231766592,-33.02,30.55));
#9741 = DIRECTION('',(0.,0.,1.));
#9742 = DIRECTION('',(1.,0.,-0.));
#9743 = PCURVE('',#7183,#9744);
#9744 = DEFINITIONAL_REPRESENTATION('',(#9745),#9749);
#9745 = CIRCLE('',#9746,3.8);
#9746 = AXIS2_PLACEMENT_2D('',#9747,#9748);
#9747 = CARTESIAN_POINT('',(20.048599106744,11.575064091154));
#9748 = DIRECTION('',(1.,0.));
#9749 = ( GEOMETRIC_REPRESENTATION_CONTEXT(2) 
PARAMETRIC_REPRESENTATION_CONTEXT() REPRESENTATION_CONTEXT('2D SPACE',''
  ) );
#9750 = PCURVE('',#9751,#9756);
#9751 = CYLINDRICAL_SURFACE('',#9752,3.8);
#9752 = AXIS2_PLACEMENT_3D('',#9753,#9754,#9755);
#9753 = CARTESIAN_POINT('',(-57.19231766592,-33.02,29.55));
#9754 = DIRECTION('',(0.,0.,1.));
#9755 = DIRECTION('',(1.,0.,-0.));
#9756 = DEFINITIONAL_REPRESENTATION('',(#9757),#9761);
#9757 = LINE('',#9758,#9759);
#9758 = CARTESIAN_POINT('',(0.,1.));
#9759 = VECTOR('',#9760,1.);
#9760 = DIRECTION('',(1.,0.));
#9761 = ( GEOMETRIC_REPRESENTATION_CONTEXT(2) 
PARAMETRIC_REPRESENTATION_CONTEXT() REPRESENTATION_CONTEXT('2D SPACE',''
  ) );
#9762 = FACE_BOUND('',#9763,.F.);
#9763 = EDGE_LOOP('',(#9764));
#9764 = ORIENTED_EDGE('',*,*,#9453,.F.);
#9765 = FACE_BOUND('',#9766,.F.);
#9766 = EDGE_LOOP('',(#9767));
#9767 = ORIENTED_EDGE('',*,*,#9768,.F.);
#9768 = EDGE_CURVE('',#9769,#9769,#9771,.T.);
#9769 = VERTEX_POINT('',#9770);
#9770 = CARTESIAN_POINT('',(60.992317665924,-33.02,30.55));
#9771 = SURFACE_CURVE('',#9772,(#9777,#9784),.PCURVE_S1.);
#9772 = CIRCLE('',#9773,3.8);
#9773 = AXIS2_PLACEMENT_3D('',#9774,#9775,#9776);
#9774 = CARTESIAN_POINT('',(57.192317665924,-33.02,30.55));
#9775 = DIRECTION('',(0.,0.,1.));
#9776 = DIRECTION('',(1.,0.,-0.));
#9777 = PCURVE('',#7183,#9778);
#9778 = DEFINITIONAL_REPRESENTATION('',(#9779),#9783);
#9779 = CIRCLE('',#9780,3.8);
#9780 = AXIS2_PLACEMENT_2D('',#9781,#9782);
#9781 = CARTESIAN_POINT('',(134.43323443859,11.575064091154));
#9782 = DIRECTION('',(1.,0.));
#9783 = ( GEOMETRIC_REPRESENTATION_CONTEXT(2) 
PARAMETRIC_REPRESENTATION_CONTEXT() REPRESENTATION_CONTEXT('2D SPACE',''
  ) );
#9784 = PCURVE('',#9785,#9790);
#9785 = CYLINDRICAL_SURFACE('',#9786,3.8);
#9786 = AXIS2_PLACEMENT_3D('',#9787,#9788,#9789);
#9787 = CARTESIAN_POINT('',(57.192317665924,-33.02,29.55));
#9788 = DIRECTION('',(0.,0.,1.));
#9789 = DIRECTION('',(1.,0.,-0.));
#9790 = DEFINITIONAL_REPRESENTATION('',(#9791),#9795);
#9791 = LINE('',#9792,#9793);
#9792 = CARTESIAN_POINT('',(0.,1.));
#9793 = VECTOR('',#9794,1.);
#9794 = DIRECTION('',(1.,0.));
#9795 = ( GEOMETRIC_REPRESENTATION_CONTEXT(2) 
PARAMETRIC_REPRESENTATION_CONTEXT() REPRESENTATION_CONTEXT('2D SPACE',''
  ) );
#9796 = FACE_BOUND('',#9797,.F.);
#9797 = EDGE_LOOP('',(#9798));
#9798 = ORIENTED_EDGE('',*,*,#9503,.F.);
#9799 = FACE_BOUND('',#9800,.F.);
#9800 = EDGE_LOOP('',(#9801));
#9801 = ORIENTED_EDGE('',*,*,#9553,.F.);
#9802 = FACE_BOUND('',#9803,.F.);
#9803 = EDGE_LOOP('',(#9804));
#9804 = ORIENTED_EDGE('',*,*,#9805,.F.);
#9805 = EDGE_CURVE('',#9806,#9806,#9808,.T.);
#9806 = VERTEX_POINT('',#9807);
#9807 = CARTESIAN_POINT('',(3.8,66.04,30.55));
#9808 = SURFACE_CURVE('',#9809,(#9814,#9821),.PCURVE_S1.);
#9809 = CIRCLE('',#9810,3.8);
#9810 = AXIS2_PLACEMENT_3D('',#9811,#9812,#9813);
#9811 = CARTESIAN_POINT('',(4.043783730785E-15,66.04,30.55));
#9812 = DIRECTION('',(0.,0.,1.));
#9813 = DIRECTION('',(1.,0.,-0.));
#9814 = PCURVE('',#7183,#9815);
#9815 = DEFINITIONAL_REPRESENTATION('',(#9816),#9820);
#9816 = CIRCLE('',#9817,3.8);
#9817 = AXIS2_PLACEMENT_2D('',#9818,#9819);
#9818 = CARTESIAN_POINT('',(77.240916772668,110.63506409115));
#9819 = DIRECTION('',(1.,0.));
#9820 = ( GEOMETRIC_REPRESENTATION_CONTEXT(2) 
PARAMETRIC_REPRESENTATION_CONTEXT() REPRESENTATION_CONTEXT('2D SPACE',''
  ) );
#9821 = PCURVE('',#9822,#9827);
#9822 = CYLINDRICAL_SURFACE('',#9823,3.8);
#9823 = AXIS2_PLACEMENT_3D('',#9824,#9825,#9826);
#9824 = CARTESIAN_POINT('',(4.043783730785E-15,66.04,29.55));
#9825 = DIRECTION('',(0.,0.,1.));
#9826 = DIRECTION('',(1.,0.,-0.));
#9827 = DEFINITIONAL_REPRESENTATION('',(#9828),#9832);
#9828 = LINE('',#9829,#9830);
#9829 = CARTESIAN_POINT('',(0.,1.));
#9830 = VECTOR('',#9831,1.);
#9831 = DIRECTION('',(1.,0.));
#9832 = ( GEOMETRIC_REPRESENTATION_CONTEXT(2) 
PARAMETRIC_REPRESENTATION_CONTEXT() REPRESENTATION_CONTEXT('2D SPACE',''
  ) );
#9833 = FACE_BOUND('',#9834,.F.);
#9834 = EDGE_LOOP('',(#9835));
#9835 = ORIENTED_EDGE('',*,*,#9603,.F.);
#9836 = ADVANCED_FACE('',(#9837),#7257,.F.);
#9837 = FACE_BOUND('',#9838,.F.);
#9838 = EDGE_LOOP('',(#9839,#9840,#9841,#9862,#9863,#9864));
#9839 = ORIENTED_EDGE('',*,*,#7243,.T.);
#9840 = ORIENTED_EDGE('',*,*,#7406,.T.);
#9841 = ORIENTED_EDGE('',*,*,#9842,.T.);
#9842 = EDGE_CURVE('',#7379,#8770,#9843,.T.);
#9843 = SURFACE_CURVE('',#9844,(#9848,#9855),.PCURVE_S1.);
#9844 = LINE('',#9845,#9846);
#9845 = CARTESIAN_POINT('',(-102.1639795189,-49.74679676972,79.35));
#9846 = VECTOR('',#9847,1.);
#9847 = DIRECTION('',(0.5,-0.866025403784,-0.));
#9848 = PCURVE('',#7257,#9849);
#9849 = DEFINITIONAL_REPRESENTATION('',(#9850),#9854);
#9850 = LINE('',#9851,#9852);
#9851 = CARTESIAN_POINT('',(0.,-48.8));
#9852 = VECTOR('',#9853,1.);
#9853 = DIRECTION('',(1.,0.));
#9854 = ( GEOMETRIC_REPRESENTATION_CONTEXT(2) 
PARAMETRIC_REPRESENTATION_CONTEXT() REPRESENTATION_CONTEXT('2D SPACE',''
  ) );
#9855 = PCURVE('',#7394,#9856);
#9856 = DEFINITIONAL_REPRESENTATION('',(#9857),#9861);
#9857 = LINE('',#9858,#9859);
#9858 = CARTESIAN_POINT('',(-8.763139720814,4.178203230276));
#9859 = VECTOR('',#9860,1.);
#9860 = DIRECTION('',(0.5,-0.866025403784));
#9861 = ( GEOMETRIC_REPRESENTATION_CONTEXT(2) 
PARAMETRIC_REPRESENTATION_CONTEXT() REPRESENTATION_CONTEXT('2D SPACE',''
  ) );
#9862 = ORIENTED_EDGE('',*,*,#8769,.F.);
#9863 = ORIENTED_EDGE('',*,*,#8913,.F.);
#9864 = ORIENTED_EDGE('',*,*,#9708,.F.);
#9865 = ADVANCED_FACE('',(#9866),#7309,.F.);
#9866 = FACE_BOUND('',#9867,.F.);
#9867 = EDGE_LOOP('',(#9868,#9869,#9870,#9891,#9892,#9893));
#9868 = ORIENTED_EDGE('',*,*,#9002,.T.);
#9869 = ORIENTED_EDGE('',*,*,#8863,.T.);
#9870 = ORIENTED_EDGE('',*,*,#9871,.T.);
#9871 = EDGE_CURVE('',#8841,#7489,#9872,.T.);
#9872 = SURFACE_CURVE('',#9873,(#9877,#9884),.PCURVE_S1.);
#9873 = LINE('',#9874,#9875);
#9874 = CARTESIAN_POINT('',(8.,113.35,79.35));
#9875 = VECTOR('',#9876,1.);
#9876 = DIRECTION('',(-1.,0.,0.));
#9877 = PCURVE('',#7309,#9878);
#9878 = DEFINITIONAL_REPRESENTATION('',(#9879),#9883);
#9879 = LINE('',#9880,#9881);
#9880 = CARTESIAN_POINT('',(0.,-48.8));
#9881 = VECTOR('',#9882,1.);
#9882 = DIRECTION('',(1.,0.));
#9883 = ( GEOMETRIC_REPRESENTATION_CONTEXT(2) 
PARAMETRIC_REPRESENTATION_CONTEXT() REPRESENTATION_CONTEXT('2D SPACE',''
  ) );
#9884 = PCURVE('',#7525,#9885);
#9885 = DEFINITIONAL_REPRESENTATION('',(#9886),#9890);
#9886 = LINE('',#9887,#9888);
#9887 = CARTESIAN_POINT('',(8.,5.5));
#9888 = VECTOR('',#9889,1.);
#9889 = DIRECTION('',(-1.,0.));
#9890 = ( GEOMETRIC_REPRESENTATION_CONTEXT(2) 
PARAMETRIC_REPRESENTATION_CONTEXT() REPRESENTATION_CONTEXT('2D SPACE',''
  ) );
#9891 = ORIENTED_EDGE('',*,*,#7488,.F.);
#9892 = ORIENTED_EDGE('',*,*,#7295,.F.);
#9893 = ORIENTED_EDGE('',*,*,#9684,.F.);
#9894 = ADVANCED_FACE('',(#9895),#7366,.F.);
#9895 = FACE_BOUND('',#9896,.F.);
#9896 = EDGE_LOOP('',(#9897,#9898,#9899,#9922,#9950,#9971,#9972,#9973));
#9897 = ORIENTED_EDGE('',*,*,#7350,.F.);
#9898 = ORIENTED_EDGE('',*,*,#7540,.T.);
#9899 = ORIENTED_EDGE('',*,*,#9900,.T.);
#9900 = EDGE_CURVE('',#7541,#9901,#9903,.T.);
#9901 = VERTEX_POINT('',#9902);
#9902 = CARTESIAN_POINT('',(-90.13770007733,-48.57692378864,41.55));
#9903 = SURFACE_CURVE('',#9904,(#9908,#9915),.PCURVE_S1.);
#9904 = LINE('',#9905,#9906);
#9905 = CARTESIAN_POINT('',(-90.13770007733,-48.57692378864,37.54));
#9906 = VECTOR('',#9907,1.);
#9907 = DIRECTION('',(0.,0.,1.));
#9908 = PCURVE('',#7366,#9909);
#9909 = DEFINITIONAL_REPRESENTATION('',(#9910),#9914);
#9910 = LINE('',#9911,#9912);
#9911 = CARTESIAN_POINT('',(11.,-6.99));
#9912 = VECTOR('',#9913,1.);
#9913 = DIRECTION('',(0.,-1.));
#9914 = ( GEOMETRIC_REPRESENTATION_CONTEXT(2) 
PARAMETRIC_REPRESENTATION_CONTEXT() REPRESENTATION_CONTEXT('2D SPACE',''
  ) );
#9915 = PCURVE('',#7663,#9916);
#9916 = DEFINITIONAL_REPRESENTATION('',(#9917),#9921);
#9917 = LINE('',#9918,#9919);
#9918 = CARTESIAN_POINT('',(34.11,0.));
#9919 = VECTOR('',#9920,1.);
#9920 = DIRECTION('',(0.,-1.));
#9921 = ( GEOMETRIC_REPRESENTATION_CONTEXT(2) 
PARAMETRIC_REPRESENTATION_CONTEXT() REPRESENTATION_CONTEXT('2D SPACE',''
  ) );
#9922 = ORIENTED_EDGE('',*,*,#9923,.T.);
#9923 = EDGE_CURVE('',#9901,#9924,#9926,.T.);
#9924 = VERTEX_POINT('',#9925);
#9925 = CARTESIAN_POINT('',(-87.13770007733,-53.77307621135,41.55));
#9926 = SURFACE_CURVE('',#9927,(#9931,#9938),.PCURVE_S1.);
#9927 = LINE('',#9928,#9929);
#9928 = CARTESIAN_POINT('',(-90.13770007733,-48.57692378864,41.55));
#9929 = VECTOR('',#9930,1.);
#9930 = DIRECTION('',(0.5,-0.866025403784,-0.));
#9931 = PCURVE('',#7366,#9932);
#9932 = DEFINITIONAL_REPRESENTATION('',(#9933),#9937);
#9933 = LINE('',#9934,#9935);
#9934 = CARTESIAN_POINT('',(11.,-11.));
#9935 = VECTOR('',#9936,1.);
#9936 = DIRECTION('',(-1.,0.));
#9937 = ( GEOMETRIC_REPRESENTATION_CONTEXT(2) 
PARAMETRIC_REPRESENTATION_CONTEXT() REPRESENTATION_CONTEXT('2D SPACE',''
  ) );
#9938 = PCURVE('',#9939,#9944);
#9939 = PLANE('',#9940);
#9940 = AXIS2_PLACEMENT_3D('',#9941,#9942,#9943);
#9941 = CARTESIAN_POINT('',(-73.86763681579,-42.6475,41.55));
#9942 = DIRECTION('',(0.,0.,1.));
#9943 = DIRECTION('',(1.,0.,-0.));
#9944 = DEFINITIONAL_REPRESENTATION('',(#9945),#9949);
#9945 = LINE('',#9946,#9947);
#9946 = CARTESIAN_POINT('',(-16.27006326154,-5.929423788647));
#9947 = VECTOR('',#9948,1.);
#9948 = DIRECTION('',(0.5,-0.866025403784));
#9949 = ( GEOMETRIC_REPRESENTATION_CONTEXT(2) 
PARAMETRIC_REPRESENTATION_CONTEXT() REPRESENTATION_CONTEXT('2D SPACE',''
  ) );
#9950 = ORIENTED_EDGE('',*,*,#9951,.F.);
#9951 = EDGE_CURVE('',#8589,#9924,#9952,.T.);
#9952 = SURFACE_CURVE('',#9953,(#9957,#9964),.PCURVE_S1.);
#9953 = LINE('',#9954,#9955);
#9954 = CARTESIAN_POINT('',(-87.13770007733,-53.77307621135,37.54));
#9955 = VECTOR('',#9956,1.);
#9956 = DIRECTION('',(0.,0.,1.));
#9957 = PCURVE('',#7366,#9958);
#9958 = DEFINITIONAL_REPRESENTATION('',(#9959),#9963);
#9959 = LINE('',#9960,#9961);
#9960 = CARTESIAN_POINT('',(5.,-6.99));
#9961 = VECTOR('',#9962,1.);
#9962 = DIRECTION('',(0.,-1.));
#9963 = ( GEOMETRIC_REPRESENTATION_CONTEXT(2) 
PARAMETRIC_REPRESENTATION_CONTEXT() REPRESENTATION_CONTEXT('2D SPACE',''
  ) );
#9964 = PCURVE('',#8376,#9965);
#9965 = DEFINITIONAL_REPRESENTATION('',(#9966),#9970);
#9966 = LINE('',#9967,#9968);
#9967 = CARTESIAN_POINT('',(0.,0.));
#9968 = VECTOR('',#9969,1.);
#9969 = DIRECTION('',(0.,-1.));
#9970 = ( GEOMETRIC_REPRESENTATION_CONTEXT(2) 
PARAMETRIC_REPRESENTATION_CONTEXT() REPRESENTATION_CONTEXT('2D SPACE',''
  ) );
#9971 = ORIENTED_EDGE('',*,*,#8588,.T.);
#9972 = ORIENTED_EDGE('',*,*,#8744,.T.);
#9973 = ORIENTED_EDGE('',*,*,#9974,.T.);
#9974 = EDGE_CURVE('',#8745,#7351,#9975,.T.);
#9975 = SURFACE_CURVE('',#9976,(#9980,#9987),.PCURVE_S1.);
#9976 = LINE('',#9977,#9978);
#9977 = CARTESIAN_POINT('',(-84.63770007733,-58.10320323027,79.35));
#9978 = VECTOR('',#9979,1.);
#9979 = DIRECTION('',(-0.5,0.866025403784,0.));
#9980 = PCURVE('',#7366,#9981);
#9981 = DEFINITIONAL_REPRESENTATION('',(#9982),#9986);
#9982 = LINE('',#9983,#9984);
#9983 = CARTESIAN_POINT('',(0.,-48.8));
#9984 = VECTOR('',#9985,1.);
#9985 = DIRECTION('',(1.,0.));
#9986 = ( GEOMETRIC_REPRESENTATION_CONTEXT(2) 
PARAMETRIC_REPRESENTATION_CONTEXT() REPRESENTATION_CONTEXT('2D SPACE',''
  ) );
#9987 = PCURVE('',#7394,#9988);
#9988 = DEFINITIONAL_REPRESENTATION('',(#9989),#9993);
#9989 = LINE('',#9990,#9991);
#9990 = CARTESIAN_POINT('',(8.763139720814,-4.178203230276));
#9991 = VECTOR('',#9992,1.);
#9992 = DIRECTION('',(-0.5,0.866025403784));
#9993 = ( GEOMETRIC_REPRESENTATION_CONTEXT(2) 
PARAMETRIC_REPRESENTATION_CONTEXT() REPRESENTATION_CONTEXT('2D SPACE',''
  ) );
#9994 = ADVANCED_FACE('',(#9995,#10001),#7394,.T.);
#9995 = FACE_BOUND('',#9996,.T.);
#9996 = EDGE_LOOP('',(#9997,#9998,#9999,#10000));
#9997 = ORIENTED_EDGE('',*,*,#7378,.T.);
#9998 = ORIENTED_EDGE('',*,*,#9842,.T.);
#9999 = ORIENTED_EDGE('',*,*,#8792,.T.);
#10000 = ORIENTED_EDGE('',*,*,#9974,.T.);
#10001 = FACE_BOUND('',#10002,.T.);
#10002 = EDGE_LOOP('',(#10003));
#10003 = ORIENTED_EDGE('',*,*,#10004,.F.);
#10004 = EDGE_CURVE('',#10005,#10005,#10007,.T.);
#10005 = VERTEX_POINT('',#10006);
#10006 = CARTESIAN_POINT('',(-91.40083979815,-53.925,79.35));
#10007 = SURFACE_CURVE('',#10008,(#10013,#10020),.PCURVE_S1.);
#10008 = CIRCLE('',#10009,2.);
#10009 = AXIS2_PLACEMENT_3D('',#10010,#10011,#10012);
#10010 = CARTESIAN_POINT('',(-93.40083979815,-53.925,79.35));
#10011 = DIRECTION('',(0.,0.,1.));
#10012 = DIRECTION('',(1.,0.,-0.));
#10013 = PCURVE('',#7394,#10014);
#10014 = DEFINITIONAL_REPRESENTATION('',(#10015),#10019);
#10015 = CIRCLE('',#10016,2.);
#10016 = AXIS2_PLACEMENT_2D('',#10017,#10018);
#10017 = CARTESIAN_POINT('',(1.42108547152E-14,0.));
#10018 = DIRECTION('',(1.,0.));
#10019 = ( GEOMETRIC_REPRESENTATION_CONTEXT(2) 
PARAMETRIC_REPRESENTATION_CONTEXT() REPRESENTATION_CONTEXT('2D SPACE',''
  ) );
#10020 = PCURVE('',#10021,#10026);
#10021 = CYLINDRICAL_SURFACE('',#10022,2.);
#10022 = AXIS2_PLACEMENT_3D('',#10023,#10024,#10025);
#10023 = CARTESIAN_POINT('',(-93.40083979815,-53.925,72.05));
#10024 = DIRECTION('',(0.,0.,1.));
#10025 = DIRECTION('',(1.,0.,-0.));
#10026 = DEFINITIONAL_REPRESENTATION('',(#10027),#10031);
#10027 = LINE('',#10028,#10029);
#10028 = CARTESIAN_POINT('',(0.,7.3));
#10029 = VECTOR('',#10030,1.);
#10030 = DIRECTION('',(1.,0.));
#10031 = ( GEOMETRIC_REPRESENTATION_CONTEXT(2) 
PARAMETRIC_REPRESENTATION_CONTEXT() REPRESENTATION_CONTEXT('2D SPACE',''
  ) );
#10032 = ADVANCED_FACE('',(#10033),#7449,.F.);
#10033 = FACE_BOUND('',#10034,.F.);
#10034 = EDGE_LOOP('',(#10035,#10036,#10037,#10060,#10088,#10109,#10110,
    #10111));
#10035 = ORIENTED_EDGE('',*,*,#8817,.F.);
#10036 = ORIENTED_EDGE('',*,*,#8670,.T.);
#10037 = ORIENTED_EDGE('',*,*,#10038,.T.);
#10038 = EDGE_CURVE('',#8673,#10039,#10041,.T.);
#10039 = VERTEX_POINT('',#10040);
#10040 = CARTESIAN_POINT('',(3.,102.35,41.55));
#10041 = SURFACE_CURVE('',#10042,(#10046,#10053),.PCURVE_S1.);
#10042 = LINE('',#10043,#10044);
#10043 = CARTESIAN_POINT('',(3.,102.35,37.54));
#10044 = VECTOR('',#10045,1.);
#10045 = DIRECTION('',(0.,0.,1.));
#10046 = PCURVE('',#7449,#10047);
#10047 = DEFINITIONAL_REPRESENTATION('',(#10048),#10052);
#10048 = LINE('',#10049,#10050);
#10049 = CARTESIAN_POINT('',(11.,-6.99));
#10050 = VECTOR('',#10051,1.);
#10051 = DIRECTION('',(0.,-1.));
#10052 = ( GEOMETRIC_REPRESENTATION_CONTEXT(2) 
PARAMETRIC_REPRESENTATION_CONTEXT() REPRESENTATION_CONTEXT('2D SPACE',''
  ) );
#10053 = PCURVE('',#8492,#10054);
#10054 = DEFINITIONAL_REPRESENTATION('',(#10055),#10059);
#10055 = LINE('',#10056,#10057);
#10056 = CARTESIAN_POINT('',(34.11,0.));
#10057 = VECTOR('',#10058,1.);
#10058 = DIRECTION('',(0.,-1.));
#10059 = ( GEOMETRIC_REPRESENTATION_CONTEXT(2) 
PARAMETRIC_REPRESENTATION_CONTEXT() REPRESENTATION_CONTEXT('2D SPACE',''
  ) );
#10060 = ORIENTED_EDGE('',*,*,#10061,.T.);
#10061 = EDGE_CURVE('',#10039,#10062,#10064,.T.);
#10062 = VERTEX_POINT('',#10063);
#10063 = CARTESIAN_POINT('',(-3.,102.35,41.55));
#10064 = SURFACE_CURVE('',#10065,(#10069,#10076),.PCURVE_S1.);
#10065 = LINE('',#10066,#10067);
#10066 = CARTESIAN_POINT('',(3.,102.35,41.55));
#10067 = VECTOR('',#10068,1.);
#10068 = DIRECTION('',(-1.,0.,0.));
#10069 = PCURVE('',#7449,#10070);
#10070 = DEFINITIONAL_REPRESENTATION('',(#10071),#10075);
#10071 = LINE('',#10072,#10073);
#10072 = CARTESIAN_POINT('',(11.,-11.));
#10073 = VECTOR('',#10074,1.);
#10074 = DIRECTION('',(-1.,0.));
#10075 = ( GEOMETRIC_REPRESENTATION_CONTEXT(2) 
PARAMETRIC_REPRESENTATION_CONTEXT() REPRESENTATION_CONTEXT('2D SPACE',''
  ) );
#10076 = PCURVE('',#10077,#10082);
#10077 = PLANE('',#10078);
#10078 = AXIS2_PLACEMENT_3D('',#10079,#10080,#10081);
#10079 = CARTESIAN_POINT('',(5.181594370726E-15,85.295,41.55));
#10080 = DIRECTION('',(0.,0.,1.));
#10081 = DIRECTION('',(1.,0.,-0.));
#10082 = DEFINITIONAL_REPRESENTATION('',(#10083),#10087);
#10083 = LINE('',#10084,#10085);
#10084 = CARTESIAN_POINT('',(3.,17.055));
#10085 = VECTOR('',#10086,1.);
#10086 = DIRECTION('',(-1.,0.));
#10087 = ( GEOMETRIC_REPRESENTATION_CONTEXT(2) 
PARAMETRIC_REPRESENTATION_CONTEXT() REPRESENTATION_CONTEXT('2D SPACE',''
  ) );
#10088 = ORIENTED_EDGE('',*,*,#10089,.F.);
#10089 = EDGE_CURVE('',#7679,#10062,#10090,.T.);
#10090 = SURFACE_CURVE('',#10091,(#10095,#10102),.PCURVE_S1.);
#10091 = LINE('',#10092,#10093);
#10092 = CARTESIAN_POINT('',(-3.,102.35,37.54));
#10093 = VECTOR('',#10094,1.);
#10094 = DIRECTION('',(0.,0.,1.));
#10095 = PCURVE('',#7449,#10096);
#10096 = DEFINITIONAL_REPRESENTATION('',(#10097),#10101);
#10097 = LINE('',#10098,#10099);
#10098 = CARTESIAN_POINT('',(5.,-6.99));
#10099 = VECTOR('',#10100,1.);
#10100 = DIRECTION('',(0.,-1.));
#10101 = ( GEOMETRIC_REPRESENTATION_CONTEXT(2) 
PARAMETRIC_REPRESENTATION_CONTEXT() REPRESENTATION_CONTEXT('2D SPACE',''
  ) );
#10102 = PCURVE('',#7718,#10103);
#10103 = DEFINITIONAL_REPRESENTATION('',(#10104),#10108);
#10104 = LINE('',#10105,#10106);
#10105 = CARTESIAN_POINT('',(0.,0.));
#10106 = VECTOR('',#10107,1.);
#10107 = DIRECTION('',(0.,-1.));
#10108 = ( GEOMETRIC_REPRESENTATION_CONTEXT(2) 
PARAMETRIC_REPRESENTATION_CONTEXT() REPRESENTATION_CONTEXT('2D SPACE',''
  ) );
#10109 = ORIENTED_EDGE('',*,*,#7678,.T.);
#10110 = ORIENTED_EDGE('',*,*,#7431,.T.);
#10111 = ORIENTED_EDGE('',*,*,#10112,.T.);
#10112 = EDGE_CURVE('',#7434,#8818,#10113,.T.);
#10113 = SURFACE_CURVE('',#10114,(#10118,#10125),.PCURVE_S1.);
#10114 = LINE('',#10115,#10116);
#10115 = CARTESIAN_POINT('',(-8.,102.35,79.35));
#10116 = VECTOR('',#10117,1.);
#10117 = DIRECTION('',(1.,0.,0.));
#10118 = PCURVE('',#7449,#10119);
#10119 = DEFINITIONAL_REPRESENTATION('',(#10120),#10124);
#10120 = LINE('',#10121,#10122);
#10121 = CARTESIAN_POINT('',(0.,-48.8));
#10122 = VECTOR('',#10123,1.);
#10123 = DIRECTION('',(1.,0.));
#10124 = ( GEOMETRIC_REPRESENTATION_CONTEXT(2) 
PARAMETRIC_REPRESENTATION_CONTEXT() REPRESENTATION_CONTEXT('2D SPACE',''
  ) );
#10125 = PCURVE('',#7525,#10126);
#10126 = DEFINITIONAL_REPRESENTATION('',(#10127),#10131);
#10127 = LINE('',#10128,#10129);
#10128 = CARTESIAN_POINT('',(-8.,-5.5));
#10129 = VECTOR('',#10130,1.);
#10130 = DIRECTION('',(1.,0.));
#10131 = ( GEOMETRIC_REPRESENTATION_CONTEXT(2) 
PARAMETRIC_REPRESENTATION_CONTEXT() REPRESENTATION_CONTEXT('2D SPACE',''
  ) );
#10132 = ADVANCED_FACE('',(#10133,#10139),#7525,.T.);
#10133 = FACE_BOUND('',#10134,.T.);
#10134 = EDGE_LOOP('',(#10135,#10136,#10137,#10138));
#10135 = ORIENTED_EDGE('',*,*,#8840,.T.);
#10136 = ORIENTED_EDGE('',*,*,#9871,.T.);
#10137 = ORIENTED_EDGE('',*,*,#7511,.T.);
#10138 = ORIENTED_EDGE('',*,*,#10112,.T.);
#10139 = FACE_BOUND('',#10140,.T.);
#10140 = EDGE_LOOP('',(#10141));
#10141 = ORIENTED_EDGE('',*,*,#10142,.F.);
#10142 = EDGE_CURVE('',#10143,#10143,#10145,.T.);
#10143 = VERTEX_POINT('',#10144);
#10144 = CARTESIAN_POINT('',(2.,107.85,79.35));
#10145 = SURFACE_CURVE('',#10146,(#10151,#10158),.PCURVE_S1.);
#10146 = CIRCLE('',#10147,2.);
#10147 = AXIS2_PLACEMENT_3D('',#10148,#10149,#10150);
#10148 = CARTESIAN_POINT('',(6.603907864402E-15,107.85,79.35));
#10149 = DIRECTION('',(0.,0.,1.));
#10150 = DIRECTION('',(1.,0.,-0.));
#10151 = PCURVE('',#7525,#10152);
#10152 = DEFINITIONAL_REPRESENTATION('',(#10153),#10157);
#10153 = CIRCLE('',#10154,2.);
#10154 = AXIS2_PLACEMENT_2D('',#10155,#10156);
#10155 = CARTESIAN_POINT('',(-5.015194931989E-16,-1.42108547152E-14));
#10156 = DIRECTION('',(1.,0.));
#10157 = ( GEOMETRIC_REPRESENTATION_CONTEXT(2) 
PARAMETRIC_REPRESENTATION_CONTEXT() REPRESENTATION_CONTEXT('2D SPACE',''
  ) );
#10158 = PCURVE('',#10159,#10164);
#10159 = CYLINDRICAL_SURFACE('',#10160,2.);
#10160 = AXIS2_PLACEMENT_3D('',#10161,#10162,#10163);
#10161 = CARTESIAN_POINT('',(6.603907864402E-15,107.85,72.05));
#10162 = DIRECTION('',(0.,0.,1.));
#10163 = DIRECTION('',(1.,0.,-0.));
#10164 = DEFINITIONAL_REPRESENTATION('',(#10165),#10169);
#10165 = LINE('',#10166,#10167);
#10166 = CARTESIAN_POINT('',(0.,7.3));
#10167 = VECTOR('',#10168,1.);
#10168 = DIRECTION('',(1.,0.));
#10169 = ( GEOMETRIC_REPRESENTATION_CONTEXT(2) 
PARAMETRIC_REPRESENTATION_CONTEXT() REPRESENTATION_CONTEXT('2D SPACE',''
  ) );
#10170 = ADVANCED_FACE('',(#10171),#7663,.F.);
#10171 = FACE_BOUND('',#10172,.F.);
#10172 = EDGE_LOOP('',(#10173,#10174,#10175,#10196,#10217));
#10173 = ORIENTED_EDGE('',*,*,#7648,.T.);
#10174 = ORIENTED_EDGE('',*,*,#7916,.F.);
#10175 = ORIENTED_EDGE('',*,*,#10176,.T.);
#10176 = EDGE_CURVE('',#7822,#10177,#10179,.T.);
#10177 = VERTEX_POINT('',#10178);
#10178 = CARTESIAN_POINT('',(-64.36065075423,-33.69453742303,41.55));
#10179 = SURFACE_CURVE('',#10180,(#10184,#10190),.PCURVE_S1.);
#10180 = LINE('',#10181,#10182);
#10181 = CARTESIAN_POINT('',(-64.36065075423,-33.69453742303,30.55));
#10182 = VECTOR('',#10183,1.);
#10183 = DIRECTION('',(0.,0.,1.));
#10184 = PCURVE('',#7663,#10185);
#10185 = DEFINITIONAL_REPRESENTATION('',(#10186),#10189);
#10186 = B_SPLINE_CURVE_WITH_KNOTS('',1,(#10187,#10188),.UNSPECIFIED.,
  .F.,.F.,(2,2),(6.9999994,11.401),.PIECEWISE_BEZIER_KNOTS.);
#10187 = CARTESIAN_POINT('',(4.345227268781,-9.999399999998E-03));
#10188 = CARTESIAN_POINT('',(4.345227268781,-4.411));
#10189 = ( GEOMETRIC_REPRESENTATION_CONTEXT(2) 
PARAMETRIC_REPRESENTATION_CONTEXT() REPRESENTATION_CONTEXT('2D SPACE',''
  ) );
#10190 = PCURVE('',#8079,#10191);
#10191 = DEFINITIONAL_REPRESENTATION('',(#10192),#10195);
#10192 = B_SPLINE_CURVE_WITH_KNOTS('',1,(#10193,#10194),.UNSPECIFIED.,
  .F.,.F.,(2,2),(6.9999994,11.401),.PIECEWISE_BEZIER_KNOTS.);
#10193 = CARTESIAN_POINT('',(3.235415997884,6.9999994));
#10194 = CARTESIAN_POINT('',(3.235415997884,11.401));
#10195 = ( GEOMETRIC_REPRESENTATION_CONTEXT(2) 
PARAMETRIC_REPRESENTATION_CONTEXT() REPRESENTATION_CONTEXT('2D SPACE',''
  ) );
#10196 = ORIENTED_EDGE('',*,*,#10197,.T.);
#10197 = EDGE_CURVE('',#10177,#9901,#10198,.T.);
#10198 = SURFACE_CURVE('',#10199,(#10203,#10210),.PCURVE_S1.);
#10199 = LINE('',#10200,#10201);
#10200 = CARTESIAN_POINT('',(-60.59757355425,-31.52192378864,41.55));
#10201 = VECTOR('',#10202,1.);
#10202 = DIRECTION('',(-0.866025403784,-0.5,0.));
#10203 = PCURVE('',#7663,#10204);
#10204 = DEFINITIONAL_REPRESENTATION('',(#10205),#10209);
#10205 = LINE('',#10206,#10207);
#10206 = CARTESIAN_POINT('',(0.,-4.01));
#10207 = VECTOR('',#10208,1.);
#10208 = DIRECTION('',(1.,0.));
#10209 = ( GEOMETRIC_REPRESENTATION_CONTEXT(2) 
PARAMETRIC_REPRESENTATION_CONTEXT() REPRESENTATION_CONTEXT('2D SPACE',''
  ) );
#10210 = PCURVE('',#9939,#10211);
#10211 = DEFINITIONAL_REPRESENTATION('',(#10212),#10216);
#10212 = LINE('',#10213,#10214);
#10213 = CARTESIAN_POINT('',(13.270063261544,11.125576211353));
#10214 = VECTOR('',#10215,1.);
#10215 = DIRECTION('',(-0.866025403784,-0.5));
#10216 = ( GEOMETRIC_REPRESENTATION_CONTEXT(2) 
PARAMETRIC_REPRESENTATION_CONTEXT() REPRESENTATION_CONTEXT('2D SPACE',''
  ) );
#10217 = ORIENTED_EDGE('',*,*,#9900,.F.);
#10218 = ADVANCED_FACE('',(#10219),#7718,.F.);
#10219 = FACE_BOUND('',#10220,.F.);
#10220 = EDGE_LOOP('',(#10221,#10242,#10243,#10244,#10245));
#10221 = ORIENTED_EDGE('',*,*,#10222,.F.);
#10222 = EDGE_CURVE('',#7942,#10223,#10225,.T.);
#10223 = VERTEX_POINT('',#10224);
#10224 = CARTESIAN_POINT('',(-3.,72.585227268781,41.55));
#10225 = SURFACE_CURVE('',#10226,(#10230,#10236),.PCURVE_S1.);
#10226 = LINE('',#10227,#10228);
#10227 = CARTESIAN_POINT('',(-3.,72.585227268781,30.55));
#10228 = VECTOR('',#10229,1.);
#10229 = DIRECTION('',(0.,0.,1.));
#10230 = PCURVE('',#7718,#10231);
#10231 = DEFINITIONAL_REPRESENTATION('',(#10232),#10235);
#10232 = B_SPLINE_CURVE_WITH_KNOTS('',1,(#10233,#10234),.UNSPECIFIED.,
  .F.,.F.,(2,2),(6.9999994,11.401),.PIECEWISE_BEZIER_KNOTS.);
#10233 = CARTESIAN_POINT('',(29.764772731219,-9.999399999998E-03));
#10234 = CARTESIAN_POINT('',(29.764772731219,-4.411));
#10235 = ( GEOMETRIC_REPRESENTATION_CONTEXT(2) 
PARAMETRIC_REPRESENTATION_CONTEXT() REPRESENTATION_CONTEXT('2D SPACE',''
  ) );
#10236 = PCURVE('',#8229,#10237);
#10237 = DEFINITIONAL_REPRESENTATION('',(#10238),#10241);
#10238 = B_SPLINE_CURVE_WITH_KNOTS('',1,(#10239,#10240),.UNSPECIFIED.,
  .F.,.F.,(2,2),(6.9999994,11.401),.PIECEWISE_BEZIER_KNOTS.);
#10239 = CARTESIAN_POINT('',(2.000571758099,6.9999994));
#10240 = CARTESIAN_POINT('',(2.000571758099,11.401));
#10241 = ( GEOMETRIC_REPRESENTATION_CONTEXT(2) 
PARAMETRIC_REPRESENTATION_CONTEXT() REPRESENTATION_CONTEXT('2D SPACE',''
  ) );
#10242 = ORIENTED_EDGE('',*,*,#7941,.T.);
#10243 = ORIENTED_EDGE('',*,*,#7701,.F.);
#10244 = ORIENTED_EDGE('',*,*,#10089,.T.);
#10245 = ORIENTED_EDGE('',*,*,#10246,.T.);
#10246 = EDGE_CURVE('',#10062,#10223,#10247,.T.);
#10247 = SURFACE_CURVE('',#10248,(#10252,#10259),.PCURVE_S1.);
#10248 = LINE('',#10249,#10250);
#10249 = CARTESIAN_POINT('',(-3.,102.35,41.55));
#10250 = VECTOR('',#10251,1.);
#10251 = DIRECTION('',(-6.509662999854E-17,-1.,0.));
#10252 = PCURVE('',#7718,#10253);
#10253 = DEFINITIONAL_REPRESENTATION('',(#10254),#10258);
#10254 = LINE('',#10255,#10256);
#10255 = CARTESIAN_POINT('',(0.,-4.01));
#10256 = VECTOR('',#10257,1.);
#10257 = DIRECTION('',(1.,0.));
#10258 = ( GEOMETRIC_REPRESENTATION_CONTEXT(2) 
PARAMETRIC_REPRESENTATION_CONTEXT() REPRESENTATION_CONTEXT('2D SPACE',''
  ) );
#10259 = PCURVE('',#10077,#10260);
#10260 = DEFINITIONAL_REPRESENTATION('',(#10261),#10265);
#10261 = LINE('',#10262,#10263);
#10262 = CARTESIAN_POINT('',(-3.,17.055));
#10263 = VECTOR('',#10264,1.);
#10264 = DIRECTION('',(-6.509662999854E-17,-1.));
#10265 = ( GEOMETRIC_REPRESENTATION_CONTEXT(2) 
PARAMETRIC_REPRESENTATION_CONTEXT() REPRESENTATION_CONTEXT('2D SPACE',''
  ) );
#10266 = ADVANCED_FACE('',(#10267),#8079,.T.);
#10267 = FACE_BOUND('',#10268,.T.);
#10268 = EDGE_LOOP('',(#10269,#10290,#10291,#10314,#10341,#10342,#10343,
    #10344));
#10269 = ORIENTED_EDGE('',*,*,#10270,.F.);
#10270 = EDGE_CURVE('',#8092,#10271,#10273,.T.);
#10271 = VERTEX_POINT('',#10272);
#10272 = CARTESIAN_POINT('',(-61.36065075423,-38.89068984574,41.55));
#10273 = SURFACE_CURVE('',#10274,(#10278,#10284),.PCURVE_S1.);
#10274 = LINE('',#10275,#10276);
#10275 = CARTESIAN_POINT('',(-61.36065075423,-38.89068984574,30.55));
#10276 = VECTOR('',#10277,1.);
#10277 = DIRECTION('',(0.,0.,1.));
#10278 = PCURVE('',#8079,#10279);
#10279 = DEFINITIONAL_REPRESENTATION('',(#10280),#10283);
#10280 = B_SPLINE_CURVE_WITH_KNOTS('',1,(#10281,#10282),.UNSPECIFIED.,
  .F.,.F.,(2,2),(6.9999994,11.401),.PIECEWISE_BEZIER_KNOTS.);
#10281 = CARTESIAN_POINT('',(4.094966860493,6.9999994));
#10282 = CARTESIAN_POINT('',(4.094966860493,11.401));
#10283 = ( GEOMETRIC_REPRESENTATION_CONTEXT(2) 
PARAMETRIC_REPRESENTATION_CONTEXT() REPRESENTATION_CONTEXT('2D SPACE',''
  ) );
#10284 = PCURVE('',#8376,#10285);
#10285 = DEFINITIONAL_REPRESENTATION('',(#10286),#10289);
#10286 = B_SPLINE_CURVE_WITH_KNOTS('',1,(#10287,#10288),.UNSPECIFIED.,
  .F.,.F.,(2,2),(6.9999994,11.401),.PIECEWISE_BEZIER_KNOTS.);
#10287 = CARTESIAN_POINT('',(29.764772731219,-9.999399999998E-03));
#10288 = CARTESIAN_POINT('',(29.764772731219,-4.411));
#10289 = ( GEOMETRIC_REPRESENTATION_CONTEXT(2) 
PARAMETRIC_REPRESENTATION_CONTEXT() REPRESENTATION_CONTEXT('2D SPACE',''
  ) );
#10290 = ORIENTED_EDGE('',*,*,#8091,.T.);
#10291 = ORIENTED_EDGE('',*,*,#10292,.T.);
#10292 = EDGE_CURVE('',#8064,#10293,#10295,.T.);
#10293 = VERTEX_POINT('',#10294);
#10294 = CARTESIAN_POINT('',(-49.99231766592,-33.02,46.55));
#10295 = SEAM_CURVE('',#10296,(#10300,#10307),.PCURVE_S1.);
#10296 = LINE('',#10297,#10298);
#10297 = CARTESIAN_POINT('',(-49.99231766592,-33.02,30.55));
#10298 = VECTOR('',#10299,1.);
#10299 = DIRECTION('',(0.,0.,1.));
#10300 = PCURVE('',#8079,#10301);
#10301 = DEFINITIONAL_REPRESENTATION('',(#10302),#10306);
#10302 = LINE('',#10303,#10304);
#10303 = CARTESIAN_POINT('',(0.,-0.));
#10304 = VECTOR('',#10305,1.);
#10305 = DIRECTION('',(0.,1.));
#10306 = ( GEOMETRIC_REPRESENTATION_CONTEXT(2) 
PARAMETRIC_REPRESENTATION_CONTEXT() REPRESENTATION_CONTEXT('2D SPACE',''
  ) );
#10307 = PCURVE('',#8079,#10308);
#10308 = DEFINITIONAL_REPRESENTATION('',(#10309),#10313);
#10309 = LINE('',#10310,#10311);
#10310 = CARTESIAN_POINT('',(6.28318530718,-0.));
#10311 = VECTOR('',#10312,1.);
#10312 = DIRECTION('',(0.,1.));
#10313 = ( GEOMETRIC_REPRESENTATION_CONTEXT(2) 
PARAMETRIC_REPRESENTATION_CONTEXT() REPRESENTATION_CONTEXT('2D SPACE',''
  ) );
#10314 = ORIENTED_EDGE('',*,*,#10315,.F.);
#10315 = EDGE_CURVE('',#10293,#10293,#10316,.T.);
#10316 = SURFACE_CURVE('',#10317,(#10322,#10329),.PCURVE_S1.);
#10317 = CIRCLE('',#10318,7.2);
#10318 = AXIS2_PLACEMENT_3D('',#10319,#10320,#10321);
#10319 = CARTESIAN_POINT('',(-57.19231766592,-33.02,46.55));
#10320 = DIRECTION('',(0.,0.,1.));
#10321 = DIRECTION('',(1.,0.,-0.));
#10322 = PCURVE('',#8079,#10323);
#10323 = DEFINITIONAL_REPRESENTATION('',(#10324),#10328);
#10324 = LINE('',#10325,#10326);
#10325 = CARTESIAN_POINT('',(0.,16.));
#10326 = VECTOR('',#10327,1.);
#10327 = DIRECTION('',(1.,0.));
#10328 = ( GEOMETRIC_REPRESENTATION_CONTEXT(2) 
PARAMETRIC_REPRESENTATION_CONTEXT() REPRESENTATION_CONTEXT('2D SPACE',''
  ) );
#10329 = PCURVE('',#10330,#10335);
#10330 = PLANE('',#10331);
#10331 = AXIS2_PLACEMENT_3D('',#10332,#10333,#10334);
#10332 = CARTESIAN_POINT('',(-57.19231766592,-33.02,46.55));
#10333 = DIRECTION('',(0.,0.,1.));
#10334 = DIRECTION('',(1.,0.,-0.));
#10335 = DEFINITIONAL_REPRESENTATION('',(#10336),#10340);
#10336 = CIRCLE('',#10337,7.2);
#10337 = AXIS2_PLACEMENT_2D('',#10338,#10339);
#10338 = CARTESIAN_POINT('',(0.,0.));
#10339 = DIRECTION('',(1.,0.));
#10340 = ( GEOMETRIC_REPRESENTATION_CONTEXT(2) 
PARAMETRIC_REPRESENTATION_CONTEXT() REPRESENTATION_CONTEXT('2D SPACE',''
  ) );
#10341 = ORIENTED_EDGE('',*,*,#10292,.F.);
#10342 = ORIENTED_EDGE('',*,*,#8063,.T.);
#10343 = ORIENTED_EDGE('',*,*,#10176,.T.);
#10344 = ORIENTED_EDGE('',*,*,#10345,.T.);
#10345 = EDGE_CURVE('',#10177,#10271,#10346,.T.);
#10346 = SURFACE_CURVE('',#10347,(#10352,#10359),.PCURVE_S1.);
#10347 = CIRCLE('',#10348,7.2);
#10348 = AXIS2_PLACEMENT_3D('',#10349,#10350,#10351);
#10349 = CARTESIAN_POINT('',(-57.19231766592,-33.02,41.55));
#10350 = DIRECTION('',(0.,0.,1.));
#10351 = DIRECTION('',(1.,0.,-0.));
#10352 = PCURVE('',#8079,#10353);
#10353 = DEFINITIONAL_REPRESENTATION('',(#10354),#10358);
#10354 = LINE('',#10355,#10356);
#10355 = CARTESIAN_POINT('',(0.,11.));
#10356 = VECTOR('',#10357,1.);
#10357 = DIRECTION('',(1.,0.));
#10358 = ( GEOMETRIC_REPRESENTATION_CONTEXT(2) 
PARAMETRIC_REPRESENTATION_CONTEXT() REPRESENTATION_CONTEXT('2D SPACE',''
  ) );
#10359 = PCURVE('',#9939,#10360);
#10360 = DEFINITIONAL_REPRESENTATION('',(#10361),#10365);
#10361 = CIRCLE('',#10362,7.2);
#10362 = AXIS2_PLACEMENT_2D('',#10363,#10364);
#10363 = CARTESIAN_POINT('',(16.675319149869,9.6275));
#10364 = DIRECTION('',(1.,0.));
#10365 = ( GEOMETRIC_REPRESENTATION_CONTEXT(2) 
PARAMETRIC_REPRESENTATION_CONTEXT() REPRESENTATION_CONTEXT('2D SPACE',''
  ) );
#10366 = ADVANCED_FACE('',(#10367),#8229,.T.);
#10367 = FACE_BOUND('',#10368,.T.);
#10368 = EDGE_LOOP('',(#10369,#10370,#10371,#10394,#10421,#10422,#10423,
    #10444));
#10369 = ORIENTED_EDGE('',*,*,#10222,.F.);
#10370 = ORIENTED_EDGE('',*,*,#8241,.T.);
#10371 = ORIENTED_EDGE('',*,*,#10372,.T.);
#10372 = EDGE_CURVE('',#8212,#10373,#10375,.T.);
#10373 = VERTEX_POINT('',#10374);
#10374 = CARTESIAN_POINT('',(7.2,66.04,46.55));
#10375 = SEAM_CURVE('',#10376,(#10380,#10387),.PCURVE_S1.);
#10376 = LINE('',#10377,#10378);
#10377 = CARTESIAN_POINT('',(7.2,66.04,30.55));
#10378 = VECTOR('',#10379,1.);
#10379 = DIRECTION('',(0.,0.,1.));
#10380 = PCURVE('',#8229,#10381);
#10381 = DEFINITIONAL_REPRESENTATION('',(#10382),#10386);
#10382 = LINE('',#10383,#10384);
#10383 = CARTESIAN_POINT('',(0.,-0.));
#10384 = VECTOR('',#10385,1.);
#10385 = DIRECTION('',(0.,1.));
#10386 = ( GEOMETRIC_REPRESENTATION_CONTEXT(2) 
PARAMETRIC_REPRESENTATION_CONTEXT() REPRESENTATION_CONTEXT('2D SPACE',''
  ) );
#10387 = PCURVE('',#8229,#10388);
#10388 = DEFINITIONAL_REPRESENTATION('',(#10389),#10393);
#10389 = LINE('',#10390,#10391);
#10390 = CARTESIAN_POINT('',(6.28318530718,-0.));
#10391 = VECTOR('',#10392,1.);
#10392 = DIRECTION('',(0.,1.));
#10393 = ( GEOMETRIC_REPRESENTATION_CONTEXT(2) 
PARAMETRIC_REPRESENTATION_CONTEXT() REPRESENTATION_CONTEXT('2D SPACE',''
  ) );
#10394 = ORIENTED_EDGE('',*,*,#10395,.F.);
#10395 = EDGE_CURVE('',#10373,#10373,#10396,.T.);
#10396 = SURFACE_CURVE('',#10397,(#10402,#10409),.PCURVE_S1.);
#10397 = CIRCLE('',#10398,7.2);
#10398 = AXIS2_PLACEMENT_3D('',#10399,#10400,#10401);
#10399 = CARTESIAN_POINT('',(4.043783730785E-15,66.04,46.55));
#10400 = DIRECTION('',(0.,0.,1.));
#10401 = DIRECTION('',(1.,0.,-0.));
#10402 = PCURVE('',#8229,#10403);
#10403 = DEFINITIONAL_REPRESENTATION('',(#10404),#10408);
#10404 = LINE('',#10405,#10406);
#10405 = CARTESIAN_POINT('',(0.,16.));
#10406 = VECTOR('',#10407,1.);
#10407 = DIRECTION('',(1.,0.));
#10408 = ( GEOMETRIC_REPRESENTATION_CONTEXT(2) 
PARAMETRIC_REPRESENTATION_CONTEXT() REPRESENTATION_CONTEXT('2D SPACE',''
  ) );
#10409 = PCURVE('',#10410,#10415);
#10410 = PLANE('',#10411);
#10411 = AXIS2_PLACEMENT_3D('',#10412,#10413,#10414);
#10412 = CARTESIAN_POINT('',(4.043783730785E-15,66.04,46.55));
#10413 = DIRECTION('',(0.,0.,1.));
#10414 = DIRECTION('',(1.,0.,-0.));
#10415 = DEFINITIONAL_REPRESENTATION('',(#10416),#10420);
#10416 = CIRCLE('',#10417,7.2);
#10417 = AXIS2_PLACEMENT_2D('',#10418,#10419);
#10418 = CARTESIAN_POINT('',(0.,0.));
#10419 = DIRECTION('',(1.,0.));
#10420 = ( GEOMETRIC_REPRESENTATION_CONTEXT(2) 
PARAMETRIC_REPRESENTATION_CONTEXT() REPRESENTATION_CONTEXT('2D SPACE',''
  ) );
#10421 = ORIENTED_EDGE('',*,*,#10372,.F.);
#10422 = ORIENTED_EDGE('',*,*,#8211,.T.);
#10423 = ORIENTED_EDGE('',*,*,#10424,.T.);
#10424 = EDGE_CURVE('',#8214,#10425,#10427,.T.);
#10425 = VERTEX_POINT('',#10426);
#10426 = CARTESIAN_POINT('',(3.,72.585227268781,41.55));
#10427 = SURFACE_CURVE('',#10428,(#10432,#10438),.PCURVE_S1.);
#10428 = LINE('',#10429,#10430);
#10429 = CARTESIAN_POINT('',(3.,72.585227268781,30.55));
#10430 = VECTOR('',#10431,1.);
#10431 = DIRECTION('',(0.,0.,1.));
#10432 = PCURVE('',#8229,#10433);
#10433 = DEFINITIONAL_REPRESENTATION('',(#10434),#10437);
#10434 = B_SPLINE_CURVE_WITH_KNOTS('',1,(#10435,#10436),.UNSPECIFIED.,
  .F.,.F.,(2,2),(6.9999994,11.401),.PIECEWISE_BEZIER_KNOTS.);
#10435 = CARTESIAN_POINT('',(1.14102089549,6.9999994));
#10436 = CARTESIAN_POINT('',(1.14102089549,11.401));
#10437 = ( GEOMETRIC_REPRESENTATION_CONTEXT(2) 
PARAMETRIC_REPRESENTATION_CONTEXT() REPRESENTATION_CONTEXT('2D SPACE',''
  ) );
#10438 = PCURVE('',#8492,#10439);
#10439 = DEFINITIONAL_REPRESENTATION('',(#10440),#10443);
#10440 = B_SPLINE_CURVE_WITH_KNOTS('',1,(#10441,#10442),.UNSPECIFIED.,
  .F.,.F.,(2,2),(6.9999994,11.401),.PIECEWISE_BEZIER_KNOTS.);
#10441 = CARTESIAN_POINT('',(4.345227268781,-9.999399999998E-03));
#10442 = CARTESIAN_POINT('',(4.345227268781,-4.411));
#10443 = ( GEOMETRIC_REPRESENTATION_CONTEXT(2) 
PARAMETRIC_REPRESENTATION_CONTEXT() REPRESENTATION_CONTEXT('2D SPACE',''
  ) );
#10444 = ORIENTED_EDGE('',*,*,#10445,.T.);
#10445 = EDGE_CURVE('',#10425,#10223,#10446,.T.);
#10446 = SURFACE_CURVE('',#10447,(#10452,#10459),.PCURVE_S1.);
#10447 = CIRCLE('',#10448,7.2);
#10448 = AXIS2_PLACEMENT_3D('',#10449,#10450,#10451);
#10449 = CARTESIAN_POINT('',(4.043783730785E-15,66.04,41.55));
#10450 = DIRECTION('',(0.,0.,1.));
#10451 = DIRECTION('',(1.,0.,-0.));
#10452 = PCURVE('',#8229,#10453);
#10453 = DEFINITIONAL_REPRESENTATION('',(#10454),#10458);
#10454 = LINE('',#10455,#10456);
#10455 = CARTESIAN_POINT('',(0.,11.));
#10456 = VECTOR('',#10457,1.);
#10457 = DIRECTION('',(1.,0.));
#10458 = ( GEOMETRIC_REPRESENTATION_CONTEXT(2) 
PARAMETRIC_REPRESENTATION_CONTEXT() REPRESENTATION_CONTEXT('2D SPACE',''
  ) );
#10459 = PCURVE('',#10077,#10460);
#10460 = DEFINITIONAL_REPRESENTATION('',(#10461),#10465);
#10461 = CIRCLE('',#10462,7.2);
#10462 = AXIS2_PLACEMENT_2D('',#10463,#10464);
#10463 = CARTESIAN_POINT('',(-1.137810639942E-15,-19.255));
#10464 = DIRECTION('',(1.,0.));
#10465 = ( GEOMETRIC_REPRESENTATION_CONTEXT(2) 
PARAMETRIC_REPRESENTATION_CONTEXT() REPRESENTATION_CONTEXT('2D SPACE',''
  ) );
#10466 = ADVANCED_FACE('',(#10467),#8376,.F.);
#10467 = FACE_BOUND('',#10468,.F.);
#10468 = EDGE_LOOP('',(#10469,#10470,#10471,#10472,#10473));
#10469 = ORIENTED_EDGE('',*,*,#10270,.F.);
#10470 = ORIENTED_EDGE('',*,*,#8360,.T.);
#10471 = ORIENTED_EDGE('',*,*,#8613,.F.);
#10472 = ORIENTED_EDGE('',*,*,#9951,.T.);
#10473 = ORIENTED_EDGE('',*,*,#10474,.T.);
#10474 = EDGE_CURVE('',#9924,#10271,#10475,.T.);
#10475 = SURFACE_CURVE('',#10476,(#10480,#10487),.PCURVE_S1.);
#10476 = LINE('',#10477,#10478);
#10477 = CARTESIAN_POINT('',(-87.13770007733,-53.77307621135,41.55));
#10478 = VECTOR('',#10479,1.);
#10479 = DIRECTION('',(0.866025403784,0.5,0.));
#10480 = PCURVE('',#8376,#10481);
#10481 = DEFINITIONAL_REPRESENTATION('',(#10482),#10486);
#10482 = LINE('',#10483,#10484);
#10483 = CARTESIAN_POINT('',(0.,-4.01));
#10484 = VECTOR('',#10485,1.);
#10485 = DIRECTION('',(1.,0.));
#10486 = ( GEOMETRIC_REPRESENTATION_CONTEXT(2) 
PARAMETRIC_REPRESENTATION_CONTEXT() REPRESENTATION_CONTEXT('2D SPACE',''
  ) );
#10487 = PCURVE('',#9939,#10488);
#10488 = DEFINITIONAL_REPRESENTATION('',(#10489),#10493);
#10489 = LINE('',#10490,#10491);
#10490 = CARTESIAN_POINT('',(-13.27006326154,-11.12557621135));
#10491 = VECTOR('',#10492,1.);
#10492 = DIRECTION('',(0.866025403784,0.5));
#10493 = ( GEOMETRIC_REPRESENTATION_CONTEXT(2) 
PARAMETRIC_REPRESENTATION_CONTEXT() REPRESENTATION_CONTEXT('2D SPACE',''
  ) );
#10494 = ADVANCED_FACE('',(#10495),#8492,.F.);
#10495 = FACE_BOUND('',#10496,.F.);
#10496 = EDGE_LOOP('',(#10497,#10498,#10499,#10500,#10521));
#10497 = ORIENTED_EDGE('',*,*,#8719,.T.);
#10498 = ORIENTED_EDGE('',*,*,#8476,.F.);
#10499 = ORIENTED_EDGE('',*,*,#10424,.T.);
#10500 = ORIENTED_EDGE('',*,*,#10501,.T.);
#10501 = EDGE_CURVE('',#10425,#10039,#10502,.T.);
#10502 = SURFACE_CURVE('',#10503,(#10507,#10514),.PCURVE_S1.);
#10503 = LINE('',#10504,#10505);
#10504 = CARTESIAN_POINT('',(3.,68.24,41.55));
#10505 = VECTOR('',#10506,1.);
#10506 = DIRECTION('',(6.509662999854E-17,1.,0.));
#10507 = PCURVE('',#8492,#10508);
#10508 = DEFINITIONAL_REPRESENTATION('',(#10509),#10513);
#10509 = LINE('',#10510,#10511);
#10510 = CARTESIAN_POINT('',(0.,-4.01));
#10511 = VECTOR('',#10512,1.);
#10512 = DIRECTION('',(1.,0.));
#10513 = ( GEOMETRIC_REPRESENTATION_CONTEXT(2) 
PARAMETRIC_REPRESENTATION_CONTEXT() REPRESENTATION_CONTEXT('2D SPACE',''
  ) );
#10514 = PCURVE('',#10077,#10515);
#10515 = DEFINITIONAL_REPRESENTATION('',(#10516),#10520);
#10516 = LINE('',#10517,#10518);
#10517 = CARTESIAN_POINT('',(3.,-17.055));
#10518 = VECTOR('',#10519,1.);
#10519 = DIRECTION('',(6.509662999854E-17,1.));
#10520 = ( GEOMETRIC_REPRESENTATION_CONTEXT(2) 
PARAMETRIC_REPRESENTATION_CONTEXT() REPRESENTATION_CONTEXT('2D SPACE',''
  ) );
#10521 = ORIENTED_EDGE('',*,*,#10038,.F.);
#10522 = ADVANCED_FACE('',(#10523),#9161,.F.);
#10523 = FACE_BOUND('',#10524,.F.);
#10524 = EDGE_LOOP('',(#10525,#10526,#10527,#10548,#10549,#10550));
#10525 = ORIENTED_EDGE('',*,*,#9147,.T.);
#10526 = ORIENTED_EDGE('',*,*,#9277,.T.);
#10527 = ORIENTED_EDGE('',*,*,#10528,.T.);
#10528 = EDGE_CURVE('',#9250,#9355,#10529,.T.);
#10529 = SURFACE_CURVE('',#10530,(#10534,#10541),.PCURVE_S1.);
#10530 = LINE('',#10531,#10532);
#10531 = CARTESIAN_POINT('',(94.163979518966,-63.60320323027,79.35));
#10532 = VECTOR('',#10533,1.);
#10533 = DIRECTION('',(0.5,0.866025403784,0.));
#10534 = PCURVE('',#9161,#10535);
#10535 = DEFINITIONAL_REPRESENTATION('',(#10536),#10540);
#10536 = LINE('',#10537,#10538);
#10537 = CARTESIAN_POINT('',(0.,-48.8));
#10538 = VECTOR('',#10539,1.);
#10539 = DIRECTION('',(1.,0.));
#10540 = ( GEOMETRIC_REPRESENTATION_CONTEXT(2) 
PARAMETRIC_REPRESENTATION_CONTEXT() REPRESENTATION_CONTEXT('2D SPACE',''
  ) );
#10541 = PCURVE('',#9265,#10542);
#10542 = DEFINITIONAL_REPRESENTATION('',(#10543),#10547);
#10543 = LINE('',#10544,#10545);
#10544 = CARTESIAN_POINT('',(0.763139720814,-9.678203230276));
#10545 = VECTOR('',#10546,1.);
#10546 = DIRECTION('',(0.5,0.866025403784));
#10547 = ( GEOMETRIC_REPRESENTATION_CONTEXT(2) 
PARAMETRIC_REPRESENTATION_CONTEXT() REPRESENTATION_CONTEXT('2D SPACE',''
  ) );
#10548 = ORIENTED_EDGE('',*,*,#9354,.F.);
#10549 = ORIENTED_EDGE('',*,*,#9199,.F.);
#10550 = ORIENTED_EDGE('',*,*,#9660,.F.);
#10551 = ADVANCED_FACE('',(#10552,#10558),#9265,.T.);
#10552 = FACE_BOUND('',#10553,.T.);
#10553 = EDGE_LOOP('',(#10554,#10555,#10556,#10557));
#10554 = ORIENTED_EDGE('',*,*,#9249,.T.);
#10555 = ORIENTED_EDGE('',*,*,#10528,.T.);
#10556 = ORIENTED_EDGE('',*,*,#9377,.T.);
#10557 = ORIENTED_EDGE('',*,*,#9636,.T.);
#10558 = FACE_BOUND('',#10559,.T.);
#10559 = EDGE_LOOP('',(#10560));
#10560 = ORIENTED_EDGE('',*,*,#10561,.F.);
#10561 = EDGE_CURVE('',#10562,#10562,#10564,.T.);
#10562 = VERTEX_POINT('',#10563);
#10563 = CARTESIAN_POINT('',(95.400839798152,-53.925,79.35));
#10564 = SURFACE_CURVE('',#10565,(#10570,#10577),.PCURVE_S1.);
#10565 = CIRCLE('',#10566,2.);
#10566 = AXIS2_PLACEMENT_3D('',#10567,#10568,#10569);
#10567 = CARTESIAN_POINT('',(93.400839798152,-53.925,79.35));
#10568 = DIRECTION('',(0.,0.,1.));
#10569 = DIRECTION('',(1.,0.,-0.));
#10570 = PCURVE('',#9265,#10571);
#10571 = DEFINITIONAL_REPRESENTATION('',(#10572),#10576);
#10572 = CIRCLE('',#10573,2.);
#10573 = AXIS2_PLACEMENT_2D('',#10574,#10575);
#10574 = CARTESIAN_POINT('',(1.42108547152E-14,-7.105427357601E-15));
#10575 = DIRECTION('',(1.,0.));
#10576 = ( GEOMETRIC_REPRESENTATION_CONTEXT(2) 
PARAMETRIC_REPRESENTATION_CONTEXT() REPRESENTATION_CONTEXT('2D SPACE',''
  ) );
#10577 = PCURVE('',#10578,#10583);
#10578 = CYLINDRICAL_SURFACE('',#10579,2.);
#10579 = AXIS2_PLACEMENT_3D('',#10580,#10581,#10582);
#10580 = CARTESIAN_POINT('',(93.400839798152,-53.925,72.05));
#10581 = DIRECTION('',(0.,0.,1.));
#10582 = DIRECTION('',(1.,0.,-0.));
#10583 = DEFINITIONAL_REPRESENTATION('',(#10584),#10588);
#10584 = LINE('',#10585,#10586);
#10585 = CARTESIAN_POINT('',(0.,7.3));
#10586 = VECTOR('',#10587,1.);
#10587 = DIRECTION('',(1.,0.));
#10588 = ( GEOMETRIC_REPRESENTATION_CONTEXT(2) 
PARAMETRIC_REPRESENTATION_CONTEXT() REPRESENTATION_CONTEXT('2D SPACE',''
  ) );
#10589 = ADVANCED_FACE('',(#10590),#9751,.F.);
#10590 = FACE_BOUND('',#10591,.F.);
#10591 = EDGE_LOOP('',(#10592,#10615,#10642,#10643));
#10592 = ORIENTED_EDGE('',*,*,#10593,.T.);
#10593 = EDGE_CURVE('',#9735,#10594,#10596,.T.);
#10594 = VERTEX_POINT('',#10595);
#10595 = CARTESIAN_POINT('',(-53.39231766592,-33.02,44.05));
#10596 = SEAM_CURVE('',#10597,(#10601,#10608),.PCURVE_S1.);
#10597 = LINE('',#10598,#10599);
#10598 = CARTESIAN_POINT('',(-53.39231766592,-33.02,29.55));
#10599 = VECTOR('',#10600,1.);
#10600 = DIRECTION('',(0.,0.,1.));
#10601 = PCURVE('',#9751,#10602);
#10602 = DEFINITIONAL_REPRESENTATION('',(#10603),#10607);
#10603 = LINE('',#10604,#10605);
#10604 = CARTESIAN_POINT('',(6.28318530718,-0.));
#10605 = VECTOR('',#10606,1.);
#10606 = DIRECTION('',(0.,1.));
#10607 = ( GEOMETRIC_REPRESENTATION_CONTEXT(2) 
PARAMETRIC_REPRESENTATION_CONTEXT() REPRESENTATION_CONTEXT('2D SPACE',''
  ) );
#10608 = PCURVE('',#9751,#10609);
#10609 = DEFINITIONAL_REPRESENTATION('',(#10610),#10614);
#10610 = LINE('',#10611,#10612);
#10611 = CARTESIAN_POINT('',(0.,-0.));
#10612 = VECTOR('',#10613,1.);
#10613 = DIRECTION('',(0.,1.));
#10614 = ( GEOMETRIC_REPRESENTATION_CONTEXT(2) 
PARAMETRIC_REPRESENTATION_CONTEXT() REPRESENTATION_CONTEXT('2D SPACE',''
  ) );
#10615 = ORIENTED_EDGE('',*,*,#10616,.F.);
#10616 = EDGE_CURVE('',#10594,#10594,#10617,.T.);
#10617 = SURFACE_CURVE('',#10618,(#10623,#10630),.PCURVE_S1.);
#10618 = CIRCLE('',#10619,3.8);
#10619 = AXIS2_PLACEMENT_3D('',#10620,#10621,#10622);
#10620 = CARTESIAN_POINT('',(-57.19231766592,-33.02,44.05));
#10621 = DIRECTION('',(0.,0.,1.));
#10622 = DIRECTION('',(1.,0.,-0.));
#10623 = PCURVE('',#9751,#10624);
#10624 = DEFINITIONAL_REPRESENTATION('',(#10625),#10629);
#10625 = LINE('',#10626,#10627);
#10626 = CARTESIAN_POINT('',(0.,14.5));
#10627 = VECTOR('',#10628,1.);
#10628 = DIRECTION('',(1.,0.));
#10629 = ( GEOMETRIC_REPRESENTATION_CONTEXT(2) 
PARAMETRIC_REPRESENTATION_CONTEXT() REPRESENTATION_CONTEXT('2D SPACE',''
  ) );
#10630 = PCURVE('',#10631,#10636);
#10631 = PLANE('',#10632);
#10632 = AXIS2_PLACEMENT_3D('',#10633,#10634,#10635);
#10633 = CARTESIAN_POINT('',(-57.19231766592,-33.02,44.05));
#10634 = DIRECTION('',(0.,0.,1.));
#10635 = DIRECTION('',(1.,0.,-0.));
#10636 = DEFINITIONAL_REPRESENTATION('',(#10637),#10641);
#10637 = CIRCLE('',#10638,3.8);
#10638 = AXIS2_PLACEMENT_2D('',#10639,#10640);
#10639 = CARTESIAN_POINT('',(0.,0.));
#10640 = DIRECTION('',(1.,0.));
#10641 = ( GEOMETRIC_REPRESENTATION_CONTEXT(2) 
PARAMETRIC_REPRESENTATION_CONTEXT() REPRESENTATION_CONTEXT('2D SPACE',''
  ) );
#10642 = ORIENTED_EDGE('',*,*,#10593,.F.);
#10643 = ORIENTED_EDGE('',*,*,#9734,.T.);
#10644 = ADVANCED_FACE('',(#10645),#9785,.F.);
#10645 = FACE_BOUND('',#10646,.F.);
#10646 = EDGE_LOOP('',(#10647,#10670,#10697,#10698));
#10647 = ORIENTED_EDGE('',*,*,#10648,.T.);
#10648 = EDGE_CURVE('',#9769,#10649,#10651,.T.);
#10649 = VERTEX_POINT('',#10650);
#10650 = CARTESIAN_POINT('',(60.992317665924,-33.02,44.05));
#10651 = SEAM_CURVE('',#10652,(#10656,#10663),.PCURVE_S1.);
#10652 = LINE('',#10653,#10654);
#10653 = CARTESIAN_POINT('',(60.992317665924,-33.02,29.55));
#10654 = VECTOR('',#10655,1.);
#10655 = DIRECTION('',(0.,0.,1.));
#10656 = PCURVE('',#9785,#10657);
#10657 = DEFINITIONAL_REPRESENTATION('',(#10658),#10662);
#10658 = LINE('',#10659,#10660);
#10659 = CARTESIAN_POINT('',(6.28318530718,-0.));
#10660 = VECTOR('',#10661,1.);
#10661 = DIRECTION('',(0.,1.));
#10662 = ( GEOMETRIC_REPRESENTATION_CONTEXT(2) 
PARAMETRIC_REPRESENTATION_CONTEXT() REPRESENTATION_CONTEXT('2D SPACE',''
  ) );
#10663 = PCURVE('',#9785,#10664);
#10664 = DEFINITIONAL_REPRESENTATION('',(#10665),#10669);
#10665 = LINE('',#10666,#10667);
#10666 = CARTESIAN_POINT('',(0.,-0.));
#10667 = VECTOR('',#10668,1.);
#10668 = DIRECTION('',(0.,1.));
#10669 = ( GEOMETRIC_REPRESENTATION_CONTEXT(2) 
PARAMETRIC_REPRESENTATION_CONTEXT() REPRESENTATION_CONTEXT('2D SPACE',''
  ) );
#10670 = ORIENTED_EDGE('',*,*,#10671,.F.);
#10671 = EDGE_CURVE('',#10649,#10649,#10672,.T.);
#10672 = SURFACE_CURVE('',#10673,(#10678,#10685),.PCURVE_S1.);
#10673 = CIRCLE('',#10674,3.8);
#10674 = AXIS2_PLACEMENT_3D('',#10675,#10676,#10677);
#10675 = CARTESIAN_POINT('',(57.192317665924,-33.02,44.05));
#10676 = DIRECTION('',(0.,0.,1.));
#10677 = DIRECTION('',(1.,0.,-0.));
#10678 = PCURVE('',#9785,#10679);
#10679 = DEFINITIONAL_REPRESENTATION('',(#10680),#10684);
#10680 = LINE('',#10681,#10682);
#10681 = CARTESIAN_POINT('',(0.,14.5));
#10682 = VECTOR('',#10683,1.);
#10683 = DIRECTION('',(1.,0.));
#10684 = ( GEOMETRIC_REPRESENTATION_CONTEXT(2) 
PARAMETRIC_REPRESENTATION_CONTEXT() REPRESENTATION_CONTEXT('2D SPACE',''
  ) );
#10685 = PCURVE('',#10686,#10691);
#10686 = PLANE('',#10687);
#10687 = AXIS2_PLACEMENT_3D('',#10688,#10689,#10690);
#10688 = CARTESIAN_POINT('',(57.192317665924,-33.02,44.05));
#10689 = DIRECTION('',(0.,0.,1.));
#10690 = DIRECTION('',(1.,0.,-0.));
#10691 = DEFINITIONAL_REPRESENTATION('',(#10692),#10696);
#10692 = CIRCLE('',#10693,3.8);
#10693 = AXIS2_PLACEMENT_2D('',#10694,#10695);
#10694 = CARTESIAN_POINT('',(0.,0.));
#10695 = DIRECTION('',(1.,0.));
#10696 = ( GEOMETRIC_REPRESENTATION_CONTEXT(2) 
PARAMETRIC_REPRESENTATION_CONTEXT() REPRESENTATION_CONTEXT('2D SPACE',''
  ) );
#10697 = ORIENTED_EDGE('',*,*,#10648,.F.);
#10698 = ORIENTED_EDGE('',*,*,#9768,.T.);
#10699 = ADVANCED_FACE('',(#10700),#9822,.F.);
#10700 = FACE_BOUND('',#10701,.F.);
#10701 = EDGE_LOOP('',(#10702,#10725,#10752,#10753));
#10702 = ORIENTED_EDGE('',*,*,#10703,.T.);
#10703 = EDGE_CURVE('',#9806,#10704,#10706,.T.);
#10704 = VERTEX_POINT('',#10705);
#10705 = CARTESIAN_POINT('',(3.8,66.04,44.05));
#10706 = SEAM_CURVE('',#10707,(#10711,#10718),.PCURVE_S1.);
#10707 = LINE('',#10708,#10709);
#10708 = CARTESIAN_POINT('',(3.8,66.04,29.55));
#10709 = VECTOR('',#10710,1.);
#10710 = DIRECTION('',(0.,0.,1.));
#10711 = PCURVE('',#9822,#10712);
#10712 = DEFINITIONAL_REPRESENTATION('',(#10713),#10717);
#10713 = LINE('',#10714,#10715);
#10714 = CARTESIAN_POINT('',(6.28318530718,-0.));
#10715 = VECTOR('',#10716,1.);
#10716 = DIRECTION('',(0.,1.));
#10717 = ( GEOMETRIC_REPRESENTATION_CONTEXT(2) 
PARAMETRIC_REPRESENTATION_CONTEXT() REPRESENTATION_CONTEXT('2D SPACE',''
  ) );
#10718 = PCURVE('',#9822,#10719);
#10719 = DEFINITIONAL_REPRESENTATION('',(#10720),#10724);
#10720 = LINE('',#10721,#10722);
#10721 = CARTESIAN_POINT('',(0.,-0.));
#10722 = VECTOR('',#10723,1.);
#10723 = DIRECTION('',(0.,1.));
#10724 = ( GEOMETRIC_REPRESENTATION_CONTEXT(2) 
PARAMETRIC_REPRESENTATION_CONTEXT() REPRESENTATION_CONTEXT('2D SPACE',''
  ) );
#10725 = ORIENTED_EDGE('',*,*,#10726,.F.);
#10726 = EDGE_CURVE('',#10704,#10704,#10727,.T.);
#10727 = SURFACE_CURVE('',#10728,(#10733,#10740),.PCURVE_S1.);
#10728 = CIRCLE('',#10729,3.8);
#10729 = AXIS2_PLACEMENT_3D('',#10730,#10731,#10732);
#10730 = CARTESIAN_POINT('',(4.043783730785E-15,66.04,44.05));
#10731 = DIRECTION('',(0.,0.,1.));
#10732 = DIRECTION('',(1.,0.,-0.));
#10733 = PCURVE('',#9822,#10734);
#10734 = DEFINITIONAL_REPRESENTATION('',(#10735),#10739);
#10735 = LINE('',#10736,#10737);
#10736 = CARTESIAN_POINT('',(0.,14.5));
#10737 = VECTOR('',#10738,1.);
#10738 = DIRECTION('',(1.,0.));
#10739 = ( GEOMETRIC_REPRESENTATION_CONTEXT(2) 
PARAMETRIC_REPRESENTATION_CONTEXT() REPRESENTATION_CONTEXT('2D SPACE',''
  ) );
#10740 = PCURVE('',#10741,#10746);
#10741 = PLANE('',#10742);
#10742 = AXIS2_PLACEMENT_3D('',#10743,#10744,#10745);
#10743 = CARTESIAN_POINT('',(4.043783730785E-15,66.04,44.05));
#10744 = DIRECTION('',(0.,0.,1.));
#10745 = DIRECTION('',(1.,0.,-0.));
#10746 = DEFINITIONAL_REPRESENTATION('',(#10747),#10751);
#10747 = CIRCLE('',#10748,3.8);
#10748 = AXIS2_PLACEMENT_2D('',#10749,#10750);
#10749 = CARTESIAN_POINT('',(0.,0.));
#10750 = DIRECTION('',(1.,0.));
#10751 = ( GEOMETRIC_REPRESENTATION_CONTEXT(2) 
PARAMETRIC_REPRESENTATION_CONTEXT() REPRESENTATION_CONTEXT('2D SPACE',''
  ) );
#10752 = ORIENTED_EDGE('',*,*,#10703,.F.);
#10753 = ORIENTED_EDGE('',*,*,#9805,.T.);
#10754 = ADVANCED_FACE('',(#10755),#9939,.T.);
#10755 = FACE_BOUND('',#10756,.T.);
#10756 = EDGE_LOOP('',(#10757,#10758,#10759,#10760));
#10757 = ORIENTED_EDGE('',*,*,#10345,.F.);
#10758 = ORIENTED_EDGE('',*,*,#10197,.T.);
#10759 = ORIENTED_EDGE('',*,*,#9923,.T.);
#10760 = ORIENTED_EDGE('',*,*,#10474,.T.);
#10761 = ADVANCED_FACE('',(#10762),#10021,.F.);
#10762 = FACE_BOUND('',#10763,.F.);
#10763 = EDGE_LOOP('',(#10764,#10765,#10788,#10815));
#10764 = ORIENTED_EDGE('',*,*,#10004,.F.);
#10765 = ORIENTED_EDGE('',*,*,#10766,.F.);
#10766 = EDGE_CURVE('',#10767,#10005,#10769,.T.);
#10767 = VERTEX_POINT('',#10768);
#10768 = CARTESIAN_POINT('',(-91.40083979815,-53.925,72.05));
#10769 = SEAM_CURVE('',#10770,(#10774,#10781),.PCURVE_S1.);
#10770 = LINE('',#10771,#10772);
#10771 = CARTESIAN_POINT('',(-91.40083979815,-53.925,72.05));
#10772 = VECTOR('',#10773,1.);
#10773 = DIRECTION('',(0.,0.,1.));
#10774 = PCURVE('',#10021,#10775);
#10775 = DEFINITIONAL_REPRESENTATION('',(#10776),#10780);
#10776 = LINE('',#10777,#10778);
#10777 = CARTESIAN_POINT('',(6.28318530718,-0.));
#10778 = VECTOR('',#10779,1.);
#10779 = DIRECTION('',(0.,1.));
#10780 = ( GEOMETRIC_REPRESENTATION_CONTEXT(2) 
PARAMETRIC_REPRESENTATION_CONTEXT() REPRESENTATION_CONTEXT('2D SPACE',''
  ) );
#10781 = PCURVE('',#10021,#10782);
#10782 = DEFINITIONAL_REPRESENTATION('',(#10783),#10787);
#10783 = LINE('',#10784,#10785);
#10784 = CARTESIAN_POINT('',(0.,-0.));
#10785 = VECTOR('',#10786,1.);
#10786 = DIRECTION('',(0.,1.));
#10787 = ( GEOMETRIC_REPRESENTATION_CONTEXT(2) 
PARAMETRIC_REPRESENTATION_CONTEXT() REPRESENTATION_CONTEXT('2D SPACE',''
  ) );
#10788 = ORIENTED_EDGE('',*,*,#10789,.T.);
#10789 = EDGE_CURVE('',#10767,#10767,#10790,.T.);
#10790 = SURFACE_CURVE('',#10791,(#10796,#10803),.PCURVE_S1.);
#10791 = CIRCLE('',#10792,2.);
#10792 = AXIS2_PLACEMENT_3D('',#10793,#10794,#10795);
#10793 = CARTESIAN_POINT('',(-93.40083979815,-53.925,72.05));
#10794 = DIRECTION('',(0.,0.,1.));
#10795 = DIRECTION('',(1.,0.,-0.));
#10796 = PCURVE('',#10021,#10797);
#10797 = DEFINITIONAL_REPRESENTATION('',(#10798),#10802);
#10798 = LINE('',#10799,#10800);
#10799 = CARTESIAN_POINT('',(0.,0.));
#10800 = VECTOR('',#10801,1.);
#10801 = DIRECTION('',(1.,0.));
#10802 = ( GEOMETRIC_REPRESENTATION_CONTEXT(2) 
PARAMETRIC_REPRESENTATION_CONTEXT() REPRESENTATION_CONTEXT('2D SPACE',''
  ) );
#10803 = PCURVE('',#10804,#10809);
#10804 = PLANE('',#10805);
#10805 = AXIS2_PLACEMENT_3D('',#10806,#10807,#10808);
#10806 = CARTESIAN_POINT('',(-93.40083979815,-53.925,72.05));
#10807 = DIRECTION('',(0.,0.,1.));
#10808 = DIRECTION('',(1.,0.,-0.));
#10809 = DEFINITIONAL_REPRESENTATION('',(#10810),#10814);
#10810 = CIRCLE('',#10811,2.);
#10811 = AXIS2_PLACEMENT_2D('',#10812,#10813);
#10812 = CARTESIAN_POINT('',(0.,0.));
#10813 = DIRECTION('',(1.,0.));
#10814 = ( GEOMETRIC_REPRESENTATION_CONTEXT(2) 
PARAMETRIC_REPRESENTATION_CONTEXT() REPRESENTATION_CONTEXT('2D SPACE',''
  ) );
#10815 = ORIENTED_EDGE('',*,*,#10766,.T.);
#10816 = ADVANCED_FACE('',(#10817),#10077,.T.);
#10817 = FACE_BOUND('',#10818,.T.);
#10818 = EDGE_LOOP('',(#10819,#10820,#10821,#10822));
#10819 = ORIENTED_EDGE('',*,*,#10445,.F.);
#10820 = ORIENTED_EDGE('',*,*,#10501,.T.);
#10821 = ORIENTED_EDGE('',*,*,#10061,.T.);
#10822 = ORIENTED_EDGE('',*,*,#10246,.T.);
#10823 = ADVANCED_FACE('',(#10824),#10159,.F.);
#10824 = FACE_BOUND('',#10825,.F.);
#10825 = EDGE_LOOP('',(#10826,#10827,#10850,#10877));
#10826 = ORIENTED_EDGE('',*,*,#10142,.F.);
#10827 = ORIENTED_EDGE('',*,*,#10828,.F.);
#10828 = EDGE_CURVE('',#10829,#10143,#10831,.T.);
#10829 = VERTEX_POINT('',#10830);
#10830 = CARTESIAN_POINT('',(2.,107.85,72.05));
#10831 = SEAM_CURVE('',#10832,(#10836,#10843),.PCURVE_S1.);
#10832 = LINE('',#10833,#10834);
#10833 = CARTESIAN_POINT('',(2.,107.85,72.05));
#10834 = VECTOR('',#10835,1.);
#10835 = DIRECTION('',(0.,0.,1.));
#10836 = PCURVE('',#10159,#10837);
#10837 = DEFINITIONAL_REPRESENTATION('',(#10838),#10842);
#10838 = LINE('',#10839,#10840);
#10839 = CARTESIAN_POINT('',(6.28318530718,-0.));
#10840 = VECTOR('',#10841,1.);
#10841 = DIRECTION('',(0.,1.));
#10842 = ( GEOMETRIC_REPRESENTATION_CONTEXT(2) 
PARAMETRIC_REPRESENTATION_CONTEXT() REPRESENTATION_CONTEXT('2D SPACE',''
  ) );
#10843 = PCURVE('',#10159,#10844);
#10844 = DEFINITIONAL_REPRESENTATION('',(#10845),#10849);
#10845 = LINE('',#10846,#10847);
#10846 = CARTESIAN_POINT('',(0.,-0.));
#10847 = VECTOR('',#10848,1.);
#10848 = DIRECTION('',(0.,1.));
#10849 = ( GEOMETRIC_REPRESENTATION_CONTEXT(2) 
PARAMETRIC_REPRESENTATION_CONTEXT() REPRESENTATION_CONTEXT('2D SPACE',''
  ) );
#10850 = ORIENTED_EDGE('',*,*,#10851,.T.);
#10851 = EDGE_CURVE('',#10829,#10829,#10852,.T.);
#10852 = SURFACE_CURVE('',#10853,(#10858,#10865),.PCURVE_S1.);
#10853 = CIRCLE('',#10854,2.);
#10854 = AXIS2_PLACEMENT_3D('',#10855,#10856,#10857);
#10855 = CARTESIAN_POINT('',(6.603907864402E-15,107.85,72.05));
#10856 = DIRECTION('',(0.,0.,1.));
#10857 = DIRECTION('',(1.,0.,-0.));
#10858 = PCURVE('',#10159,#10859);
#10859 = DEFINITIONAL_REPRESENTATION('',(#10860),#10864);
#10860 = LINE('',#10861,#10862);
#10861 = CARTESIAN_POINT('',(0.,0.));
#10862 = VECTOR('',#10863,1.);
#10863 = DIRECTION('',(1.,0.));
#10864 = ( GEOMETRIC_REPRESENTATION_CONTEXT(2) 
PARAMETRIC_REPRESENTATION_CONTEXT() REPRESENTATION_CONTEXT('2D SPACE',''
  ) );
#10865 = PCURVE('',#10866,#10871);
#10866 = PLANE('',#10867);
#10867 = AXIS2_PLACEMENT_3D('',#10868,#10869,#10870);
#10868 = CARTESIAN_POINT('',(6.603907864402E-15,107.85,72.05));
#10869 = DIRECTION('',(0.,0.,1.));
#10870 = DIRECTION('',(1.,0.,-0.));
#10871 = DEFINITIONAL_REPRESENTATION('',(#10872),#10876);
#10872 = CIRCLE('',#10873,2.);
#10873 = AXIS2_PLACEMENT_2D('',#10874,#10875);
#10874 = CARTESIAN_POINT('',(0.,0.));
#10875 = DIRECTION('',(1.,0.));
#10876 = ( GEOMETRIC_REPRESENTATION_CONTEXT(2) 
PARAMETRIC_REPRESENTATION_CONTEXT() REPRESENTATION_CONTEXT('2D SPACE',''
  ) );
#10877 = ORIENTED_EDGE('',*,*,#10828,.T.);
#10878 = ADVANCED_FACE('',(#10879),#10330,.T.);
#10879 = FACE_BOUND('',#10880,.T.);
#10880 = EDGE_LOOP('',(#10881));
#10881 = ORIENTED_EDGE('',*,*,#10315,.T.);
#10882 = ADVANCED_FACE('',(#10883),#10410,.T.);
#10883 = FACE_BOUND('',#10884,.T.);
#10884 = EDGE_LOOP('',(#10885));
#10885 = ORIENTED_EDGE('',*,*,#10395,.T.);
#10886 = ADVANCED_FACE('',(#10887),#10578,.F.);
#10887 = FACE_BOUND('',#10888,.F.);
#10888 = EDGE_LOOP('',(#10889,#10890,#10913,#10940));
#10889 = ORIENTED_EDGE('',*,*,#10561,.F.);
#10890 = ORIENTED_EDGE('',*,*,#10891,.F.);
#10891 = EDGE_CURVE('',#10892,#10562,#10894,.T.);
#10892 = VERTEX_POINT('',#10893);
#10893 = CARTESIAN_POINT('',(95.400839798152,-53.925,72.05));
#10894 = SEAM_CURVE('',#10895,(#10899,#10906),.PCURVE_S1.);
#10895 = LINE('',#10896,#10897);
#10896 = CARTESIAN_POINT('',(95.400839798152,-53.925,72.05));
#10897 = VECTOR('',#10898,1.);
#10898 = DIRECTION('',(0.,0.,1.));
#10899 = PCURVE('',#10578,#10900);
#10900 = DEFINITIONAL_REPRESENTATION('',(#10901),#10905);
#10901 = LINE('',#10902,#10903);
#10902 = CARTESIAN_POINT('',(6.28318530718,-0.));
#10903 = VECTOR('',#10904,1.);
#10904 = DIRECTION('',(0.,1.));
#10905 = ( GEOMETRIC_REPRESENTATION_CONTEXT(2) 
PARAMETRIC_REPRESENTATION_CONTEXT() REPRESENTATION_CONTEXT('2D SPACE',''
  ) );
#10906 = PCURVE('',#10578,#10907);
#10907 = DEFINITIONAL_REPRESENTATION('',(#10908),#10912);
#10908 = LINE('',#10909,#10910);
#10909 = CARTESIAN_POINT('',(0.,-0.));
#10910 = VECTOR('',#10911,1.);
#10911 = DIRECTION('',(0.,1.));
#10912 = ( GEOMETRIC_REPRESENTATION_CONTEXT(2) 
PARAMETRIC_REPRESENTATION_CONTEXT() REPRESENTATION_CONTEXT('2D SPACE',''
  ) );
#10913 = ORIENTED_EDGE('',*,*,#10914,.T.);
#10914 = EDGE_CURVE('',#10892,#10892,#10915,.T.);
#10915 = SURFACE_CURVE('',#10916,(#10921,#10928),.PCURVE_S1.);
#10916 = CIRCLE('',#10917,2.);
#10917 = AXIS2_PLACEMENT_3D('',#10918,#10919,#10920);
#10918 = CARTESIAN_POINT('',(93.400839798152,-53.925,72.05));
#10919 = DIRECTION('',(0.,0.,1.));
#10920 = DIRECTION('',(1.,0.,-0.));
#10921 = PCURVE('',#10578,#10922);
#10922 = DEFINITIONAL_REPRESENTATION('',(#10923),#10927);
#10923 = LINE('',#10924,#10925);
#10924 = CARTESIAN_POINT('',(0.,0.));
#10925 = VECTOR('',#10926,1.);
#10926 = DIRECTION('',(1.,0.));
#10927 = ( GEOMETRIC_REPRESENTATION_CONTEXT(2) 
PARAMETRIC_REPRESENTATION_CONTEXT() REPRESENTATION_CONTEXT('2D SPACE',''
  ) );
#10928 = PCURVE('',#10929,#10934);
#10929 = PLANE('',#10930);
#10930 = AXIS2_PLACEMENT_3D('',#10931,#10932,#10933);
#10931 = CARTESIAN_POINT('',(93.400839798152,-53.925,72.05));
#10932 = DIRECTION('',(0.,0.,1.));
#10933 = DIRECTION('',(1.,0.,-0.));
#10934 = DEFINITIONAL_REPRESENTATION('',(#10935),#10939);
#10935 = CIRCLE('',#10936,2.);
#10936 = AXIS2_PLACEMENT_2D('',#10937,#10938);
#10937 = CARTESIAN_POINT('',(0.,0.));
#10938 = DIRECTION('',(1.,0.));
#10939 = ( GEOMETRIC_REPRESENTATION_CONTEXT(2) 
PARAMETRIC_REPRESENTATION_CONTEXT() REPRESENTATION_CONTEXT('2D SPACE',''
  ) );
#10940 = ORIENTED_EDGE('',*,*,#10891,.T.);
#10941 = ADVANCED_FACE('',(#10942),#10631,.F.);
#10942 = FACE_BOUND('',#10943,.F.);
#10943 = EDGE_LOOP('',(#10944));
#10944 = ORIENTED_EDGE('',*,*,#10616,.T.);
#10945 = ADVANCED_FACE('',(#10946),#10686,.F.);
#10946 = FACE_BOUND('',#10947,.F.);
#10947 = EDGE_LOOP('',(#10948));
#10948 = ORIENTED_EDGE('',*,*,#10671,.T.);
#10949 = ADVANCED_FACE('',(#10950),#10741,.F.);
#10950 = FACE_BOUND('',#10951,.F.);
#10951 = EDGE_LOOP('',(#10952));
#10952 = ORIENTED_EDGE('',*,*,#10726,.T.);
#10953 = ADVANCED_FACE('',(#10954),#10804,.T.);
#10954 = FACE_BOUND('',#10955,.F.);
#10955 = EDGE_LOOP('',(#10956));
#10956 = ORIENTED_EDGE('',*,*,#10789,.F.);
#10957 = ADVANCED_FACE('',(#10958),#10866,.T.);
#10958 = FACE_BOUND('',#10959,.F.);
#10959 = EDGE_LOOP('',(#10960));
#10960 = ORIENTED_EDGE('',*,*,#10851,.F.);
#10961 = ADVANCED_FACE('',(#10962),#10929,.T.);
#10962 = FACE_BOUND('',#10963,.F.);
#10963 = EDGE_LOOP('',(#10964));
#10964 = ORIENTED_EDGE('',*,*,#10914,.F.);
#10965 = ( GEOMETRIC_REPRESENTATION_CONTEXT(3) 
GLOBAL_UNCERTAINTY_ASSIGNED_CONTEXT((#10969)) 
GLOBAL_UNIT_ASSIGNED_CONTEXT((#10966,#10967,#10968)) 
REPRESENTATION_CONTEXT('Context #1',
  '3D Context with UNIT and UNCERTAINTY') );
#10966 = ( LENGTH_UNIT() NAMED_UNIT(*) SI_UNIT(.MILLI.,.METRE.) );
#10967 = ( NAMED_UNIT(*) PLANE_ANGLE_UNIT() SI_UNIT($,.RADIAN.) );
#10968 = ( NAMED_UNIT(*) SI_UNIT($,.STERADIAN.) SOLID_ANGLE_UNIT() );
#10969 = UNCERTAINTY_MEASURE_WITH_UNIT(LENGTH_MEASURE(2.E-07),#10966,
  'distance_accuracy_value','confusion accuracy');
#10970 = PRODUCT_RELATED_PRODUCT_CATEGORY('part',$,(#5312));
#10971 = SHAPE_DEFINITION_REPRESENTATION(#10972,#10978);
#10972 = PRODUCT_DEFINITION_SHAPE('','',#10973);
#10973 = PRODUCT_DEFINITION('design','',#10974,#10977);
#10974 = PRODUCT_DEFINITION_FORMATION('','',#10975);
#10975 = PRODUCT('Mirror clip 1','Mirror clip 1','',(#10976));
#10976 = PRODUCT_CONTEXT('',#2,'mechanical');
#10977 = PRODUCT_DEFINITION_CONTEXT('part definition',#2,'design');
#10978 = ADVANCED_BREP_SHAPE_REPRESENTATION('',(#11,#10979),#11393);
#10979 = MANIFOLD_SOLID_BREP('',#10980);
#10980 = CLOSED_SHELL('',(#10981,#11101,#11177,#11257,#11306,#11359,
    #11366));
#10981 = ADVANCED_FACE('',(#10982),#10996,.F.);
#10982 = FACE_BOUND('',#10983,.F.);
#10983 = EDGE_LOOP('',(#10984,#11019,#11047,#11075));
#10984 = ORIENTED_EDGE('',*,*,#10985,.F.);
#10985 = EDGE_CURVE('',#10986,#10988,#10990,.T.);
#10986 = VERTEX_POINT('',#10987);
#10987 = CARTESIAN_POINT('',(8.,98.6,79.35));
#10988 = VERTEX_POINT('',#10989);
#10989 = CARTESIAN_POINT('',(8.,98.6,82.35));
#10990 = SURFACE_CURVE('',#10991,(#10995,#11007),.PCURVE_S1.);
#10991 = LINE('',#10992,#10993);
#10992 = CARTESIAN_POINT('',(8.,98.6,79.35));
#10993 = VECTOR('',#10994,1.);
#10994 = DIRECTION('',(0.,0.,1.));
#10995 = PCURVE('',#10996,#11001);
#10996 = PLANE('',#10997);
#10997 = AXIS2_PLACEMENT_3D('',#10998,#10999,#11000);
#10998 = CARTESIAN_POINT('',(8.,98.6,79.35));
#10999 = DIRECTION('',(1.110223024625E-16,1.,0.));
#11000 = DIRECTION('',(0.,0.,1.));
#11001 = DEFINITIONAL_REPRESENTATION('',(#11002),#11006);
#11002 = LINE('',#11003,#11004);
#11003 = CARTESIAN_POINT('',(0.,0.));
#11004 = VECTOR('',#11005,1.);
#11005 = DIRECTION('',(1.,0.));
#11006 = ( GEOMETRIC_REPRESENTATION_CONTEXT(2) 
PARAMETRIC_REPRESENTATION_CONTEXT() REPRESENTATION_CONTEXT('2D SPACE',''
  ) );
#11007 = PCURVE('',#11008,#11013);
#11008 = PLANE('',#11009);
#11009 = AXIS2_PLACEMENT_3D('',#11010,#11011,#11012);
#11010 = CARTESIAN_POINT('',(8.,98.6,79.35));
#11011 = DIRECTION('',(-1.,1.110223024625E-16,0.));
#11012 = DIRECTION('',(0.,0.,1.));
#11013 = DEFINITIONAL_REPRESENTATION('',(#11014),#11018);
#11014 = LINE('',#11015,#11016);
#11015 = CARTESIAN_POINT('',(0.,0.));
#11016 = VECTOR('',#11017,1.);
#11017 = DIRECTION('',(1.,0.));
#11018 = ( GEOMETRIC_REPRESENTATION_CONTEXT(2) 
PARAMETRIC_REPRESENTATION_CONTEXT() REPRESENTATION_CONTEXT('2D SPACE',''
  ) );
#11019 = ORIENTED_EDGE('',*,*,#11020,.T.);
#11020 = EDGE_CURVE('',#10986,#11021,#11023,.T.);
#11021 = VERTEX_POINT('',#11022);
#11022 = CARTESIAN_POINT('',(-8.,98.6,79.35));
#11023 = SURFACE_CURVE('',#11024,(#11028,#11035),.PCURVE_S1.);
#11024 = LINE('',#11025,#11026);
#11025 = CARTESIAN_POINT('',(8.,98.6,79.35));
#11026 = VECTOR('',#11027,1.);
#11027 = DIRECTION('',(-1.,1.110223024625E-16,0.));
#11028 = PCURVE('',#10996,#11029);
#11029 = DEFINITIONAL_REPRESENTATION('',(#11030),#11034);
#11030 = LINE('',#11031,#11032);
#11031 = CARTESIAN_POINT('',(0.,0.));
#11032 = VECTOR('',#11033,1.);
#11033 = DIRECTION('',(0.,-1.));
#11034 = ( GEOMETRIC_REPRESENTATION_CONTEXT(2) 
PARAMETRIC_REPRESENTATION_CONTEXT() REPRESENTATION_CONTEXT('2D SPACE',''
  ) );
#11035 = PCURVE('',#11036,#11041);
#11036 = PLANE('',#11037);
#11037 = AXIS2_PLACEMENT_3D('',#11038,#11039,#11040);
#11038 = CARTESIAN_POINT('',(8.,98.6,79.35));
#11039 = DIRECTION('',(0.,0.,1.));
#11040 = DIRECTION('',(1.110223024625E-16,1.,0.));
#11041 = DEFINITIONAL_REPRESENTATION('',(#11042),#11046);
#11042 = LINE('',#11043,#11044);
#11043 = CARTESIAN_POINT('',(0.,0.));
#11044 = VECTOR('',#11045,1.);
#11045 = DIRECTION('',(0.,1.));
#11046 = ( GEOMETRIC_REPRESENTATION_CONTEXT(2) 
PARAMETRIC_REPRESENTATION_CONTEXT() REPRESENTATION_CONTEXT('2D SPACE',''
  ) );
#11047 = ORIENTED_EDGE('',*,*,#11048,.T.);
#11048 = EDGE_CURVE('',#11021,#11049,#11051,.T.);
#11049 = VERTEX_POINT('',#11050);
#11050 = CARTESIAN_POINT('',(-8.,98.6,82.35));
#11051 = SURFACE_CURVE('',#11052,(#11056,#11063),.PCURVE_S1.);
#11052 = LINE('',#11053,#11054);
#11053 = CARTESIAN_POINT('',(-8.,98.6,79.35));
#11054 = VECTOR('',#11055,1.);
#11055 = DIRECTION('',(0.,0.,1.));
#11056 = PCURVE('',#10996,#11057);
#11057 = DEFINITIONAL_REPRESENTATION('',(#11058),#11062);
#11058 = LINE('',#11059,#11060);
#11059 = CARTESIAN_POINT('',(0.,-16.));
#11060 = VECTOR('',#11061,1.);
#11061 = DIRECTION('',(1.,0.));
#11062 = ( GEOMETRIC_REPRESENTATION_CONTEXT(2) 
PARAMETRIC_REPRESENTATION_CONTEXT() REPRESENTATION_CONTEXT('2D SPACE',''
  ) );
#11063 = PCURVE('',#11064,#11069);
#11064 = PLANE('',#11065);
#11065 = AXIS2_PLACEMENT_3D('',#11066,#11067,#11068);
#11066 = CARTESIAN_POINT('',(-8.,98.6,79.35));
#11067 = DIRECTION('',(-1.,1.110223024625E-16,0.));
#11068 = DIRECTION('',(0.,0.,1.));
#11069 = DEFINITIONAL_REPRESENTATION('',(#11070),#11074);
#11070 = LINE('',#11071,#11072);
#11071 = CARTESIAN_POINT('',(0.,0.));
#11072 = VECTOR('',#11073,1.);
#11073 = DIRECTION('',(1.,0.));
#11074 = ( GEOMETRIC_REPRESENTATION_CONTEXT(2) 
PARAMETRIC_REPRESENTATION_CONTEXT() REPRESENTATION_CONTEXT('2D SPACE',''
  ) );
#11075 = ORIENTED_EDGE('',*,*,#11076,.F.);
#11076 = EDGE_CURVE('',#10988,#11049,#11077,.T.);
#11077 = SURFACE_CURVE('',#11078,(#11082,#11089),.PCURVE_S1.);
#11078 = LINE('',#11079,#11080);
#11079 = CARTESIAN_POINT('',(8.,98.6,82.35));
#11080 = VECTOR('',#11081,1.);
#11081 = DIRECTION('',(-1.,1.110223024625E-16,0.));
#11082 = PCURVE('',#10996,#11083);
#11083 = DEFINITIONAL_REPRESENTATION('',(#11084),#11088);
#11084 = LINE('',#11085,#11086);
#11085 = CARTESIAN_POINT('',(3.,0.));
#11086 = VECTOR('',#11087,1.);
#11087 = DIRECTION('',(0.,-1.));
#11088 = ( GEOMETRIC_REPRESENTATION_CONTEXT(2) 
PARAMETRIC_REPRESENTATION_CONTEXT() REPRESENTATION_CONTEXT('2D SPACE',''
  ) );
#11089 = PCURVE('',#11090,#11095);
#11090 = PLANE('',#11091);
#11091 = AXIS2_PLACEMENT_3D('',#11092,#11093,#11094);
#11092 = CARTESIAN_POINT('',(8.,98.6,82.35));
#11093 = DIRECTION('',(0.,0.,1.));
#11094 = DIRECTION('',(1.110223024625E-16,1.,0.));
#11095 = DEFINITIONAL_REPRESENTATION('',(#11096),#11100);
#11096 = LINE('',#11097,#11098);
#11097 = CARTESIAN_POINT('',(0.,0.));
#11098 = VECTOR('',#11099,1.);
#11099 = DIRECTION('',(0.,1.));
#11100 = ( GEOMETRIC_REPRESENTATION_CONTEXT(2) 
PARAMETRIC_REPRESENTATION_CONTEXT() REPRESENTATION_CONTEXT('2D SPACE',''
  ) );
#11101 = ADVANCED_FACE('',(#11102),#11008,.F.);
#11102 = FACE_BOUND('',#11103,.F.);
#11103 = EDGE_LOOP('',(#11104,#11127,#11128,#11151));
#11104 = ORIENTED_EDGE('',*,*,#11105,.F.);
#11105 = EDGE_CURVE('',#10986,#11106,#11108,.T.);
#11106 = VERTEX_POINT('',#11107);
#11107 = CARTESIAN_POINT('',(8.,113.35,79.35));
#11108 = SURFACE_CURVE('',#11109,(#11113,#11120),.PCURVE_S1.);
#11109 = LINE('',#11110,#11111);
#11110 = CARTESIAN_POINT('',(8.,98.6,79.35));
#11111 = VECTOR('',#11112,1.);
#11112 = DIRECTION('',(1.110223024625E-16,1.,0.));
#11113 = PCURVE('',#11008,#11114);
#11114 = DEFINITIONAL_REPRESENTATION('',(#11115),#11119);
#11115 = LINE('',#11116,#11117);
#11116 = CARTESIAN_POINT('',(0.,0.));
#11117 = VECTOR('',#11118,1.);
#11118 = DIRECTION('',(0.,1.));
#11119 = ( GEOMETRIC_REPRESENTATION_CONTEXT(2) 
PARAMETRIC_REPRESENTATION_CONTEXT() REPRESENTATION_CONTEXT('2D SPACE',''
  ) );
#11120 = PCURVE('',#11036,#11121);
#11121 = DEFINITIONAL_REPRESENTATION('',(#11122),#11126);
#11122 = LINE('',#11123,#11124);
#11123 = CARTESIAN_POINT('',(0.,0.));
#11124 = VECTOR('',#11125,1.);
#11125 = DIRECTION('',(1.,0.));
#11126 = ( GEOMETRIC_REPRESENTATION_CONTEXT(2) 
PARAMETRIC_REPRESENTATION_CONTEXT() REPRESENTATION_CONTEXT('2D SPACE',''
  ) );
#11127 = ORIENTED_EDGE('',*,*,#10985,.T.);
#11128 = ORIENTED_EDGE('',*,*,#11129,.T.);
#11129 = EDGE_CURVE('',#10988,#11130,#11132,.T.);
#11130 = VERTEX_POINT('',#11131);
#11131 = CARTESIAN_POINT('',(8.,113.35,82.35));
#11132 = SURFACE_CURVE('',#11133,(#11137,#11144),.PCURVE_S1.);
#11133 = LINE('',#11134,#11135);
#11134 = CARTESIAN_POINT('',(8.,98.6,82.35));
#11135 = VECTOR('',#11136,1.);
#11136 = DIRECTION('',(1.110223024625E-16,1.,0.));
#11137 = PCURVE('',#11008,#11138);
#11138 = DEFINITIONAL_REPRESENTATION('',(#11139),#11143);
#11139 = LINE('',#11140,#11141);
#11140 = CARTESIAN_POINT('',(3.,0.));
#11141 = VECTOR('',#11142,1.);
#11142 = DIRECTION('',(0.,1.));
#11143 = ( GEOMETRIC_REPRESENTATION_CONTEXT(2) 
PARAMETRIC_REPRESENTATION_CONTEXT() REPRESENTATION_CONTEXT('2D SPACE',''
  ) );
#11144 = PCURVE('',#11090,#11145);
#11145 = DEFINITIONAL_REPRESENTATION('',(#11146),#11150);
#11146 = LINE('',#11147,#11148);
#11147 = CARTESIAN_POINT('',(0.,0.));
#11148 = VECTOR('',#11149,1.);
#11149 = DIRECTION('',(1.,0.));
#11150 = ( GEOMETRIC_REPRESENTATION_CONTEXT(2) 
PARAMETRIC_REPRESENTATION_CONTEXT() REPRESENTATION_CONTEXT('2D SPACE',''
  ) );
#11151 = ORIENTED_EDGE('',*,*,#11152,.F.);
#11152 = EDGE_CURVE('',#11106,#11130,#11153,.T.);
#11153 = SURFACE_CURVE('',#11154,(#11158,#11165),.PCURVE_S1.);
#11154 = LINE('',#11155,#11156);
#11155 = CARTESIAN_POINT('',(8.,113.35,79.35));
#11156 = VECTOR('',#11157,1.);
#11157 = DIRECTION('',(0.,0.,1.));
#11158 = PCURVE('',#11008,#11159);
#11159 = DEFINITIONAL_REPRESENTATION('',(#11160),#11164);
#11160 = LINE('',#11161,#11162);
#11161 = CARTESIAN_POINT('',(0.,14.75));
#11162 = VECTOR('',#11163,1.);
#11163 = DIRECTION('',(1.,0.));
#11164 = ( GEOMETRIC_REPRESENTATION_CONTEXT(2) 
PARAMETRIC_REPRESENTATION_CONTEXT() REPRESENTATION_CONTEXT('2D SPACE',''
  ) );
#11165 = PCURVE('',#11166,#11171);
#11166 = PLANE('',#11167);
#11167 = AXIS2_PLACEMENT_3D('',#11168,#11169,#11170);
#11168 = CARTESIAN_POINT('',(8.,113.35,79.35));
#11169 = DIRECTION('',(1.110223024625E-16,1.,0.));
#11170 = DIRECTION('',(0.,0.,1.));
#11171 = DEFINITIONAL_REPRESENTATION('',(#11172),#11176);
#11172 = LINE('',#11173,#11174);
#11173 = CARTESIAN_POINT('',(0.,0.));
#11174 = VECTOR('',#11175,1.);
#11175 = DIRECTION('',(1.,0.));
#11176 = ( GEOMETRIC_REPRESENTATION_CONTEXT(2) 
PARAMETRIC_REPRESENTATION_CONTEXT() REPRESENTATION_CONTEXT('2D SPACE',''
  ) );
#11177 = ADVANCED_FACE('',(#11178,#11226),#11090,.T.);
#11178 = FACE_BOUND('',#11179,.T.);
#11179 = EDGE_LOOP('',(#11180,#11181,#11182,#11205));
#11180 = ORIENTED_EDGE('',*,*,#11076,.F.);
#11181 = ORIENTED_EDGE('',*,*,#11129,.T.);
#11182 = ORIENTED_EDGE('',*,*,#11183,.T.);
#11183 = EDGE_CURVE('',#11130,#11184,#11186,.T.);
#11184 = VERTEX_POINT('',#11185);
#11185 = CARTESIAN_POINT('',(-8.,113.35,82.35));
#11186 = SURFACE_CURVE('',#11187,(#11191,#11198),.PCURVE_S1.);
#11187 = LINE('',#11188,#11189);
#11188 = CARTESIAN_POINT('',(8.,113.35,82.35));
#11189 = VECTOR('',#11190,1.);
#11190 = DIRECTION('',(-1.,1.110223024625E-16,0.));
#11191 = PCURVE('',#11090,#11192);
#11192 = DEFINITIONAL_REPRESENTATION('',(#11193),#11197);
#11193 = LINE('',#11194,#11195);
#11194 = CARTESIAN_POINT('',(14.75,-1.387778780781E-16));
#11195 = VECTOR('',#11196,1.);
#11196 = DIRECTION('',(0.,1.));
#11197 = ( GEOMETRIC_REPRESENTATION_CONTEXT(2) 
PARAMETRIC_REPRESENTATION_CONTEXT() REPRESENTATION_CONTEXT('2D SPACE',''
  ) );
#11198 = PCURVE('',#11166,#11199);
#11199 = DEFINITIONAL_REPRESENTATION('',(#11200),#11204);
#11200 = LINE('',#11201,#11202);
#11201 = CARTESIAN_POINT('',(3.,0.));
#11202 = VECTOR('',#11203,1.);
#11203 = DIRECTION('',(0.,-1.));
#11204 = ( GEOMETRIC_REPRESENTATION_CONTEXT(2) 
PARAMETRIC_REPRESENTATION_CONTEXT() REPRESENTATION_CONTEXT('2D SPACE',''
  ) );
#11205 = ORIENTED_EDGE('',*,*,#11206,.F.);
#11206 = EDGE_CURVE('',#11049,#11184,#11207,.T.);
#11207 = SURFACE_CURVE('',#11208,(#11212,#11219),.PCURVE_S1.);
#11208 = LINE('',#11209,#11210);
#11209 = CARTESIAN_POINT('',(-8.,98.6,82.35));
#11210 = VECTOR('',#11211,1.);
#11211 = DIRECTION('',(1.110223024625E-16,1.,0.));
#11212 = PCURVE('',#11090,#11213);
#11213 = DEFINITIONAL_REPRESENTATION('',(#11214),#11218);
#11214 = LINE('',#11215,#11216);
#11215 = CARTESIAN_POINT('',(-1.7763568394E-15,16.));
#11216 = VECTOR('',#11217,1.);
#11217 = DIRECTION('',(1.,0.));
#11218 = ( GEOMETRIC_REPRESENTATION_CONTEXT(2) 
PARAMETRIC_REPRESENTATION_CONTEXT() REPRESENTATION_CONTEXT('2D SPACE',''
  ) );
#11219 = PCURVE('',#11064,#11220);
#11220 = DEFINITIONAL_REPRESENTATION('',(#11221),#11225);
#11221 = LINE('',#11222,#11223);
#11222 = CARTESIAN_POINT('',(3.,0.));
#11223 = VECTOR('',#11224,1.);
#11224 = DIRECTION('',(0.,1.));
#11225 = ( GEOMETRIC_REPRESENTATION_CONTEXT(2) 
PARAMETRIC_REPRESENTATION_CONTEXT() REPRESENTATION_CONTEXT('2D SPACE',''
  ) );
#11226 = FACE_BOUND('',#11227,.T.);
#11227 = EDGE_LOOP('',(#11228));
#11228 = ORIENTED_EDGE('',*,*,#11229,.F.);
#11229 = EDGE_CURVE('',#11230,#11230,#11232,.T.);
#11230 = VERTEX_POINT('',#11231);
#11231 = CARTESIAN_POINT('',(1.268565864517E-14,109.85,82.35));
#11232 = SURFACE_CURVE('',#11233,(#11238,#11245),.PCURVE_S1.);
#11233 = CIRCLE('',#11234,2.);
#11234 = AXIS2_PLACEMENT_3D('',#11235,#11236,#11237);
#11235 = CARTESIAN_POINT('',(1.197375532058E-14,107.85,82.35));
#11236 = DIRECTION('',(0.,-0.,1.));
#11237 = DIRECTION('',(1.110223024625E-16,1.,0.));
#11238 = PCURVE('',#11090,#11239);
#11239 = DEFINITIONAL_REPRESENTATION('',(#11240),#11244);
#11240 = CIRCLE('',#11241,2.);
#11241 = AXIS2_PLACEMENT_2D('',#11242,#11243);
#11242 = CARTESIAN_POINT('',(9.25,8.));
#11243 = DIRECTION('',(1.,0.));
#11244 = ( GEOMETRIC_REPRESENTATION_CONTEXT(2) 
PARAMETRIC_REPRESENTATION_CONTEXT() REPRESENTATION_CONTEXT('2D SPACE',''
  ) );
#11245 = PCURVE('',#11246,#11251);
#11246 = CYLINDRICAL_SURFACE('',#11247,2.);
#11247 = AXIS2_PLACEMENT_3D('',#11248,#11249,#11250);
#11248 = CARTESIAN_POINT('',(1.197375532058E-14,107.85,78.35));
#11249 = DIRECTION('',(0.,0.,1.));
#11250 = DIRECTION('',(1.110223024625E-16,1.,0.));
#11251 = DEFINITIONAL_REPRESENTATION('',(#11252),#11256);
#11252 = LINE('',#11253,#11254);
#11253 = CARTESIAN_POINT('',(0.,4.));
#11254 = VECTOR('',#11255,1.);
#11255 = DIRECTION('',(1.,0.));
#11256 = ( GEOMETRIC_REPRESENTATION_CONTEXT(2) 
PARAMETRIC_REPRESENTATION_CONTEXT() REPRESENTATION_CONTEXT('2D SPACE',''
  ) );
#11257 = ADVANCED_FACE('',(#11258),#11064,.T.);
#11258 = FACE_BOUND('',#11259,.T.);
#11259 = EDGE_LOOP('',(#11260,#11283,#11284,#11285));
#11260 = ORIENTED_EDGE('',*,*,#11261,.F.);
#11261 = EDGE_CURVE('',#11021,#11262,#11264,.T.);
#11262 = VERTEX_POINT('',#11263);
#11263 = CARTESIAN_POINT('',(-8.,113.35,79.35));
#11264 = SURFACE_CURVE('',#11265,(#11269,#11276),.PCURVE_S1.);
#11265 = LINE('',#11266,#11267);
#11266 = CARTESIAN_POINT('',(-8.,98.6,79.35));
#11267 = VECTOR('',#11268,1.);
#11268 = DIRECTION('',(1.110223024625E-16,1.,0.));
#11269 = PCURVE('',#11064,#11270);
#11270 = DEFINITIONAL_REPRESENTATION('',(#11271),#11275);
#11271 = LINE('',#11272,#11273);
#11272 = CARTESIAN_POINT('',(0.,0.));
#11273 = VECTOR('',#11274,1.);
#11274 = DIRECTION('',(0.,1.));
#11275 = ( GEOMETRIC_REPRESENTATION_CONTEXT(2) 
PARAMETRIC_REPRESENTATION_CONTEXT() REPRESENTATION_CONTEXT('2D SPACE',''
  ) );
#11276 = PCURVE('',#11036,#11277);
#11277 = DEFINITIONAL_REPRESENTATION('',(#11278),#11282);
#11278 = LINE('',#11279,#11280);
#11279 = CARTESIAN_POINT('',(-1.7763568394E-15,16.));
#11280 = VECTOR('',#11281,1.);
#11281 = DIRECTION('',(1.,0.));
#11282 = ( GEOMETRIC_REPRESENTATION_CONTEXT(2) 
PARAMETRIC_REPRESENTATION_CONTEXT() REPRESENTATION_CONTEXT('2D SPACE',''
  ) );
#11283 = ORIENTED_EDGE('',*,*,#11048,.T.);
#11284 = ORIENTED_EDGE('',*,*,#11206,.T.);
#11285 = ORIENTED_EDGE('',*,*,#11286,.F.);
#11286 = EDGE_CURVE('',#11262,#11184,#11287,.T.);
#11287 = SURFACE_CURVE('',#11288,(#11292,#11299),.PCURVE_S1.);
#11288 = LINE('',#11289,#11290);
#11289 = CARTESIAN_POINT('',(-8.,113.35,79.35));
#11290 = VECTOR('',#11291,1.);
#11291 = DIRECTION('',(0.,0.,1.));
#11292 = PCURVE('',#11064,#11293);
#11293 = DEFINITIONAL_REPRESENTATION('',(#11294),#11298);
#11294 = LINE('',#11295,#11296);
#11295 = CARTESIAN_POINT('',(0.,14.75));
#11296 = VECTOR('',#11297,1.);
#11297 = DIRECTION('',(1.,0.));
#11298 = ( GEOMETRIC_REPRESENTATION_CONTEXT(2) 
PARAMETRIC_REPRESENTATION_CONTEXT() REPRESENTATION_CONTEXT('2D SPACE',''
  ) );
#11299 = PCURVE('',#11166,#11300);
#11300 = DEFINITIONAL_REPRESENTATION('',(#11301),#11305);
#11301 = LINE('',#11302,#11303);
#11302 = CARTESIAN_POINT('',(0.,-16.));
#11303 = VECTOR('',#11304,1.);
#11304 = DIRECTION('',(1.,0.));
#11305 = ( GEOMETRIC_REPRESENTATION_CONTEXT(2) 
PARAMETRIC_REPRESENTATION_CONTEXT() REPRESENTATION_CONTEXT('2D SPACE',''
  ) );
#11306 = ADVANCED_FACE('',(#11307,#11333),#11036,.F.);
#11307 = FACE_BOUND('',#11308,.F.);
#11308 = EDGE_LOOP('',(#11309,#11310,#11311,#11332));
#11309 = ORIENTED_EDGE('',*,*,#11020,.F.);
#11310 = ORIENTED_EDGE('',*,*,#11105,.T.);
#11311 = ORIENTED_EDGE('',*,*,#11312,.T.);
#11312 = EDGE_CURVE('',#11106,#11262,#11313,.T.);
#11313 = SURFACE_CURVE('',#11314,(#11318,#11325),.PCURVE_S1.);
#11314 = LINE('',#11315,#11316);
#11315 = CARTESIAN_POINT('',(8.,113.35,79.35));
#11316 = VECTOR('',#11317,1.);
#11317 = DIRECTION('',(-1.,1.110223024625E-16,0.));
#11318 = PCURVE('',#11036,#11319);
#11319 = DEFINITIONAL_REPRESENTATION('',(#11320),#11324);
#11320 = LINE('',#11321,#11322);
#11321 = CARTESIAN_POINT('',(14.75,-1.387778780781E-16));
#11322 = VECTOR('',#11323,1.);
#11323 = DIRECTION('',(0.,1.));
#11324 = ( GEOMETRIC_REPRESENTATION_CONTEXT(2) 
PARAMETRIC_REPRESENTATION_CONTEXT() REPRESENTATION_CONTEXT('2D SPACE',''
  ) );
#11325 = PCURVE('',#11166,#11326);
#11326 = DEFINITIONAL_REPRESENTATION('',(#11327),#11331);
#11327 = LINE('',#11328,#11329);
#11328 = CARTESIAN_POINT('',(0.,0.));
#11329 = VECTOR('',#11330,1.);
#11330 = DIRECTION('',(0.,-1.));
#11331 = ( GEOMETRIC_REPRESENTATION_CONTEXT(2) 
PARAMETRIC_REPRESENTATION_CONTEXT() REPRESENTATION_CONTEXT('2D SPACE',''
  ) );
#11332 = ORIENTED_EDGE('',*,*,#11261,.F.);
#11333 = FACE_BOUND('',#11334,.F.);
#11334 = EDGE_LOOP('',(#11335));
#11335 = ORIENTED_EDGE('',*,*,#11336,.F.);
#11336 = EDGE_CURVE('',#11337,#11337,#11339,.T.);
#11337 = VERTEX_POINT('',#11338);
#11338 = CARTESIAN_POINT('',(1.268565864517E-14,109.85,79.35));
#11339 = SURFACE_CURVE('',#11340,(#11345,#11352),.PCURVE_S1.);
#11340 = CIRCLE('',#11341,2.);
#11341 = AXIS2_PLACEMENT_3D('',#11342,#11343,#11344);
#11342 = CARTESIAN_POINT('',(1.197375532058E-14,107.85,79.35));
#11343 = DIRECTION('',(0.,-0.,1.));
#11344 = DIRECTION('',(1.110223024625E-16,1.,0.));
#11345 = PCURVE('',#11036,#11346);
#11346 = DEFINITIONAL_REPRESENTATION('',(#11347),#11351);
#11347 = CIRCLE('',#11348,2.);
#11348 = AXIS2_PLACEMENT_2D('',#11349,#11350);
#11349 = CARTESIAN_POINT('',(9.25,8.));
#11350 = DIRECTION('',(1.,0.));
#11351 = ( GEOMETRIC_REPRESENTATION_CONTEXT(2) 
PARAMETRIC_REPRESENTATION_CONTEXT() REPRESENTATION_CONTEXT('2D SPACE',''
  ) );
#11352 = PCURVE('',#11246,#11353);
#11353 = DEFINITIONAL_REPRESENTATION('',(#11354),#11358);
#11354 = LINE('',#11355,#11356);
#11355 = CARTESIAN_POINT('',(0.,1.));
#11356 = VECTOR('',#11357,1.);
#11357 = DIRECTION('',(1.,0.));
#11358 = ( GEOMETRIC_REPRESENTATION_CONTEXT(2) 
PARAMETRIC_REPRESENTATION_CONTEXT() REPRESENTATION_CONTEXT('2D SPACE',''
  ) );
#11359 = ADVANCED_FACE('',(#11360),#11166,.T.);
#11360 = FACE_BOUND('',#11361,.T.);
#11361 = EDGE_LOOP('',(#11362,#11363,#11364,#11365));
#11362 = ORIENTED_EDGE('',*,*,#11152,.F.);
#11363 = ORIENTED_EDGE('',*,*,#11312,.T.);
#11364 = ORIENTED_EDGE('',*,*,#11286,.T.);
#11365 = ORIENTED_EDGE('',*,*,#11183,.F.);
#11366 = ADVANCED_FACE('',(#11367),#11246,.F.);
#11367 = FACE_BOUND('',#11368,.F.);
#11368 = EDGE_LOOP('',(#11369,#11370,#11391,#11392));
#11369 = ORIENTED_EDGE('',*,*,#11229,.F.);
#11370 = ORIENTED_EDGE('',*,*,#11371,.F.);
#11371 = EDGE_CURVE('',#11337,#11230,#11372,.T.);
#11372 = SEAM_CURVE('',#11373,(#11377,#11384),.PCURVE_S1.);
#11373 = LINE('',#11374,#11375);
#11374 = CARTESIAN_POINT('',(1.268565864517E-14,109.85,78.35));
#11375 = VECTOR('',#11376,1.);
#11376 = DIRECTION('',(0.,0.,1.));
#11377 = PCURVE('',#11246,#11378);
#11378 = DEFINITIONAL_REPRESENTATION('',(#11379),#11383);
#11379 = LINE('',#11380,#11381);
#11380 = CARTESIAN_POINT('',(6.28318530718,-0.));
#11381 = VECTOR('',#11382,1.);
#11382 = DIRECTION('',(0.,1.));
#11383 = ( GEOMETRIC_REPRESENTATION_CONTEXT(2) 
PARAMETRIC_REPRESENTATION_CONTEXT() REPRESENTATION_CONTEXT('2D SPACE',''
  ) );
#11384 = PCURVE('',#11246,#11385);
#11385 = DEFINITIONAL_REPRESENTATION('',(#11386),#11390);
#11386 = LINE('',#11387,#11388);
#11387 = CARTESIAN_POINT('',(0.,-0.));
#11388 = VECTOR('',#11389,1.);
#11389 = DIRECTION('',(0.,1.));
#11390 = ( GEOMETRIC_REPRESENTATION_CONTEXT(2) 
PARAMETRIC_REPRESENTATION_CONTEXT() REPRESENTATION_CONTEXT('2D SPACE',''
  ) );
#11391 = ORIENTED_EDGE('',*,*,#11336,.T.);
#11392 = ORIENTED_EDGE('',*,*,#11371,.T.);
#11393 = ( GEOMETRIC_REPRESENTATION_CONTEXT(3) 
GLOBAL_UNCERTAINTY_ASSIGNED_CONTEXT((#11397)) 
GLOBAL_UNIT_ASSIGNED_CONTEXT((#11394,#11395,#11396)) 
REPRESENTATION_CONTEXT('Context #1',
  '3D Context with UNIT and UNCERTAINTY') );
#11394 = ( LENGTH_UNIT() NAMED_UNIT(*) SI_UNIT(.MILLI.,.METRE.) );
#11395 = ( NAMED_UNIT(*) PLANE_ANGLE_UNIT() SI_UNIT($,.RADIAN.) );
#11396 = ( NAMED_UNIT(*) SI_UNIT($,.STERADIAN.) SOLID_ANGLE_UNIT() );
#11397 = UNCERTAINTY_MEASURE_WITH_UNIT(LENGTH_MEASURE(1.E-07),#11394,
  'distance_accuracy_value','confusion accuracy');
#11398 = PRODUCT_RELATED_PRODUCT_CATEGORY('part',$,(#10975));
#11399 = SHAPE_DEFINITION_REPRESENTATION(#11400,#11406);
#11400 = PRODUCT_DEFINITION_SHAPE('','',#11401);
#11401 = PRODUCT_DEFINITION('design','',#11402,#11405);
#11402 = PRODUCT_DEFINITION_FORMATION('','',#11403);
#11403 = PRODUCT('Mirror clip 2','Mirror clip 2','',(#11404));
#11404 = PRODUCT_CONTEXT('',#2,'mechanical');
#11405 = PRODUCT_DEFINITION_CONTEXT('part definition',#2,'design');
#11406 = ADVANCED_BREP_SHAPE_REPRESENTATION('',(#11,#11407),#11821);
#11407 = MANIFOLD_SOLID_BREP('',#11408);
#11408 = CLOSED_SHELL('',(#11409,#11529,#11605,#11685,#11734,#11787,
    #11794));
#11409 = ADVANCED_FACE('',(#11410),#11424,.F.);
#11410 = FACE_BOUND('',#11411,.F.);
#11411 = EDGE_LOOP('',(#11412,#11447,#11475,#11503));
#11412 = ORIENTED_EDGE('',*,*,#11413,.F.);
#11413 = EDGE_CURVE('',#11414,#11416,#11418,.T.);
#11414 = VERTEX_POINT('',#11415);
#11415 = CARTESIAN_POINT('',(-89.39010481314,-42.37179676972,79.35));
#11416 = VERTEX_POINT('',#11417);
#11417 = CARTESIAN_POINT('',(-89.39010481314,-42.37179676972,82.35));
#11418 = SURFACE_CURVE('',#11419,(#11423,#11435),.PCURVE_S1.);
#11419 = LINE('',#11420,#11421);
#11420 = CARTESIAN_POINT('',(-89.39010481314,-42.37179676972,79.35));
#11421 = VECTOR('',#11422,1.);
#11422 = DIRECTION('',(0.,0.,1.));
#11423 = PCURVE('',#11424,#11429);
#11424 = PLANE('',#11425);
#11425 = AXIS2_PLACEMENT_3D('',#11426,#11427,#11428);
#11426 = CARTESIAN_POINT('',(-89.39010481314,-42.37179676972,79.35));
#11427 = DIRECTION('',(-0.866025403784,-0.5,0.));
#11428 = DIRECTION('',(0.,0.,1.));
#11429 = DEFINITIONAL_REPRESENTATION('',(#11430),#11434);
#11430 = LINE('',#11431,#11432);
#11431 = CARTESIAN_POINT('',(0.,0.));
#11432 = VECTOR('',#11433,1.);
#11433 = DIRECTION('',(1.,0.));
#11434 = ( GEOMETRIC_REPRESENTATION_CONTEXT(2) 
PARAMETRIC_REPRESENTATION_CONTEXT() REPRESENTATION_CONTEXT('2D SPACE',''
  ) );
#11435 = PCURVE('',#11436,#11441);
#11436 = PLANE('',#11437);
#11437 = AXIS2_PLACEMENT_3D('',#11438,#11439,#11440);
#11438 = CARTESIAN_POINT('',(-89.39010481314,-42.37179676972,79.35));
#11439 = DIRECTION('',(0.5,-0.866025403784,0.));
#11440 = DIRECTION('',(0.,0.,1.));
#11441 = DEFINITIONAL_REPRESENTATION('',(#11442),#11446);
#11442 = LINE('',#11443,#11444);
#11443 = CARTESIAN_POINT('',(0.,0.));
#11444 = VECTOR('',#11445,1.);
#11445 = DIRECTION('',(1.,0.));
#11446 = ( GEOMETRIC_REPRESENTATION_CONTEXT(2) 
PARAMETRIC_REPRESENTATION_CONTEXT() REPRESENTATION_CONTEXT('2D SPACE',''
  ) );
#11447 = ORIENTED_EDGE('',*,*,#11448,.T.);
#11448 = EDGE_CURVE('',#11414,#11449,#11451,.T.);
#11449 = VERTEX_POINT('',#11450);
#11450 = CARTESIAN_POINT('',(-81.39010481314,-56.22820323027,79.35));
#11451 = SURFACE_CURVE('',#11452,(#11456,#11463),.PCURVE_S1.);
#11452 = LINE('',#11453,#11454);
#11453 = CARTESIAN_POINT('',(-89.39010481314,-42.37179676972,79.35));
#11454 = VECTOR('',#11455,1.);
#11455 = DIRECTION('',(0.5,-0.866025403784,0.));
#11456 = PCURVE('',#11424,#11457);
#11457 = DEFINITIONAL_REPRESENTATION('',(#11458),#11462);
#11458 = LINE('',#11459,#11460);
#11459 = CARTESIAN_POINT('',(0.,0.));
#11460 = VECTOR('',#11461,1.);
#11461 = DIRECTION('',(0.,-1.));
#11462 = ( GEOMETRIC_REPRESENTATION_CONTEXT(2) 
PARAMETRIC_REPRESENTATION_CONTEXT() REPRESENTATION_CONTEXT('2D SPACE',''
  ) );
#11463 = PCURVE('',#11464,#11469);
#11464 = PLANE('',#11465);
#11465 = AXIS2_PLACEMENT_3D('',#11466,#11467,#11468);
#11466 = CARTESIAN_POINT('',(-89.39010481314,-42.37179676972,79.35));
#11467 = DIRECTION('',(0.,0.,1.));
#11468 = DIRECTION('',(-0.866025403784,-0.5,0.));
#11469 = DEFINITIONAL_REPRESENTATION('',(#11470),#11474);
#11470 = LINE('',#11471,#11472);
#11471 = CARTESIAN_POINT('',(0.,0.));
#11472 = VECTOR('',#11473,1.);
#11473 = DIRECTION('',(0.,1.));
#11474 = ( GEOMETRIC_REPRESENTATION_CONTEXT(2) 
PARAMETRIC_REPRESENTATION_CONTEXT() REPRESENTATION_CONTEXT('2D SPACE',''
  ) );
#11475 = ORIENTED_EDGE('',*,*,#11476,.T.);
#11476 = EDGE_CURVE('',#11449,#11477,#11479,.T.);
#11477 = VERTEX_POINT('',#11478);
#11478 = CARTESIAN_POINT('',(-81.39010481314,-56.22820323027,82.35));
#11479 = SURFACE_CURVE('',#11480,(#11484,#11491),.PCURVE_S1.);
#11480 = LINE('',#11481,#11482);
#11481 = CARTESIAN_POINT('',(-81.39010481314,-56.22820323027,79.35));
#11482 = VECTOR('',#11483,1.);
#11483 = DIRECTION('',(0.,0.,1.));
#11484 = PCURVE('',#11424,#11485);
#11485 = DEFINITIONAL_REPRESENTATION('',(#11486),#11490);
#11486 = LINE('',#11487,#11488);
#11487 = CARTESIAN_POINT('',(0.,-16.));
#11488 = VECTOR('',#11489,1.);
#11489 = DIRECTION('',(1.,0.));
#11490 = ( GEOMETRIC_REPRESENTATION_CONTEXT(2) 
PARAMETRIC_REPRESENTATION_CONTEXT() REPRESENTATION_CONTEXT('2D SPACE',''
  ) );
#11491 = PCURVE('',#11492,#11497);
#11492 = PLANE('',#11493);
#11493 = AXIS2_PLACEMENT_3D('',#11494,#11495,#11496);
#11494 = CARTESIAN_POINT('',(-81.39010481314,-56.22820323027,79.35));
#11495 = DIRECTION('',(0.5,-0.866025403784,0.));
#11496 = DIRECTION('',(0.,0.,1.));
#11497 = DEFINITIONAL_REPRESENTATION('',(#11498),#11502);
#11498 = LINE('',#11499,#11500);
#11499 = CARTESIAN_POINT('',(0.,0.));
#11500 = VECTOR('',#11501,1.);
#11501 = DIRECTION('',(1.,0.));
#11502 = ( GEOMETRIC_REPRESENTATION_CONTEXT(2) 
PARAMETRIC_REPRESENTATION_CONTEXT() REPRESENTATION_CONTEXT('2D SPACE',''
  ) );
#11503 = ORIENTED_EDGE('',*,*,#11504,.F.);
#11504 = EDGE_CURVE('',#11416,#11477,#11505,.T.);
#11505 = SURFACE_CURVE('',#11506,(#11510,#11517),.PCURVE_S1.);
#11506 = LINE('',#11507,#11508);
#11507 = CARTESIAN_POINT('',(-89.39010481314,-42.37179676972,82.35));
#11508 = VECTOR('',#11509,1.);
#11509 = DIRECTION('',(0.5,-0.866025403784,0.));
#11510 = PCURVE('',#11424,#11511);
#11511 = DEFINITIONAL_REPRESENTATION('',(#11512),#11516);
#11512 = LINE('',#11513,#11514);
#11513 = CARTESIAN_POINT('',(3.,0.));
#11514 = VECTOR('',#11515,1.);
#11515 = DIRECTION('',(0.,-1.));
#11516 = ( GEOMETRIC_REPRESENTATION_CONTEXT(2) 
PARAMETRIC_REPRESENTATION_CONTEXT() REPRESENTATION_CONTEXT('2D SPACE',''
  ) );
#11517 = PCURVE('',#11518,#11523);
#11518 = PLANE('',#11519);
#11519 = AXIS2_PLACEMENT_3D('',#11520,#11521,#11522);
#11520 = CARTESIAN_POINT('',(-89.39010481314,-42.37179676972,82.35));
#11521 = DIRECTION('',(0.,0.,1.));
#11522 = DIRECTION('',(-0.866025403784,-0.5,0.));
#11523 = DEFINITIONAL_REPRESENTATION('',(#11524),#11528);
#11524 = LINE('',#11525,#11526);
#11525 = CARTESIAN_POINT('',(0.,0.));
#11526 = VECTOR('',#11527,1.);
#11527 = DIRECTION('',(0.,1.));
#11528 = ( GEOMETRIC_REPRESENTATION_CONTEXT(2) 
PARAMETRIC_REPRESENTATION_CONTEXT() REPRESENTATION_CONTEXT('2D SPACE',''
  ) );
#11529 = ADVANCED_FACE('',(#11530),#11436,.F.);
#11530 = FACE_BOUND('',#11531,.F.);
#11531 = EDGE_LOOP('',(#11532,#11555,#11556,#11579));
#11532 = ORIENTED_EDGE('',*,*,#11533,.F.);
#11533 = EDGE_CURVE('',#11414,#11534,#11536,.T.);
#11534 = VERTEX_POINT('',#11535);
#11535 = CARTESIAN_POINT('',(-102.1639795189,-49.74679676972,79.35));
#11536 = SURFACE_CURVE('',#11537,(#11541,#11548),.PCURVE_S1.);
#11537 = LINE('',#11538,#11539);
#11538 = CARTESIAN_POINT('',(-89.39010481314,-42.37179676972,79.35));
#11539 = VECTOR('',#11540,1.);
#11540 = DIRECTION('',(-0.866025403784,-0.5,0.));
#11541 = PCURVE('',#11436,#11542);
#11542 = DEFINITIONAL_REPRESENTATION('',(#11543),#11547);
#11543 = LINE('',#11544,#11545);
#11544 = CARTESIAN_POINT('',(0.,0.));
#11545 = VECTOR('',#11546,1.);
#11546 = DIRECTION('',(0.,1.));
#11547 = ( GEOMETRIC_REPRESENTATION_CONTEXT(2) 
PARAMETRIC_REPRESENTATION_CONTEXT() REPRESENTATION_CONTEXT('2D SPACE',''
  ) );
#11548 = PCURVE('',#11464,#11549);
#11549 = DEFINITIONAL_REPRESENTATION('',(#11550),#11554);
#11550 = LINE('',#11551,#11552);
#11551 = CARTESIAN_POINT('',(0.,0.));
#11552 = VECTOR('',#11553,1.);
#11553 = DIRECTION('',(1.,0.));
#11554 = ( GEOMETRIC_REPRESENTATION_CONTEXT(2) 
PARAMETRIC_REPRESENTATION_CONTEXT() REPRESENTATION_CONTEXT('2D SPACE',''
  ) );
#11555 = ORIENTED_EDGE('',*,*,#11413,.T.);
#11556 = ORIENTED_EDGE('',*,*,#11557,.T.);
#11557 = EDGE_CURVE('',#11416,#11558,#11560,.T.);
#11558 = VERTEX_POINT('',#11559);
#11559 = CARTESIAN_POINT('',(-102.1639795189,-49.74679676972,82.35));
#11560 = SURFACE_CURVE('',#11561,(#11565,#11572),.PCURVE_S1.);
#11561 = LINE('',#11562,#11563);
#11562 = CARTESIAN_POINT('',(-89.39010481314,-42.37179676972,82.35));
#11563 = VECTOR('',#11564,1.);
#11564 = DIRECTION('',(-0.866025403784,-0.5,0.));
#11565 = PCURVE('',#11436,#11566);
#11566 = DEFINITIONAL_REPRESENTATION('',(#11567),#11571);
#11567 = LINE('',#11568,#11569);
#11568 = CARTESIAN_POINT('',(3.,0.));
#11569 = VECTOR('',#11570,1.);
#11570 = DIRECTION('',(0.,1.));
#11571 = ( GEOMETRIC_REPRESENTATION_CONTEXT(2) 
PARAMETRIC_REPRESENTATION_CONTEXT() REPRESENTATION_CONTEXT('2D SPACE',''
  ) );
#11572 = PCURVE('',#11518,#11573);
#11573 = DEFINITIONAL_REPRESENTATION('',(#11574),#11578);
#11574 = LINE('',#11575,#11576);
#11575 = CARTESIAN_POINT('',(0.,0.));
#11576 = VECTOR('',#11577,1.);
#11577 = DIRECTION('',(1.,0.));
#11578 = ( GEOMETRIC_REPRESENTATION_CONTEXT(2) 
PARAMETRIC_REPRESENTATION_CONTEXT() REPRESENTATION_CONTEXT('2D SPACE',''
  ) );
#11579 = ORIENTED_EDGE('',*,*,#11580,.F.);
#11580 = EDGE_CURVE('',#11534,#11558,#11581,.T.);
#11581 = SURFACE_CURVE('',#11582,(#11586,#11593),.PCURVE_S1.);
#11582 = LINE('',#11583,#11584);
#11583 = CARTESIAN_POINT('',(-102.1639795189,-49.74679676972,79.35));
#11584 = VECTOR('',#11585,1.);
#11585 = DIRECTION('',(0.,0.,1.));
#11586 = PCURVE('',#11436,#11587);
#11587 = DEFINITIONAL_REPRESENTATION('',(#11588),#11592);
#11588 = LINE('',#11589,#11590);
#11589 = CARTESIAN_POINT('',(0.,14.75));
#11590 = VECTOR('',#11591,1.);
#11591 = DIRECTION('',(1.,0.));
#11592 = ( GEOMETRIC_REPRESENTATION_CONTEXT(2) 
PARAMETRIC_REPRESENTATION_CONTEXT() REPRESENTATION_CONTEXT('2D SPACE',''
  ) );
#11593 = PCURVE('',#11594,#11599);
#11594 = PLANE('',#11595);
#11595 = AXIS2_PLACEMENT_3D('',#11596,#11597,#11598);
#11596 = CARTESIAN_POINT('',(-102.1639795189,-49.74679676972,79.35));
#11597 = DIRECTION('',(-0.866025403784,-0.5,0.));
#11598 = DIRECTION('',(0.,0.,1.));
#11599 = DEFINITIONAL_REPRESENTATION('',(#11600),#11604);
#11600 = LINE('',#11601,#11602);
#11601 = CARTESIAN_POINT('',(0.,0.));
#11602 = VECTOR('',#11603,1.);
#11603 = DIRECTION('',(1.,0.));
#11604 = ( GEOMETRIC_REPRESENTATION_CONTEXT(2) 
PARAMETRIC_REPRESENTATION_CONTEXT() REPRESENTATION_CONTEXT('2D SPACE',''
  ) );
#11605 = ADVANCED_FACE('',(#11606,#11654),#11518,.T.);
#11606 = FACE_BOUND('',#11607,.T.);
#11607 = EDGE_LOOP('',(#11608,#11609,#11610,#11633));
#11608 = ORIENTED_EDGE('',*,*,#11504,.F.);
#11609 = ORIENTED_EDGE('',*,*,#11557,.T.);
#11610 = ORIENTED_EDGE('',*,*,#11611,.T.);
#11611 = EDGE_CURVE('',#11558,#11612,#11614,.T.);
#11612 = VERTEX_POINT('',#11613);
#11613 = CARTESIAN_POINT('',(-94.16397951896,-63.60320323027,82.35));
#11614 = SURFACE_CURVE('',#11615,(#11619,#11626),.PCURVE_S1.);
#11615 = LINE('',#11616,#11617);
#11616 = CARTESIAN_POINT('',(-102.1639795189,-49.74679676972,82.35));
#11617 = VECTOR('',#11618,1.);
#11618 = DIRECTION('',(0.5,-0.866025403784,0.));
#11619 = PCURVE('',#11518,#11620);
#11620 = DEFINITIONAL_REPRESENTATION('',(#11621),#11625);
#11621 = LINE('',#11622,#11623);
#11622 = CARTESIAN_POINT('',(14.75,-4.440892098501E-15));
#11623 = VECTOR('',#11624,1.);
#11624 = DIRECTION('',(0.,1.));
#11625 = ( GEOMETRIC_REPRESENTATION_CONTEXT(2) 
PARAMETRIC_REPRESENTATION_CONTEXT() REPRESENTATION_CONTEXT('2D SPACE',''
  ) );
#11626 = PCURVE('',#11594,#11627);
#11627 = DEFINITIONAL_REPRESENTATION('',(#11628),#11632);
#11628 = LINE('',#11629,#11630);
#11629 = CARTESIAN_POINT('',(3.,0.));
#11630 = VECTOR('',#11631,1.);
#11631 = DIRECTION('',(0.,-1.));
#11632 = ( GEOMETRIC_REPRESENTATION_CONTEXT(2) 
PARAMETRIC_REPRESENTATION_CONTEXT() REPRESENTATION_CONTEXT('2D SPACE',''
  ) );
#11633 = ORIENTED_EDGE('',*,*,#11634,.F.);
#11634 = EDGE_CURVE('',#11477,#11612,#11635,.T.);
#11635 = SURFACE_CURVE('',#11636,(#11640,#11647),.PCURVE_S1.);
#11636 = LINE('',#11637,#11638);
#11637 = CARTESIAN_POINT('',(-81.39010481314,-56.22820323027,82.35));
#11638 = VECTOR('',#11639,1.);
#11639 = DIRECTION('',(-0.866025403784,-0.5,0.));
#11640 = PCURVE('',#11518,#11641);
#11641 = DEFINITIONAL_REPRESENTATION('',(#11642),#11646);
#11642 = LINE('',#11643,#11644);
#11643 = CARTESIAN_POINT('',(0.,16.));
#11644 = VECTOR('',#11645,1.);
#11645 = DIRECTION('',(1.,0.));
#11646 = ( GEOMETRIC_REPRESENTATION_CONTEXT(2) 
PARAMETRIC_REPRESENTATION_CONTEXT() REPRESENTATION_CONTEXT('2D SPACE',''
  ) );
#11647 = PCURVE('',#11492,#11648);
#11648 = DEFINITIONAL_REPRESENTATION('',(#11649),#11653);
#11649 = LINE('',#11650,#11651);
#11650 = CARTESIAN_POINT('',(3.,0.));
#11651 = VECTOR('',#11652,1.);
#11652 = DIRECTION('',(0.,1.));
#11653 = ( GEOMETRIC_REPRESENTATION_CONTEXT(2) 
PARAMETRIC_REPRESENTATION_CONTEXT() REPRESENTATION_CONTEXT('2D SPACE',''
  ) );
#11654 = FACE_BOUND('',#11655,.T.);
#11655 = EDGE_LOOP('',(#11656));
#11656 = ORIENTED_EDGE('',*,*,#11657,.F.);
#11657 = EDGE_CURVE('',#11658,#11658,#11660,.T.);
#11658 = VERTEX_POINT('',#11659);
#11659 = CARTESIAN_POINT('',(-95.13289060572,-54.925,82.35));
#11660 = SURFACE_CURVE('',#11661,(#11666,#11673),.PCURVE_S1.);
#11661 = CIRCLE('',#11662,2.);
#11662 = AXIS2_PLACEMENT_3D('',#11663,#11664,#11665);
#11663 = CARTESIAN_POINT('',(-93.40083979815,-53.925,82.35));
#11664 = DIRECTION('',(0.,0.,1.));
#11665 = DIRECTION('',(-0.866025403784,-0.5,0.));
#11666 = PCURVE('',#11518,#11667);
#11667 = DEFINITIONAL_REPRESENTATION('',(#11668),#11672);
#11668 = CIRCLE('',#11669,2.);
#11669 = AXIS2_PLACEMENT_2D('',#11670,#11671);
#11670 = CARTESIAN_POINT('',(9.25,8.));
#11671 = DIRECTION('',(1.,0.));
#11672 = ( GEOMETRIC_REPRESENTATION_CONTEXT(2) 
PARAMETRIC_REPRESENTATION_CONTEXT() REPRESENTATION_CONTEXT('2D SPACE',''
  ) );
#11673 = PCURVE('',#11674,#11679);
#11674 = CYLINDRICAL_SURFACE('',#11675,2.);
#11675 = AXIS2_PLACEMENT_3D('',#11676,#11677,#11678);
#11676 = CARTESIAN_POINT('',(-93.40083979815,-53.925,78.35));
#11677 = DIRECTION('',(0.,0.,1.));
#11678 = DIRECTION('',(-0.866025403784,-0.5,0.));
#11679 = DEFINITIONAL_REPRESENTATION('',(#11680),#11684);
#11680 = LINE('',#11681,#11682);
#11681 = CARTESIAN_POINT('',(0.,4.));
#11682 = VECTOR('',#11683,1.);
#11683 = DIRECTION('',(1.,0.));
#11684 = ( GEOMETRIC_REPRESENTATION_CONTEXT(2) 
PARAMETRIC_REPRESENTATION_CONTEXT() REPRESENTATION_CONTEXT('2D SPACE',''
  ) );
#11685 = ADVANCED_FACE('',(#11686),#11492,.T.);
#11686 = FACE_BOUND('',#11687,.T.);
#11687 = EDGE_LOOP('',(#11688,#11711,#11712,#11713));
#11688 = ORIENTED_EDGE('',*,*,#11689,.F.);
#11689 = EDGE_CURVE('',#11449,#11690,#11692,.T.);
#11690 = VERTEX_POINT('',#11691);
#11691 = CARTESIAN_POINT('',(-94.16397951896,-63.60320323027,79.35));
#11692 = SURFACE_CURVE('',#11693,(#11697,#11704),.PCURVE_S1.);
#11693 = LINE('',#11694,#11695);
#11694 = CARTESIAN_POINT('',(-81.39010481314,-56.22820323027,79.35));
#11695 = VECTOR('',#11696,1.);
#11696 = DIRECTION('',(-0.866025403784,-0.5,0.));
#11697 = PCURVE('',#11492,#11698);
#11698 = DEFINITIONAL_REPRESENTATION('',(#11699),#11703);
#11699 = LINE('',#11700,#11701);
#11700 = CARTESIAN_POINT('',(0.,0.));
#11701 = VECTOR('',#11702,1.);
#11702 = DIRECTION('',(0.,1.));
#11703 = ( GEOMETRIC_REPRESENTATION_CONTEXT(2) 
PARAMETRIC_REPRESENTATION_CONTEXT() REPRESENTATION_CONTEXT('2D SPACE',''
  ) );
#11704 = PCURVE('',#11464,#11705);
#11705 = DEFINITIONAL_REPRESENTATION('',(#11706),#11710);
#11706 = LINE('',#11707,#11708);
#11707 = CARTESIAN_POINT('',(0.,16.));
#11708 = VECTOR('',#11709,1.);
#11709 = DIRECTION('',(1.,0.));
#11710 = ( GEOMETRIC_REPRESENTATION_CONTEXT(2) 
PARAMETRIC_REPRESENTATION_CONTEXT() REPRESENTATION_CONTEXT('2D SPACE',''
  ) );
#11711 = ORIENTED_EDGE('',*,*,#11476,.T.);
#11712 = ORIENTED_EDGE('',*,*,#11634,.T.);
#11713 = ORIENTED_EDGE('',*,*,#11714,.F.);
#11714 = EDGE_CURVE('',#11690,#11612,#11715,.T.);
#11715 = SURFACE_CURVE('',#11716,(#11720,#11727),.PCURVE_S1.);
#11716 = LINE('',#11717,#11718);
#11717 = CARTESIAN_POINT('',(-94.16397951896,-63.60320323027,79.35));
#11718 = VECTOR('',#11719,1.);
#11719 = DIRECTION('',(0.,0.,1.));
#11720 = PCURVE('',#11492,#11721);
#11721 = DEFINITIONAL_REPRESENTATION('',(#11722),#11726);
#11722 = LINE('',#11723,#11724);
#11723 = CARTESIAN_POINT('',(0.,14.75));
#11724 = VECTOR('',#11725,1.);
#11725 = DIRECTION('',(1.,0.));
#11726 = ( GEOMETRIC_REPRESENTATION_CONTEXT(2) 
PARAMETRIC_REPRESENTATION_CONTEXT() REPRESENTATION_CONTEXT('2D SPACE',''
  ) );
#11727 = PCURVE('',#11594,#11728);
#11728 = DEFINITIONAL_REPRESENTATION('',(#11729),#11733);
#11729 = LINE('',#11730,#11731);
#11730 = CARTESIAN_POINT('',(0.,-16.));
#11731 = VECTOR('',#11732,1.);
#11732 = DIRECTION('',(1.,0.));
#11733 = ( GEOMETRIC_REPRESENTATION_CONTEXT(2) 
PARAMETRIC_REPRESENTATION_CONTEXT() REPRESENTATION_CONTEXT('2D SPACE',''
  ) );
#11734 = ADVANCED_FACE('',(#11735,#11761),#11464,.F.);
#11735 = FACE_BOUND('',#11736,.F.);
#11736 = EDGE_LOOP('',(#11737,#11738,#11739,#11760));
#11737 = ORIENTED_EDGE('',*,*,#11448,.F.);
#11738 = ORIENTED_EDGE('',*,*,#11533,.T.);
#11739 = ORIENTED_EDGE('',*,*,#11740,.T.);
#11740 = EDGE_CURVE('',#11534,#11690,#11741,.T.);
#11741 = SURFACE_CURVE('',#11742,(#11746,#11753),.PCURVE_S1.);
#11742 = LINE('',#11743,#11744);
#11743 = CARTESIAN_POINT('',(-102.1639795189,-49.74679676972,79.35));
#11744 = VECTOR('',#11745,1.);
#11745 = DIRECTION('',(0.5,-0.866025403784,0.));
#11746 = PCURVE('',#11464,#11747);
#11747 = DEFINITIONAL_REPRESENTATION('',(#11748),#11752);
#11748 = LINE('',#11749,#11750);
#11749 = CARTESIAN_POINT('',(14.75,-4.440892098501E-15));
#11750 = VECTOR('',#11751,1.);
#11751 = DIRECTION('',(0.,1.));
#11752 = ( GEOMETRIC_REPRESENTATION_CONTEXT(2) 
PARAMETRIC_REPRESENTATION_CONTEXT() REPRESENTATION_CONTEXT('2D SPACE',''
  ) );
#11753 = PCURVE('',#11594,#11754);
#11754 = DEFINITIONAL_REPRESENTATION('',(#11755),#11759);
#11755 = LINE('',#11756,#11757);
#11756 = CARTESIAN_POINT('',(0.,0.));
#11757 = VECTOR('',#11758,1.);
#11758 = DIRECTION('',(0.,-1.));
#11759 = ( GEOMETRIC_REPRESENTATION_CONTEXT(2) 
PARAMETRIC_REPRESENTATION_CONTEXT() REPRESENTATION_CONTEXT('2D SPACE',''
  ) );
#11760 = ORIENTED_EDGE('',*,*,#11689,.F.);
#11761 = FACE_BOUND('',#11762,.F.);
#11762 = EDGE_LOOP('',(#11763));
#11763 = ORIENTED_EDGE('',*,*,#11764,.F.);
#11764 = EDGE_CURVE('',#11765,#11765,#11767,.T.);
#11765 = VERTEX_POINT('',#11766);
#11766 = CARTESIAN_POINT('',(-95.13289060572,-54.925,79.35));
#11767 = SURFACE_CURVE('',#11768,(#11773,#11780),.PCURVE_S1.);
#11768 = CIRCLE('',#11769,2.);
#11769 = AXIS2_PLACEMENT_3D('',#11770,#11771,#11772);
#11770 = CARTESIAN_POINT('',(-93.40083979815,-53.925,79.35));
#11771 = DIRECTION('',(0.,0.,1.));
#11772 = DIRECTION('',(-0.866025403784,-0.5,0.));
#11773 = PCURVE('',#11464,#11774);
#11774 = DEFINITIONAL_REPRESENTATION('',(#11775),#11779);
#11775 = CIRCLE('',#11776,2.);
#11776 = AXIS2_PLACEMENT_2D('',#11777,#11778);
#11777 = CARTESIAN_POINT('',(9.25,8.));
#11778 = DIRECTION('',(1.,0.));
#11779 = ( GEOMETRIC_REPRESENTATION_CONTEXT(2) 
PARAMETRIC_REPRESENTATION_CONTEXT() REPRESENTATION_CONTEXT('2D SPACE',''
  ) );
#11780 = PCURVE('',#11674,#11781);
#11781 = DEFINITIONAL_REPRESENTATION('',(#11782),#11786);
#11782 = LINE('',#11783,#11784);
#11783 = CARTESIAN_POINT('',(0.,1.));
#11784 = VECTOR('',#11785,1.);
#11785 = DIRECTION('',(1.,0.));
#11786 = ( GEOMETRIC_REPRESENTATION_CONTEXT(2) 
PARAMETRIC_REPRESENTATION_CONTEXT() REPRESENTATION_CONTEXT('2D SPACE',''
  ) );
#11787 = ADVANCED_FACE('',(#11788),#11594,.T.);
#11788 = FACE_BOUND('',#11789,.T.);
#11789 = EDGE_LOOP('',(#11790,#11791,#11792,#11793));
#11790 = ORIENTED_EDGE('',*,*,#11580,.F.);
#11791 = ORIENTED_EDGE('',*,*,#11740,.T.);
#11792 = ORIENTED_EDGE('',*,*,#11714,.T.);
#11793 = ORIENTED_EDGE('',*,*,#11611,.F.);
#11794 = ADVANCED_FACE('',(#11795),#11674,.F.);
#11795 = FACE_BOUND('',#11796,.F.);
#11796 = EDGE_LOOP('',(#11797,#11798,#11819,#11820));
#11797 = ORIENTED_EDGE('',*,*,#11657,.F.);
#11798 = ORIENTED_EDGE('',*,*,#11799,.F.);
#11799 = EDGE_CURVE('',#11765,#11658,#11800,.T.);
#11800 = SEAM_CURVE('',#11801,(#11805,#11812),.PCURVE_S1.);
#11801 = LINE('',#11802,#11803);
#11802 = CARTESIAN_POINT('',(-95.13289060572,-54.925,78.35));
#11803 = VECTOR('',#11804,1.);
#11804 = DIRECTION('',(0.,0.,1.));
#11805 = PCURVE('',#11674,#11806);
#11806 = DEFINITIONAL_REPRESENTATION('',(#11807),#11811);
#11807 = LINE('',#11808,#11809);
#11808 = CARTESIAN_POINT('',(6.28318530718,-0.));
#11809 = VECTOR('',#11810,1.);
#11810 = DIRECTION('',(0.,1.));
#11811 = ( GEOMETRIC_REPRESENTATION_CONTEXT(2) 
PARAMETRIC_REPRESENTATION_CONTEXT() REPRESENTATION_CONTEXT('2D SPACE',''
  ) );
#11812 = PCURVE('',#11674,#11813);
#11813 = DEFINITIONAL_REPRESENTATION('',(#11814),#11818);
#11814 = LINE('',#11815,#11816);
#11815 = CARTESIAN_POINT('',(0.,-0.));
#11816 = VECTOR('',#11817,1.);
#11817 = DIRECTION('',(0.,1.));
#11818 = ( GEOMETRIC_REPRESENTATION_CONTEXT(2) 
PARAMETRIC_REPRESENTATION_CONTEXT() REPRESENTATION_CONTEXT('2D SPACE',''
  ) );
#11819 = ORIENTED_EDGE('',*,*,#11764,.T.);
#11820 = ORIENTED_EDGE('',*,*,#11799,.T.);
#11821 = ( GEOMETRIC_REPRESENTATION_CONTEXT(3) 
GLOBAL_UNCERTAINTY_ASSIGNED_CONTEXT((#11825)) 
GLOBAL_UNIT_ASSIGNED_CONTEXT((#11822,#11823,#11824)) 
REPRESENTATION_CONTEXT('Context #1',
  '3D Context with UNIT and UNCERTAINTY') );
#11822 = ( LENGTH_UNIT() NAMED_UNIT(*) SI_UNIT(.MILLI.,.METRE.) );
#11823 = ( NAMED_UNIT(*) PLANE_ANGLE_UNIT() SI_UNIT($,.RADIAN.) );
#11824 = ( NAMED_UNIT(*) SI_UNIT($,.STERADIAN.) SOLID_ANGLE_UNIT() );
#11825 = UNCERTAINTY_MEASURE_WITH_UNIT(LENGTH_MEASURE(1.E-07),#11822,
  'distance_accuracy_value','confusion accuracy');
#11826 = PRODUCT_RELATED_PRODUCT_CATEGORY('part',$,(#11403));
#11827 = SHAPE_DEFINITION_REPRESENTATION(#11828,#11834);
#11828 = PRODUCT_DEFINITION_SHAPE('','',#11829);
#11829 = PRODUCT_DEFINITION('design','',#11830,#11833);
#11830 = PRODUCT_DEFINITION_FORMATION('','',#11831);
#11831 = PRODUCT('Mirror clip 3','Mirror clip 3','',(#11832));
#11832 = PRODUCT_CONTEXT('',#2,'mechanical');
#11833 = PRODUCT_DEFINITION_CONTEXT('part definition',#2,'design');
#11834 = ADVANCED_BREP_SHAPE_REPRESENTATION('',(#11,#11835),#12249);
#11835 = MANIFOLD_SOLID_BREP('',#11836);
#11836 = CLOSED_SHELL('',(#11837,#11957,#12033,#12113,#12162,#12215,
    #12222));
#11837 = ADVANCED_FACE('',(#11838),#11852,.F.);
#11838 = FACE_BOUND('',#11839,.F.);
#11839 = EDGE_LOOP('',(#11840,#11875,#11903,#11931));
#11840 = ORIENTED_EDGE('',*,*,#11841,.F.);
#11841 = EDGE_CURVE('',#11842,#11844,#11846,.T.);
#11842 = VERTEX_POINT('',#11843);
#11843 = CARTESIAN_POINT('',(81.390104813146,-56.22820323027,79.35));
#11844 = VERTEX_POINT('',#11845);
#11845 = CARTESIAN_POINT('',(81.390104813146,-56.22820323027,82.35));
#11846 = SURFACE_CURVE('',#11847,(#11851,#11863),.PCURVE_S1.);
#11847 = LINE('',#11848,#11849);
#11848 = CARTESIAN_POINT('',(81.390104813146,-56.22820323027,79.35));
#11849 = VECTOR('',#11850,1.);
#11850 = DIRECTION('',(0.,0.,1.));
#11851 = PCURVE('',#11852,#11857);
#11852 = PLANE('',#11853);
#11853 = AXIS2_PLACEMENT_3D('',#11854,#11855,#11856);
#11854 = CARTESIAN_POINT('',(81.390104813146,-56.22820323027,79.35));
#11855 = DIRECTION('',(0.866025403784,-0.5,0.));
#11856 = DIRECTION('',(0.,0.,1.));
#11857 = DEFINITIONAL_REPRESENTATION('',(#11858),#11862);
#11858 = LINE('',#11859,#11860);
#11859 = CARTESIAN_POINT('',(0.,0.));
#11860 = VECTOR('',#11861,1.);
#11861 = DIRECTION('',(1.,0.));
#11862 = ( GEOMETRIC_REPRESENTATION_CONTEXT(2) 
PARAMETRIC_REPRESENTATION_CONTEXT() REPRESENTATION_CONTEXT('2D SPACE',''
  ) );
#11863 = PCURVE('',#11864,#11869);
#11864 = PLANE('',#11865);
#11865 = AXIS2_PLACEMENT_3D('',#11866,#11867,#11868);
#11866 = CARTESIAN_POINT('',(81.390104813146,-56.22820323027,79.35));
#11867 = DIRECTION('',(0.5,0.866025403784,0.));
#11868 = DIRECTION('',(0.,0.,1.));
#11869 = DEFINITIONAL_REPRESENTATION('',(#11870),#11874);
#11870 = LINE('',#11871,#11872);
#11871 = CARTESIAN_POINT('',(0.,0.));
#11872 = VECTOR('',#11873,1.);
#11873 = DIRECTION('',(1.,0.));
#11874 = ( GEOMETRIC_REPRESENTATION_CONTEXT(2) 
PARAMETRIC_REPRESENTATION_CONTEXT() REPRESENTATION_CONTEXT('2D SPACE',''
  ) );
#11875 = ORIENTED_EDGE('',*,*,#11876,.T.);
#11876 = EDGE_CURVE('',#11842,#11877,#11879,.T.);
#11877 = VERTEX_POINT('',#11878);
#11878 = CARTESIAN_POINT('',(89.390104813146,-42.37179676972,79.35));
#11879 = SURFACE_CURVE('',#11880,(#11884,#11891),.PCURVE_S1.);
#11880 = LINE('',#11881,#11882);
#11881 = CARTESIAN_POINT('',(81.390104813146,-56.22820323027,79.35));
#11882 = VECTOR('',#11883,1.);
#11883 = DIRECTION('',(0.5,0.866025403784,0.));
#11884 = PCURVE('',#11852,#11885);
#11885 = DEFINITIONAL_REPRESENTATION('',(#11886),#11890);
#11886 = LINE('',#11887,#11888);
#11887 = CARTESIAN_POINT('',(0.,0.));
#11888 = VECTOR('',#11889,1.);
#11889 = DIRECTION('',(0.,-1.));
#11890 = ( GEOMETRIC_REPRESENTATION_CONTEXT(2) 
PARAMETRIC_REPRESENTATION_CONTEXT() REPRESENTATION_CONTEXT('2D SPACE',''
  ) );
#11891 = PCURVE('',#11892,#11897);
#11892 = PLANE('',#11893);
#11893 = AXIS2_PLACEMENT_3D('',#11894,#11895,#11896);
#11894 = CARTESIAN_POINT('',(81.390104813146,-56.22820323027,79.35));
#11895 = DIRECTION('',(0.,0.,1.));
#11896 = DIRECTION('',(0.866025403784,-0.5,0.));
#11897 = DEFINITIONAL_REPRESENTATION('',(#11898),#11902);
#11898 = LINE('',#11899,#11900);
#11899 = CARTESIAN_POINT('',(0.,0.));
#11900 = VECTOR('',#11901,1.);
#11901 = DIRECTION('',(0.,1.));
#11902 = ( GEOMETRIC_REPRESENTATION_CONTEXT(2) 
PARAMETRIC_REPRESENTATION_CONTEXT() REPRESENTATION_CONTEXT('2D SPACE',''
  ) );
#11903 = ORIENTED_EDGE('',*,*,#11904,.T.);
#11904 = EDGE_CURVE('',#11877,#11905,#11907,.T.);
#11905 = VERTEX_POINT('',#11906);
#11906 = CARTESIAN_POINT('',(89.390104813146,-42.37179676972,82.35));
#11907 = SURFACE_CURVE('',#11908,(#11912,#11919),.PCURVE_S1.);
#11908 = LINE('',#11909,#11910);
#11909 = CARTESIAN_POINT('',(89.390104813146,-42.37179676972,79.35));
#11910 = VECTOR('',#11911,1.);
#11911 = DIRECTION('',(0.,0.,1.));
#11912 = PCURVE('',#11852,#11913);
#11913 = DEFINITIONAL_REPRESENTATION('',(#11914),#11918);
#11914 = LINE('',#11915,#11916);
#11915 = CARTESIAN_POINT('',(0.,-16.));
#11916 = VECTOR('',#11917,1.);
#11917 = DIRECTION('',(1.,0.));
#11918 = ( GEOMETRIC_REPRESENTATION_CONTEXT(2) 
PARAMETRIC_REPRESENTATION_CONTEXT() REPRESENTATION_CONTEXT('2D SPACE',''
  ) );
#11919 = PCURVE('',#11920,#11925);
#11920 = PLANE('',#11921);
#11921 = AXIS2_PLACEMENT_3D('',#11922,#11923,#11924);
#11922 = CARTESIAN_POINT('',(89.390104813146,-42.37179676972,79.35));
#11923 = DIRECTION('',(0.5,0.866025403784,0.));
#11924 = DIRECTION('',(0.,0.,1.));
#11925 = DEFINITIONAL_REPRESENTATION('',(#11926),#11930);
#11926 = LINE('',#11927,#11928);
#11927 = CARTESIAN_POINT('',(0.,0.));
#11928 = VECTOR('',#11929,1.);
#11929 = DIRECTION('',(1.,0.));
#11930 = ( GEOMETRIC_REPRESENTATION_CONTEXT(2) 
PARAMETRIC_REPRESENTATION_CONTEXT() REPRESENTATION_CONTEXT('2D SPACE',''
  ) );
#11931 = ORIENTED_EDGE('',*,*,#11932,.F.);
#11932 = EDGE_CURVE('',#11844,#11905,#11933,.T.);
#11933 = SURFACE_CURVE('',#11934,(#11938,#11945),.PCURVE_S1.);
#11934 = LINE('',#11935,#11936);
#11935 = CARTESIAN_POINT('',(81.390104813146,-56.22820323027,82.35));
#11936 = VECTOR('',#11937,1.);
#11937 = DIRECTION('',(0.5,0.866025403784,0.));
#11938 = PCURVE('',#11852,#11939);
#11939 = DEFINITIONAL_REPRESENTATION('',(#11940),#11944);
#11940 = LINE('',#11941,#11942);
#11941 = CARTESIAN_POINT('',(3.,0.));
#11942 = VECTOR('',#11943,1.);
#11943 = DIRECTION('',(0.,-1.));
#11944 = ( GEOMETRIC_REPRESENTATION_CONTEXT(2) 
PARAMETRIC_REPRESENTATION_CONTEXT() REPRESENTATION_CONTEXT('2D SPACE',''
  ) );
#11945 = PCURVE('',#11946,#11951);
#11946 = PLANE('',#11947);
#11947 = AXIS2_PLACEMENT_3D('',#11948,#11949,#11950);
#11948 = CARTESIAN_POINT('',(81.390104813146,-56.22820323027,82.35));
#11949 = DIRECTION('',(0.,0.,1.));
#11950 = DIRECTION('',(0.866025403784,-0.5,0.));
#11951 = DEFINITIONAL_REPRESENTATION('',(#11952),#11956);
#11952 = LINE('',#11953,#11954);
#11953 = CARTESIAN_POINT('',(0.,0.));
#11954 = VECTOR('',#11955,1.);
#11955 = DIRECTION('',(0.,1.));
#11956 = ( GEOMETRIC_REPRESENTATION_CONTEXT(2) 
PARAMETRIC_REPRESENTATION_CONTEXT() REPRESENTATION_CONTEXT('2D SPACE',''
  ) );
#11957 = ADVANCED_FACE('',(#11958),#11864,.F.);
#11958 = FACE_BOUND('',#11959,.F.);
#11959 = EDGE_LOOP('',(#11960,#11983,#11984,#12007));
#11960 = ORIENTED_EDGE('',*,*,#11961,.F.);
#11961 = EDGE_CURVE('',#11842,#11962,#11964,.T.);
#11962 = VERTEX_POINT('',#11963);
#11963 = CARTESIAN_POINT('',(94.163979518966,-63.60320323027,79.35));
#11964 = SURFACE_CURVE('',#11965,(#11969,#11976),.PCURVE_S1.);
#11965 = LINE('',#11966,#11967);
#11966 = CARTESIAN_POINT('',(81.390104813146,-56.22820323027,79.35));
#11967 = VECTOR('',#11968,1.);
#11968 = DIRECTION('',(0.866025403784,-0.5,0.));
#11969 = PCURVE('',#11864,#11970);
#11970 = DEFINITIONAL_REPRESENTATION('',(#11971),#11975);
#11971 = LINE('',#11972,#11973);
#11972 = CARTESIAN_POINT('',(0.,0.));
#11973 = VECTOR('',#11974,1.);
#11974 = DIRECTION('',(0.,1.));
#11975 = ( GEOMETRIC_REPRESENTATION_CONTEXT(2) 
PARAMETRIC_REPRESENTATION_CONTEXT() REPRESENTATION_CONTEXT('2D SPACE',''
  ) );
#11976 = PCURVE('',#11892,#11977);
#11977 = DEFINITIONAL_REPRESENTATION('',(#11978),#11982);
#11978 = LINE('',#11979,#11980);
#11979 = CARTESIAN_POINT('',(0.,0.));
#11980 = VECTOR('',#11981,1.);
#11981 = DIRECTION('',(1.,0.));
#11982 = ( GEOMETRIC_REPRESENTATION_CONTEXT(2) 
PARAMETRIC_REPRESENTATION_CONTEXT() REPRESENTATION_CONTEXT('2D SPACE',''
  ) );
#11983 = ORIENTED_EDGE('',*,*,#11841,.T.);
#11984 = ORIENTED_EDGE('',*,*,#11985,.T.);
#11985 = EDGE_CURVE('',#11844,#11986,#11988,.T.);
#11986 = VERTEX_POINT('',#11987);
#11987 = CARTESIAN_POINT('',(94.163979518966,-63.60320323027,82.35));
#11988 = SURFACE_CURVE('',#11989,(#11993,#12000),.PCURVE_S1.);
#11989 = LINE('',#11990,#11991);
#11990 = CARTESIAN_POINT('',(81.390104813146,-56.22820323027,82.35));
#11991 = VECTOR('',#11992,1.);
#11992 = DIRECTION('',(0.866025403784,-0.5,0.));
#11993 = PCURVE('',#11864,#11994);
#11994 = DEFINITIONAL_REPRESENTATION('',(#11995),#11999);
#11995 = LINE('',#11996,#11997);
#11996 = CARTESIAN_POINT('',(3.,0.));
#11997 = VECTOR('',#11998,1.);
#11998 = DIRECTION('',(0.,1.));
#11999 = ( GEOMETRIC_REPRESENTATION_CONTEXT(2) 
PARAMETRIC_REPRESENTATION_CONTEXT() REPRESENTATION_CONTEXT('2D SPACE',''
  ) );
#12000 = PCURVE('',#11946,#12001);
#12001 = DEFINITIONAL_REPRESENTATION('',(#12002),#12006);
#12002 = LINE('',#12003,#12004);
#12003 = CARTESIAN_POINT('',(0.,0.));
#12004 = VECTOR('',#12005,1.);
#12005 = DIRECTION('',(1.,0.));
#12006 = ( GEOMETRIC_REPRESENTATION_CONTEXT(2) 
PARAMETRIC_REPRESENTATION_CONTEXT() REPRESENTATION_CONTEXT('2D SPACE',''
  ) );
#12007 = ORIENTED_EDGE('',*,*,#12008,.F.);
#12008 = EDGE_CURVE('',#11962,#11986,#12009,.T.);
#12009 = SURFACE_CURVE('',#12010,(#12014,#12021),.PCURVE_S1.);
#12010 = LINE('',#12011,#12012);
#12011 = CARTESIAN_POINT('',(94.163979518966,-63.60320323027,79.35));
#12012 = VECTOR('',#12013,1.);
#12013 = DIRECTION('',(0.,0.,1.));
#12014 = PCURVE('',#11864,#12015);
#12015 = DEFINITIONAL_REPRESENTATION('',(#12016),#12020);
#12016 = LINE('',#12017,#12018);
#12017 = CARTESIAN_POINT('',(0.,14.75));
#12018 = VECTOR('',#12019,1.);
#12019 = DIRECTION('',(1.,0.));
#12020 = ( GEOMETRIC_REPRESENTATION_CONTEXT(2) 
PARAMETRIC_REPRESENTATION_CONTEXT() REPRESENTATION_CONTEXT('2D SPACE',''
  ) );
#12021 = PCURVE('',#12022,#12027);
#12022 = PLANE('',#12023);
#12023 = AXIS2_PLACEMENT_3D('',#12024,#12025,#12026);
#12024 = CARTESIAN_POINT('',(94.163979518966,-63.60320323027,79.35));
#12025 = DIRECTION('',(0.866025403784,-0.5,0.));
#12026 = DIRECTION('',(0.,0.,1.));
#12027 = DEFINITIONAL_REPRESENTATION('',(#12028),#12032);
#12028 = LINE('',#12029,#12030);
#12029 = CARTESIAN_POINT('',(0.,0.));
#12030 = VECTOR('',#12031,1.);
#12031 = DIRECTION('',(1.,0.));
#12032 = ( GEOMETRIC_REPRESENTATION_CONTEXT(2) 
PARAMETRIC_REPRESENTATION_CONTEXT() REPRESENTATION_CONTEXT('2D SPACE',''
  ) );
#12033 = ADVANCED_FACE('',(#12034,#12082),#11946,.T.);
#12034 = FACE_BOUND('',#12035,.T.);
#12035 = EDGE_LOOP('',(#12036,#12037,#12038,#12061));
#12036 = ORIENTED_EDGE('',*,*,#11932,.F.);
#12037 = ORIENTED_EDGE('',*,*,#11985,.T.);
#12038 = ORIENTED_EDGE('',*,*,#12039,.T.);
#12039 = EDGE_CURVE('',#11986,#12040,#12042,.T.);
#12040 = VERTEX_POINT('',#12041);
#12041 = CARTESIAN_POINT('',(102.16397951896,-49.74679676972,82.35));
#12042 = SURFACE_CURVE('',#12043,(#12047,#12054),.PCURVE_S1.);
#12043 = LINE('',#12044,#12045);
#12044 = CARTESIAN_POINT('',(94.163979518966,-63.60320323027,82.35));
#12045 = VECTOR('',#12046,1.);
#12046 = DIRECTION('',(0.5,0.866025403784,0.));
#12047 = PCURVE('',#11946,#12048);
#12048 = DEFINITIONAL_REPRESENTATION('',(#12049),#12053);
#12049 = LINE('',#12050,#12051);
#12050 = CARTESIAN_POINT('',(14.75,3.552713678801E-15));
#12051 = VECTOR('',#12052,1.);
#12052 = DIRECTION('',(0.,1.));
#12053 = ( GEOMETRIC_REPRESENTATION_CONTEXT(2) 
PARAMETRIC_REPRESENTATION_CONTEXT() REPRESENTATION_CONTEXT('2D SPACE',''
  ) );
#12054 = PCURVE('',#12022,#12055);
#12055 = DEFINITIONAL_REPRESENTATION('',(#12056),#12060);
#12056 = LINE('',#12057,#12058);
#12057 = CARTESIAN_POINT('',(3.,0.));
#12058 = VECTOR('',#12059,1.);
#12059 = DIRECTION('',(0.,-1.));
#12060 = ( GEOMETRIC_REPRESENTATION_CONTEXT(2) 
PARAMETRIC_REPRESENTATION_CONTEXT() REPRESENTATION_CONTEXT('2D SPACE',''
  ) );
#12061 = ORIENTED_EDGE('',*,*,#12062,.F.);
#12062 = EDGE_CURVE('',#11905,#12040,#12063,.T.);
#12063 = SURFACE_CURVE('',#12064,(#12068,#12075),.PCURVE_S1.);
#12064 = LINE('',#12065,#12066);
#12065 = CARTESIAN_POINT('',(89.390104813146,-42.37179676972,82.35));
#12066 = VECTOR('',#12067,1.);
#12067 = DIRECTION('',(0.866025403784,-0.5,0.));
#12068 = PCURVE('',#11946,#12069);
#12069 = DEFINITIONAL_REPRESENTATION('',(#12070),#12074);
#12070 = LINE('',#12071,#12072);
#12071 = CARTESIAN_POINT('',(-6.217248937901E-15,16.));
#12072 = VECTOR('',#12073,1.);
#12073 = DIRECTION('',(1.,0.));
#12074 = ( GEOMETRIC_REPRESENTATION_CONTEXT(2) 
PARAMETRIC_REPRESENTATION_CONTEXT() REPRESENTATION_CONTEXT('2D SPACE',''
  ) );
#12075 = PCURVE('',#11920,#12076);
#12076 = DEFINITIONAL_REPRESENTATION('',(#12077),#12081);
#12077 = LINE('',#12078,#12079);
#12078 = CARTESIAN_POINT('',(3.,0.));
#12079 = VECTOR('',#12080,1.);
#12080 = DIRECTION('',(0.,1.));
#12081 = ( GEOMETRIC_REPRESENTATION_CONTEXT(2) 
PARAMETRIC_REPRESENTATION_CONTEXT() REPRESENTATION_CONTEXT('2D SPACE',''
  ) );
#12082 = FACE_BOUND('',#12083,.T.);
#12083 = EDGE_LOOP('',(#12084));
#12084 = ORIENTED_EDGE('',*,*,#12085,.F.);
#12085 = EDGE_CURVE('',#12086,#12086,#12088,.T.);
#12086 = VERTEX_POINT('',#12087);
#12087 = CARTESIAN_POINT('',(95.132890605721,-54.925,82.35));
#12088 = SURFACE_CURVE('',#12089,(#12094,#12101),.PCURVE_S1.);
#12089 = CIRCLE('',#12090,2.);
#12090 = AXIS2_PLACEMENT_3D('',#12091,#12092,#12093);
#12091 = CARTESIAN_POINT('',(93.400839798152,-53.925,82.35));
#12092 = DIRECTION('',(-0.,0.,1.));
#12093 = DIRECTION('',(0.866025403784,-0.5,0.));
#12094 = PCURVE('',#11946,#12095);
#12095 = DEFINITIONAL_REPRESENTATION('',(#12096),#12100);
#12096 = CIRCLE('',#12097,2.);
#12097 = AXIS2_PLACEMENT_2D('',#12098,#12099);
#12098 = CARTESIAN_POINT('',(9.25,8.));
#12099 = DIRECTION('',(1.,0.));
#12100 = ( GEOMETRIC_REPRESENTATION_CONTEXT(2) 
PARAMETRIC_REPRESENTATION_CONTEXT() REPRESENTATION_CONTEXT('2D SPACE',''
  ) );
#12101 = PCURVE('',#12102,#12107);
#12102 = CYLINDRICAL_SURFACE('',#12103,2.);
#12103 = AXIS2_PLACEMENT_3D('',#12104,#12105,#12106);
#12104 = CARTESIAN_POINT('',(93.400839798152,-53.925,78.35));
#12105 = DIRECTION('',(0.,0.,1.));
#12106 = DIRECTION('',(0.866025403784,-0.5,0.));
#12107 = DEFINITIONAL_REPRESENTATION('',(#12108),#12112);
#12108 = LINE('',#12109,#12110);
#12109 = CARTESIAN_POINT('',(0.,4.));
#12110 = VECTOR('',#12111,1.);
#12111 = DIRECTION('',(1.,0.));
#12112 = ( GEOMETRIC_REPRESENTATION_CONTEXT(2) 
PARAMETRIC_REPRESENTATION_CONTEXT() REPRESENTATION_CONTEXT('2D SPACE',''
  ) );
#12113 = ADVANCED_FACE('',(#12114),#11920,.T.);
#12114 = FACE_BOUND('',#12115,.T.);
#12115 = EDGE_LOOP('',(#12116,#12139,#12140,#12141));
#12116 = ORIENTED_EDGE('',*,*,#12117,.F.);
#12117 = EDGE_CURVE('',#11877,#12118,#12120,.T.);
#12118 = VERTEX_POINT('',#12119);
#12119 = CARTESIAN_POINT('',(102.16397951896,-49.74679676972,79.35));
#12120 = SURFACE_CURVE('',#12121,(#12125,#12132),.PCURVE_S1.);
#12121 = LINE('',#12122,#12123);
#12122 = CARTESIAN_POINT('',(89.390104813146,-42.37179676972,79.35));
#12123 = VECTOR('',#12124,1.);
#12124 = DIRECTION('',(0.866025403784,-0.5,0.));
#12125 = PCURVE('',#11920,#12126);
#12126 = DEFINITIONAL_REPRESENTATION('',(#12127),#12131);
#12127 = LINE('',#12128,#12129);
#12128 = CARTESIAN_POINT('',(0.,0.));
#12129 = VECTOR('',#12130,1.);
#12130 = DIRECTION('',(0.,1.));
#12131 = ( GEOMETRIC_REPRESENTATION_CONTEXT(2) 
PARAMETRIC_REPRESENTATION_CONTEXT() REPRESENTATION_CONTEXT('2D SPACE',''
  ) );
#12132 = PCURVE('',#11892,#12133);
#12133 = DEFINITIONAL_REPRESENTATION('',(#12134),#12138);
#12134 = LINE('',#12135,#12136);
#12135 = CARTESIAN_POINT('',(-6.217248937901E-15,16.));
#12136 = VECTOR('',#12137,1.);
#12137 = DIRECTION('',(1.,0.));
#12138 = ( GEOMETRIC_REPRESENTATION_CONTEXT(2) 
PARAMETRIC_REPRESENTATION_CONTEXT() REPRESENTATION_CONTEXT('2D SPACE',''
  ) );
#12139 = ORIENTED_EDGE('',*,*,#11904,.T.);
#12140 = ORIENTED_EDGE('',*,*,#12062,.T.);
#12141 = ORIENTED_EDGE('',*,*,#12142,.F.);
#12142 = EDGE_CURVE('',#12118,#12040,#12143,.T.);
#12143 = SURFACE_CURVE('',#12144,(#12148,#12155),.PCURVE_S1.);
#12144 = LINE('',#12145,#12146);
#12145 = CARTESIAN_POINT('',(102.16397951896,-49.74679676972,79.35));
#12146 = VECTOR('',#12147,1.);
#12147 = DIRECTION('',(0.,0.,1.));
#12148 = PCURVE('',#11920,#12149);
#12149 = DEFINITIONAL_REPRESENTATION('',(#12150),#12154);
#12150 = LINE('',#12151,#12152);
#12151 = CARTESIAN_POINT('',(0.,14.75));
#12152 = VECTOR('',#12153,1.);
#12153 = DIRECTION('',(1.,0.));
#12154 = ( GEOMETRIC_REPRESENTATION_CONTEXT(2) 
PARAMETRIC_REPRESENTATION_CONTEXT() REPRESENTATION_CONTEXT('2D SPACE',''
  ) );
#12155 = PCURVE('',#12022,#12156);
#12156 = DEFINITIONAL_REPRESENTATION('',(#12157),#12161);
#12157 = LINE('',#12158,#12159);
#12158 = CARTESIAN_POINT('',(0.,-16.));
#12159 = VECTOR('',#12160,1.);
#12160 = DIRECTION('',(1.,0.));
#12161 = ( GEOMETRIC_REPRESENTATION_CONTEXT(2) 
PARAMETRIC_REPRESENTATION_CONTEXT() REPRESENTATION_CONTEXT('2D SPACE',''
  ) );
#12162 = ADVANCED_FACE('',(#12163,#12189),#11892,.F.);
#12163 = FACE_BOUND('',#12164,.F.);
#12164 = EDGE_LOOP('',(#12165,#12166,#12167,#12188));
#12165 = ORIENTED_EDGE('',*,*,#11876,.F.);
#12166 = ORIENTED_EDGE('',*,*,#11961,.T.);
#12167 = ORIENTED_EDGE('',*,*,#12168,.T.);
#12168 = EDGE_CURVE('',#11962,#12118,#12169,.T.);
#12169 = SURFACE_CURVE('',#12170,(#12174,#12181),.PCURVE_S1.);
#12170 = LINE('',#12171,#12172);
#12171 = CARTESIAN_POINT('',(94.163979518966,-63.60320323027,79.35));
#12172 = VECTOR('',#12173,1.);
#12173 = DIRECTION('',(0.5,0.866025403784,0.));
#12174 = PCURVE('',#11892,#12175);
#12175 = DEFINITIONAL_REPRESENTATION('',(#12176),#12180);
#12176 = LINE('',#12177,#12178);
#12177 = CARTESIAN_POINT('',(14.75,3.552713678801E-15));
#12178 = VECTOR('',#12179,1.);
#12179 = DIRECTION('',(0.,1.));
#12180 = ( GEOMETRIC_REPRESENTATION_CONTEXT(2) 
PARAMETRIC_REPRESENTATION_CONTEXT() REPRESENTATION_CONTEXT('2D SPACE',''
  ) );
#12181 = PCURVE('',#12022,#12182);
#12182 = DEFINITIONAL_REPRESENTATION('',(#12183),#12187);
#12183 = LINE('',#12184,#12185);
#12184 = CARTESIAN_POINT('',(0.,0.));
#12185 = VECTOR('',#12186,1.);
#12186 = DIRECTION('',(0.,-1.));
#12187 = ( GEOMETRIC_REPRESENTATION_CONTEXT(2) 
PARAMETRIC_REPRESENTATION_CONTEXT() REPRESENTATION_CONTEXT('2D SPACE',''
  ) );
#12188 = ORIENTED_EDGE('',*,*,#12117,.F.);
#12189 = FACE_BOUND('',#12190,.F.);
#12190 = EDGE_LOOP('',(#12191));
#12191 = ORIENTED_EDGE('',*,*,#12192,.F.);
#12192 = EDGE_CURVE('',#12193,#12193,#12195,.T.);
#12193 = VERTEX_POINT('',#12194);
#12194 = CARTESIAN_POINT('',(95.132890605721,-54.925,79.35));
#12195 = SURFACE_CURVE('',#12196,(#12201,#12208),.PCURVE_S1.);
#12196 = CIRCLE('',#12197,2.);
#12197 = AXIS2_PLACEMENT_3D('',#12198,#12199,#12200);
#12198 = CARTESIAN_POINT('',(93.400839798152,-53.925,79.35));
#12199 = DIRECTION('',(-0.,0.,1.));
#12200 = DIRECTION('',(0.866025403784,-0.5,0.));
#12201 = PCURVE('',#11892,#12202);
#12202 = DEFINITIONAL_REPRESENTATION('',(#12203),#12207);
#12203 = CIRCLE('',#12204,2.);
#12204 = AXIS2_PLACEMENT_2D('',#12205,#12206);
#12205 = CARTESIAN_POINT('',(9.25,8.));
#12206 = DIRECTION('',(1.,0.));
#12207 = ( GEOMETRIC_REPRESENTATION_CONTEXT(2) 
PARAMETRIC_REPRESENTATION_CONTEXT() REPRESENTATION_CONTEXT('2D SPACE',''
  ) );
#12208 = PCURVE('',#12102,#12209);
#12209 = DEFINITIONAL_REPRESENTATION('',(#12210),#12214);
#12210 = LINE('',#12211,#12212);
#12211 = CARTESIAN_POINT('',(0.,1.));
#12212 = VECTOR('',#12213,1.);
#12213 = DIRECTION('',(1.,0.));
#12214 = ( GEOMETRIC_REPRESENTATION_CONTEXT(2) 
PARAMETRIC_REPRESENTATION_CONTEXT() REPRESENTATION_CONTEXT('2D SPACE',''
  ) );
#12215 = ADVANCED_FACE('',(#12216),#12022,.T.);
#12216 = FACE_BOUND('',#12217,.T.);
#12217 = EDGE_LOOP('',(#12218,#12219,#12220,#12221));
#12218 = ORIENTED_EDGE('',*,*,#12008,.F.);
#12219 = ORIENTED_EDGE('',*,*,#12168,.T.);
#12220 = ORIENTED_EDGE('',*,*,#12142,.T.);
#12221 = ORIENTED_EDGE('',*,*,#12039,.F.);
#12222 = ADVANCED_FACE('',(#12223),#12102,.F.);
#12223 = FACE_BOUND('',#12224,.F.);
#12224 = EDGE_LOOP('',(#12225,#12226,#12247,#12248));
#12225 = ORIENTED_EDGE('',*,*,#12085,.F.);
#12226 = ORIENTED_EDGE('',*,*,#12227,.F.);
#12227 = EDGE_CURVE('',#12193,#12086,#12228,.T.);
#12228 = SEAM_CURVE('',#12229,(#12233,#12240),.PCURVE_S1.);
#12229 = LINE('',#12230,#12231);
#12230 = CARTESIAN_POINT('',(95.132890605721,-54.925,78.35));
#12231 = VECTOR('',#12232,1.);
#12232 = DIRECTION('',(0.,0.,1.));
#12233 = PCURVE('',#12102,#12234);
#12234 = DEFINITIONAL_REPRESENTATION('',(#12235),#12239);
#12235 = LINE('',#12236,#12237);
#12236 = CARTESIAN_POINT('',(6.28318530718,-0.));
#12237 = VECTOR('',#12238,1.);
#12238 = DIRECTION('',(0.,1.));
#12239 = ( GEOMETRIC_REPRESENTATION_CONTEXT(2) 
PARAMETRIC_REPRESENTATION_CONTEXT() REPRESENTATION_CONTEXT('2D SPACE',''
  ) );
#12240 = PCURVE('',#12102,#12241);
#12241 = DEFINITIONAL_REPRESENTATION('',(#12242),#12246);
#12242 = LINE('',#12243,#12244);
#12243 = CARTESIAN_POINT('',(0.,-0.));
#12244 = VECTOR('',#12245,1.);
#12245 = DIRECTION('',(0.,1.));
#12246 = ( GEOMETRIC_REPRESENTATION_CONTEXT(2) 
PARAMETRIC_REPRESENTATION_CONTEXT() REPRESENTATION_CONTEXT('2D SPACE',''
  ) );
#12247 = ORIENTED_EDGE('',*,*,#12192,.T.);
#12248 = ORIENTED_EDGE('',*,*,#12227,.T.);
#12249 = ( GEOMETRIC_REPRESENTATION_CONTEXT(3) 
GLOBAL_UNCERTAINTY_ASSIGNED_CONTEXT((#12253)) 
GLOBAL_UNIT_ASSIGNED_CONTEXT((#12250,#12251,#12252)) 
REPRESENTATION_CONTEXT('Context #1',
  '3D Context with UNIT and UNCERTAINTY') );
#12250 = ( LENGTH_UNIT() NAMED_UNIT(*) SI_UNIT(.MILLI.,.METRE.) );
#12251 = ( NAMED_UNIT(*) PLANE_ANGLE_UNIT() SI_UNIT($,.RADIAN.) );
#12252 = ( NAMED_UNIT(*) SI_UNIT($,.STERADIAN.) SOLID_ANGLE_UNIT() );
#12253 = UNCERTAINTY_MEASURE_WITH_UNIT(LENGTH_MEASURE(1.E-07),#12250,
  'distance_accuracy_value','confusion accuracy');
#12254 = PRODUCT_RELATED_PRODUCT_CATEGORY('part',$,(#11831));
#12255 = MECHANICAL_DESIGN_GEOMETRIC_PRESENTATION_REPRESENTATION('',(
    #12256),#10965);
#12256 = STYLED_ITEM('color',(#12257),#5316);
#12257 = PRESENTATION_STYLE_ASSIGNMENT((#12258));
#12258 = SURFACE_STYLE_USAGE(.BOTH.,#12259);
#12259 = SURFACE_SIDE_STYLE('',(#12260));
#12260 = SURFACE_STYLE_FILL_AREA(#12261);
#12261 = FILL_AREA_STYLE('',(#12262));
#12262 = FILL_AREA_STYLE_COLOUR('',#12263);
#12263 = COLOUR_RGB('',0.900415782862,0.736646961459,0.514231663239);
#12264 = MECHANICAL_DESIGN_GEOMETRIC_PRESENTATION_REPRESENTATION('',(
    #12265),#12249);
#12265 = STYLED_ITEM('color',(#12266),#11835);
#12266 = PRESENTATION_STYLE_ASSIGNMENT((#12267));
#12267 = SURFACE_STYLE_USAGE(.BOTH.,#12268);
#12268 = SURFACE_SIDE_STYLE('',(#12269));
#12269 = SURFACE_STYLE_FILL_AREA(#12270);
#12270 = FILL_AREA_STYLE('',(#12271));
#12271 = FILL_AREA_STYLE_COLOUR('',#12272);
#12272 = COLOUR_RGB('',0.628589055997,0.809240293634,0.691011107622);
#12273 = MECHANICAL_DESIGN_GEOMETRIC_PRESENTATION_REPRESENTATION('',(
    #12274),#11821);
#12274 = STYLED_ITEM('color',(#12275),#11407);
#12275 = PRESENTATION_STYLE_ASSIGNMENT((#12276));
#12276 = SURFACE_STYLE_USAGE(.BOTH.,#12277);
#12277 = SURFACE_SIDE_STYLE('',(#12278));
#12278 = SURFACE_STYLE_FILL_AREA(#12279);
#12279 = FILL_AREA_STYLE('',(#12280));
#12280 = FILL_AREA_STYLE_COLOUR('',#12272);
#12281 = MECHANICAL_DESIGN_GEOMETRIC_PRESENTATION_REPRESENTATION('',(
    #12282),#11393);
#12282 = STYLED_ITEM('color',(#12283),#10979);
#12283 = PRESENTATION_STYLE_ASSIGNMENT((#12284));
#12284 = SURFACE_STYLE_USAGE(.BOTH.,#12285);
#12285 = SURFACE_SIDE_STYLE('',(#12286));
#12286 = SURFACE_STYLE_FILL_AREA(#12287);
#12287 = FILL_AREA_STYLE('',(#12288));
#12288 = FILL_AREA_STYLE_COLOUR('',#12272);
#12289 = MECHANICAL_DESIGN_GEOMETRIC_PRESENTATION_REPRESENTATION('',(
    #12290),#5302);
#12290 = STYLED_ITEM('color',(#12291),#15);
#12291 = PRESENTATION_STYLE_ASSIGNMENT((#12292));
#12292 = SURFACE_STYLE_USAGE(.BOTH.,#12293);
#12293 = SURFACE_SIDE_STYLE('',(#12294));
#12294 = SURFACE_STYLE_FILL_AREA(#12295);
#12295 = FILL_AREA_STYLE('',(#12296));
#12296 = FILL_AREA_STYLE_COLOUR('',#12297);
#12297 = COLOUR_RGB('',0.592448674037,0.726243505819,0.840359767846);
ENDSEC;
END-ISO-10303-21;
