ISO-10303-21;
HEADER;
FILE_DESCRIPTION(('Open CASCADE Model'),'2;1');
FILE_NAME('Open CASCADE Shape Model','2026-09-26T12:08:07',('Author'),(
    'Open CASCADE'),'Open CASCADE STEP processor 8.0','Open CASCADE 8.0'
  ,'Unknown');
FILE_SCHEMA((
'AP242_MANAGED_MODEL_BASED_3D_ENGINEERING_MIM_LF {1 0 10303 442 1 1 4 }'
    ));
ENDSEC;
DATA;
#1 = APPLICATION_PROTOCOL_DEFINITION('international standard',
  'ap242_managed_model_based_3d_engineering',2013,#2);
#2 = APPLICATION_CONTEXT('Managed model based 3d engineering');
#3 = SHAPE_DEFINITION_REPRESENTATION(#4,#10);
#4 = PRODUCT_DEFINITION_SHAPE('','',#5);
#5 = PRODUCT_DEFINITION('design','',#6,#9);
#6 = PRODUCT_DEFINITION_FORMATION('','',#7);
#7 = PRODUCT('Rear tube plate','Rear tube plate','',(#8));
#8 = PRODUCT_CONTEXT('',#2,'mechanical');
#9 = PRODUCT_DEFINITION_CONTEXT('part definition',#2,'design');
#10 = ADVANCED_BREP_SHAPE_REPRESENTATION('',(#11,#15),#5340);
#11 = AXIS2_PLACEMENT_3D('',#12,#13,#14);
#12 = CARTESIAN_POINT('',(0.,0.,0.));
#13 = DIRECTION('',(0.,0.,1.));
#14 = DIRECTION('',(1.,0.,-0.));
#15 = MANIFOLD_SOLID_BREP('',#16);
#16 = CLOSED_SHELL('',(#17,#106,#161,#196,#251,#1107,#1157,#1207,#1262,
    #1297,#1352,#1403,#1453,#1503,#1553,#1603,#1653,#1703,#1758,#1793,
    #1848,#1899,#2276,#2352,#2568,#2684,#2711,#2740,#2747,#2794,#2846,
    #2898,#2952,#3002,#3052,#3102,#3152,#3206,#3340,#3412,#3621,#3696,
    #3750,#3803,#4040,#4092,#4226,#4298,#4507,#4582,#4636,#4689,#4932,
    #4984,#5017,#5050,#5102,#5154,#5208,#5258,#5286));
#17 = ADVANCED_FACE('',(#18),#31,.F.);
#18 = FACE_BOUND('',#19,.F.);
#19 = EDGE_LOOP('',(#20,#54,#78,#105));
#20 = ORIENTED_EDGE('',*,*,#21,.T.);
#21 = EDGE_CURVE('',#22,#22,#24,.T.);
#22 = VERTEX_POINT('',#23);
#23 = CARTESIAN_POINT('',(72.557146717404,16.838836453625,8.));
#24 = SURFACE_CURVE('',#25,(#30,#42),.PCURVE_S1.);
#25 = CIRCLE('',#26,8.7);
#26 = AXIS2_PLACEMENT_3D('',#27,#28,#29);
#27 = CARTESIAN_POINT('',(63.857146717404,16.838836453625,8.));
#28 = DIRECTION('',(0.,-1.224646799147E-16,-1.));
#29 = DIRECTION('',(1.,0.,0.));
#30 = PCURVE('',#31,#36);
#31 = TOROIDAL_SURFACE('',#32,8.7,1.5);
#32 = AXIS2_PLACEMENT_3D('',#33,#34,#35);
#33 = CARTESIAN_POINT('',(63.857146717404,16.838836453625,9.5));
#34 = DIRECTION('',(0.,-1.224646799147E-16,-1.));
#35 = DIRECTION('',(1.,0.,0.));
#36 = DEFINITIONAL_REPRESENTATION('',(#37),#41);
#37 = LINE('',#38,#39);
#38 = CARTESIAN_POINT('',(0.,1.570796326795));
#39 = VECTOR('',#40,1.);
#40 = DIRECTION('',(1.,0.));
#41 = ( GEOMETRIC_REPRESENTATION_CONTEXT(2) 
PARAMETRIC_REPRESENTATION_CONTEXT() REPRESENTATION_CONTEXT('2D SPACE',''
  ) );
#42 = PCURVE('',#43,#48);
#43 = PLANE('',#44);
#44 = AXIS2_PLACEMENT_3D('',#45,#46,#47);
#45 = CARTESIAN_POINT('',(0.,-1.285879139105E-15,8.));
#46 = DIRECTION('',(0.,-1.224646799147E-16,-1.));
#47 = DIRECTION('',(1.,0.,0.));
#48 = DEFINITIONAL_REPRESENTATION('',(#49),#53);
#49 = CIRCLE('',#50,8.7);
#50 = AXIS2_PLACEMENT_2D('',#51,#52);
#51 = CARTESIAN_POINT('',(63.857146717404,-16.83883645362));
#52 = DIRECTION('',(1.,0.));
#53 = ( GEOMETRIC_REPRESENTATION_CONTEXT(2) 
PARAMETRIC_REPRESENTATION_CONTEXT() REPRESENTATION_CONTEXT('2D SPACE',''
  ) );
#54 = ORIENTED_EDGE('',*,*,#55,.T.);
#55 = EDGE_CURVE('',#22,#56,#58,.T.);
#56 = VERTEX_POINT('',#57);
#57 = CARTESIAN_POINT('',(71.057146717404,16.838836453625,9.5));
#58 = SEAM_CURVE('',#59,(#64,#71),.PCURVE_S1.);
#59 = CIRCLE('',#60,1.5);
#60 = AXIS2_PLACEMENT_3D('',#61,#62,#63);
#61 = CARTESIAN_POINT('',(72.557146717404,16.838836453625,9.5));
#62 = DIRECTION('',(0.,1.,-1.224646799147E-16));
#63 = DIRECTION('',(1.184237892934E-15,-1.224646799147E-16,-1.));
#64 = PCURVE('',#31,#65);
#65 = DEFINITIONAL_REPRESENTATION('',(#66),#70);
#66 = LINE('',#67,#68);
#67 = CARTESIAN_POINT('',(0.,1.570796326795));
#68 = VECTOR('',#69,1.);
#69 = DIRECTION('',(0.,1.));
#70 = ( GEOMETRIC_REPRESENTATION_CONTEXT(2) 
PARAMETRIC_REPRESENTATION_CONTEXT() REPRESENTATION_CONTEXT('2D SPACE',''
  ) );
#71 = PCURVE('',#31,#72);
#72 = DEFINITIONAL_REPRESENTATION('',(#73),#77);
#73 = LINE('',#74,#75);
#74 = CARTESIAN_POINT('',(6.28318530718,1.570796326795));
#75 = VECTOR('',#76,1.);
#76 = DIRECTION('',(0.,1.));
#77 = ( GEOMETRIC_REPRESENTATION_CONTEXT(2) 
PARAMETRIC_REPRESENTATION_CONTEXT() REPRESENTATION_CONTEXT('2D SPACE',''
  ) );
#78 = ORIENTED_EDGE('',*,*,#79,.F.);
#79 = EDGE_CURVE('',#56,#56,#80,.T.);
#80 = SURFACE_CURVE('',#81,(#86,#93),.PCURVE_S1.);
#81 = CIRCLE('',#82,7.2);
#82 = AXIS2_PLACEMENT_3D('',#83,#84,#85);
#83 = CARTESIAN_POINT('',(63.857146717404,16.838836453625,9.5));
#84 = DIRECTION('',(0.,-1.224646799147E-16,-1.));
#85 = DIRECTION('',(1.,0.,0.));
#86 = PCURVE('',#31,#87);
#87 = DEFINITIONAL_REPRESENTATION('',(#88),#92);
#88 = LINE('',#89,#90);
#89 = CARTESIAN_POINT('',(0.,3.14159265359));
#90 = VECTOR('',#91,1.);
#91 = DIRECTION('',(1.,0.));
#92 = ( GEOMETRIC_REPRESENTATION_CONTEXT(2) 
PARAMETRIC_REPRESENTATION_CONTEXT() REPRESENTATION_CONTEXT('2D SPACE',''
  ) );
#93 = PCURVE('',#94,#99);
#94 = CYLINDRICAL_SURFACE('',#95,7.2);
#95 = AXIS2_PLACEMENT_3D('',#96,#97,#98);
#96 = CARTESIAN_POINT('',(63.857146717404,16.838836453625,12.));
#97 = DIRECTION('',(0.,-1.224646799147E-16,-1.));
#98 = DIRECTION('',(1.,0.,0.));
#99 = DEFINITIONAL_REPRESENTATION('',(#100),#104);
#100 = LINE('',#101,#102);
#101 = CARTESIAN_POINT('',(0.,2.5));
#102 = VECTOR('',#103,1.);
#103 = DIRECTION('',(1.,0.));
#104 = ( GEOMETRIC_REPRESENTATION_CONTEXT(2) 
PARAMETRIC_REPRESENTATION_CONTEXT() REPRESENTATION_CONTEXT('2D SPACE',''
  ) );
#105 = ORIENTED_EDGE('',*,*,#55,.F.);
#106 = ADVANCED_FACE('',(#107),#94,.T.);
#107 = FACE_BOUND('',#108,.T.);
#108 = EDGE_LOOP('',(#109,#110,#133,#160));
#109 = ORIENTED_EDGE('',*,*,#79,.F.);
#110 = ORIENTED_EDGE('',*,*,#111,.F.);
#111 = EDGE_CURVE('',#112,#56,#114,.T.);
#112 = VERTEX_POINT('',#113);
#113 = CARTESIAN_POINT('',(71.057146717404,16.838836453625,12.));
#114 = SEAM_CURVE('',#115,(#119,#126),.PCURVE_S1.);
#115 = LINE('',#116,#117);
#116 = CARTESIAN_POINT('',(71.057146717404,16.838836453625,12.));
#117 = VECTOR('',#118,1.);
#118 = DIRECTION('',(0.,-1.224646799147E-16,-1.));
#119 = PCURVE('',#94,#120);
#120 = DEFINITIONAL_REPRESENTATION('',(#121),#125);
#121 = LINE('',#122,#123);
#122 = CARTESIAN_POINT('',(6.28318530718,-0.));
#123 = VECTOR('',#124,1.);
#124 = DIRECTION('',(0.,1.));
#125 = ( GEOMETRIC_REPRESENTATION_CONTEXT(2) 
PARAMETRIC_REPRESENTATION_CONTEXT() REPRESENTATION_CONTEXT('2D SPACE',''
  ) );
#126 = PCURVE('',#94,#127);
#127 = DEFINITIONAL_REPRESENTATION('',(#128),#132);
#128 = LINE('',#129,#130);
#129 = CARTESIAN_POINT('',(0.,-0.));
#130 = VECTOR('',#131,1.);
#131 = DIRECTION('',(0.,1.));
#132 = ( GEOMETRIC_REPRESENTATION_CONTEXT(2) 
PARAMETRIC_REPRESENTATION_CONTEXT() REPRESENTATION_CONTEXT('2D SPACE',''
  ) );
#133 = ORIENTED_EDGE('',*,*,#134,.T.);
#134 = EDGE_CURVE('',#112,#112,#135,.T.);
#135 = SURFACE_CURVE('',#136,(#141,#148),.PCURVE_S1.);
#136 = CIRCLE('',#137,7.2);
#137 = AXIS2_PLACEMENT_3D('',#138,#139,#140);
#138 = CARTESIAN_POINT('',(63.857146717404,16.838836453625,12.));
#139 = DIRECTION('',(0.,-1.224646799147E-16,-1.));
#140 = DIRECTION('',(1.,0.,0.));
#141 = PCURVE('',#94,#142);
#142 = DEFINITIONAL_REPRESENTATION('',(#143),#147);
#143 = LINE('',#144,#145);
#144 = CARTESIAN_POINT('',(0.,0.));
#145 = VECTOR('',#146,1.);
#146 = DIRECTION('',(1.,0.));
#147 = ( GEOMETRIC_REPRESENTATION_CONTEXT(2) 
PARAMETRIC_REPRESENTATION_CONTEXT() REPRESENTATION_CONTEXT('2D SPACE',''
  ) );
#148 = PCURVE('',#149,#154);
#149 = PLANE('',#150);
#150 = AXIS2_PLACEMENT_3D('',#151,#152,#153);
#151 = CARTESIAN_POINT('',(63.857146717404,16.838836453625,12.));
#152 = DIRECTION('',(0.,-1.224646799147E-16,-1.));
#153 = DIRECTION('',(1.,0.,0.));
#154 = DEFINITIONAL_REPRESENTATION('',(#155),#159);
#155 = CIRCLE('',#156,7.2);
#156 = AXIS2_PLACEMENT_2D('',#157,#158);
#157 = CARTESIAN_POINT('',(0.,0.));
#158 = DIRECTION('',(1.,0.));
#159 = ( GEOMETRIC_REPRESENTATION_CONTEXT(2) 
PARAMETRIC_REPRESENTATION_CONTEXT() REPRESENTATION_CONTEXT('2D SPACE',''
  ) );
#160 = ORIENTED_EDGE('',*,*,#111,.T.);
#161 = ADVANCED_FACE('',(#162,#165),#149,.F.);
#162 = FACE_BOUND('',#163,.F.);
#163 = EDGE_LOOP('',(#164));
#164 = ORIENTED_EDGE('',*,*,#134,.T.);
#165 = FACE_BOUND('',#166,.F.);
#166 = EDGE_LOOP('',(#167));
#167 = ORIENTED_EDGE('',*,*,#168,.F.);
#168 = EDGE_CURVE('',#169,#169,#171,.T.);
#169 = VERTEX_POINT('',#170);
#170 = CARTESIAN_POINT('',(67.657146717404,16.838836453625,12.));
#171 = SURFACE_CURVE('',#172,(#177,#184),.PCURVE_S1.);
#172 = CIRCLE('',#173,3.8);
#173 = AXIS2_PLACEMENT_3D('',#174,#175,#176);
#174 = CARTESIAN_POINT('',(63.857146717404,16.838836453625,12.));
#175 = DIRECTION('',(0.,-1.224646799147E-16,-1.));
#176 = DIRECTION('',(1.,0.,0.));
#177 = PCURVE('',#149,#178);
#178 = DEFINITIONAL_REPRESENTATION('',(#179),#183);
#179 = CIRCLE('',#180,3.8);
#180 = AXIS2_PLACEMENT_2D('',#181,#182);
#181 = CARTESIAN_POINT('',(0.,0.));
#182 = DIRECTION('',(1.,0.));
#183 = ( GEOMETRIC_REPRESENTATION_CONTEXT(2) 
PARAMETRIC_REPRESENTATION_CONTEXT() REPRESENTATION_CONTEXT('2D SPACE',''
  ) );
#184 = PCURVE('',#185,#190);
#185 = CYLINDRICAL_SURFACE('',#186,3.8);
#186 = AXIS2_PLACEMENT_3D('',#187,#188,#189);
#187 = CARTESIAN_POINT('',(63.857146717404,16.838836453625,19.5));
#188 = DIRECTION('',(0.,-1.224646799147E-16,-1.));
#189 = DIRECTION('',(1.,0.,0.));
#190 = DEFINITIONAL_REPRESENTATION('',(#191),#195);
#191 = LINE('',#192,#193);
#192 = CARTESIAN_POINT('',(0.,7.5));
#193 = VECTOR('',#194,1.);
#194 = DIRECTION('',(1.,0.));
#195 = ( GEOMETRIC_REPRESENTATION_CONTEXT(2) 
PARAMETRIC_REPRESENTATION_CONTEXT() REPRESENTATION_CONTEXT('2D SPACE',''
  ) );
#196 = ADVANCED_FACE('',(#197),#185,.F.);
#197 = FACE_BOUND('',#198,.F.);
#198 = EDGE_LOOP('',(#199,#228,#249,#250));
#199 = ORIENTED_EDGE('',*,*,#200,.F.);
#200 = EDGE_CURVE('',#201,#201,#203,.T.);
#201 = VERTEX_POINT('',#202);
#202 = CARTESIAN_POINT('',(67.657146717404,16.838836453625,
    -3.552713678801E-15));
#203 = SURFACE_CURVE('',#204,(#209,#216),.PCURVE_S1.);
#204 = CIRCLE('',#205,3.8);
#205 = AXIS2_PLACEMENT_3D('',#206,#207,#208);
#206 = CARTESIAN_POINT('',(63.857146717404,16.838836453625,
    -3.552713678801E-15));
#207 = DIRECTION('',(0.,-1.224646799147E-16,-1.));
#208 = DIRECTION('',(1.,0.,0.));
#209 = PCURVE('',#185,#210);
#210 = DEFINITIONAL_REPRESENTATION('',(#211),#215);
#211 = LINE('',#212,#213);
#212 = CARTESIAN_POINT('',(0.,19.5));
#213 = VECTOR('',#214,1.);
#214 = DIRECTION('',(1.,0.));
#215 = ( GEOMETRIC_REPRESENTATION_CONTEXT(2) 
PARAMETRIC_REPRESENTATION_CONTEXT() REPRESENTATION_CONTEXT('2D SPACE',''
  ) );
#216 = PCURVE('',#217,#222);
#217 = PLANE('',#218);
#218 = AXIS2_PLACEMENT_3D('',#219,#220,#221);
#219 = CARTESIAN_POINT('',(63.857146717404,16.838836453625,
    -3.552713678801E-15));
#220 = DIRECTION('',(0.,-1.224646799147E-16,-1.));
#221 = DIRECTION('',(1.,0.,0.));
#222 = DEFINITIONAL_REPRESENTATION('',(#223),#227);
#223 = CIRCLE('',#224,3.8);
#224 = AXIS2_PLACEMENT_2D('',#225,#226);
#225 = CARTESIAN_POINT('',(0.,0.));
#226 = DIRECTION('',(1.,0.));
#227 = ( GEOMETRIC_REPRESENTATION_CONTEXT(2) 
PARAMETRIC_REPRESENTATION_CONTEXT() REPRESENTATION_CONTEXT('2D SPACE',''
  ) );
#228 = ORIENTED_EDGE('',*,*,#229,.F.);
#229 = EDGE_CURVE('',#169,#201,#230,.T.);
#230 = SEAM_CURVE('',#231,(#235,#242),.PCURVE_S1.);
#231 = LINE('',#232,#233);
#232 = CARTESIAN_POINT('',(67.657146717404,16.838836453625,19.5));
#233 = VECTOR('',#234,1.);
#234 = DIRECTION('',(0.,-1.224646799147E-16,-1.));
#235 = PCURVE('',#185,#236);
#236 = DEFINITIONAL_REPRESENTATION('',(#237),#241);
#237 = LINE('',#238,#239);
#238 = CARTESIAN_POINT('',(6.28318530718,-0.));
#239 = VECTOR('',#240,1.);
#240 = DIRECTION('',(0.,1.));
#241 = ( GEOMETRIC_REPRESENTATION_CONTEXT(2) 
PARAMETRIC_REPRESENTATION_CONTEXT() REPRESENTATION_CONTEXT('2D SPACE',''
  ) );
#242 = PCURVE('',#185,#243);
#243 = DEFINITIONAL_REPRESENTATION('',(#244),#248);
#244 = LINE('',#245,#246);
#245 = CARTESIAN_POINT('',(0.,-0.));
#246 = VECTOR('',#247,1.);
#247 = DIRECTION('',(0.,1.));
#248 = ( GEOMETRIC_REPRESENTATION_CONTEXT(2) 
PARAMETRIC_REPRESENTATION_CONTEXT() REPRESENTATION_CONTEXT('2D SPACE',''
  ) );
#249 = ORIENTED_EDGE('',*,*,#168,.T.);
#250 = ORIENTED_EDGE('',*,*,#229,.T.);
#251 = ADVANCED_FACE('',(#252,#794,#825,#856,#887,#918,#949,#980,#983,
    #1014,#1045,#1076),#217,.T.);
#252 = FACE_BOUND('',#253,.T.);
#253 = EDGE_LOOP('',(#254,#289,#318,#346,#375,#403,#436,#469,#498,#526,
    #555,#583,#616,#649,#678,#706,#735,#763));
#254 = ORIENTED_EDGE('',*,*,#255,.F.);
#255 = EDGE_CURVE('',#256,#258,#260,.T.);
#256 = VERTEX_POINT('',#257);
#257 = CARTESIAN_POINT('',(6.352165317198,-78.74420610929,
    1.06581410364E-14));
#258 = VERTEX_POINT('',#259);
#259 = CARTESIAN_POINT('',(77.761105323582,13.935942697023,0.));
#260 = SURFACE_CURVE('',#261,(#266,#277),.PCURVE_S1.);
#261 = CIRCLE('',#262,79.);
#262 = AXIS2_PLACEMENT_3D('',#263,#264,#265);
#263 = CARTESIAN_POINT('',(0.,-2.265596578423E-15,0.));
#264 = DIRECTION('',(1.54074395551E-33,1.224646799147E-16,1.));
#265 = DIRECTION('',(8.04071559139E-02,-0.996762102649,
    1.220681518521E-16));
#266 = PCURVE('',#217,#267);
#267 = DEFINITIONAL_REPRESENTATION('',(#268),#276);
#268 = ( BOUNDED_CURVE() B_SPLINE_CURVE(2,(#269,#270,#271,#272,#273,#274
,#275),.UNSPECIFIED.,.T.,.F.) B_SPLINE_CURVE_WITH_KNOTS((1,2,2,2,2,1),(
    -2.094395102393,0.,2.094395102393,4.188790204786,6.28318530718,
8.377580409573),.UNSPECIFIED.) CURVE() GEOMETRIC_REPRESENTATION_ITEM() 
RATIONAL_B_SPLINE_CURVE((1.,0.5,1.,0.5,1.,0.5,1.)) REPRESENTATION_ITEM(
  '') );
#269 = CARTESIAN_POINT('',(-57.5049814002,95.583042562919));
#270 = CARTESIAN_POINT('',(78.883984382767,84.580769495455));
#271 = CARTESIAN_POINT('',(1.161253515483,-28.03440313475));
#272 = CARTESIAN_POINT('',(-76.5614773518,-140.6495757649));
#273 = CARTESIAN_POINT('',(-135.2277122674,-17.03213006729));
#274 = CARTESIAN_POINT('',(-193.8939471831,106.58531563038));
#275 = CARTESIAN_POINT('',(-57.5049814002,95.583042562919));
#276 = ( GEOMETRIC_REPRESENTATION_CONTEXT(2) 
PARAMETRIC_REPRESENTATION_CONTEXT() REPRESENTATION_CONTEXT('2D SPACE',''
  ) );
#277 = PCURVE('',#278,#283);
#278 = CYLINDRICAL_SURFACE('',#279,79.);
#279 = AXIS2_PLACEMENT_3D('',#280,#281,#282);
#280 = CARTESIAN_POINT('',(0.,-1.285879139105E-15,8.));
#281 = DIRECTION('',(0.,-1.224646799147E-16,-1.));
#282 = DIRECTION('',(1.,0.,0.));
#283 = DEFINITIONAL_REPRESENTATION('',(#284),#288);
#284 = LINE('',#285,#286);
#285 = CARTESIAN_POINT('',(7.773487582134,8.));
#286 = VECTOR('',#287,1.);
#287 = DIRECTION('',(-1.,-0.));
#288 = ( GEOMETRIC_REPRESENTATION_CONTEXT(2) 
PARAMETRIC_REPRESENTATION_CONTEXT() REPRESENTATION_CONTEXT('2D SPACE',''
  ) );
#289 = ORIENTED_EDGE('',*,*,#290,.F.);
#290 = EDGE_CURVE('',#291,#256,#293,.T.);
#291 = VERTEX_POINT('',#292);
#292 = CARTESIAN_POINT('',(0.887506577358,-83.92980598139,
    1.06581410364E-14));
#293 = SURFACE_CURVE('',#294,(#299,#306),.PCURVE_S1.);
#294 = CIRCLE('',#295,6.);
#295 = AXIS2_PLACEMENT_3D('',#296,#297,#298);
#296 = CARTESIAN_POINT('',(6.834608252681,-84.72477872519,
    1.06581410364E-14));
#297 = DIRECTION('',(0.,-1.224646799147E-16,-1.));
#298 = DIRECTION('',(0.132495457299,0.991183612554,-1.213849838481E-16)
  );
#299 = PCURVE('',#217,#300);
#300 = DEFINITIONAL_REPRESENTATION('',(#301),#305);
#301 = CIRCLE('',#302,6.);
#302 = AXIS2_PLACEMENT_2D('',#303,#304);
#303 = CARTESIAN_POINT('',(-57.02253846472,101.56361517881));
#304 = DIRECTION('',(0.132495457299,-0.991183612554));
#305 = ( GEOMETRIC_REPRESENTATION_CONTEXT(2) 
PARAMETRIC_REPRESENTATION_CONTEXT() REPRESENTATION_CONTEXT('2D SPACE',''
  ) );
#306 = PCURVE('',#307,#312);
#307 = CYLINDRICAL_SURFACE('',#308,6.);
#308 = AXIS2_PLACEMENT_3D('',#309,#310,#311);
#309 = CARTESIAN_POINT('',(6.834608252681,-84.72477872519,8.));
#310 = DIRECTION('',(0.,1.224646799147E-16,1.));
#311 = DIRECTION('',(0.132495457299,0.991183612554,-1.213849838481E-16)
  );
#312 = DEFINITIONAL_REPRESENTATION('',(#313),#317);
#313 = LINE('',#314,#315);
#314 = CARTESIAN_POINT('',(-0.,-8.));
#315 = VECTOR('',#316,1.);
#316 = DIRECTION('',(-1.,0.));
#317 = ( GEOMETRIC_REPRESENTATION_CONTEXT(2) 
PARAMETRIC_REPRESENTATION_CONTEXT() REPRESENTATION_CONTEXT('2D SPACE',''
  ) );
#318 = ORIENTED_EDGE('',*,*,#319,.T.);
#319 = EDGE_CURVE('',#291,#320,#322,.T.);
#320 = VERTEX_POINT('',#321);
#321 = CARTESIAN_POINT('',(-4.817508082255,-126.6083789323,
    1.42108547152E-14));
#322 = SURFACE_CURVE('',#323,(#327,#334),.PCURVE_S1.);
#323 = LINE('',#324,#325);
#324 = CARTESIAN_POINT('',(2.089539510549,-74.93753281656,
    1.06581410364E-14));
#325 = VECTOR('',#326,1.);
#326 = DIRECTION('',(-0.132495457299,-0.991183612554,1.213849838481E-16)
  );
#327 = PCURVE('',#217,#328);
#328 = DEFINITIONAL_REPRESENTATION('',(#329),#333);
#329 = LINE('',#330,#331);
#330 = CARTESIAN_POINT('',(-61.76760720685,91.77636927019));
#331 = VECTOR('',#332,1.);
#332 = DIRECTION('',(-0.132495457299,0.991183612554));
#333 = ( GEOMETRIC_REPRESENTATION_CONTEXT(2) 
PARAMETRIC_REPRESENTATION_CONTEXT() REPRESENTATION_CONTEXT('2D SPACE',''
  ) );
#334 = PCURVE('',#335,#340);
#335 = PLANE('',#336);
#336 = AXIS2_PLACEMENT_3D('',#337,#338,#339);
#337 = CARTESIAN_POINT('',(2.089539510549,-74.93753281656,8.));
#338 = DIRECTION('',(-0.991183612554,0.132495457299,-1.622601376823E-17)
  );
#339 = DIRECTION('',(0.,-1.224646799147E-16,-1.));
#340 = DEFINITIONAL_REPRESENTATION('',(#341),#345);
#341 = LINE('',#342,#343);
#342 = CARTESIAN_POINT('',(8.,-9.710798707851E-16));
#343 = VECTOR('',#344,1.);
#344 = DIRECTION('',(0.,1.));
#345 = ( GEOMETRIC_REPRESENTATION_CONTEXT(2) 
PARAMETRIC_REPRESENTATION_CONTEXT() REPRESENTATION_CONTEXT('2D SPACE',''
  ) );
#346 = ORIENTED_EDGE('',*,*,#347,.T.);
#347 = EDGE_CURVE('',#320,#348,#350,.T.);
#348 = VERTEX_POINT('',#349);
#349 = CARTESIAN_POINT('',(-28.60591478354,-123.4284879571,
    1.42108547152E-14));
#350 = SURFACE_CURVE('',#351,(#356,#363),.PCURVE_S1.);
#351 = CIRCLE('',#352,126.7);
#352 = AXIS2_PLACEMENT_3D('',#353,#354,#355);
#353 = CARTESIAN_POINT('',(0.,-2.265596578423E-15,0.));
#354 = DIRECTION('',(0.,-1.224646799147E-16,-1.));
#355 = DIRECTION('',(1.,0.,0.));
#356 = PCURVE('',#217,#357);
#357 = DEFINITIONAL_REPRESENTATION('',(#358),#362);
#358 = CIRCLE('',#359,126.7);
#359 = AXIS2_PLACEMENT_2D('',#360,#361);
#360 = CARTESIAN_POINT('',(-63.8571467174,16.838836453625));
#361 = DIRECTION('',(1.,0.));
#362 = ( GEOMETRIC_REPRESENTATION_CONTEXT(2) 
PARAMETRIC_REPRESENTATION_CONTEXT() REPRESENTATION_CONTEXT('2D SPACE',''
  ) );
#363 = PCURVE('',#364,#369);
#364 = CYLINDRICAL_SURFACE('',#365,126.7);
#365 = AXIS2_PLACEMENT_3D('',#366,#367,#368);
#366 = CARTESIAN_POINT('',(0.,6.123233995737E-17,19.));
#367 = DIRECTION('',(0.,-1.224646799147E-16,-1.));
#368 = DIRECTION('',(1.,0.,0.));
#369 = DEFINITIONAL_REPRESENTATION('',(#370),#374);
#370 = LINE('',#371,#372);
#371 = CARTESIAN_POINT('',(0.,19.));
#372 = VECTOR('',#373,1.);
#373 = DIRECTION('',(1.,0.));
#374 = ( GEOMETRIC_REPRESENTATION_CONTEXT(2) 
PARAMETRIC_REPRESENTATION_CONTEXT() REPRESENTATION_CONTEXT('2D SPACE',''
  ) );
#375 = ORIENTED_EDGE('',*,*,#376,.F.);
#376 = EDGE_CURVE('',#377,#348,#379,.T.);
#377 = VERTEX_POINT('',#378);
#378 = CARTESIAN_POINT('',(-22.90090012393,-80.74991500623,
    1.06581410364E-14));
#379 = SURFACE_CURVE('',#380,(#384,#391),.PCURVE_S1.);
#380 = LINE('',#381,#382);
#381 = CARTESIAN_POINT('',(-21.69886719074,-71.75764184139,
    7.105427357601E-15));
#382 = VECTOR('',#383,1.);
#383 = DIRECTION('',(-0.132495457299,-0.991183612554,1.213849838481E-16)
  );
#384 = PCURVE('',#217,#385);
#385 = DEFINITIONAL_REPRESENTATION('',(#386),#390);
#386 = LINE('',#387,#388);
#387 = CARTESIAN_POINT('',(-85.55601390814,88.596478295024));
#388 = VECTOR('',#389,1.);
#389 = DIRECTION('',(-0.132495457299,0.991183612554));
#390 = ( GEOMETRIC_REPRESENTATION_CONTEXT(2) 
PARAMETRIC_REPRESENTATION_CONTEXT() REPRESENTATION_CONTEXT('2D SPACE',''
  ) );
#391 = PCURVE('',#392,#397);
#392 = PLANE('',#393);
#393 = AXIS2_PLACEMENT_3D('',#394,#395,#396);
#394 = CARTESIAN_POINT('',(-21.69886719074,-71.75764184139,8.));
#395 = DIRECTION('',(-0.991183612554,0.132495457299,-1.622601376823E-17)
  );
#396 = DIRECTION('',(0.,-1.224646799147E-16,-1.));
#397 = DEFINITIONAL_REPRESENTATION('',(#398),#402);
#398 = LINE('',#399,#400);
#399 = CARTESIAN_POINT('',(8.,-9.710798707851E-16));
#400 = VECTOR('',#401,1.);
#401 = DIRECTION('',(0.,1.));
#402 = ( GEOMETRIC_REPRESENTATION_CONTEXT(2) 
PARAMETRIC_REPRESENTATION_CONTEXT() REPRESENTATION_CONTEXT('2D SPACE',''
  ) );
#403 = ORIENTED_EDGE('',*,*,#404,.T.);
#404 = EDGE_CURVE('',#377,#405,#407,.T.);
#405 = VERTEX_POINT('',#406);
#406 = CARTESIAN_POINT('',(-26.81167226048,-74.31106398509,
    1.06581410364E-14));
#407 = SURFACE_CURVE('',#408,(#413,#424),.PCURVE_S1.);
#408 = CIRCLE('',#409,6.);
#409 = AXIS2_PLACEMENT_3D('',#410,#411,#412);
#410 = CARTESIAN_POINT('',(-28.84800179925,-79.95494226244,
    1.06581410364E-14));
#411 = DIRECTION('',(0.,1.224646799147E-16,1.));
#412 = DIRECTION('',(-0.132495457299,-0.991183612554,1.213849838481E-16)
  );
#413 = PCURVE('',#217,#414);
#414 = DEFINITIONAL_REPRESENTATION('',(#415),#423);
#415 = ( BOUNDED_CURVE() B_SPLINE_CURVE(2,(#416,#417,#418,#419,#420,#421
,#422),.UNSPECIFIED.,.T.,.F.) B_SPLINE_CURVE_WITH_KNOTS((1,2,2,2,2,1),(
    -2.094395102393,0.,2.094395102393,4.188790204786,6.28318530718,
8.377580409573),.UNSPECIFIED.) CURVE() GEOMETRIC_REPRESENTATION_ITEM() 
RATIONAL_B_SPLINE_CURVE((1.,0.5,1.,0.5,1.,0.5,1.)) REPRESENTATION_ITEM(
  '') );
#416 = CARTESIAN_POINT('',(-93.50012126045,102.74088039138));
#417 = CARTESIAN_POINT('',(-83.19943900101,104.11781357426));
#418 = CARTESIAN_POINT('',(-87.15732101504,94.508694469843));
#419 = CARTESIAN_POINT('',(-91.11520302907,84.899575365419));
#420 = CARTESIAN_POINT('',(-97.45800327448,93.131761286963));
#421 = CARTESIAN_POINT('',(-103.8008035198,101.3639472085));
#422 = CARTESIAN_POINT('',(-93.50012126045,102.74088039138));
#423 = ( GEOMETRIC_REPRESENTATION_CONTEXT(2) 
PARAMETRIC_REPRESENTATION_CONTEXT() REPRESENTATION_CONTEXT('2D SPACE',''
  ) );
#424 = PCURVE('',#425,#430);
#425 = CYLINDRICAL_SURFACE('',#426,6.);
#426 = AXIS2_PLACEMENT_3D('',#427,#428,#429);
#427 = CARTESIAN_POINT('',(-28.84800179925,-79.95494226244,8.));
#428 = DIRECTION('',(0.,1.224646799147E-16,1.));
#429 = DIRECTION('',(-0.132495457299,-0.991183612554,1.213849838481E-16)
  );
#430 = DEFINITIONAL_REPRESENTATION('',(#431),#435);
#431 = LINE('',#432,#433);
#432 = CARTESIAN_POINT('',(0.,-8.));
#433 = VECTOR('',#434,1.);
#434 = DIRECTION('',(1.,0.));
#435 = ( GEOMETRIC_REPRESENTATION_CONTEXT(2) 
PARAMETRIC_REPRESENTATION_CONTEXT() REPRESENTATION_CONTEXT('2D SPACE',''
  ) );
#436 = ORIENTED_EDGE('',*,*,#437,.F.);
#437 = EDGE_CURVE('',#438,#405,#440,.T.);
#438 = VERTEX_POINT('',#439);
#439 = CARTESIAN_POINT('',(-71.37056555008,33.870966520915,
    -3.552713678801E-15));
#440 = SURFACE_CURVE('',#441,(#446,#457),.PCURVE_S1.);
#441 = CIRCLE('',#442,79.);
#442 = AXIS2_PLACEMENT_3D('',#443,#444,#445);
#443 = CARTESIAN_POINT('',(0.,-2.265596578423E-15,0.));
#444 = DIRECTION('',(1.54074395551E-33,1.224646799147E-16,1.));
#445 = DIRECTION('',(8.04071559139E-02,-0.996762102649,
    1.220681518521E-16));
#446 = PCURVE('',#217,#447);
#447 = DEFINITIONAL_REPRESENTATION('',(#448),#456);
#448 = ( BOUNDED_CURVE() B_SPLINE_CURVE(2,(#449,#450,#451,#452,#453,#454
,#455),.UNSPECIFIED.,.T.,.F.) B_SPLINE_CURVE_WITH_KNOTS((1,2,2,2,2,1),(
    -2.094395102393,0.,2.094395102393,4.188790204786,6.28318530718,
8.377580409573),.UNSPECIFIED.) CURVE() GEOMETRIC_REPRESENTATION_ITEM() 
RATIONAL_B_SPLINE_CURVE((1.,0.5,1.,0.5,1.,0.5,1.)) REPRESENTATION_ITEM(
  '') );
#449 = CARTESIAN_POINT('',(-57.5049814002,95.583042562919));
#450 = CARTESIAN_POINT('',(78.883984382767,84.580769495455));
#451 = CARTESIAN_POINT('',(1.161253515483,-28.03440313475));
#452 = CARTESIAN_POINT('',(-76.5614773518,-140.6495757649));
#453 = CARTESIAN_POINT('',(-135.2277122674,-17.03213006729));
#454 = CARTESIAN_POINT('',(-193.8939471831,106.58531563038));
#455 = CARTESIAN_POINT('',(-57.5049814002,95.583042562919));
#456 = ( GEOMETRIC_REPRESENTATION_CONTEXT(2) 
PARAMETRIC_REPRESENTATION_CONTEXT() REPRESENTATION_CONTEXT('2D SPACE',''
  ) );
#457 = PCURVE('',#458,#463);
#458 = CYLINDRICAL_SURFACE('',#459,79.);
#459 = AXIS2_PLACEMENT_3D('',#460,#461,#462);
#460 = CARTESIAN_POINT('',(0.,-1.285879139105E-15,8.));
#461 = DIRECTION('',(0.,-1.224646799147E-16,-1.));
#462 = DIRECTION('',(1.,0.,0.));
#463 = DEFINITIONAL_REPRESENTATION('',(#464),#468);
#464 = LINE('',#465,#466);
#465 = CARTESIAN_POINT('',(7.773487582134,8.));
#466 = VECTOR('',#467,1.);
#467 = DIRECTION('',(-1.,-0.));
#468 = ( GEOMETRIC_REPRESENTATION_CONTEXT(2) 
PARAMETRIC_REPRESENTATION_CONTEXT() REPRESENTATION_CONTEXT('2D SPACE',''
  ) );
#469 = ORIENTED_EDGE('',*,*,#470,.F.);
#470 = EDGE_CURVE('',#471,#438,#473,.T.);
#471 = VERTEX_POINT('',#472);
#472 = CARTESIAN_POINT('',(-73.12909740326,41.196299748681,
    -3.552713678801E-15));
#473 = SURFACE_CURVE('',#474,(#479,#486),.PCURVE_S1.);
#474 = CIRCLE('',#475,6.);
#475 = AXIS2_PLACEMENT_3D('',#476,#477,#478);
#476 = CARTESIAN_POINT('',(-76.79111483237,36.443444990858,
    -7.105427357601E-15));
#477 = DIRECTION('',(0.,-1.224646799147E-16,-1.));
#478 = DIRECTION('',(0.792142459637,-0.610336238184,7.474463204951E-17)
  );
#479 = PCURVE('',#217,#480);
#480 = DEFINITIONAL_REPRESENTATION('',(#481),#485);
#481 = CIRCLE('',#482,6.);
#482 = AXIS2_PLACEMENT_2D('',#483,#484);
#483 = CARTESIAN_POINT('',(-140.6482615497,-19.60460853723));
#484 = DIRECTION('',(0.792142459637,0.610336238184));
#485 = ( GEOMETRIC_REPRESENTATION_CONTEXT(2) 
PARAMETRIC_REPRESENTATION_CONTEXT() REPRESENTATION_CONTEXT('2D SPACE',''
  ) );
#486 = PCURVE('',#487,#492);
#487 = CYLINDRICAL_SURFACE('',#488,6.);
#488 = AXIS2_PLACEMENT_3D('',#489,#490,#491);
#489 = CARTESIAN_POINT('',(-76.79111483237,36.443444990858,8.));
#490 = DIRECTION('',(0.,1.224646799147E-16,1.));
#491 = DIRECTION('',(0.792142459637,-0.610336238184,7.474463204951E-17)
  );
#492 = DEFINITIONAL_REPRESENTATION('',(#493),#497);
#493 = LINE('',#494,#495);
#494 = CARTESIAN_POINT('',(-0.,-8.));
#495 = VECTOR('',#496,1.);
#496 = DIRECTION('',(-1.,0.));
#497 = ( GEOMETRIC_REPRESENTATION_CONTEXT(2) 
PARAMETRIC_REPRESENTATION_CONTEXT() REPRESENTATION_CONTEXT('2D SPACE',''
  ) );
#498 = ORIENTED_EDGE('',*,*,#499,.T.);
#499 = EDGE_CURVE('',#471,#500,#502,.T.);
#500 = VERTEX_POINT('',#501);
#501 = CARTESIAN_POINT('',(-107.2373184462,67.476273848345,
    -7.105427357601E-15));
#502 = SURFACE_CURVE('',#503,(#507,#514),.PCURVE_S1.);
#503 = LINE('',#504,#505);
#504 = CARTESIAN_POINT('',(-65.94257687135,35.659172109936,
    -3.552713678801E-15));
#505 = VECTOR('',#506,1.);
#506 = DIRECTION('',(-0.792142459637,0.610336238184,-7.474463204951E-17)
  );
#507 = PCURVE('',#217,#508);
#508 = DEFINITIONAL_REPRESENTATION('',(#509),#513);
#509 = LINE('',#510,#511);
#510 = CARTESIAN_POINT('',(-129.7997235887,-18.82033565631));
#511 = VECTOR('',#512,1.);
#512 = DIRECTION('',(-0.792142459637,-0.610336238184));
#513 = ( GEOMETRIC_REPRESENTATION_CONTEXT(2) 
PARAMETRIC_REPRESENTATION_CONTEXT() REPRESENTATION_CONTEXT('2D SPACE',''
  ) );
#514 = PCURVE('',#515,#520);
#515 = PLANE('',#516);
#516 = AXIS2_PLACEMENT_3D('',#517,#518,#519);
#517 = CARTESIAN_POINT('',(-65.94257687135,35.659172109936,8.));
#518 = DIRECTION('',(0.610336238184,0.792142459637,-9.700947276633E-17)
  );
#519 = DIRECTION('',(0.,-1.224646799147E-16,-1.));
#520 = DEFINITIONAL_REPRESENTATION('',(#521),#525);
#521 = LINE('',#522,#523);
#522 = CARTESIAN_POINT('',(8.,5.979570563961E-16));
#523 = VECTOR('',#524,1.);
#524 = DIRECTION('',(0.,1.));
#525 = ( GEOMETRIC_REPRESENTATION_CONTEXT(2) 
PARAMETRIC_REPRESENTATION_CONTEXT() REPRESENTATION_CONTEXT('2D SPACE',''
  ) );
#526 = ORIENTED_EDGE('',*,*,#527,.T.);
#527 = EDGE_CURVE('',#500,#528,#530,.T.);
#528 = VERTEX_POINT('',#529);
#529 = CARTESIAN_POINT('',(-92.58924872984,86.487692879636,
    -1.06581410364E-14));
#530 = SURFACE_CURVE('',#531,(#536,#543),.PCURVE_S1.);
#531 = CIRCLE('',#532,126.7);
#532 = AXIS2_PLACEMENT_3D('',#533,#534,#535);
#533 = CARTESIAN_POINT('',(0.,-2.265596578423E-15,0.));
#534 = DIRECTION('',(0.,-1.224646799147E-16,-1.));
#535 = DIRECTION('',(1.,0.,0.));
#536 = PCURVE('',#217,#537);
#537 = DEFINITIONAL_REPRESENTATION('',(#538),#542);
#538 = CIRCLE('',#539,126.7);
#539 = AXIS2_PLACEMENT_2D('',#540,#541);
#540 = CARTESIAN_POINT('',(-63.8571467174,16.838836453625));
#541 = DIRECTION('',(1.,0.));
#542 = ( GEOMETRIC_REPRESENTATION_CONTEXT(2) 
PARAMETRIC_REPRESENTATION_CONTEXT() REPRESENTATION_CONTEXT('2D SPACE',''
  ) );
#543 = PCURVE('',#544,#549);
#544 = CYLINDRICAL_SURFACE('',#545,126.7);
#545 = AXIS2_PLACEMENT_3D('',#546,#547,#548);
#546 = CARTESIAN_POINT('',(0.,6.123233995737E-17,19.));
#547 = DIRECTION('',(0.,-1.224646799147E-16,-1.));
#548 = DIRECTION('',(1.,0.,0.));
#549 = DEFINITIONAL_REPRESENTATION('',(#550),#554);
#550 = LINE('',#551,#552);
#551 = CARTESIAN_POINT('',(0.,19.));
#552 = VECTOR('',#553,1.);
#553 = DIRECTION('',(1.,0.));
#554 = ( GEOMETRIC_REPRESENTATION_CONTEXT(2) 
PARAMETRIC_REPRESENTATION_CONTEXT() REPRESENTATION_CONTEXT('2D SPACE',''
  ) );
#555 = ORIENTED_EDGE('',*,*,#556,.F.);
#556 = EDGE_CURVE('',#557,#528,#559,.T.);
#557 = VERTEX_POINT('',#558);
#558 = CARTESIAN_POINT('',(-58.48102768686,60.207718779972,
    -7.105427357601E-15));
#559 = SURFACE_CURVE('',#560,(#564,#571),.PCURVE_S1.);
#560 = LINE('',#561,#562);
#561 = CARTESIAN_POINT('',(-51.29450715494,54.670591141227,
    -7.105427357601E-15));
#562 = VECTOR('',#563,1.);
#563 = DIRECTION('',(-0.792142459637,0.610336238184,-7.474463204951E-17)
  );
#564 = PCURVE('',#217,#565);
#565 = DEFINITIONAL_REPRESENTATION('',(#566),#570);
#566 = LINE('',#567,#568);
#567 = CARTESIAN_POINT('',(-115.1516538723,-37.8317546876));
#568 = VECTOR('',#569,1.);
#569 = DIRECTION('',(-0.792142459637,-0.610336238184));
#570 = ( GEOMETRIC_REPRESENTATION_CONTEXT(2) 
PARAMETRIC_REPRESENTATION_CONTEXT() REPRESENTATION_CONTEXT('2D SPACE',''
  ) );
#571 = PCURVE('',#572,#577);
#572 = PLANE('',#573);
#573 = AXIS2_PLACEMENT_3D('',#574,#575,#576);
#574 = CARTESIAN_POINT('',(-51.29450715494,54.670591141227,8.));
#575 = DIRECTION('',(0.610336238184,0.792142459637,-9.700947276633E-17)
  );
#576 = DIRECTION('',(0.,-1.224646799147E-16,-1.));
#577 = DEFINITIONAL_REPRESENTATION('',(#578),#582);
#578 = LINE('',#579,#580);
#579 = CARTESIAN_POINT('',(8.,5.979570563961E-16));
#580 = VECTOR('',#581,1.);
#581 = DIRECTION('',(0.,1.));
#582 = ( GEOMETRIC_REPRESENTATION_CONTEXT(2) 
PARAMETRIC_REPRESENTATION_CONTEXT() REPRESENTATION_CONTEXT('2D SPACE',''
  ) );
#583 = ORIENTED_EDGE('',*,*,#584,.T.);
#584 = EDGE_CURVE('',#557,#585,#587,.T.);
#585 = VERTEX_POINT('',#586);
#586 = CARTESIAN_POINT('',(-50.94943306309,60.375121288068,
    -7.105427357601E-15));
#587 = SURFACE_CURVE('',#588,(#593,#604),.PCURVE_S1.);
#588 = CIRCLE('',#589,6.);
#589 = AXIS2_PLACEMENT_3D('',#590,#591,#592);
#590 = CARTESIAN_POINT('',(-54.81901025776,64.960573537795,
    -7.105427357601E-15));
#591 = DIRECTION('',(0.,1.224646799147E-16,1.));
#592 = DIRECTION('',(-0.792142459637,0.610336238184,-7.474463204951E-17)
  );
#593 = PCURVE('',#217,#594);
#594 = DEFINITIONAL_REPRESENTATION('',(#595),#603);
#595 = ( BOUNDED_CURVE() B_SPLINE_CURVE(2,(#596,#597,#598,#599,#600,#601
,#602),.UNSPECIFIED.,.T.,.F.) B_SPLINE_CURVE_WITH_KNOTS((1,2,2,2,2,1),(
    -2.094395102393,0.,2.094395102393,4.188790204786,6.28318530718,
8.377580409573),.UNSPECIFIED.) CURVE() GEOMETRIC_REPRESENTATION_ITEM() 
RATIONAL_B_SPLINE_CURVE((1.,0.5,1.,0.5,1.,0.5,1.)) REPRESENTATION_ITEM(
  '') );
#596 = CARTESIAN_POINT('',(-123.4290117329,-51.78375451327));
#597 = CARTESIAN_POINT('',(-129.7718119783,-43.55156859172));
#598 = CARTESIAN_POINT('',(-119.4711297189,-42.17463540884));
#599 = CARTESIAN_POINT('',(-109.1704474595,-40.79770222596));
#600 = CARTESIAN_POINT('',(-113.1283294735,-50.40682133039));
#601 = CARTESIAN_POINT('',(-117.0862114875,-60.01594043481));
#602 = CARTESIAN_POINT('',(-123.4290117329,-51.78375451327));
#603 = ( GEOMETRIC_REPRESENTATION_CONTEXT(2) 
PARAMETRIC_REPRESENTATION_CONTEXT() REPRESENTATION_CONTEXT('2D SPACE',''
  ) );
#604 = PCURVE('',#605,#610);
#605 = CYLINDRICAL_SURFACE('',#606,6.);
#606 = AXIS2_PLACEMENT_3D('',#607,#608,#609);
#607 = CARTESIAN_POINT('',(-54.81901025776,64.960573537795,8.));
#608 = DIRECTION('',(0.,1.224646799147E-16,1.));
#609 = DIRECTION('',(-0.792142459637,0.610336238184,-7.474463204951E-17)
  );
#610 = DEFINITIONAL_REPRESENTATION('',(#611),#615);
#611 = LINE('',#612,#613);
#612 = CARTESIAN_POINT('',(0.,-8.));
#613 = VECTOR('',#614,1.);
#614 = DIRECTION('',(1.,0.));
#615 = ( GEOMETRIC_REPRESENTATION_CONTEXT(2) 
PARAMETRIC_REPRESENTATION_CONTEXT() REPRESENTATION_CONTEXT('2D SPACE',''
  ) );
#616 = ORIENTED_EDGE('',*,*,#617,.F.);
#617 = EDGE_CURVE('',#618,#585,#620,.T.);
#618 = VERTEX_POINT('',#619);
#619 = CARTESIAN_POINT('',(65.018400232888,44.873239588379,
    -7.105427357601E-15));
#620 = SURFACE_CURVE('',#621,(#626,#637),.PCURVE_S1.);
#621 = CIRCLE('',#622,79.);
#622 = AXIS2_PLACEMENT_3D('',#623,#624,#625);
#623 = CARTESIAN_POINT('',(0.,-2.265596578423E-15,0.));
#624 = DIRECTION('',(1.54074395551E-33,1.224646799147E-16,1.));
#625 = DIRECTION('',(8.04071559139E-02,-0.996762102649,
    1.220681518521E-16));
#626 = PCURVE('',#217,#627);
#627 = DEFINITIONAL_REPRESENTATION('',(#628),#636);
#628 = ( BOUNDED_CURVE() B_SPLINE_CURVE(2,(#629,#630,#631,#632,#633,#634
,#635),.UNSPECIFIED.,.T.,.F.) B_SPLINE_CURVE_WITH_KNOTS((1,2,2,2,2,1),(
    -2.094395102393,0.,2.094395102393,4.188790204786,6.28318530718,
8.377580409573),.UNSPECIFIED.) CURVE() GEOMETRIC_REPRESENTATION_ITEM() 
RATIONAL_B_SPLINE_CURVE((1.,0.5,1.,0.5,1.,0.5,1.)) REPRESENTATION_ITEM(
  '') );
#629 = CARTESIAN_POINT('',(-57.5049814002,95.583042562919));
#630 = CARTESIAN_POINT('',(78.883984382767,84.580769495455));
#631 = CARTESIAN_POINT('',(1.161253515483,-28.03440313475));
#632 = CARTESIAN_POINT('',(-76.5614773518,-140.6495757649));
#633 = CARTESIAN_POINT('',(-135.2277122674,-17.03213006729));
#634 = CARTESIAN_POINT('',(-193.8939471831,106.58531563038));
#635 = CARTESIAN_POINT('',(-57.5049814002,95.583042562919));
#636 = ( GEOMETRIC_REPRESENTATION_CONTEXT(2) 
PARAMETRIC_REPRESENTATION_CONTEXT() REPRESENTATION_CONTEXT('2D SPACE',''
  ) );
#637 = PCURVE('',#638,#643);
#638 = CYLINDRICAL_SURFACE('',#639,79.);
#639 = AXIS2_PLACEMENT_3D('',#640,#641,#642);
#640 = CARTESIAN_POINT('',(0.,-1.285879139105E-15,8.));
#641 = DIRECTION('',(0.,-1.224646799147E-16,-1.));
#642 = DIRECTION('',(1.,0.,0.));
#643 = DEFINITIONAL_REPRESENTATION('',(#644),#648);
#644 = LINE('',#645,#646);
#645 = CARTESIAN_POINT('',(7.773487582134,8.));
#646 = VECTOR('',#647,1.);
#647 = DIRECTION('',(-1.,-0.));
#648 = ( GEOMETRIC_REPRESENTATION_CONTEXT(2) 
PARAMETRIC_REPRESENTATION_CONTEXT() REPRESENTATION_CONTEXT('2D SPACE',''
  ) );
#649 = ORIENTED_EDGE('',*,*,#650,.F.);
#650 = EDGE_CURVE('',#651,#618,#653,.T.);
#651 = VERTEX_POINT('',#652);
#652 = CARTESIAN_POINT('',(72.241590825911,42.733506232717,
    -3.552713678801E-15));
#653 = SURFACE_CURVE('',#654,(#659,#666),.PCURVE_S1.);
#654 = CIRCLE('',#655,6.);
#655 = AXIS2_PLACEMENT_3D('',#656,#657,#658);
#656 = CARTESIAN_POINT('',(69.956506579689,48.281333734332,
    -7.105427357601E-15));
#657 = DIRECTION('',(0.,-1.224646799147E-16,-1.));
#658 = DIRECTION('',(-0.924637916936,-0.38084737437,4.664035179862E-17)
  );
#659 = PCURVE('',#217,#660);
#660 = DEFINITIONAL_REPRESENTATION('',(#661),#665);
#661 = CIRCLE('',#662,6.);
#662 = AXIS2_PLACEMENT_2D('',#663,#664);
#663 = CARTESIAN_POINT('',(6.099359862285,-31.4424972807));
#664 = DIRECTION('',(-0.924637916936,0.38084737437));
#665 = ( GEOMETRIC_REPRESENTATION_CONTEXT(2) 
PARAMETRIC_REPRESENTATION_CONTEXT() REPRESENTATION_CONTEXT('2D SPACE',''
  ) );
#666 = PCURVE('',#667,#672);
#667 = CYLINDRICAL_SURFACE('',#668,6.);
#668 = AXIS2_PLACEMENT_3D('',#669,#670,#671);
#669 = CARTESIAN_POINT('',(69.956506579689,48.281333734332,8.));
#670 = DIRECTION('',(0.,1.224646799147E-16,1.));
#671 = DIRECTION('',(-0.924637916936,-0.38084737437,4.664035179862E-17)
  );
#672 = DEFINITIONAL_REPRESENTATION('',(#673),#677);
#673 = LINE('',#674,#675);
#674 = CARTESIAN_POINT('',(-0.,-8.));
#675 = VECTOR('',#676,1.);
#676 = DIRECTION('',(-1.,0.));
#677 = ( GEOMETRIC_REPRESENTATION_CONTEXT(2) 
PARAMETRIC_REPRESENTATION_CONTEXT() REPRESENTATION_CONTEXT('2D SPACE',''
  ) );
#678 = ORIENTED_EDGE('',*,*,#679,.T.);
#679 = EDGE_CURVE('',#651,#680,#682,.T.);
#680 = VERTEX_POINT('',#681);
#681 = CARTESIAN_POINT('',(112.0548265285,59.132105084005,
    -7.105427357601E-15));
#682 = SURFACE_CURVE('',#683,(#687,#694),.PCURVE_S1.);
#683 = LINE('',#684,#685);
#684 = CARTESIAN_POINT('',(63.853037360801,39.278360706629,
    -3.552713678801E-15));
#685 = VECTOR('',#686,1.);
#686 = DIRECTION('',(0.924637916936,0.38084737437,-4.664035179862E-17));
#687 = PCURVE('',#217,#688);
#688 = DEFINITIONAL_REPRESENTATION('',(#689),#693);
#689 = LINE('',#690,#691);
#690 = CARTESIAN_POINT('',(-4.109356602747E-03,-22.439524253));
#691 = VECTOR('',#692,1.);
#692 = DIRECTION('',(0.924637916936,-0.38084737437));
#693 = ( GEOMETRIC_REPRESENTATION_CONTEXT(2) 
PARAMETRIC_REPRESENTATION_CONTEXT() REPRESENTATION_CONTEXT('2D SPACE',''
  ) );
#694 = PCURVE('',#695,#700);
#695 = PLANE('',#696);
#696 = AXIS2_PLACEMENT_3D('',#697,#698,#699);
#697 = CARTESIAN_POINT('',(63.853037360801,39.278360706629,8.));
#698 = DIRECTION('',(0.38084737437,-0.924637916936,1.132354865346E-16));
#699 = DIRECTION('',(0.,-1.224646799147E-16,-1.));
#700 = DEFINITIONAL_REPRESENTATION('',(#701),#705);
#701 = LINE('',#702,#703);
#702 = CARTESIAN_POINT('',(8.,3.73122814389E-16));
#703 = VECTOR('',#704,1.);
#704 = DIRECTION('',(0.,1.));
#705 = ( GEOMETRIC_REPRESENTATION_CONTEXT(2) 
PARAMETRIC_REPRESENTATION_CONTEXT() REPRESENTATION_CONTEXT('2D SPACE',''
  ) );
#706 = ORIENTED_EDGE('',*,*,#707,.T.);
#707 = EDGE_CURVE('',#680,#708,#710,.T.);
#708 = VERTEX_POINT('',#709);
#709 = CARTESIAN_POINT('',(121.19516351339,36.940795077547,
    -3.552713678801E-15));
#710 = SURFACE_CURVE('',#711,(#716,#723),.PCURVE_S1.);
#711 = CIRCLE('',#712,126.7);
#712 = AXIS2_PLACEMENT_3D('',#713,#714,#715);
#713 = CARTESIAN_POINT('',(0.,-2.265596578423E-15,0.));
#714 = DIRECTION('',(0.,-1.224646799147E-16,-1.));
#715 = DIRECTION('',(1.,0.,0.));
#716 = PCURVE('',#217,#717);
#717 = DEFINITIONAL_REPRESENTATION('',(#718),#722);
#718 = CIRCLE('',#719,126.7);
#719 = AXIS2_PLACEMENT_2D('',#720,#721);
#720 = CARTESIAN_POINT('',(-63.8571467174,16.838836453625));
#721 = DIRECTION('',(1.,0.));
#722 = ( GEOMETRIC_REPRESENTATION_CONTEXT(2) 
PARAMETRIC_REPRESENTATION_CONTEXT() REPRESENTATION_CONTEXT('2D SPACE',''
  ) );
#723 = PCURVE('',#724,#729);
#724 = CYLINDRICAL_SURFACE('',#725,126.7);
#725 = AXIS2_PLACEMENT_3D('',#726,#727,#728);
#726 = CARTESIAN_POINT('',(0.,6.123233995737E-17,19.));
#727 = DIRECTION('',(0.,-1.224646799147E-16,-1.));
#728 = DIRECTION('',(1.,0.,0.));
#729 = DEFINITIONAL_REPRESENTATION('',(#730),#734);
#730 = LINE('',#731,#732);
#731 = CARTESIAN_POINT('',(0.,19.));
#732 = VECTOR('',#733,1.);
#733 = DIRECTION('',(1.,0.));
#734 = ( GEOMETRIC_REPRESENTATION_CONTEXT(2) 
PARAMETRIC_REPRESENTATION_CONTEXT() REPRESENTATION_CONTEXT('2D SPACE',''
  ) );
#735 = ORIENTED_EDGE('',*,*,#736,.F.);
#736 = EDGE_CURVE('',#737,#708,#739,.T.);
#737 = VERTEX_POINT('',#738);
#738 = CARTESIAN_POINT('',(81.381927810797,20.542196226259,
    -3.552713678801E-15));
#739 = SURFACE_CURVE('',#740,(#744,#751),.PCURVE_S1.);
#740 = LINE('',#741,#742);
#741 = CARTESIAN_POINT('',(72.993374345688,17.087050700172,
    -3.552713678801E-15));
#742 = VECTOR('',#743,1.);
#743 = DIRECTION('',(0.924637916936,0.38084737437,-4.664035179862E-17));
#744 = PCURVE('',#217,#745);
#745 = DEFINITIONAL_REPRESENTATION('',(#746),#750);
#746 = LINE('',#747,#748);
#747 = CARTESIAN_POINT('',(9.136227628284,-0.248214246547));
#748 = VECTOR('',#749,1.);
#749 = DIRECTION('',(0.924637916936,-0.38084737437));
#750 = ( GEOMETRIC_REPRESENTATION_CONTEXT(2) 
PARAMETRIC_REPRESENTATION_CONTEXT() REPRESENTATION_CONTEXT('2D SPACE',''
  ) );
#751 = PCURVE('',#752,#757);
#752 = PLANE('',#753);
#753 = AXIS2_PLACEMENT_3D('',#754,#755,#756);
#754 = CARTESIAN_POINT('',(72.993374345688,17.087050700172,8.));
#755 = DIRECTION('',(0.38084737437,-0.924637916936,1.132354865346E-16));
#756 = DIRECTION('',(0.,-1.224646799147E-16,-1.));
#757 = DEFINITIONAL_REPRESENTATION('',(#758),#762);
#758 = LINE('',#759,#760);
#759 = CARTESIAN_POINT('',(8.,3.73122814389E-16));
#760 = VECTOR('',#761,1.);
#761 = DIRECTION('',(0.,1.));
#762 = ( GEOMETRIC_REPRESENTATION_CONTEXT(2) 
PARAMETRIC_REPRESENTATION_CONTEXT() REPRESENTATION_CONTEXT('2D SPACE',''
  ) );
#763 = ORIENTED_EDGE('',*,*,#764,.T.);
#764 = EDGE_CURVE('',#737,#258,#765,.T.);
#765 = SURFACE_CURVE('',#766,(#771,#782),.PCURVE_S1.);
#766 = CIRCLE('',#767,6.);
#767 = AXIS2_PLACEMENT_3D('',#768,#769,#770);
#768 = CARTESIAN_POINT('',(83.667012057019,14.994368724645,0.));
#769 = DIRECTION('',(0.,1.224646799147E-16,1.));
#770 = DIRECTION('',(0.924637916936,0.38084737437,-4.664035179862E-17));
#771 = PCURVE('',#217,#772);
#772 = DEFINITIONAL_REPRESENTATION('',(#773),#781);
#773 = ( BOUNDED_CURVE() B_SPLINE_CURVE(2,(#774,#775,#776,#777,#778,#779
,#780),.UNSPECIFIED.,.T.,.F.) B_SPLINE_CURVE_WITH_KNOTS((1,2,2,2,2,1),(
    -2.094395102393,0.,2.094395102393,4.188790204786,6.28318530718,
8.377580409573),.UNSPECIFIED.) CURVE() GEOMETRIC_REPRESENTATION_ITEM() 
RATIONAL_B_SPLINE_CURVE((1.,0.5,1.,0.5,1.,0.5,1.)) REPRESENTATION_ITEM(
  '') );
#774 = CARTESIAN_POINT('',(25.357692841229,-0.440616517242));
#775 = CARTESIAN_POINT('',(21.399810827198,-10.04973562166));
#776 = CARTESIAN_POINT('',(15.057010581792,-1.817549700122));
#777 = CARTESIAN_POINT('',(8.714210336386,6.414636221423));
#778 = CARTESIAN_POINT('',(19.014892595823,7.791569404302));
#779 = CARTESIAN_POINT('',(29.315574855261,9.168502587182));
#780 = CARTESIAN_POINT('',(25.357692841229,-0.440616517242));
#781 = ( GEOMETRIC_REPRESENTATION_CONTEXT(2) 
PARAMETRIC_REPRESENTATION_CONTEXT() REPRESENTATION_CONTEXT('2D SPACE',''
  ) );
#782 = PCURVE('',#783,#788);
#783 = CYLINDRICAL_SURFACE('',#784,6.);
#784 = AXIS2_PLACEMENT_3D('',#785,#786,#787);
#785 = CARTESIAN_POINT('',(83.667012057019,14.994368724645,8.));
#786 = DIRECTION('',(0.,1.224646799147E-16,1.));
#787 = DIRECTION('',(0.924637916936,0.38084737437,-4.664035179862E-17));
#788 = DEFINITIONAL_REPRESENTATION('',(#789),#793);
#789 = LINE('',#790,#791);
#790 = CARTESIAN_POINT('',(0.,-8.));
#791 = VECTOR('',#792,1.);
#792 = DIRECTION('',(1.,0.));
#793 = ( GEOMETRIC_REPRESENTATION_CONTEXT(2) 
PARAMETRIC_REPRESENTATION_CONTEXT() REPRESENTATION_CONTEXT('2D SPACE',''
  ) );
#794 = FACE_BOUND('',#795,.T.);
#795 = EDGE_LOOP('',(#796));
#796 = ORIENTED_EDGE('',*,*,#797,.F.);
#797 = EDGE_CURVE('',#798,#798,#800,.T.);
#798 = VERTEX_POINT('',#799);
#799 = CARTESIAN_POINT('',(-42.71143349771,46.88249304365,
    -7.105427357601E-15));
#800 = SURFACE_CURVE('',#801,(#806,#813),.PCURVE_S1.);
#801 = CIRCLE('',#802,3.8);
#802 = AXIS2_PLACEMENT_3D('',#803,#804,#805);
#803 = CARTESIAN_POINT('',(-46.51143349771,46.88249304365,
    -7.105427357601E-15));
#804 = DIRECTION('',(0.,-1.224646799147E-16,-1.));
#805 = DIRECTION('',(1.,0.,0.));
#806 = PCURVE('',#217,#807);
#807 = DEFINITIONAL_REPRESENTATION('',(#808),#812);
#808 = CIRCLE('',#809,3.8);
#809 = AXIS2_PLACEMENT_2D('',#810,#811);
#810 = CARTESIAN_POINT('',(-110.3685802151,-30.04365659002));
#811 = DIRECTION('',(1.,0.));
#812 = ( GEOMETRIC_REPRESENTATION_CONTEXT(2) 
PARAMETRIC_REPRESENTATION_CONTEXT() REPRESENTATION_CONTEXT('2D SPACE',''
  ) );
#813 = PCURVE('',#814,#819);
#814 = CYLINDRICAL_SURFACE('',#815,3.8);
#815 = AXIS2_PLACEMENT_3D('',#816,#817,#818);
#816 = CARTESIAN_POINT('',(-46.51143349771,46.88249304365,19.5));
#817 = DIRECTION('',(0.,-1.224646799147E-16,-1.));
#818 = DIRECTION('',(1.,0.,0.));
#819 = DEFINITIONAL_REPRESENTATION('',(#820),#824);
#820 = LINE('',#821,#822);
#821 = CARTESIAN_POINT('',(0.,19.5));
#822 = VECTOR('',#823,1.);
#823 = DIRECTION('',(1.,0.));
#824 = ( GEOMETRIC_REPRESENTATION_CONTEXT(2) 
PARAMETRIC_REPRESENTATION_CONTEXT() REPRESENTATION_CONTEXT('2D SPACE',''
  ) );
#825 = FACE_BOUND('',#826,.T.);
#826 = EDGE_LOOP('',(#827));
#827 = ORIENTED_EDGE('',*,*,#828,.F.);
#828 = EDGE_CURVE('',#829,#829,#831,.T.);
#829 = VERTEX_POINT('',#830);
#830 = CARTESIAN_POINT('',(-53.69231766592,33.02,-3.552713678801E-15));
#831 = SURFACE_CURVE('',#832,(#837,#844),.PCURVE_S1.);
#832 = CIRCLE('',#833,3.5);
#833 = AXIS2_PLACEMENT_3D('',#834,#835,#836);
#834 = CARTESIAN_POINT('',(-57.19231766592,33.02,-3.552713678801E-15));
#835 = DIRECTION('',(0.,-1.224646799147E-16,-1.));
#836 = DIRECTION('',(1.,0.,0.));
#837 = PCURVE('',#217,#838);
#838 = DEFINITIONAL_REPRESENTATION('',(#839),#843);
#839 = CIRCLE('',#840,3.5);
#840 = AXIS2_PLACEMENT_2D('',#841,#842);
#841 = CARTESIAN_POINT('',(-121.0494643833,-16.18116354637));
#842 = DIRECTION('',(1.,0.));
#843 = ( GEOMETRIC_REPRESENTATION_CONTEXT(2) 
PARAMETRIC_REPRESENTATION_CONTEXT() REPRESENTATION_CONTEXT('2D SPACE',''
  ) );
#844 = PCURVE('',#845,#850);
#845 = CYLINDRICAL_SURFACE('',#846,3.5);
#846 = AXIS2_PLACEMENT_3D('',#847,#848,#849);
#847 = CARTESIAN_POINT('',(-57.19231766592,33.02,19.5));
#848 = DIRECTION('',(0.,-1.224646799147E-16,-1.));
#849 = DIRECTION('',(1.,0.,0.));
#850 = DEFINITIONAL_REPRESENTATION('',(#851),#855);
#851 = LINE('',#852,#853);
#852 = CARTESIAN_POINT('',(0.,19.5));
#853 = VECTOR('',#854,1.);
#854 = DIRECTION('',(1.,0.));
#855 = ( GEOMETRIC_REPRESENTATION_CONTEXT(2) 
PARAMETRIC_REPRESENTATION_CONTEXT() REPRESENTATION_CONTEXT('2D SPACE',''
  ) );
#856 = FACE_BOUND('',#857,.T.);
#857 = EDGE_LOOP('',(#858));
#858 = ORIENTED_EDGE('',*,*,#859,.F.);
#859 = EDGE_CURVE('',#860,#860,#862,.T.);
#860 = VERTEX_POINT('',#861);
#861 = CARTESIAN_POINT('',(-17.75463708614,46.539008515382,
    -7.105427357601E-15));
#862 = SURFACE_CURVE('',#863,(#868,#875),.PCURVE_S1.);
#863 = CIRCLE('',#864,2.);
#864 = AXIS2_PLACEMENT_3D('',#865,#866,#867);
#865 = CARTESIAN_POINT('',(-19.75463708614,46.539008515382,
    -7.105427357601E-15));
#866 = DIRECTION('',(0.,-1.224646799147E-16,-1.));
#867 = DIRECTION('',(1.,0.,0.));
#868 = PCURVE('',#217,#869);
#869 = DEFINITIONAL_REPRESENTATION('',(#870),#874);
#870 = CIRCLE('',#871,2.);
#871 = AXIS2_PLACEMENT_2D('',#872,#873);
#872 = CARTESIAN_POINT('',(-83.61178380354,-29.70017206175));
#873 = DIRECTION('',(1.,0.));
#874 = ( GEOMETRIC_REPRESENTATION_CONTEXT(2) 
PARAMETRIC_REPRESENTATION_CONTEXT() REPRESENTATION_CONTEXT('2D SPACE',''
  ) );
#875 = PCURVE('',#876,#881);
#876 = CYLINDRICAL_SURFACE('',#877,2.);
#877 = AXIS2_PLACEMENT_3D('',#878,#879,#880);
#878 = CARTESIAN_POINT('',(-19.75463708614,46.539008515382,19.5));
#879 = DIRECTION('',(0.,-1.224646799147E-16,-1.));
#880 = DIRECTION('',(1.,0.,0.));
#881 = DEFINITIONAL_REPRESENTATION('',(#882),#886);
#882 = LINE('',#883,#884);
#883 = CARTESIAN_POINT('',(0.,19.5));
#884 = VECTOR('',#885,1.);
#885 = DIRECTION('',(1.,0.));
#886 = ( GEOMETRIC_REPRESENTATION_CONTEXT(2) 
PARAMETRIC_REPRESENTATION_CONTEXT() REPRESENTATION_CONTEXT('2D SPACE',''
  ) );
#887 = FACE_BOUND('',#888,.T.);
#888 = EDGE_LOOP('',(#889));
#889 = ORIENTED_EDGE('',*,*,#890,.F.);
#890 = EDGE_CURVE('',#891,#891,#893,.T.);
#891 = VERTEX_POINT('',#892);
#892 = CARTESIAN_POINT('',(38.,7.041719095097E-15,0.));
#893 = SURFACE_CURVE('',#894,(#899,#906),.PCURVE_S1.);
#894 = CIRCLE('',#895,38.);
#895 = AXIS2_PLACEMENT_3D('',#896,#897,#898);
#896 = CARTESIAN_POINT('',(0.,-2.265596578423E-15,0.));
#897 = DIRECTION('',(0.,-1.224646799147E-16,-1.));
#898 = DIRECTION('',(1.,0.,0.));
#899 = PCURVE('',#217,#900);
#900 = DEFINITIONAL_REPRESENTATION('',(#901),#905);
#901 = CIRCLE('',#902,38.);
#902 = AXIS2_PLACEMENT_2D('',#903,#904);
#903 = CARTESIAN_POINT('',(-63.8571467174,16.838836453625));
#904 = DIRECTION('',(1.,0.));
#905 = ( GEOMETRIC_REPRESENTATION_CONTEXT(2) 
PARAMETRIC_REPRESENTATION_CONTEXT() REPRESENTATION_CONTEXT('2D SPACE',''
  ) );
#906 = PCURVE('',#907,#912);
#907 = CYLINDRICAL_SURFACE('',#908,38.);
#908 = AXIS2_PLACEMENT_3D('',#909,#910,#911);
#909 = CARTESIAN_POINT('',(0.,1.224646799147E-16,19.5));
#910 = DIRECTION('',(0.,-1.224646799147E-16,-1.));
#911 = DIRECTION('',(1.,0.,0.));
#912 = DEFINITIONAL_REPRESENTATION('',(#913),#917);
#913 = LINE('',#914,#915);
#914 = CARTESIAN_POINT('',(0.,19.5));
#915 = VECTOR('',#916,1.);
#916 = DIRECTION('',(1.,0.));
#917 = ( GEOMETRIC_REPRESENTATION_CONTEXT(2) 
PARAMETRIC_REPRESENTATION_CONTEXT() REPRESENTATION_CONTEXT('2D SPACE',''
  ) );
#918 = FACE_BOUND('',#919,.T.);
#919 = EDGE_LOOP('',(#920));
#920 = ORIENTED_EDGE('',*,*,#921,.F.);
#921 = EDGE_CURVE('',#922,#922,#924,.T.);
#922 = VERTEX_POINT('',#923);
#923 = CARTESIAN_POINT('',(60.692317665924,33.02,-3.552713678801E-15));
#924 = SURFACE_CURVE('',#925,(#930,#937),.PCURVE_S1.);
#925 = CIRCLE('',#926,3.5);
#926 = AXIS2_PLACEMENT_3D('',#927,#928,#929);
#927 = CARTESIAN_POINT('',(57.192317665924,33.02,-3.552713678801E-15));
#928 = DIRECTION('',(0.,-1.224646799147E-16,-1.));
#929 = DIRECTION('',(1.,0.,0.));
#930 = PCURVE('',#217,#931);
#931 = DEFINITIONAL_REPRESENTATION('',(#932),#936);
#932 = CIRCLE('',#933,3.5);
#933 = AXIS2_PLACEMENT_2D('',#934,#935);
#934 = CARTESIAN_POINT('',(-6.66482905148,-16.18116354637));
#935 = DIRECTION('',(1.,0.));
#936 = ( GEOMETRIC_REPRESENTATION_CONTEXT(2) 
PARAMETRIC_REPRESENTATION_CONTEXT() REPRESENTATION_CONTEXT('2D SPACE',''
  ) );
#937 = PCURVE('',#938,#943);
#938 = CYLINDRICAL_SURFACE('',#939,3.5);
#939 = AXIS2_PLACEMENT_3D('',#940,#941,#942);
#940 = CARTESIAN_POINT('',(57.192317665924,33.02,19.5));
#941 = DIRECTION('',(0.,-1.224646799147E-16,-1.));
#942 = DIRECTION('',(1.,0.,0.));
#943 = DEFINITIONAL_REPRESENTATION('',(#944),#948);
#944 = LINE('',#945,#946);
#945 = CARTESIAN_POINT('',(0.,19.5));
#946 = VECTOR('',#947,1.);
#947 = DIRECTION('',(1.,0.));
#948 = ( GEOMETRIC_REPRESENTATION_CONTEXT(2) 
PARAMETRIC_REPRESENTATION_CONTEXT() REPRESENTATION_CONTEXT('2D SPACE',''
  ) );
#949 = FACE_BOUND('',#950,.T.);
#950 = EDGE_LOOP('',(#951));
#951 = ORIENTED_EDGE('',*,*,#952,.F.);
#952 = EDGE_CURVE('',#953,#953,#955,.T.);
#953 = VERTEX_POINT('',#954);
#954 = CARTESIAN_POINT('',(48.539008515382,19.754637086144,
    -3.552713678801E-15));
#955 = SURFACE_CURVE('',#956,(#961,#968),.PCURVE_S1.);
#956 = CIRCLE('',#957,2.);
#957 = AXIS2_PLACEMENT_3D('',#958,#959,#960);
#958 = CARTESIAN_POINT('',(46.539008515382,19.754637086144,
    -3.552713678801E-15));
#959 = DIRECTION('',(0.,-1.224646799147E-16,-1.));
#960 = DIRECTION('',(1.,0.,0.));
#961 = PCURVE('',#217,#962);
#962 = DEFINITIONAL_REPRESENTATION('',(#963),#967);
#963 = CIRCLE('',#964,2.);
#964 = AXIS2_PLACEMENT_2D('',#965,#966);
#965 = CARTESIAN_POINT('',(-17.31813820202,-2.915800632519));
#966 = DIRECTION('',(1.,0.));
#967 = ( GEOMETRIC_REPRESENTATION_CONTEXT(2) 
PARAMETRIC_REPRESENTATION_CONTEXT() REPRESENTATION_CONTEXT('2D SPACE',''
  ) );
#968 = PCURVE('',#969,#974);
#969 = CYLINDRICAL_SURFACE('',#970,2.);
#970 = AXIS2_PLACEMENT_3D('',#971,#972,#973);
#971 = CARTESIAN_POINT('',(46.539008515382,19.754637086144,19.5));
#972 = DIRECTION('',(0.,-1.224646799147E-16,-1.));
#973 = DIRECTION('',(1.,0.,0.));
#974 = DEFINITIONAL_REPRESENTATION('',(#975),#979);
#975 = LINE('',#976,#977);
#976 = CARTESIAN_POINT('',(0.,19.5));
#977 = VECTOR('',#978,1.);
#978 = DIRECTION('',(1.,0.));
#979 = ( GEOMETRIC_REPRESENTATION_CONTEXT(2) 
PARAMETRIC_REPRESENTATION_CONTEXT() REPRESENTATION_CONTEXT('2D SPACE',''
  ) );
#980 = FACE_BOUND('',#981,.T.);
#981 = EDGE_LOOP('',(#982));
#982 = ORIENTED_EDGE('',*,*,#200,.F.);
#983 = FACE_BOUND('',#984,.T.);
#984 = EDGE_LOOP('',(#985));
#985 = ORIENTED_EDGE('',*,*,#986,.F.);
#986 = EDGE_CURVE('',#987,#987,#989,.T.);
#987 = VERTEX_POINT('',#988);
#988 = CARTESIAN_POINT('',(-44.53900851538,-19.75463708614,
    3.552713678801E-15));
#989 = SURFACE_CURVE('',#990,(#995,#1002),.PCURVE_S1.);
#990 = CIRCLE('',#991,2.);
#991 = AXIS2_PLACEMENT_3D('',#992,#993,#994);
#992 = CARTESIAN_POINT('',(-46.53900851538,-19.75463708614,
    3.552713678801E-15));
#993 = DIRECTION('',(0.,-1.224646799147E-16,-1.));
#994 = DIRECTION('',(1.,0.,0.));
#995 = PCURVE('',#217,#996);
#996 = DEFINITIONAL_REPRESENTATION('',(#997),#1001);
#997 = CIRCLE('',#998,2.);
#998 = AXIS2_PLACEMENT_2D('',#999,#1000);
#999 = CARTESIAN_POINT('',(-110.3961552327,36.593473539768));
#1000 = DIRECTION('',(1.,0.));
#1001 = ( GEOMETRIC_REPRESENTATION_CONTEXT(2) 
PARAMETRIC_REPRESENTATION_CONTEXT() REPRESENTATION_CONTEXT('2D SPACE',''
  ) );
#1002 = PCURVE('',#1003,#1008);
#1003 = CYLINDRICAL_SURFACE('',#1004,2.);
#1004 = AXIS2_PLACEMENT_3D('',#1005,#1006,#1007);
#1005 = CARTESIAN_POINT('',(-46.53900851538,-19.75463708614,19.5));
#1006 = DIRECTION('',(0.,-1.224646799147E-16,-1.));
#1007 = DIRECTION('',(1.,0.,0.));
#1008 = DEFINITIONAL_REPRESENTATION('',(#1009),#1013);
#1009 = LINE('',#1010,#1011);
#1010 = CARTESIAN_POINT('',(0.,19.5));
#1011 = VECTOR('',#1012,1.);
#1012 = DIRECTION('',(1.,0.));
#1013 = ( GEOMETRIC_REPRESENTATION_CONTEXT(2) 
PARAMETRIC_REPRESENTATION_CONTEXT() REPRESENTATION_CONTEXT('2D SPACE',''
  ) );
#1014 = FACE_BOUND('',#1015,.T.);
#1015 = EDGE_LOOP('',(#1016));
#1016 = ORIENTED_EDGE('',*,*,#1017,.F.);
#1017 = EDGE_CURVE('',#1018,#1018,#1020,.T.);
#1018 = VERTEX_POINT('',#1019);
#1019 = CARTESIAN_POINT('',(-13.54571321969,-63.72132949727,
    7.105427357601E-15));
#1020 = SURFACE_CURVE('',#1021,(#1026,#1033),.PCURVE_S1.);
#1021 = CIRCLE('',#1022,3.8);
#1022 = AXIS2_PLACEMENT_3D('',#1023,#1024,#1025);
#1023 = CARTESIAN_POINT('',(-17.34571321969,-63.72132949727,
    7.105427357601E-15));
#1024 = DIRECTION('',(0.,-1.224646799147E-16,-1.));
#1025 = DIRECTION('',(1.,0.,0.));
#1026 = PCURVE('',#217,#1027);
#1027 = DEFINITIONAL_REPRESENTATION('',(#1028),#1032);
#1028 = CIRCLE('',#1029,3.8);
#1029 = AXIS2_PLACEMENT_2D('',#1030,#1031);
#1030 = CARTESIAN_POINT('',(-81.20285993709,80.560165950899));
#1031 = DIRECTION('',(1.,0.));
#1032 = ( GEOMETRIC_REPRESENTATION_CONTEXT(2) 
PARAMETRIC_REPRESENTATION_CONTEXT() REPRESENTATION_CONTEXT('2D SPACE',''
  ) );
#1033 = PCURVE('',#1034,#1039);
#1034 = CYLINDRICAL_SURFACE('',#1035,3.8);
#1035 = AXIS2_PLACEMENT_3D('',#1036,#1037,#1038);
#1036 = CARTESIAN_POINT('',(-17.34571321969,-63.72132949727,19.5));
#1037 = DIRECTION('',(0.,-1.224646799147E-16,-1.));
#1038 = DIRECTION('',(1.,0.,0.));
#1039 = DEFINITIONAL_REPRESENTATION('',(#1040),#1044);
#1040 = LINE('',#1041,#1042);
#1041 = CARTESIAN_POINT('',(0.,19.5));
#1042 = VECTOR('',#1043,1.);
#1043 = DIRECTION('',(1.,0.));
#1044 = ( GEOMETRIC_REPRESENTATION_CONTEXT(2) 
PARAMETRIC_REPRESENTATION_CONTEXT() REPRESENTATION_CONTEXT('2D SPACE',''
  ) );
#1045 = FACE_BOUND('',#1046,.T.);
#1046 = EDGE_LOOP('',(#1047));
#1047 = ORIENTED_EDGE('',*,*,#1048,.F.);
#1048 = EDGE_CURVE('',#1049,#1049,#1051,.T.);
#1049 = VERTEX_POINT('',#1050);
#1050 = CARTESIAN_POINT('',(3.5,-66.04,7.105427357601E-15));
#1051 = SURFACE_CURVE('',#1052,(#1057,#1064),.PCURVE_S1.);
#1052 = CIRCLE('',#1053,3.5);
#1053 = AXIS2_PLACEMENT_3D('',#1054,#1055,#1056);
#1054 = CARTESIAN_POINT('',(4.043783730785E-15,-66.04,7.105427357601E-15
    ));
#1055 = DIRECTION('',(0.,-1.224646799147E-16,-1.));
#1056 = DIRECTION('',(1.,0.,0.));
#1057 = PCURVE('',#217,#1058);
#1058 = DEFINITIONAL_REPRESENTATION('',(#1059),#1063);
#1059 = CIRCLE('',#1060,3.5);
#1060 = AXIS2_PLACEMENT_2D('',#1061,#1062);
#1061 = CARTESIAN_POINT('',(-63.8571467174,82.878836453625));
#1062 = DIRECTION('',(1.,0.));
#1063 = ( GEOMETRIC_REPRESENTATION_CONTEXT(2) 
PARAMETRIC_REPRESENTATION_CONTEXT() REPRESENTATION_CONTEXT('2D SPACE',''
  ) );
#1064 = PCURVE('',#1065,#1070);
#1065 = CYLINDRICAL_SURFACE('',#1066,3.5);
#1066 = AXIS2_PLACEMENT_3D('',#1067,#1068,#1069);
#1067 = CARTESIAN_POINT('',(4.043783730785E-15,-66.04,19.5));
#1068 = DIRECTION('',(0.,-1.224646799147E-16,-1.));
#1069 = DIRECTION('',(1.,0.,0.));
#1070 = DEFINITIONAL_REPRESENTATION('',(#1071),#1075);
#1071 = LINE('',#1072,#1073);
#1072 = CARTESIAN_POINT('',(0.,19.5));
#1073 = VECTOR('',#1074,1.);
#1074 = DIRECTION('',(1.,0.));
#1075 = ( GEOMETRIC_REPRESENTATION_CONTEXT(2) 
PARAMETRIC_REPRESENTATION_CONTEXT() REPRESENTATION_CONTEXT('2D SPACE',''
  ) );
#1076 = FACE_BOUND('',#1077,.T.);
#1077 = EDGE_LOOP('',(#1078));
#1078 = ORIENTED_EDGE('',*,*,#1079,.F.);
#1079 = EDGE_CURVE('',#1080,#1080,#1082,.T.);
#1080 = VERTEX_POINT('',#1081);
#1081 = CARTESIAN_POINT('',(21.754637086144,-46.53900851538,
    7.105427357601E-15));
#1082 = SURFACE_CURVE('',#1083,(#1088,#1095),.PCURVE_S1.);
#1083 = CIRCLE('',#1084,2.);
#1084 = AXIS2_PLACEMENT_3D('',#1085,#1086,#1087);
#1085 = CARTESIAN_POINT('',(19.754637086144,-46.53900851538,
    7.105427357601E-15));
#1086 = DIRECTION('',(0.,-1.224646799147E-16,-1.));
#1087 = DIRECTION('',(1.,0.,0.));
#1088 = PCURVE('',#217,#1089);
#1089 = DEFINITIONAL_REPRESENTATION('',(#1090),#1094);
#1090 = CIRCLE('',#1091,2.);
#1091 = AXIS2_PLACEMENT_2D('',#1092,#1093);
#1092 = CARTESIAN_POINT('',(-44.10250963126,63.377844969006));
#1093 = DIRECTION('',(1.,0.));
#1094 = ( GEOMETRIC_REPRESENTATION_CONTEXT(2) 
PARAMETRIC_REPRESENTATION_CONTEXT() REPRESENTATION_CONTEXT('2D SPACE',''
  ) );
#1095 = PCURVE('',#1096,#1101);
#1096 = CYLINDRICAL_SURFACE('',#1097,2.);
#1097 = AXIS2_PLACEMENT_3D('',#1098,#1099,#1100);
#1098 = CARTESIAN_POINT('',(19.754637086144,-46.53900851538,19.5));
#1099 = DIRECTION('',(0.,-1.224646799147E-16,-1.));
#1100 = DIRECTION('',(1.,0.,0.));
#1101 = DEFINITIONAL_REPRESENTATION('',(#1102),#1106);
#1102 = LINE('',#1103,#1104);
#1103 = CARTESIAN_POINT('',(0.,19.5));
#1104 = VECTOR('',#1105,1.);
#1105 = DIRECTION('',(1.,0.));
#1106 = ( GEOMETRIC_REPRESENTATION_CONTEXT(2) 
PARAMETRIC_REPRESENTATION_CONTEXT() REPRESENTATION_CONTEXT('2D SPACE',''
  ) );
#1107 = ADVANCED_FACE('',(#1108),#1096,.F.);
#1108 = FACE_BOUND('',#1109,.F.);
#1109 = EDGE_LOOP('',(#1110,#1111,#1134,#1156));
#1110 = ORIENTED_EDGE('',*,*,#1079,.F.);
#1111 = ORIENTED_EDGE('',*,*,#1112,.F.);
#1112 = EDGE_CURVE('',#1113,#1080,#1115,.T.);
#1113 = VERTEX_POINT('',#1114);
#1114 = CARTESIAN_POINT('',(21.754637086144,-46.53900851538,8.));
#1115 = SEAM_CURVE('',#1116,(#1120,#1127),.PCURVE_S1.);
#1116 = LINE('',#1117,#1118);
#1117 = CARTESIAN_POINT('',(21.754637086144,-46.53900851538,19.5));
#1118 = VECTOR('',#1119,1.);
#1119 = DIRECTION('',(0.,-1.224646799147E-16,-1.));
#1120 = PCURVE('',#1096,#1121);
#1121 = DEFINITIONAL_REPRESENTATION('',(#1122),#1126);
#1122 = LINE('',#1123,#1124);
#1123 = CARTESIAN_POINT('',(6.28318530718,-0.));
#1124 = VECTOR('',#1125,1.);
#1125 = DIRECTION('',(0.,1.));
#1126 = ( GEOMETRIC_REPRESENTATION_CONTEXT(2) 
PARAMETRIC_REPRESENTATION_CONTEXT() REPRESENTATION_CONTEXT('2D SPACE',''
  ) );
#1127 = PCURVE('',#1096,#1128);
#1128 = DEFINITIONAL_REPRESENTATION('',(#1129),#1133);
#1129 = LINE('',#1130,#1131);
#1130 = CARTESIAN_POINT('',(0.,-0.));
#1131 = VECTOR('',#1132,1.);
#1132 = DIRECTION('',(0.,1.));
#1133 = ( GEOMETRIC_REPRESENTATION_CONTEXT(2) 
PARAMETRIC_REPRESENTATION_CONTEXT() REPRESENTATION_CONTEXT('2D SPACE',''
  ) );
#1134 = ORIENTED_EDGE('',*,*,#1135,.T.);
#1135 = EDGE_CURVE('',#1113,#1113,#1136,.T.);
#1136 = SURFACE_CURVE('',#1137,(#1142,#1149),.PCURVE_S1.);
#1137 = CIRCLE('',#1138,2.);
#1138 = AXIS2_PLACEMENT_3D('',#1139,#1140,#1141);
#1139 = CARTESIAN_POINT('',(19.754637086144,-46.53900851538,8.));
#1140 = DIRECTION('',(0.,-1.224646799147E-16,-1.));
#1141 = DIRECTION('',(1.,0.,0.));
#1142 = PCURVE('',#1096,#1143);
#1143 = DEFINITIONAL_REPRESENTATION('',(#1144),#1148);
#1144 = LINE('',#1145,#1146);
#1145 = CARTESIAN_POINT('',(0.,11.5));
#1146 = VECTOR('',#1147,1.);
#1147 = DIRECTION('',(1.,0.));
#1148 = ( GEOMETRIC_REPRESENTATION_CONTEXT(2) 
PARAMETRIC_REPRESENTATION_CONTEXT() REPRESENTATION_CONTEXT('2D SPACE',''
  ) );
#1149 = PCURVE('',#43,#1150);
#1150 = DEFINITIONAL_REPRESENTATION('',(#1151),#1155);
#1151 = CIRCLE('',#1152,2.);
#1152 = AXIS2_PLACEMENT_2D('',#1153,#1154);
#1153 = CARTESIAN_POINT('',(19.754637086144,46.539008515382));
#1154 = DIRECTION('',(1.,0.));
#1155 = ( GEOMETRIC_REPRESENTATION_CONTEXT(2) 
PARAMETRIC_REPRESENTATION_CONTEXT() REPRESENTATION_CONTEXT('2D SPACE',''
  ) );
#1156 = ORIENTED_EDGE('',*,*,#1112,.T.);
#1157 = ADVANCED_FACE('',(#1158),#1065,.F.);
#1158 = FACE_BOUND('',#1159,.F.);
#1159 = EDGE_LOOP('',(#1160,#1161,#1184,#1206));
#1160 = ORIENTED_EDGE('',*,*,#1048,.F.);
#1161 = ORIENTED_EDGE('',*,*,#1162,.F.);
#1162 = EDGE_CURVE('',#1163,#1049,#1165,.T.);
#1163 = VERTEX_POINT('',#1164);
#1164 = CARTESIAN_POINT('',(3.5,-66.04,8.));
#1165 = SEAM_CURVE('',#1166,(#1170,#1177),.PCURVE_S1.);
#1166 = LINE('',#1167,#1168);
#1167 = CARTESIAN_POINT('',(3.5,-66.04,19.5));
#1168 = VECTOR('',#1169,1.);
#1169 = DIRECTION('',(0.,-1.224646799147E-16,-1.));
#1170 = PCURVE('',#1065,#1171);
#1171 = DEFINITIONAL_REPRESENTATION('',(#1172),#1176);
#1172 = LINE('',#1173,#1174);
#1173 = CARTESIAN_POINT('',(6.28318530718,-0.));
#1174 = VECTOR('',#1175,1.);
#1175 = DIRECTION('',(0.,1.));
#1176 = ( GEOMETRIC_REPRESENTATION_CONTEXT(2) 
PARAMETRIC_REPRESENTATION_CONTEXT() REPRESENTATION_CONTEXT('2D SPACE',''
  ) );
#1177 = PCURVE('',#1065,#1178);
#1178 = DEFINITIONAL_REPRESENTATION('',(#1179),#1183);
#1179 = LINE('',#1180,#1181);
#1180 = CARTESIAN_POINT('',(0.,-0.));
#1181 = VECTOR('',#1182,1.);
#1182 = DIRECTION('',(0.,1.));
#1183 = ( GEOMETRIC_REPRESENTATION_CONTEXT(2) 
PARAMETRIC_REPRESENTATION_CONTEXT() REPRESENTATION_CONTEXT('2D SPACE',''
  ) );
#1184 = ORIENTED_EDGE('',*,*,#1185,.T.);
#1185 = EDGE_CURVE('',#1163,#1163,#1186,.T.);
#1186 = SURFACE_CURVE('',#1187,(#1192,#1199),.PCURVE_S1.);
#1187 = CIRCLE('',#1188,3.5);
#1188 = AXIS2_PLACEMENT_3D('',#1189,#1190,#1191);
#1189 = CARTESIAN_POINT('',(4.043783730785E-15,-66.04,8.));
#1190 = DIRECTION('',(0.,-1.224646799147E-16,-1.));
#1191 = DIRECTION('',(1.,0.,0.));
#1192 = PCURVE('',#1065,#1193);
#1193 = DEFINITIONAL_REPRESENTATION('',(#1194),#1198);
#1194 = LINE('',#1195,#1196);
#1195 = CARTESIAN_POINT('',(0.,11.5));
#1196 = VECTOR('',#1197,1.);
#1197 = DIRECTION('',(1.,0.));
#1198 = ( GEOMETRIC_REPRESENTATION_CONTEXT(2) 
PARAMETRIC_REPRESENTATION_CONTEXT() REPRESENTATION_CONTEXT('2D SPACE',''
  ) );
#1199 = PCURVE('',#43,#1200);
#1200 = DEFINITIONAL_REPRESENTATION('',(#1201),#1205);
#1201 = CIRCLE('',#1202,3.5);
#1202 = AXIS2_PLACEMENT_2D('',#1203,#1204);
#1203 = CARTESIAN_POINT('',(4.043783730785E-15,66.04));
#1204 = DIRECTION('',(1.,0.));
#1205 = ( GEOMETRIC_REPRESENTATION_CONTEXT(2) 
PARAMETRIC_REPRESENTATION_CONTEXT() REPRESENTATION_CONTEXT('2D SPACE',''
  ) );
#1206 = ORIENTED_EDGE('',*,*,#1162,.T.);
#1207 = ADVANCED_FACE('',(#1208),#1034,.F.);
#1208 = FACE_BOUND('',#1209,.F.);
#1209 = EDGE_LOOP('',(#1210,#1211,#1234,#1261));
#1210 = ORIENTED_EDGE('',*,*,#1017,.F.);
#1211 = ORIENTED_EDGE('',*,*,#1212,.F.);
#1212 = EDGE_CURVE('',#1213,#1018,#1215,.T.);
#1213 = VERTEX_POINT('',#1214);
#1214 = CARTESIAN_POINT('',(-13.54571321969,-63.72132949727,12.));
#1215 = SEAM_CURVE('',#1216,(#1220,#1227),.PCURVE_S1.);
#1216 = LINE('',#1217,#1218);
#1217 = CARTESIAN_POINT('',(-13.54571321969,-63.72132949727,19.5));
#1218 = VECTOR('',#1219,1.);
#1219 = DIRECTION('',(0.,-1.224646799147E-16,-1.));
#1220 = PCURVE('',#1034,#1221);
#1221 = DEFINITIONAL_REPRESENTATION('',(#1222),#1226);
#1222 = LINE('',#1223,#1224);
#1223 = CARTESIAN_POINT('',(6.28318530718,-0.));
#1224 = VECTOR('',#1225,1.);
#1225 = DIRECTION('',(0.,1.));
#1226 = ( GEOMETRIC_REPRESENTATION_CONTEXT(2) 
PARAMETRIC_REPRESENTATION_CONTEXT() REPRESENTATION_CONTEXT('2D SPACE',''
  ) );
#1227 = PCURVE('',#1034,#1228);
#1228 = DEFINITIONAL_REPRESENTATION('',(#1229),#1233);
#1229 = LINE('',#1230,#1231);
#1230 = CARTESIAN_POINT('',(0.,-0.));
#1231 = VECTOR('',#1232,1.);
#1232 = DIRECTION('',(0.,1.));
#1233 = ( GEOMETRIC_REPRESENTATION_CONTEXT(2) 
PARAMETRIC_REPRESENTATION_CONTEXT() REPRESENTATION_CONTEXT('2D SPACE',''
  ) );
#1234 = ORIENTED_EDGE('',*,*,#1235,.T.);
#1235 = EDGE_CURVE('',#1213,#1213,#1236,.T.);
#1236 = SURFACE_CURVE('',#1237,(#1242,#1249),.PCURVE_S1.);
#1237 = CIRCLE('',#1238,3.8);
#1238 = AXIS2_PLACEMENT_3D('',#1239,#1240,#1241);
#1239 = CARTESIAN_POINT('',(-17.34571321969,-63.72132949727,12.));
#1240 = DIRECTION('',(0.,-1.224646799147E-16,-1.));
#1241 = DIRECTION('',(1.,0.,0.));
#1242 = PCURVE('',#1034,#1243);
#1243 = DEFINITIONAL_REPRESENTATION('',(#1244),#1248);
#1244 = LINE('',#1245,#1246);
#1245 = CARTESIAN_POINT('',(0.,7.5));
#1246 = VECTOR('',#1247,1.);
#1247 = DIRECTION('',(1.,0.));
#1248 = ( GEOMETRIC_REPRESENTATION_CONTEXT(2) 
PARAMETRIC_REPRESENTATION_CONTEXT() REPRESENTATION_CONTEXT('2D SPACE',''
  ) );
#1249 = PCURVE('',#1250,#1255);
#1250 = PLANE('',#1251);
#1251 = AXIS2_PLACEMENT_3D('',#1252,#1253,#1254);
#1252 = CARTESIAN_POINT('',(-17.34571321969,-63.72132949727,12.));
#1253 = DIRECTION('',(0.,-1.224646799147E-16,-1.));
#1254 = DIRECTION('',(1.,0.,0.));
#1255 = DEFINITIONAL_REPRESENTATION('',(#1256),#1260);
#1256 = CIRCLE('',#1257,3.8);
#1257 = AXIS2_PLACEMENT_2D('',#1258,#1259);
#1258 = CARTESIAN_POINT('',(0.,0.));
#1259 = DIRECTION('',(1.,0.));
#1260 = ( GEOMETRIC_REPRESENTATION_CONTEXT(2) 
PARAMETRIC_REPRESENTATION_CONTEXT() REPRESENTATION_CONTEXT('2D SPACE',''
  ) );
#1261 = ORIENTED_EDGE('',*,*,#1212,.T.);
#1262 = ADVANCED_FACE('',(#1263,#1294),#1250,.F.);
#1263 = FACE_BOUND('',#1264,.F.);
#1264 = EDGE_LOOP('',(#1265));
#1265 = ORIENTED_EDGE('',*,*,#1266,.T.);
#1266 = EDGE_CURVE('',#1267,#1267,#1269,.T.);
#1267 = VERTEX_POINT('',#1268);
#1268 = CARTESIAN_POINT('',(-10.14571321969,-63.72132949727,12.));
#1269 = SURFACE_CURVE('',#1270,(#1275,#1282),.PCURVE_S1.);
#1270 = CIRCLE('',#1271,7.2);
#1271 = AXIS2_PLACEMENT_3D('',#1272,#1273,#1274);
#1272 = CARTESIAN_POINT('',(-17.34571321969,-63.72132949727,12.));
#1273 = DIRECTION('',(0.,-1.224646799147E-16,-1.));
#1274 = DIRECTION('',(1.,0.,0.));
#1275 = PCURVE('',#1250,#1276);
#1276 = DEFINITIONAL_REPRESENTATION('',(#1277),#1281);
#1277 = CIRCLE('',#1278,7.2);
#1278 = AXIS2_PLACEMENT_2D('',#1279,#1280);
#1279 = CARTESIAN_POINT('',(0.,0.));
#1280 = DIRECTION('',(1.,0.));
#1281 = ( GEOMETRIC_REPRESENTATION_CONTEXT(2) 
PARAMETRIC_REPRESENTATION_CONTEXT() REPRESENTATION_CONTEXT('2D SPACE',''
  ) );
#1282 = PCURVE('',#1283,#1288);
#1283 = CYLINDRICAL_SURFACE('',#1284,7.2);
#1284 = AXIS2_PLACEMENT_3D('',#1285,#1286,#1287);
#1285 = CARTESIAN_POINT('',(-17.34571321969,-63.72132949727,12.));
#1286 = DIRECTION('',(0.,-1.224646799147E-16,-1.));
#1287 = DIRECTION('',(1.,0.,0.));
#1288 = DEFINITIONAL_REPRESENTATION('',(#1289),#1293);
#1289 = LINE('',#1290,#1291);
#1290 = CARTESIAN_POINT('',(0.,0.));
#1291 = VECTOR('',#1292,1.);
#1292 = DIRECTION('',(1.,0.));
#1293 = ( GEOMETRIC_REPRESENTATION_CONTEXT(2) 
PARAMETRIC_REPRESENTATION_CONTEXT() REPRESENTATION_CONTEXT('2D SPACE',''
  ) );
#1294 = FACE_BOUND('',#1295,.F.);
#1295 = EDGE_LOOP('',(#1296));
#1296 = ORIENTED_EDGE('',*,*,#1235,.F.);
#1297 = ADVANCED_FACE('',(#1298),#1283,.T.);
#1298 = FACE_BOUND('',#1299,.T.);
#1299 = EDGE_LOOP('',(#1300,#1329,#1350,#1351));
#1300 = ORIENTED_EDGE('',*,*,#1301,.F.);
#1301 = EDGE_CURVE('',#1302,#1302,#1304,.T.);
#1302 = VERTEX_POINT('',#1303);
#1303 = CARTESIAN_POINT('',(-10.14571321969,-63.72132949727,9.5));
#1304 = SURFACE_CURVE('',#1305,(#1310,#1317),.PCURVE_S1.);
#1305 = CIRCLE('',#1306,7.2);
#1306 = AXIS2_PLACEMENT_3D('',#1307,#1308,#1309);
#1307 = CARTESIAN_POINT('',(-17.34571321969,-63.72132949727,9.5));
#1308 = DIRECTION('',(0.,-1.224646799147E-16,-1.));
#1309 = DIRECTION('',(1.,0.,0.));
#1310 = PCURVE('',#1283,#1311);
#1311 = DEFINITIONAL_REPRESENTATION('',(#1312),#1316);
#1312 = LINE('',#1313,#1314);
#1313 = CARTESIAN_POINT('',(0.,2.5));
#1314 = VECTOR('',#1315,1.);
#1315 = DIRECTION('',(1.,0.));
#1316 = ( GEOMETRIC_REPRESENTATION_CONTEXT(2) 
PARAMETRIC_REPRESENTATION_CONTEXT() REPRESENTATION_CONTEXT('2D SPACE',''
  ) );
#1317 = PCURVE('',#1318,#1323);
#1318 = TOROIDAL_SURFACE('',#1319,8.7,1.5);
#1319 = AXIS2_PLACEMENT_3D('',#1320,#1321,#1322);
#1320 = CARTESIAN_POINT('',(-17.34571321969,-63.72132949727,9.5));
#1321 = DIRECTION('',(0.,-1.224646799147E-16,-1.));
#1322 = DIRECTION('',(1.,0.,0.));
#1323 = DEFINITIONAL_REPRESENTATION('',(#1324),#1328);
#1324 = LINE('',#1325,#1326);
#1325 = CARTESIAN_POINT('',(0.,3.14159265359));
#1326 = VECTOR('',#1327,1.);
#1327 = DIRECTION('',(1.,0.));
#1328 = ( GEOMETRIC_REPRESENTATION_CONTEXT(2) 
PARAMETRIC_REPRESENTATION_CONTEXT() REPRESENTATION_CONTEXT('2D SPACE',''
  ) );
#1329 = ORIENTED_EDGE('',*,*,#1330,.F.);
#1330 = EDGE_CURVE('',#1267,#1302,#1331,.T.);
#1331 = SEAM_CURVE('',#1332,(#1336,#1343),.PCURVE_S1.);
#1332 = LINE('',#1333,#1334);
#1333 = CARTESIAN_POINT('',(-10.14571321969,-63.72132949727,12.));
#1334 = VECTOR('',#1335,1.);
#1335 = DIRECTION('',(0.,-1.224646799147E-16,-1.));
#1336 = PCURVE('',#1283,#1337);
#1337 = DEFINITIONAL_REPRESENTATION('',(#1338),#1342);
#1338 = LINE('',#1339,#1340);
#1339 = CARTESIAN_POINT('',(6.28318530718,-0.));
#1340 = VECTOR('',#1341,1.);
#1341 = DIRECTION('',(0.,1.));
#1342 = ( GEOMETRIC_REPRESENTATION_CONTEXT(2) 
PARAMETRIC_REPRESENTATION_CONTEXT() REPRESENTATION_CONTEXT('2D SPACE',''
  ) );
#1343 = PCURVE('',#1283,#1344);
#1344 = DEFINITIONAL_REPRESENTATION('',(#1345),#1349);
#1345 = LINE('',#1346,#1347);
#1346 = CARTESIAN_POINT('',(0.,-0.));
#1347 = VECTOR('',#1348,1.);
#1348 = DIRECTION('',(0.,1.));
#1349 = ( GEOMETRIC_REPRESENTATION_CONTEXT(2) 
PARAMETRIC_REPRESENTATION_CONTEXT() REPRESENTATION_CONTEXT('2D SPACE',''
  ) );
#1350 = ORIENTED_EDGE('',*,*,#1266,.T.);
#1351 = ORIENTED_EDGE('',*,*,#1330,.T.);
#1352 = ADVANCED_FACE('',(#1353),#1318,.F.);
#1353 = FACE_BOUND('',#1354,.F.);
#1354 = EDGE_LOOP('',(#1355,#1379,#1401,#1402));
#1355 = ORIENTED_EDGE('',*,*,#1356,.T.);
#1356 = EDGE_CURVE('',#1357,#1357,#1359,.T.);
#1357 = VERTEX_POINT('',#1358);
#1358 = CARTESIAN_POINT('',(-8.645713219692,-63.72132949727,8.));
#1359 = SURFACE_CURVE('',#1360,(#1365,#1372),.PCURVE_S1.);
#1360 = CIRCLE('',#1361,8.7);
#1361 = AXIS2_PLACEMENT_3D('',#1362,#1363,#1364);
#1362 = CARTESIAN_POINT('',(-17.34571321969,-63.72132949727,8.));
#1363 = DIRECTION('',(0.,-1.224646799147E-16,-1.));
#1364 = DIRECTION('',(1.,0.,0.));
#1365 = PCURVE('',#1318,#1366);
#1366 = DEFINITIONAL_REPRESENTATION('',(#1367),#1371);
#1367 = LINE('',#1368,#1369);
#1368 = CARTESIAN_POINT('',(0.,1.570796326795));
#1369 = VECTOR('',#1370,1.);
#1370 = DIRECTION('',(1.,0.));
#1371 = ( GEOMETRIC_REPRESENTATION_CONTEXT(2) 
PARAMETRIC_REPRESENTATION_CONTEXT() REPRESENTATION_CONTEXT('2D SPACE',''
  ) );
#1372 = PCURVE('',#43,#1373);
#1373 = DEFINITIONAL_REPRESENTATION('',(#1374),#1378);
#1374 = CIRCLE('',#1375,8.7);
#1375 = AXIS2_PLACEMENT_2D('',#1376,#1377);
#1376 = CARTESIAN_POINT('',(-17.34571321969,63.721329497274));
#1377 = DIRECTION('',(1.,0.));
#1378 = ( GEOMETRIC_REPRESENTATION_CONTEXT(2) 
PARAMETRIC_REPRESENTATION_CONTEXT() REPRESENTATION_CONTEXT('2D SPACE',''
  ) );
#1379 = ORIENTED_EDGE('',*,*,#1380,.T.);
#1380 = EDGE_CURVE('',#1357,#1302,#1381,.T.);
#1381 = SEAM_CURVE('',#1382,(#1387,#1394),.PCURVE_S1.);
#1382 = CIRCLE('',#1383,1.5);
#1383 = AXIS2_PLACEMENT_3D('',#1384,#1385,#1386);
#1384 = CARTESIAN_POINT('',(-8.645713219692,-63.72132949727,9.5));
#1385 = DIRECTION('',(0.,1.,-1.224646799147E-16));
#1386 = DIRECTION('',(1.184237892934E-15,-1.224646799147E-16,-1.));
#1387 = PCURVE('',#1318,#1388);
#1388 = DEFINITIONAL_REPRESENTATION('',(#1389),#1393);
#1389 = LINE('',#1390,#1391);
#1390 = CARTESIAN_POINT('',(0.,1.570796326795));
#1391 = VECTOR('',#1392,1.);
#1392 = DIRECTION('',(0.,1.));
#1393 = ( GEOMETRIC_REPRESENTATION_CONTEXT(2) 
PARAMETRIC_REPRESENTATION_CONTEXT() REPRESENTATION_CONTEXT('2D SPACE',''
  ) );
#1394 = PCURVE('',#1318,#1395);
#1395 = DEFINITIONAL_REPRESENTATION('',(#1396),#1400);
#1396 = LINE('',#1397,#1398);
#1397 = CARTESIAN_POINT('',(6.28318530718,1.570796326795));
#1398 = VECTOR('',#1399,1.);
#1399 = DIRECTION('',(0.,1.));
#1400 = ( GEOMETRIC_REPRESENTATION_CONTEXT(2) 
PARAMETRIC_REPRESENTATION_CONTEXT() REPRESENTATION_CONTEXT('2D SPACE',''
  ) );
#1401 = ORIENTED_EDGE('',*,*,#1301,.F.);
#1402 = ORIENTED_EDGE('',*,*,#1380,.F.);
#1403 = ADVANCED_FACE('',(#1404),#1003,.F.);
#1404 = FACE_BOUND('',#1405,.F.);
#1405 = EDGE_LOOP('',(#1406,#1407,#1430,#1452));
#1406 = ORIENTED_EDGE('',*,*,#986,.F.);
#1407 = ORIENTED_EDGE('',*,*,#1408,.F.);
#1408 = EDGE_CURVE('',#1409,#987,#1411,.T.);
#1409 = VERTEX_POINT('',#1410);
#1410 = CARTESIAN_POINT('',(-44.53900851538,-19.75463708614,8.));
#1411 = SEAM_CURVE('',#1412,(#1416,#1423),.PCURVE_S1.);
#1412 = LINE('',#1413,#1414);
#1413 = CARTESIAN_POINT('',(-44.53900851538,-19.75463708614,19.5));
#1414 = VECTOR('',#1415,1.);
#1415 = DIRECTION('',(0.,-1.224646799147E-16,-1.));
#1416 = PCURVE('',#1003,#1417);
#1417 = DEFINITIONAL_REPRESENTATION('',(#1418),#1422);
#1418 = LINE('',#1419,#1420);
#1419 = CARTESIAN_POINT('',(6.28318530718,-0.));
#1420 = VECTOR('',#1421,1.);
#1421 = DIRECTION('',(0.,1.));
#1422 = ( GEOMETRIC_REPRESENTATION_CONTEXT(2) 
PARAMETRIC_REPRESENTATION_CONTEXT() REPRESENTATION_CONTEXT('2D SPACE',''
  ) );
#1423 = PCURVE('',#1003,#1424);
#1424 = DEFINITIONAL_REPRESENTATION('',(#1425),#1429);
#1425 = LINE('',#1426,#1427);
#1426 = CARTESIAN_POINT('',(0.,-0.));
#1427 = VECTOR('',#1428,1.);
#1428 = DIRECTION('',(0.,1.));
#1429 = ( GEOMETRIC_REPRESENTATION_CONTEXT(2) 
PARAMETRIC_REPRESENTATION_CONTEXT() REPRESENTATION_CONTEXT('2D SPACE',''
  ) );
#1430 = ORIENTED_EDGE('',*,*,#1431,.T.);
#1431 = EDGE_CURVE('',#1409,#1409,#1432,.T.);
#1432 = SURFACE_CURVE('',#1433,(#1438,#1445),.PCURVE_S1.);
#1433 = CIRCLE('',#1434,2.);
#1434 = AXIS2_PLACEMENT_3D('',#1435,#1436,#1437);
#1435 = CARTESIAN_POINT('',(-46.53900851538,-19.75463708614,8.));
#1436 = DIRECTION('',(0.,-1.224646799147E-16,-1.));
#1437 = DIRECTION('',(1.,0.,0.));
#1438 = PCURVE('',#1003,#1439);
#1439 = DEFINITIONAL_REPRESENTATION('',(#1440),#1444);
#1440 = LINE('',#1441,#1442);
#1441 = CARTESIAN_POINT('',(0.,11.5));
#1442 = VECTOR('',#1443,1.);
#1443 = DIRECTION('',(1.,0.));
#1444 = ( GEOMETRIC_REPRESENTATION_CONTEXT(2) 
PARAMETRIC_REPRESENTATION_CONTEXT() REPRESENTATION_CONTEXT('2D SPACE',''
  ) );
#1445 = PCURVE('',#43,#1446);
#1446 = DEFINITIONAL_REPRESENTATION('',(#1447),#1451);
#1447 = CIRCLE('',#1448,2.);
#1448 = AXIS2_PLACEMENT_2D('',#1449,#1450);
#1449 = CARTESIAN_POINT('',(-46.53900851538,19.754637086144));
#1450 = DIRECTION('',(1.,0.));
#1451 = ( GEOMETRIC_REPRESENTATION_CONTEXT(2) 
PARAMETRIC_REPRESENTATION_CONTEXT() REPRESENTATION_CONTEXT('2D SPACE',''
  ) );
#1452 = ORIENTED_EDGE('',*,*,#1408,.T.);
#1453 = ADVANCED_FACE('',(#1454),#969,.F.);
#1454 = FACE_BOUND('',#1455,.F.);
#1455 = EDGE_LOOP('',(#1456,#1457,#1480,#1502));
#1456 = ORIENTED_EDGE('',*,*,#952,.F.);
#1457 = ORIENTED_EDGE('',*,*,#1458,.F.);
#1458 = EDGE_CURVE('',#1459,#953,#1461,.T.);
#1459 = VERTEX_POINT('',#1460);
#1460 = CARTESIAN_POINT('',(48.539008515382,19.754637086144,8.));
#1461 = SEAM_CURVE('',#1462,(#1466,#1473),.PCURVE_S1.);
#1462 = LINE('',#1463,#1464);
#1463 = CARTESIAN_POINT('',(48.539008515382,19.754637086144,19.5));
#1464 = VECTOR('',#1465,1.);
#1465 = DIRECTION('',(0.,-1.224646799147E-16,-1.));
#1466 = PCURVE('',#969,#1467);
#1467 = DEFINITIONAL_REPRESENTATION('',(#1468),#1472);
#1468 = LINE('',#1469,#1470);
#1469 = CARTESIAN_POINT('',(6.28318530718,-0.));
#1470 = VECTOR('',#1471,1.);
#1471 = DIRECTION('',(0.,1.));
#1472 = ( GEOMETRIC_REPRESENTATION_CONTEXT(2) 
PARAMETRIC_REPRESENTATION_CONTEXT() REPRESENTATION_CONTEXT('2D SPACE',''
  ) );
#1473 = PCURVE('',#969,#1474);
#1474 = DEFINITIONAL_REPRESENTATION('',(#1475),#1479);
#1475 = LINE('',#1476,#1477);
#1476 = CARTESIAN_POINT('',(0.,-0.));
#1477 = VECTOR('',#1478,1.);
#1478 = DIRECTION('',(0.,1.));
#1479 = ( GEOMETRIC_REPRESENTATION_CONTEXT(2) 
PARAMETRIC_REPRESENTATION_CONTEXT() REPRESENTATION_CONTEXT('2D SPACE',''
  ) );
#1480 = ORIENTED_EDGE('',*,*,#1481,.T.);
#1481 = EDGE_CURVE('',#1459,#1459,#1482,.T.);
#1482 = SURFACE_CURVE('',#1483,(#1488,#1495),.PCURVE_S1.);
#1483 = CIRCLE('',#1484,2.);
#1484 = AXIS2_PLACEMENT_3D('',#1485,#1486,#1487);
#1485 = CARTESIAN_POINT('',(46.539008515382,19.754637086144,8.));
#1486 = DIRECTION('',(0.,-1.224646799147E-16,-1.));
#1487 = DIRECTION('',(1.,0.,0.));
#1488 = PCURVE('',#969,#1489);
#1489 = DEFINITIONAL_REPRESENTATION('',(#1490),#1494);
#1490 = LINE('',#1491,#1492);
#1491 = CARTESIAN_POINT('',(0.,11.5));
#1492 = VECTOR('',#1493,1.);
#1493 = DIRECTION('',(1.,0.));
#1494 = ( GEOMETRIC_REPRESENTATION_CONTEXT(2) 
PARAMETRIC_REPRESENTATION_CONTEXT() REPRESENTATION_CONTEXT('2D SPACE',''
  ) );
#1495 = PCURVE('',#43,#1496);
#1496 = DEFINITIONAL_REPRESENTATION('',(#1497),#1501);
#1497 = CIRCLE('',#1498,2.);
#1498 = AXIS2_PLACEMENT_2D('',#1499,#1500);
#1499 = CARTESIAN_POINT('',(46.539008515382,-19.75463708614));
#1500 = DIRECTION('',(1.,0.));
#1501 = ( GEOMETRIC_REPRESENTATION_CONTEXT(2) 
PARAMETRIC_REPRESENTATION_CONTEXT() REPRESENTATION_CONTEXT('2D SPACE',''
  ) );
#1502 = ORIENTED_EDGE('',*,*,#1458,.T.);
#1503 = ADVANCED_FACE('',(#1504),#938,.F.);
#1504 = FACE_BOUND('',#1505,.F.);
#1505 = EDGE_LOOP('',(#1506,#1507,#1530,#1552));
#1506 = ORIENTED_EDGE('',*,*,#921,.F.);
#1507 = ORIENTED_EDGE('',*,*,#1508,.F.);
#1508 = EDGE_CURVE('',#1509,#922,#1511,.T.);
#1509 = VERTEX_POINT('',#1510);
#1510 = CARTESIAN_POINT('',(60.692317665924,33.02,8.));
#1511 = SEAM_CURVE('',#1512,(#1516,#1523),.PCURVE_S1.);
#1512 = LINE('',#1513,#1514);
#1513 = CARTESIAN_POINT('',(60.692317665924,33.02,19.5));
#1514 = VECTOR('',#1515,1.);
#1515 = DIRECTION('',(0.,-1.224646799147E-16,-1.));
#1516 = PCURVE('',#938,#1517);
#1517 = DEFINITIONAL_REPRESENTATION('',(#1518),#1522);
#1518 = LINE('',#1519,#1520);
#1519 = CARTESIAN_POINT('',(6.28318530718,-0.));
#1520 = VECTOR('',#1521,1.);
#1521 = DIRECTION('',(0.,1.));
#1522 = ( GEOMETRIC_REPRESENTATION_CONTEXT(2) 
PARAMETRIC_REPRESENTATION_CONTEXT() REPRESENTATION_CONTEXT('2D SPACE',''
  ) );
#1523 = PCURVE('',#938,#1524);
#1524 = DEFINITIONAL_REPRESENTATION('',(#1525),#1529);
#1525 = LINE('',#1526,#1527);
#1526 = CARTESIAN_POINT('',(0.,-0.));
#1527 = VECTOR('',#1528,1.);
#1528 = DIRECTION('',(0.,1.));
#1529 = ( GEOMETRIC_REPRESENTATION_CONTEXT(2) 
PARAMETRIC_REPRESENTATION_CONTEXT() REPRESENTATION_CONTEXT('2D SPACE',''
  ) );
#1530 = ORIENTED_EDGE('',*,*,#1531,.T.);
#1531 = EDGE_CURVE('',#1509,#1509,#1532,.T.);
#1532 = SURFACE_CURVE('',#1533,(#1538,#1545),.PCURVE_S1.);
#1533 = CIRCLE('',#1534,3.5);
#1534 = AXIS2_PLACEMENT_3D('',#1535,#1536,#1537);
#1535 = CARTESIAN_POINT('',(57.192317665924,33.02,8.));
#1536 = DIRECTION('',(0.,-1.224646799147E-16,-1.));
#1537 = DIRECTION('',(1.,0.,0.));
#1538 = PCURVE('',#938,#1539);
#1539 = DEFINITIONAL_REPRESENTATION('',(#1540),#1544);
#1540 = LINE('',#1541,#1542);
#1541 = CARTESIAN_POINT('',(0.,11.5));
#1542 = VECTOR('',#1543,1.);
#1543 = DIRECTION('',(1.,0.));
#1544 = ( GEOMETRIC_REPRESENTATION_CONTEXT(2) 
PARAMETRIC_REPRESENTATION_CONTEXT() REPRESENTATION_CONTEXT('2D SPACE',''
  ) );
#1545 = PCURVE('',#43,#1546);
#1546 = DEFINITIONAL_REPRESENTATION('',(#1547),#1551);
#1547 = CIRCLE('',#1548,3.5);
#1548 = AXIS2_PLACEMENT_2D('',#1549,#1550);
#1549 = CARTESIAN_POINT('',(57.192317665924,-33.02));
#1550 = DIRECTION('',(1.,0.));
#1551 = ( GEOMETRIC_REPRESENTATION_CONTEXT(2) 
PARAMETRIC_REPRESENTATION_CONTEXT() REPRESENTATION_CONTEXT('2D SPACE',''
  ) );
#1552 = ORIENTED_EDGE('',*,*,#1508,.T.);
#1553 = ADVANCED_FACE('',(#1554),#907,.F.);
#1554 = FACE_BOUND('',#1555,.F.);
#1555 = EDGE_LOOP('',(#1556,#1557,#1580,#1602));
#1556 = ORIENTED_EDGE('',*,*,#890,.F.);
#1557 = ORIENTED_EDGE('',*,*,#1558,.F.);
#1558 = EDGE_CURVE('',#1559,#891,#1561,.T.);
#1559 = VERTEX_POINT('',#1560);
#1560 = CARTESIAN_POINT('',(38.,8.021436534415E-15,8.));
#1561 = SEAM_CURVE('',#1562,(#1566,#1573),.PCURVE_S1.);
#1562 = LINE('',#1563,#1564);
#1563 = CARTESIAN_POINT('',(38.,9.429780353435E-15,19.5));
#1564 = VECTOR('',#1565,1.);
#1565 = DIRECTION('',(0.,-1.224646799147E-16,-1.));
#1566 = PCURVE('',#907,#1567);
#1567 = DEFINITIONAL_REPRESENTATION('',(#1568),#1572);
#1568 = LINE('',#1569,#1570);
#1569 = CARTESIAN_POINT('',(6.28318530718,-0.));
#1570 = VECTOR('',#1571,1.);
#1571 = DIRECTION('',(0.,1.));
#1572 = ( GEOMETRIC_REPRESENTATION_CONTEXT(2) 
PARAMETRIC_REPRESENTATION_CONTEXT() REPRESENTATION_CONTEXT('2D SPACE',''
  ) );
#1573 = PCURVE('',#907,#1574);
#1574 = DEFINITIONAL_REPRESENTATION('',(#1575),#1579);
#1575 = LINE('',#1576,#1577);
#1576 = CARTESIAN_POINT('',(0.,-0.));
#1577 = VECTOR('',#1578,1.);
#1578 = DIRECTION('',(0.,1.));
#1579 = ( GEOMETRIC_REPRESENTATION_CONTEXT(2) 
PARAMETRIC_REPRESENTATION_CONTEXT() REPRESENTATION_CONTEXT('2D SPACE',''
  ) );
#1580 = ORIENTED_EDGE('',*,*,#1581,.T.);
#1581 = EDGE_CURVE('',#1559,#1559,#1582,.T.);
#1582 = SURFACE_CURVE('',#1583,(#1588,#1595),.PCURVE_S1.);
#1583 = CIRCLE('',#1584,38.);
#1584 = AXIS2_PLACEMENT_3D('',#1585,#1586,#1587);
#1585 = CARTESIAN_POINT('',(0.,-1.285879139105E-15,8.));
#1586 = DIRECTION('',(0.,-1.224646799147E-16,-1.));
#1587 = DIRECTION('',(1.,0.,0.));
#1588 = PCURVE('',#907,#1589);
#1589 = DEFINITIONAL_REPRESENTATION('',(#1590),#1594);
#1590 = LINE('',#1591,#1592);
#1591 = CARTESIAN_POINT('',(0.,11.5));
#1592 = VECTOR('',#1593,1.);
#1593 = DIRECTION('',(1.,0.));
#1594 = ( GEOMETRIC_REPRESENTATION_CONTEXT(2) 
PARAMETRIC_REPRESENTATION_CONTEXT() REPRESENTATION_CONTEXT('2D SPACE',''
  ) );
#1595 = PCURVE('',#43,#1596);
#1596 = DEFINITIONAL_REPRESENTATION('',(#1597),#1601);
#1597 = CIRCLE('',#1598,38.);
#1598 = AXIS2_PLACEMENT_2D('',#1599,#1600);
#1599 = CARTESIAN_POINT('',(0.,0.));
#1600 = DIRECTION('',(1.,0.));
#1601 = ( GEOMETRIC_REPRESENTATION_CONTEXT(2) 
PARAMETRIC_REPRESENTATION_CONTEXT() REPRESENTATION_CONTEXT('2D SPACE',''
  ) );
#1602 = ORIENTED_EDGE('',*,*,#1558,.T.);
#1603 = ADVANCED_FACE('',(#1604),#876,.F.);
#1604 = FACE_BOUND('',#1605,.F.);
#1605 = EDGE_LOOP('',(#1606,#1607,#1630,#1652));
#1606 = ORIENTED_EDGE('',*,*,#859,.F.);
#1607 = ORIENTED_EDGE('',*,*,#1608,.F.);
#1608 = EDGE_CURVE('',#1609,#860,#1611,.T.);
#1609 = VERTEX_POINT('',#1610);
#1610 = CARTESIAN_POINT('',(-17.75463708614,46.539008515382,8.));
#1611 = SEAM_CURVE('',#1612,(#1616,#1623),.PCURVE_S1.);
#1612 = LINE('',#1613,#1614);
#1613 = CARTESIAN_POINT('',(-17.75463708614,46.539008515382,19.5));
#1614 = VECTOR('',#1615,1.);
#1615 = DIRECTION('',(0.,-1.224646799147E-16,-1.));
#1616 = PCURVE('',#876,#1617);
#1617 = DEFINITIONAL_REPRESENTATION('',(#1618),#1622);
#1618 = LINE('',#1619,#1620);
#1619 = CARTESIAN_POINT('',(6.28318530718,-0.));
#1620 = VECTOR('',#1621,1.);
#1621 = DIRECTION('',(0.,1.));
#1622 = ( GEOMETRIC_REPRESENTATION_CONTEXT(2) 
PARAMETRIC_REPRESENTATION_CONTEXT() REPRESENTATION_CONTEXT('2D SPACE',''
  ) );
#1623 = PCURVE('',#876,#1624);
#1624 = DEFINITIONAL_REPRESENTATION('',(#1625),#1629);
#1625 = LINE('',#1626,#1627);
#1626 = CARTESIAN_POINT('',(0.,-0.));
#1627 = VECTOR('',#1628,1.);
#1628 = DIRECTION('',(0.,1.));
#1629 = ( GEOMETRIC_REPRESENTATION_CONTEXT(2) 
PARAMETRIC_REPRESENTATION_CONTEXT() REPRESENTATION_CONTEXT('2D SPACE',''
  ) );
#1630 = ORIENTED_EDGE('',*,*,#1631,.T.);
#1631 = EDGE_CURVE('',#1609,#1609,#1632,.T.);
#1632 = SURFACE_CURVE('',#1633,(#1638,#1645),.PCURVE_S1.);
#1633 = CIRCLE('',#1634,2.);
#1634 = AXIS2_PLACEMENT_3D('',#1635,#1636,#1637);
#1635 = CARTESIAN_POINT('',(-19.75463708614,46.539008515382,8.));
#1636 = DIRECTION('',(0.,-1.224646799147E-16,-1.));
#1637 = DIRECTION('',(1.,0.,0.));
#1638 = PCURVE('',#876,#1639);
#1639 = DEFINITIONAL_REPRESENTATION('',(#1640),#1644);
#1640 = LINE('',#1641,#1642);
#1641 = CARTESIAN_POINT('',(0.,11.5));
#1642 = VECTOR('',#1643,1.);
#1643 = DIRECTION('',(1.,0.));
#1644 = ( GEOMETRIC_REPRESENTATION_CONTEXT(2) 
PARAMETRIC_REPRESENTATION_CONTEXT() REPRESENTATION_CONTEXT('2D SPACE',''
  ) );
#1645 = PCURVE('',#43,#1646);
#1646 = DEFINITIONAL_REPRESENTATION('',(#1647),#1651);
#1647 = CIRCLE('',#1648,2.);
#1648 = AXIS2_PLACEMENT_2D('',#1649,#1650);
#1649 = CARTESIAN_POINT('',(-19.75463708614,-46.53900851538));
#1650 = DIRECTION('',(1.,0.));
#1651 = ( GEOMETRIC_REPRESENTATION_CONTEXT(2) 
PARAMETRIC_REPRESENTATION_CONTEXT() REPRESENTATION_CONTEXT('2D SPACE',''
  ) );
#1652 = ORIENTED_EDGE('',*,*,#1608,.T.);
#1653 = ADVANCED_FACE('',(#1654),#845,.F.);
#1654 = FACE_BOUND('',#1655,.F.);
#1655 = EDGE_LOOP('',(#1656,#1657,#1680,#1702));
#1656 = ORIENTED_EDGE('',*,*,#828,.F.);
#1657 = ORIENTED_EDGE('',*,*,#1658,.F.);
#1658 = EDGE_CURVE('',#1659,#829,#1661,.T.);
#1659 = VERTEX_POINT('',#1660);
#1660 = CARTESIAN_POINT('',(-53.69231766592,33.02,8.));
#1661 = SEAM_CURVE('',#1662,(#1666,#1673),.PCURVE_S1.);
#1662 = LINE('',#1663,#1664);
#1663 = CARTESIAN_POINT('',(-53.69231766592,33.02,19.5));
#1664 = VECTOR('',#1665,1.);
#1665 = DIRECTION('',(0.,-1.224646799147E-16,-1.));
#1666 = PCURVE('',#845,#1667);
#1667 = DEFINITIONAL_REPRESENTATION('',(#1668),#1672);
#1668 = LINE('',#1669,#1670);
#1669 = CARTESIAN_POINT('',(6.28318530718,-0.));
#1670 = VECTOR('',#1671,1.);
#1671 = DIRECTION('',(0.,1.));
#1672 = ( GEOMETRIC_REPRESENTATION_CONTEXT(2) 
PARAMETRIC_REPRESENTATION_CONTEXT() REPRESENTATION_CONTEXT('2D SPACE',''
  ) );
#1673 = PCURVE('',#845,#1674);
#1674 = DEFINITIONAL_REPRESENTATION('',(#1675),#1679);
#1675 = LINE('',#1676,#1677);
#1676 = CARTESIAN_POINT('',(0.,-0.));
#1677 = VECTOR('',#1678,1.);
#1678 = DIRECTION('',(0.,1.));
#1679 = ( GEOMETRIC_REPRESENTATION_CONTEXT(2) 
PARAMETRIC_REPRESENTATION_CONTEXT() REPRESENTATION_CONTEXT('2D SPACE',''
  ) );
#1680 = ORIENTED_EDGE('',*,*,#1681,.T.);
#1681 = EDGE_CURVE('',#1659,#1659,#1682,.T.);
#1682 = SURFACE_CURVE('',#1683,(#1688,#1695),.PCURVE_S1.);
#1683 = CIRCLE('',#1684,3.5);
#1684 = AXIS2_PLACEMENT_3D('',#1685,#1686,#1687);
#1685 = CARTESIAN_POINT('',(-57.19231766592,33.02,8.));
#1686 = DIRECTION('',(0.,-1.224646799147E-16,-1.));
#1687 = DIRECTION('',(1.,0.,0.));
#1688 = PCURVE('',#845,#1689);
#1689 = DEFINITIONAL_REPRESENTATION('',(#1690),#1694);
#1690 = LINE('',#1691,#1692);
#1691 = CARTESIAN_POINT('',(0.,11.5));
#1692 = VECTOR('',#1693,1.);
#1693 = DIRECTION('',(1.,0.));
#1694 = ( GEOMETRIC_REPRESENTATION_CONTEXT(2) 
PARAMETRIC_REPRESENTATION_CONTEXT() REPRESENTATION_CONTEXT('2D SPACE',''
  ) );
#1695 = PCURVE('',#43,#1696);
#1696 = DEFINITIONAL_REPRESENTATION('',(#1697),#1701);
#1697 = CIRCLE('',#1698,3.5);
#1698 = AXIS2_PLACEMENT_2D('',#1699,#1700);
#1699 = CARTESIAN_POINT('',(-57.19231766592,-33.02));
#1700 = DIRECTION('',(1.,0.));
#1701 = ( GEOMETRIC_REPRESENTATION_CONTEXT(2) 
PARAMETRIC_REPRESENTATION_CONTEXT() REPRESENTATION_CONTEXT('2D SPACE',''
  ) );
#1702 = ORIENTED_EDGE('',*,*,#1658,.T.);
#1703 = ADVANCED_FACE('',(#1704),#814,.F.);
#1704 = FACE_BOUND('',#1705,.F.);
#1705 = EDGE_LOOP('',(#1706,#1707,#1730,#1757));
#1706 = ORIENTED_EDGE('',*,*,#797,.F.);
#1707 = ORIENTED_EDGE('',*,*,#1708,.F.);
#1708 = EDGE_CURVE('',#1709,#798,#1711,.T.);
#1709 = VERTEX_POINT('',#1710);
#1710 = CARTESIAN_POINT('',(-42.71143349771,46.88249304365,12.));
#1711 = SEAM_CURVE('',#1712,(#1716,#1723),.PCURVE_S1.);
#1712 = LINE('',#1713,#1714);
#1713 = CARTESIAN_POINT('',(-42.71143349771,46.88249304365,19.5));
#1714 = VECTOR('',#1715,1.);
#1715 = DIRECTION('',(0.,-1.224646799147E-16,-1.));
#1716 = PCURVE('',#814,#1717);
#1717 = DEFINITIONAL_REPRESENTATION('',(#1718),#1722);
#1718 = LINE('',#1719,#1720);
#1719 = CARTESIAN_POINT('',(6.28318530718,-0.));
#1720 = VECTOR('',#1721,1.);
#1721 = DIRECTION('',(0.,1.));
#1722 = ( GEOMETRIC_REPRESENTATION_CONTEXT(2) 
PARAMETRIC_REPRESENTATION_CONTEXT() REPRESENTATION_CONTEXT('2D SPACE',''
  ) );
#1723 = PCURVE('',#814,#1724);
#1724 = DEFINITIONAL_REPRESENTATION('',(#1725),#1729);
#1725 = LINE('',#1726,#1727);
#1726 = CARTESIAN_POINT('',(0.,-0.));
#1727 = VECTOR('',#1728,1.);
#1728 = DIRECTION('',(0.,1.));
#1729 = ( GEOMETRIC_REPRESENTATION_CONTEXT(2) 
PARAMETRIC_REPRESENTATION_CONTEXT() REPRESENTATION_CONTEXT('2D SPACE',''
  ) );
#1730 = ORIENTED_EDGE('',*,*,#1731,.T.);
#1731 = EDGE_CURVE('',#1709,#1709,#1732,.T.);
#1732 = SURFACE_CURVE('',#1733,(#1738,#1745),.PCURVE_S1.);
#1733 = CIRCLE('',#1734,3.8);
#1734 = AXIS2_PLACEMENT_3D('',#1735,#1736,#1737);
#1735 = CARTESIAN_POINT('',(-46.51143349771,46.88249304365,12.));
#1736 = DIRECTION('',(0.,-1.224646799147E-16,-1.));
#1737 = DIRECTION('',(1.,0.,0.));
#1738 = PCURVE('',#814,#1739);
#1739 = DEFINITIONAL_REPRESENTATION('',(#1740),#1744);
#1740 = LINE('',#1741,#1742);
#1741 = CARTESIAN_POINT('',(0.,7.5));
#1742 = VECTOR('',#1743,1.);
#1743 = DIRECTION('',(1.,0.));
#1744 = ( GEOMETRIC_REPRESENTATION_CONTEXT(2) 
PARAMETRIC_REPRESENTATION_CONTEXT() REPRESENTATION_CONTEXT('2D SPACE',''
  ) );
#1745 = PCURVE('',#1746,#1751);
#1746 = PLANE('',#1747);
#1747 = AXIS2_PLACEMENT_3D('',#1748,#1749,#1750);
#1748 = CARTESIAN_POINT('',(-46.51143349771,46.88249304365,12.));
#1749 = DIRECTION('',(0.,-1.224646799147E-16,-1.));
#1750 = DIRECTION('',(1.,0.,0.));
#1751 = DEFINITIONAL_REPRESENTATION('',(#1752),#1756);
#1752 = CIRCLE('',#1753,3.8);
#1753 = AXIS2_PLACEMENT_2D('',#1754,#1755);
#1754 = CARTESIAN_POINT('',(0.,0.));
#1755 = DIRECTION('',(1.,0.));
#1756 = ( GEOMETRIC_REPRESENTATION_CONTEXT(2) 
PARAMETRIC_REPRESENTATION_CONTEXT() REPRESENTATION_CONTEXT('2D SPACE',''
  ) );
#1757 = ORIENTED_EDGE('',*,*,#1708,.T.);
#1758 = ADVANCED_FACE('',(#1759,#1790),#1746,.F.);
#1759 = FACE_BOUND('',#1760,.F.);
#1760 = EDGE_LOOP('',(#1761));
#1761 = ORIENTED_EDGE('',*,*,#1762,.T.);
#1762 = EDGE_CURVE('',#1763,#1763,#1765,.T.);
#1763 = VERTEX_POINT('',#1764);
#1764 = CARTESIAN_POINT('',(-39.31143349771,46.88249304365,12.));
#1765 = SURFACE_CURVE('',#1766,(#1771,#1778),.PCURVE_S1.);
#1766 = CIRCLE('',#1767,7.2);
#1767 = AXIS2_PLACEMENT_3D('',#1768,#1769,#1770);
#1768 = CARTESIAN_POINT('',(-46.51143349771,46.88249304365,12.));
#1769 = DIRECTION('',(0.,-1.224646799147E-16,-1.));
#1770 = DIRECTION('',(1.,0.,0.));
#1771 = PCURVE('',#1746,#1772);
#1772 = DEFINITIONAL_REPRESENTATION('',(#1773),#1777);
#1773 = CIRCLE('',#1774,7.2);
#1774 = AXIS2_PLACEMENT_2D('',#1775,#1776);
#1775 = CARTESIAN_POINT('',(0.,0.));
#1776 = DIRECTION('',(1.,0.));
#1777 = ( GEOMETRIC_REPRESENTATION_CONTEXT(2) 
PARAMETRIC_REPRESENTATION_CONTEXT() REPRESENTATION_CONTEXT('2D SPACE',''
  ) );
#1778 = PCURVE('',#1779,#1784);
#1779 = CYLINDRICAL_SURFACE('',#1780,7.2);
#1780 = AXIS2_PLACEMENT_3D('',#1781,#1782,#1783);
#1781 = CARTESIAN_POINT('',(-46.51143349771,46.88249304365,12.));
#1782 = DIRECTION('',(0.,-1.224646799147E-16,-1.));
#1783 = DIRECTION('',(1.,0.,0.));
#1784 = DEFINITIONAL_REPRESENTATION('',(#1785),#1789);
#1785 = LINE('',#1786,#1787);
#1786 = CARTESIAN_POINT('',(0.,0.));
#1787 = VECTOR('',#1788,1.);
#1788 = DIRECTION('',(1.,0.));
#1789 = ( GEOMETRIC_REPRESENTATION_CONTEXT(2) 
PARAMETRIC_REPRESENTATION_CONTEXT() REPRESENTATION_CONTEXT('2D SPACE',''
  ) );
#1790 = FACE_BOUND('',#1791,.F.);
#1791 = EDGE_LOOP('',(#1792));
#1792 = ORIENTED_EDGE('',*,*,#1731,.F.);
#1793 = ADVANCED_FACE('',(#1794),#1779,.T.);
#1794 = FACE_BOUND('',#1795,.T.);
#1795 = EDGE_LOOP('',(#1796,#1825,#1846,#1847));
#1796 = ORIENTED_EDGE('',*,*,#1797,.F.);
#1797 = EDGE_CURVE('',#1798,#1798,#1800,.T.);
#1798 = VERTEX_POINT('',#1799);
#1799 = CARTESIAN_POINT('',(-39.31143349771,46.88249304365,9.5));
#1800 = SURFACE_CURVE('',#1801,(#1806,#1813),.PCURVE_S1.);
#1801 = CIRCLE('',#1802,7.2);
#1802 = AXIS2_PLACEMENT_3D('',#1803,#1804,#1805);
#1803 = CARTESIAN_POINT('',(-46.51143349771,46.88249304365,9.5));
#1804 = DIRECTION('',(0.,-1.224646799147E-16,-1.));
#1805 = DIRECTION('',(1.,0.,0.));
#1806 = PCURVE('',#1779,#1807);
#1807 = DEFINITIONAL_REPRESENTATION('',(#1808),#1812);
#1808 = LINE('',#1809,#1810);
#1809 = CARTESIAN_POINT('',(0.,2.5));
#1810 = VECTOR('',#1811,1.);
#1811 = DIRECTION('',(1.,0.));
#1812 = ( GEOMETRIC_REPRESENTATION_CONTEXT(2) 
PARAMETRIC_REPRESENTATION_CONTEXT() REPRESENTATION_CONTEXT('2D SPACE',''
  ) );
#1813 = PCURVE('',#1814,#1819);
#1814 = TOROIDAL_SURFACE('',#1815,8.7,1.5);
#1815 = AXIS2_PLACEMENT_3D('',#1816,#1817,#1818);
#1816 = CARTESIAN_POINT('',(-46.51143349771,46.88249304365,9.5));
#1817 = DIRECTION('',(0.,-1.224646799147E-16,-1.));
#1818 = DIRECTION('',(1.,0.,0.));
#1819 = DEFINITIONAL_REPRESENTATION('',(#1820),#1824);
#1820 = LINE('',#1821,#1822);
#1821 = CARTESIAN_POINT('',(0.,3.14159265359));
#1822 = VECTOR('',#1823,1.);
#1823 = DIRECTION('',(1.,0.));
#1824 = ( GEOMETRIC_REPRESENTATION_CONTEXT(2) 
PARAMETRIC_REPRESENTATION_CONTEXT() REPRESENTATION_CONTEXT('2D SPACE',''
  ) );
#1825 = ORIENTED_EDGE('',*,*,#1826,.F.);
#1826 = EDGE_CURVE('',#1763,#1798,#1827,.T.);
#1827 = SEAM_CURVE('',#1828,(#1832,#1839),.PCURVE_S1.);
#1828 = LINE('',#1829,#1830);
#1829 = CARTESIAN_POINT('',(-39.31143349771,46.88249304365,12.));
#1830 = VECTOR('',#1831,1.);
#1831 = DIRECTION('',(0.,-1.224646799147E-16,-1.));
#1832 = PCURVE('',#1779,#1833);
#1833 = DEFINITIONAL_REPRESENTATION('',(#1834),#1838);
#1834 = LINE('',#1835,#1836);
#1835 = CARTESIAN_POINT('',(6.28318530718,-0.));
#1836 = VECTOR('',#1837,1.);
#1837 = DIRECTION('',(0.,1.));
#1838 = ( GEOMETRIC_REPRESENTATION_CONTEXT(2) 
PARAMETRIC_REPRESENTATION_CONTEXT() REPRESENTATION_CONTEXT('2D SPACE',''
  ) );
#1839 = PCURVE('',#1779,#1840);
#1840 = DEFINITIONAL_REPRESENTATION('',(#1841),#1845);
#1841 = LINE('',#1842,#1843);
#1842 = CARTESIAN_POINT('',(0.,-0.));
#1843 = VECTOR('',#1844,1.);
#1844 = DIRECTION('',(0.,1.));
#1845 = ( GEOMETRIC_REPRESENTATION_CONTEXT(2) 
PARAMETRIC_REPRESENTATION_CONTEXT() REPRESENTATION_CONTEXT('2D SPACE',''
  ) );
#1846 = ORIENTED_EDGE('',*,*,#1762,.T.);
#1847 = ORIENTED_EDGE('',*,*,#1826,.T.);
#1848 = ADVANCED_FACE('',(#1849),#1814,.F.);
#1849 = FACE_BOUND('',#1850,.F.);
#1850 = EDGE_LOOP('',(#1851,#1875,#1897,#1898));
#1851 = ORIENTED_EDGE('',*,*,#1852,.T.);
#1852 = EDGE_CURVE('',#1853,#1853,#1855,.T.);
#1853 = VERTEX_POINT('',#1854);
#1854 = CARTESIAN_POINT('',(-37.81143349771,46.88249304365,8.));
#1855 = SURFACE_CURVE('',#1856,(#1861,#1868),.PCURVE_S1.);
#1856 = CIRCLE('',#1857,8.7);
#1857 = AXIS2_PLACEMENT_3D('',#1858,#1859,#1860);
#1858 = CARTESIAN_POINT('',(-46.51143349771,46.88249304365,8.));
#1859 = DIRECTION('',(0.,-1.224646799147E-16,-1.));
#1860 = DIRECTION('',(1.,0.,0.));
#1861 = PCURVE('',#1814,#1862);
#1862 = DEFINITIONAL_REPRESENTATION('',(#1863),#1867);
#1863 = LINE('',#1864,#1865);
#1864 = CARTESIAN_POINT('',(0.,1.570796326795));
#1865 = VECTOR('',#1866,1.);
#1866 = DIRECTION('',(1.,0.));
#1867 = ( GEOMETRIC_REPRESENTATION_CONTEXT(2) 
PARAMETRIC_REPRESENTATION_CONTEXT() REPRESENTATION_CONTEXT('2D SPACE',''
  ) );
#1868 = PCURVE('',#43,#1869);
#1869 = DEFINITIONAL_REPRESENTATION('',(#1870),#1874);
#1870 = CIRCLE('',#1871,8.7);
#1871 = AXIS2_PLACEMENT_2D('',#1872,#1873);
#1872 = CARTESIAN_POINT('',(-46.51143349771,-46.88249304365));
#1873 = DIRECTION('',(1.,0.));
#1874 = ( GEOMETRIC_REPRESENTATION_CONTEXT(2) 
PARAMETRIC_REPRESENTATION_CONTEXT() REPRESENTATION_CONTEXT('2D SPACE',''
  ) );
#1875 = ORIENTED_EDGE('',*,*,#1876,.T.);
#1876 = EDGE_CURVE('',#1853,#1798,#1877,.T.);
#1877 = SEAM_CURVE('',#1878,(#1883,#1890),.PCURVE_S1.);
#1878 = CIRCLE('',#1879,1.5);
#1879 = AXIS2_PLACEMENT_3D('',#1880,#1881,#1882);
#1880 = CARTESIAN_POINT('',(-37.81143349771,46.88249304365,9.5));
#1881 = DIRECTION('',(0.,1.,-1.224646799147E-16));
#1882 = DIRECTION('',(1.184237892934E-15,-1.224646799147E-16,-1.));
#1883 = PCURVE('',#1814,#1884);
#1884 = DEFINITIONAL_REPRESENTATION('',(#1885),#1889);
#1885 = LINE('',#1886,#1887);
#1886 = CARTESIAN_POINT('',(0.,1.570796326795));
#1887 = VECTOR('',#1888,1.);
#1888 = DIRECTION('',(0.,1.));
#1889 = ( GEOMETRIC_REPRESENTATION_CONTEXT(2) 
PARAMETRIC_REPRESENTATION_CONTEXT() REPRESENTATION_CONTEXT('2D SPACE',''
  ) );
#1890 = PCURVE('',#1814,#1891);
#1891 = DEFINITIONAL_REPRESENTATION('',(#1892),#1896);
#1892 = LINE('',#1893,#1894);
#1893 = CARTESIAN_POINT('',(6.28318530718,1.570796326795));
#1894 = VECTOR('',#1895,1.);
#1895 = DIRECTION('',(0.,1.));
#1896 = ( GEOMETRIC_REPRESENTATION_CONTEXT(2) 
PARAMETRIC_REPRESENTATION_CONTEXT() REPRESENTATION_CONTEXT('2D SPACE',''
  ) );
#1897 = ORIENTED_EDGE('',*,*,#1797,.F.);
#1898 = ORIENTED_EDGE('',*,*,#1876,.F.);
#1899 = ADVANCED_FACE('',(#1900,#1976),#544,.T.);
#1900 = FACE_BOUND('',#1901,.T.);
#1901 = EDGE_LOOP('',(#1902,#1903,#1926,#1955));
#1902 = ORIENTED_EDGE('',*,*,#527,.F.);
#1903 = ORIENTED_EDGE('',*,*,#1904,.F.);
#1904 = EDGE_CURVE('',#1905,#500,#1907,.T.);
#1905 = VERTEX_POINT('',#1906);
#1906 = CARTESIAN_POINT('',(-107.2373184462,67.476273848345,18.5));
#1907 = SURFACE_CURVE('',#1908,(#1912,#1919),.PCURVE_S1.);
#1908 = LINE('',#1909,#1910);
#1909 = CARTESIAN_POINT('',(-107.2373184462,67.476273848345,19.));
#1910 = VECTOR('',#1911,1.);
#1911 = DIRECTION('',(0.,-1.224646799147E-16,-1.));
#1912 = PCURVE('',#544,#1913);
#1913 = DEFINITIONAL_REPRESENTATION('',(#1914),#1918);
#1914 = LINE('',#1915,#1916);
#1915 = CARTESIAN_POINT('',(3.703223549573,0.));
#1916 = VECTOR('',#1917,1.);
#1917 = DIRECTION('',(0.,1.));
#1918 = ( GEOMETRIC_REPRESENTATION_CONTEXT(2) 
PARAMETRIC_REPRESENTATION_CONTEXT() REPRESENTATION_CONTEXT('2D SPACE',''
  ) );
#1919 = PCURVE('',#515,#1920);
#1920 = DEFINITIONAL_REPRESENTATION('',(#1921),#1925);
#1921 = LINE('',#1922,#1923);
#1922 = CARTESIAN_POINT('',(-11.,52.130448346147));
#1923 = VECTOR('',#1924,1.);
#1924 = DIRECTION('',(1.,0.));
#1925 = ( GEOMETRIC_REPRESENTATION_CONTEXT(2) 
PARAMETRIC_REPRESENTATION_CONTEXT() REPRESENTATION_CONTEXT('2D SPACE',''
  ) );
#1926 = ORIENTED_EDGE('',*,*,#1927,.T.);
#1927 = EDGE_CURVE('',#1905,#1928,#1930,.T.);
#1928 = VERTEX_POINT('',#1929);
#1929 = CARTESIAN_POINT('',(-92.58924872984,86.487692879636,18.5));
#1930 = SURFACE_CURVE('',#1931,(#1936,#1943),.PCURVE_S1.);
#1931 = CIRCLE('',#1932,126.7);
#1932 = AXIS2_PLACEMENT_3D('',#1933,#1934,#1935);
#1933 = CARTESIAN_POINT('',(0.,0.,18.5));
#1934 = DIRECTION('',(0.,-1.224646799147E-16,-1.));
#1935 = DIRECTION('',(1.,0.,0.));
#1936 = PCURVE('',#544,#1937);
#1937 = DEFINITIONAL_REPRESENTATION('',(#1938),#1942);
#1938 = LINE('',#1939,#1940);
#1939 = CARTESIAN_POINT('',(0.,0.5));
#1940 = VECTOR('',#1941,1.);
#1941 = DIRECTION('',(1.,0.));
#1942 = ( GEOMETRIC_REPRESENTATION_CONTEXT(2) 
PARAMETRIC_REPRESENTATION_CONTEXT() REPRESENTATION_CONTEXT('2D SPACE',''
  ) );
#1943 = PCURVE('',#1944,#1949);
#1944 = PLANE('',#1945);
#1945 = AXIS2_PLACEMENT_3D('',#1946,#1947,#1948);
#1946 = CARTESIAN_POINT('',(-102.1434872767,63.551538194924,18.5));
#1947 = DIRECTION('',(0.,-1.224646799147E-16,-1.));
#1948 = DIRECTION('',(-0.792142459637,0.610336238184,-7.474463204951E-17
    ));
#1949 = DEFINITIONAL_REPRESENTATION('',(#1950),#1954);
#1950 = CIRCLE('',#1951,126.7);
#1951 = AXIS2_PLACEMENT_2D('',#1952,#1953);
#1952 = CARTESIAN_POINT('',(-119.7,12.));
#1953 = DIRECTION('',(-0.792142459637,0.610336238184));
#1954 = ( GEOMETRIC_REPRESENTATION_CONTEXT(2) 
PARAMETRIC_REPRESENTATION_CONTEXT() REPRESENTATION_CONTEXT('2D SPACE',''
  ) );
#1955 = ORIENTED_EDGE('',*,*,#1956,.T.);
#1956 = EDGE_CURVE('',#1928,#528,#1957,.T.);
#1957 = SURFACE_CURVE('',#1958,(#1962,#1969),.PCURVE_S1.);
#1958 = LINE('',#1959,#1960);
#1959 = CARTESIAN_POINT('',(-92.58924872984,86.487692879636,19.));
#1960 = VECTOR('',#1961,1.);
#1961 = DIRECTION('',(0.,-1.224646799147E-16,-1.));
#1962 = PCURVE('',#544,#1963);
#1963 = DEFINITIONAL_REPRESENTATION('',(#1964),#1968);
#1964 = LINE('',#1965,#1966);
#1965 = CARTESIAN_POINT('',(3.892931734329,0.));
#1966 = VECTOR('',#1967,1.);
#1967 = DIRECTION('',(0.,1.));
#1968 = ( GEOMETRIC_REPRESENTATION_CONTEXT(2) 
PARAMETRIC_REPRESENTATION_CONTEXT() REPRESENTATION_CONTEXT('2D SPACE',''
  ) );
#1969 = PCURVE('',#572,#1970);
#1970 = DEFINITIONAL_REPRESENTATION('',(#1971),#1975);
#1971 = LINE('',#1972,#1973);
#1972 = CARTESIAN_POINT('',(-11.,52.130448346147));
#1973 = VECTOR('',#1974,1.);
#1974 = DIRECTION('',(1.,0.));
#1975 = ( GEOMETRIC_REPRESENTATION_CONTEXT(2) 
PARAMETRIC_REPRESENTATION_CONTEXT() REPRESENTATION_CONTEXT('2D SPACE',''
  ) );
#1976 = FACE_BOUND('',#1977,.T.);
#1977 = EDGE_LOOP('',(#1978,#2012,#2213,#2245));
#1978 = ORIENTED_EDGE('',*,*,#1979,.T.);
#1979 = EDGE_CURVE('',#1980,#1982,#1984,.T.);
#1980 = VERTEX_POINT('',#1981);
#1981 = CARTESIAN_POINT('',(-100.670901853,76.930225010089,16.07));
#1982 = VERTEX_POINT('',#1983);
#1983 = CARTESIAN_POINT('',(-101.3700137422,76.006646511337,
    14.911700935788));
#1984 = SURFACE_CURVE('',#1985,(#1990,#2000),.PCURVE_S1.);
#1985 = ELLIPSE('',#1986,179.18085835267,126.7);
#1986 = AXIS2_PLACEMENT_3D('',#1987,#1988,#1989);
#1987 = CARTESIAN_POINT('',(0.,-2.359402231217E-16,16.573401871577));
#1988 = DIRECTION('',(-0.431572892823,-0.560129304875,0.707106781187));
#1989 = DIRECTION('',(-0.431572892823,-0.560129304875,-0.707106781187));
#1990 = PCURVE('',#544,#1991);
#1991 = DEFINITIONAL_REPRESENTATION('',(#1992),#1999);
#1992 = B_SPLINE_CURVE_WITH_KNOTS('',5,(#1993,#1994,#1995,#1996,#1997,
    #1998),.UNSPECIFIED.,.F.,.F.,(6,6),(4.715447958835,4.726418886919),
  .PIECEWISE_BEZIER_KNOTS.);
#1993 = CARTESIAN_POINT('',(3.795018663501,2.814170093579));
#1994 = CARTESIAN_POINT('',(3.792824477884,3.092172110553));
#1995 = CARTESIAN_POINT('',(3.790630292267,3.370171795095));
#1996 = CARTESIAN_POINT('',(3.78843610665,3.648166358815));
#1997 = CARTESIAN_POINT('',(3.786241921033,3.92615301337));
#1998 = CARTESIAN_POINT('',(3.784047735416,4.204128970633));
#1999 = ( GEOMETRIC_REPRESENTATION_CONTEXT(2) 
PARAMETRIC_REPRESENTATION_CONTEXT() REPRESENTATION_CONTEXT('2D SPACE',''
  ) );
#2000 = PCURVE('',#2001,#2006);
#2001 = PLANE('',#2002);
#2002 = AXIS2_PLACEMENT_3D('',#2003,#2004,#2005);
#2003 = CARTESIAN_POINT('',(-91.9581269846,70.217136761099,16.07));
#2004 = DIRECTION('',(-0.431572892823,-0.560129304875,0.707106781187));
#2005 = DIRECTION('',(-0.431572892823,-0.560129304875,-0.707106781187));
#2006 = DEFINITIONAL_REPRESENTATION('',(#2007),#2011);
#2007 = ELLIPSE('',#2008,179.18085835267,126.7);
#2008 = AXIS2_PLACEMENT_2D('',#2009,#2010);
#2009 = CARTESIAN_POINT('',(-0.711917754108,115.7));
#2010 = DIRECTION('',(1.,2.658715051756E-18));
#2011 = ( GEOMETRIC_REPRESENTATION_CONTEXT(2) 
PARAMETRIC_REPRESENTATION_CONTEXT() REPRESENTATION_CONTEXT('2D SPACE',''
  ) );
#2012 = ORIENTED_EDGE('',*,*,#2013,.T.);
#2013 = EDGE_CURVE('',#1982,#2014,#2016,.T.);
#2014 = VERTEX_POINT('',#2015);
#2015 = CARTESIAN_POINT('',(-99.34162114596,78.63925424425,
    14.911700935788));
#2016 = SURFACE_CURVE('',#2017,(#2062,#2135),.PCURVE_S1.);
#2017 = B_SPLINE_CURVE_WITH_KNOTS('',8,(#2018,#2019,#2020,#2021,#2022,
    #2023,#2024,#2025,#2026,#2027,#2028,#2029,#2030,#2031,#2032,#2033,
    #2034,#2035,#2036,#2037,#2038,#2039,#2040,#2041,#2042,#2043,#2044,
    #2045,#2046,#2047,#2048,#2049,#2050,#2051,#2052,#2053,#2054,#2055,
    #2056,#2057,#2058,#2059,#2060,#2061),.UNSPECIFIED.,.F.,.F.,(9,7,7,7,
    7,7,9),(0.,1.,2.10865679622,3.052593949841,3.662419355051,
    4.333258584552,5.063023628941),.UNSPECIFIED.);
#2018 = CARTESIAN_POINT('',(-101.3700137422,76.006646511337,
    14.911700935788));
#2019 = CARTESIAN_POINT('',(-101.4766765451,75.86439040219,
    14.733913657677));
#2020 = CARTESIAN_POINT('',(-101.5661178189,75.744627260682,
    14.540978348051));
#2021 = CARTESIAN_POINT('',(-101.6391462421,75.6465437506,
    14.337388171698));
#2022 = CARTESIAN_POINT('',(-101.6965828806,75.569233361747,
    14.126414064046));
#2023 = CARTESIAN_POINT('',(-101.7391417558,75.511867242993,
    13.910481717642));
#2024 = CARTESIAN_POINT('',(-101.7673481648,75.473819353718,
    13.691451249136));
#2025 = CARTESIAN_POINT('',(-101.7814746693,75.454764025444,
    13.470836384469));
#2026 = CARTESIAN_POINT('',(-101.7814746693,75.454764025444,
    13.005168241506));
#2027 = CARTESIAN_POINT('',(-101.7641106954,75.478186352335,
    12.760691207233));
#2028 = CARTESIAN_POINT('',(-101.7294720752,75.524910875935,
    12.518340613055));
#2029 = CARTESIAN_POINT('',(-101.6771104643,75.595478395471,
    12.280109089567));
#2030 = CARTESIAN_POINT('',(-101.6062197315,75.690852713224,
    12.048676135234));
#2031 = CARTESIAN_POINT('',(-101.515745695,75.812248790533,
    11.827693660965));
#2032 = CARTESIAN_POINT('',(-101.4045416922,75.960896535007,
    11.622177827812));
#2033 = CARTESIAN_POINT('',(-101.1585693982,76.288067679278,
    11.283582071979));
#2034 = CARTESIAN_POINT('',(-101.0256015965,76.464398163563,
    11.138555629612));
#2035 = CARTESIAN_POINT('',(-100.874553798,76.663922477695,
    11.016757275484));
#2036 = CARTESIAN_POINT('',(-100.7088828263,76.881693997133,
    10.927626993082));
#2037 = CARTESIAN_POINT('',(-100.5334695403,77.110947476248,
    10.877475598349));
#2038 = CARTESIAN_POINT('',(-100.3540377104,77.34405693234,
    10.86932891252));
#2039 = CARTESIAN_POINT('',(-100.1765898269,77.573303554927,
    10.902780787381));
#2040 = CARTESIAN_POINT('',(-99.89692463926,77.932832666889,
    11.019730247368));
#2041 = CARTESIAN_POINT('',(-99.78946083794,78.07051539063,
    11.081678113438));
#2042 = CARTESIAN_POINT('',(-99.68535259678,78.203452480941,
    11.159239866758));
#2043 = CARTESIAN_POINT('',(-99.58562548597,78.330387249525,
    11.251770790841));
#2044 = CARTESIAN_POINT('',(-99.49125935609,78.450140932128,
    11.35842858048));
#2045 = CARTESIAN_POINT('',(-99.40317085189,78.561628824979,
    11.478186703858));
#2046 = CARTESIAN_POINT('',(-99.32219420247,78.663877234601,
    11.609847301786));
#2047 = CARTESIAN_POINT('',(-99.16860923028,78.857426376022,
    11.908487873746));
#2048 = CARTESIAN_POINT('',(-99.09763813244,78.946621760717,
    12.077704516304));
#2049 = CARTESIAN_POINT('',(-99.03711899111,79.02250368592,
    12.257913060663));
#2050 = CARTESIAN_POINT('',(-98.98785883607,79.084155803339,
    12.44713082014));
#2051 = CARTESIAN_POINT('',(-98.95048349987,79.13087543487,
    12.643223403902));
#2052 = CARTESIAN_POINT('',(-98.92542240232,79.162182860636,
    12.84394588874));
#2053 = CARTESIAN_POINT('',(-98.91289434987,79.177833585739,
    13.046984671191));
#2054 = CARTESIAN_POINT('',(-98.91289434987,79.177833585739,
    13.470847982535));
#2055 = CARTESIAN_POINT('',(-98.92772002725,79.159312589088,
    13.691468943165));
#2056 = CARTESIAN_POINT('',(-98.9573175961,79.122337911003,
    13.910487489765));
#2057 = CARTESIAN_POINT('',(-99.00193648255,79.066557861289,
    14.126416524037));
#2058 = CARTESIAN_POINT('',(-99.06204506651,78.991308725495,
    14.33738911493));
#2059 = CARTESIAN_POINT('',(-99.13826182506,78.895689935236,
    14.540970439487));
#2060 = CARTESIAN_POINT('',(-99.2312621543,78.778666058933,
    14.733910826184));
#2061 = CARTESIAN_POINT('',(-99.34162114596,78.63925424425,
    14.911700935788));
#2062 = PCURVE('',#544,#2063);
#2063 = DEFINITIONAL_REPRESENTATION('',(#2064),#2134);
#2064 = B_SPLINE_CURVE_WITH_KNOTS('',3,(#2065,#2066,#2067,#2068,#2069,
    #2070,#2071,#2072,#2073,#2074,#2075,#2076,#2077,#2078,#2079,#2080,
    #2081,#2082,#2083,#2084,#2085,#2086,#2087,#2088,#2089,#2090,#2091,
    #2092,#2093,#2094,#2095,#2096,#2097,#2098,#2099,#2100,#2101,#2102,
    #2103,#2104,#2105,#2106,#2107,#2108,#2109,#2110,#2111,#2112,#2113,
    #2114,#2115,#2116,#2117,#2118,#2119,#2120,#2121,#2122,#2123,#2124,
    #2125,#2126,#2127,#2128,#2129,#2130,#2131,#2132,#2133),
  .UNSPECIFIED.,.F.,.F.,(4,1,1,1,1,1,1,1,1,1,1,1,1,1,1,1,1,1,1,1,1,1,1,1
    ,1,1,1,1,1,1,1,1,1,1,1,1,1,1,1,1,1,1,1,1,1,1,1,1,1,1,1,1,1,1,1,1,1,1
    ,1,1,1,1,1,1,1,1,4),(0.,7.671247922638E-02,0.153424958453,
    0.230137437679,0.306849916906,0.383562396132,0.460274875358,
    0.536987354585,0.613699833811,0.690412313037,0.767124792264,
    0.84383727149,0.920549750717,0.997262229943,1.073974709169,
    1.150687188396,1.227399667622,1.304112146848,1.380824626075,
    1.457537105301,1.534249584528,1.610962063754,1.68767454298,
    1.764387022207,1.841099501433,1.917811980659,1.994524459886,
    2.071236939112,2.147949418339,2.224661897565,2.301374376791,
    2.378086856018,2.454799335244,2.53151181447,2.608224293697,
    2.684936772923,2.76164925215,2.838361731376,2.915074210602,
    2.991786689829,3.068499169055,3.145211648282,3.221924127508,
    3.298636606734,3.375349085961,3.452061565187,3.528774044413,
    3.60548652364,3.682199002866,3.758911482093,3.835623961319,
    3.912336440545,3.989048919772,4.065761398998,4.142473878224,
    4.219186357451,4.295898836677,4.372611315904,4.44932379513,
    4.526036274356,4.602748753583,4.679461232809,4.756173712035,
    4.832886191262,4.909598670488,4.986311149715,5.063023628941),
  .QUASI_UNIFORM_KNOTS.);
#2065 = CARTESIAN_POINT('',(3.784962025711,4.088299064212));
#2066 = CARTESIAN_POINT('',(3.784674949874,4.124673684914));
#2067 = CARTESIAN_POINT('',(3.784125360024,4.199066711666));
#2068 = CARTESIAN_POINT('',(3.783373280671,4.315010470176));
#2069 = CARTESIAN_POINT('',(3.782692121983,4.434707881461));
#2070 = CARTESIAN_POINT('',(3.782080515649,4.557640377716));
#2071 = CARTESIAN_POINT('',(3.781537136172,4.683335687198));
#2072 = CARTESIAN_POINT('',(3.781060723885,4.811370367679));
#2073 = CARTESIAN_POINT('',(3.780650107073,4.94136250769));
#2074 = CARTESIAN_POINT('',(3.780304222716,5.072967363169));
#2075 = CARTESIAN_POINT('',(3.780022136131,5.205872787108));
#2076 = CARTESIAN_POINT('',(3.779803059671,5.339794114899));
#2077 = CARTESIAN_POINT('',(3.779646370352,5.474472857657));
#2078 = CARTESIAN_POINT('',(3.779551627537,5.609661992385));
#2079 = CARTESIAN_POINT('',(3.77951858713,5.745162201922));
#2080 = CARTESIAN_POINT('',(3.779547226074,5.880668724708));
#2081 = CARTESIAN_POINT('',(3.779637536646,6.015861440668));
#2082 = CARTESIAN_POINT('',(3.779789739579,6.150557344219));
#2083 = CARTESIAN_POINT('',(3.780004269511,6.284515741337));
#2084 = CARTESIAN_POINT('',(3.78028175039,6.417484820923));
#2085 = CARTESIAN_POINT('',(3.780622974227,6.549183923121));
#2086 = CARTESIAN_POINT('',(3.781028878987,6.679303121988));
#2087 = CARTESIAN_POINT('',(3.781500526565,6.807498160735));
#2088 = CARTESIAN_POINT('',(3.782039078712,6.933386442526));
#2089 = CARTESIAN_POINT('',(3.782645776049,7.056542699989));
#2090 = CARTESIAN_POINT('',(3.783321899159,7.176493621057));
#2091 = CARTESIAN_POINT('',(3.784068788219,7.292715170801));
#2092 = CARTESIAN_POINT('',(3.784887633757,7.404617846288));
#2093 = CARTESIAN_POINT('',(3.785780109255,7.511574649933));
#2094 = CARTESIAN_POINT('',(3.786745847582,7.612786875681));
#2095 = CARTESIAN_POINT('',(3.787806787122,7.709225975291));
#2096 = CARTESIAN_POINT('',(3.788953684364,7.798446215794));
#2097 = CARTESIAN_POINT('',(3.790179738704,7.878756213127));
#2098 = CARTESIAN_POINT('',(3.791475786857,7.948554856327));
#2099 = CARTESIAN_POINT('',(3.792831785545,8.006512093908));
#2100 = CARTESIAN_POINT('',(3.794236623188,8.051523899333));
#2101 = CARTESIAN_POINT('',(3.795678397263,8.082727900459));
#2102 = CARTESIAN_POINT('',(3.797144551741,8.099503935652));
#2103 = CARTESIAN_POINT('',(3.798622145966,8.1014755955));
#2104 = CARTESIAN_POINT('',(3.800097764851,8.088523921524));
#2105 = CARTESIAN_POINT('',(3.801558753107,8.060752262618));
#2106 = CARTESIAN_POINT('',(3.802989530389,8.018634935373));
#2107 = CARTESIAN_POINT('',(3.804387560295,7.962435471672));
#2108 = CARTESIAN_POINT('',(3.805746746602,7.892400100429));
#2109 = CARTESIAN_POINT('',(3.807057899055,7.808994727146));
#2110 = CARTESIAN_POINT('',(3.808313035874,7.712731877516));
#2111 = CARTESIAN_POINT('',(3.809504280988,7.604213364194));
#2112 = CARTESIAN_POINT('',(3.8106242079,7.484115718257));
#2113 = CARTESIAN_POINT('',(3.81166580895,7.353189060557));
#2114 = CARTESIAN_POINT('',(3.812622523081,7.212259670673));
#2115 = CARTESIAN_POINT('',(3.813488430834,7.062201351071));
#2116 = CARTESIAN_POINT('',(3.814258119805,6.903951453481));
#2117 = CARTESIAN_POINT('',(3.814926779622,6.738499385714));
#2118 = CARTESIAN_POINT('',(3.815490242132,6.566876638799));
#2119 = CARTESIAN_POINT('',(3.815944992467,6.390153014304));
#2120 = CARTESIAN_POINT('',(3.816288188754,6.209429256117));
#2121 = CARTESIAN_POINT('',(3.816517679992,6.025837680195));
#2122 = CARTESIAN_POINT('',(3.816632026215,5.840514223947));
#2123 = CARTESIAN_POINT('',(3.816630514867,5.654676635127));
#2124 = CARTESIAN_POINT('',(3.816513197485,5.469317931356));
#2125 = CARTESIAN_POINT('',(3.816279575031,5.284929663788));
#2126 = CARTESIAN_POINT('',(3.815928394942,5.102159570842));
#2127 = CARTESIAN_POINT('',(3.815457799811,4.921704666923));
#2128 = CARTESIAN_POINT('',(3.814865395039,4.744366045299));
#2129 = CARTESIAN_POINT('',(3.814148342319,4.57105860552));
#2130 = CARTESIAN_POINT('',(3.813303453397,4.402843051676));
#2131 = CARTESIAN_POINT('',(3.812327298556,4.240922334186));
#2132 = CARTESIAN_POINT('',(3.811586643944,4.13815495557));
#2133 = CARTESIAN_POINT('',(3.81119325819,4.088299064212));
#2134 = ( GEOMETRIC_REPRESENTATION_CONTEXT(2) 
PARAMETRIC_REPRESENTATION_CONTEXT() REPRESENTATION_CONTEXT('2D SPACE',''
  ) );
#2135 = PCURVE('',#2136,#2141);
#2136 = CYLINDRICAL_SURFACE('',#2137,2.35);
#2137 = AXIS2_PLACEMENT_3D('',#2138,#2139,#2140);
#2138 = CARTESIAN_POINT('',(-91.65088258001,70.615902757835,13.25));
#2139 = DIRECTION('',(0.792142459637,-0.610336238184,7.474463204951E-17)
  );
#2140 = DIRECTION('',(-0.610336238184,-0.792142459637,9.700947276633E-17
    ));
#2141 = DEFINITIONAL_REPRESENTATION('',(#2142),#2212);
#2142 = B_SPLINE_CURVE_WITH_KNOTS('',3,(#2143,#2144,#2145,#2146,#2147,
    #2148,#2149,#2150,#2151,#2152,#2153,#2154,#2155,#2156,#2157,#2158,
    #2159,#2160,#2161,#2162,#2163,#2164,#2165,#2166,#2167,#2168,#2169,
    #2170,#2171,#2172,#2173,#2174,#2175,#2176,#2177,#2178,#2179,#2180,
    #2181,#2182,#2183,#2184,#2185,#2186,#2187,#2188,#2189,#2190,#2191,
    #2192,#2193,#2194,#2195,#2196,#2197,#2198,#2199,#2200,#2201,#2202,
    #2203,#2204,#2205,#2206,#2207,#2208,#2209,#2210,#2211),
  .UNSPECIFIED.,.F.,.F.,(4,1,1,1,1,1,1,1,1,1,1,1,1,1,1,1,1,1,1,1,1,1,1,1
    ,1,1,1,1,1,1,1,1,1,1,1,1,1,1,1,1,1,1,1,1,1,1,1,1,1,1,1,1,1,1,1,1,1,1
    ,1,1,1,1,1,1,1,1,4),(0.,7.671247922638E-02,0.153424958453,
    0.230137437679,0.306849916906,0.383562396132,0.460274875358,
    0.536987354585,0.613699833811,0.690412313037,0.767124792264,
    0.84383727149,0.920549750717,0.997262229943,1.073974709169,
    1.150687188396,1.227399667622,1.304112146848,1.380824626075,
    1.457537105301,1.534249584528,1.610962063754,1.68767454298,
    1.764387022207,1.841099501433,1.917811980659,1.994524459886,
    2.071236939112,2.147949418339,2.224661897565,2.301374376791,
    2.378086856018,2.454799335244,2.53151181447,2.608224293697,
    2.684936772923,2.76164925215,2.838361731376,2.915074210602,
    2.991786689829,3.068499169055,3.145211648282,3.221924127508,
    3.298636606734,3.375349085961,3.452061565187,3.528774044413,
    3.60548652364,3.682199002866,3.758911482093,3.835623961319,
    3.912336440545,3.989048919772,4.065761398998,4.142473878224,
    4.219186357451,4.295898836677,4.372611315904,4.44932379513,
    4.526036274356,4.602748753583,4.679461232809,4.756173712035,
    4.832886191262,4.909598670488,4.986311149715,5.063023628941),
  .QUASI_UNIFORM_KNOTS.);
#2143 = CARTESIAN_POINT('',(5.497787143782,-10.98910272789));
#2144 = CARTESIAN_POINT('',(5.519673285292,-10.98862548379));
#2145 = CARTESIAN_POINT('',(5.563012524636,-10.98768128706));
#2146 = CARTESIAN_POINT('',(5.62683814444,-10.98631361304));
#2147 = CARTESIAN_POINT('',(5.689599134595,-10.9850132556));
#2148 = CARTESIAN_POINT('',(5.751404592558,-10.98379558936));
#2149 = CARTESIAN_POINT('',(5.812359437439,-10.98267404425));
#2150 = CARTESIAN_POINT('',(5.872564622576,-10.98165996851));
#2151 = CARTESIAN_POINT('',(5.932118420439,-10.98076289301));
#2152 = CARTESIAN_POINT('',(5.991117181631,-10.97999067992));
#2153 = CARTESIAN_POINT('',(6.049656212367,-10.97934969038));
#2154 = CARTESIAN_POINT('',(6.107830182812,-10.97884493134));
#2155 = CARTESIAN_POINT('',(6.165735108643,-10.97848018786));
#2156 = CARTESIAN_POINT('',(6.223464605894,-10.97825813681));
#2157 = CARTESIAN_POINT('',(6.281127806289,-10.97818043388));
#2158 = CARTESIAN_POINT('',(6.338786864919,-10.97824779188));
#2159 = CARTESIAN_POINT('',(6.396497266682,-10.97845952966));
#2160 = CARTESIAN_POINT('',(6.454374690292,-10.978814045));
#2161 = CARTESIAN_POINT('',(6.512514922414,-10.97930875384));
#2162 = CARTESIAN_POINT('',(6.571016212742,-10.97993998621));
#2163 = CARTESIAN_POINT('',(6.62997424878,-10.98070286403));
#2164 = CARTESIAN_POINT('',(6.689484477657,-10.98159115894));
#2165 = CARTESIAN_POINT('',(6.749642505008,-10.98259713551));
#2166 = CARTESIAN_POINT('',(6.810544991269,-10.98371138203));
#2167 = CARTESIAN_POINT('',(6.872290699858,-10.98492263801));
#2168 = CARTESIAN_POINT('',(6.934980746884,-10.98621760146));
#2169 = CARTESIAN_POINT('',(6.998722334439,-10.98758079774));
#2170 = CARTESIAN_POINT('',(7.063619997913,-10.98899422159));
#2171 = CARTESIAN_POINT('',(7.129814271193,-10.99043784734));
#2172 = CARTESIAN_POINT('',(7.197344554879,-10.99188693765));
#2173 = CARTESIAN_POINT('',(7.267697684114,-10.9933430378));
#2174 = CARTESIAN_POINT('',(7.340207273107,-10.99475612163));
#2175 = CARTESIAN_POINT('',(7.414567863379,-10.99608209738));
#2176 = CARTESIAN_POINT('',(7.490438264559,-10.99727614749));
#2177 = CARTESIAN_POINT('',(7.567536091989,-10.99829701779));
#2178 = CARTESIAN_POINT('',(7.645601826476,-10.99910826752));
#2179 = CARTESIAN_POINT('',(7.724399304816,-10.99968010159));
#2180 = CARTESIAN_POINT('',(7.803706030016,-10.99999073143));
#2181 = CARTESIAN_POINT('',(7.88331175459,-11.00002738762));
#2182 = CARTESIAN_POINT('',(7.962996766414,-10.99978716318));
#2183 = CARTESIAN_POINT('',(8.042584220837,-10.99927655279));
#2184 = CARTESIAN_POINT('',(8.121716276899,-10.99851383913));
#2185 = CARTESIAN_POINT('',(8.200731058217,-10.99751794083));
#2186 = CARTESIAN_POINT('',(8.279776370651,-10.99631179366));
#2187 = CARTESIAN_POINT('',(8.358812524751,-10.99492599493));
#2188 = CARTESIAN_POINT('',(8.437851004788,-10.99339494996));
#2189 = CARTESIAN_POINT('',(8.516889774162,-10.99175684281));
#2190 = CARTESIAN_POINT('',(8.595929664736,-10.99005249893));
#2191 = CARTESIAN_POINT('',(8.674970071992,-10.9883244394));
#2192 = CARTESIAN_POINT('',(8.754006254344,-10.98661586059));
#2193 = CARTESIAN_POINT('',(8.833042176995,-10.98496927765));
#2194 = CARTESIAN_POINT('',(8.912077563999,-10.98342574043));
#2195 = CARTESIAN_POINT('',(8.991111859894,-10.98202376249));
#2196 = CARTESIAN_POINT('',(9.070145853463,-10.98079829274));
#2197 = CARTESIAN_POINT('',(9.149180308342,-10.97977987202));
#2198 = CARTESIAN_POINT('',(9.228216281678,-10.97899389038));
#2199 = CARTESIAN_POINT('',(9.30725201098,-10.97845996595));
#2200 = CARTESIAN_POINT('',(9.386291831099,-10.97819144572));
#2201 = CARTESIAN_POINT('',(9.465310045868,-10.97819500637));
#2202 = CARTESIAN_POINT('',(9.544377396581,-10.97847046385));
#2203 = CARTESIAN_POINT('',(9.62378219247,-10.97901382198));
#2204 = CARTESIAN_POINT('',(9.703763530544,-10.97981760598));
#2205 = CARTESIAN_POINT('',(9.784568724359,-10.98087025773));
#2206 = CARTESIAN_POINT('',(9.866442479305,-10.98215554929));
#2207 = CARTESIAN_POINT('',(9.949634334338,-10.98365193849));
#2208 = CARTESIAN_POINT('',(10.034402555196,-10.98533148114));
#2209 = CARTESIAN_POINT('',(10.121016024686,-10.98716006582));
#2210 = CARTESIAN_POINT('',(10.180186077644,-10.9884483159));
#2211 = CARTESIAN_POINT('',(10.210176124167,-10.98910272789));
#2212 = ( GEOMETRIC_REPRESENTATION_CONTEXT(2) 
PARAMETRIC_REPRESENTATION_CONTEXT() REPRESENTATION_CONTEXT('2D SPACE',''
  ) );
#2213 = ORIENTED_EDGE('',*,*,#2214,.T.);
#2214 = EDGE_CURVE('',#2014,#2215,#2217,.T.);
#2215 = VERTEX_POINT('',#2216);
#2216 = CARTESIAN_POINT('',(-100.0564130438,77.727757003562,16.07));
#2217 = SURFACE_CURVE('',#2218,(#2223,#2233),.PCURVE_S1.);
#2218 = ELLIPSE('',#2219,179.18085835267,126.7);
#2219 = AXIS2_PLACEMENT_3D('',#2220,#2221,#2222);
#2220 = CARTESIAN_POINT('',(0.,-2.359402231217E-16,16.573401871577));
#2221 = DIRECTION('',(0.431572892823,0.560129304875,0.707106781187));
#2222 = DIRECTION('',(0.431572892823,0.560129304875,-0.707106781187));
#2223 = PCURVE('',#544,#2224);
#2224 = DEFINITIONAL_REPRESENTATION('',(#2225),#2232);
#2225 = B_SPLINE_CURVE_WITH_KNOTS('',5,(#2226,#2227,#2228,#2229,#2230,
    #2231),.UNSPECIFIED.,.F.,.F.,(6,6),(1.556766420261,1.567737348345),
  .PIECEWISE_BEZIER_KNOTS.);
#2226 = CARTESIAN_POINT('',(3.812107548485,4.204128970633));
#2227 = CARTESIAN_POINT('',(3.809913362868,3.92615301337));
#2228 = CARTESIAN_POINT('',(3.807719177251,3.648166358815));
#2229 = CARTESIAN_POINT('',(3.805524991634,3.370171795095));
#2230 = CARTESIAN_POINT('',(3.803330806017,3.092172110553));
#2231 = CARTESIAN_POINT('',(3.801136620401,2.814170093579));
#2232 = ( GEOMETRIC_REPRESENTATION_CONTEXT(2) 
PARAMETRIC_REPRESENTATION_CONTEXT() REPRESENTATION_CONTEXT('2D SPACE',''
  ) );
#2233 = PCURVE('',#2234,#2239);
#2234 = PLANE('',#2235);
#2235 = AXIS2_PLACEMENT_3D('',#2236,#2237,#2238);
#2236 = CARTESIAN_POINT('',(-90.63668628188,71.932206624292,
    14.911700935788));
#2237 = DIRECTION('',(0.431572892823,0.560129304875,0.707106781187));
#2238 = DIRECTION('',(-0.431572892823,-0.560129304875,0.707106781187));
#2239 = DEFINITIONAL_REPRESENTATION('',(#2240),#2244);
#2240 = ELLIPSE('',#2241,179.18085835267,126.7);
#2241 = AXIS2_PLACEMENT_2D('',#2242,#2243);
#2242 = CARTESIAN_POINT('',(2.35,115.7));
#2243 = DIRECTION('',(-1.,5.816986628301E-17));
#2244 = ( GEOMETRIC_REPRESENTATION_CONTEXT(2) 
PARAMETRIC_REPRESENTATION_CONTEXT() REPRESENTATION_CONTEXT('2D SPACE',''
  ) );
#2245 = ORIENTED_EDGE('',*,*,#2246,.F.);
#2246 = EDGE_CURVE('',#1980,#2215,#2247,.T.);
#2247 = SURFACE_CURVE('',#2248,(#2253,#2260),.PCURVE_S1.);
#2248 = CIRCLE('',#2249,126.7);
#2249 = AXIS2_PLACEMENT_3D('',#2250,#2251,#2252);
#2250 = CARTESIAN_POINT('',(0.,-2.975891721928E-16,16.07));
#2251 = DIRECTION('',(0.,-1.224646799147E-16,-1.));
#2252 = DIRECTION('',(1.,0.,0.));
#2253 = PCURVE('',#544,#2254);
#2254 = DEFINITIONAL_REPRESENTATION('',(#2255),#2259);
#2255 = LINE('',#2256,#2257);
#2256 = CARTESIAN_POINT('',(0.,2.93));
#2257 = VECTOR('',#2258,1.);
#2258 = DIRECTION('',(1.,0.));
#2259 = ( GEOMETRIC_REPRESENTATION_CONTEXT(2) 
PARAMETRIC_REPRESENTATION_CONTEXT() REPRESENTATION_CONTEXT('2D SPACE',''
  ) );
#2260 = PCURVE('',#2261,#2266);
#2261 = PLANE('',#2262);
#2262 = AXIS2_PLACEMENT_3D('',#2263,#2264,#2265);
#2263 = CARTESIAN_POINT('',(-91.34363817542,71.014668754572,16.07));
#2264 = DIRECTION('',(0.,1.224646799147E-16,1.));
#2265 = DIRECTION('',(-0.610336238184,-0.792142459637,9.700947276633E-17
    ));
#2266 = DEFINITIONAL_REPRESENTATION('',(#2267),#2275);
#2267 = ( BOUNDED_CURVE() B_SPLINE_CURVE(2,(#2268,#2269,#2270,#2271,
#2272,#2273,#2274),.UNSPECIFIED.,.T.,.F.) B_SPLINE_CURVE_WITH_KNOTS((1,2
    ,2,2,2,1),(-2.094395102393,0.,2.094395102393,4.188790204786,
6.28318530718,8.377580409573),.UNSPECIFIED.) CURVE() 
GEOMETRIC_REPRESENTATION_ITEM() RATIONAL_B_SPLINE_CURVE((1.,0.5,1.,0.5,
1.,0.5,1.)) REPRESENTATION_ITEM('') );
#2268 = CARTESIAN_POINT('',(-76.82619950627,216.06444963602));
#2269 = CARTESIAN_POINT('',(97.010126537005,350.00324815151));
#2270 = CARTESIAN_POINT('',(126.08636558214,132.48717443973));
#2271 = CARTESIAN_POINT('',(155.16260462728,-85.02889927205));
#2272 = CARTESIAN_POINT('',(-47.74996046113,-1.451624075758));
#2273 = CARTESIAN_POINT('',(-250.6625255495,82.125651120533));
#2274 = CARTESIAN_POINT('',(-76.82619950627,216.06444963602));
#2275 = ( GEOMETRIC_REPRESENTATION_CONTEXT(2) 
PARAMETRIC_REPRESENTATION_CONTEXT() REPRESENTATION_CONTEXT('2D SPACE',''
  ) );
#2276 = ADVANCED_FACE('',(#2277),#2261,.F.);
#2277 = FACE_BOUND('',#2278,.F.);
#2278 = EDGE_LOOP('',(#2279,#2309,#2330,#2331));
#2279 = ORIENTED_EDGE('',*,*,#2280,.T.);
#2280 = EDGE_CURVE('',#2281,#2283,#2285,.T.);
#2281 = VERTEX_POINT('',#2282);
#2282 = CARTESIAN_POINT('',(-95.12669682315,72.658481713833,16.07));
#2283 = VERTEX_POINT('',#2284);
#2284 = CARTESIAN_POINT('',(-94.51220801397,73.456013707306,16.07));
#2285 = SURFACE_CURVE('',#2286,(#2290,#2297),.PCURVE_S1.);
#2286 = LINE('',#2287,#2288);
#2287 = CARTESIAN_POINT('',(-98.32784764537,68.503775951115,16.07));
#2288 = VECTOR('',#2289,1.);
#2289 = DIRECTION('',(0.610336238184,0.792142459637,-9.700947276633E-17)
  );
#2290 = PCURVE('',#2261,#2291);
#2291 = DEFINITIONAL_REPRESENTATION('',(#2292),#2296);
#2292 = LINE('',#2293,#2294);
#2293 = CARTESIAN_POINT('',(6.251700935788,-4.));
#2294 = VECTOR('',#2295,1.);
#2295 = DIRECTION('',(-1.,-7.250937347237E-33));
#2296 = ( GEOMETRIC_REPRESENTATION_CONTEXT(2) 
PARAMETRIC_REPRESENTATION_CONTEXT() REPRESENTATION_CONTEXT('2D SPACE',''
  ) );
#2297 = PCURVE('',#2298,#2303);
#2298 = PLANE('',#2299);
#2299 = AXIS2_PLACEMENT_3D('',#2300,#2301,#2302);
#2300 = CARTESIAN_POINT('',(-102.1434872767,63.551538194924,18.5));
#2301 = DIRECTION('',(-0.792142459637,0.610336238184,-7.474463204951E-17
    ));
#2302 = DIRECTION('',(0.,-1.224646799147E-16,-1.));
#2303 = DEFINITIONAL_REPRESENTATION('',(#2304),#2308);
#2304 = LINE('',#2305,#2306);
#2305 = CARTESIAN_POINT('',(2.43,-6.251700935788));
#2306 = VECTOR('',#2307,1.);
#2307 = DIRECTION('',(0.,-1.));
#2308 = ( GEOMETRIC_REPRESENTATION_CONTEXT(2) 
PARAMETRIC_REPRESENTATION_CONTEXT() REPRESENTATION_CONTEXT('2D SPACE',''
  ) );
#2309 = ORIENTED_EDGE('',*,*,#2310,.T.);
#2310 = EDGE_CURVE('',#2283,#2215,#2311,.T.);
#2311 = SURFACE_CURVE('',#2312,(#2316,#2323),.PCURVE_S1.);
#2312 = LINE('',#2313,#2314);
#2313 = CARTESIAN_POINT('',(-91.34363817542,71.014668754572,16.07));
#2314 = VECTOR('',#2315,1.);
#2315 = DIRECTION('',(-0.792142459637,0.610336238184,-7.474463204951E-17
    ));
#2316 = PCURVE('',#2261,#2317);
#2317 = DEFINITIONAL_REPRESENTATION('',(#2318),#2322);
#2318 = LINE('',#2319,#2320);
#2319 = CARTESIAN_POINT('',(0.,0.));
#2320 = VECTOR('',#2321,1.);
#2321 = DIRECTION('',(-7.250937347237E-33,-1.));
#2322 = ( GEOMETRIC_REPRESENTATION_CONTEXT(2) 
PARAMETRIC_REPRESENTATION_CONTEXT() REPRESENTATION_CONTEXT('2D SPACE',''
  ) );
#2323 = PCURVE('',#2234,#2324);
#2324 = DEFINITIONAL_REPRESENTATION('',(#2325),#2329);
#2325 = LINE('',#2326,#2327);
#2326 = CARTESIAN_POINT('',(1.638082245892,4.194401828471E-15));
#2327 = VECTOR('',#2328,1.);
#2328 = DIRECTION('',(5.684050875714E-17,-1.));
#2329 = ( GEOMETRIC_REPRESENTATION_CONTEXT(2) 
PARAMETRIC_REPRESENTATION_CONTEXT() REPRESENTATION_CONTEXT('2D SPACE',''
  ) );
#2330 = ORIENTED_EDGE('',*,*,#2246,.F.);
#2331 = ORIENTED_EDGE('',*,*,#2332,.F.);
#2332 = EDGE_CURVE('',#2281,#1980,#2333,.T.);
#2333 = SURFACE_CURVE('',#2334,(#2338,#2345),.PCURVE_S1.);
#2334 = LINE('',#2335,#2336);
#2335 = CARTESIAN_POINT('',(-91.9581269846,70.217136761099,16.07));
#2336 = VECTOR('',#2337,1.);
#2337 = DIRECTION('',(-0.792142459637,0.610336238184,-7.474463204951E-17
    ));
#2338 = PCURVE('',#2261,#2339);
#2339 = DEFINITIONAL_REPRESENTATION('',(#2340),#2344);
#2340 = LINE('',#2341,#2342);
#2341 = CARTESIAN_POINT('',(1.006803743154,-1.043609643148E-14));
#2342 = VECTOR('',#2343,1.);
#2343 = DIRECTION('',(-7.250937347237E-33,-1.));
#2344 = ( GEOMETRIC_REPRESENTATION_CONTEXT(2) 
PARAMETRIC_REPRESENTATION_CONTEXT() REPRESENTATION_CONTEXT('2D SPACE',''
  ) );
#2345 = PCURVE('',#2001,#2346);
#2346 = DEFINITIONAL_REPRESENTATION('',(#2347),#2351);
#2347 = LINE('',#2348,#2349);
#2348 = CARTESIAN_POINT('',(-0.,0.));
#2349 = VECTOR('',#2350,1.);
#2350 = DIRECTION('',(-1.329357525878E-18,-1.));
#2351 = ( GEOMETRIC_REPRESENTATION_CONTEXT(2) 
PARAMETRIC_REPRESENTATION_CONTEXT() REPRESENTATION_CONTEXT('2D SPACE',''
  ) );
#2352 = ADVANCED_FACE('',(#2353),#2298,.F.);
#2353 = FACE_BOUND('',#2354,.F.);
#2354 = EDGE_LOOP('',(#2355,#2380,#2403,#2426,#2454,#2478,#2499,#2500,
    #2523,#2547));
#2355 = ORIENTED_EDGE('',*,*,#2356,.F.);
#2356 = EDGE_CURVE('',#2357,#2359,#2361,.T.);
#2357 = VERTEX_POINT('',#2358);
#2358 = CARTESIAN_POINT('',(-102.1434872767,63.551538194924,18.5));
#2359 = VERTEX_POINT('',#2360);
#2360 = CARTESIAN_POINT('',(-102.1434872767,63.551538194924,11.));
#2361 = SURFACE_CURVE('',#2362,(#2366,#2373),.PCURVE_S1.);
#2362 = LINE('',#2363,#2364);
#2363 = CARTESIAN_POINT('',(-102.1434872767,63.551538194924,18.5));
#2364 = VECTOR('',#2365,1.);
#2365 = DIRECTION('',(0.,-1.224646799147E-16,-1.));
#2366 = PCURVE('',#2298,#2367);
#2367 = DEFINITIONAL_REPRESENTATION('',(#2368),#2372);
#2368 = LINE('',#2369,#2370);
#2369 = CARTESIAN_POINT('',(0.,0.));
#2370 = VECTOR('',#2371,1.);
#2371 = DIRECTION('',(1.,0.));
#2372 = ( GEOMETRIC_REPRESENTATION_CONTEXT(2) 
PARAMETRIC_REPRESENTATION_CONTEXT() REPRESENTATION_CONTEXT('2D SPACE',''
  ) );
#2373 = PCURVE('',#515,#2374);
#2374 = DEFINITIONAL_REPRESENTATION('',(#2375),#2379);
#2375 = LINE('',#2376,#2377);
#2376 = CARTESIAN_POINT('',(-10.5,45.7));
#2377 = VECTOR('',#2378,1.);
#2378 = DIRECTION('',(1.,0.));
#2379 = ( GEOMETRIC_REPRESENTATION_CONTEXT(2) 
PARAMETRIC_REPRESENTATION_CONTEXT() REPRESENTATION_CONTEXT('2D SPACE',''
  ) );
#2380 = ORIENTED_EDGE('',*,*,#2381,.T.);
#2381 = EDGE_CURVE('',#2357,#2382,#2384,.T.);
#2382 = VERTEX_POINT('',#2383);
#2383 = CARTESIAN_POINT('',(-87.49541756036,82.562957226215,18.5));
#2384 = SURFACE_CURVE('',#2385,(#2389,#2396),.PCURVE_S1.);
#2385 = LINE('',#2386,#2387);
#2386 = CARTESIAN_POINT('',(-102.1434872767,63.551538194924,18.5));
#2387 = VECTOR('',#2388,1.);
#2388 = DIRECTION('',(0.610336238184,0.792142459637,-9.700947276633E-17)
  );
#2389 = PCURVE('',#2298,#2390);
#2390 = DEFINITIONAL_REPRESENTATION('',(#2391),#2395);
#2391 = LINE('',#2392,#2393);
#2392 = CARTESIAN_POINT('',(0.,0.));
#2393 = VECTOR('',#2394,1.);
#2394 = DIRECTION('',(0.,-1.));
#2395 = ( GEOMETRIC_REPRESENTATION_CONTEXT(2) 
PARAMETRIC_REPRESENTATION_CONTEXT() REPRESENTATION_CONTEXT('2D SPACE',''
  ) );
#2396 = PCURVE('',#1944,#2397);
#2397 = DEFINITIONAL_REPRESENTATION('',(#2398),#2402);
#2398 = LINE('',#2399,#2400);
#2399 = CARTESIAN_POINT('',(0.,0.));
#2400 = VECTOR('',#2401,1.);
#2401 = DIRECTION('',(7.250937347237E-33,1.));
#2402 = ( GEOMETRIC_REPRESENTATION_CONTEXT(2) 
PARAMETRIC_REPRESENTATION_CONTEXT() REPRESENTATION_CONTEXT('2D SPACE',''
  ) );
#2403 = ORIENTED_EDGE('',*,*,#2404,.T.);
#2404 = EDGE_CURVE('',#2382,#2405,#2407,.T.);
#2405 = VERTEX_POINT('',#2406);
#2406 = CARTESIAN_POINT('',(-87.49541756036,82.562957226215,11.));
#2407 = SURFACE_CURVE('',#2408,(#2412,#2419),.PCURVE_S1.);
#2408 = LINE('',#2409,#2410);
#2409 = CARTESIAN_POINT('',(-87.49541756036,82.562957226215,18.5));
#2410 = VECTOR('',#2411,1.);
#2411 = DIRECTION('',(0.,-1.224646799147E-16,-1.));
#2412 = PCURVE('',#2298,#2413);
#2413 = DEFINITIONAL_REPRESENTATION('',(#2414),#2418);
#2414 = LINE('',#2415,#2416);
#2415 = CARTESIAN_POINT('',(1.224486332409E-15,-24.));
#2416 = VECTOR('',#2417,1.);
#2417 = DIRECTION('',(1.,0.));
#2418 = ( GEOMETRIC_REPRESENTATION_CONTEXT(2) 
PARAMETRIC_REPRESENTATION_CONTEXT() REPRESENTATION_CONTEXT('2D SPACE',''
  ) );
#2419 = PCURVE('',#572,#2420);
#2420 = DEFINITIONAL_REPRESENTATION('',(#2421),#2425);
#2421 = LINE('',#2422,#2423);
#2422 = CARTESIAN_POINT('',(-10.5,45.7));
#2423 = VECTOR('',#2424,1.);
#2424 = DIRECTION('',(1.,0.));
#2425 = ( GEOMETRIC_REPRESENTATION_CONTEXT(2) 
PARAMETRIC_REPRESENTATION_CONTEXT() REPRESENTATION_CONTEXT('2D SPACE',''
  ) );
#2426 = ORIENTED_EDGE('',*,*,#2427,.F.);
#2427 = EDGE_CURVE('',#2428,#2405,#2430,.T.);
#2428 = VERTEX_POINT('',#2429);
#2429 = CARTESIAN_POINT('',(-94.40550224176,73.59450486606,11.));
#2430 = SURFACE_CURVE('',#2431,(#2435,#2442),.PCURVE_S1.);
#2431 = LINE('',#2432,#2433);
#2432 = CARTESIAN_POINT('',(-102.7538235149,62.759395735287,11.));
#2433 = VECTOR('',#2434,1.);
#2434 = DIRECTION('',(0.610336238184,0.792142459637,-9.700947276633E-17)
  );
#2435 = PCURVE('',#2298,#2436);
#2436 = DEFINITIONAL_REPRESENTATION('',(#2437),#2441);
#2437 = LINE('',#2438,#2439);
#2438 = CARTESIAN_POINT('',(7.5,1.));
#2439 = VECTOR('',#2440,1.);
#2440 = DIRECTION('',(0.,-1.));
#2441 = ( GEOMETRIC_REPRESENTATION_CONTEXT(2) 
PARAMETRIC_REPRESENTATION_CONTEXT() REPRESENTATION_CONTEXT('2D SPACE',''
  ) );
#2442 = PCURVE('',#2443,#2448);
#2443 = CYLINDRICAL_SURFACE('',#2444,3.);
#2444 = AXIS2_PLACEMENT_3D('',#2445,#2446,#2447);
#2445 = CARTESIAN_POINT('',(-100.377396136,60.928387020736,11.));
#2446 = DIRECTION('',(0.610336238184,0.792142459637,-9.700947276633E-17)
  );
#2447 = DIRECTION('',(0.,-1.224646799147E-16,-1.));
#2448 = DEFINITIONAL_REPRESENTATION('',(#2449),#2453);
#2449 = LINE('',#2450,#2451);
#2450 = CARTESIAN_POINT('',(1.570796326795,0.));
#2451 = VECTOR('',#2452,1.);
#2452 = DIRECTION('',(0.,1.));
#2453 = ( GEOMETRIC_REPRESENTATION_CONTEXT(2) 
PARAMETRIC_REPRESENTATION_CONTEXT() REPRESENTATION_CONTEXT('2D SPACE',''
  ) );
#2454 = ORIENTED_EDGE('',*,*,#2455,.F.);
#2455 = EDGE_CURVE('',#2456,#2428,#2458,.T.);
#2456 = VERTEX_POINT('',#2457);
#2457 = CARTESIAN_POINT('',(-93.80525612043,74.373551577026,
    14.911700935788));
#2458 = SURFACE_CURVE('',#2459,(#2464,#2471),.PCURVE_S1.);
#2459 = CIRCLE('',#2460,2.35);
#2460 = AXIS2_PLACEMENT_3D('',#2461,#2462,#2463);
#2461 = CARTESIAN_POINT('',(-94.81945241856,73.057247710569,13.25));
#2462 = DIRECTION('',(-0.792142459637,0.610336238184,-3.053113317719E-16
    ));
#2463 = DIRECTION('',(0.431572892823,0.560129304875,0.707106781187));
#2464 = PCURVE('',#2298,#2465);
#2465 = DEFINITIONAL_REPRESENTATION('',(#2466),#2470);
#2466 = CIRCLE('',#2467,2.35);
#2467 = AXIS2_PLACEMENT_2D('',#2468,#2469);
#2468 = CARTESIAN_POINT('',(5.25,-12.));
#2469 = DIRECTION('',(-0.707106781187,-0.707106781187));
#2470 = ( GEOMETRIC_REPRESENTATION_CONTEXT(2) 
PARAMETRIC_REPRESENTATION_CONTEXT() REPRESENTATION_CONTEXT('2D SPACE',''
  ) );
#2471 = PCURVE('',#2136,#2472);
#2472 = DEFINITIONAL_REPRESENTATION('',(#2473),#2477);
#2473 = LINE('',#2474,#2475);
#2474 = CARTESIAN_POINT('',(10.210176124167,-4.));
#2475 = VECTOR('',#2476,1.);
#2476 = DIRECTION('',(-1.,-0.));
#2477 = ( GEOMETRIC_REPRESENTATION_CONTEXT(2) 
PARAMETRIC_REPRESENTATION_CONTEXT() REPRESENTATION_CONTEXT('2D SPACE',''
  ) );
#2478 = ORIENTED_EDGE('',*,*,#2479,.F.);
#2479 = EDGE_CURVE('',#2283,#2456,#2480,.T.);
#2480 = SURFACE_CURVE('',#2481,(#2485,#2492),.PCURVE_S1.);
#2481 = LINE('',#2482,#2483);
#2482 = CARTESIAN_POINT('',(-96.43733114759,70.957437219841,
    19.224200935788));
#2483 = VECTOR('',#2484,1.);
#2484 = DIRECTION('',(0.431572892823,0.560129304875,-0.707106781187));
#2485 = PCURVE('',#2298,#2486);
#2486 = DEFINITIONAL_REPRESENTATION('',(#2487),#2491);
#2487 = LINE('',#2488,#2489);
#2488 = CARTESIAN_POINT('',(-0.724200935788,-9.349200935788));
#2489 = VECTOR('',#2490,1.);
#2490 = DIRECTION('',(0.707106781187,-0.707106781187));
#2491 = ( GEOMETRIC_REPRESENTATION_CONTEXT(2) 
PARAMETRIC_REPRESENTATION_CONTEXT() REPRESENTATION_CONTEXT('2D SPACE',''
  ) );
#2492 = PCURVE('',#2234,#2493);
#2493 = DEFINITIONAL_REPRESENTATION('',(#2494),#2498);
#2494 = LINE('',#2495,#2496);
#2495 = CARTESIAN_POINT('',(6.098795987734,-4.));
#2496 = VECTOR('',#2497,1.);
#2497 = DIRECTION('',(-1.,-5.28524361795E-17));
#2498 = ( GEOMETRIC_REPRESENTATION_CONTEXT(2) 
PARAMETRIC_REPRESENTATION_CONTEXT() REPRESENTATION_CONTEXT('2D SPACE',''
  ) );
#2499 = ORIENTED_EDGE('',*,*,#2280,.F.);
#2500 = ORIENTED_EDGE('',*,*,#2501,.F.);
#2501 = EDGE_CURVE('',#2502,#2281,#2504,.T.);
#2502 = VERTEX_POINT('',#2503);
#2503 = CARTESIAN_POINT('',(-95.8336487167,71.740943844113,
    14.911700935788));
#2504 = SURFACE_CURVE('',#2505,(#2509,#2516),.PCURVE_S1.);
#2505 = LINE('',#2506,#2507);
#2506 = CARTESIAN_POINT('',(-96.51011517186,70.862972378335,
    13.803350467894));
#2507 = VECTOR('',#2508,1.);
#2508 = DIRECTION('',(0.431572892823,0.560129304875,0.707106781187));
#2509 = PCURVE('',#2298,#2510);
#2510 = DEFINITIONAL_REPRESENTATION('',(#2511),#2515);
#2511 = LINE('',#2512,#2513);
#2512 = CARTESIAN_POINT('',(4.696649532106,-9.229948596317));
#2513 = VECTOR('',#2514,1.);
#2514 = DIRECTION('',(-0.707106781187,-0.707106781187));
#2515 = ( GEOMETRIC_REPRESENTATION_CONTEXT(2) 
PARAMETRIC_REPRESENTATION_CONTEXT() REPRESENTATION_CONTEXT('2D SPACE',''
  ) );
#2516 = PCURVE('',#2001,#2517);
#2517 = DEFINITIONAL_REPRESENTATION('',(#2518),#2522);
#2518 = LINE('',#2519,#2520);
#2519 = CARTESIAN_POINT('',(3.205526509451,-4.));
#2520 = VECTOR('',#2521,1.);
#2521 = DIRECTION('',(-1.,-5.816986628301E-17));
#2522 = ( GEOMETRIC_REPRESENTATION_CONTEXT(2) 
PARAMETRIC_REPRESENTATION_CONTEXT() REPRESENTATION_CONTEXT('2D SPACE',''
  ) );
#2523 = ORIENTED_EDGE('',*,*,#2524,.F.);
#2524 = EDGE_CURVE('',#2525,#2502,#2527,.T.);
#2525 = VERTEX_POINT('',#2526);
#2526 = CARTESIAN_POINT('',(-95.23340259536,72.519990555078,11.));
#2527 = SURFACE_CURVE('',#2528,(#2533,#2540),.PCURVE_S1.);
#2528 = CIRCLE('',#2529,2.35);
#2529 = AXIS2_PLACEMENT_3D('',#2530,#2531,#2532);
#2530 = CARTESIAN_POINT('',(-94.81945241856,73.057247710569,13.25));
#2531 = DIRECTION('',(-0.792142459637,0.610336238184,-4.135580766729E-15
    ));
#2532 = DIRECTION('',(-0.176149011405,-0.228620066166,-0.957446808511));
#2533 = PCURVE('',#2298,#2534);
#2534 = DEFINITIONAL_REPRESENTATION('',(#2535),#2539);
#2535 = CIRCLE('',#2536,2.35);
#2536 = AXIS2_PLACEMENT_2D('',#2537,#2538);
#2537 = CARTESIAN_POINT('',(5.25,-12.));
#2538 = DIRECTION('',(0.957446808511,0.288609786516));
#2539 = ( GEOMETRIC_REPRESENTATION_CONTEXT(2) 
PARAMETRIC_REPRESENTATION_CONTEXT() REPRESENTATION_CONTEXT('2D SPACE',''
  ) );
#2540 = PCURVE('',#2136,#2541);
#2541 = DEFINITIONAL_REPRESENTATION('',(#2542),#2546);
#2542 = LINE('',#2543,#2544);
#2543 = CARTESIAN_POINT('',(7.561207115386,-4.));
#2544 = VECTOR('',#2545,1.);
#2545 = DIRECTION('',(-1.,-0.));
#2546 = ( GEOMETRIC_REPRESENTATION_CONTEXT(2) 
PARAMETRIC_REPRESENTATION_CONTEXT() REPRESENTATION_CONTEXT('2D SPACE',''
  ) );
#2547 = ORIENTED_EDGE('',*,*,#2548,.F.);
#2548 = EDGE_CURVE('',#2359,#2525,#2549,.T.);
#2549 = SURFACE_CURVE('',#2550,(#2554,#2561),.PCURVE_S1.);
#2550 = LINE('',#2551,#2552);
#2551 = CARTESIAN_POINT('',(-102.7538235149,62.759395735287,11.));
#2552 = VECTOR('',#2553,1.);
#2553 = DIRECTION('',(0.610336238184,0.792142459637,-9.700947276633E-17)
  );
#2554 = PCURVE('',#2298,#2555);
#2555 = DEFINITIONAL_REPRESENTATION('',(#2556),#2560);
#2556 = LINE('',#2557,#2558);
#2557 = CARTESIAN_POINT('',(7.5,1.));
#2558 = VECTOR('',#2559,1.);
#2559 = DIRECTION('',(0.,-1.));
#2560 = ( GEOMETRIC_REPRESENTATION_CONTEXT(2) 
PARAMETRIC_REPRESENTATION_CONTEXT() REPRESENTATION_CONTEXT('2D SPACE',''
  ) );
#2561 = PCURVE('',#2443,#2562);
#2562 = DEFINITIONAL_REPRESENTATION('',(#2563),#2567);
#2563 = LINE('',#2564,#2565);
#2564 = CARTESIAN_POINT('',(1.570796326795,0.));
#2565 = VECTOR('',#2566,1.);
#2566 = DIRECTION('',(0.,1.));
#2567 = ( GEOMETRIC_REPRESENTATION_CONTEXT(2) 
PARAMETRIC_REPRESENTATION_CONTEXT() REPRESENTATION_CONTEXT('2D SPACE',''
  ) );
#2568 = ADVANCED_FACE('',(#2569),#2443,.F.);
#2569 = FACE_BOUND('',#2570,.F.);
#2570 = EDGE_LOOP('',(#2571,#2595,#2618,#2640,#2641,#2683));
#2571 = ORIENTED_EDGE('',*,*,#2572,.F.);
#2572 = EDGE_CURVE('',#2573,#2405,#2575,.T.);
#2573 = VERTEX_POINT('',#2574);
#2574 = CARTESIAN_POINT('',(-85.11899018145,80.731948511664,8.));
#2575 = SURFACE_CURVE('',#2576,(#2581,#2588),.PCURVE_S1.);
#2576 = CIRCLE('',#2577,3.);
#2577 = AXIS2_PLACEMENT_3D('',#2578,#2579,#2580);
#2578 = CARTESIAN_POINT('',(-85.11899018145,80.731948511664,11.));
#2579 = DIRECTION('',(0.610336238184,0.792142459637,-9.700947276633E-17)
  );
#2580 = DIRECTION('',(0.,-1.224646799147E-16,-1.));
#2581 = PCURVE('',#2443,#2582);
#2582 = DEFINITIONAL_REPRESENTATION('',(#2583),#2587);
#2583 = LINE('',#2584,#2585);
#2584 = CARTESIAN_POINT('',(0.,25.));
#2585 = VECTOR('',#2586,1.);
#2586 = DIRECTION('',(1.,0.));
#2587 = ( GEOMETRIC_REPRESENTATION_CONTEXT(2) 
PARAMETRIC_REPRESENTATION_CONTEXT() REPRESENTATION_CONTEXT('2D SPACE',''
  ) );
#2588 = PCURVE('',#572,#2589);
#2589 = DEFINITIONAL_REPRESENTATION('',(#2590),#2594);
#2590 = CIRCLE('',#2591,3.);
#2591 = AXIS2_PLACEMENT_2D('',#2592,#2593);
#2592 = CARTESIAN_POINT('',(-3.,42.7));
#2593 = DIRECTION('',(1.,-1.232595164408E-32));
#2594 = ( GEOMETRIC_REPRESENTATION_CONTEXT(2) 
PARAMETRIC_REPRESENTATION_CONTEXT() REPRESENTATION_CONTEXT('2D SPACE',''
  ) );
#2595 = ORIENTED_EDGE('',*,*,#2596,.F.);
#2596 = EDGE_CURVE('',#2597,#2573,#2599,.T.);
#2597 = VERTEX_POINT('',#2598);
#2598 = CARTESIAN_POINT('',(-99.76705989785,61.720529480373,8.));
#2599 = SURFACE_CURVE('',#2600,(#2604,#2611),.PCURVE_S1.);
#2600 = LINE('',#2601,#2602);
#2601 = CARTESIAN_POINT('',(-100.377396136,60.928387020736,8.));
#2602 = VECTOR('',#2603,1.);
#2603 = DIRECTION('',(0.610336238184,0.792142459637,-9.700947276633E-17)
  );
#2604 = PCURVE('',#2443,#2605);
#2605 = DEFINITIONAL_REPRESENTATION('',(#2606),#2610);
#2606 = LINE('',#2607,#2608);
#2607 = CARTESIAN_POINT('',(0.,-0.));
#2608 = VECTOR('',#2609,1.);
#2609 = DIRECTION('',(0.,1.));
#2610 = ( GEOMETRIC_REPRESENTATION_CONTEXT(2) 
PARAMETRIC_REPRESENTATION_CONTEXT() REPRESENTATION_CONTEXT('2D SPACE',''
  ) );
#2611 = PCURVE('',#43,#2612);
#2612 = DEFINITIONAL_REPRESENTATION('',(#2613),#2617);
#2613 = LINE('',#2614,#2615);
#2614 = CARTESIAN_POINT('',(-100.377396136,-60.92838702073));
#2615 = VECTOR('',#2616,1.);
#2616 = DIRECTION('',(0.610336238184,-0.792142459637));
#2617 = ( GEOMETRIC_REPRESENTATION_CONTEXT(2) 
PARAMETRIC_REPRESENTATION_CONTEXT() REPRESENTATION_CONTEXT('2D SPACE',''
  ) );
#2618 = ORIENTED_EDGE('',*,*,#2619,.T.);
#2619 = EDGE_CURVE('',#2597,#2359,#2620,.T.);
#2620 = SURFACE_CURVE('',#2621,(#2626,#2633),.PCURVE_S1.);
#2621 = CIRCLE('',#2622,3.);
#2622 = AXIS2_PLACEMENT_3D('',#2623,#2624,#2625);
#2623 = CARTESIAN_POINT('',(-99.76705989785,61.720529480373,11.));
#2624 = DIRECTION('',(0.610336238184,0.792142459637,-9.700947276633E-17)
  );
#2625 = DIRECTION('',(0.,-1.224646799147E-16,-1.));
#2626 = PCURVE('',#2443,#2627);
#2627 = DEFINITIONAL_REPRESENTATION('',(#2628),#2632);
#2628 = LINE('',#2629,#2630);
#2629 = CARTESIAN_POINT('',(0.,1.));
#2630 = VECTOR('',#2631,1.);
#2631 = DIRECTION('',(1.,0.));
#2632 = ( GEOMETRIC_REPRESENTATION_CONTEXT(2) 
PARAMETRIC_REPRESENTATION_CONTEXT() REPRESENTATION_CONTEXT('2D SPACE',''
  ) );
#2633 = PCURVE('',#515,#2634);
#2634 = DEFINITIONAL_REPRESENTATION('',(#2635),#2639);
#2635 = CIRCLE('',#2636,3.);
#2636 = AXIS2_PLACEMENT_2D('',#2637,#2638);
#2637 = CARTESIAN_POINT('',(-3.,42.7));
#2638 = DIRECTION('',(1.,-1.232595164408E-32));
#2639 = ( GEOMETRIC_REPRESENTATION_CONTEXT(2) 
PARAMETRIC_REPRESENTATION_CONTEXT() REPRESENTATION_CONTEXT('2D SPACE',''
  ) );
#2640 = ORIENTED_EDGE('',*,*,#2548,.T.);
#2641 = ORIENTED_EDGE('',*,*,#2642,.T.);
#2642 = EDGE_CURVE('',#2525,#2428,#2643,.T.);
#2643 = SURFACE_CURVE('',#2644,(#2655,#2669),.PCURVE_S1.);
#2644 = B_SPLINE_CURVE_WITH_KNOTS('',5,(#2645,#2646,#2647,#2648,#2649,
    #2650,#2651,#2652,#2653,#2654),.UNSPECIFIED.,.F.,.F.,(6,4,6),(0.,
    0.500000005634,1.),.UNSPECIFIED.);
#2645 = CARTESIAN_POINT('',(-95.23340259536,72.519990555079,11.));
#2646 = CARTESIAN_POINT('',(-95.15206112349,72.625561926343,
    10.959826537205));
#2647 = CARTESIAN_POINT('',(-95.06907716451,72.732163867723,
    10.929868519656));
#2648 = CARTESIAN_POINT('',(-94.98539557374,72.839686733477,
    10.90995617407));
#2649 = CARTESIAN_POINT('',(-94.90163548659,72.947852555312,10.9));
#2650 = CARTESIAN_POINT('',(-94.73462814368,73.164607843817,10.9));
#2651 = CARTESIAN_POINT('',(-94.65139467108,73.273179420923,
    10.909956174177));
#2652 = CARTESIAN_POINT('',(-94.56876288985,73.381511154935,
    10.929868519958));
#2653 = CARTESIAN_POINT('',(-94.48684371396,73.488933494365,
    10.959826537041));
#2654 = CARTESIAN_POINT('',(-94.40550224176,73.59450486606,11.));
#2655 = PCURVE('',#2443,#2656);
#2656 = DEFINITIONAL_REPRESENTATION('',(#2657),#2668);
#2657 = B_SPLINE_CURVE_WITH_KNOTS('',5,(#2658,#2659,#2660,#2661,#2662,
    #2663,#2664,#2665,#2666,#2667),.UNSPECIFIED.,.F.,.F.,(6,4,6),(0.,
    0.500000005634,1.),.UNSPECIFIED.);
#2658 = CARTESIAN_POINT('',(1.570796326795,12.321767001687));
#2659 = CARTESIAN_POINT('',(1.55740517253,12.455040215337));
#2660 = CARTESIAN_POINT('',(1.547419015395,12.590132256737));
#2661 = CARTESIAN_POINT('',(1.540777241615,12.7263795914));
#2662 = CARTESIAN_POINT('',(1.537456817534,12.863184148059));
#2663 = CARTESIAN_POINT('',(1.537456817534,13.136815848857));
#2664 = CARTESIAN_POINT('',(1.540777241827,13.273620409547));
#2665 = CARTESIAN_POINT('',(1.547419015319,13.409867746296));
#2666 = CARTESIAN_POINT('',(1.557405172475,13.544959784119));
#2667 = CARTESIAN_POINT('',(1.570796326795,13.678232998313));
#2668 = ( GEOMETRIC_REPRESENTATION_CONTEXT(2) 
PARAMETRIC_REPRESENTATION_CONTEXT() REPRESENTATION_CONTEXT('2D SPACE',''
  ) );
#2669 = PCURVE('',#2136,#2670);
#2670 = DEFINITIONAL_REPRESENTATION('',(#2671),#2682);
#2671 = B_SPLINE_CURVE_WITH_KNOTS('',5,(#2672,#2673,#2674,#2675,#2676,
    #2677,#2678,#2679,#2680,#2681),.UNSPECIFIED.,.F.,.F.,(6,4,6),(0.,
    0.500000005634,1.),.UNSPECIFIED.);
#2672 = CARTESIAN_POINT('',(7.561207115386,-4.));
#2673 = CARTESIAN_POINT('',(7.620439654786,-4.));
#2674 = CARTESIAN_POINT('',(7.679158651919,-3.999327910508));
#2675 = CARTESIAN_POINT('',(7.73754745174,-3.998665270771));
#2676 = CARTESIAN_POINT('',(7.79576212251,-3.998332870113));
#2677 = CARTESIAN_POINT('',(7.912201144127,-3.998332870113));
#2678 = CARTESIAN_POINT('',(7.970415816658,-3.998665270353));
#2679 = CARTESIAN_POINT('',(8.028804617294,-3.999327910934));
#2680 = CARTESIAN_POINT('',(8.087523612922,-4.));
#2681 = CARTESIAN_POINT('',(8.146756152563,-4.));
#2682 = ( GEOMETRIC_REPRESENTATION_CONTEXT(2) 
PARAMETRIC_REPRESENTATION_CONTEXT() REPRESENTATION_CONTEXT('2D SPACE',''
  ) );
#2683 = ORIENTED_EDGE('',*,*,#2427,.T.);
#2684 = ADVANCED_FACE('',(#2685),#2234,.F.);
#2685 = FACE_BOUND('',#2686,.F.);
#2686 = EDGE_LOOP('',(#2687,#2688,#2709,#2710));
#2687 = ORIENTED_EDGE('',*,*,#2479,.T.);
#2688 = ORIENTED_EDGE('',*,*,#2689,.T.);
#2689 = EDGE_CURVE('',#2456,#2014,#2690,.T.);
#2690 = SURFACE_CURVE('',#2691,(#2695,#2702),.PCURVE_S1.);
#2691 = LINE('',#2692,#2693);
#2692 = CARTESIAN_POINT('',(-90.63668628188,71.932206624292,
    14.911700935788));
#2693 = VECTOR('',#2694,1.);
#2694 = DIRECTION('',(-0.792142459637,0.610336238184,-7.474463204951E-17
    ));
#2695 = PCURVE('',#2234,#2696);
#2696 = DEFINITIONAL_REPRESENTATION('',(#2697),#2701);
#2697 = LINE('',#2698,#2699);
#2698 = CARTESIAN_POINT('',(0.,0.));
#2699 = VECTOR('',#2700,1.);
#2700 = DIRECTION('',(5.684050875714E-17,-1.));
#2701 = ( GEOMETRIC_REPRESENTATION_CONTEXT(2) 
PARAMETRIC_REPRESENTATION_CONTEXT() REPRESENTATION_CONTEXT('2D SPACE',''
  ) );
#2702 = PCURVE('',#2136,#2703);
#2703 = DEFINITIONAL_REPRESENTATION('',(#2704),#2708);
#2704 = LINE('',#2705,#2706);
#2705 = CARTESIAN_POINT('',(10.210176124167,0.));
#2706 = VECTOR('',#2707,1.);
#2707 = DIRECTION('',(0.,-1.));
#2708 = ( GEOMETRIC_REPRESENTATION_CONTEXT(2) 
PARAMETRIC_REPRESENTATION_CONTEXT() REPRESENTATION_CONTEXT('2D SPACE',''
  ) );
#2709 = ORIENTED_EDGE('',*,*,#2214,.T.);
#2710 = ORIENTED_EDGE('',*,*,#2310,.F.);
#2711 = ADVANCED_FACE('',(#2712),#2136,.F.);
#2712 = FACE_BOUND('',#2713,.F.);
#2713 = EDGE_LOOP('',(#2714,#2715,#2736,#2737,#2738,#2739));
#2714 = ORIENTED_EDGE('',*,*,#2524,.T.);
#2715 = ORIENTED_EDGE('',*,*,#2716,.T.);
#2716 = EDGE_CURVE('',#2502,#1982,#2717,.T.);
#2717 = SURFACE_CURVE('',#2718,(#2722,#2729),.PCURVE_S1.);
#2718 = LINE('',#2719,#2720);
#2719 = CARTESIAN_POINT('',(-92.66507887815,69.299598891379,
    14.911700935788));
#2720 = VECTOR('',#2721,1.);
#2721 = DIRECTION('',(-0.792142459637,0.610336238184,-7.474463204951E-17
    ));
#2722 = PCURVE('',#2136,#2723);
#2723 = DEFINITIONAL_REPRESENTATION('',(#2724),#2728);
#2724 = LINE('',#2725,#2726);
#2725 = CARTESIAN_POINT('',(5.497787143782,0.));
#2726 = VECTOR('',#2727,1.);
#2727 = DIRECTION('',(0.,-1.));
#2728 = ( GEOMETRIC_REPRESENTATION_CONTEXT(2) 
PARAMETRIC_REPRESENTATION_CONTEXT() REPRESENTATION_CONTEXT('2D SPACE',''
  ) );
#2729 = PCURVE('',#2001,#2730);
#2730 = DEFINITIONAL_REPRESENTATION('',(#2731),#2735);
#2731 = LINE('',#2732,#2733);
#2732 = CARTESIAN_POINT('',(1.638082245892,4.021248553755E-15));
#2733 = VECTOR('',#2734,1.);
#2734 = DIRECTION('',(-1.329357525878E-18,-1.));
#2735 = ( GEOMETRIC_REPRESENTATION_CONTEXT(2) 
PARAMETRIC_REPRESENTATION_CONTEXT() REPRESENTATION_CONTEXT('2D SPACE',''
  ) );
#2736 = ORIENTED_EDGE('',*,*,#2013,.T.);
#2737 = ORIENTED_EDGE('',*,*,#2689,.F.);
#2738 = ORIENTED_EDGE('',*,*,#2455,.T.);
#2739 = ORIENTED_EDGE('',*,*,#2642,.F.);
#2740 = ADVANCED_FACE('',(#2741),#2001,.F.);
#2741 = FACE_BOUND('',#2742,.F.);
#2742 = EDGE_LOOP('',(#2743,#2744,#2745,#2746));
#2743 = ORIENTED_EDGE('',*,*,#2501,.T.);
#2744 = ORIENTED_EDGE('',*,*,#2332,.T.);
#2745 = ORIENTED_EDGE('',*,*,#1979,.T.);
#2746 = ORIENTED_EDGE('',*,*,#2716,.F.);
#2747 = ADVANCED_FACE('',(#2748),#1944,.F.);
#2748 = FACE_BOUND('',#2749,.F.);
#2749 = EDGE_LOOP('',(#2750,#2771,#2772,#2793));
#2750 = ORIENTED_EDGE('',*,*,#2751,.F.);
#2751 = EDGE_CURVE('',#2382,#1928,#2752,.T.);
#2752 = SURFACE_CURVE('',#2753,(#2757,#2764),.PCURVE_S1.);
#2753 = LINE('',#2754,#2755);
#2754 = CARTESIAN_POINT('',(-87.49541756036,82.562957226215,18.5));
#2755 = VECTOR('',#2756,1.);
#2756 = DIRECTION('',(-0.792142459637,0.610336238184,-7.474463204951E-17
    ));
#2757 = PCURVE('',#1944,#2758);
#2758 = DEFINITIONAL_REPRESENTATION('',(#2759),#2763);
#2759 = LINE('',#2760,#2761);
#2760 = CARTESIAN_POINT('',(7.105427357601E-15,24.));
#2761 = VECTOR('',#2762,1.);
#2762 = DIRECTION('',(1.,7.250937347237E-33));
#2763 = ( GEOMETRIC_REPRESENTATION_CONTEXT(2) 
PARAMETRIC_REPRESENTATION_CONTEXT() REPRESENTATION_CONTEXT('2D SPACE',''
  ) );
#2764 = PCURVE('',#572,#2765);
#2765 = DEFINITIONAL_REPRESENTATION('',(#2766),#2770);
#2766 = LINE('',#2767,#2768);
#2767 = CARTESIAN_POINT('',(-10.5,45.7));
#2768 = VECTOR('',#2769,1.);
#2769 = DIRECTION('',(0.,1.));
#2770 = ( GEOMETRIC_REPRESENTATION_CONTEXT(2) 
PARAMETRIC_REPRESENTATION_CONTEXT() REPRESENTATION_CONTEXT('2D SPACE',''
  ) );
#2771 = ORIENTED_EDGE('',*,*,#2381,.F.);
#2772 = ORIENTED_EDGE('',*,*,#2773,.T.);
#2773 = EDGE_CURVE('',#2357,#1905,#2774,.T.);
#2774 = SURFACE_CURVE('',#2775,(#2779,#2786),.PCURVE_S1.);
#2775 = LINE('',#2776,#2777);
#2776 = CARTESIAN_POINT('',(-102.1434872767,63.551538194924,18.5));
#2777 = VECTOR('',#2778,1.);
#2778 = DIRECTION('',(-0.792142459637,0.610336238184,-7.474463204951E-17
    ));
#2779 = PCURVE('',#1944,#2780);
#2780 = DEFINITIONAL_REPRESENTATION('',(#2781),#2785);
#2781 = LINE('',#2782,#2783);
#2782 = CARTESIAN_POINT('',(0.,0.));
#2783 = VECTOR('',#2784,1.);
#2784 = DIRECTION('',(1.,7.250937347237E-33));
#2785 = ( GEOMETRIC_REPRESENTATION_CONTEXT(2) 
PARAMETRIC_REPRESENTATION_CONTEXT() REPRESENTATION_CONTEXT('2D SPACE',''
  ) );
#2786 = PCURVE('',#515,#2787);
#2787 = DEFINITIONAL_REPRESENTATION('',(#2788),#2792);
#2788 = LINE('',#2789,#2790);
#2789 = CARTESIAN_POINT('',(-10.5,45.7));
#2790 = VECTOR('',#2791,1.);
#2791 = DIRECTION('',(0.,1.));
#2792 = ( GEOMETRIC_REPRESENTATION_CONTEXT(2) 
PARAMETRIC_REPRESENTATION_CONTEXT() REPRESENTATION_CONTEXT('2D SPACE',''
  ) );
#2793 = ORIENTED_EDGE('',*,*,#1927,.T.);
#2794 = ADVANCED_FACE('',(#2795),#572,.T.);
#2795 = FACE_BOUND('',#2796,.T.);
#2796 = EDGE_LOOP('',(#2797,#2820,#2841,#2842,#2843,#2844,#2845));
#2797 = ORIENTED_EDGE('',*,*,#2798,.F.);
#2798 = EDGE_CURVE('',#2799,#2573,#2801,.T.);
#2799 = VERTEX_POINT('',#2800);
#2800 = CARTESIAN_POINT('',(-58.48102768686,60.207718779972,8.));
#2801 = SURFACE_CURVE('',#2802,(#2806,#2813),.PCURVE_S1.);
#2802 = LINE('',#2803,#2804);
#2803 = CARTESIAN_POINT('',(-51.29450715494,54.670591141227,8.));
#2804 = VECTOR('',#2805,1.);
#2805 = DIRECTION('',(-0.792142459637,0.610336238184,-7.474463204951E-17
    ));
#2806 = PCURVE('',#572,#2807);
#2807 = DEFINITIONAL_REPRESENTATION('',(#2808),#2812);
#2808 = LINE('',#2809,#2810);
#2809 = CARTESIAN_POINT('',(0.,0.));
#2810 = VECTOR('',#2811,1.);
#2811 = DIRECTION('',(0.,1.));
#2812 = ( GEOMETRIC_REPRESENTATION_CONTEXT(2) 
PARAMETRIC_REPRESENTATION_CONTEXT() REPRESENTATION_CONTEXT('2D SPACE',''
  ) );
#2813 = PCURVE('',#43,#2814);
#2814 = DEFINITIONAL_REPRESENTATION('',(#2815),#2819);
#2815 = LINE('',#2816,#2817);
#2816 = CARTESIAN_POINT('',(-51.29450715494,-54.67059114122));
#2817 = VECTOR('',#2818,1.);
#2818 = DIRECTION('',(-0.792142459637,-0.610336238184));
#2819 = ( GEOMETRIC_REPRESENTATION_CONTEXT(2) 
PARAMETRIC_REPRESENTATION_CONTEXT() REPRESENTATION_CONTEXT('2D SPACE',''
  ) );
#2820 = ORIENTED_EDGE('',*,*,#2821,.T.);
#2821 = EDGE_CURVE('',#2799,#557,#2822,.T.);
#2822 = SURFACE_CURVE('',#2823,(#2827,#2834),.PCURVE_S1.);
#2823 = LINE('',#2824,#2825);
#2824 = CARTESIAN_POINT('',(-58.48102768686,60.207718779972,8.));
#2825 = VECTOR('',#2826,1.);
#2826 = DIRECTION('',(0.,-1.224646799147E-16,-1.));
#2827 = PCURVE('',#572,#2828);
#2828 = DEFINITIONAL_REPRESENTATION('',(#2829),#2833);
#2829 = LINE('',#2830,#2831);
#2830 = CARTESIAN_POINT('',(-6.781025639259E-16,9.072257703761));
#2831 = VECTOR('',#2832,1.);
#2832 = DIRECTION('',(1.,0.));
#2833 = ( GEOMETRIC_REPRESENTATION_CONTEXT(2) 
PARAMETRIC_REPRESENTATION_CONTEXT() REPRESENTATION_CONTEXT('2D SPACE',''
  ) );
#2834 = PCURVE('',#605,#2835);
#2835 = DEFINITIONAL_REPRESENTATION('',(#2836),#2840);
#2836 = LINE('',#2837,#2838);
#2837 = CARTESIAN_POINT('',(1.570796326795,0.));
#2838 = VECTOR('',#2839,1.);
#2839 = DIRECTION('',(0.,-1.));
#2840 = ( GEOMETRIC_REPRESENTATION_CONTEXT(2) 
PARAMETRIC_REPRESENTATION_CONTEXT() REPRESENTATION_CONTEXT('2D SPACE',''
  ) );
#2841 = ORIENTED_EDGE('',*,*,#556,.T.);
#2842 = ORIENTED_EDGE('',*,*,#1956,.F.);
#2843 = ORIENTED_EDGE('',*,*,#2751,.F.);
#2844 = ORIENTED_EDGE('',*,*,#2404,.T.);
#2845 = ORIENTED_EDGE('',*,*,#2572,.F.);
#2846 = ADVANCED_FACE('',(#2847),#515,.F.);
#2847 = FACE_BOUND('',#2848,.F.);
#2848 = EDGE_LOOP('',(#2849,#2872,#2893,#2894,#2895,#2896,#2897));
#2849 = ORIENTED_EDGE('',*,*,#2850,.F.);
#2850 = EDGE_CURVE('',#2851,#2597,#2853,.T.);
#2851 = VERTEX_POINT('',#2852);
#2852 = CARTESIAN_POINT('',(-73.12909740326,41.196299748681,8.));
#2853 = SURFACE_CURVE('',#2854,(#2858,#2865),.PCURVE_S1.);
#2854 = LINE('',#2855,#2856);
#2855 = CARTESIAN_POINT('',(-65.94257687135,35.659172109936,8.));
#2856 = VECTOR('',#2857,1.);
#2857 = DIRECTION('',(-0.792142459637,0.610336238184,-7.474463204951E-17
    ));
#2858 = PCURVE('',#515,#2859);
#2859 = DEFINITIONAL_REPRESENTATION('',(#2860),#2864);
#2860 = LINE('',#2861,#2862);
#2861 = CARTESIAN_POINT('',(0.,0.));
#2862 = VECTOR('',#2863,1.);
#2863 = DIRECTION('',(0.,1.));
#2864 = ( GEOMETRIC_REPRESENTATION_CONTEXT(2) 
PARAMETRIC_REPRESENTATION_CONTEXT() REPRESENTATION_CONTEXT('2D SPACE',''
  ) );
#2865 = PCURVE('',#43,#2866);
#2866 = DEFINITIONAL_REPRESENTATION('',(#2867),#2871);
#2867 = LINE('',#2868,#2869);
#2868 = CARTESIAN_POINT('',(-65.94257687135,-35.65917210993));
#2869 = VECTOR('',#2870,1.);
#2870 = DIRECTION('',(-0.792142459637,-0.610336238184));
#2871 = ( GEOMETRIC_REPRESENTATION_CONTEXT(2) 
PARAMETRIC_REPRESENTATION_CONTEXT() REPRESENTATION_CONTEXT('2D SPACE',''
  ) );
#2872 = ORIENTED_EDGE('',*,*,#2873,.T.);
#2873 = EDGE_CURVE('',#2851,#471,#2874,.T.);
#2874 = SURFACE_CURVE('',#2875,(#2879,#2886),.PCURVE_S1.);
#2875 = LINE('',#2876,#2877);
#2876 = CARTESIAN_POINT('',(-73.12909740326,41.196299748681,8.));
#2877 = VECTOR('',#2878,1.);
#2878 = DIRECTION('',(0.,-1.224646799147E-16,-1.));
#2879 = PCURVE('',#515,#2880);
#2880 = DEFINITIONAL_REPRESENTATION('',(#2881),#2885);
#2881 = LINE('',#2882,#2883);
#2882 = CARTESIAN_POINT('',(1.098254275474E-15,9.072257703761));
#2883 = VECTOR('',#2884,1.);
#2884 = DIRECTION('',(1.,0.));
#2885 = ( GEOMETRIC_REPRESENTATION_CONTEXT(2) 
PARAMETRIC_REPRESENTATION_CONTEXT() REPRESENTATION_CONTEXT('2D SPACE',''
  ) );
#2886 = PCURVE('',#487,#2887);
#2887 = DEFINITIONAL_REPRESENTATION('',(#2888),#2892);
#2888 = LINE('',#2889,#2890);
#2889 = CARTESIAN_POINT('',(-4.712388980385,0.));
#2890 = VECTOR('',#2891,1.);
#2891 = DIRECTION('',(-0.,-1.));
#2892 = ( GEOMETRIC_REPRESENTATION_CONTEXT(2) 
PARAMETRIC_REPRESENTATION_CONTEXT() REPRESENTATION_CONTEXT('2D SPACE',''
  ) );
#2893 = ORIENTED_EDGE('',*,*,#499,.T.);
#2894 = ORIENTED_EDGE('',*,*,#1904,.F.);
#2895 = ORIENTED_EDGE('',*,*,#2773,.F.);
#2896 = ORIENTED_EDGE('',*,*,#2356,.T.);
#2897 = ORIENTED_EDGE('',*,*,#2619,.F.);
#2898 = ADVANCED_FACE('',(#2899),#605,.F.);
#2899 = FACE_BOUND('',#2900,.F.);
#2900 = EDGE_LOOP('',(#2901,#2902,#2903,#2926));
#2901 = ORIENTED_EDGE('',*,*,#2821,.T.);
#2902 = ORIENTED_EDGE('',*,*,#584,.T.);
#2903 = ORIENTED_EDGE('',*,*,#2904,.F.);
#2904 = EDGE_CURVE('',#2905,#585,#2907,.T.);
#2905 = VERTEX_POINT('',#2906);
#2906 = CARTESIAN_POINT('',(-50.94943306309,60.375121288068,8.));
#2907 = SURFACE_CURVE('',#2908,(#2912,#2919),.PCURVE_S1.);
#2908 = LINE('',#2909,#2910);
#2909 = CARTESIAN_POINT('',(-50.94943306309,60.375121288068,8.));
#2910 = VECTOR('',#2911,1.);
#2911 = DIRECTION('',(0.,-1.224646799147E-16,-1.));
#2912 = PCURVE('',#605,#2913);
#2913 = DEFINITIONAL_REPRESENTATION('',(#2914),#2918);
#2914 = LINE('',#2915,#2916);
#2915 = CARTESIAN_POINT('',(2.928212388986,0.));
#2916 = VECTOR('',#2917,1.);
#2917 = DIRECTION('',(0.,-1.));
#2918 = ( GEOMETRIC_REPRESENTATION_CONTEXT(2) 
PARAMETRIC_REPRESENTATION_CONTEXT() REPRESENTATION_CONTEXT('2D SPACE',''
  ) );
#2919 = PCURVE('',#638,#2920);
#2920 = DEFINITIONAL_REPRESENTATION('',(#2921),#2925);
#2921 = LINE('',#2922,#2923);
#2922 = CARTESIAN_POINT('',(4.011457906554,0.));
#2923 = VECTOR('',#2924,1.);
#2924 = DIRECTION('',(0.,1.));
#2925 = ( GEOMETRIC_REPRESENTATION_CONTEXT(2) 
PARAMETRIC_REPRESENTATION_CONTEXT() REPRESENTATION_CONTEXT('2D SPACE',''
  ) );
#2926 = ORIENTED_EDGE('',*,*,#2927,.F.);
#2927 = EDGE_CURVE('',#2799,#2905,#2928,.T.);
#2928 = SURFACE_CURVE('',#2929,(#2934,#2941),.PCURVE_S1.);
#2929 = CIRCLE('',#2930,6.);
#2930 = AXIS2_PLACEMENT_3D('',#2931,#2932,#2933);
#2931 = CARTESIAN_POINT('',(-54.81901025776,64.960573537795,8.));
#2932 = DIRECTION('',(0.,1.224646799147E-16,1.));
#2933 = DIRECTION('',(-0.792142459637,0.610336238184,-7.474463204951E-17
    ));
#2934 = PCURVE('',#605,#2935);
#2935 = DEFINITIONAL_REPRESENTATION('',(#2936),#2940);
#2936 = LINE('',#2937,#2938);
#2937 = CARTESIAN_POINT('',(0.,0.));
#2938 = VECTOR('',#2939,1.);
#2939 = DIRECTION('',(1.,0.));
#2940 = ( GEOMETRIC_REPRESENTATION_CONTEXT(2) 
PARAMETRIC_REPRESENTATION_CONTEXT() REPRESENTATION_CONTEXT('2D SPACE',''
  ) );
#2941 = PCURVE('',#43,#2942);
#2942 = DEFINITIONAL_REPRESENTATION('',(#2943),#2951);
#2943 = ( BOUNDED_CURVE() B_SPLINE_CURVE(2,(#2944,#2945,#2946,#2947,
#2948,#2949,#2950),.UNSPECIFIED.,.T.,.F.) B_SPLINE_CURVE_WITH_KNOTS((1,2
    ,2,2,2,1),(-2.094395102393,0.,2.094395102393,4.188790204786,
6.28318530718,8.377580409573),.UNSPECIFIED.) CURVE() 
GEOMETRIC_REPRESENTATION_ITEM() RATIONAL_B_SPLINE_CURVE((1.,0.5,1.,0.5,
1.,0.5,1.)) REPRESENTATION_ITEM('') );
#2944 = CARTESIAN_POINT('',(-59.57186501558,-68.62259096689));
#2945 = CARTESIAN_POINT('',(-65.91466526099,-60.39040504535));
#2946 = CARTESIAN_POINT('',(-55.61398300155,-59.01347186247));
#2947 = CARTESIAN_POINT('',(-45.31330074211,-57.63653867959));
#2948 = CARTESIAN_POINT('',(-49.27118275614,-67.24565778401));
#2949 = CARTESIAN_POINT('',(-53.22906477018,-76.85477688844));
#2950 = CARTESIAN_POINT('',(-59.57186501558,-68.62259096689));
#2951 = ( GEOMETRIC_REPRESENTATION_CONTEXT(2) 
PARAMETRIC_REPRESENTATION_CONTEXT() REPRESENTATION_CONTEXT('2D SPACE',''
  ) );
#2952 = ADVANCED_FACE('',(#2953),#487,.F.);
#2953 = FACE_BOUND('',#2954,.T.);
#2954 = EDGE_LOOP('',(#2955,#2956,#2957,#2980));
#2955 = ORIENTED_EDGE('',*,*,#2873,.T.);
#2956 = ORIENTED_EDGE('',*,*,#470,.T.);
#2957 = ORIENTED_EDGE('',*,*,#2958,.F.);
#2958 = EDGE_CURVE('',#2959,#438,#2961,.T.);
#2959 = VERTEX_POINT('',#2960);
#2960 = CARTESIAN_POINT('',(-71.37056555008,33.870966520915,8.));
#2961 = SURFACE_CURVE('',#2962,(#2966,#2973),.PCURVE_S1.);
#2962 = LINE('',#2963,#2964);
#2963 = CARTESIAN_POINT('',(-71.37056555008,33.870966520915,8.));
#2964 = VECTOR('',#2965,1.);
#2965 = DIRECTION('',(0.,-1.224646799147E-16,-1.));
#2966 = PCURVE('',#487,#2967);
#2967 = DEFINITIONAL_REPRESENTATION('',(#2968),#2972);
#2968 = LINE('',#2969,#2970);
#2969 = CARTESIAN_POINT('',(-6.069805042576,0.));
#2970 = VECTOR('',#2971,1.);
#2971 = DIRECTION('',(-0.,-1.));
#2972 = ( GEOMETRIC_REPRESENTATION_CONTEXT(2) 
PARAMETRIC_REPRESENTATION_CONTEXT() REPRESENTATION_CONTEXT('2D SPACE',''
  ) );
#2973 = PCURVE('',#458,#2974);
#2974 = DEFINITIONAL_REPRESENTATION('',(#2975),#2979);
#2975 = LINE('',#2976,#2977);
#2976 = CARTESIAN_POINT('',(3.584697377347,0.));
#2977 = VECTOR('',#2978,1.);
#2978 = DIRECTION('',(0.,1.));
#2979 = ( GEOMETRIC_REPRESENTATION_CONTEXT(2) 
PARAMETRIC_REPRESENTATION_CONTEXT() REPRESENTATION_CONTEXT('2D SPACE',''
  ) );
#2980 = ORIENTED_EDGE('',*,*,#2981,.F.);
#2981 = EDGE_CURVE('',#2851,#2959,#2982,.T.);
#2982 = SURFACE_CURVE('',#2983,(#2988,#2995),.PCURVE_S1.);
#2983 = CIRCLE('',#2984,6.);
#2984 = AXIS2_PLACEMENT_3D('',#2985,#2986,#2987);
#2985 = CARTESIAN_POINT('',(-76.79111483237,36.443444990858,8.));
#2986 = DIRECTION('',(0.,-1.224646799147E-16,-1.));
#2987 = DIRECTION('',(0.792142459637,-0.610336238184,7.474463204951E-17)
  );
#2988 = PCURVE('',#487,#2989);
#2989 = DEFINITIONAL_REPRESENTATION('',(#2990),#2994);
#2990 = LINE('',#2991,#2992);
#2991 = CARTESIAN_POINT('',(-0.,0.));
#2992 = VECTOR('',#2993,1.);
#2993 = DIRECTION('',(-1.,0.));
#2994 = ( GEOMETRIC_REPRESENTATION_CONTEXT(2) 
PARAMETRIC_REPRESENTATION_CONTEXT() REPRESENTATION_CONTEXT('2D SPACE',''
  ) );
#2995 = PCURVE('',#43,#2996);
#2996 = DEFINITIONAL_REPRESENTATION('',(#2997),#3001);
#2997 = CIRCLE('',#2998,6.);
#2998 = AXIS2_PLACEMENT_2D('',#2999,#3000);
#2999 = CARTESIAN_POINT('',(-76.79111483237,-36.44344499085));
#3000 = DIRECTION('',(0.792142459637,0.610336238184));
#3001 = ( GEOMETRIC_REPRESENTATION_CONTEXT(2) 
PARAMETRIC_REPRESENTATION_CONTEXT() REPRESENTATION_CONTEXT('2D SPACE',''
  ) );
#3002 = ADVANCED_FACE('',(#3003),#638,.T.);
#3003 = FACE_BOUND('',#3004,.T.);
#3004 = EDGE_LOOP('',(#3005,#3006,#3030,#3051));
#3005 = ORIENTED_EDGE('',*,*,#2904,.F.);
#3006 = ORIENTED_EDGE('',*,*,#3007,.T.);
#3007 = EDGE_CURVE('',#2905,#3008,#3010,.T.);
#3008 = VERTEX_POINT('',#3009);
#3009 = CARTESIAN_POINT('',(65.018400232888,44.873239588379,8.));
#3010 = SURFACE_CURVE('',#3011,(#3016,#3023),.PCURVE_S1.);
#3011 = CIRCLE('',#3012,79.);
#3012 = AXIS2_PLACEMENT_3D('',#3013,#3014,#3015);
#3013 = CARTESIAN_POINT('',(0.,-1.285879139105E-15,8.));
#3014 = DIRECTION('',(0.,-1.224646799147E-16,-1.));
#3015 = DIRECTION('',(-0.339388256462,-0.940646379558,1.151959577855E-16
    ));
#3016 = PCURVE('',#638,#3017);
#3017 = DEFINITIONAL_REPRESENTATION('',(#3018),#3022);
#3018 = LINE('',#3019,#3020);
#3019 = CARTESIAN_POINT('',(1.917062804161,0.));
#3020 = VECTOR('',#3021,1.);
#3021 = DIRECTION('',(1.,0.));
#3022 = ( GEOMETRIC_REPRESENTATION_CONTEXT(2) 
PARAMETRIC_REPRESENTATION_CONTEXT() REPRESENTATION_CONTEXT('2D SPACE',''
  ) );
#3023 = PCURVE('',#43,#3024);
#3024 = DEFINITIONAL_REPRESENTATION('',(#3025),#3029);
#3025 = CIRCLE('',#3026,79.);
#3026 = AXIS2_PLACEMENT_2D('',#3027,#3028);
#3027 = CARTESIAN_POINT('',(0.,0.));
#3028 = DIRECTION('',(-0.339388256462,0.940646379558));
#3029 = ( GEOMETRIC_REPRESENTATION_CONTEXT(2) 
PARAMETRIC_REPRESENTATION_CONTEXT() REPRESENTATION_CONTEXT('2D SPACE',''
  ) );
#3030 = ORIENTED_EDGE('',*,*,#3031,.T.);
#3031 = EDGE_CURVE('',#3008,#618,#3032,.T.);
#3032 = SURFACE_CURVE('',#3033,(#3037,#3044),.PCURVE_S1.);
#3033 = LINE('',#3034,#3035);
#3034 = CARTESIAN_POINT('',(65.018400232888,44.873239588379,8.));
#3035 = VECTOR('',#3036,1.);
#3036 = DIRECTION('',(0.,-1.224646799147E-16,-1.));
#3037 = PCURVE('',#638,#3038);
#3038 = DEFINITIONAL_REPRESENTATION('',(#3039),#3043);
#3039 = LINE('',#3040,#3041);
#3040 = CARTESIAN_POINT('',(5.679092479741,0.));
#3041 = VECTOR('',#3042,1.);
#3042 = DIRECTION('',(0.,1.));
#3043 = ( GEOMETRIC_REPRESENTATION_CONTEXT(2) 
PARAMETRIC_REPRESENTATION_CONTEXT() REPRESENTATION_CONTEXT('2D SPACE',''
  ) );
#3044 = PCURVE('',#667,#3045);
#3045 = DEFINITIONAL_REPRESENTATION('',(#3046),#3050);
#3046 = LINE('',#3047,#3048);
#3047 = CARTESIAN_POINT('',(-6.069805042576,0.));
#3048 = VECTOR('',#3049,1.);
#3049 = DIRECTION('',(-0.,-1.));
#3050 = ( GEOMETRIC_REPRESENTATION_CONTEXT(2) 
PARAMETRIC_REPRESENTATION_CONTEXT() REPRESENTATION_CONTEXT('2D SPACE',''
  ) );
#3051 = ORIENTED_EDGE('',*,*,#617,.T.);
#3052 = ADVANCED_FACE('',(#3053),#458,.T.);
#3053 = FACE_BOUND('',#3054,.T.);
#3054 = EDGE_LOOP('',(#3055,#3078,#3100,#3101));
#3055 = ORIENTED_EDGE('',*,*,#3056,.F.);
#3056 = EDGE_CURVE('',#3057,#405,#3059,.T.);
#3057 = VERTEX_POINT('',#3058);
#3058 = CARTESIAN_POINT('',(-26.81167226048,-74.31106398509,8.));
#3059 = SURFACE_CURVE('',#3060,(#3064,#3071),.PCURVE_S1.);
#3060 = LINE('',#3061,#3062);
#3061 = CARTESIAN_POINT('',(-26.81167226048,-74.31106398509,8.));
#3062 = VECTOR('',#3063,1.);
#3063 = DIRECTION('',(0.,-1.224646799147E-16,-1.));
#3064 = PCURVE('',#458,#3065);
#3065 = DEFINITIONAL_REPRESENTATION('',(#3066),#3070);
#3066 = LINE('',#3067,#3068);
#3067 = CARTESIAN_POINT('',(1.917062804161,0.));
#3068 = VECTOR('',#3069,1.);
#3069 = DIRECTION('',(0.,1.));
#3070 = ( GEOMETRIC_REPRESENTATION_CONTEXT(2) 
PARAMETRIC_REPRESENTATION_CONTEXT() REPRESENTATION_CONTEXT('2D SPACE',''
  ) );
#3071 = PCURVE('',#425,#3072);
#3072 = DEFINITIONAL_REPRESENTATION('',(#3073),#3077);
#3073 = LINE('',#3074,#3075);
#3074 = CARTESIAN_POINT('',(2.928212388986,0.));
#3075 = VECTOR('',#3076,1.);
#3076 = DIRECTION('',(0.,-1.));
#3077 = ( GEOMETRIC_REPRESENTATION_CONTEXT(2) 
PARAMETRIC_REPRESENTATION_CONTEXT() REPRESENTATION_CONTEXT('2D SPACE',''
  ) );
#3078 = ORIENTED_EDGE('',*,*,#3079,.T.);
#3079 = EDGE_CURVE('',#3057,#2959,#3080,.T.);
#3080 = SURFACE_CURVE('',#3081,(#3086,#3093),.PCURVE_S1.);
#3081 = CIRCLE('',#3082,79.);
#3082 = AXIS2_PLACEMENT_3D('',#3083,#3084,#3085);
#3083 = CARTESIAN_POINT('',(0.,-1.285879139105E-15,8.));
#3084 = DIRECTION('',(0.,-1.224646799147E-16,-1.));
#3085 = DIRECTION('',(-0.339388256462,-0.940646379558,1.151959577855E-16
    ));
#3086 = PCURVE('',#458,#3087);
#3087 = DEFINITIONAL_REPRESENTATION('',(#3088),#3092);
#3088 = LINE('',#3089,#3090);
#3089 = CARTESIAN_POINT('',(1.917062804161,0.));
#3090 = VECTOR('',#3091,1.);
#3091 = DIRECTION('',(1.,0.));
#3092 = ( GEOMETRIC_REPRESENTATION_CONTEXT(2) 
PARAMETRIC_REPRESENTATION_CONTEXT() REPRESENTATION_CONTEXT('2D SPACE',''
  ) );
#3093 = PCURVE('',#43,#3094);
#3094 = DEFINITIONAL_REPRESENTATION('',(#3095),#3099);
#3095 = CIRCLE('',#3096,79.);
#3096 = AXIS2_PLACEMENT_2D('',#3097,#3098);
#3097 = CARTESIAN_POINT('',(0.,0.));
#3098 = DIRECTION('',(-0.339388256462,0.940646379558));
#3099 = ( GEOMETRIC_REPRESENTATION_CONTEXT(2) 
PARAMETRIC_REPRESENTATION_CONTEXT() REPRESENTATION_CONTEXT('2D SPACE',''
  ) );
#3100 = ORIENTED_EDGE('',*,*,#2958,.T.);
#3101 = ORIENTED_EDGE('',*,*,#437,.T.);
#3102 = ADVANCED_FACE('',(#3103),#667,.F.);
#3103 = FACE_BOUND('',#3104,.T.);
#3104 = EDGE_LOOP('',(#3105,#3128,#3129,#3130));
#3105 = ORIENTED_EDGE('',*,*,#3106,.T.);
#3106 = EDGE_CURVE('',#3107,#651,#3109,.T.);
#3107 = VERTEX_POINT('',#3108);
#3108 = CARTESIAN_POINT('',(72.241590825911,42.733506232717,8.));
#3109 = SURFACE_CURVE('',#3110,(#3114,#3121),.PCURVE_S1.);
#3110 = LINE('',#3111,#3112);
#3111 = CARTESIAN_POINT('',(72.241590825911,42.733506232717,8.));
#3112 = VECTOR('',#3113,1.);
#3113 = DIRECTION('',(0.,-1.224646799147E-16,-1.));
#3114 = PCURVE('',#667,#3115);
#3115 = DEFINITIONAL_REPRESENTATION('',(#3116),#3120);
#3116 = LINE('',#3117,#3118);
#3117 = CARTESIAN_POINT('',(-4.712388980385,0.));
#3118 = VECTOR('',#3119,1.);
#3119 = DIRECTION('',(-0.,-1.));
#3120 = ( GEOMETRIC_REPRESENTATION_CONTEXT(2) 
PARAMETRIC_REPRESENTATION_CONTEXT() REPRESENTATION_CONTEXT('2D SPACE',''
  ) );
#3121 = PCURVE('',#695,#3122);
#3122 = DEFINITIONAL_REPRESENTATION('',(#3123),#3127);
#3123 = LINE('',#3124,#3125);
#3124 = CARTESIAN_POINT('',(-4.231332909112E-16,9.072257703761));
#3125 = VECTOR('',#3126,1.);
#3126 = DIRECTION('',(1.,0.));
#3127 = ( GEOMETRIC_REPRESENTATION_CONTEXT(2) 
PARAMETRIC_REPRESENTATION_CONTEXT() REPRESENTATION_CONTEXT('2D SPACE',''
  ) );
#3128 = ORIENTED_EDGE('',*,*,#650,.T.);
#3129 = ORIENTED_EDGE('',*,*,#3031,.F.);
#3130 = ORIENTED_EDGE('',*,*,#3131,.F.);
#3131 = EDGE_CURVE('',#3107,#3008,#3132,.T.);
#3132 = SURFACE_CURVE('',#3133,(#3138,#3145),.PCURVE_S1.);
#3133 = CIRCLE('',#3134,6.);
#3134 = AXIS2_PLACEMENT_3D('',#3135,#3136,#3137);
#3135 = CARTESIAN_POINT('',(69.956506579689,48.281333734332,8.));
#3136 = DIRECTION('',(0.,-1.224646799147E-16,-1.));
#3137 = DIRECTION('',(-0.924637916936,-0.38084737437,4.664035179862E-17)
  );
#3138 = PCURVE('',#667,#3139);
#3139 = DEFINITIONAL_REPRESENTATION('',(#3140),#3144);
#3140 = LINE('',#3141,#3142);
#3141 = CARTESIAN_POINT('',(-0.,0.));
#3142 = VECTOR('',#3143,1.);
#3143 = DIRECTION('',(-1.,0.));
#3144 = ( GEOMETRIC_REPRESENTATION_CONTEXT(2) 
PARAMETRIC_REPRESENTATION_CONTEXT() REPRESENTATION_CONTEXT('2D SPACE',''
  ) );
#3145 = PCURVE('',#43,#3146);
#3146 = DEFINITIONAL_REPRESENTATION('',(#3147),#3151);
#3147 = CIRCLE('',#3148,6.);
#3148 = AXIS2_PLACEMENT_2D('',#3149,#3150);
#3149 = CARTESIAN_POINT('',(69.956506579689,-48.28133373433));
#3150 = DIRECTION('',(-0.924637916936,0.38084737437));
#3151 = ( GEOMETRIC_REPRESENTATION_CONTEXT(2) 
PARAMETRIC_REPRESENTATION_CONTEXT() REPRESENTATION_CONTEXT('2D SPACE',''
  ) );
#3152 = ADVANCED_FACE('',(#3153),#425,.F.);
#3153 = FACE_BOUND('',#3154,.F.);
#3154 = EDGE_LOOP('',(#3155,#3178,#3179,#3180));
#3155 = ORIENTED_EDGE('',*,*,#3156,.T.);
#3156 = EDGE_CURVE('',#3157,#377,#3159,.T.);
#3157 = VERTEX_POINT('',#3158);
#3158 = CARTESIAN_POINT('',(-22.90090012393,-80.74991500623,8.));
#3159 = SURFACE_CURVE('',#3160,(#3164,#3171),.PCURVE_S1.);
#3160 = LINE('',#3161,#3162);
#3161 = CARTESIAN_POINT('',(-22.90090012393,-80.74991500623,8.));
#3162 = VECTOR('',#3163,1.);
#3163 = DIRECTION('',(0.,-1.224646799147E-16,-1.));
#3164 = PCURVE('',#425,#3165);
#3165 = DEFINITIONAL_REPRESENTATION('',(#3166),#3170);
#3166 = LINE('',#3167,#3168);
#3167 = CARTESIAN_POINT('',(1.570796326795,0.));
#3168 = VECTOR('',#3169,1.);
#3169 = DIRECTION('',(0.,-1.));
#3170 = ( GEOMETRIC_REPRESENTATION_CONTEXT(2) 
PARAMETRIC_REPRESENTATION_CONTEXT() REPRESENTATION_CONTEXT('2D SPACE',''
  ) );
#3171 = PCURVE('',#392,#3172);
#3172 = DEFINITIONAL_REPRESENTATION('',(#3173),#3177);
#3173 = LINE('',#3174,#3175);
#3174 = CARTESIAN_POINT('',(-6.751209845632E-16,9.072257703761));
#3175 = VECTOR('',#3176,1.);
#3176 = DIRECTION('',(1.,0.));
#3177 = ( GEOMETRIC_REPRESENTATION_CONTEXT(2) 
PARAMETRIC_REPRESENTATION_CONTEXT() REPRESENTATION_CONTEXT('2D SPACE',''
  ) );
#3178 = ORIENTED_EDGE('',*,*,#404,.T.);
#3179 = ORIENTED_EDGE('',*,*,#3056,.F.);
#3180 = ORIENTED_EDGE('',*,*,#3181,.F.);
#3181 = EDGE_CURVE('',#3157,#3057,#3182,.T.);
#3182 = SURFACE_CURVE('',#3183,(#3188,#3195),.PCURVE_S1.);
#3183 = CIRCLE('',#3184,6.);
#3184 = AXIS2_PLACEMENT_3D('',#3185,#3186,#3187);
#3185 = CARTESIAN_POINT('',(-28.84800179925,-79.95494226244,8.));
#3186 = DIRECTION('',(0.,1.224646799147E-16,1.));
#3187 = DIRECTION('',(-0.132495457299,-0.991183612554,1.213849838481E-16
    ));
#3188 = PCURVE('',#425,#3189);
#3189 = DEFINITIONAL_REPRESENTATION('',(#3190),#3194);
#3190 = LINE('',#3191,#3192);
#3191 = CARTESIAN_POINT('',(0.,0.));
#3192 = VECTOR('',#3193,1.);
#3193 = DIRECTION('',(1.,0.));
#3194 = ( GEOMETRIC_REPRESENTATION_CONTEXT(2) 
PARAMETRIC_REPRESENTATION_CONTEXT() REPRESENTATION_CONTEXT('2D SPACE',''
  ) );
#3195 = PCURVE('',#43,#3196);
#3196 = DEFINITIONAL_REPRESENTATION('',(#3197),#3205);
#3197 = ( BOUNDED_CURVE() B_SPLINE_CURVE(2,(#3198,#3199,#3200,#3201,
#3202,#3203,#3204),.UNSPECIFIED.,.T.,.F.) B_SPLINE_CURVE_WITH_KNOTS((1,2
    ,2,2,2,1),(-2.094395102393,0.,2.094395102393,4.188790204786,
6.28318530718,8.377580409573),.UNSPECIFIED.) CURVE() 
GEOMETRIC_REPRESENTATION_ITEM() RATIONAL_B_SPLINE_CURVE((1.,0.5,1.,0.5,
1.,0.5,1.)) REPRESENTATION_ITEM('') );
#3198 = CARTESIAN_POINT('',(-29.64297454304,85.902043937763));
#3199 = CARTESIAN_POINT('',(-19.34229228361,87.278977120642));
#3200 = CARTESIAN_POINT('',(-23.30017429764,77.669858016218));
#3201 = CARTESIAN_POINT('',(-27.25805631167,68.060738911794));
#3202 = CARTESIAN_POINT('',(-33.60085655707,76.292924833339));
#3203 = CARTESIAN_POINT('',(-39.94365680248,84.525110754883));
#3204 = CARTESIAN_POINT('',(-29.64297454304,85.902043937763));
#3205 = ( GEOMETRIC_REPRESENTATION_CONTEXT(2) 
PARAMETRIC_REPRESENTATION_CONTEXT() REPRESENTATION_CONTEXT('2D SPACE',''
  ) );
#3206 = ADVANCED_FACE('',(#3207),#695,.F.);
#3207 = FACE_BOUND('',#3208,.F.);
#3208 = EDGE_LOOP('',(#3209,#3232,#3233,#3234,#3257,#3285,#3313));
#3209 = ORIENTED_EDGE('',*,*,#3210,.F.);
#3210 = EDGE_CURVE('',#3107,#3211,#3213,.T.);
#3211 = VERTEX_POINT('',#3212);
#3212 = CARTESIAN_POINT('',(103.33507641395,55.54054359224,8.));
#3213 = SURFACE_CURVE('',#3214,(#3218,#3225),.PCURVE_S1.);
#3214 = LINE('',#3215,#3216);
#3215 = CARTESIAN_POINT('',(63.853037360801,39.278360706629,8.));
#3216 = VECTOR('',#3217,1.);
#3217 = DIRECTION('',(0.924637916936,0.38084737437,-4.664035179862E-17)
  );
#3218 = PCURVE('',#695,#3219);
#3219 = DEFINITIONAL_REPRESENTATION('',(#3220),#3224);
#3220 = LINE('',#3221,#3222);
#3221 = CARTESIAN_POINT('',(0.,0.));
#3222 = VECTOR('',#3223,1.);
#3223 = DIRECTION('',(0.,1.));
#3224 = ( GEOMETRIC_REPRESENTATION_CONTEXT(2) 
PARAMETRIC_REPRESENTATION_CONTEXT() REPRESENTATION_CONTEXT('2D SPACE',''
  ) );
#3225 = PCURVE('',#43,#3226);
#3226 = DEFINITIONAL_REPRESENTATION('',(#3227),#3231);
#3227 = LINE('',#3228,#3229);
#3228 = CARTESIAN_POINT('',(63.853037360801,-39.27836070662));
#3229 = VECTOR('',#3230,1.);
#3230 = DIRECTION('',(0.924637916936,-0.38084737437));
#3231 = ( GEOMETRIC_REPRESENTATION_CONTEXT(2) 
PARAMETRIC_REPRESENTATION_CONTEXT() REPRESENTATION_CONTEXT('2D SPACE',''
  ) );
#3232 = ORIENTED_EDGE('',*,*,#3106,.T.);
#3233 = ORIENTED_EDGE('',*,*,#679,.T.);
#3234 = ORIENTED_EDGE('',*,*,#3235,.F.);
#3235 = EDGE_CURVE('',#3236,#680,#3238,.T.);
#3236 = VERTEX_POINT('',#3237);
#3237 = CARTESIAN_POINT('',(112.0548265285,59.132105084005,18.5));
#3238 = SURFACE_CURVE('',#3239,(#3243,#3250),.PCURVE_S1.);
#3239 = LINE('',#3240,#3241);
#3240 = CARTESIAN_POINT('',(112.0548265285,59.132105084005,19.));
#3241 = VECTOR('',#3242,1.);
#3242 = DIRECTION('',(0.,-1.224646799147E-16,-1.));
#3243 = PCURVE('',#695,#3244);
#3244 = DEFINITIONAL_REPRESENTATION('',(#3245),#3249);
#3245 = LINE('',#3246,#3247);
#3246 = CARTESIAN_POINT('',(-11.,52.130448346147));
#3247 = VECTOR('',#3248,1.);
#3248 = DIRECTION('',(1.,0.));
#3249 = ( GEOMETRIC_REPRESENTATION_CONTEXT(2) 
PARAMETRIC_REPRESENTATION_CONTEXT() REPRESENTATION_CONTEXT('2D SPACE',''
  ) );
#3250 = PCURVE('',#724,#3251);
#3251 = DEFINITIONAL_REPRESENTATION('',(#3252),#3256);
#3252 = LINE('',#3253,#3254);
#3253 = CARTESIAN_POINT('',(5.797618651966,0.));
#3254 = VECTOR('',#3255,1.);
#3255 = DIRECTION('',(0.,1.));
#3256 = ( GEOMETRIC_REPRESENTATION_CONTEXT(2) 
PARAMETRIC_REPRESENTATION_CONTEXT() REPRESENTATION_CONTEXT('2D SPACE',''
  ) );
#3257 = ORIENTED_EDGE('',*,*,#3258,.F.);
#3258 = EDGE_CURVE('',#3259,#3236,#3261,.T.);
#3259 = VERTEX_POINT('',#3260);
#3260 = CARTESIAN_POINT('',(106.10899016476,56.683085715351,18.5));
#3261 = SURFACE_CURVE('',#3262,(#3266,#3273),.PCURVE_S1.);
#3262 = LINE('',#3263,#3264);
#3263 = CARTESIAN_POINT('',(106.10899016476,56.683085715351,18.5));
#3264 = VECTOR('',#3265,1.);
#3265 = DIRECTION('',(0.924637916936,0.38084737437,-4.664035179862E-17)
  );
#3266 = PCURVE('',#695,#3267);
#3267 = DEFINITIONAL_REPRESENTATION('',(#3268),#3272);
#3268 = LINE('',#3269,#3270);
#3269 = CARTESIAN_POINT('',(-10.5,45.7));
#3270 = VECTOR('',#3271,1.);
#3271 = DIRECTION('',(0.,1.));
#3272 = ( GEOMETRIC_REPRESENTATION_CONTEXT(2) 
PARAMETRIC_REPRESENTATION_CONTEXT() REPRESENTATION_CONTEXT('2D SPACE',''
  ) );
#3273 = PCURVE('',#3274,#3279);
#3274 = PLANE('',#3275);
#3275 = AXIS2_PLACEMENT_3D('',#3276,#3277,#3278);
#3276 = CARTESIAN_POINT('',(106.10899016476,56.683085715351,18.5));
#3277 = DIRECTION('',(0.,-1.224646799147E-16,-1.));
#3278 = DIRECTION('',(0.924637916936,0.38084737437,-4.664035179862E-17)
  );
#3279 = DEFINITIONAL_REPRESENTATION('',(#3280),#3284);
#3280 = LINE('',#3281,#3282);
#3281 = CARTESIAN_POINT('',(0.,0.));
#3282 = VECTOR('',#3283,1.);
#3283 = DIRECTION('',(1.,-5.28134292806E-33));
#3284 = ( GEOMETRIC_REPRESENTATION_CONTEXT(2) 
PARAMETRIC_REPRESENTATION_CONTEXT() REPRESENTATION_CONTEXT('2D SPACE',''
  ) );
#3285 = ORIENTED_EDGE('',*,*,#3286,.T.);
#3286 = EDGE_CURVE('',#3259,#3287,#3289,.T.);
#3287 = VERTEX_POINT('',#3288);
#3288 = CARTESIAN_POINT('',(106.10899016476,56.683085715351,11.));
#3289 = SURFACE_CURVE('',#3290,(#3294,#3301),.PCURVE_S1.);
#3290 = LINE('',#3291,#3292);
#3291 = CARTESIAN_POINT('',(106.10899016476,56.683085715351,18.5));
#3292 = VECTOR('',#3293,1.);
#3293 = DIRECTION('',(0.,-1.224646799147E-16,-1.));
#3294 = PCURVE('',#695,#3295);
#3295 = DEFINITIONAL_REPRESENTATION('',(#3296),#3300);
#3296 = LINE('',#3297,#3298);
#3297 = CARTESIAN_POINT('',(-10.5,45.7));
#3298 = VECTOR('',#3299,1.);
#3299 = DIRECTION('',(1.,0.));
#3300 = ( GEOMETRIC_REPRESENTATION_CONTEXT(2) 
PARAMETRIC_REPRESENTATION_CONTEXT() REPRESENTATION_CONTEXT('2D SPACE',''
  ) );
#3301 = PCURVE('',#3302,#3307);
#3302 = PLANE('',#3303);
#3303 = AXIS2_PLACEMENT_3D('',#3304,#3305,#3306);
#3304 = CARTESIAN_POINT('',(106.10899016476,56.683085715351,18.5));
#3305 = DIRECTION('',(0.924637916936,0.38084737437,-4.664035179862E-17)
  );
#3306 = DIRECTION('',(0.,-1.224646799147E-16,-1.));
#3307 = DEFINITIONAL_REPRESENTATION('',(#3308),#3312);
#3308 = LINE('',#3309,#3310);
#3309 = CARTESIAN_POINT('',(0.,0.));
#3310 = VECTOR('',#3311,1.);
#3311 = DIRECTION('',(1.,0.));
#3312 = ( GEOMETRIC_REPRESENTATION_CONTEXT(2) 
PARAMETRIC_REPRESENTATION_CONTEXT() REPRESENTATION_CONTEXT('2D SPACE',''
  ) );
#3313 = ORIENTED_EDGE('',*,*,#3314,.F.);
#3314 = EDGE_CURVE('',#3211,#3287,#3315,.T.);
#3315 = SURFACE_CURVE('',#3316,(#3321,#3328),.PCURVE_S1.);
#3316 = CIRCLE('',#3317,3.);
#3317 = AXIS2_PLACEMENT_3D('',#3318,#3319,#3320);
#3318 = CARTESIAN_POINT('',(103.33507641395,55.54054359224,11.));
#3319 = DIRECTION('',(0.38084737437,-0.924637916936,1.132354865346E-16)
  );
#3320 = DIRECTION('',(0.,-1.224646799147E-16,-1.));
#3321 = PCURVE('',#695,#3322);
#3322 = DEFINITIONAL_REPRESENTATION('',(#3323),#3327);
#3323 = CIRCLE('',#3324,3.);
#3324 = AXIS2_PLACEMENT_2D('',#3325,#3326);
#3325 = CARTESIAN_POINT('',(-3.,42.7));
#3326 = DIRECTION('',(1.,0.));
#3327 = ( GEOMETRIC_REPRESENTATION_CONTEXT(2) 
PARAMETRIC_REPRESENTATION_CONTEXT() REPRESENTATION_CONTEXT('2D SPACE',''
  ) );
#3328 = PCURVE('',#3329,#3334);
#3329 = CYLINDRICAL_SURFACE('',#3330,3.);
#3330 = AXIS2_PLACEMENT_3D('',#3331,#3332,#3333);
#3331 = CARTESIAN_POINT('',(102.95422903958,56.465181509176,11.));
#3332 = DIRECTION('',(0.38084737437,-0.924637916936,1.132354865346E-16)
  );
#3333 = DIRECTION('',(0.,-1.224646799147E-16,-1.));
#3334 = DEFINITIONAL_REPRESENTATION('',(#3335),#3339);
#3335 = LINE('',#3336,#3337);
#3336 = CARTESIAN_POINT('',(0.,1.));
#3337 = VECTOR('',#3338,1.);
#3338 = DIRECTION('',(1.,0.));
#3339 = ( GEOMETRIC_REPRESENTATION_CONTEXT(2) 
PARAMETRIC_REPRESENTATION_CONTEXT() REPRESENTATION_CONTEXT('2D SPACE',''
  ) );
#3340 = ADVANCED_FACE('',(#3341),#3274,.F.);
#3341 = FACE_BOUND('',#3342,.F.);
#3342 = EDGE_LOOP('',(#3343,#3368,#3389,#3390));
#3343 = ORIENTED_EDGE('',*,*,#3344,.F.);
#3344 = EDGE_CURVE('',#3345,#3347,#3349,.T.);
#3345 = VERTEX_POINT('',#3346);
#3346 = CARTESIAN_POINT('',(115.24932714965,34.491775708893,18.5));
#3347 = VERTEX_POINT('',#3348);
#3348 = CARTESIAN_POINT('',(121.19516351339,36.940795077547,18.5));
#3349 = SURFACE_CURVE('',#3350,(#3354,#3361),.PCURVE_S1.);
#3350 = LINE('',#3351,#3352);
#3351 = CARTESIAN_POINT('',(115.24932714965,34.491775708893,18.5));
#3352 = VECTOR('',#3353,1.);
#3353 = DIRECTION('',(0.924637916936,0.38084737437,-4.664035179862E-17)
  );
#3354 = PCURVE('',#3274,#3355);
#3355 = DEFINITIONAL_REPRESENTATION('',(#3356),#3360);
#3356 = LINE('',#3357,#3358);
#3357 = CARTESIAN_POINT('',(8.881784197001E-15,24.));
#3358 = VECTOR('',#3359,1.);
#3359 = DIRECTION('',(1.,-5.28134292806E-33));
#3360 = ( GEOMETRIC_REPRESENTATION_CONTEXT(2) 
PARAMETRIC_REPRESENTATION_CONTEXT() REPRESENTATION_CONTEXT('2D SPACE',''
  ) );
#3361 = PCURVE('',#752,#3362);
#3362 = DEFINITIONAL_REPRESENTATION('',(#3363),#3367);
#3363 = LINE('',#3364,#3365);
#3364 = CARTESIAN_POINT('',(-10.5,45.7));
#3365 = VECTOR('',#3366,1.);
#3366 = DIRECTION('',(0.,1.));
#3367 = ( GEOMETRIC_REPRESENTATION_CONTEXT(2) 
PARAMETRIC_REPRESENTATION_CONTEXT() REPRESENTATION_CONTEXT('2D SPACE',''
  ) );
#3368 = ORIENTED_EDGE('',*,*,#3369,.F.);
#3369 = EDGE_CURVE('',#3259,#3345,#3370,.T.);
#3370 = SURFACE_CURVE('',#3371,(#3375,#3382),.PCURVE_S1.);
#3371 = LINE('',#3372,#3373);
#3372 = CARTESIAN_POINT('',(106.10899016476,56.683085715351,18.5));
#3373 = VECTOR('',#3374,1.);
#3374 = DIRECTION('',(0.38084737437,-0.924637916936,1.132354865346E-16)
  );
#3375 = PCURVE('',#3274,#3376);
#3376 = DEFINITIONAL_REPRESENTATION('',(#3377),#3381);
#3377 = LINE('',#3378,#3379);
#3378 = CARTESIAN_POINT('',(0.,0.));
#3379 = VECTOR('',#3380,1.);
#3380 = DIRECTION('',(-5.28134292806E-33,1.));
#3381 = ( GEOMETRIC_REPRESENTATION_CONTEXT(2) 
PARAMETRIC_REPRESENTATION_CONTEXT() REPRESENTATION_CONTEXT('2D SPACE',''
  ) );
#3382 = PCURVE('',#3302,#3383);
#3383 = DEFINITIONAL_REPRESENTATION('',(#3384),#3388);
#3384 = LINE('',#3385,#3386);
#3385 = CARTESIAN_POINT('',(0.,0.));
#3386 = VECTOR('',#3387,1.);
#3387 = DIRECTION('',(0.,-1.));
#3388 = ( GEOMETRIC_REPRESENTATION_CONTEXT(2) 
PARAMETRIC_REPRESENTATION_CONTEXT() REPRESENTATION_CONTEXT('2D SPACE',''
  ) );
#3389 = ORIENTED_EDGE('',*,*,#3258,.T.);
#3390 = ORIENTED_EDGE('',*,*,#3391,.T.);
#3391 = EDGE_CURVE('',#3236,#3347,#3392,.T.);
#3392 = SURFACE_CURVE('',#3393,(#3398,#3405),.PCURVE_S1.);
#3393 = CIRCLE('',#3394,126.7);
#3394 = AXIS2_PLACEMENT_3D('',#3395,#3396,#3397);
#3395 = CARTESIAN_POINT('',(0.,0.,18.5));
#3396 = DIRECTION('',(0.,-1.224646799147E-16,-1.));
#3397 = DIRECTION('',(1.,0.,0.));
#3398 = PCURVE('',#3274,#3399);
#3399 = DEFINITIONAL_REPRESENTATION('',(#3400),#3404);
#3400 = CIRCLE('',#3401,126.7);
#3401 = AXIS2_PLACEMENT_2D('',#3402,#3403);
#3402 = CARTESIAN_POINT('',(-119.7,12.));
#3403 = DIRECTION('',(0.924637916936,0.38084737437));
#3404 = ( GEOMETRIC_REPRESENTATION_CONTEXT(2) 
PARAMETRIC_REPRESENTATION_CONTEXT() REPRESENTATION_CONTEXT('2D SPACE',''
  ) );
#3405 = PCURVE('',#724,#3406);
#3406 = DEFINITIONAL_REPRESENTATION('',(#3407),#3411);
#3407 = LINE('',#3408,#3409);
#3408 = CARTESIAN_POINT('',(0.,0.5));
#3409 = VECTOR('',#3410,1.);
#3410 = DIRECTION('',(1.,0.));
#3411 = ( GEOMETRIC_REPRESENTATION_CONTEXT(2) 
PARAMETRIC_REPRESENTATION_CONTEXT() REPRESENTATION_CONTEXT('2D SPACE',''
  ) );
#3412 = ADVANCED_FACE('',(#3413),#3302,.F.);
#3413 = FACE_BOUND('',#3414,.F.);
#3414 = EDGE_LOOP('',(#3415,#3416,#3417,#3440,#3463,#3492,#3520,#3548,
    #3576,#3600));
#3415 = ORIENTED_EDGE('',*,*,#3286,.F.);
#3416 = ORIENTED_EDGE('',*,*,#3369,.T.);
#3417 = ORIENTED_EDGE('',*,*,#3418,.T.);
#3418 = EDGE_CURVE('',#3345,#3419,#3421,.T.);
#3419 = VERTEX_POINT('',#3420);
#3420 = CARTESIAN_POINT('',(115.24932714965,34.491775708893,11.));
#3421 = SURFACE_CURVE('',#3422,(#3426,#3433),.PCURVE_S1.);
#3422 = LINE('',#3423,#3424);
#3423 = CARTESIAN_POINT('',(115.24932714965,34.491775708893,18.5));
#3424 = VECTOR('',#3425,1.);
#3425 = DIRECTION('',(0.,-1.224646799147E-16,-1.));
#3426 = PCURVE('',#3302,#3427);
#3427 = DEFINITIONAL_REPRESENTATION('',(#3428),#3432);
#3428 = LINE('',#3429,#3430);
#3429 = CARTESIAN_POINT('',(-8.35062001971E-16,-24.));
#3430 = VECTOR('',#3431,1.);
#3431 = DIRECTION('',(1.,0.));
#3432 = ( GEOMETRIC_REPRESENTATION_CONTEXT(2) 
PARAMETRIC_REPRESENTATION_CONTEXT() REPRESENTATION_CONTEXT('2D SPACE',''
  ) );
#3433 = PCURVE('',#752,#3434);
#3434 = DEFINITIONAL_REPRESENTATION('',(#3435),#3439);
#3435 = LINE('',#3436,#3437);
#3436 = CARTESIAN_POINT('',(-10.5,45.7));
#3437 = VECTOR('',#3438,1.);
#3438 = DIRECTION('',(1.,0.));
#3439 = ( GEOMETRIC_REPRESENTATION_CONTEXT(2) 
PARAMETRIC_REPRESENTATION_CONTEXT() REPRESENTATION_CONTEXT('2D SPACE',''
  ) );
#3440 = ORIENTED_EDGE('',*,*,#3441,.F.);
#3441 = EDGE_CURVE('',#3442,#3419,#3444,.T.);
#3442 = VERTEX_POINT('',#3443);
#3443 = CARTESIAN_POINT('',(110.93746191382,44.960310765366,11.));
#3444 = SURFACE_CURVE('',#3445,(#3449,#3456),.PCURVE_S1.);
#3445 = LINE('',#3446,#3447);
#3446 = CARTESIAN_POINT('',(105.72814279039,57.607723632287,11.));
#3447 = VECTOR('',#3448,1.);
#3448 = DIRECTION('',(0.38084737437,-0.924637916936,1.132354865346E-16)
  );
#3449 = PCURVE('',#3302,#3450);
#3450 = DEFINITIONAL_REPRESENTATION('',(#3451),#3455);
#3451 = LINE('',#3452,#3453);
#3452 = CARTESIAN_POINT('',(7.5,1.));
#3453 = VECTOR('',#3454,1.);
#3454 = DIRECTION('',(0.,-1.));
#3455 = ( GEOMETRIC_REPRESENTATION_CONTEXT(2) 
PARAMETRIC_REPRESENTATION_CONTEXT() REPRESENTATION_CONTEXT('2D SPACE',''
  ) );
#3456 = PCURVE('',#3329,#3457);
#3457 = DEFINITIONAL_REPRESENTATION('',(#3458),#3462);
#3458 = LINE('',#3459,#3460);
#3459 = CARTESIAN_POINT('',(1.570796326795,0.));
#3460 = VECTOR('',#3461,1.);
#3461 = DIRECTION('',(0.,1.));
#3462 = ( GEOMETRIC_REPRESENTATION_CONTEXT(2) 
PARAMETRIC_REPRESENTATION_CONTEXT() REPRESENTATION_CONTEXT('2D SPACE',''
  ) );
#3463 = ORIENTED_EDGE('',*,*,#3464,.F.);
#3464 = EDGE_CURVE('',#3465,#3442,#3467,.T.);
#3465 = VERTEX_POINT('',#3466);
#3466 = CARTESIAN_POINT('',(111.31201309559,44.050959020285,
    14.911700935788));
#3467 = SURFACE_CURVE('',#3468,(#3473,#3480),.PCURVE_S1.);
#3468 = CIRCLE('',#3469,2.35);
#3469 = AXIS2_PLACEMENT_3D('',#3470,#3471,#3472);
#3470 = CARTESIAN_POINT('',(110.6791586572,45.587430712122,13.25));
#3471 = DIRECTION('',(0.924637916936,0.38084737437,-3.858025010572E-15)
  );
#3472 = DIRECTION('',(0.269299761014,-0.653817741207,0.707106781187));
#3473 = PCURVE('',#3302,#3474);
#3474 = DEFINITIONAL_REPRESENTATION('',(#3475),#3479);
#3475 = CIRCLE('',#3476,2.35);
#3476 = AXIS2_PLACEMENT_2D('',#3477,#3478);
#3477 = CARTESIAN_POINT('',(5.25,-12.));
#3478 = DIRECTION('',(-0.707106781187,-0.707106781187));
#3479 = ( GEOMETRIC_REPRESENTATION_CONTEXT(2) 
PARAMETRIC_REPRESENTATION_CONTEXT() REPRESENTATION_CONTEXT('2D SPACE',''
  ) );
#3480 = PCURVE('',#3481,#3486);
#3481 = CYLINDRICAL_SURFACE('',#3482,2.35);
#3482 = AXIS2_PLACEMENT_3D('',#3483,#3484,#3485);
#3483 = CARTESIAN_POINT('',(106.98060698946,44.064041214641,13.25));
#3484 = DIRECTION('',(-0.924637916936,-0.38084737437,4.664035179862E-17)
  );
#3485 = DIRECTION('',(-0.38084737437,0.924637916936,-1.132354865346E-16)
  );
#3486 = DEFINITIONAL_REPRESENTATION('',(#3487),#3491);
#3487 = LINE('',#3488,#3489);
#3488 = CARTESIAN_POINT('',(10.210176124167,-4.));
#3489 = VECTOR('',#3490,1.);
#3490 = DIRECTION('',(-1.,-0.));
#3491 = ( GEOMETRIC_REPRESENTATION_CONTEXT(2) 
PARAMETRIC_REPRESENTATION_CONTEXT() REPRESENTATION_CONTEXT('2D SPACE',''
  ) );
#3492 = ORIENTED_EDGE('',*,*,#3493,.F.);
#3493 = EDGE_CURVE('',#3494,#3465,#3496,.T.);
#3494 = VERTEX_POINT('',#3495);
#3495 = CARTESIAN_POINT('',(110.87087793825,45.121966254206,16.07));
#3496 = SURFACE_CURVE('',#3497,(#3501,#3508),.PCURVE_S1.);
#3497 = LINE('',#3498,#3499);
#3498 = CARTESIAN_POINT('',(109.66960879362,48.03846003707,
    19.224200935788));
#3499 = VECTOR('',#3500,1.);
#3500 = DIRECTION('',(0.269299761014,-0.653817741207,-0.707106781187));
#3501 = PCURVE('',#3302,#3502);
#3502 = DEFINITIONAL_REPRESENTATION('',(#3503),#3507);
#3503 = LINE('',#3504,#3505);
#3504 = CARTESIAN_POINT('',(-0.724200935788,-9.349200935788));
#3505 = VECTOR('',#3506,1.);
#3506 = DIRECTION('',(0.707106781187,-0.707106781187));
#3507 = ( GEOMETRIC_REPRESENTATION_CONTEXT(2) 
PARAMETRIC_REPRESENTATION_CONTEXT() REPRESENTATION_CONTEXT('2D SPACE',''
  ) );
#3508 = PCURVE('',#3509,#3514);
#3509 = PLANE('',#3510);
#3510 = AXIS2_PLACEMENT_3D('',#3511,#3512,#3513);
#3511 = CARTESIAN_POINT('',(107.61346142784,42.527569522804,
    14.911700935788));
#3512 = DIRECTION('',(0.269299761014,-0.653817741207,0.707106781187));
#3513 = DIRECTION('',(-0.269299761014,0.653817741207,0.707106781187));
#3514 = DEFINITIONAL_REPRESENTATION('',(#3515),#3519);
#3515 = LINE('',#3516,#3517);
#3516 = CARTESIAN_POINT('',(6.098795987734,-4.));
#3517 = VECTOR('',#3518,1.);
#3518 = DIRECTION('',(-1.,2.253144219752E-17));
#3519 = ( GEOMETRIC_REPRESENTATION_CONTEXT(2) 
PARAMETRIC_REPRESENTATION_CONTEXT() REPRESENTATION_CONTEXT('2D SPACE',''
  ) );
#3520 = ORIENTED_EDGE('',*,*,#3521,.F.);
#3521 = EDGE_CURVE('',#3522,#3494,#3524,.T.);
#3522 = VERTEX_POINT('',#3523);
#3523 = CARTESIAN_POINT('',(110.48743937616,46.052895170039,16.07));
#3524 = SURFACE_CURVE('',#3525,(#3529,#3536),.PCURVE_S1.);
#3525 = LINE('',#3526,#3527);
#3526 = CARTESIAN_POINT('',(108.4899340515,50.902525984779,16.07));
#3527 = VECTOR('',#3528,1.);
#3528 = DIRECTION('',(0.38084737437,-0.924637916936,1.132354865346E-16)
  );
#3529 = PCURVE('',#3302,#3530);
#3530 = DEFINITIONAL_REPRESENTATION('',(#3531),#3535);
#3531 = LINE('',#3532,#3533);
#3532 = CARTESIAN_POINT('',(2.43,-6.251700935788));
#3533 = VECTOR('',#3534,1.);
#3534 = DIRECTION('',(0.,-1.));
#3535 = ( GEOMETRIC_REPRESENTATION_CONTEXT(2) 
PARAMETRIC_REPRESENTATION_CONTEXT() REPRESENTATION_CONTEXT('2D SPACE',''
  ) );
#3536 = PCURVE('',#3537,#3542);
#3537 = PLANE('',#3538);
#3538 = AXIS2_PLACEMENT_3D('',#3539,#3540,#3541);
#3539 = CARTESIAN_POINT('',(107.1723262705,43.598576756725,16.07));
#3540 = DIRECTION('',(0.,1.224646799147E-16,1.));
#3541 = DIRECTION('',(-0.38084737437,0.924637916936,-1.132354865346E-16)
  );
#3542 = DEFINITIONAL_REPRESENTATION('',(#3543),#3547);
#3543 = LINE('',#3544,#3545);
#3544 = CARTESIAN_POINT('',(6.251700935788,-4.));
#3545 = VECTOR('',#3546,1.);
#3546 = DIRECTION('',(-1.,5.28134292806E-33));
#3547 = ( GEOMETRIC_REPRESENTATION_CONTEXT(2) 
PARAMETRIC_REPRESENTATION_CONTEXT() REPRESENTATION_CONTEXT('2D SPACE',''
  ) );
#3548 = ORIENTED_EDGE('',*,*,#3549,.F.);
#3549 = EDGE_CURVE('',#3550,#3522,#3552,.T.);
#3550 = VERTEX_POINT('',#3551);
#3551 = CARTESIAN_POINT('',(110.04630421882,47.12390240396,
    14.911700935788));
#3552 = SURFACE_CURVE('',#3553,(#3557,#3564),.PCURVE_S1.);
#3553 = LINE('',#3554,#3555);
#3554 = CARTESIAN_POINT('',(109.62419185324,48.148725271828,
    13.803350467894));
#3555 = VECTOR('',#3556,1.);
#3556 = DIRECTION('',(0.269299761014,-0.653817741207,0.707106781187));
#3557 = PCURVE('',#3302,#3558);
#3558 = DEFINITIONAL_REPRESENTATION('',(#3559),#3563);
#3559 = LINE('',#3560,#3561);
#3560 = CARTESIAN_POINT('',(4.696649532106,-9.229948596317));
#3561 = VECTOR('',#3562,1.);
#3562 = DIRECTION('',(-0.707106781187,-0.707106781187));
#3563 = ( GEOMETRIC_REPRESENTATION_CONTEXT(2) 
PARAMETRIC_REPRESENTATION_CONTEXT() REPRESENTATION_CONTEXT('2D SPACE',''
  ) );
#3564 = PCURVE('',#3565,#3570);
#3565 = PLANE('',#3566);
#3566 = AXIS2_PLACEMENT_3D('',#3567,#3568,#3569);
#3567 = CARTESIAN_POINT('',(106.78888770842,44.529505672557,16.07));
#3568 = DIRECTION('',(-0.269299761014,0.653817741207,0.707106781187));
#3569 = DIRECTION('',(-0.269299761014,0.653817741207,-0.707106781187));
#3570 = DEFINITIONAL_REPRESENTATION('',(#3571),#3575);
#3571 = LINE('',#3572,#3573);
#3572 = CARTESIAN_POINT('',(3.205526509451,-4.));
#3573 = VECTOR('',#3574,1.);
#3574 = DIRECTION('',(-1.,-2.253144219752E-17));
#3575 = ( GEOMETRIC_REPRESENTATION_CONTEXT(2) 
PARAMETRIC_REPRESENTATION_CONTEXT() REPRESENTATION_CONTEXT('2D SPACE',''
  ) );
#3576 = ORIENTED_EDGE('',*,*,#3577,.F.);
#3577 = EDGE_CURVE('',#3578,#3550,#3580,.T.);
#3578 = VERTEX_POINT('',#3579);
#3579 = CARTESIAN_POINT('',(110.42085540059,46.214550658879,11.));
#3580 = SURFACE_CURVE('',#3581,(#3586,#3593),.PCURVE_S1.);
#3581 = CIRCLE('',#3582,2.35);
#3582 = AXIS2_PLACEMENT_3D('',#3583,#3584,#3585);
#3583 = CARTESIAN_POINT('',(110.6791586572,45.587430712122,13.25));
#3584 = DIRECTION('',(0.924637916936,0.38084737437,0.));
#3585 = DIRECTION('',(-0.109916279412,0.266859551811,-0.957446808511));
#3586 = PCURVE('',#3302,#3587);
#3587 = DEFINITIONAL_REPRESENTATION('',(#3588),#3592);
#3588 = CIRCLE('',#3589,2.35);
#3589 = AXIS2_PLACEMENT_2D('',#3590,#3591);
#3590 = CARTESIAN_POINT('',(5.25,-12.));
#3591 = DIRECTION('',(0.957446808511,0.288609786516));
#3592 = ( GEOMETRIC_REPRESENTATION_CONTEXT(2) 
PARAMETRIC_REPRESENTATION_CONTEXT() REPRESENTATION_CONTEXT('2D SPACE',''
  ) );
#3593 = PCURVE('',#3481,#3594);
#3594 = DEFINITIONAL_REPRESENTATION('',(#3595),#3599);
#3595 = LINE('',#3596,#3597);
#3596 = CARTESIAN_POINT('',(7.561207115386,-4.));
#3597 = VECTOR('',#3598,1.);
#3598 = DIRECTION('',(-1.,-0.));
#3599 = ( GEOMETRIC_REPRESENTATION_CONTEXT(2) 
PARAMETRIC_REPRESENTATION_CONTEXT() REPRESENTATION_CONTEXT('2D SPACE',''
  ) );
#3600 = ORIENTED_EDGE('',*,*,#3601,.F.);
#3601 = EDGE_CURVE('',#3287,#3578,#3602,.T.);
#3602 = SURFACE_CURVE('',#3603,(#3607,#3614),.PCURVE_S1.);
#3603 = LINE('',#3604,#3605);
#3604 = CARTESIAN_POINT('',(105.72814279039,57.607723632287,11.));
#3605 = VECTOR('',#3606,1.);
#3606 = DIRECTION('',(0.38084737437,-0.924637916936,1.132354865346E-16)
  );
#3607 = PCURVE('',#3302,#3608);
#3608 = DEFINITIONAL_REPRESENTATION('',(#3609),#3613);
#3609 = LINE('',#3610,#3611);
#3610 = CARTESIAN_POINT('',(7.5,1.));
#3611 = VECTOR('',#3612,1.);
#3612 = DIRECTION('',(0.,-1.));
#3613 = ( GEOMETRIC_REPRESENTATION_CONTEXT(2) 
PARAMETRIC_REPRESENTATION_CONTEXT() REPRESENTATION_CONTEXT('2D SPACE',''
  ) );
#3614 = PCURVE('',#3329,#3615);
#3615 = DEFINITIONAL_REPRESENTATION('',(#3616),#3620);
#3616 = LINE('',#3617,#3618);
#3617 = CARTESIAN_POINT('',(1.570796326795,0.));
#3618 = VECTOR('',#3619,1.);
#3619 = DIRECTION('',(0.,1.));
#3620 = ( GEOMETRIC_REPRESENTATION_CONTEXT(2) 
PARAMETRIC_REPRESENTATION_CONTEXT() REPRESENTATION_CONTEXT('2D SPACE',''
  ) );
#3621 = ADVANCED_FACE('',(#3622),#3565,.F.);
#3622 = FACE_BOUND('',#3623,.F.);
#3623 = EDGE_LOOP('',(#3624,#3625,#3648,#3675));
#3624 = ORIENTED_EDGE('',*,*,#3549,.T.);
#3625 = ORIENTED_EDGE('',*,*,#3626,.T.);
#3626 = EDGE_CURVE('',#3522,#3627,#3629,.T.);
#3627 = VERTEX_POINT('',#3628);
#3628 = CARTESIAN_POINT('',(116.95898010409,48.718445921547,16.07));
#3629 = SURFACE_CURVE('',#3630,(#3634,#3641),.PCURVE_S1.);
#3630 = LINE('',#3631,#3632);
#3631 = CARTESIAN_POINT('',(106.78888770842,44.529505672557,16.07));
#3632 = VECTOR('',#3633,1.);
#3633 = DIRECTION('',(0.924637916936,0.38084737437,-4.664035179862E-17)
  );
#3634 = PCURVE('',#3565,#3635);
#3635 = DEFINITIONAL_REPRESENTATION('',(#3636),#3640);
#3636 = LINE('',#3637,#3638);
#3637 = CARTESIAN_POINT('',(0.,0.));
#3638 = VECTOR('',#3639,1.);
#3639 = DIRECTION('',(-3.902129671439E-17,-1.));
#3640 = ( GEOMETRIC_REPRESENTATION_CONTEXT(2) 
PARAMETRIC_REPRESENTATION_CONTEXT() REPRESENTATION_CONTEXT('2D SPACE',''
  ) );
#3641 = PCURVE('',#3537,#3642);
#3642 = DEFINITIONAL_REPRESENTATION('',(#3643),#3647);
#3643 = LINE('',#3644,#3645);
#3644 = CARTESIAN_POINT('',(1.006803743154,-9.159339953158E-15));
#3645 = VECTOR('',#3646,1.);
#3646 = DIRECTION('',(5.28134292806E-33,-1.));
#3647 = ( GEOMETRIC_REPRESENTATION_CONTEXT(2) 
PARAMETRIC_REPRESENTATION_CONTEXT() REPRESENTATION_CONTEXT('2D SPACE',''
  ) );
#3648 = ORIENTED_EDGE('',*,*,#3649,.T.);
#3649 = EDGE_CURVE('',#3627,#3650,#3652,.T.);
#3650 = VERTEX_POINT('',#3651);
#3651 = CARTESIAN_POINT('',(116.50869360639,49.785683827084,
    14.911700935788));
#3652 = SURFACE_CURVE('',#3653,(#3658,#3665),.PCURVE_S1.);
#3653 = ELLIPSE('',#3654,179.18085835267,126.7);
#3654 = AXIS2_PLACEMENT_3D('',#3655,#3656,#3657);
#3655 = CARTESIAN_POINT('',(0.,-2.359402231217E-16,16.573401871577));
#3656 = DIRECTION('',(-0.269299761014,0.653817741207,0.707106781187));
#3657 = DIRECTION('',(-0.269299761014,0.653817741207,-0.707106781187));
#3658 = PCURVE('',#3565,#3659);
#3659 = DEFINITIONAL_REPRESENTATION('',(#3660),#3664);
#3660 = ELLIPSE('',#3661,179.18085835267,126.7);
#3661 = AXIS2_PLACEMENT_2D('',#3662,#3663);
#3662 = CARTESIAN_POINT('',(-0.711917754108,115.7));
#3663 = DIRECTION('',(1.,7.804259342878E-17));
#3664 = ( GEOMETRIC_REPRESENTATION_CONTEXT(2) 
PARAMETRIC_REPRESENTATION_CONTEXT() REPRESENTATION_CONTEXT('2D SPACE',''
  ) );
#3665 = PCURVE('',#724,#3666);
#3666 = DEFINITIONAL_REPRESENTATION('',(#3667),#3674);
#3667 = B_SPLINE_CURVE_WITH_KNOTS('',5,(#3668,#3669,#3670,#3671,#3672,
    #3673),.UNSPECIFIED.,.F.,.F.,(6,6),(4.715447958835,4.726418886919),
  .PIECEWISE_BEZIER_KNOTS.);
#3668 = CARTESIAN_POINT('',(5.889413765894,2.814170093579));
#3669 = CARTESIAN_POINT('',(5.887219580277,3.092172110553));
#3670 = CARTESIAN_POINT('',(5.88502539466,3.370171795095));
#3671 = CARTESIAN_POINT('',(5.882831209043,3.648166358815));
#3672 = CARTESIAN_POINT('',(5.880637023426,3.92615301337));
#3673 = CARTESIAN_POINT('',(5.87844283781,4.204128970633));
#3674 = ( GEOMETRIC_REPRESENTATION_CONTEXT(2) 
PARAMETRIC_REPRESENTATION_CONTEXT() REPRESENTATION_CONTEXT('2D SPACE',''
  ) );
#3675 = ORIENTED_EDGE('',*,*,#3676,.F.);
#3676 = EDGE_CURVE('',#3550,#3650,#3677,.T.);
#3677 = SURFACE_CURVE('',#3678,(#3682,#3689),.PCURVE_S1.);
#3678 = LINE('',#3679,#3680);
#3679 = CARTESIAN_POINT('',(106.34775255108,45.600512906479,
    14.911700935788));
#3680 = VECTOR('',#3681,1.);
#3681 = DIRECTION('',(0.924637916936,0.38084737437,-4.664035179862E-17)
  );
#3682 = PCURVE('',#3565,#3683);
#3683 = DEFINITIONAL_REPRESENTATION('',(#3684),#3688);
#3684 = LINE('',#3685,#3686);
#3685 = CARTESIAN_POINT('',(1.638082245892,9.993494897015E-15));
#3686 = VECTOR('',#3687,1.);
#3687 = DIRECTION('',(-3.902129671439E-17,-1.));
#3688 = ( GEOMETRIC_REPRESENTATION_CONTEXT(2) 
PARAMETRIC_REPRESENTATION_CONTEXT() REPRESENTATION_CONTEXT('2D SPACE',''
  ) );
#3689 = PCURVE('',#3481,#3690);
#3690 = DEFINITIONAL_REPRESENTATION('',(#3691),#3695);
#3691 = LINE('',#3692,#3693);
#3692 = CARTESIAN_POINT('',(5.497787143782,0.));
#3693 = VECTOR('',#3694,1.);
#3694 = DIRECTION('',(0.,-1.));
#3695 = ( GEOMETRIC_REPRESENTATION_CONTEXT(2) 
PARAMETRIC_REPRESENTATION_CONTEXT() REPRESENTATION_CONTEXT('2D SPACE',''
  ) );
#3696 = ADVANCED_FACE('',(#3697),#3537,.F.);
#3697 = FACE_BOUND('',#3698,.F.);
#3698 = EDGE_LOOP('',(#3699,#3700,#3723,#3749));
#3699 = ORIENTED_EDGE('',*,*,#3521,.T.);
#3700 = ORIENTED_EDGE('',*,*,#3701,.T.);
#3701 = EDGE_CURVE('',#3494,#3702,#3704,.T.);
#3702 = VERTEX_POINT('',#3703);
#3703 = CARTESIAN_POINT('',(117.34241866617,47.787517005714,16.07));
#3704 = SURFACE_CURVE('',#3705,(#3709,#3716),.PCURVE_S1.);
#3705 = LINE('',#3706,#3707);
#3706 = CARTESIAN_POINT('',(107.1723262705,43.598576756725,16.07));
#3707 = VECTOR('',#3708,1.);
#3708 = DIRECTION('',(0.924637916936,0.38084737437,-4.664035179862E-17)
  );
#3709 = PCURVE('',#3537,#3710);
#3710 = DEFINITIONAL_REPRESENTATION('',(#3711),#3715);
#3711 = LINE('',#3712,#3713);
#3712 = CARTESIAN_POINT('',(0.,0.));
#3713 = VECTOR('',#3714,1.);
#3714 = DIRECTION('',(5.28134292806E-33,-1.));
#3715 = ( GEOMETRIC_REPRESENTATION_CONTEXT(2) 
PARAMETRIC_REPRESENTATION_CONTEXT() REPRESENTATION_CONTEXT('2D SPACE',''
  ) );
#3716 = PCURVE('',#3509,#3717);
#3717 = DEFINITIONAL_REPRESENTATION('',(#3718),#3722);
#3718 = LINE('',#3719,#3720);
#3719 = CARTESIAN_POINT('',(1.638082245892,1.01015418487E-14));
#3720 = VECTOR('',#3721,1.);
#3721 = DIRECTION('',(2.514350890658E-17,-1.));
#3722 = ( GEOMETRIC_REPRESENTATION_CONTEXT(2) 
PARAMETRIC_REPRESENTATION_CONTEXT() REPRESENTATION_CONTEXT('2D SPACE',''
  ) );
#3723 = ORIENTED_EDGE('',*,*,#3724,.F.);
#3724 = EDGE_CURVE('',#3627,#3702,#3725,.T.);
#3725 = SURFACE_CURVE('',#3726,(#3731,#3742),.PCURVE_S1.);
#3726 = CIRCLE('',#3727,126.7);
#3727 = AXIS2_PLACEMENT_3D('',#3728,#3729,#3730);
#3728 = CARTESIAN_POINT('',(0.,-2.975891721928E-16,16.07));
#3729 = DIRECTION('',(0.,-1.224646799147E-16,-1.));
#3730 = DIRECTION('',(1.,0.,0.));
#3731 = PCURVE('',#3537,#3732);
#3732 = DEFINITIONAL_REPRESENTATION('',(#3733),#3741);
#3733 = ( BOUNDED_CURVE() B_SPLINE_CURVE(2,(#3734,#3735,#3736,#3737,
#3738,#3739,#3740),.UNSPECIFIED.,.T.,.F.) B_SPLINE_CURVE_WITH_KNOTS((1,2
    ,2,2,2,1),(-2.094395102393,0.,2.094395102393,4.188790204786,
6.28318530718,8.377580409573),.UNSPECIFIED.) CURVE() 
GEOMETRIC_REPRESENTATION_ITEM() RATIONAL_B_SPLINE_CURVE((1.,0.5,1.,0.5,
1.,0.5,1.)) REPRESENTATION_ITEM('') );
#3734 = CARTESIAN_POINT('',(-47.74996046113,-1.451624075758));
#3735 = CARTESIAN_POINT('',(-250.6625255495,82.125651120533));
#3736 = CARTESIAN_POINT('',(-76.82619950627,216.06444963602));
#3737 = CARTESIAN_POINT('',(97.010126537005,350.00324815151));
#3738 = CARTESIAN_POINT('',(126.08636558214,132.48717443973));
#3739 = CARTESIAN_POINT('',(155.16260462728,-85.02889927205));
#3740 = CARTESIAN_POINT('',(-47.74996046113,-1.451624075758));
#3741 = ( GEOMETRIC_REPRESENTATION_CONTEXT(2) 
PARAMETRIC_REPRESENTATION_CONTEXT() REPRESENTATION_CONTEXT('2D SPACE',''
  ) );
#3742 = PCURVE('',#724,#3743);
#3743 = DEFINITIONAL_REPRESENTATION('',(#3744),#3748);
#3744 = LINE('',#3745,#3746);
#3745 = CARTESIAN_POINT('',(0.,2.93));
#3746 = VECTOR('',#3747,1.);
#3747 = DIRECTION('',(1.,0.));
#3748 = ( GEOMETRIC_REPRESENTATION_CONTEXT(2) 
PARAMETRIC_REPRESENTATION_CONTEXT() REPRESENTATION_CONTEXT('2D SPACE',''
  ) );
#3749 = ORIENTED_EDGE('',*,*,#3626,.F.);
#3750 = ADVANCED_FACE('',(#3751),#3509,.F.);
#3751 = FACE_BOUND('',#3752,.F.);
#3752 = EDGE_LOOP('',(#3753,#3754,#3777,#3802));
#3753 = ORIENTED_EDGE('',*,*,#3493,.T.);
#3754 = ORIENTED_EDGE('',*,*,#3755,.T.);
#3755 = EDGE_CURVE('',#3465,#3756,#3758,.T.);
#3756 = VERTEX_POINT('',#3757);
#3757 = CARTESIAN_POINT('',(117.77440248316,46.712740443409,
    14.911700935788));
#3758 = SURFACE_CURVE('',#3759,(#3763,#3770),.PCURVE_S1.);
#3759 = LINE('',#3760,#3761);
#3760 = CARTESIAN_POINT('',(107.61346142784,42.527569522804,
    14.911700935788));
#3761 = VECTOR('',#3762,1.);
#3762 = DIRECTION('',(0.924637916936,0.38084737437,-4.664035179862E-17)
  );
#3763 = PCURVE('',#3509,#3764);
#3764 = DEFINITIONAL_REPRESENTATION('',(#3765),#3769);
#3765 = LINE('',#3766,#3767);
#3766 = CARTESIAN_POINT('',(0.,0.));
#3767 = VECTOR('',#3768,1.);
#3768 = DIRECTION('',(2.514350890658E-17,-1.));
#3769 = ( GEOMETRIC_REPRESENTATION_CONTEXT(2) 
PARAMETRIC_REPRESENTATION_CONTEXT() REPRESENTATION_CONTEXT('2D SPACE',''
  ) );
#3770 = PCURVE('',#3481,#3771);
#3771 = DEFINITIONAL_REPRESENTATION('',(#3772),#3776);
#3772 = LINE('',#3773,#3774);
#3773 = CARTESIAN_POINT('',(10.210176124167,0.));
#3774 = VECTOR('',#3775,1.);
#3775 = DIRECTION('',(0.,-1.));
#3776 = ( GEOMETRIC_REPRESENTATION_CONTEXT(2) 
PARAMETRIC_REPRESENTATION_CONTEXT() REPRESENTATION_CONTEXT('2D SPACE',''
  ) );
#3777 = ORIENTED_EDGE('',*,*,#3778,.T.);
#3778 = EDGE_CURVE('',#3756,#3702,#3779,.T.);
#3779 = SURFACE_CURVE('',#3780,(#3785,#3792),.PCURVE_S1.);
#3780 = ELLIPSE('',#3781,179.18085835267,126.7);
#3781 = AXIS2_PLACEMENT_3D('',#3782,#3783,#3784);
#3782 = CARTESIAN_POINT('',(0.,-2.359402231217E-16,16.573401871577));
#3783 = DIRECTION('',(0.269299761014,-0.653817741207,0.707106781187));
#3784 = DIRECTION('',(0.269299761014,-0.653817741207,-0.707106781187));
#3785 = PCURVE('',#3509,#3786);
#3786 = DEFINITIONAL_REPRESENTATION('',(#3787),#3791);
#3787 = ELLIPSE('',#3788,179.18085835267,126.7);
#3788 = AXIS2_PLACEMENT_2D('',#3789,#3790);
#3789 = CARTESIAN_POINT('',(2.35,115.7));
#3790 = DIRECTION('',(-1.,-3.297970903373E-17));
#3791 = ( GEOMETRIC_REPRESENTATION_CONTEXT(2) 
PARAMETRIC_REPRESENTATION_CONTEXT() REPRESENTATION_CONTEXT('2D SPACE',''
  ) );
#3792 = PCURVE('',#724,#3793);
#3793 = DEFINITIONAL_REPRESENTATION('',(#3794),#3801);
#3794 = B_SPLINE_CURVE_WITH_KNOTS('',5,(#3795,#3796,#3797,#3798,#3799,
    #3800),.UNSPECIFIED.,.F.,.F.,(6,6),(1.556766420261,1.567737348345),
  .PIECEWISE_BEZIER_KNOTS.);
#3795 = CARTESIAN_POINT('',(5.906502650878,4.204128970633));
#3796 = CARTESIAN_POINT('',(5.904308465261,3.92615301337));
#3797 = CARTESIAN_POINT('',(5.902114279644,3.648166358815));
#3798 = CARTESIAN_POINT('',(5.899920094028,3.370171795095));
#3799 = CARTESIAN_POINT('',(5.897725908411,3.092172110553));
#3800 = CARTESIAN_POINT('',(5.895531722794,2.814170093579));
#3801 = ( GEOMETRIC_REPRESENTATION_CONTEXT(2) 
PARAMETRIC_REPRESENTATION_CONTEXT() REPRESENTATION_CONTEXT('2D SPACE',''
  ) );
#3802 = ORIENTED_EDGE('',*,*,#3701,.F.);
#3803 = ADVANCED_FACE('',(#3804),#3481,.F.);
#3804 = FACE_BOUND('',#3805,.F.);
#3805 = EDGE_LOOP('',(#3806,#3807,#3808,#3996,#3997,#3998));
#3806 = ORIENTED_EDGE('',*,*,#3577,.T.);
#3807 = ORIENTED_EDGE('',*,*,#3676,.T.);
#3808 = ORIENTED_EDGE('',*,*,#3809,.T.);
#3809 = EDGE_CURVE('',#3650,#3756,#3810,.T.);
#3810 = SURFACE_CURVE('',#3811,(#3850,#3923),.PCURVE_S1.);
#3811 = B_SPLINE_CURVE_WITH_KNOTS('',7,(#3812,#3813,#3814,#3815,#3816,
    #3817,#3818,#3819,#3820,#3821,#3822,#3823,#3824,#3825,#3826,#3827,
    #3828,#3829,#3830,#3831,#3832,#3833,#3834,#3835,#3836,#3837,#3838,
    #3839,#3840,#3841,#3842,#3843,#3844,#3845,#3846,#3847,#3848,#3849),
  .UNSPECIFIED.,.F.,.F.,(8,6,6,6,6,6,8),(0.,1.,2.036562662036,
    2.57496553031,3.508498817186,4.681885041122,5.708106076994),
  .UNSPECIFIED.);
#3812 = CARTESIAN_POINT('',(116.50869360639,49.785683827084,
    14.911700935788));
#3813 = CARTESIAN_POINT('',(116.42884683564,49.972541619008,
    14.708515703307));
#3814 = CARTESIAN_POINT('',(116.36349167775,50.124518414662,
    14.485133197975));
#3815 = CARTESIAN_POINT('',(116.31214800161,50.243385611902,
    14.248742314664));
#3816 = CARTESIAN_POINT('',(116.27418679403,50.331028970182,
    14.004087431512));
#3817 = CARTESIAN_POINT('',(116.24906536702,50.388945201372,
    13.754474074717));
#3818 = CARTESIAN_POINT('',(116.23647981726,50.417960685564,
    13.50238465196));
#3819 = CARTESIAN_POINT('',(116.23647981726,50.417960685564,
    12.988387493307));
#3820 = CARTESIAN_POINT('',(116.25000306636,50.386783344882,
    12.727114685571));
#3821 = CARTESIAN_POINT('',(116.27698586726,50.324575940093,
    12.468604902935));
#3822 = CARTESIAN_POINT('',(116.31779447059,50.230348390229,
    12.215557049423));
#3823 = CARTESIAN_POINT('',(116.37304450885,50.102399359167,
    11.971805689188));
#3824 = CARTESIAN_POINT('',(116.44345943424,49.938550378198,
    11.742771588348));
#3825 = CARTESIAN_POINT('',(116.57421635211,49.632197690926,
    11.430003918575));
#3826 = CARTESIAN_POINT('',(116.62334295759,49.516793949394,
    11.328844432592));
#3827 = CARTESIAN_POINT('',(116.67678523155,49.390863758439,
    11.235331585698));
#3828 = CARTESIAN_POINT('',(116.7343228728,49.254797932856,
    11.151306058778));
#3829 = CARTESIAN_POINT('',(116.79563323684,49.109221992554,
    11.078559881255));
#3830 = CARTESIAN_POINT('',(116.86029690751,48.954997019905,
    11.018835877133));
#3831 = CARTESIAN_POINT('',(117.04484999333,48.51273508973,
    10.895793425841));
#3832 = CARTESIAN_POINT('',(117.16767893257,48.216178986407,
    10.863847219027));
#3833 = CARTESIAN_POINT('',(117.29113111719,47.915479860041,
    10.88424594173));
#3834 = CARTESIAN_POINT('',(117.40960202458,47.62412728848,
    10.956750002037));
#3835 = CARTESIAN_POINT('',(117.51808534454,47.35507197598,
    11.074915423638));
#3836 = CARTESIAN_POINT('',(117.61300656183,47.118116321411,
    11.226423763398));
#3837 = CARTESIAN_POINT('',(117.79264437419,46.66750388271,
    11.602681022695));
#3838 = CARTESIAN_POINT('',(117.87326763484,46.463449324914,
    11.846290214937));
#3839 = CARTESIAN_POINT('',(117.9356944997,46.304453945491,
    12.110782060268));
#3840 = CARTESIAN_POINT('',(117.98138719063,46.187636013783,
    12.388206786431));
#3841 = CARTESIAN_POINT('',(118.01142587317,46.110682644125,
    12.673015717458));
#3842 = CARTESIAN_POINT('',(118.0264624768,46.072162475966,
    12.961422379811));
#3843 = CARTESIAN_POINT('',(118.0264624768,46.072162475966,
    13.502384439393));
#3844 = CARTESIAN_POINT('',(118.0149617422,46.101624724026,
    13.754473519049));
#3845 = CARTESIAN_POINT('',(117.99200583722,46.160432735058,
    14.004086636798));
#3846 = CARTESIAN_POINT('',(117.95722846345,46.249387277972,
    14.248741491293));
#3847 = CARTESIAN_POINT('',(117.90996069635,46.369933258776,
    14.485132639039));
#3848 = CARTESIAN_POINT('',(117.84932092116,46.523852482946,
    14.708515475089));
#3849 = CARTESIAN_POINT('',(117.77440248316,46.712740443409,
    14.911700935788));
#3850 = PCURVE('',#3481,#3851);
#3851 = DEFINITIONAL_REPRESENTATION('',(#3852),#3922);
#3852 = B_SPLINE_CURVE_WITH_KNOTS('',3,(#3853,#3854,#3855,#3856,#3857,
    #3858,#3859,#3860,#3861,#3862,#3863,#3864,#3865,#3866,#3867,#3868,
    #3869,#3870,#3871,#3872,#3873,#3874,#3875,#3876,#3877,#3878,#3879,
    #3880,#3881,#3882,#3883,#3884,#3885,#3886,#3887,#3888,#3889,#3890,
    #3891,#3892,#3893,#3894,#3895,#3896,#3897,#3898,#3899,#3900,#3901,
    #3902,#3903,#3904,#3905,#3906,#3907,#3908,#3909,#3910,#3911,#3912,
    #3913,#3914,#3915,#3916,#3917,#3918,#3919,#3920,#3921),
  .UNSPECIFIED.,.F.,.F.,(4,1,1,1,1,1,1,1,1,1,1,1,1,1,1,1,1,1,1,1,1,1,1,1
    ,1,1,1,1,1,1,1,1,1,1,1,1,1,1,1,1,1,1,1,1,1,1,1,1,1,1,1,1,1,1,1,1,1,1
    ,1,1,1,1,1,1,1,1,4),(0.,8.648645571203E-02,0.172972911424,
    0.259459367136,0.345945822848,0.43243227856,0.518918734272,
    0.605405189984,0.691891645696,0.778378101408,0.86486455712,
    0.951351012832,1.037837468544,1.124323924256,1.210810379968,
    1.29729683568,1.383783291392,1.470269747104,1.556756202816,
    1.643242658528,1.729729114241,1.816215569953,1.902702025665,
    1.989188481377,2.075674937089,2.162161392801,2.248647848513,
    2.335134304225,2.421620759937,2.508107215649,2.594593671361,
    2.681080127073,2.767566582785,2.854053038497,2.940539494209,
    3.027025949921,3.113512405633,3.199998861345,3.286485317057,
    3.372971772769,3.459458228481,3.545944684193,3.632431139905,
    3.718917595617,3.805404051329,3.891890507041,3.978376962753,
    4.064863418465,4.151349874177,4.237836329889,4.324322785601,
    4.410809241313,4.497295697025,4.583782152737,4.670268608449,
    4.756755064161,4.843241519873,4.929727975585,5.016214431297,
    5.102700887009,5.189187342722,5.275673798434,5.362160254146,
    5.448646709858,5.53513316557,5.621619621282,5.708106076994),
  .QUASI_UNIFORM_KNOTS.);
#3853 = CARTESIAN_POINT('',(5.497787143782,-10.98910272789));
#3854 = CARTESIAN_POINT('',(5.522461493231,-10.98856457949));
#3855 = CARTESIAN_POINT('',(5.571260527567,-10.98750162755));
#3856 = CARTESIAN_POINT('',(5.642974195723,-10.9859719651));
#3857 = CARTESIAN_POINT('',(5.713371233368,-10.98453330544));
#3858 = CARTESIAN_POINT('',(5.782605394612,-10.98320661335));
#3859 = CARTESIAN_POINT('',(5.850824440408,-10.98200982056));
#3860 = CARTESIAN_POINT('',(5.918170609604,-10.98095764523));
#3861 = CARTESIAN_POINT('',(5.984782674675,-10.98006204733));
#3862 = CARTESIAN_POINT('',(6.050797376933,-10.97933249268));
#3863 = CARTESIAN_POINT('',(6.116350402487,-10.97877623563));
#3864 = CARTESIAN_POINT('',(6.181579275751,-10.97839856517));
#3865 = CARTESIAN_POINT('',(6.246619175842,-10.97820298303));
#3866 = CARTESIAN_POINT('',(6.311625815345,-10.97819145185));
#3867 = CARTESIAN_POINT('',(6.376651205368,-10.97836409868));
#3868 = CARTESIAN_POINT('',(6.441844708266,-10.97871912803));
#3869 = CARTESIAN_POINT('',(6.507345207824,-10.97925325174));
#3870 = CARTESIAN_POINT('',(6.573290801818,-10.97996142171));
#3871 = CARTESIAN_POINT('',(6.639817894574,-10.98083665685));
#3872 = CARTESIAN_POINT('',(6.707063154224,-10.98186979277));
#3873 = CARTESIAN_POINT('',(6.775164833798,-10.98304921032));
#3874 = CARTESIAN_POINT('',(6.844264153402,-10.98436053101));
#3875 = CARTESIAN_POINT('',(6.914507642959,-10.98578631249));
#3876 = CARTESIAN_POINT('',(6.986046436299,-10.98730566466));
#3877 = CARTESIAN_POINT('',(7.059048109805,-10.98889411206));
#3878 = CARTESIAN_POINT('',(7.133663398667,-10.99052252096));
#3879 = CARTESIAN_POINT('',(7.210341035567,-10.99216336904));
#3880 = CARTESIAN_POINT('',(7.288944520402,-10.99377113491));
#3881 = CARTESIAN_POINT('',(7.36942952141,-10.99529841058));
#3882 = CARTESIAN_POINT('',(7.45178419842,-10.99669549971));
#3883 = CARTESIAN_POINT('',(7.535930788488,-10.99791132291));
#3884 = CARTESIAN_POINT('',(7.622174405544,-10.99889891054));
#3885 = CARTESIAN_POINT('',(7.709327511452,-10.99960038388));
#3886 = CARTESIAN_POINT('',(7.796784130547,-10.99998422246));
#3887 = CARTESIAN_POINT('',(7.884305521783,-11.00003556993));
#3888 = CARTESIAN_POINT('',(7.97156819884,-10.99975369591));
#3889 = CARTESIAN_POINT('',(8.058271111396,-10.99915281142));
#3890 = CARTESIAN_POINT('',(8.144094396916,-10.9982608615));
#3891 = CARTESIAN_POINT('',(8.228694268466,-10.99711797953));
#3892 = CARTESIAN_POINT('',(8.311699499322,-10.99577395724));
#3893 = CARTESIAN_POINT('',(8.392659614423,-10.99428634572));
#3894 = CARTESIAN_POINT('',(8.471176311147,-10.99271408818));
#3895 = CARTESIAN_POINT('',(8.546340582315,-10.99112618176));
#3896 = CARTESIAN_POINT('',(8.619720276655,-10.98953258324));
#3897 = CARTESIAN_POINT('',(8.69149512572,-10.98796504319));
#3898 = CARTESIAN_POINT('',(8.76182821758,-10.98645189113));
#3899 = CARTESIAN_POINT('',(8.830871905885,-10.98501752585));
#3900 = CARTESIAN_POINT('',(8.898769438813,-10.98368289794));
#3901 = CARTESIAN_POINT('',(8.965657113823,-10.9824657376));
#3902 = CARTESIAN_POINT('',(9.031665882906,-10.98138085354));
#3903 = CARTESIAN_POINT('',(9.096922821735,-10.98044040747));
#3904 = CARTESIAN_POINT('',(9.161552506983,-10.97965418125));
#3905 = CARTESIAN_POINT('',(9.225678098988,-10.97902982445));
#3906 = CARTESIAN_POINT('',(9.289423114971,-10.97857307592));
#3907 = CARTESIAN_POINT('',(9.352910269095,-10.97828795723));
#3908 = CARTESIAN_POINT('',(9.416270962452,-10.9781769145));
#3909 = CARTESIAN_POINT('',(9.479614806059,-10.97824096505));
#3910 = CARTESIAN_POINT('',(9.543029016625,-10.97847937938));
#3911 = CARTESIAN_POINT('',(9.606656504658,-10.97888999564));
#3912 = CARTESIAN_POINT('',(9.670621764413,-10.97946917987));
#3913 = CARTESIAN_POINT('',(9.73505180799,-10.98021166248));
#3914 = CARTESIAN_POINT('',(9.800072227002,-10.9811103561));
#3915 = CARTESIAN_POINT('',(9.865809786115,-10.98215613816));
#3916 = CARTESIAN_POINT('',(9.932393269332,-10.98333759671));
#3917 = CARTESIAN_POINT('',(9.999954761192,-10.98464079703));
#3918 = CARTESIAN_POINT('',(10.068631495283,-10.9860488765));
#3919 = CARTESIAN_POINT('',(10.138566256823,-10.98754221554));
#3920 = CARTESIAN_POINT('',(10.186132135017,-10.98857835288));
#3921 = CARTESIAN_POINT('',(10.210176124167,-10.98910272789));
#3922 = ( GEOMETRIC_REPRESENTATION_CONTEXT(2) 
PARAMETRIC_REPRESENTATION_CONTEXT() REPRESENTATION_CONTEXT('2D SPACE',''
  ) );
#3923 = PCURVE('',#724,#3924);
#3924 = DEFINITIONAL_REPRESENTATION('',(#3925),#3995);
#3925 = B_SPLINE_CURVE_WITH_KNOTS('',3,(#3926,#3927,#3928,#3929,#3930,
    #3931,#3932,#3933,#3934,#3935,#3936,#3937,#3938,#3939,#3940,#3941,
    #3942,#3943,#3944,#3945,#3946,#3947,#3948,#3949,#3950,#3951,#3952,
    #3953,#3954,#3955,#3956,#3957,#3958,#3959,#3960,#3961,#3962,#3963,
    #3964,#3965,#3966,#3967,#3968,#3969,#3970,#3971,#3972,#3973,#3974,
    #3975,#3976,#3977,#3978,#3979,#3980,#3981,#3982,#3983,#3984,#3985,
    #3986,#3987,#3988,#3989,#3990,#3991,#3992,#3993,#3994),
  .UNSPECIFIED.,.F.,.F.,(4,1,1,1,1,1,1,1,1,1,1,1,1,1,1,1,1,1,1,1,1,1,1,1
    ,1,1,1,1,1,1,1,1,1,1,1,1,1,1,1,1,1,1,1,1,1,1,1,1,1,1,1,1,1,1,1,1,1,1
    ,1,1,1,1,1,1,1,1,4),(0.,8.648645571203E-02,0.172972911424,
    0.259459367136,0.345945822848,0.43243227856,0.518918734272,
    0.605405189984,0.691891645696,0.778378101408,0.86486455712,
    0.951351012832,1.037837468544,1.124323924256,1.210810379968,
    1.29729683568,1.383783291392,1.470269747104,1.556756202816,
    1.643242658528,1.729729114241,1.816215569953,1.902702025665,
    1.989188481377,2.075674937089,2.162161392801,2.248647848513,
    2.335134304225,2.421620759937,2.508107215649,2.594593671361,
    2.681080127073,2.767566582785,2.854053038497,2.940539494209,
    3.027025949921,3.113512405633,3.199998861345,3.286485317057,
    3.372971772769,3.459458228481,3.545944684193,3.632431139905,
    3.718917595617,3.805404051329,3.891890507041,3.978376962753,
    4.064863418465,4.151349874177,4.237836329889,4.324322785601,
    4.410809241313,4.497295697025,4.583782152737,4.670268608449,
    4.756755064161,4.843241519873,4.929727975585,5.016214431297,
    5.102700887009,5.189187342722,5.275673798434,5.362160254146,
    5.448646709858,5.53513316557,5.621619621282,5.708106076994),
  .QUASI_UNIFORM_KNOTS.);
#3926 = CARTESIAN_POINT('',(5.879357128104,4.088299064212));
#3927 = CARTESIAN_POINT('',(5.879033476553,4.12931059831));
#3928 = CARTESIAN_POINT('',(5.878417391546,4.21341647903));
#3929 = CARTESIAN_POINT('',(5.877584944908,4.345013960663));
#3930 = CARTESIAN_POINT('',(5.8768421944,4.481203340404));
#3931 = CARTESIAN_POINT('',(5.87618719495,4.621267304827));
#3932 = CARTESIAN_POINT('',(5.875618084758,4.764560039163));
#3933 = CARTESIAN_POINT('',(5.875133127001,4.910510274417));
#3934 = CARTESIAN_POINT('',(5.874730748473,5.058608692977));
#3935 = CARTESIAN_POINT('',(5.874409576168,5.208400542646));
#3936 = CARTESIAN_POINT('',(5.874168470751,5.359476374701));
#3937 = CARTESIAN_POINT('',(5.874006561962,5.511468069931));
#3938 = CARTESIAN_POINT('',(5.873923268646,5.664028257533));
#3939 = CARTESIAN_POINT('',(5.873918369424,5.816873219682));
#3940 = CARTESIAN_POINT('',(5.873991856889,5.969480015938));
#3941 = CARTESIAN_POINT('',(5.874143897049,6.121551265986));
#3942 = CARTESIAN_POINT('',(5.87437503391,6.272750991105));
#3943 = CARTESIAN_POINT('',(5.874686106084,6.422716339966));
#3944 = CARTESIAN_POINT('',(5.875078226684,6.57104476333));
#3945 = CARTESIAN_POINT('',(5.875552745722,6.717287808108));
#3946 = CARTESIAN_POINT('',(5.876111216805,6.860943005302));
#3947 = CARTESIAN_POINT('',(5.87675535649,7.001445573645));
#3948 = CARTESIAN_POINT('',(5.877487015898,7.138160367529));
#3949 = CARTESIAN_POINT('',(5.878308092594,7.270369423462));
#3950 = CARTESIAN_POINT('',(5.879220645913,7.397272049875));
#3951 = CARTESIAN_POINT('',(5.880226229815,7.517933117123));
#3952 = CARTESIAN_POINT('',(5.88133058978,7.631693212535));
#3953 = CARTESIAN_POINT('',(5.882530756414,7.736829180756));
#3954 = CARTESIAN_POINT('',(5.883823306472,7.831776105374));
#3955 = CARTESIAN_POINT('',(5.885203931328,7.914972169906));
#3956 = CARTESIAN_POINT('',(5.886665496502,7.984845964824));
#3957 = CARTESIAN_POINT('',(5.888206257326,8.040023499342));
#3958 = CARTESIAN_POINT('',(5.889795677305,8.078415311727));
#3959 = CARTESIAN_POINT('',(5.891411082516,8.099155030043));
#3960 = CARTESIAN_POINT('',(5.893035816888,8.101915178136));
#3961 = CARTESIAN_POINT('',(5.894651442108,8.086720475163));
#3962 = CARTESIAN_POINT('',(5.896240243363,8.053991824175));
#3963 = CARTESIAN_POINT('',(5.897784983437,8.004527239391));
#3964 = CARTESIAN_POINT('',(5.899269342369,7.93950537668));
#3965 = CARTESIAN_POINT('',(5.900678328923,7.860463319305));
#3966 = CARTESIAN_POINT('',(5.901998059139,7.769356906075));
#3967 = CARTESIAN_POINT('',(5.903218012092,7.668319360988));
#3968 = CARTESIAN_POINT('',(5.904323904384,7.560547460726));
#3969 = CARTESIAN_POINT('',(5.905339280205,7.445534057117));
#3970 = CARTESIAN_POINT('',(5.906265401943,7.324205621655));
#3971 = CARTESIAN_POINT('',(5.907104069062,7.197464210055));
#3972 = CARTESIAN_POINT('',(5.907857015192,7.066092395067));
#3973 = CARTESIAN_POINT('',(5.908526002302,6.930793155677));
#3974 = CARTESIAN_POINT('',(5.909112736071,6.792192080689));
#3975 = CARTESIAN_POINT('',(5.909618836094,6.650848358152));
#3976 = CARTESIAN_POINT('',(5.910045797233,6.507262362844));
#3977 = CARTESIAN_POINT('',(5.910394958143,6.36188317763));
#3978 = CARTESIAN_POINT('',(5.91066747149,6.215115949254));
#3979 = CARTESIAN_POINT('',(5.910864276748,6.067327196648));
#3980 = CARTESIAN_POINT('',(5.910986072408,5.918856754938));
#3981 = CARTESIAN_POINT('',(5.911033294322,5.770004560416));
#3982 = CARTESIAN_POINT('',(5.911006071455,5.62111182834));
#3983 = CARTESIAN_POINT('',(5.910904391415,5.472570932243));
#3984 = CARTESIAN_POINT('',(5.910727945688,5.324649934338));
#3985 = CARTESIAN_POINT('',(5.910476132407,5.177676646631));
#3986 = CARTESIAN_POINT('',(5.910148088816,5.031998850004));
#3987 = CARTESIAN_POINT('',(5.909742717143,4.888003024818));
#3988 = CARTESIAN_POINT('',(5.90925871385,4.746117757811));
#3989 = CARTESIAN_POINT('',(5.908694599917,4.606821997296));
#3990 = CARTESIAN_POINT('',(5.908048753118,4.470651572911));
#3991 = CARTESIAN_POINT('',(5.907319442321,4.338210412097));
#3992 = CARTESIAN_POINT('',(5.906504864194,4.210167577346));
#3993 = CARTESIAN_POINT('',(5.90590374297,4.128262169157));
#3994 = CARTESIAN_POINT('',(5.905588360583,4.088299064212));
#3995 = ( GEOMETRIC_REPRESENTATION_CONTEXT(2) 
PARAMETRIC_REPRESENTATION_CONTEXT() REPRESENTATION_CONTEXT('2D SPACE',''
  ) );
#3996 = ORIENTED_EDGE('',*,*,#3755,.F.);
#3997 = ORIENTED_EDGE('',*,*,#3464,.T.);
#3998 = ORIENTED_EDGE('',*,*,#3999,.F.);
#3999 = EDGE_CURVE('',#3578,#3442,#4000,.T.);
#4000 = SURFACE_CURVE('',#4001,(#4012,#4026),.PCURVE_S1.);
#4001 = B_SPLINE_CURVE_WITH_KNOTS('',5,(#4002,#4003,#4004,#4005,#4006,
    #4007,#4008,#4009,#4010,#4011),.UNSPECIFIED.,.F.,.F.,(6,4,6),(0.,
    0.500000005634,1.),.UNSPECIFIED.);
#4002 = CARTESIAN_POINT('',(110.42085540059,46.214550658879,11.));
#4003 = CARTESIAN_POINT('',(110.47161215408,46.091321192227,
    10.959826537205));
#4004 = CARTESIAN_POINT('',(110.52244016392,45.966154004954,
    10.929868519656));
#4005 = CARTESIAN_POINT('',(110.57371690176,45.839922188639,
    10.90995617407));
#4006 = CARTESIAN_POINT('',(110.62551120771,45.713300914424,10.9));
#4007 = CARTESIAN_POINT('',(110.72972312251,45.460290668591,10.9));
#4008 = CARTESIAN_POINT('',(110.78213213011,45.333922578326,
    10.909956174177));
#4009 = CARTESIAN_POINT('',(110.83463427319,45.208195489612,
    10.929868519958));
#4010 = CARTESIAN_POINT('',(110.88670516012,45.08354023252,
    10.959826537041));
#4011 = CARTESIAN_POINT('',(110.93746191382,44.960310765366,11.));
#4012 = PCURVE('',#3481,#4013);
#4013 = DEFINITIONAL_REPRESENTATION('',(#4014),#4025);
#4014 = B_SPLINE_CURVE_WITH_KNOTS('',5,(#4015,#4016,#4017,#4018,#4019,
    #4020,#4021,#4022,#4023,#4024),.UNSPECIFIED.,.F.,.F.,(6,4,6),(0.,
    0.500000005634,1.),.UNSPECIFIED.);
#4015 = CARTESIAN_POINT('',(7.561207115386,-4.));
#4016 = CARTESIAN_POINT('',(7.620439654786,-4.));
#4017 = CARTESIAN_POINT('',(7.679158651919,-3.999327910508));
#4018 = CARTESIAN_POINT('',(7.73754745174,-3.998665270771));
#4019 = CARTESIAN_POINT('',(7.79576212251,-3.998332870113));
#4020 = CARTESIAN_POINT('',(7.912201144127,-3.998332870113));
#4021 = CARTESIAN_POINT('',(7.970415816658,-3.998665270353));
#4022 = CARTESIAN_POINT('',(8.028804617294,-3.999327910934));
#4023 = CARTESIAN_POINT('',(8.087523612922,-4.));
#4024 = CARTESIAN_POINT('',(8.146756152563,-4.));
#4025 = ( GEOMETRIC_REPRESENTATION_CONTEXT(2) 
PARAMETRIC_REPRESENTATION_CONTEXT() REPRESENTATION_CONTEXT('2D SPACE',''
  ) );
#4026 = PCURVE('',#3329,#4027);
#4027 = DEFINITIONAL_REPRESENTATION('',(#4028),#4039);
#4028 = B_SPLINE_CURVE_WITH_KNOTS('',5,(#4029,#4030,#4031,#4032,#4033,
    #4034,#4035,#4036,#4037,#4038),.UNSPECIFIED.,.F.,.F.,(6,4,6),(0.,
    0.500000005634,1.),.UNSPECIFIED.);
#4029 = CARTESIAN_POINT('',(1.570796326795,12.321767001687));
#4030 = CARTESIAN_POINT('',(1.55740517253,12.455040215337));
#4031 = CARTESIAN_POINT('',(1.547419015395,12.590132256737));
#4032 = CARTESIAN_POINT('',(1.540777241615,12.7263795914));
#4033 = CARTESIAN_POINT('',(1.537456817534,12.863184148059));
#4034 = CARTESIAN_POINT('',(1.537456817534,13.136815848857));
#4035 = CARTESIAN_POINT('',(1.540777241827,13.273620409547));
#4036 = CARTESIAN_POINT('',(1.547419015319,13.409867746296));
#4037 = CARTESIAN_POINT('',(1.557405172475,13.544959784119));
#4038 = CARTESIAN_POINT('',(1.570796326795,13.678232998313));
#4039 = ( GEOMETRIC_REPRESENTATION_CONTEXT(2) 
PARAMETRIC_REPRESENTATION_CONTEXT() REPRESENTATION_CONTEXT('2D SPACE',''
  ) );
#4040 = ADVANCED_FACE('',(#4041),#3329,.F.);
#4041 = FACE_BOUND('',#4042,.F.);
#4042 = EDGE_LOOP('',(#4043,#4067,#4088,#4089,#4090,#4091));
#4043 = ORIENTED_EDGE('',*,*,#4044,.F.);
#4044 = EDGE_CURVE('',#4045,#3419,#4047,.T.);
#4045 = VERTEX_POINT('',#4046);
#4046 = CARTESIAN_POINT('',(112.47541339884,33.349233585783,8.));
#4047 = SURFACE_CURVE('',#4048,(#4053,#4060),.PCURVE_S1.);
#4048 = CIRCLE('',#4049,3.);
#4049 = AXIS2_PLACEMENT_3D('',#4050,#4051,#4052);
#4050 = CARTESIAN_POINT('',(112.47541339884,33.349233585783,11.));
#4051 = DIRECTION('',(0.38084737437,-0.924637916936,1.132354865346E-16)
  );
#4052 = DIRECTION('',(0.,-1.224646799147E-16,-1.));
#4053 = PCURVE('',#3329,#4054);
#4054 = DEFINITIONAL_REPRESENTATION('',(#4055),#4059);
#4055 = LINE('',#4056,#4057);
#4056 = CARTESIAN_POINT('',(0.,25.));
#4057 = VECTOR('',#4058,1.);
#4058 = DIRECTION('',(1.,0.));
#4059 = ( GEOMETRIC_REPRESENTATION_CONTEXT(2) 
PARAMETRIC_REPRESENTATION_CONTEXT() REPRESENTATION_CONTEXT('2D SPACE',''
  ) );
#4060 = PCURVE('',#752,#4061);
#4061 = DEFINITIONAL_REPRESENTATION('',(#4062),#4066);
#4062 = CIRCLE('',#4063,3.);
#4063 = AXIS2_PLACEMENT_2D('',#4064,#4065);
#4064 = CARTESIAN_POINT('',(-3.,42.7));
#4065 = DIRECTION('',(1.,0.));
#4066 = ( GEOMETRIC_REPRESENTATION_CONTEXT(2) 
PARAMETRIC_REPRESENTATION_CONTEXT() REPRESENTATION_CONTEXT('2D SPACE',''
  ) );
#4067 = ORIENTED_EDGE('',*,*,#4068,.F.);
#4068 = EDGE_CURVE('',#3211,#4045,#4069,.T.);
#4069 = SURFACE_CURVE('',#4070,(#4074,#4081),.PCURVE_S1.);
#4070 = LINE('',#4071,#4072);
#4071 = CARTESIAN_POINT('',(102.95422903958,56.465181509176,8.));
#4072 = VECTOR('',#4073,1.);
#4073 = DIRECTION('',(0.38084737437,-0.924637916936,1.132354865346E-16)
  );
#4074 = PCURVE('',#3329,#4075);
#4075 = DEFINITIONAL_REPRESENTATION('',(#4076),#4080);
#4076 = LINE('',#4077,#4078);
#4077 = CARTESIAN_POINT('',(0.,-0.));
#4078 = VECTOR('',#4079,1.);
#4079 = DIRECTION('',(0.,1.));
#4080 = ( GEOMETRIC_REPRESENTATION_CONTEXT(2) 
PARAMETRIC_REPRESENTATION_CONTEXT() REPRESENTATION_CONTEXT('2D SPACE',''
  ) );
#4081 = PCURVE('',#43,#4082);
#4082 = DEFINITIONAL_REPRESENTATION('',(#4083),#4087);
#4083 = LINE('',#4084,#4085);
#4084 = CARTESIAN_POINT('',(102.95422903958,-56.46518150917));
#4085 = VECTOR('',#4086,1.);
#4086 = DIRECTION('',(0.38084737437,0.924637916936));
#4087 = ( GEOMETRIC_REPRESENTATION_CONTEXT(2) 
PARAMETRIC_REPRESENTATION_CONTEXT() REPRESENTATION_CONTEXT('2D SPACE',''
  ) );
#4088 = ORIENTED_EDGE('',*,*,#3314,.T.);
#4089 = ORIENTED_EDGE('',*,*,#3601,.T.);
#4090 = ORIENTED_EDGE('',*,*,#3999,.T.);
#4091 = ORIENTED_EDGE('',*,*,#3441,.T.);
#4092 = ADVANCED_FACE('',(#4093),#392,.T.);
#4093 = FACE_BOUND('',#4094,.T.);
#4094 = EDGE_LOOP('',(#4095,#4118,#4119,#4120,#4143,#4171,#4199));
#4095 = ORIENTED_EDGE('',*,*,#4096,.F.);
#4096 = EDGE_CURVE('',#3157,#4097,#4099,.T.);
#4097 = VERTEX_POINT('',#4098);
#4098 = CARTESIAN_POINT('',(-27.35642321739,-114.0811820974,8.));
#4099 = SURFACE_CURVE('',#4100,(#4104,#4111),.PCURVE_S1.);
#4100 = LINE('',#4101,#4102);
#4101 = CARTESIAN_POINT('',(-21.69886719074,-71.75764184139,8.));
#4102 = VECTOR('',#4103,1.);
#4103 = DIRECTION('',(-0.132495457299,-0.991183612554,1.213849838481E-16
    ));
#4104 = PCURVE('',#392,#4105);
#4105 = DEFINITIONAL_REPRESENTATION('',(#4106),#4110);
#4106 = LINE('',#4107,#4108);
#4107 = CARTESIAN_POINT('',(0.,0.));
#4108 = VECTOR('',#4109,1.);
#4109 = DIRECTION('',(0.,1.));
#4110 = ( GEOMETRIC_REPRESENTATION_CONTEXT(2) 
PARAMETRIC_REPRESENTATION_CONTEXT() REPRESENTATION_CONTEXT('2D SPACE',''
  ) );
#4111 = PCURVE('',#43,#4112);
#4112 = DEFINITIONAL_REPRESENTATION('',(#4113),#4117);
#4113 = LINE('',#4114,#4115);
#4114 = CARTESIAN_POINT('',(-21.69886719074,71.757641841399));
#4115 = VECTOR('',#4116,1.);
#4116 = DIRECTION('',(-0.132495457299,0.991183612554));
#4117 = ( GEOMETRIC_REPRESENTATION_CONTEXT(2) 
PARAMETRIC_REPRESENTATION_CONTEXT() REPRESENTATION_CONTEXT('2D SPACE',''
  ) );
#4118 = ORIENTED_EDGE('',*,*,#3156,.T.);
#4119 = ORIENTED_EDGE('',*,*,#376,.T.);
#4120 = ORIENTED_EDGE('',*,*,#4121,.F.);
#4121 = EDGE_CURVE('',#4122,#348,#4124,.T.);
#4122 = VERTEX_POINT('',#4123);
#4123 = CARTESIAN_POINT('',(-28.60591478354,-123.4284879571,18.5));
#4124 = SURFACE_CURVE('',#4125,(#4129,#4136),.PCURVE_S1.);
#4125 = LINE('',#4126,#4127);
#4126 = CARTESIAN_POINT('',(-28.60591478354,-123.4284879571,19.));
#4127 = VECTOR('',#4128,1.);
#4128 = DIRECTION('',(0.,-1.224646799147E-16,-1.));
#4129 = PCURVE('',#392,#4130);
#4130 = DEFINITIONAL_REPRESENTATION('',(#4131),#4135);
#4131 = LINE('',#4132,#4133);
#4132 = CARTESIAN_POINT('',(-11.,52.130448346147));
#4133 = VECTOR('',#4134,1.);
#4134 = DIRECTION('',(1.,0.));
#4135 = ( GEOMETRIC_REPRESENTATION_CONTEXT(2) 
PARAMETRIC_REPRESENTATION_CONTEXT() REPRESENTATION_CONTEXT('2D SPACE',''
  ) );
#4136 = PCURVE('',#364,#4137);
#4137 = DEFINITIONAL_REPRESENTATION('',(#4138),#4142);
#4138 = LINE('',#4139,#4140);
#4139 = CARTESIAN_POINT('',(1.798536631935,0.));
#4140 = VECTOR('',#4141,1.);
#4141 = DIRECTION('',(0.,1.));
#4142 = ( GEOMETRIC_REPRESENTATION_CONTEXT(2) 
PARAMETRIC_REPRESENTATION_CONTEXT() REPRESENTATION_CONTEXT('2D SPACE',''
  ) );
#4143 = ORIENTED_EDGE('',*,*,#4144,.F.);
#4144 = EDGE_CURVE('',#4145,#4122,#4147,.T.);
#4145 = VERTEX_POINT('',#4146);
#4146 = CARTESIAN_POINT('',(-27.75390958928,-117.0547329351,18.5));
#4147 = SURFACE_CURVE('',#4148,(#4152,#4159),.PCURVE_S1.);
#4148 = LINE('',#4149,#4150);
#4149 = CARTESIAN_POINT('',(-27.75390958928,-117.0547329351,18.5));
#4150 = VECTOR('',#4151,1.);
#4151 = DIRECTION('',(-0.132495457299,-0.991183612554,1.213849838481E-16
    ));
#4152 = PCURVE('',#392,#4153);
#4153 = DEFINITIONAL_REPRESENTATION('',(#4154),#4158);
#4154 = LINE('',#4155,#4156);
#4155 = CARTESIAN_POINT('',(-10.5,45.7));
#4156 = VECTOR('',#4157,1.);
#4157 = DIRECTION('',(0.,1.));
#4158 = ( GEOMETRIC_REPRESENTATION_CONTEXT(2) 
PARAMETRIC_REPRESENTATION_CONTEXT() REPRESENTATION_CONTEXT('2D SPACE',''
  ) );
#4159 = PCURVE('',#4160,#4165);
#4160 = PLANE('',#4161);
#4161 = AXIS2_PLACEMENT_3D('',#4162,#4163,#4164);
#4162 = CARTESIAN_POINT('',(-3.965502887997,-120.2346239102,18.5));
#4163 = DIRECTION('',(0.,-1.224646799147E-16,-1.));
#4164 = DIRECTION('',(-0.132495457299,-0.991183612554,1.213849838481E-16
    ));
#4165 = DEFINITIONAL_REPRESENTATION('',(#4166),#4170);
#4166 = LINE('',#4167,#4168);
#4167 = CARTESIAN_POINT('',(1.110223024625E-14,24.));
#4168 = VECTOR('',#4169,1.);
#4169 = DIRECTION('',(1.,-1.969594419176E-33));
#4170 = ( GEOMETRIC_REPRESENTATION_CONTEXT(2) 
PARAMETRIC_REPRESENTATION_CONTEXT() REPRESENTATION_CONTEXT('2D SPACE',''
  ) );
#4171 = ORIENTED_EDGE('',*,*,#4172,.T.);
#4172 = EDGE_CURVE('',#4145,#4173,#4175,.T.);
#4173 = VERTEX_POINT('',#4174);
#4174 = CARTESIAN_POINT('',(-27.75390958928,-117.0547329351,11.));
#4175 = SURFACE_CURVE('',#4176,(#4180,#4187),.PCURVE_S1.);
#4176 = LINE('',#4177,#4178);
#4177 = CARTESIAN_POINT('',(-27.75390958928,-117.0547329351,18.5));
#4178 = VECTOR('',#4179,1.);
#4179 = DIRECTION('',(0.,-1.224646799147E-16,-1.));
#4180 = PCURVE('',#392,#4181);
#4181 = DEFINITIONAL_REPRESENTATION('',(#4182),#4186);
#4182 = LINE('',#4183,#4184);
#4183 = CARTESIAN_POINT('',(-10.5,45.7));
#4184 = VECTOR('',#4185,1.);
#4185 = DIRECTION('',(1.,0.));
#4186 = ( GEOMETRIC_REPRESENTATION_CONTEXT(2) 
PARAMETRIC_REPRESENTATION_CONTEXT() REPRESENTATION_CONTEXT('2D SPACE',''
  ) );
#4187 = PCURVE('',#4188,#4193);
#4188 = PLANE('',#4189);
#4189 = AXIS2_PLACEMENT_3D('',#4190,#4191,#4192);
#4190 = CARTESIAN_POINT('',(-3.965502887997,-120.2346239102,18.5));
#4191 = DIRECTION('',(-0.132495457299,-0.991183612554,1.213849838481E-16
    ));
#4192 = DIRECTION('',(0.,-1.224646799147E-16,-1.));
#4193 = DEFINITIONAL_REPRESENTATION('',(#4194),#4198);
#4194 = LINE('',#4195,#4196);
#4195 = CARTESIAN_POINT('',(-3.894243304375E-16,-24.));
#4196 = VECTOR('',#4197,1.);
#4197 = DIRECTION('',(1.,0.));
#4198 = ( GEOMETRIC_REPRESENTATION_CONTEXT(2) 
PARAMETRIC_REPRESENTATION_CONTEXT() REPRESENTATION_CONTEXT('2D SPACE',''
  ) );
#4199 = ORIENTED_EDGE('',*,*,#4200,.F.);
#4200 = EDGE_CURVE('',#4097,#4173,#4201,.T.);
#4201 = SURFACE_CURVE('',#4202,(#4207,#4214),.PCURVE_S1.);
#4202 = CIRCLE('',#4203,3.);
#4203 = AXIS2_PLACEMENT_3D('',#4204,#4205,#4206);
#4204 = CARTESIAN_POINT('',(-27.35642321739,-114.0811820974,11.));
#4205 = DIRECTION('',(-0.991183612554,0.132495457299,-1.622601376823E-17
    ));
#4206 = DIRECTION('',(0.,-1.224646799147E-16,-1.));
#4207 = PCURVE('',#392,#4208);
#4208 = DEFINITIONAL_REPRESENTATION('',(#4209),#4213);
#4209 = CIRCLE('',#4210,3.);
#4210 = AXIS2_PLACEMENT_2D('',#4211,#4212);
#4211 = CARTESIAN_POINT('',(-3.,42.7));
#4212 = DIRECTION('',(1.,2.465190328816E-32));
#4213 = ( GEOMETRIC_REPRESENTATION_CONTEXT(2) 
PARAMETRIC_REPRESENTATION_CONTEXT() REPRESENTATION_CONTEXT('2D SPACE',''
  ) );
#4214 = PCURVE('',#4215,#4220);
#4215 = CYLINDRICAL_SURFACE('',#4216,3.);
#4216 = AXIS2_PLACEMENT_3D('',#4217,#4218,#4219);
#4217 = CARTESIAN_POINT('',(-2.576832903548,-117.3935685299,11.));
#4218 = DIRECTION('',(-0.991183612554,0.132495457299,-1.622601376823E-17
    ));
#4219 = DIRECTION('',(0.,-1.224646799147E-16,-1.));
#4220 = DEFINITIONAL_REPRESENTATION('',(#4221),#4225);
#4221 = LINE('',#4222,#4223);
#4222 = CARTESIAN_POINT('',(0.,25.));
#4223 = VECTOR('',#4224,1.);
#4224 = DIRECTION('',(1.,0.));
#4225 = ( GEOMETRIC_REPRESENTATION_CONTEXT(2) 
PARAMETRIC_REPRESENTATION_CONTEXT() REPRESENTATION_CONTEXT('2D SPACE',''
  ) );
#4226 = ADVANCED_FACE('',(#4227),#4160,.F.);
#4227 = FACE_BOUND('',#4228,.F.);
#4228 = EDGE_LOOP('',(#4229,#4230,#4253,#4276));
#4229 = ORIENTED_EDGE('',*,*,#4144,.F.);
#4230 = ORIENTED_EDGE('',*,*,#4231,.F.);
#4231 = EDGE_CURVE('',#4232,#4145,#4234,.T.);
#4232 = VERTEX_POINT('',#4233);
#4233 = CARTESIAN_POINT('',(-3.965502887997,-120.2346239102,18.5));
#4234 = SURFACE_CURVE('',#4235,(#4239,#4246),.PCURVE_S1.);
#4235 = LINE('',#4236,#4237);
#4236 = CARTESIAN_POINT('',(-3.965502887997,-120.2346239102,18.5));
#4237 = VECTOR('',#4238,1.);
#4238 = DIRECTION('',(-0.991183612554,0.132495457299,-1.622601376823E-17
    ));
#4239 = PCURVE('',#4160,#4240);
#4240 = DEFINITIONAL_REPRESENTATION('',(#4241),#4245);
#4241 = LINE('',#4242,#4243);
#4242 = CARTESIAN_POINT('',(0.,0.));
#4243 = VECTOR('',#4244,1.);
#4244 = DIRECTION('',(-1.969594419176E-33,1.));
#4245 = ( GEOMETRIC_REPRESENTATION_CONTEXT(2) 
PARAMETRIC_REPRESENTATION_CONTEXT() REPRESENTATION_CONTEXT('2D SPACE',''
  ) );
#4246 = PCURVE('',#4188,#4247);
#4247 = DEFINITIONAL_REPRESENTATION('',(#4248),#4252);
#4248 = LINE('',#4249,#4250);
#4249 = CARTESIAN_POINT('',(0.,0.));
#4250 = VECTOR('',#4251,1.);
#4251 = DIRECTION('',(0.,-1.));
#4252 = ( GEOMETRIC_REPRESENTATION_CONTEXT(2) 
PARAMETRIC_REPRESENTATION_CONTEXT() REPRESENTATION_CONTEXT('2D SPACE',''
  ) );
#4253 = ORIENTED_EDGE('',*,*,#4254,.T.);
#4254 = EDGE_CURVE('',#4232,#4255,#4257,.T.);
#4255 = VERTEX_POINT('',#4256);
#4256 = CARTESIAN_POINT('',(-4.817508082255,-126.6083789323,18.5));
#4257 = SURFACE_CURVE('',#4258,(#4262,#4269),.PCURVE_S1.);
#4258 = LINE('',#4259,#4260);
#4259 = CARTESIAN_POINT('',(-3.965502887997,-120.2346239102,18.5));
#4260 = VECTOR('',#4261,1.);
#4261 = DIRECTION('',(-0.132495457299,-0.991183612554,1.213849838481E-16
    ));
#4262 = PCURVE('',#4160,#4263);
#4263 = DEFINITIONAL_REPRESENTATION('',(#4264),#4268);
#4264 = LINE('',#4265,#4266);
#4265 = CARTESIAN_POINT('',(0.,0.));
#4266 = VECTOR('',#4267,1.);
#4267 = DIRECTION('',(1.,-1.969594419176E-33));
#4268 = ( GEOMETRIC_REPRESENTATION_CONTEXT(2) 
PARAMETRIC_REPRESENTATION_CONTEXT() REPRESENTATION_CONTEXT('2D SPACE',''
  ) );
#4269 = PCURVE('',#335,#4270);
#4270 = DEFINITIONAL_REPRESENTATION('',(#4271),#4275);
#4271 = LINE('',#4272,#4273);
#4272 = CARTESIAN_POINT('',(-10.5,45.7));
#4273 = VECTOR('',#4274,1.);
#4274 = DIRECTION('',(0.,1.));
#4275 = ( GEOMETRIC_REPRESENTATION_CONTEXT(2) 
PARAMETRIC_REPRESENTATION_CONTEXT() REPRESENTATION_CONTEXT('2D SPACE',''
  ) );
#4276 = ORIENTED_EDGE('',*,*,#4277,.T.);
#4277 = EDGE_CURVE('',#4255,#4122,#4278,.T.);
#4278 = SURFACE_CURVE('',#4279,(#4284,#4291),.PCURVE_S1.);
#4279 = CIRCLE('',#4280,126.7);
#4280 = AXIS2_PLACEMENT_3D('',#4281,#4282,#4283);
#4281 = CARTESIAN_POINT('',(0.,0.,18.5));
#4282 = DIRECTION('',(0.,-1.224646799147E-16,-1.));
#4283 = DIRECTION('',(1.,0.,0.));
#4284 = PCURVE('',#4160,#4285);
#4285 = DEFINITIONAL_REPRESENTATION('',(#4286),#4290);
#4286 = CIRCLE('',#4287,126.7);
#4287 = AXIS2_PLACEMENT_2D('',#4288,#4289);
#4288 = CARTESIAN_POINT('',(-119.7,12.));
#4289 = DIRECTION('',(-0.132495457299,-0.991183612554));
#4290 = ( GEOMETRIC_REPRESENTATION_CONTEXT(2) 
PARAMETRIC_REPRESENTATION_CONTEXT() REPRESENTATION_CONTEXT('2D SPACE',''
  ) );
#4291 = PCURVE('',#364,#4292);
#4292 = DEFINITIONAL_REPRESENTATION('',(#4293),#4297);
#4293 = LINE('',#4294,#4295);
#4294 = CARTESIAN_POINT('',(0.,0.5));
#4295 = VECTOR('',#4296,1.);
#4296 = DIRECTION('',(1.,0.));
#4297 = ( GEOMETRIC_REPRESENTATION_CONTEXT(2) 
PARAMETRIC_REPRESENTATION_CONTEXT() REPRESENTATION_CONTEXT('2D SPACE',''
  ) );
#4298 = ADVANCED_FACE('',(#4299),#4188,.F.);
#4299 = FACE_BOUND('',#4300,.F.);
#4300 = EDGE_LOOP('',(#4301,#4324,#4325,#4326,#4349,#4378,#4406,#4434,
    #4462,#4486));
#4301 = ORIENTED_EDGE('',*,*,#4302,.F.);
#4302 = EDGE_CURVE('',#4232,#4303,#4305,.T.);
#4303 = VERTEX_POINT('',#4304);
#4304 = CARTESIAN_POINT('',(-3.965502887997,-120.2346239102,11.));
#4305 = SURFACE_CURVE('',#4306,(#4310,#4317),.PCURVE_S1.);
#4306 = LINE('',#4307,#4308);
#4307 = CARTESIAN_POINT('',(-3.965502887997,-120.2346239102,18.5));
#4308 = VECTOR('',#4309,1.);
#4309 = DIRECTION('',(0.,-1.224646799147E-16,-1.));
#4310 = PCURVE('',#4188,#4311);
#4311 = DEFINITIONAL_REPRESENTATION('',(#4312),#4316);
#4312 = LINE('',#4313,#4314);
#4313 = CARTESIAN_POINT('',(0.,0.));
#4314 = VECTOR('',#4315,1.);
#4315 = DIRECTION('',(1.,0.));
#4316 = ( GEOMETRIC_REPRESENTATION_CONTEXT(2) 
PARAMETRIC_REPRESENTATION_CONTEXT() REPRESENTATION_CONTEXT('2D SPACE',''
  ) );
#4317 = PCURVE('',#335,#4318);
#4318 = DEFINITIONAL_REPRESENTATION('',(#4319),#4323);
#4319 = LINE('',#4320,#4321);
#4320 = CARTESIAN_POINT('',(-10.5,45.7));
#4321 = VECTOR('',#4322,1.);
#4322 = DIRECTION('',(1.,0.));
#4323 = ( GEOMETRIC_REPRESENTATION_CONTEXT(2) 
PARAMETRIC_REPRESENTATION_CONTEXT() REPRESENTATION_CONTEXT('2D SPACE',''
  ) );
#4324 = ORIENTED_EDGE('',*,*,#4231,.T.);
#4325 = ORIENTED_EDGE('',*,*,#4172,.T.);
#4326 = ORIENTED_EDGE('',*,*,#4327,.F.);
#4327 = EDGE_CURVE('',#4328,#4173,#4330,.T.);
#4328 = VERTEX_POINT('',#4329);
#4329 = CARTESIAN_POINT('',(-16.53195967206,-118.5548156314,11.));
#4330 = SURFACE_CURVE('',#4331,(#4335,#4342),.PCURVE_S1.);
#4331 = LINE('',#4332,#4333);
#4332 = CARTESIAN_POINT('',(-2.974319275444,-120.3671193675,11.));
#4333 = VECTOR('',#4334,1.);
#4334 = DIRECTION('',(-0.991183612554,0.132495457299,-1.622601376823E-17
    ));
#4335 = PCURVE('',#4188,#4336);
#4336 = DEFINITIONAL_REPRESENTATION('',(#4337),#4341);
#4337 = LINE('',#4338,#4339);
#4338 = CARTESIAN_POINT('',(7.5,1.));
#4339 = VECTOR('',#4340,1.);
#4340 = DIRECTION('',(0.,-1.));
#4341 = ( GEOMETRIC_REPRESENTATION_CONTEXT(2) 
PARAMETRIC_REPRESENTATION_CONTEXT() REPRESENTATION_CONTEXT('2D SPACE',''
  ) );
#4342 = PCURVE('',#4215,#4343);
#4343 = DEFINITIONAL_REPRESENTATION('',(#4344),#4348);
#4344 = LINE('',#4345,#4346);
#4345 = CARTESIAN_POINT('',(1.570796326795,0.));
#4346 = VECTOR('',#4347,1.);
#4347 = DIRECTION('',(0.,1.));
#4348 = ( GEOMETRIC_REPRESENTATION_CONTEXT(2) 
PARAMETRIC_REPRESENTATION_CONTEXT() REPRESENTATION_CONTEXT('2D SPACE',''
  ) );
#4349 = ORIENTED_EDGE('',*,*,#4350,.F.);
#4350 = EDGE_CURVE('',#4351,#4328,#4353,.T.);
#4351 = VERTEX_POINT('',#4352);
#4352 = CARTESIAN_POINT('',(-17.50675697516,-118.4245105973,
    14.911700935788));
#4353 = SURFACE_CURVE('',#4354,(#4359,#4366),.PCURVE_S1.);
#4354 = CIRCLE('',#4355,2.35);
#4355 = AXIS2_PLACEMENT_3D('',#4356,#4357,#4358);
#4356 = CARTESIAN_POINT('',(-15.85970623864,-118.6446784226,13.25));
#4357 = DIRECTION('',(-0.132495457299,-0.991183612554,
    -1.471045507628E-15));
#4358 = DIRECTION('',(-0.700872653838,9.368843633225E-02,0.707106781187)
  );
#4359 = PCURVE('',#4188,#4360);
#4360 = DEFINITIONAL_REPRESENTATION('',(#4361),#4365);
#4361 = CIRCLE('',#4362,2.35);
#4362 = AXIS2_PLACEMENT_2D('',#4363,#4364);
#4363 = CARTESIAN_POINT('',(5.25,-12.));
#4364 = DIRECTION('',(-0.707106781187,-0.707106781187));
#4365 = ( GEOMETRIC_REPRESENTATION_CONTEXT(2) 
PARAMETRIC_REPRESENTATION_CONTEXT() REPRESENTATION_CONTEXT('2D SPACE',''
  ) );
#4366 = PCURVE('',#4367,#4372);
#4367 = CYLINDRICAL_SURFACE('',#4368,2.35);
#4368 = AXIS2_PLACEMENT_3D('',#4369,#4370,#4371);
#4369 = CARTESIAN_POINT('',(-15.32972440944,-114.6799439724,13.25));
#4370 = DIRECTION('',(0.132495457299,0.991183612554,-1.213849838481E-16)
  );
#4371 = DIRECTION('',(0.991183612554,-0.132495457299,1.622601376823E-17)
  );
#4372 = DEFINITIONAL_REPRESENTATION('',(#4373),#4377);
#4373 = LINE('',#4374,#4375);
#4374 = CARTESIAN_POINT('',(10.210176124167,-4.));
#4375 = VECTOR('',#4376,1.);
#4376 = DIRECTION('',(-1.,-0.));
#4377 = ( GEOMETRIC_REPRESENTATION_CONTEXT(2) 
PARAMETRIC_REPRESENTATION_CONTEXT() REPRESENTATION_CONTEXT('2D SPACE',''
  ) );
#4378 = ORIENTED_EDGE('',*,*,#4379,.F.);
#4379 = EDGE_CURVE('',#4380,#4351,#4382,.T.);
#4380 = VERTEX_POINT('',#4381);
#4381 = CARTESIAN_POINT('',(-16.35866992427,-118.5779799615,16.07));
#4382 = SURFACE_CURVE('',#4383,(#4387,#4394),.PCURVE_S1.);
#4383 = LINE('',#4384,#4385);
#4384 = CARTESIAN_POINT('',(-13.23227764602,-118.9958972569,
    19.224200935788));
#4385 = VECTOR('',#4386,1.);
#4386 = DIRECTION('',(-0.700872653838,9.368843633226E-02,-0.707106781187
    ));
#4387 = PCURVE('',#4188,#4388);
#4388 = DEFINITIONAL_REPRESENTATION('',(#4389),#4393);
#4389 = LINE('',#4390,#4391);
#4390 = CARTESIAN_POINT('',(-0.724200935788,-9.349200935788));
#4391 = VECTOR('',#4392,1.);
#4392 = DIRECTION('',(0.707106781187,-0.707106781187));
#4393 = ( GEOMETRIC_REPRESENTATION_CONTEXT(2) 
PARAMETRIC_REPRESENTATION_CONTEXT() REPRESENTATION_CONTEXT('2D SPACE',''
  ) );
#4394 = PCURVE('',#4395,#4400);
#4395 = PLANE('',#4396);
#4396 = AXIS2_PLACEMENT_3D('',#4397,#4398,#4399);
#4397 = CARTESIAN_POINT('',(-16.97677514596,-114.459776147,
    14.911700935788));
#4398 = DIRECTION('',(-0.700872653838,9.368843633226E-02,0.707106781187)
  );
#4399 = DIRECTION('',(0.700872653838,-9.368843633226E-02,0.707106781187)
  );
#4400 = DEFINITIONAL_REPRESENTATION('',(#4401),#4405);
#4401 = LINE('',#4402,#4403);
#4402 = CARTESIAN_POINT('',(6.098795987734,-4.));
#4403 = VECTOR('',#4404,1.);
#4404 = DIRECTION('',(-1.,2.565418366348E-18));
#4405 = ( GEOMETRIC_REPRESENTATION_CONTEXT(2) 
PARAMETRIC_REPRESENTATION_CONTEXT() REPRESENTATION_CONTEXT('2D SPACE',''
  ) );
#4406 = ORIENTED_EDGE('',*,*,#4407,.F.);
#4407 = EDGE_CURVE('',#4408,#4380,#4410,.T.);
#4408 = VERTEX_POINT('',#4409);
#4409 = CARTESIAN_POINT('',(-15.360742553,-118.7113768838,16.07));
#4410 = SURFACE_CURVE('',#4411,(#4415,#4422),.PCURVE_S1.);
#4411 = LINE('',#4412,#4413);
#4412 = CARTESIAN_POINT('',(-10.16208640613,-119.4063019358,16.07));
#4413 = VECTOR('',#4414,1.);
#4414 = DIRECTION('',(-0.991183612554,0.132495457299,-1.622601376823E-17
    ));
#4415 = PCURVE('',#4188,#4416);
#4416 = DEFINITIONAL_REPRESENTATION('',(#4417),#4421);
#4417 = LINE('',#4418,#4419);
#4418 = CARTESIAN_POINT('',(2.43,-6.251700935788));
#4419 = VECTOR('',#4420,1.);
#4420 = DIRECTION('',(0.,-1.));
#4421 = ( GEOMETRIC_REPRESENTATION_CONTEXT(2) 
PARAMETRIC_REPRESENTATION_CONTEXT() REPRESENTATION_CONTEXT('2D SPACE',''
  ) );
#4422 = PCURVE('',#4423,#4428);
#4423 = PLANE('',#4424);
#4424 = AXIS2_PLACEMENT_3D('',#4425,#4426,#4427);
#4425 = CARTESIAN_POINT('',(-15.82868809508,-114.6132455112,16.07));
#4426 = DIRECTION('',(0.,1.224646799147E-16,1.));
#4427 = DIRECTION('',(0.991183612554,-0.132495457299,1.622601376823E-17)
  );
#4428 = DEFINITIONAL_REPRESENTATION('',(#4429),#4433);
#4429 = LINE('',#4430,#4431);
#4430 = CARTESIAN_POINT('',(6.251700935788,-4.));
#4431 = VECTOR('',#4432,1.);
#4432 = DIRECTION('',(-1.,1.969594419176E-33));
#4433 = ( GEOMETRIC_REPRESENTATION_CONTEXT(2) 
PARAMETRIC_REPRESENTATION_CONTEXT() REPRESENTATION_CONTEXT('2D SPACE',''
  ) );
#4434 = ORIENTED_EDGE('',*,*,#4435,.F.);
#4435 = EDGE_CURVE('',#4436,#4408,#4438,.T.);
#4436 = VERTEX_POINT('',#4437);
#4437 = CARTESIAN_POINT('',(-14.21265550212,-118.864846248,
    14.911700935788));
#4438 = SURFACE_CURVE('',#4439,(#4443,#4450),.PCURVE_S1.);
#4439 = LINE('',#4440,#4441);
#4440 = CARTESIAN_POINT('',(-13.11407668138,-119.0116976501,
    13.803350467894));
#4441 = VECTOR('',#4442,1.);
#4442 = DIRECTION('',(-0.700872653838,9.368843633226E-02,0.707106781187)
  );
#4443 = PCURVE('',#4188,#4444);
#4444 = DEFINITIONAL_REPRESENTATION('',(#4445),#4449);
#4445 = LINE('',#4446,#4447);
#4446 = CARTESIAN_POINT('',(4.696649532106,-9.229948596317));
#4447 = VECTOR('',#4448,1.);
#4448 = DIRECTION('',(-0.707106781187,-0.707106781187));
#4449 = ( GEOMETRIC_REPRESENTATION_CONTEXT(2) 
PARAMETRIC_REPRESENTATION_CONTEXT() REPRESENTATION_CONTEXT('2D SPACE',''
  ) );
#4450 = PCURVE('',#4451,#4456);
#4451 = PLANE('',#4452);
#4452 = AXIS2_PLACEMENT_3D('',#4453,#4454,#4455);
#4453 = CARTESIAN_POINT('',(-14.83076072381,-114.7466424336,16.07));
#4454 = DIRECTION('',(0.700872653838,-9.368843633226E-02,0.707106781187)
  );
#4455 = DIRECTION('',(0.700872653838,-9.368843633226E-02,-0.707106781187
    ));
#4456 = DEFINITIONAL_REPRESENTATION('',(#4457),#4461);
#4457 = LINE('',#4458,#4459);
#4458 = CARTESIAN_POINT('',(3.205526509451,-4.));
#4459 = VECTOR('',#4460,1.);
#4460 = DIRECTION('',(-1.,-2.565418366348E-18));
#4461 = ( GEOMETRIC_REPRESENTATION_CONTEXT(2) 
PARAMETRIC_REPRESENTATION_CONTEXT() REPRESENTATION_CONTEXT('2D SPACE',''
  ) );
#4462 = ORIENTED_EDGE('',*,*,#4463,.F.);
#4463 = EDGE_CURVE('',#4464,#4436,#4466,.T.);
#4464 = VERTEX_POINT('',#4465);
#4465 = CARTESIAN_POINT('',(-15.18745280522,-118.7345412139,11.));
#4466 = SURFACE_CURVE('',#4467,(#4472,#4479),.PCURVE_S1.);
#4467 = CIRCLE('',#4468,2.35);
#4468 = AXIS2_PLACEMENT_3D('',#4469,#4470,#4471);
#4469 = CARTESIAN_POINT('',(-15.85970623864,-118.6446784226,13.25));
#4470 = DIRECTION('',(-0.132495457299,-0.991183612554,1.067895771811E-14
    ));
#4471 = DIRECTION('',(0.286065290817,-3.823948564529E-02,-0.957446808511
    ));
#4472 = PCURVE('',#4188,#4473);
#4473 = DEFINITIONAL_REPRESENTATION('',(#4474),#4478);
#4474 = CIRCLE('',#4475,2.35);
#4475 = AXIS2_PLACEMENT_2D('',#4476,#4477);
#4476 = CARTESIAN_POINT('',(5.25,-12.));
#4477 = DIRECTION('',(0.957446808511,0.288609786516));
#4478 = ( GEOMETRIC_REPRESENTATION_CONTEXT(2) 
PARAMETRIC_REPRESENTATION_CONTEXT() REPRESENTATION_CONTEXT('2D SPACE',''
  ) );
#4479 = PCURVE('',#4367,#4480);
#4480 = DEFINITIONAL_REPRESENTATION('',(#4481),#4485);
#4481 = LINE('',#4482,#4483);
#4482 = CARTESIAN_POINT('',(7.561207115386,-4.));
#4483 = VECTOR('',#4484,1.);
#4484 = DIRECTION('',(-1.,-0.));
#4485 = ( GEOMETRIC_REPRESENTATION_CONTEXT(2) 
PARAMETRIC_REPRESENTATION_CONTEXT() REPRESENTATION_CONTEXT('2D SPACE',''
  ) );
#4486 = ORIENTED_EDGE('',*,*,#4487,.F.);
#4487 = EDGE_CURVE('',#4303,#4464,#4488,.T.);
#4488 = SURFACE_CURVE('',#4489,(#4493,#4500),.PCURVE_S1.);
#4489 = LINE('',#4490,#4491);
#4490 = CARTESIAN_POINT('',(-2.974319275444,-120.3671193675,11.));
#4491 = VECTOR('',#4492,1.);
#4492 = DIRECTION('',(-0.991183612554,0.132495457299,-1.622601376823E-17
    ));
#4493 = PCURVE('',#4188,#4494);
#4494 = DEFINITIONAL_REPRESENTATION('',(#4495),#4499);
#4495 = LINE('',#4496,#4497);
#4496 = CARTESIAN_POINT('',(7.5,1.));
#4497 = VECTOR('',#4498,1.);
#4498 = DIRECTION('',(0.,-1.));
#4499 = ( GEOMETRIC_REPRESENTATION_CONTEXT(2) 
PARAMETRIC_REPRESENTATION_CONTEXT() REPRESENTATION_CONTEXT('2D SPACE',''
  ) );
#4500 = PCURVE('',#4215,#4501);
#4501 = DEFINITIONAL_REPRESENTATION('',(#4502),#4506);
#4502 = LINE('',#4503,#4504);
#4503 = CARTESIAN_POINT('',(1.570796326795,0.));
#4504 = VECTOR('',#4505,1.);
#4505 = DIRECTION('',(0.,1.));
#4506 = ( GEOMETRIC_REPRESENTATION_CONTEXT(2) 
PARAMETRIC_REPRESENTATION_CONTEXT() REPRESENTATION_CONTEXT('2D SPACE',''
  ) );
#4507 = ADVANCED_FACE('',(#4508),#4451,.F.);
#4508 = FACE_BOUND('',#4509,.F.);
#4509 = EDGE_LOOP('',(#4510,#4511,#4534,#4561));
#4510 = ORIENTED_EDGE('',*,*,#4435,.T.);
#4511 = ORIENTED_EDGE('',*,*,#4512,.T.);
#4512 = EDGE_CURVE('',#4408,#4513,#4515,.T.);
#4513 = VERTEX_POINT('',#4514);
#4514 = CARTESIAN_POINT('',(-16.28807825108,-125.6486709316,16.07));
#4515 = SURFACE_CURVE('',#4516,(#4520,#4527),.PCURVE_S1.);
#4516 = LINE('',#4517,#4518);
#4517 = CARTESIAN_POINT('',(-14.83076072381,-114.7466424336,16.07));
#4518 = VECTOR('',#4519,1.);
#4519 = DIRECTION('',(-0.132495457299,-0.991183612554,1.213849838481E-16
    ));
#4520 = PCURVE('',#4451,#4521);
#4521 = DEFINITIONAL_REPRESENTATION('',(#4522),#4526);
#4522 = LINE('',#4523,#4524);
#4523 = CARTESIAN_POINT('',(0.,0.));
#4524 = VECTOR('',#4525,1.);
#4525 = DIRECTION('',(5.656184720733E-18,-1.));
#4526 = ( GEOMETRIC_REPRESENTATION_CONTEXT(2) 
PARAMETRIC_REPRESENTATION_CONTEXT() REPRESENTATION_CONTEXT('2D SPACE',''
  ) );
#4527 = PCURVE('',#4423,#4528);
#4528 = DEFINITIONAL_REPRESENTATION('',(#4529),#4533);
#4529 = LINE('',#4530,#4531);
#4530 = CARTESIAN_POINT('',(1.006803743154,-4.302114220422E-15));
#4531 = VECTOR('',#4532,1.);
#4532 = DIRECTION('',(1.969594419176E-33,-1.));
#4533 = ( GEOMETRIC_REPRESENTATION_CONTEXT(2) 
PARAMETRIC_REPRESENTATION_CONTEXT() REPRESENTATION_CONTEXT('2D SPACE',''
  ) );
#4534 = ORIENTED_EDGE('',*,*,#4535,.T.);
#4535 = EDGE_CURVE('',#4513,#4536,#4538,.T.);
#4536 = VERTEX_POINT('',#4537);
#4537 = CARTESIAN_POINT('',(-15.13867986416,-125.7923303384,
    14.911700935788));
#4538 = SURFACE_CURVE('',#4539,(#4544,#4551),.PCURVE_S1.);
#4539 = ELLIPSE('',#4540,179.18085835267,126.7);
#4540 = AXIS2_PLACEMENT_3D('',#4541,#4542,#4543);
#4541 = CARTESIAN_POINT('',(0.,-2.359402231217E-16,16.573401871577));
#4542 = DIRECTION('',(0.700872653838,-9.368843633226E-02,0.707106781187)
  );
#4543 = DIRECTION('',(0.700872653838,-9.368843633226E-02,-0.707106781187
    ));
#4544 = PCURVE('',#4451,#4545);
#4545 = DEFINITIONAL_REPRESENTATION('',(#4546),#4550);
#4546 = ELLIPSE('',#4547,179.18085835267,126.7);
#4547 = AXIS2_PLACEMENT_2D('',#4548,#4549);
#4548 = CARTESIAN_POINT('',(-0.711917754108,115.7));
#4549 = DIRECTION('',(1.,-2.519015724928E-17));
#4550 = ( GEOMETRIC_REPRESENTATION_CONTEXT(2) 
PARAMETRIC_REPRESENTATION_CONTEXT() REPRESENTATION_CONTEXT('2D SPACE',''
  ) );
#4551 = PCURVE('',#364,#4552);
#4552 = DEFINITIONAL_REPRESENTATION('',(#4553),#4560);
#4553 = B_SPLINE_CURVE_WITH_KNOTS('',5,(#4554,#4555,#4556,#4557,#4558,
    #4559),.UNSPECIFIED.,.F.,.F.,(6,6),(4.715447958835,4.726418886919),
  .PIECEWISE_BEZIER_KNOTS.);
#4554 = CARTESIAN_POINT('',(1.700623561108,2.814170093579));
#4555 = CARTESIAN_POINT('',(1.698429375491,3.092172110553));
#4556 = CARTESIAN_POINT('',(1.696235189874,3.370171795095));
#4557 = CARTESIAN_POINT('',(1.694041004257,3.648166358815));
#4558 = CARTESIAN_POINT('',(1.69184681864,3.92615301337));
#4559 = CARTESIAN_POINT('',(1.689652633023,4.204128970633));
#4560 = ( GEOMETRIC_REPRESENTATION_CONTEXT(2) 
PARAMETRIC_REPRESENTATION_CONTEXT() REPRESENTATION_CONTEXT('2D SPACE',''
  ) );
#4561 = ORIENTED_EDGE('',*,*,#4562,.F.);
#4562 = EDGE_CURVE('',#4436,#4536,#4563,.T.);
#4563 = SURFACE_CURVE('',#4564,(#4568,#4575),.PCURVE_S1.);
#4564 = LINE('',#4565,#4566);
#4565 = CARTESIAN_POINT('',(-13.68267367293,-114.9001117978,
    14.911700935788));
#4566 = VECTOR('',#4567,1.);
#4567 = DIRECTION('',(-0.132495457299,-0.991183612554,1.213849838481E-16
    ));
#4568 = PCURVE('',#4451,#4569);
#4569 = DEFINITIONAL_REPRESENTATION('',(#4570),#4574);
#4570 = LINE('',#4571,#4572);
#4571 = CARTESIAN_POINT('',(1.638082245892,9.299940066358E-15));
#4572 = VECTOR('',#4573,1.);
#4573 = DIRECTION('',(5.656184720733E-18,-1.));
#4574 = ( GEOMETRIC_REPRESENTATION_CONTEXT(2) 
PARAMETRIC_REPRESENTATION_CONTEXT() REPRESENTATION_CONTEXT('2D SPACE',''
  ) );
#4575 = PCURVE('',#4367,#4576);
#4576 = DEFINITIONAL_REPRESENTATION('',(#4577),#4581);
#4577 = LINE('',#4578,#4579);
#4578 = CARTESIAN_POINT('',(5.497787143782,0.));
#4579 = VECTOR('',#4580,1.);
#4580 = DIRECTION('',(0.,-1.));
#4581 = ( GEOMETRIC_REPRESENTATION_CONTEXT(2) 
PARAMETRIC_REPRESENTATION_CONTEXT() REPRESENTATION_CONTEXT('2D SPACE',''
  ) );
#4582 = ADVANCED_FACE('',(#4583),#4423,.F.);
#4583 = FACE_BOUND('',#4584,.F.);
#4584 = EDGE_LOOP('',(#4585,#4586,#4609,#4635));
#4585 = ORIENTED_EDGE('',*,*,#4407,.T.);
#4586 = ORIENTED_EDGE('',*,*,#4587,.T.);
#4587 = EDGE_CURVE('',#4380,#4588,#4590,.T.);
#4588 = VERTEX_POINT('',#4589);
#4589 = CARTESIAN_POINT('',(-17.28600562235,-125.5152740092,16.07));
#4590 = SURFACE_CURVE('',#4591,(#4595,#4602),.PCURVE_S1.);
#4591 = LINE('',#4592,#4593);
#4592 = CARTESIAN_POINT('',(-15.82868809508,-114.6132455112,16.07));
#4593 = VECTOR('',#4594,1.);
#4594 = DIRECTION('',(-0.132495457299,-0.991183612554,1.213849838481E-16
    ));
#4595 = PCURVE('',#4423,#4596);
#4596 = DEFINITIONAL_REPRESENTATION('',(#4597),#4601);
#4597 = LINE('',#4598,#4599);
#4598 = CARTESIAN_POINT('',(0.,0.));
#4599 = VECTOR('',#4600,1.);
#4600 = DIRECTION('',(1.969594419176E-33,-1.));
#4601 = ( GEOMETRIC_REPRESENTATION_CONTEXT(2) 
PARAMETRIC_REPRESENTATION_CONTEXT() REPRESENTATION_CONTEXT('2D SPACE',''
  ) );
#4602 = PCURVE('',#4395,#4603);
#4603 = DEFINITIONAL_REPRESENTATION('',(#4604),#4608);
#4604 = LINE('',#4605,#4606);
#4605 = CARTESIAN_POINT('',(1.638082245892,-4.859047967858E-15));
#4606 = VECTOR('',#4607,1.);
#4607 = DIRECTION('',(8.221603087081E-18,-1.));
#4608 = ( GEOMETRIC_REPRESENTATION_CONTEXT(2) 
PARAMETRIC_REPRESENTATION_CONTEXT() REPRESENTATION_CONTEXT('2D SPACE',''
  ) );
#4609 = ORIENTED_EDGE('',*,*,#4610,.F.);
#4610 = EDGE_CURVE('',#4513,#4588,#4611,.T.);
#4611 = SURFACE_CURVE('',#4612,(#4617,#4628),.PCURVE_S1.);
#4612 = CIRCLE('',#4613,126.7);
#4613 = AXIS2_PLACEMENT_3D('',#4614,#4615,#4616);
#4614 = CARTESIAN_POINT('',(0.,-2.975891721928E-16,16.07));
#4615 = DIRECTION('',(0.,-1.224646799147E-16,-1.));
#4616 = DIRECTION('',(1.,0.,0.));
#4617 = PCURVE('',#4423,#4618);
#4618 = DEFINITIONAL_REPRESENTATION('',(#4619),#4627);
#4619 = ( BOUNDED_CURVE() B_SPLINE_CURVE(2,(#4620,#4621,#4622,#4623,
#4624,#4625,#4626),.UNSPECIFIED.,.T.,.F.) B_SPLINE_CURVE_WITH_KNOTS((1,2
    ,2,2,2,1),(-2.094395102393,0.,2.094395102393,4.188790204786,
6.28318530718,8.377580409573),.UNSPECIFIED.) CURVE() 
GEOMETRIC_REPRESENTATION_ITEM() RATIONAL_B_SPLINE_CURVE((1.,0.5,1.,0.5,
1.,0.5,1.)) REPRESENTATION_ITEM('') );
#4620 = CARTESIAN_POINT('',(126.08636558214,132.48717443973));
#4621 = CARTESIAN_POINT('',(155.16260462728,-85.02889927205));
#4622 = CARTESIAN_POINT('',(-47.74996046113,-1.451624075758));
#4623 = CARTESIAN_POINT('',(-250.6625255495,82.125651120533));
#4624 = CARTESIAN_POINT('',(-76.82619950627,216.06444963602));
#4625 = CARTESIAN_POINT('',(97.010126537005,350.00324815151));
#4626 = CARTESIAN_POINT('',(126.08636558214,132.48717443973));
#4627 = ( GEOMETRIC_REPRESENTATION_CONTEXT(2) 
PARAMETRIC_REPRESENTATION_CONTEXT() REPRESENTATION_CONTEXT('2D SPACE',''
  ) );
#4628 = PCURVE('',#364,#4629);
#4629 = DEFINITIONAL_REPRESENTATION('',(#4630),#4634);
#4630 = LINE('',#4631,#4632);
#4631 = CARTESIAN_POINT('',(0.,2.93));
#4632 = VECTOR('',#4633,1.);
#4633 = DIRECTION('',(1.,0.));
#4634 = ( GEOMETRIC_REPRESENTATION_CONTEXT(2) 
PARAMETRIC_REPRESENTATION_CONTEXT() REPRESENTATION_CONTEXT('2D SPACE',''
  ) );
#4635 = ORIENTED_EDGE('',*,*,#4512,.F.);
#4636 = ADVANCED_FACE('',(#4637),#4395,.F.);
#4637 = FACE_BOUND('',#4638,.F.);
#4638 = EDGE_LOOP('',(#4639,#4640,#4663,#4688));
#4639 = ORIENTED_EDGE('',*,*,#4379,.T.);
#4640 = ORIENTED_EDGE('',*,*,#4641,.T.);
#4641 = EDGE_CURVE('',#4351,#4642,#4644,.T.);
#4642 = VERTEX_POINT('',#4643);
#4643 = CARTESIAN_POINT('',(-18.4327813372,-125.3519946876,
    14.911700935788));
#4644 = SURFACE_CURVE('',#4645,(#4649,#4656),.PCURVE_S1.);
#4645 = LINE('',#4646,#4647);
#4646 = CARTESIAN_POINT('',(-16.97677514596,-114.459776147,
    14.911700935788));
#4647 = VECTOR('',#4648,1.);
#4648 = DIRECTION('',(-0.132495457299,-0.991183612554,1.213849838481E-16
    ));
#4649 = PCURVE('',#4395,#4650);
#4650 = DEFINITIONAL_REPRESENTATION('',(#4651),#4655);
#4651 = LINE('',#4652,#4653);
#4652 = CARTESIAN_POINT('',(0.,0.));
#4653 = VECTOR('',#4654,1.);
#4654 = DIRECTION('',(8.221603087081E-18,-1.));
#4655 = ( GEOMETRIC_REPRESENTATION_CONTEXT(2) 
PARAMETRIC_REPRESENTATION_CONTEXT() REPRESENTATION_CONTEXT('2D SPACE',''
  ) );
#4656 = PCURVE('',#4367,#4657);
#4657 = DEFINITIONAL_REPRESENTATION('',(#4658),#4662);
#4658 = LINE('',#4659,#4660);
#4659 = CARTESIAN_POINT('',(10.210176124167,0.));
#4660 = VECTOR('',#4661,1.);
#4661 = DIRECTION('',(0.,-1.));
#4662 = ( GEOMETRIC_REPRESENTATION_CONTEXT(2) 
PARAMETRIC_REPRESENTATION_CONTEXT() REPRESENTATION_CONTEXT('2D SPACE',''
  ) );
#4663 = ORIENTED_EDGE('',*,*,#4664,.T.);
#4664 = EDGE_CURVE('',#4642,#4588,#4665,.T.);
#4665 = SURFACE_CURVE('',#4666,(#4671,#4678),.PCURVE_S1.);
#4666 = ELLIPSE('',#4667,179.18085835267,126.7);
#4667 = AXIS2_PLACEMENT_3D('',#4668,#4669,#4670);
#4668 = CARTESIAN_POINT('',(0.,-2.359402231217E-16,16.573401871577));
#4669 = DIRECTION('',(-0.700872653838,9.368843633226E-02,0.707106781187)
  );
#4670 = DIRECTION('',(-0.700872653838,9.368843633226E-02,-0.707106781187
    ));
#4671 = PCURVE('',#4395,#4672);
#4672 = DEFINITIONAL_REPRESENTATION('',(#4673),#4677);
#4673 = ELLIPSE('',#4674,179.18085835267,126.7);
#4674 = AXIS2_PLACEMENT_2D('',#4675,#4676);
#4675 = CARTESIAN_POINT('',(2.35,115.7));
#4676 = DIRECTION('',(-1.,1.644320617416E-17));
#4677 = ( GEOMETRIC_REPRESENTATION_CONTEXT(2) 
PARAMETRIC_REPRESENTATION_CONTEXT() REPRESENTATION_CONTEXT('2D SPACE',''
  ) );
#4678 = PCURVE('',#364,#4679);
#4679 = DEFINITIONAL_REPRESENTATION('',(#4680),#4687);
#4680 = B_SPLINE_CURVE_WITH_KNOTS('',5,(#4681,#4682,#4683,#4684,#4685,
    #4686),.UNSPECIFIED.,.F.,.F.,(6,6),(1.556766420261,1.567737348345),
  .PIECEWISE_BEZIER_KNOTS.);
#4681 = CARTESIAN_POINT('',(1.717712446092,4.204128970633));
#4682 = CARTESIAN_POINT('',(1.715518260475,3.92615301337));
#4683 = CARTESIAN_POINT('',(1.713324074858,3.648166358815));
#4684 = CARTESIAN_POINT('',(1.711129889241,3.370171795095));
#4685 = CARTESIAN_POINT('',(1.708935703624,3.092172110553));
#4686 = CARTESIAN_POINT('',(1.706741518007,2.814170093579));
#4687 = ( GEOMETRIC_REPRESENTATION_CONTEXT(2) 
PARAMETRIC_REPRESENTATION_CONTEXT() REPRESENTATION_CONTEXT('2D SPACE',''
  ) );
#4688 = ORIENTED_EDGE('',*,*,#4587,.F.);
#4689 = ADVANCED_FACE('',(#4690),#4367,.F.);
#4690 = FACE_BOUND('',#4691,.F.);
#4691 = EDGE_LOOP('',(#4692,#4693,#4694,#4888,#4889,#4890));
#4692 = ORIENTED_EDGE('',*,*,#4463,.T.);
#4693 = ORIENTED_EDGE('',*,*,#4562,.T.);
#4694 = ORIENTED_EDGE('',*,*,#4695,.T.);
#4695 = EDGE_CURVE('',#4536,#4642,#4696,.T.);
#4696 = SURFACE_CURVE('',#4697,(#4742,#4815),.PCURVE_S1.);
#4697 = B_SPLINE_CURVE_WITH_KNOTS('',8,(#4698,#4699,#4700,#4701,#4702,
    #4703,#4704,#4705,#4706,#4707,#4708,#4709,#4710,#4711,#4712,#4713,
    #4714,#4715,#4716,#4717,#4718,#4719,#4720,#4721,#4722,#4723,#4724,
    #4725,#4726,#4727,#4728,#4729,#4730,#4731,#4732,#4733,#4734,#4735,
    #4736,#4737,#4738,#4739,#4740,#4741),.UNSPECIFIED.,.F.,.F.,(9,7,7,7,
    7,7,9),(0.,1.,2.108656816722,3.052593969892,3.662419382526,
    4.333258637652,5.063023710531),.UNSPECIFIED.);
#4698 = CARTESIAN_POINT('',(-15.13867986416,-125.7923303384,
    14.911700935788));
#4699 = CARTESIAN_POINT('',(-14.96215105831,-125.8135749808,
    14.733913657677));
#4700 = CARTESIAN_POINT('',(-14.81371249844,-125.8311518253,
    14.540978348051));
#4701 = CARTESIAN_POINT('',(-14.69225547545,-125.8453545399,
    14.337388171698));
#4702 = CARTESIAN_POINT('',(-14.59658439547,-125.8564409335,
    14.126414064046));
#4703 = CARTESIAN_POINT('',(-14.52562444168,-125.8646149413,
    13.910481717642));
#4704 = CARTESIAN_POINT('',(-14.47857079851,-125.8700184634,
    13.691451249136));
#4705 = CARTESIAN_POINT('',(-14.45500514792,-125.872724711,
    13.470836384469));
#4706 = CARTESIAN_POINT('',(-14.45500514792,-125.872724711,
    13.005168236978));
#4707 = CARTESIAN_POINT('',(-14.48397146179,-125.8693982323,
    12.760691220375));
#4708 = CARTESIAN_POINT('',(-14.54175540653,-125.8627625678,
    12.518340599455));
#4709 = CARTESIAN_POINT('',(-14.62904946663,-125.8526998435,
    12.280109088867));
#4710 = CARTESIAN_POINT('',(-14.74709141107,-125.8389938274,
    12.048676148887));
#4711 = CARTESIAN_POINT('',(-14.89746053266,-125.8213390501,
    11.827693649378));
#4712 = CARTESIAN_POINT('',(-15.08179524328,-125.7993574325,
    11.62217783128));
#4713 = CARTESIAN_POINT('',(-15.48811991674,-125.749924749,
    11.28358207198));
#4714 = CARTESIAN_POINT('',(-15.70731049644,-125.722936497,
    11.138555629611));
#4715 = CARTESIAN_POINT('',(-15.95562752044,-125.6918874233,
    11.016757275484));
#4716 = CARTESIAN_POINT('',(-16.22705867432,-125.6572979129,
    10.927626993082));
#4717 = CARTESIAN_POINT('',(-16.51330465412,-125.6200122906,
    10.877475598349));
#4718 = CARTESIAN_POINT('',(-16.80489927993,-125.5811744957,
    10.869328912519));
#4719 = CARTESIAN_POINT('',(-17.09215662056,-125.5421234321,
    10.902780787381));
#4720 = CARTESIAN_POINT('',(-17.54335056101,-125.4796908306,
    11.019730247949));
#4721 = CARTESIAN_POINT('',(-17.7163191925,-125.4554658113,
    11.081678111707));
#4722 = CARTESIAN_POINT('',(-17.8835002134,-125.4317739745,11.1592398673
    ));
#4723 = CARTESIAN_POINT('',(-18.04329250635,-125.4088751469,
    11.251770792726));
#4724 = CARTESIAN_POINT('',(-18.1941853,-125.3870285229,11.358428579943)
  );
#4725 = CARTESIAN_POINT('',(-18.33478089616,-125.3664855873,
    11.478186701552));
#4726 = CARTESIAN_POINT('',(-18.46381894554,-125.347481956,
    11.609847303544));
#4727 = CARTESIAN_POINT('',(-18.7082299053,-125.3112480391,
    11.908487875883));
#4728 = CARTESIAN_POINT('',(-18.8209609196,-125.2943829583,
    12.077704512329));
#4729 = CARTESIAN_POINT('',(-18.91693616631,-125.279912807,
    12.25791306088));
#4730 = CARTESIAN_POINT('',(-18.9949585459,-125.2680783197,
    12.447130823962));
#4731 = CARTESIAN_POINT('',(-19.05410660115,-125.2590701449,
    12.6432234037));
#4732 = CARTESIAN_POINT('',(-19.09375017409,-125.2530203109,
    12.843945884541));
#4733 = CARTESIAN_POINT('',(-19.11356812693,-125.2499960617,
    13.046984673784));
#4734 = CARTESIAN_POINT('',(-19.11356812693,-125.2499960617,
    13.470847979899));
#4735 = CARTESIAN_POINT('',(-19.09011563306,-125.2535749768,
    13.691468950535));
#4736 = CARTESIAN_POINT('',(-19.04329584286,-125.2607198836,
    13.910487482756));
#4737 = CARTESIAN_POINT('',(-18.97267945531,-125.2714709485,
    14.126416523312));
#4738 = CARTESIAN_POINT('',(-18.87745749812,-125.2859019416,
    14.337389121995));
#4739 = CARTESIAN_POINT('',(-18.75654082444,-125.3040981945,
    14.54097043377));
#4740 = CARTESIAN_POINT('',(-18.60869500447,-125.3261269049,
    14.73391082786));
#4741 = CARTESIAN_POINT('',(-18.4327813372,-125.3519946876,
    14.911700935788));
#4742 = PCURVE('',#4367,#4743);
#4743 = DEFINITIONAL_REPRESENTATION('',(#4744),#4814);
#4744 = B_SPLINE_CURVE_WITH_KNOTS('',3,(#4745,#4746,#4747,#4748,#4749,
    #4750,#4751,#4752,#4753,#4754,#4755,#4756,#4757,#4758,#4759,#4760,
    #4761,#4762,#4763,#4764,#4765,#4766,#4767,#4768,#4769,#4770,#4771,
    #4772,#4773,#4774,#4775,#4776,#4777,#4778,#4779,#4780,#4781,#4782,
    #4783,#4784,#4785,#4786,#4787,#4788,#4789,#4790,#4791,#4792,#4793,
    #4794,#4795,#4796,#4797,#4798,#4799,#4800,#4801,#4802,#4803,#4804,
    #4805,#4806,#4807,#4808,#4809,#4810,#4811,#4812,#4813),
  .UNSPECIFIED.,.F.,.F.,(4,1,1,1,1,1,1,1,1,1,1,1,1,1,1,1,1,1,1,1,1,1,1,1
    ,1,1,1,1,1,1,1,1,1,1,1,1,1,1,1,1,1,1,1,1,1,1,1,1,1,1,1,1,1,1,1,1,1,1
    ,1,1,1,1,1,1,1,1,4),(0.,7.67124804626E-02,0.153424960925,
    0.230137441388,0.30684992185,0.383562402313,0.460274882776,
    0.536987363238,0.613699843701,0.690412324163,0.767124804626,
    0.843837285089,0.920549765551,0.997262246014,1.073974726476,
    1.150687206939,1.227399687402,1.304112167864,1.380824648327,
    1.457537128789,1.534249609252,1.610962089715,1.687674570177,
    1.76438705064,1.841099531102,1.917812011565,1.994524492028,
    2.07123697249,2.147949452953,2.224661933415,2.301374413878,
    2.378086894341,2.454799374803,2.531511855266,2.608224335728,
    2.684936816191,2.761649296654,2.838361777116,2.915074257579,
    2.991786738041,3.068499218504,3.145211698967,3.221924179429,
    3.298636659892,3.375349140354,3.452061620817,3.52877410128,
    3.605486581742,3.682199062205,3.758911542667,3.83562402313,
    3.912336503593,3.989048984055,4.065761464518,4.14247394498,
    4.219186425443,4.295898905906,4.372611386368,4.449323866831,
    4.526036347293,4.602748827756,4.679461308218,4.756173788681,
    4.832886269144,4.909598749606,4.986311230069,5.063023710531),
  .QUASI_UNIFORM_KNOTS.);
#4745 = CARTESIAN_POINT('',(5.497787143782,-10.98910272789));
#4746 = CARTESIAN_POINT('',(5.519673285645,-10.98862548379));
#4747 = CARTESIAN_POINT('',(5.56301252568,-10.98768128704));
#4748 = CARTESIAN_POINT('',(5.626838146485,-10.986313613));
#4749 = CARTESIAN_POINT('',(5.689599137611,-10.98501325553));
#4750 = CARTESIAN_POINT('',(5.751404596518,-10.98379558928));
#4751 = CARTESIAN_POINT('',(5.812359442323,-10.98267404416));
#4752 = CARTESIAN_POINT('',(5.872564628367,-10.98165996842));
#4753 = CARTESIAN_POINT('',(5.932118427127,-10.98076289291));
#4754 = CARTESIAN_POINT('',(5.991117189208,-10.97999067982));
#4755 = CARTESIAN_POINT('',(6.049656220831,-10.9793496903));
#4756 = CARTESIAN_POINT('',(6.107830192161,-10.97884493127));
#4757 = CARTESIAN_POINT('',(6.165735118904,-10.9784801878));
#4758 = CARTESIAN_POINT('',(6.223464616999,-10.97825813678));
#4759 = CARTESIAN_POINT('',(6.281127818551,-10.97818043388));
#4760 = CARTESIAN_POINT('',(6.338786877256,-10.97824779191));
#4761 = CARTESIAN_POINT('',(6.396497278403,-10.97845952971));
#4762 = CARTESIAN_POINT('',(6.454374701842,-10.97881404508));
#4763 = CARTESIAN_POINT('',(6.512514934069,-10.97930875396));
#4764 = CARTESIAN_POINT('',(6.571016224546,-10.97993998635));
#4765 = CARTESIAN_POINT('',(6.62997426057,-10.9807028642));
#4766 = CARTESIAN_POINT('',(6.689484489267,-10.98159115912));
#4767 = CARTESIAN_POINT('',(6.749642516418,-10.98259713571));
#4768 = CARTESIAN_POINT('',(6.810545002634,-10.98371138225));
#4769 = CARTESIAN_POINT('',(6.872290711403,-10.98492263825));
#4770 = CARTESIAN_POINT('',(6.934980758712,-10.98621760171));
#4771 = CARTESIAN_POINT('',(6.99872234636,-10.98758079799));
#4772 = CARTESIAN_POINT('',(7.063620009588,-10.98899422184));
#4773 = CARTESIAN_POINT('',(7.129814282338,-10.99043784758));
#4774 = CARTESIAN_POINT('',(7.19734456757,-10.99188693792));
#4775 = CARTESIAN_POINT('',(7.267697698459,-10.99334303809));
#4776 = CARTESIAN_POINT('',(7.340207289073,-10.99475612193));
#4777 = CARTESIAN_POINT('',(7.414567880958,-10.99608209768));
#4778 = CARTESIAN_POINT('',(7.490438283729,-10.99727614777));
#4779 = CARTESIAN_POINT('',(7.567536112722,-10.99829701803));
#4780 = CARTESIAN_POINT('',(7.645601848738,-10.99910826772));
#4781 = CARTESIAN_POINT('',(7.724399328567,-10.99968010173));
#4782 = CARTESIAN_POINT('',(7.803706055209,-10.99999073149));
#4783 = CARTESIAN_POINT('',(7.883311781162,-11.00002738759));
#4784 = CARTESIAN_POINT('',(7.962996794324,-10.99978716305));
#4785 = CARTESIAN_POINT('',(8.042584249908,-10.99927655256));
#4786 = CARTESIAN_POINT('',(8.121716307392,-10.99851383878));
#4787 = CARTESIAN_POINT('',(8.200731088589,-10.99751794041));
#4788 = CARTESIAN_POINT('',(8.279776401172,-10.99631179316));
#4789 = CARTESIAN_POINT('',(8.358812555844,-10.99492599435));
#4790 = CARTESIAN_POINT('',(8.437851036289,-10.99339494933));
#4791 = CARTESIAN_POINT('',(8.516889805748,-10.99175684214));
#4792 = CARTESIAN_POINT('',(8.595929696474,-10.99005249824));
#4793 = CARTESIAN_POINT('',(8.674970104526,-10.98832443869));
#4794 = CARTESIAN_POINT('',(8.754006286998,-10.98661585989));
#4795 = CARTESIAN_POINT('',(8.833042207277,-10.98496927703));
#4796 = CARTESIAN_POINT('',(8.912077592342,-10.9834257399));
#4797 = CARTESIAN_POINT('',(8.991111886695,-10.98202376205));
#4798 = CARTESIAN_POINT('',(9.07014587872,-10.98079829238));
#4799 = CARTESIAN_POINT('',(9.149180331728,-10.97977987175));
#4800 = CARTESIAN_POINT('',(9.22821630307,-10.9789938902));
#4801 = CARTESIAN_POINT('',(9.307252030683,-10.97845996586));
#4802 = CARTESIAN_POINT('',(9.386291849657,-10.9781914457));
#4803 = CARTESIAN_POINT('',(9.465310061759,-10.97819500641));
#4804 = CARTESIAN_POINT('',(9.544377411321,-10.97847046393));
#4805 = CARTESIAN_POINT('',(9.623782205335,-10.97901382209));
#4806 = CARTESIAN_POINT('',(9.703763541497,-10.97981760611));
#4807 = CARTESIAN_POINT('',(9.784568733636,-10.98087025786));
#4808 = CARTESIAN_POINT('',(9.86644248699,-10.98215554942));
#4809 = CARTESIAN_POINT('',(9.949634340193,-10.9836519386));
#4810 = CARTESIAN_POINT('',(10.03440255897,-10.98533148122));
#4811 = CARTESIAN_POINT('',(10.121016026783,-10.98716006587));
#4812 = CARTESIAN_POINT('',(10.180186078414,-10.98844831592));
#4813 = CARTESIAN_POINT('',(10.210176124167,-10.98910272789));
#4814 = ( GEOMETRIC_REPRESENTATION_CONTEXT(2) 
PARAMETRIC_REPRESENTATION_CONTEXT() REPRESENTATION_CONTEXT('2D SPACE',''
  ) );
#4815 = PCURVE('',#364,#4816);
#4816 = DEFINITIONAL_REPRESENTATION('',(#4817),#4887);
#4817 = B_SPLINE_CURVE_WITH_KNOTS('',3,(#4818,#4819,#4820,#4821,#4822,
    #4823,#4824,#4825,#4826,#4827,#4828,#4829,#4830,#4831,#4832,#4833,
    #4834,#4835,#4836,#4837,#4838,#4839,#4840,#4841,#4842,#4843,#4844,
    #4845,#4846,#4847,#4848,#4849,#4850,#4851,#4852,#4853,#4854,#4855,
    #4856,#4857,#4858,#4859,#4860,#4861,#4862,#4863,#4864,#4865,#4866,
    #4867,#4868,#4869,#4870,#4871,#4872,#4873,#4874,#4875,#4876,#4877,
    #4878,#4879,#4880,#4881,#4882,#4883,#4884,#4885,#4886),
  .UNSPECIFIED.,.F.,.F.,(4,1,1,1,1,1,1,1,1,1,1,1,1,1,1,1,1,1,1,1,1,1,1,1
    ,1,1,1,1,1,1,1,1,1,1,1,1,1,1,1,1,1,1,1,1,1,1,1,1,1,1,1,1,1,1,1,1,1,1
    ,1,1,1,1,1,1,1,1,4),(0.,7.67124804626E-02,0.153424960925,
    0.230137441388,0.30684992185,0.383562402313,0.460274882776,
    0.536987363238,0.613699843701,0.690412324163,0.767124804626,
    0.843837285089,0.920549765551,0.997262246014,1.073974726476,
    1.150687206939,1.227399687402,1.304112167864,1.380824648327,
    1.457537128789,1.534249609252,1.610962089715,1.687674570177,
    1.76438705064,1.841099531102,1.917812011565,1.994524492028,
    2.07123697249,2.147949452953,2.224661933415,2.301374413878,
    2.378086894341,2.454799374803,2.531511855266,2.608224335728,
    2.684936816191,2.761649296654,2.838361777116,2.915074257579,
    2.991786738041,3.068499218504,3.145211698967,3.221924179429,
    3.298636659892,3.375349140354,3.452061620817,3.52877410128,
    3.605486581742,3.682199062205,3.758911542667,3.83562402313,
    3.912336503593,3.989048984055,4.065761464518,4.14247394498,
    4.219186425443,4.295898905906,4.372611386368,4.449323866831,
    4.526036347293,4.602748827756,4.679461308218,4.756173788681,
    4.832886269144,4.909598749606,4.986311230069,5.063023710531),
  .QUASI_UNIFORM_KNOTS.);
#4818 = CARTESIAN_POINT('',(1.690566923318,4.088299064212));
#4819 = CARTESIAN_POINT('',(1.690279847476,4.1246736855));
#4820 = CARTESIAN_POINT('',(1.689730257618,4.199066713478));
#4821 = CARTESIAN_POINT('',(1.688978178254,4.315010473956));
#4822 = CARTESIAN_POINT('',(1.688297019558,4.434707887313));
#4823 = CARTESIAN_POINT('',(1.687685413218,4.557640385719));
#4824 = CARTESIAN_POINT('',(1.687142033738,4.683335697413));
#4825 = CARTESIAN_POINT('',(1.686665621449,4.811370380148));
#4826 = CARTESIAN_POINT('',(1.686255004637,4.941362522442));
#4827 = CARTESIAN_POINT('',(1.685909120282,5.072967380218));
#4828 = CARTESIAN_POINT('',(1.685627033702,5.205872806461));
#4829 = CARTESIAN_POINT('',(1.685407957247,5.339794136536));
#4830 = CARTESIAN_POINT('',(1.685251267936,5.474472881612));
#4831 = CARTESIAN_POINT('',(1.685156525131,5.609662018447));
#4832 = CARTESIAN_POINT('',(1.685123484736,5.745162230751));
#4833 = CARTESIAN_POINT('',(1.685152123692,5.88066875368));
#4834 = CARTESIAN_POINT('',(1.685242434275,6.015861468087));
#4835 = CARTESIAN_POINT('',(1.685394637223,6.150557370982));
#4836 = CARTESIAN_POINT('',(1.685609167169,6.284515767975));
#4837 = CARTESIAN_POINT('',(1.68588664806,6.41748484748));
#4838 = CARTESIAN_POINT('',(1.686227871908,6.549183949202));
#4839 = CARTESIAN_POINT('',(1.686633776677,6.679303147148));
#4840 = CARTESIAN_POINT('',(1.687105424266,6.80749818478));
#4841 = CARTESIAN_POINT('',(1.687643976425,6.93338646561));
#4842 = CARTESIAN_POINT('',(1.688250673776,7.056542722443));
#4843 = CARTESIAN_POINT('',(1.6889267969,7.17649364306));
#4844 = CARTESIAN_POINT('',(1.68967368597,7.292715192018));
#4845 = CARTESIAN_POINT('',(1.690492531515,7.404617866021));
#4846 = CARTESIAN_POINT('',(1.691385007017,7.511574667354));
#4847 = CARTESIAN_POINT('',(1.692350745375,7.612786893971));
#4848 = CARTESIAN_POINT('',(1.69341168495,7.709225994035));
#4849 = CARTESIAN_POINT('',(1.694558582229,7.79844623433));
#4850 = CARTESIAN_POINT('',(1.695784636606,7.878756230803));
#4851 = CARTESIAN_POINT('',(1.697080684796,7.948554872449));
#4852 = CARTESIAN_POINT('',(1.69843668352,8.006512107779));
#4853 = CARTESIAN_POINT('',(1.699841521199,8.051523910258));
#4854 = CARTESIAN_POINT('',(1.701283295307,8.082727907769));
#4855 = CARTESIAN_POINT('',(1.702749449815,8.099503938717));
#4856 = CARTESIAN_POINT('',(1.704227044066,8.101475593755));
#4857 = CARTESIAN_POINT('',(1.705702662973,8.088523914451));
#4858 = CARTESIAN_POINT('',(1.707163651244,8.060752249894));
#4859 = CARTESIAN_POINT('',(1.708594428541,8.018634916408));
#4860 = CARTESIAN_POINT('',(1.709992458433,7.962435447585));
#4861 = CARTESIAN_POINT('',(1.711351644725,7.892400070739));
#4862 = CARTESIAN_POINT('',(1.712662797166,7.808994691669));
#4863 = CARTESIAN_POINT('',(1.713917933969,7.712731836731));
#4864 = CARTESIAN_POINT('',(1.715109179057,7.604213318592));
#4865 = CARTESIAN_POINT('',(1.716229105941,7.484115667751));
#4866 = CARTESIAN_POINT('',(1.717270706968,7.353189004478));
#4867 = CARTESIAN_POINT('',(1.718227421064,7.212259610467));
#4868 = CARTESIAN_POINT('',(1.719093328755,7.062201292004));
#4869 = CARTESIAN_POINT('',(1.719863017669,6.903951395315));
#4870 = CARTESIAN_POINT('',(1.720531677436,6.738499328382));
#4871 = CARTESIAN_POINT('',(1.721095139901,6.566876583041));
#4872 = CARTESIAN_POINT('',(1.721549890192,6.390152961384));
#4873 = CARTESIAN_POINT('',(1.721893086438,6.209429206747));
#4874 = CARTESIAN_POINT('',(1.722122577639,6.025837634122));
#4875 = CARTESIAN_POINT('',(1.722236923834,5.840514180321));
#4876 = CARTESIAN_POINT('',(1.72223541246,5.654676597778));
#4877 = CARTESIAN_POINT('',(1.722118095057,5.469317896963));
#4878 = CARTESIAN_POINT('',(1.721884472591,5.284929634125));
#4879 = CARTESIAN_POINT('',(1.721533292493,5.102159546073));
#4880 = CARTESIAN_POINT('',(1.721062697356,4.921704646564));
#4881 = CARTESIAN_POINT('',(1.720470292583,4.744366029031));
#4882 = CARTESIAN_POINT('',(1.719753239871,4.571058593612));
#4883 = CARTESIAN_POINT('',(1.718908350963,4.402843044434));
#4884 = CARTESIAN_POINT('',(1.717932196137,4.240922330577));
#4885 = CARTESIAN_POINT('',(1.71719154154,4.138154954341));
#4886 = CARTESIAN_POINT('',(1.716798155797,4.088299064212));
#4887 = ( GEOMETRIC_REPRESENTATION_CONTEXT(2) 
PARAMETRIC_REPRESENTATION_CONTEXT() REPRESENTATION_CONTEXT('2D SPACE',''
  ) );
#4888 = ORIENTED_EDGE('',*,*,#4641,.F.);
#4889 = ORIENTED_EDGE('',*,*,#4350,.T.);
#4890 = ORIENTED_EDGE('',*,*,#4891,.F.);
#4891 = EDGE_CURVE('',#4464,#4328,#4892,.T.);
#4892 = SURFACE_CURVE('',#4893,(#4904,#4918),.PCURVE_S1.);
#4893 = B_SPLINE_CURVE_WITH_KNOTS('',5,(#4894,#4895,#4896,#4897,#4898,
    #4899,#4900,#4901,#4902,#4903),.UNSPECIFIED.,.F.,.F.,(6,4,6),(0.,
    0.500000005634,1.),.UNSPECIFIED.);
#4894 = CARTESIAN_POINT('',(-15.18745280522,-118.7345412139,11.));
#4895 = CARTESIAN_POINT('',(-15.31955103058,-118.7168831185,
    10.959826537205));
#4896 = CARTESIAN_POINT('',(-15.4533629994,-118.6983178726,
    10.929868519656));
#4897 = CARTESIAN_POINT('',(-15.58832132801,-118.6796089221,
    10.90995617407));
#4898 = CARTESIAN_POINT('',(-15.72387572112,-118.6611534697,10.9));
#4899 = CARTESIAN_POINT('',(-15.99509497883,-118.6248985124,10.9));
#4900 = CARTESIAN_POINT('',(-16.13073745903,-118.6071019992,
    10.909956174178));
#4901 = CARTESIAN_POINT('',(-16.26587138333,-118.5897066445,
    10.929868519958));
#4902 = CARTESIAN_POINT('',(-16.39986144616,-118.5724737268,
    10.959826537041));
#4903 = CARTESIAN_POINT('',(-16.53195967206,-118.5548156314,11.));
#4904 = PCURVE('',#4367,#4905);
#4905 = DEFINITIONAL_REPRESENTATION('',(#4906),#4917);
#4906 = B_SPLINE_CURVE_WITH_KNOTS('',5,(#4907,#4908,#4909,#4910,#4911,
    #4912,#4913,#4914,#4915,#4916),.UNSPECIFIED.,.F.,.F.,(6,4,6),(0.,
    0.500000005634,1.),.UNSPECIFIED.);
#4907 = CARTESIAN_POINT('',(7.561207115386,-4.));
#4908 = CARTESIAN_POINT('',(7.620439654786,-4.));
#4909 = CARTESIAN_POINT('',(7.679158651919,-3.999327910508));
#4910 = CARTESIAN_POINT('',(7.73754745174,-3.998665270771));
#4911 = CARTESIAN_POINT('',(7.79576212251,-3.998332870113));
#4912 = CARTESIAN_POINT('',(7.912201144127,-3.998332870113));
#4913 = CARTESIAN_POINT('',(7.970415816658,-3.998665270353));
#4914 = CARTESIAN_POINT('',(8.028804617294,-3.999327910934));
#4915 = CARTESIAN_POINT('',(8.087523612922,-4.));
#4916 = CARTESIAN_POINT('',(8.146756152563,-4.));
#4917 = ( GEOMETRIC_REPRESENTATION_CONTEXT(2) 
PARAMETRIC_REPRESENTATION_CONTEXT() REPRESENTATION_CONTEXT('2D SPACE',''
  ) );
#4918 = PCURVE('',#4215,#4919);
#4919 = DEFINITIONAL_REPRESENTATION('',(#4920),#4931);
#4920 = B_SPLINE_CURVE_WITH_KNOTS('',5,(#4921,#4922,#4923,#4924,#4925,
    #4926,#4927,#4928,#4929,#4930),.UNSPECIFIED.,.F.,.F.,(6,4,6),(0.,
    0.500000005634,1.),.UNSPECIFIED.);
#4921 = CARTESIAN_POINT('',(1.570796326795,12.321767001687));
#4922 = CARTESIAN_POINT('',(1.55740517253,12.455040215337));
#4923 = CARTESIAN_POINT('',(1.547419015395,12.590132256737));
#4924 = CARTESIAN_POINT('',(1.540777241615,12.7263795914));
#4925 = CARTESIAN_POINT('',(1.537456817534,12.863184148059));
#4926 = CARTESIAN_POINT('',(1.537456817534,13.136815848857));
#4927 = CARTESIAN_POINT('',(1.540777241827,13.273620409547));
#4928 = CARTESIAN_POINT('',(1.547419015319,13.409867746296));
#4929 = CARTESIAN_POINT('',(1.557405172475,13.544959784119));
#4930 = CARTESIAN_POINT('',(1.570796326795,13.678232998313));
#4931 = ( GEOMETRIC_REPRESENTATION_CONTEXT(2) 
PARAMETRIC_REPRESENTATION_CONTEXT() REPRESENTATION_CONTEXT('2D SPACE',''
  ) );
#4932 = ADVANCED_FACE('',(#4933),#4215,.F.);
#4933 = FACE_BOUND('',#4934,.F.);
#4934 = EDGE_LOOP('',(#4935,#4936,#4959,#4981,#4982,#4983));
#4935 = ORIENTED_EDGE('',*,*,#4200,.F.);
#4936 = ORIENTED_EDGE('',*,*,#4937,.F.);
#4937 = EDGE_CURVE('',#4938,#4097,#4940,.T.);
#4938 = VERTEX_POINT('',#4939);
#4939 = CARTESIAN_POINT('',(-3.568016516102,-117.2610730726,8.));
#4940 = SURFACE_CURVE('',#4941,(#4945,#4952),.PCURVE_S1.);
#4941 = LINE('',#4942,#4943);
#4942 = CARTESIAN_POINT('',(-2.576832903548,-117.3935685299,8.));
#4943 = VECTOR('',#4944,1.);
#4944 = DIRECTION('',(-0.991183612554,0.132495457299,-1.622601376823E-17
    ));
#4945 = PCURVE('',#4215,#4946);
#4946 = DEFINITIONAL_REPRESENTATION('',(#4947),#4951);
#4947 = LINE('',#4948,#4949);
#4948 = CARTESIAN_POINT('',(0.,-0.));
#4949 = VECTOR('',#4950,1.);
#4950 = DIRECTION('',(0.,1.));
#4951 = ( GEOMETRIC_REPRESENTATION_CONTEXT(2) 
PARAMETRIC_REPRESENTATION_CONTEXT() REPRESENTATION_CONTEXT('2D SPACE',''
  ) );
#4952 = PCURVE('',#43,#4953);
#4953 = DEFINITIONAL_REPRESENTATION('',(#4954),#4958);
#4954 = LINE('',#4955,#4956);
#4955 = CARTESIAN_POINT('',(-2.576832903548,117.39356852991));
#4956 = VECTOR('',#4957,1.);
#4957 = DIRECTION('',(-0.991183612554,-0.132495457299));
#4958 = ( GEOMETRIC_REPRESENTATION_CONTEXT(2) 
PARAMETRIC_REPRESENTATION_CONTEXT() REPRESENTATION_CONTEXT('2D SPACE',''
  ) );
#4959 = ORIENTED_EDGE('',*,*,#4960,.T.);
#4960 = EDGE_CURVE('',#4938,#4303,#4961,.T.);
#4961 = SURFACE_CURVE('',#4962,(#4967,#4974),.PCURVE_S1.);
#4962 = CIRCLE('',#4963,3.);
#4963 = AXIS2_PLACEMENT_3D('',#4964,#4965,#4966);
#4964 = CARTESIAN_POINT('',(-3.568016516102,-117.2610730726,11.));
#4965 = DIRECTION('',(-0.991183612554,0.132495457299,-1.622601376823E-17
    ));
#4966 = DIRECTION('',(0.,-1.224646799147E-16,-1.));
#4967 = PCURVE('',#4215,#4968);
#4968 = DEFINITIONAL_REPRESENTATION('',(#4969),#4973);
#4969 = LINE('',#4970,#4971);
#4970 = CARTESIAN_POINT('',(0.,1.));
#4971 = VECTOR('',#4972,1.);
#4972 = DIRECTION('',(1.,0.));
#4973 = ( GEOMETRIC_REPRESENTATION_CONTEXT(2) 
PARAMETRIC_REPRESENTATION_CONTEXT() REPRESENTATION_CONTEXT('2D SPACE',''
  ) );
#4974 = PCURVE('',#335,#4975);
#4975 = DEFINITIONAL_REPRESENTATION('',(#4976),#4980);
#4976 = CIRCLE('',#4977,3.);
#4977 = AXIS2_PLACEMENT_2D('',#4978,#4979);
#4978 = CARTESIAN_POINT('',(-3.,42.7));
#4979 = DIRECTION('',(1.,2.465190328816E-32));
#4980 = ( GEOMETRIC_REPRESENTATION_CONTEXT(2) 
PARAMETRIC_REPRESENTATION_CONTEXT() REPRESENTATION_CONTEXT('2D SPACE',''
  ) );
#4981 = ORIENTED_EDGE('',*,*,#4487,.T.);
#4982 = ORIENTED_EDGE('',*,*,#4891,.T.);
#4983 = ORIENTED_EDGE('',*,*,#4327,.T.);
#4984 = ADVANCED_FACE('',(#4985,#5011),#724,.T.);
#4985 = FACE_BOUND('',#4986,.T.);
#4986 = EDGE_LOOP('',(#4987,#4988,#4989,#4990));
#4987 = ORIENTED_EDGE('',*,*,#707,.F.);
#4988 = ORIENTED_EDGE('',*,*,#3235,.F.);
#4989 = ORIENTED_EDGE('',*,*,#3391,.T.);
#4990 = ORIENTED_EDGE('',*,*,#4991,.T.);
#4991 = EDGE_CURVE('',#3347,#708,#4992,.T.);
#4992 = SURFACE_CURVE('',#4993,(#4997,#5004),.PCURVE_S1.);
#4993 = LINE('',#4994,#4995);
#4994 = CARTESIAN_POINT('',(121.19516351339,36.940795077547,19.));
#4995 = VECTOR('',#4996,1.);
#4996 = DIRECTION('',(0.,-1.224646799147E-16,-1.));
#4997 = PCURVE('',#724,#4998);
#4998 = DEFINITIONAL_REPRESENTATION('',(#4999),#5003);
#4999 = LINE('',#5000,#5001);
#5000 = CARTESIAN_POINT('',(5.987326836722,0.));
#5001 = VECTOR('',#5002,1.);
#5002 = DIRECTION('',(0.,1.));
#5003 = ( GEOMETRIC_REPRESENTATION_CONTEXT(2) 
PARAMETRIC_REPRESENTATION_CONTEXT() REPRESENTATION_CONTEXT('2D SPACE',''
  ) );
#5004 = PCURVE('',#752,#5005);
#5005 = DEFINITIONAL_REPRESENTATION('',(#5006),#5010);
#5006 = LINE('',#5007,#5008);
#5007 = CARTESIAN_POINT('',(-11.,52.130448346147));
#5008 = VECTOR('',#5009,1.);
#5009 = DIRECTION('',(1.,0.));
#5010 = ( GEOMETRIC_REPRESENTATION_CONTEXT(2) 
PARAMETRIC_REPRESENTATION_CONTEXT() REPRESENTATION_CONTEXT('2D SPACE',''
  ) );
#5011 = FACE_BOUND('',#5012,.T.);
#5012 = EDGE_LOOP('',(#5013,#5014,#5015,#5016));
#5013 = ORIENTED_EDGE('',*,*,#3649,.T.);
#5014 = ORIENTED_EDGE('',*,*,#3809,.T.);
#5015 = ORIENTED_EDGE('',*,*,#3778,.T.);
#5016 = ORIENTED_EDGE('',*,*,#3724,.F.);
#5017 = ADVANCED_FACE('',(#5018,#5044),#364,.T.);
#5018 = FACE_BOUND('',#5019,.T.);
#5019 = EDGE_LOOP('',(#5020,#5021,#5042,#5043));
#5020 = ORIENTED_EDGE('',*,*,#347,.F.);
#5021 = ORIENTED_EDGE('',*,*,#5022,.F.);
#5022 = EDGE_CURVE('',#4255,#320,#5023,.T.);
#5023 = SURFACE_CURVE('',#5024,(#5028,#5035),.PCURVE_S1.);
#5024 = LINE('',#5025,#5026);
#5025 = CARTESIAN_POINT('',(-4.817508082255,-126.6083789323,19.));
#5026 = VECTOR('',#5027,1.);
#5027 = DIRECTION('',(0.,-1.224646799147E-16,-1.));
#5028 = PCURVE('',#364,#5029);
#5029 = DEFINITIONAL_REPRESENTATION('',(#5030),#5034);
#5030 = LINE('',#5031,#5032);
#5031 = CARTESIAN_POINT('',(1.60882844718,0.));
#5032 = VECTOR('',#5033,1.);
#5033 = DIRECTION('',(0.,1.));
#5034 = ( GEOMETRIC_REPRESENTATION_CONTEXT(2) 
PARAMETRIC_REPRESENTATION_CONTEXT() REPRESENTATION_CONTEXT('2D SPACE',''
  ) );
#5035 = PCURVE('',#335,#5036);
#5036 = DEFINITIONAL_REPRESENTATION('',(#5037),#5041);
#5037 = LINE('',#5038,#5039);
#5038 = CARTESIAN_POINT('',(-11.,52.130448346147));
#5039 = VECTOR('',#5040,1.);
#5040 = DIRECTION('',(1.,0.));
#5041 = ( GEOMETRIC_REPRESENTATION_CONTEXT(2) 
PARAMETRIC_REPRESENTATION_CONTEXT() REPRESENTATION_CONTEXT('2D SPACE',''
  ) );
#5042 = ORIENTED_EDGE('',*,*,#4277,.T.);
#5043 = ORIENTED_EDGE('',*,*,#4121,.T.);
#5044 = FACE_BOUND('',#5045,.T.);
#5045 = EDGE_LOOP('',(#5046,#5047,#5048,#5049));
#5046 = ORIENTED_EDGE('',*,*,#4535,.T.);
#5047 = ORIENTED_EDGE('',*,*,#4695,.T.);
#5048 = ORIENTED_EDGE('',*,*,#4664,.T.);
#5049 = ORIENTED_EDGE('',*,*,#4610,.F.);
#5050 = ADVANCED_FACE('',(#5051),#752,.T.);
#5051 = FACE_BOUND('',#5052,.T.);
#5052 = EDGE_LOOP('',(#5053,#5076,#5097,#5098,#5099,#5100,#5101));
#5053 = ORIENTED_EDGE('',*,*,#5054,.F.);
#5054 = EDGE_CURVE('',#5055,#4045,#5057,.T.);
#5055 = VERTEX_POINT('',#5056);
#5056 = CARTESIAN_POINT('',(81.381927810797,20.542196226259,8.));
#5057 = SURFACE_CURVE('',#5058,(#5062,#5069),.PCURVE_S1.);
#5058 = LINE('',#5059,#5060);
#5059 = CARTESIAN_POINT('',(72.993374345688,17.087050700172,8.));
#5060 = VECTOR('',#5061,1.);
#5061 = DIRECTION('',(0.924637916936,0.38084737437,-4.664035179862E-17)
  );
#5062 = PCURVE('',#752,#5063);
#5063 = DEFINITIONAL_REPRESENTATION('',(#5064),#5068);
#5064 = LINE('',#5065,#5066);
#5065 = CARTESIAN_POINT('',(0.,0.));
#5066 = VECTOR('',#5067,1.);
#5067 = DIRECTION('',(0.,1.));
#5068 = ( GEOMETRIC_REPRESENTATION_CONTEXT(2) 
PARAMETRIC_REPRESENTATION_CONTEXT() REPRESENTATION_CONTEXT('2D SPACE',''
  ) );
#5069 = PCURVE('',#43,#5070);
#5070 = DEFINITIONAL_REPRESENTATION('',(#5071),#5075);
#5071 = LINE('',#5072,#5073);
#5072 = CARTESIAN_POINT('',(72.993374345688,-17.08705070017));
#5073 = VECTOR('',#5074,1.);
#5074 = DIRECTION('',(0.924637916936,-0.38084737437));
#5075 = ( GEOMETRIC_REPRESENTATION_CONTEXT(2) 
PARAMETRIC_REPRESENTATION_CONTEXT() REPRESENTATION_CONTEXT('2D SPACE',''
  ) );
#5076 = ORIENTED_EDGE('',*,*,#5077,.T.);
#5077 = EDGE_CURVE('',#5055,#737,#5078,.T.);
#5078 = SURFACE_CURVE('',#5079,(#5083,#5090),.PCURVE_S1.);
#5079 = LINE('',#5080,#5081);
#5080 = CARTESIAN_POINT('',(81.381927810797,20.542196226259,8.));
#5081 = VECTOR('',#5082,1.);
#5082 = DIRECTION('',(0.,-1.224646799147E-16,-1.));
#5083 = PCURVE('',#752,#5084);
#5084 = DEFINITIONAL_REPRESENTATION('',(#5085),#5089);
#5085 = LINE('',#5086,#5087);
#5086 = CARTESIAN_POINT('',(-4.231332909112E-16,9.072257703761));
#5087 = VECTOR('',#5088,1.);
#5088 = DIRECTION('',(1.,0.));
#5089 = ( GEOMETRIC_REPRESENTATION_CONTEXT(2) 
PARAMETRIC_REPRESENTATION_CONTEXT() REPRESENTATION_CONTEXT('2D SPACE',''
  ) );
#5090 = PCURVE('',#783,#5091);
#5091 = DEFINITIONAL_REPRESENTATION('',(#5092),#5096);
#5092 = LINE('',#5093,#5094);
#5093 = CARTESIAN_POINT('',(1.570796326795,0.));
#5094 = VECTOR('',#5095,1.);
#5095 = DIRECTION('',(0.,-1.));
#5096 = ( GEOMETRIC_REPRESENTATION_CONTEXT(2) 
PARAMETRIC_REPRESENTATION_CONTEXT() REPRESENTATION_CONTEXT('2D SPACE',''
  ) );
#5097 = ORIENTED_EDGE('',*,*,#736,.T.);
#5098 = ORIENTED_EDGE('',*,*,#4991,.F.);
#5099 = ORIENTED_EDGE('',*,*,#3344,.F.);
#5100 = ORIENTED_EDGE('',*,*,#3418,.T.);
#5101 = ORIENTED_EDGE('',*,*,#4044,.F.);
#5102 = ADVANCED_FACE('',(#5103),#335,.F.);
#5103 = FACE_BOUND('',#5104,.F.);
#5104 = EDGE_LOOP('',(#5105,#5128,#5149,#5150,#5151,#5152,#5153));
#5105 = ORIENTED_EDGE('',*,*,#5106,.F.);
#5106 = EDGE_CURVE('',#5107,#4938,#5109,.T.);
#5107 = VERTEX_POINT('',#5108);
#5108 = CARTESIAN_POINT('',(0.887506577358,-83.92980598139,8.));
#5109 = SURFACE_CURVE('',#5110,(#5114,#5121),.PCURVE_S1.);
#5110 = LINE('',#5111,#5112);
#5111 = CARTESIAN_POINT('',(2.089539510549,-74.93753281656,8.));
#5112 = VECTOR('',#5113,1.);
#5113 = DIRECTION('',(-0.132495457299,-0.991183612554,1.213849838481E-16
    ));
#5114 = PCURVE('',#335,#5115);
#5115 = DEFINITIONAL_REPRESENTATION('',(#5116),#5120);
#5116 = LINE('',#5117,#5118);
#5117 = CARTESIAN_POINT('',(0.,0.));
#5118 = VECTOR('',#5119,1.);
#5119 = DIRECTION('',(0.,1.));
#5120 = ( GEOMETRIC_REPRESENTATION_CONTEXT(2) 
PARAMETRIC_REPRESENTATION_CONTEXT() REPRESENTATION_CONTEXT('2D SPACE',''
  ) );
#5121 = PCURVE('',#43,#5122);
#5122 = DEFINITIONAL_REPRESENTATION('',(#5123),#5127);
#5123 = LINE('',#5124,#5125);
#5124 = CARTESIAN_POINT('',(2.089539510549,74.937532816566));
#5125 = VECTOR('',#5126,1.);
#5126 = DIRECTION('',(-0.132495457299,0.991183612554));
#5127 = ( GEOMETRIC_REPRESENTATION_CONTEXT(2) 
PARAMETRIC_REPRESENTATION_CONTEXT() REPRESENTATION_CONTEXT('2D SPACE',''
  ) );
#5128 = ORIENTED_EDGE('',*,*,#5129,.T.);
#5129 = EDGE_CURVE('',#5107,#291,#5130,.T.);
#5130 = SURFACE_CURVE('',#5131,(#5135,#5142),.PCURVE_S1.);
#5131 = LINE('',#5132,#5133);
#5132 = CARTESIAN_POINT('',(0.887506577358,-83.92980598139,8.));
#5133 = VECTOR('',#5134,1.);
#5134 = DIRECTION('',(0.,-1.224646799147E-16,-1.));
#5135 = PCURVE('',#335,#5136);
#5136 = DEFINITIONAL_REPRESENTATION('',(#5137),#5141);
#5137 = LINE('',#5138,#5139);
#5138 = CARTESIAN_POINT('',(-6.751209845632E-16,9.072257703761));
#5139 = VECTOR('',#5140,1.);
#5140 = DIRECTION('',(1.,0.));
#5141 = ( GEOMETRIC_REPRESENTATION_CONTEXT(2) 
PARAMETRIC_REPRESENTATION_CONTEXT() REPRESENTATION_CONTEXT('2D SPACE',''
  ) );
#5142 = PCURVE('',#307,#5143);
#5143 = DEFINITIONAL_REPRESENTATION('',(#5144),#5148);
#5144 = LINE('',#5145,#5146);
#5145 = CARTESIAN_POINT('',(-4.712388980385,0.));
#5146 = VECTOR('',#5147,1.);
#5147 = DIRECTION('',(-0.,-1.));
#5148 = ( GEOMETRIC_REPRESENTATION_CONTEXT(2) 
PARAMETRIC_REPRESENTATION_CONTEXT() REPRESENTATION_CONTEXT('2D SPACE',''
  ) );
#5149 = ORIENTED_EDGE('',*,*,#319,.T.);
#5150 = ORIENTED_EDGE('',*,*,#5022,.F.);
#5151 = ORIENTED_EDGE('',*,*,#4254,.F.);
#5152 = ORIENTED_EDGE('',*,*,#4302,.T.);
#5153 = ORIENTED_EDGE('',*,*,#4960,.F.);
#5154 = ADVANCED_FACE('',(#5155),#783,.F.);
#5155 = FACE_BOUND('',#5156,.F.);
#5156 = EDGE_LOOP('',(#5157,#5158,#5159,#5182));
#5157 = ORIENTED_EDGE('',*,*,#5077,.T.);
#5158 = ORIENTED_EDGE('',*,*,#764,.T.);
#5159 = ORIENTED_EDGE('',*,*,#5160,.F.);
#5160 = EDGE_CURVE('',#5161,#258,#5163,.T.);
#5161 = VERTEX_POINT('',#5162);
#5162 = CARTESIAN_POINT('',(77.761105323582,13.935942697023,8.));
#5163 = SURFACE_CURVE('',#5164,(#5168,#5175),.PCURVE_S1.);
#5164 = LINE('',#5165,#5166);
#5165 = CARTESIAN_POINT('',(77.761105323582,13.935942697023,8.));
#5166 = VECTOR('',#5167,1.);
#5167 = DIRECTION('',(0.,-1.224646799147E-16,-1.));
#5168 = PCURVE('',#783,#5169);
#5169 = DEFINITIONAL_REPRESENTATION('',(#5170),#5174);
#5170 = LINE('',#5171,#5172);
#5171 = CARTESIAN_POINT('',(2.928212388986,0.));
#5172 = VECTOR('',#5173,1.);
#5173 = DIRECTION('',(0.,-1.));
#5174 = ( GEOMETRIC_REPRESENTATION_CONTEXT(2) 
PARAMETRIC_REPRESENTATION_CONTEXT() REPRESENTATION_CONTEXT('2D SPACE',''
  ) );
#5175 = PCURVE('',#278,#5176);
#5176 = DEFINITIONAL_REPRESENTATION('',(#5177),#5181);
#5177 = LINE('',#5178,#5179);
#5178 = CARTESIAN_POINT('',(6.105853008947,0.));
#5179 = VECTOR('',#5180,1.);
#5180 = DIRECTION('',(0.,1.));
#5181 = ( GEOMETRIC_REPRESENTATION_CONTEXT(2) 
PARAMETRIC_REPRESENTATION_CONTEXT() REPRESENTATION_CONTEXT('2D SPACE',''
  ) );
#5182 = ORIENTED_EDGE('',*,*,#5183,.F.);
#5183 = EDGE_CURVE('',#5055,#5161,#5184,.T.);
#5184 = SURFACE_CURVE('',#5185,(#5190,#5197),.PCURVE_S1.);
#5185 = CIRCLE('',#5186,6.);
#5186 = AXIS2_PLACEMENT_3D('',#5187,#5188,#5189);
#5187 = CARTESIAN_POINT('',(83.667012057019,14.994368724645,8.));
#5188 = DIRECTION('',(0.,1.224646799147E-16,1.));
#5189 = DIRECTION('',(0.924637916936,0.38084737437,-4.664035179862E-17)
  );
#5190 = PCURVE('',#783,#5191);
#5191 = DEFINITIONAL_REPRESENTATION('',(#5192),#5196);
#5192 = LINE('',#5193,#5194);
#5193 = CARTESIAN_POINT('',(0.,0.));
#5194 = VECTOR('',#5195,1.);
#5195 = DIRECTION('',(1.,0.));
#5196 = ( GEOMETRIC_REPRESENTATION_CONTEXT(2) 
PARAMETRIC_REPRESENTATION_CONTEXT() REPRESENTATION_CONTEXT('2D SPACE',''
  ) );
#5197 = PCURVE('',#43,#5198);
#5198 = DEFINITIONAL_REPRESENTATION('',(#5199),#5207);
#5199 = ( BOUNDED_CURVE() B_SPLINE_CURVE(2,(#5200,#5201,#5202,#5203,
#5204,#5205,#5206),.UNSPECIFIED.,.T.,.F.) B_SPLINE_CURVE_WITH_KNOTS((1,2
    ,2,2,2,1),(-2.094395102393,0.,2.094395102393,4.188790204786,
6.28318530718,8.377580409573),.UNSPECIFIED.) CURVE() 
GEOMETRIC_REPRESENTATION_ITEM() RATIONAL_B_SPLINE_CURVE((1.,0.5,1.,0.5,
1.,0.5,1.)) REPRESENTATION_ITEM('') );
#5200 = CARTESIAN_POINT('',(89.214839558634,-17.27945297086));
#5201 = CARTESIAN_POINT('',(85.256957544602,-26.88857207529));
#5202 = CARTESIAN_POINT('',(78.914157299196,-18.65638615374));
#5203 = CARTESIAN_POINT('',(72.57135705379,-10.4242002322));
#5204 = CARTESIAN_POINT('',(82.872039313228,-9.047267049322));
#5205 = CARTESIAN_POINT('',(93.172721572665,-7.670333866443));
#5206 = CARTESIAN_POINT('',(89.214839558634,-17.27945297086));
#5207 = ( GEOMETRIC_REPRESENTATION_CONTEXT(2) 
PARAMETRIC_REPRESENTATION_CONTEXT() REPRESENTATION_CONTEXT('2D SPACE',''
  ) );
#5208 = ADVANCED_FACE('',(#5209),#307,.F.);
#5209 = FACE_BOUND('',#5210,.T.);
#5210 = EDGE_LOOP('',(#5211,#5212,#5213,#5236));
#5211 = ORIENTED_EDGE('',*,*,#5129,.T.);
#5212 = ORIENTED_EDGE('',*,*,#290,.T.);
#5213 = ORIENTED_EDGE('',*,*,#5214,.F.);
#5214 = EDGE_CURVE('',#5215,#256,#5217,.T.);
#5215 = VERTEX_POINT('',#5216);
#5216 = CARTESIAN_POINT('',(6.352165317198,-78.74420610929,8.));
#5217 = SURFACE_CURVE('',#5218,(#5222,#5229),.PCURVE_S1.);
#5218 = LINE('',#5219,#5220);
#5219 = CARTESIAN_POINT('',(6.352165317198,-78.74420610929,8.));
#5220 = VECTOR('',#5221,1.);
#5221 = DIRECTION('',(0.,-1.224646799147E-16,-1.));
#5222 = PCURVE('',#307,#5223);
#5223 = DEFINITIONAL_REPRESENTATION('',(#5224),#5228);
#5224 = LINE('',#5225,#5226);
#5225 = CARTESIAN_POINT('',(-6.069805042576,0.));
#5226 = VECTOR('',#5227,1.);
#5227 = DIRECTION('',(-0.,-1.));
#5228 = ( GEOMETRIC_REPRESENTATION_CONTEXT(2) 
PARAMETRIC_REPRESENTATION_CONTEXT() REPRESENTATION_CONTEXT('2D SPACE',''
  ) );
#5229 = PCURVE('',#278,#5230);
#5230 = DEFINITIONAL_REPRESENTATION('',(#5231),#5235);
#5231 = LINE('',#5232,#5233);
#5232 = CARTESIAN_POINT('',(7.773487582134,0.));
#5233 = VECTOR('',#5234,1.);
#5234 = DIRECTION('',(0.,1.));
#5235 = ( GEOMETRIC_REPRESENTATION_CONTEXT(2) 
PARAMETRIC_REPRESENTATION_CONTEXT() REPRESENTATION_CONTEXT('2D SPACE',''
  ) );
#5236 = ORIENTED_EDGE('',*,*,#5237,.F.);
#5237 = EDGE_CURVE('',#5107,#5215,#5238,.T.);
#5238 = SURFACE_CURVE('',#5239,(#5244,#5251),.PCURVE_S1.);
#5239 = CIRCLE('',#5240,6.);
#5240 = AXIS2_PLACEMENT_3D('',#5241,#5242,#5243);
#5241 = CARTESIAN_POINT('',(6.834608252681,-84.72477872519,8.));
#5242 = DIRECTION('',(0.,-1.224646799147E-16,-1.));
#5243 = DIRECTION('',(0.132495457299,0.991183612554,-1.213849838481E-16)
  );
#5244 = PCURVE('',#307,#5245);
#5245 = DEFINITIONAL_REPRESENTATION('',(#5246),#5250);
#5246 = LINE('',#5247,#5248);
#5247 = CARTESIAN_POINT('',(-0.,0.));
#5248 = VECTOR('',#5249,1.);
#5249 = DIRECTION('',(-1.,0.));
#5250 = ( GEOMETRIC_REPRESENTATION_CONTEXT(2) 
PARAMETRIC_REPRESENTATION_CONTEXT() REPRESENTATION_CONTEXT('2D SPACE',''
  ) );
#5251 = PCURVE('',#43,#5252);
#5252 = DEFINITIONAL_REPRESENTATION('',(#5253),#5257);
#5253 = CIRCLE('',#5254,6.);
#5254 = AXIS2_PLACEMENT_2D('',#5255,#5256);
#5255 = CARTESIAN_POINT('',(6.834608252681,84.72477872519));
#5256 = DIRECTION('',(0.132495457299,-0.991183612554));
#5257 = ( GEOMETRIC_REPRESENTATION_CONTEXT(2) 
PARAMETRIC_REPRESENTATION_CONTEXT() REPRESENTATION_CONTEXT('2D SPACE',''
  ) );
#5258 = ADVANCED_FACE('',(#5259),#278,.T.);
#5259 = FACE_BOUND('',#5260,.T.);
#5260 = EDGE_LOOP('',(#5261,#5262,#5284,#5285));
#5261 = ORIENTED_EDGE('',*,*,#5160,.F.);
#5262 = ORIENTED_EDGE('',*,*,#5263,.T.);
#5263 = EDGE_CURVE('',#5161,#5215,#5264,.T.);
#5264 = SURFACE_CURVE('',#5265,(#5270,#5277),.PCURVE_S1.);
#5265 = CIRCLE('',#5266,79.);
#5266 = AXIS2_PLACEMENT_3D('',#5267,#5268,#5269);
#5267 = CARTESIAN_POINT('',(0.,-1.285879139105E-15,8.));
#5268 = DIRECTION('',(0.,-1.224646799147E-16,-1.));
#5269 = DIRECTION('',(-0.339388256462,-0.940646379558,1.151959577855E-16
    ));
#5270 = PCURVE('',#278,#5271);
#5271 = DEFINITIONAL_REPRESENTATION('',(#5272),#5276);
#5272 = LINE('',#5273,#5274);
#5273 = CARTESIAN_POINT('',(1.917062804161,0.));
#5274 = VECTOR('',#5275,1.);
#5275 = DIRECTION('',(1.,0.));
#5276 = ( GEOMETRIC_REPRESENTATION_CONTEXT(2) 
PARAMETRIC_REPRESENTATION_CONTEXT() REPRESENTATION_CONTEXT('2D SPACE',''
  ) );
#5277 = PCURVE('',#43,#5278);
#5278 = DEFINITIONAL_REPRESENTATION('',(#5279),#5283);
#5279 = CIRCLE('',#5280,79.);
#5280 = AXIS2_PLACEMENT_2D('',#5281,#5282);
#5281 = CARTESIAN_POINT('',(0.,0.));
#5282 = DIRECTION('',(-0.339388256462,0.940646379558));
#5283 = ( GEOMETRIC_REPRESENTATION_CONTEXT(2) 
PARAMETRIC_REPRESENTATION_CONTEXT() REPRESENTATION_CONTEXT('2D SPACE',''
  ) );
#5284 = ORIENTED_EDGE('',*,*,#5214,.T.);
#5285 = ORIENTED_EDGE('',*,*,#255,.T.);
#5286 = ADVANCED_FACE('',(#5287,#5307,#5310,#5313,#5316,#5319,#5322,
    #5325,#5328,#5331,#5334,#5337),#43,.F.);
#5287 = FACE_BOUND('',#5288,.F.);
#5288 = EDGE_LOOP('',(#5289,#5290,#5291,#5292,#5293,#5294,#5295,#5296,
    #5297,#5298,#5299,#5300,#5301,#5302,#5303,#5304,#5305,#5306));
#5289 = ORIENTED_EDGE('',*,*,#4096,.F.);
#5290 = ORIENTED_EDGE('',*,*,#3181,.T.);
#5291 = ORIENTED_EDGE('',*,*,#3079,.T.);
#5292 = ORIENTED_EDGE('',*,*,#2981,.F.);
#5293 = ORIENTED_EDGE('',*,*,#2850,.T.);
#5294 = ORIENTED_EDGE('',*,*,#2596,.T.);
#5295 = ORIENTED_EDGE('',*,*,#2798,.F.);
#5296 = ORIENTED_EDGE('',*,*,#2927,.T.);
#5297 = ORIENTED_EDGE('',*,*,#3007,.T.);
#5298 = ORIENTED_EDGE('',*,*,#3131,.F.);
#5299 = ORIENTED_EDGE('',*,*,#3210,.T.);
#5300 = ORIENTED_EDGE('',*,*,#4068,.T.);
#5301 = ORIENTED_EDGE('',*,*,#5054,.F.);
#5302 = ORIENTED_EDGE('',*,*,#5183,.T.);
#5303 = ORIENTED_EDGE('',*,*,#5263,.T.);
#5304 = ORIENTED_EDGE('',*,*,#5237,.F.);
#5305 = ORIENTED_EDGE('',*,*,#5106,.T.);
#5306 = ORIENTED_EDGE('',*,*,#4937,.T.);
#5307 = FACE_BOUND('',#5308,.F.);
#5308 = EDGE_LOOP('',(#5309));
#5309 = ORIENTED_EDGE('',*,*,#1852,.F.);
#5310 = FACE_BOUND('',#5311,.F.);
#5311 = EDGE_LOOP('',(#5312));
#5312 = ORIENTED_EDGE('',*,*,#1681,.F.);
#5313 = FACE_BOUND('',#5314,.F.);
#5314 = EDGE_LOOP('',(#5315));
#5315 = ORIENTED_EDGE('',*,*,#1631,.F.);
#5316 = FACE_BOUND('',#5317,.F.);
#5317 = EDGE_LOOP('',(#5318));
#5318 = ORIENTED_EDGE('',*,*,#1581,.F.);
#5319 = FACE_BOUND('',#5320,.F.);
#5320 = EDGE_LOOP('',(#5321));
#5321 = ORIENTED_EDGE('',*,*,#1531,.F.);
#5322 = FACE_BOUND('',#5323,.F.);
#5323 = EDGE_LOOP('',(#5324));
#5324 = ORIENTED_EDGE('',*,*,#1481,.F.);
#5325 = FACE_BOUND('',#5326,.F.);
#5326 = EDGE_LOOP('',(#5327));
#5327 = ORIENTED_EDGE('',*,*,#21,.F.);
#5328 = FACE_BOUND('',#5329,.F.);
#5329 = EDGE_LOOP('',(#5330));
#5330 = ORIENTED_EDGE('',*,*,#1431,.F.);
#5331 = FACE_BOUND('',#5332,.F.);
#5332 = EDGE_LOOP('',(#5333));
#5333 = ORIENTED_EDGE('',*,*,#1356,.F.);
#5334 = FACE_BOUND('',#5335,.F.);
#5335 = EDGE_LOOP('',(#5336));
#5336 = ORIENTED_EDGE('',*,*,#1185,.F.);
#5337 = FACE_BOUND('',#5338,.F.);
#5338 = EDGE_LOOP('',(#5339));
#5339 = ORIENTED_EDGE('',*,*,#1135,.F.);
#5340 = ( GEOMETRIC_REPRESENTATION_CONTEXT(3) 
GLOBAL_UNCERTAINTY_ASSIGNED_CONTEXT((#5344)) 
GLOBAL_UNIT_ASSIGNED_CONTEXT((#5341,#5342,#5343)) REPRESENTATION_CONTEXT
('Context #1','3D Context with UNIT and UNCERTAINTY') );
#5341 = ( LENGTH_UNIT() NAMED_UNIT(*) SI_UNIT(.MILLI.,.METRE.) );
#5342 = ( NAMED_UNIT(*) PLANE_ANGLE_UNIT() SI_UNIT($,.RADIAN.) );
#5343 = ( NAMED_UNIT(*) SI_UNIT($,.STERADIAN.) SOLID_ANGLE_UNIT() );
#5344 = UNCERTAINTY_MEASURE_WITH_UNIT(LENGTH_MEASURE(2.E-06),#5341,
  'distance_accuracy_value','confusion accuracy');
#5345 = PRODUCT_RELATED_PRODUCT_CATEGORY('part',$,(#7));
#5346 = MECHANICAL_DESIGN_GEOMETRIC_PRESENTATION_REPRESENTATION('',(
    #5347),#5340);
#5347 = STYLED_ITEM('color',(#5348),#15);
#5348 = PRESENTATION_STYLE_ASSIGNMENT((#5349));
#5349 = SURFACE_STYLE_USAGE(.BOTH.,#5350);
#5350 = SURFACE_SIDE_STYLE('',(#5351));
#5351 = SURFACE_STYLE_FILL_AREA(#5352);
#5352 = FILL_AREA_STYLE('',(#5353));
#5353 = FILL_AREA_STYLE_COLOUR('',#5354);
#5354 = COLOUR_RGB('',0.592448674037,0.726243505819,0.840359767846);
ENDSEC;
END-ISO-10303-21;
