ISO-10303-21;
HEADER;
FILE_DESCRIPTION(('Open CASCADE Model'),'2;1');
FILE_NAME('Open CASCADE Shape Model','2026-09-26T12:30:03',('Author'),(
    'Open CASCADE'),'Open CASCADE STEP processor 8.0','Open CASCADE 8.0'
  ,'Unknown');
FILE_SCHEMA((
'AP242_MANAGED_MODEL_BASED_3D_ENGINEERING_MIM_LF {1 0 10303 442 1 1 4 }'
    ));
ENDSEC;
DATA;
#1 = APPLICATION_PROTOCOL_DEFINITION('international standard',
  'ap242_managed_model_based_3d_engineering',2013,#2);
#2 = APPLICATION_CONTEXT('Managed model based 3d engineering');
#3 = SHAPE_DEFINITION_REPRESENTATION(#4,#10);
#4 = PRODUCT_DEFINITION_SHAPE('','',#5);
#5 = PRODUCT_DEFINITION('design','',#6,#9);
#6 = PRODUCT_DEFINITION_FORMATION('','',#7);
#7 = PRODUCT('Mirror plate','Mirror plate','',(#8));
#8 = PRODUCT_CONTEXT('',#2,'mechanical');
#9 = PRODUCT_DEFINITION_CONTEXT('part definition',#2,'design');
#10 = ADVANCED_BREP_SHAPE_REPRESENTATION('',(#11,#15),#5694);
#11 = AXIS2_PLACEMENT_3D('',#12,#13,#14);
#12 = CARTESIAN_POINT('',(0.,0.,0.));
#13 = DIRECTION('',(0.,0.,1.));
#14 = DIRECTION('',(1.,0.,-0.));
#15 = MANIFOLD_SOLID_BREP('',#16);
#16 = CLOSED_SHELL('',(#17,#307,#446,#582,#1500,#1609,#1691,#1740,#1791,
    #1795,#1846,#1923,#1977,#2031,#2136,#2245,#2383,#2525,#2646,#2767,
    #2918,#3069,#3183,#3297,#3379,#3453,#3525,#3597,#3668,#3739,#3789,
    #3839,#3893,#3942,#4019,#4118,#4146,#4196,#4246,#4296,#4346,#4377,
    #4557,#4586,#4615,#4715,#4753,#4853,#4891,#4941,#4991,#5093,#5195,
    #5223,#5251,#5280,#5318,#5373,#5428,#5483,#5490,#5545,#5552,#5607,
    #5611,#5615,#5670,#5674,#5678,#5682,#5686,#5690));
#17 = ADVANCED_FACE('',(#18),#33,.F.);
#18 = FACE_BOUND('',#19,.T.);
#19 = EDGE_LOOP('',(#20,#56,#80,#180,#209));
#20 = ORIENTED_EDGE('',*,*,#21,.F.);
#21 = EDGE_CURVE('',#22,#24,#26,.T.);
#22 = VERTEX_POINT('',#23);
#23 = CARTESIAN_POINT('',(64.392317665924,-33.02,9.));
#24 = VERTEX_POINT('',#25);
#25 = CARTESIAN_POINT('',(61.360650754232,-38.89068984574,9.));
#26 = SURFACE_CURVE('',#27,(#32,#44),.PCURVE_S1.);
#27 = CIRCLE('',#28,7.2);
#28 = AXIS2_PLACEMENT_3D('',#29,#30,#31);
#29 = CARTESIAN_POINT('',(57.192317665924,-33.02,9.));
#30 = DIRECTION('',(0.,0.,1.));
#31 = DIRECTION('',(1.,0.,-0.));
#32 = PCURVE('',#33,#38);
#33 = TOROIDAL_SURFACE('',#34,9.2,2.);
#34 = AXIS2_PLACEMENT_3D('',#35,#36,#37);
#35 = CARTESIAN_POINT('',(57.192317665924,-33.02,9.));
#36 = DIRECTION('',(-0.,-0.,-1.));
#37 = DIRECTION('',(1.,0.,-0.));
#38 = DEFINITIONAL_REPRESENTATION('',(#39),#43);
#39 = LINE('',#40,#41);
#40 = CARTESIAN_POINT('',(-6.28318530718,3.14159265359));
#41 = VECTOR('',#42,1.);
#42 = DIRECTION('',(-1.,0.));
#43 = ( GEOMETRIC_REPRESENTATION_CONTEXT(2) 
PARAMETRIC_REPRESENTATION_CONTEXT() REPRESENTATION_CONTEXT('2D SPACE',''
  ) );
#44 = PCURVE('',#45,#50);
#45 = CYLINDRICAL_SURFACE('',#46,7.2);
#46 = AXIS2_PLACEMENT_3D('',#47,#48,#49);
#47 = CARTESIAN_POINT('',(57.192317665924,-33.02,0.));
#48 = DIRECTION('',(0.,0.,1.));
#49 = DIRECTION('',(1.,0.,-0.));
#50 = DEFINITIONAL_REPRESENTATION('',(#51),#55);
#51 = LINE('',#52,#53);
#52 = CARTESIAN_POINT('',(0.,9.));
#53 = VECTOR('',#54,1.);
#54 = DIRECTION('',(1.,0.));
#55 = ( GEOMETRIC_REPRESENTATION_CONTEXT(2) 
PARAMETRIC_REPRESENTATION_CONTEXT() REPRESENTATION_CONTEXT('2D SPACE',''
  ) );
#56 = ORIENTED_EDGE('',*,*,#57,.F.);
#57 = EDGE_CURVE('',#58,#22,#60,.T.);
#58 = VERTEX_POINT('',#59);
#59 = CARTESIAN_POINT('',(64.360650754232,-33.69453742303,9.));
#60 = SURFACE_CURVE('',#61,(#66,#73),.PCURVE_S1.);
#61 = CIRCLE('',#62,7.2);
#62 = AXIS2_PLACEMENT_3D('',#63,#64,#65);
#63 = CARTESIAN_POINT('',(57.192317665924,-33.02,9.));
#64 = DIRECTION('',(0.,0.,1.));
#65 = DIRECTION('',(1.,0.,-0.));
#66 = PCURVE('',#33,#67);
#67 = DEFINITIONAL_REPRESENTATION('',(#68),#72);
#68 = LINE('',#69,#70);
#69 = CARTESIAN_POINT('',(-0.,3.14159265359));
#70 = VECTOR('',#71,1.);
#71 = DIRECTION('',(-1.,0.));
#72 = ( GEOMETRIC_REPRESENTATION_CONTEXT(2) 
PARAMETRIC_REPRESENTATION_CONTEXT() REPRESENTATION_CONTEXT('2D SPACE',''
  ) );
#73 = PCURVE('',#45,#74);
#74 = DEFINITIONAL_REPRESENTATION('',(#75),#79);
#75 = LINE('',#76,#77);
#76 = CARTESIAN_POINT('',(0.,9.));
#77 = VECTOR('',#78,1.);
#78 = DIRECTION('',(1.,0.));
#79 = ( GEOMETRIC_REPRESENTATION_CONTEXT(2) 
PARAMETRIC_REPRESENTATION_CONTEXT() REPRESENTATION_CONTEXT('2D SPACE',''
  ) );
#80 = ORIENTED_EDGE('',*,*,#81,.T.);
#81 = EDGE_CURVE('',#58,#82,#84,.T.);
#82 = VERTEX_POINT('',#83);
#83 = CARTESIAN_POINT('',(66.380366708807,-32.55121989633,7.));
#84 = SURFACE_CURVE('',#85,(#113,#144),.PCURVE_S1.);
#85 = B_SPLINE_CURVE_WITH_KNOTS('',6,(#86,#87,#88,#89,#90,#91,#92,#93,
    #94,#95,#96,#97,#98,#99,#100,#101,#102,#103,#104,#105,#106,#107,#108
    ,#109,#110,#111,#112),.UNSPECIFIED.,.F.,.F.,(7,5,5,5,5,7),(0.,
    0.165424638309,0.33851974687,0.490506518769,0.901086516663,1.),
  .UNSPECIFIED.);
#86 = CARTESIAN_POINT('',(64.360650754232,-33.69453742303,9.));
#87 = CARTESIAN_POINT('',(64.360650754232,-33.69453742303,8.904207512511
    ));
#88 = CARTESIAN_POINT('',(64.36646350561,-33.69153556462,8.808401786989)
  );
#89 = CARTESIAN_POINT('',(64.378090749418,-33.68553150249,8.71323133745)
  );
#90 = CARTESIAN_POINT('',(64.395383449303,-33.6765874717,8.619284505425)
  );
#91 = CARTESIAN_POINT('',(64.41807751108,-33.66481427358,8.527085783756)
  );
#92 = CARTESIAN_POINT('',(64.474868308,-33.63522990178,8.342925638777));
#93 = CARTESIAN_POINT('',(64.509449529018,-33.61716179276,8.25115800847)
  );
#94 = CARTESIAN_POINT('',(64.549191872884,-33.59631361428,8.16228094272)
  );
#95 = CARTESIAN_POINT('',(64.593647212639,-33.5728737619,8.076652890104)
  );
#96 = CARTESIAN_POINT('',(64.642366733992,-33.54703236454,7.994530059535
    ));
#97 = CARTESIAN_POINT('',(64.741082691517,-33.49432839234,7.847212722049
    ));
#98 = CARTESIAN_POINT('',(64.790199017499,-33.46797460315,7.781175149753
    ));
#99 = CARTESIAN_POINT('',(64.841997641767,-33.44002742725,7.718088799226
    ));
#100 = CARTESIAN_POINT('',(64.896212392521,-33.41060159922,
    7.658029684948));
#101 = CARTESIAN_POINT('',(64.952598885653,-33.37980388987,7.60104612618
    ));
#102 = CARTESIAN_POINT('',(65.168549381816,-33.26108468323,7.40162056996
    ));
#103 = CARTESIAN_POINT('',(65.340279661914,-33.16520967977,7.27887472332
    ));
#104 = CARTESIAN_POINT('',(65.522099678316,-33.06187100134,
    7.179190159872));
#105 = CARTESIAN_POINT('',(65.710756398309,-32.95262562947,
    7.102869068332));
#106 = CARTESIAN_POINT('',(65.90351378261,-32.83896354021,7.050012923452
    ));
#107 = CARTESIAN_POINT('',(66.145063295403,-32.69406916278,
    7.014029593363));
#108 = CARTESIAN_POINT('',(66.192059865319,-32.66576410603,
    7.008429675668));
#109 = CARTESIAN_POINT('',(66.239123512073,-32.63730481964,
    7.004220959573));
#110 = CARTESIAN_POINT('',(66.286219264672,-32.60871282901,
    7.001409072355));
#111 = CARTESIAN_POINT('',(66.333312053199,-32.5800102715,6.99999998256)
  );
#112 = CARTESIAN_POINT('',(66.380366708807,-32.55121989633,7.));
#113 = PCURVE('',#33,#114);
#114 = DEFINITIONAL_REPRESENTATION('',(#115),#143);
#115 = B_SPLINE_CURVE_WITH_KNOTS('',6,(#116,#117,#118,#119,#120,#121,
    #122,#123,#124,#125,#126,#127,#128,#129,#130,#131,#132,#133,#134,
    #135,#136,#137,#138,#139,#140,#141,#142),.UNSPECIFIED.,.F.,.F.,(7,5,
    5,5,5,7),(0.,0.165424638309,0.33851974687,0.490506518769,
    0.901086516663,1.),.UNSPECIFIED.);
#116 = CARTESIAN_POINT('',(-6.189361962886,3.14159265359));
#117 = CARTESIAN_POINT('',(-6.189361962886,3.093696409845));
#118 = CARTESIAN_POINT('',(-6.189852640868,3.04579372487));
#119 = CARTESIAN_POINT('',(-6.190834306646,2.998010198302));
#120 = CARTESIAN_POINT('',(-6.192290275414,2.950443810826));
#121 = CARTESIAN_POINT('',(-6.194191192904,2.903176160478));
#122 = CARTESIAN_POINT('',(-6.198914554119,2.807216910548));
#123 = CARTESIAN_POINT('',(-6.20177604727,2.758552705138));
#124 = CARTESIAN_POINT('',(-6.205041804194,2.710360647598));
#125 = CARTESIAN_POINT('',(-6.208662433742,2.662672464891));
#126 = CARTESIAN_POINT('',(-6.212589168588,2.615498929472));
#127 = CARTESIAN_POINT('',(-6.220454187692,2.527852509316));
#128 = CARTESIAN_POINT('',(-6.224332686695,2.487264069835));
#129 = CARTESIAN_POINT('',(-6.228382329868,2.44705438275));
#130 = CARTESIAN_POINT('',(-6.232575129266,2.407206693384));
#131 = CARTESIAN_POINT('',(-6.236885966353,2.36769817243));
#132 = CARTESIAN_POINT('',(-6.253199196677,2.222609754677));
#133 = CARTESIAN_POINT('',(-6.265797490456,2.119085485295));
#134 = CARTESIAN_POINT('',(-6.278679073643,2.017176208425));
#135 = CARTESIAN_POINT('',(-6.291558880169,1.916373852872));
#136 = CARTESIAN_POINT('',(-6.304245361751,1.816168462305));
#137 = CARTESIAN_POINT('',(-6.319590828566,1.691732440199));
#138 = CARTESIAN_POINT('',(-6.322550909042,1.667574237573));
#139 = CARTESIAN_POINT('',(-6.325489881967,1.643408607946));
#140 = CARTESIAN_POINT('',(-6.328405850902,1.61922838396));
#141 = CARTESIAN_POINT('',(-6.331297029453,1.595026566921));
#142 = CARTESIAN_POINT('',(-6.334161741271,1.570796326795));
#143 = ( GEOMETRIC_REPRESENTATION_CONTEXT(2) 
PARAMETRIC_REPRESENTATION_CONTEXT() REPRESENTATION_CONTEXT('2D SPACE',''
  ) );
#144 = PCURVE('',#145,#150);
#145 = CYLINDRICAL_SURFACE('',#146,2.);
#146 = AXIS2_PLACEMENT_3D('',#147,#148,#149);
#147 = CARTESIAN_POINT('',(60.731548150466,-29.28987298107,9.));
#148 = DIRECTION('',(0.866025403784,-0.5,0.));
#149 = DIRECTION('',(0.,0.,1.));
#150 = DEFINITIONAL_REPRESENTATION('',(#151),#179);
#151 = B_SPLINE_CURVE_WITH_KNOTS('',6,(#152,#153,#154,#155,#156,#157,
    #158,#159,#160,#161,#162,#163,#164,#165,#166,#167,#168,#169,#170,
    #171,#172,#173,#174,#175,#176,#177,#178),.UNSPECIFIED.,.F.,.F.,(7,5,
    5,5,5,7),(0.,0.165424638309,0.33851974687,0.490506518769,
    0.901086516663,1.),.UNSPECIFIED.);
#152 = CARTESIAN_POINT('',(1.570796326795,5.345227268781));
#153 = CARTESIAN_POINT('',(1.618692570539,5.345227268781));
#154 = CARTESIAN_POINT('',(1.666595255515,5.348760329934));
#155 = CARTESIAN_POINT('',(1.714378782083,5.355827787383));
#156 = CARTESIAN_POINT('',(1.761945169558,5.366331689388));
#157 = CARTESIAN_POINT('',(1.809212819907,5.380098724342));
#158 = CARTESIAN_POINT('',(1.905172069837,5.414488811278));
#159 = CARTESIAN_POINT('',(1.953836275247,5.435402972663));
#160 = CARTESIAN_POINT('',(2.002028332787,5.459396762815));
#161 = CARTESIAN_POINT('',(2.049716515494,5.486176290187));
#162 = CARTESIAN_POINT('',(2.096890050913,5.515447934662));
#163 = CARTESIAN_POINT('',(2.184536471069,5.574586475533));
#164 = CARTESIAN_POINT('',(2.225124910549,5.603945566979));
#165 = CARTESIAN_POINT('',(2.265334597635,5.634830903529));
#166 = CARTESIAN_POINT('',(2.305182287001,5.667069340927));
#167 = CARTESIAN_POINT('',(2.344690807954,5.700502621731));
#168 = CARTESIAN_POINT('',(2.489779225707,5.828161634051));
#169 = CARTESIAN_POINT('',(2.59330349509,5.928946917486));
#170 = CARTESIAN_POINT('',(2.695212771959,6.034738331388));
#171 = CARTESIAN_POINT('',(2.796015127513,6.143497157565));
#172 = CARTESIAN_POINT('',(2.89622051808,6.253598904506));
#173 = CARTESIAN_POINT('',(3.020656540186,6.390339730142));
#174 = CARTESIAN_POINT('',(3.044814742811,6.416887425206));
#175 = CARTESIAN_POINT('',(3.068980372439,6.44341609569));
#176 = CARTESIAN_POINT('',(3.093160596425,6.469906218541));
#177 = CARTESIAN_POINT('',(3.117362413464,6.496338490984));
#178 = CARTESIAN_POINT('',(3.14159265359,6.522693830523));
#179 = ( GEOMETRIC_REPRESENTATION_CONTEXT(2) 
PARAMETRIC_REPRESENTATION_CONTEXT() REPRESENTATION_CONTEXT('2D SPACE',''
  ) );
#180 = ORIENTED_EDGE('',*,*,#181,.T.);
#181 = EDGE_CURVE('',#82,#182,#184,.T.);
#182 = VERTEX_POINT('',#183);
#183 = CARTESIAN_POINT('',(61.380366708806,-41.21147393418,7.));
#184 = SURFACE_CURVE('',#185,(#190,#197),.PCURVE_S1.);
#185 = CIRCLE('',#186,9.2);
#186 = AXIS2_PLACEMENT_3D('',#187,#188,#189);
#187 = CARTESIAN_POINT('',(57.192317665924,-33.02,7.));
#188 = DIRECTION('',(-0.,0.,1.));
#189 = DIRECTION('',(0.981731741637,-0.190270301052,0.));
#190 = PCURVE('',#33,#191);
#191 = DEFINITIONAL_REPRESENTATION('',(#192),#196);
#192 = LINE('',#193,#194);
#193 = CARTESIAN_POINT('',(-6.091747837123,1.570796326795));
#194 = VECTOR('',#195,1.);
#195 = DIRECTION('',(-1.,0.));
#196 = ( GEOMETRIC_REPRESENTATION_CONTEXT(2) 
PARAMETRIC_REPRESENTATION_CONTEXT() REPRESENTATION_CONTEXT('2D SPACE',''
  ) );
#197 = PCURVE('',#198,#203);
#198 = PLANE('',#199);
#199 = AXIS2_PLACEMENT_3D('',#200,#201,#202);
#200 = CARTESIAN_POINT('',(0.,0.,7.));
#201 = DIRECTION('',(0.,0.,1.));
#202 = DIRECTION('',(1.,0.,-0.));
#203 = DEFINITIONAL_REPRESENTATION('',(#204),#208);
#204 = CIRCLE('',#205,9.2);
#205 = AXIS2_PLACEMENT_2D('',#206,#207);
#206 = CARTESIAN_POINT('',(57.192317665924,-33.02));
#207 = DIRECTION('',(0.981731741637,-0.190270301052));
#208 = ( GEOMETRIC_REPRESENTATION_CONTEXT(2) 
PARAMETRIC_REPRESENTATION_CONTEXT() REPRESENTATION_CONTEXT('2D SPACE',''
  ) );
#209 = ORIENTED_EDGE('',*,*,#210,.F.);
#210 = EDGE_CURVE('',#24,#182,#211,.T.);
#211 = SURFACE_CURVE('',#212,(#240,#271),.PCURVE_S1.);
#212 = B_SPLINE_CURVE_WITH_KNOTS('',6,(#213,#214,#215,#216,#217,#218,
    #219,#220,#221,#222,#223,#224,#225,#226,#227,#228,#229,#230,#231,
    #232,#233,#234,#235,#236,#237,#238,#239),.UNSPECIFIED.,.F.,.F.,(7,5,
    5,5,5,7),(0.,0.165424638296,0.338519746861,0.490506518765,
    0.901086516672,1.),.UNSPECIFIED.);
#213 = CARTESIAN_POINT('',(61.360650754232,-38.89068984574,9.));
#214 = CARTESIAN_POINT('',(61.360650754232,-38.89068984574,
    8.904207512522));
#215 = CARTESIAN_POINT('',(61.360957444276,-38.8972247653,8.80840178701)
  );
#216 = CARTESIAN_POINT('',(61.361571395851,-38.91029628488,
    8.713231337482));
#217 = CARTESIAN_POINT('',(61.362471987915,-38.92974421767,
    8.619284505467));
#218 = CARTESIAN_POINT('',(61.363623130147,-38.95528445074,
    8.527085783808));
#219 = CARTESIAN_POINT('',(61.366397711078,-39.01925890946,
    8.342925638836));
#220 = CARTESIAN_POINT('',(61.368040880176,-39.05824117986,
    8.251158008529));
#221 = CARTESIAN_POINT('',(61.369856999919,-39.1030831485,8.162280942777
    ));
#222 = CARTESIAN_POINT('',(61.371785162175,-39.15330252824,8.07665289016
    ));
#223 = CARTESIAN_POINT('',(61.373765616273,-39.20841557007,7.99453005959
    ));
#224 = CARTESIAN_POINT('',(61.377480616222,-39.32025808315,
    7.847212722101));
#225 = CARTESIAN_POINT('',(61.379215728289,-39.37597096378,
    7.781175149803));
#226 = CARTESIAN_POINT('',(61.380912076134,-39.43480347622,
    7.718088799275));
#227 = CARTESIAN_POINT('',(61.382535936911,-39.49646774165,
    7.658029684995));
#228 = CARTESIAN_POINT('',(61.384057584795,-39.5606987318,7.601046126225
    ));
#229 = CARTESIAN_POINT('',(61.389218984014,-39.80707695075,
    7.401620569999));
#230 = CARTESIAN_POINT('',(61.392053935481,-40.00373723764,
    7.278874723353));
#231 = CARTESIAN_POINT('',(61.393470022963,-40.21286732998,
    7.179190159899));
#232 = CARTESIAN_POINT('',(61.39318911568,-40.43087152802,7.102869068353
    ));
#233 = CARTESIAN_POINT('',(61.391133551084,-40.65463536422,
    7.050012923467));
#234 = CARTESIAN_POINT('',(61.38642609576,-40.93627056727,7.014029593372
    ));
#235 = CARTESIAN_POINT('',(61.385411482719,-40.99112331901,
    7.008429675675));
#236 = CARTESIAN_POINT('',(61.384296841022,-41.04611127592,
    7.004220959578));
#237 = CARTESIAN_POINT('',(61.383083326741,-41.10119338952,
    7.001409072359));
#238 = CARTESIAN_POINT('',(61.381772576887,-41.15632821952,
    6.999999982562));
#239 = CARTESIAN_POINT('',(61.380366709404,-41.21147393387,7.));
#240 = PCURVE('',#33,#241);
#241 = DEFINITIONAL_REPRESENTATION('',(#242),#270);
#242 = B_SPLINE_CURVE_WITH_KNOTS('',6,(#243,#244,#245,#246,#247,#248,
    #249,#250,#251,#252,#253,#254,#255,#256,#257,#258,#259,#260,#261,
    #262,#263,#264,#265,#266,#267,#268,#269),.UNSPECIFIED.,.F.,.F.,(7,5,
    5,5,5,7),(0.,0.165424638296,0.338519746861,0.490506518765,
    0.901086516672,1.),.UNSPECIFIED.);
#243 = CARTESIAN_POINT('',(-11.61299640745,3.14159265359));
#244 = CARTESIAN_POINT('',(-11.61299640745,3.093696409851));
#245 = CARTESIAN_POINT('',(-11.61250572947,3.045793724881));
#246 = CARTESIAN_POINT('',(-11.61152406369,2.998010198318));
#247 = CARTESIAN_POINT('',(-11.61006809492,2.950443810848));
#248 = CARTESIAN_POINT('',(-11.60816717743,2.903176160505));
#249 = CARTESIAN_POINT('',(-11.60344381622,2.807216910579));
#250 = CARTESIAN_POINT('',(-11.60058232307,2.75855270517));
#251 = CARTESIAN_POINT('',(-11.59731656615,2.710360647629));
#252 = CARTESIAN_POINT('',(-11.5936959366,2.662672464922));
#253 = CARTESIAN_POINT('',(-11.58976920175,2.615498929503));
#254 = CARTESIAN_POINT('',(-11.58190418265,2.527852509348));
#255 = CARTESIAN_POINT('',(-11.57802568365,2.487264069867));
#256 = CARTESIAN_POINT('',(-11.57397604047,2.447054382781));
#257 = CARTESIAN_POINT('',(-11.56978324107,2.407206693416));
#258 = CARTESIAN_POINT('',(-11.56547240399,2.367698172462));
#259 = CARTESIAN_POINT('',(-11.54915917366,2.222609754709));
#260 = CARTESIAN_POINT('',(-11.53656087989,2.119085485326));
#261 = CARTESIAN_POINT('',(-11.5236792967,2.017176208456));
#262 = CARTESIAN_POINT('',(-11.51079949017,1.916373852903));
#263 = CARTESIAN_POINT('',(-11.49811300859,1.816168462336));
#264 = CARTESIAN_POINT('',(-11.48276754178,1.691732440233));
#265 = CARTESIAN_POINT('',(-11.47980746132,1.667574237594));
#266 = CARTESIAN_POINT('',(-11.47686848839,1.643408607972));
#267 = CARTESIAN_POINT('',(-11.47395251941,1.619228384013));
#268 = CARTESIAN_POINT('',(-11.47106134084,1.595026566988));
#269 = CARTESIAN_POINT('',(-11.46819662914,1.570796326795));
#270 = ( GEOMETRIC_REPRESENTATION_CONTEXT(2) 
PARAMETRIC_REPRESENTATION_CONTEXT() REPRESENTATION_CONTEXT('2D SPACE',''
  ) );
#271 = PCURVE('',#272,#277);
#272 = CYLINDRICAL_SURFACE('',#273,2.);
#273 = AXIS2_PLACEMENT_3D('',#274,#275,#276);
#274 = CARTESIAN_POINT('',(55.731548150466,-37.95012701892,9.));
#275 = DIRECTION('',(0.866025403784,-0.5,0.));
#276 = DIRECTION('',(0.,0.,1.));
#277 = DEFINITIONAL_REPRESENTATION('',(#278),#306);
#278 = B_SPLINE_CURVE_WITH_KNOTS('',6,(#279,#280,#281,#282,#283,#284,
    #285,#286,#287,#288,#289,#290,#291,#292,#293,#294,#295,#296,#297,
    #298,#299,#300,#301,#302,#303,#304,#305),.UNSPECIFIED.,.F.,.F.,(7,5,
    5,5,5,7),(0.,0.165424638296,0.338519746861,0.490506518765,
    0.901086516672,1.),.UNSPECIFIED.);
#279 = CARTESIAN_POINT('',(4.712388980385,5.345227268781));
#280 = CARTESIAN_POINT('',(4.664492736645,5.345227268781));
#281 = CARTESIAN_POINT('',(4.616590051676,5.348760329933));
#282 = CARTESIAN_POINT('',(4.568806525113,5.355827787381));
#283 = CARTESIAN_POINT('',(4.521240137643,5.366331689383));
#284 = CARTESIAN_POINT('',(4.473972487299,5.380098724334));
#285 = CARTESIAN_POINT('',(4.378013237374,5.414488811265));
#286 = CARTESIAN_POINT('',(4.329349031965,5.435402972648));
#287 = CARTESIAN_POINT('',(4.281156974424,5.459396762799));
#288 = CARTESIAN_POINT('',(4.233468791717,5.486176290169));
#289 = CARTESIAN_POINT('',(4.186295256298,5.515447934642));
#290 = CARTESIAN_POINT('',(4.098648836142,5.57458647551));
#291 = CARTESIAN_POINT('',(4.058060396662,5.603945566955));
#292 = CARTESIAN_POINT('',(4.017850709576,5.634830903504));
#293 = CARTESIAN_POINT('',(3.97800302021,5.667069340901));
#294 = CARTESIAN_POINT('',(3.938494499257,5.700502621704));
#295 = CARTESIAN_POINT('',(3.793406081504,5.828161634021));
#296 = CARTESIAN_POINT('',(3.689881812121,5.928946917454));
#297 = CARTESIAN_POINT('',(3.587972535251,6.034738331356));
#298 = CARTESIAN_POINT('',(3.487170179698,6.143497157531));
#299 = CARTESIAN_POINT('',(3.386964789131,6.253598904472));
#300 = CARTESIAN_POINT('',(3.262528767028,6.390339730104));
#301 = CARTESIAN_POINT('',(3.238370564389,6.416887425305));
#302 = CARTESIAN_POINT('',(3.214204934767,6.443416095734));
#303 = CARTESIAN_POINT('',(3.190024710808,6.469906218336));
#304 = CARTESIAN_POINT('',(3.165822893783,6.496338490667));
#305 = CARTESIAN_POINT('',(3.14159265359,6.522693830888));
#306 = ( GEOMETRIC_REPRESENTATION_CONTEXT(2) 
PARAMETRIC_REPRESENTATION_CONTEXT() REPRESENTATION_CONTEXT('2D SPACE',''
  ) );
#307 = ADVANCED_FACE('',(#308),#45,.T.);
#308 = FACE_BOUND('',#309,.T.);
#309 = EDGE_LOOP('',(#310,#338,#339,#362,#389,#390,#391,#419));
#310 = ORIENTED_EDGE('',*,*,#311,.F.);
#311 = EDGE_CURVE('',#58,#312,#314,.T.);
#312 = VERTEX_POINT('',#313);
#313 = CARTESIAN_POINT('',(64.360650754232,-33.69453742303,11.));
#314 = SURFACE_CURVE('',#315,(#319,#326),.PCURVE_S1.);
#315 = LINE('',#316,#317);
#316 = CARTESIAN_POINT('',(64.360650754232,-33.69453742303,0.));
#317 = VECTOR('',#318,1.);
#318 = DIRECTION('',(0.,0.,1.));
#319 = PCURVE('',#45,#320);
#320 = DEFINITIONAL_REPRESENTATION('',(#321),#325);
#321 = LINE('',#322,#323);
#322 = CARTESIAN_POINT('',(6.189361962886,0.));
#323 = VECTOR('',#324,1.);
#324 = DIRECTION('',(0.,1.));
#325 = ( GEOMETRIC_REPRESENTATION_CONTEXT(2) 
PARAMETRIC_REPRESENTATION_CONTEXT() REPRESENTATION_CONTEXT('2D SPACE',''
  ) );
#326 = PCURVE('',#327,#332);
#327 = PLANE('',#328);
#328 = AXIS2_PLACEMENT_3D('',#329,#330,#331);
#329 = CARTESIAN_POINT('',(90.137700077337,-48.57692378864,6.99));
#330 = DIRECTION('',(-0.5,-0.866025403784,0.));
#331 = DIRECTION('',(-0.866025403784,0.5,0.));
#332 = DEFINITIONAL_REPRESENTATION('',(#333),#337);
#333 = LINE('',#334,#335);
#334 = CARTESIAN_POINT('',(29.764772731219,6.99));
#335 = VECTOR('',#336,1.);
#336 = DIRECTION('',(0.,-1.));
#337 = ( GEOMETRIC_REPRESENTATION_CONTEXT(2) 
PARAMETRIC_REPRESENTATION_CONTEXT() REPRESENTATION_CONTEXT('2D SPACE',''
  ) );
#338 = ORIENTED_EDGE('',*,*,#57,.T.);
#339 = ORIENTED_EDGE('',*,*,#340,.T.);
#340 = EDGE_CURVE('',#22,#341,#343,.T.);
#341 = VERTEX_POINT('',#342);
#342 = CARTESIAN_POINT('',(64.392317665924,-33.02,16.));
#343 = SEAM_CURVE('',#344,(#348,#355),.PCURVE_S1.);
#344 = LINE('',#345,#346);
#345 = CARTESIAN_POINT('',(64.392317665924,-33.02,0.));
#346 = VECTOR('',#347,1.);
#347 = DIRECTION('',(0.,0.,1.));
#348 = PCURVE('',#45,#349);
#349 = DEFINITIONAL_REPRESENTATION('',(#350),#354);
#350 = LINE('',#351,#352);
#351 = CARTESIAN_POINT('',(0.,-0.));
#352 = VECTOR('',#353,1.);
#353 = DIRECTION('',(0.,1.));
#354 = ( GEOMETRIC_REPRESENTATION_CONTEXT(2) 
PARAMETRIC_REPRESENTATION_CONTEXT() REPRESENTATION_CONTEXT('2D SPACE',''
  ) );
#355 = PCURVE('',#45,#356);
#356 = DEFINITIONAL_REPRESENTATION('',(#357),#361);
#357 = LINE('',#358,#359);
#358 = CARTESIAN_POINT('',(6.28318530718,-0.));
#359 = VECTOR('',#360,1.);
#360 = DIRECTION('',(0.,1.));
#361 = ( GEOMETRIC_REPRESENTATION_CONTEXT(2) 
PARAMETRIC_REPRESENTATION_CONTEXT() REPRESENTATION_CONTEXT('2D SPACE',''
  ) );
#362 = ORIENTED_EDGE('',*,*,#363,.F.);
#363 = EDGE_CURVE('',#341,#341,#364,.T.);
#364 = SURFACE_CURVE('',#365,(#370,#377),.PCURVE_S1.);
#365 = CIRCLE('',#366,7.2);
#366 = AXIS2_PLACEMENT_3D('',#367,#368,#369);
#367 = CARTESIAN_POINT('',(57.192317665924,-33.02,16.));
#368 = DIRECTION('',(0.,0.,1.));
#369 = DIRECTION('',(1.,0.,-0.));
#370 = PCURVE('',#45,#371);
#371 = DEFINITIONAL_REPRESENTATION('',(#372),#376);
#372 = LINE('',#373,#374);
#373 = CARTESIAN_POINT('',(0.,16.));
#374 = VECTOR('',#375,1.);
#375 = DIRECTION('',(1.,0.));
#376 = ( GEOMETRIC_REPRESENTATION_CONTEXT(2) 
PARAMETRIC_REPRESENTATION_CONTEXT() REPRESENTATION_CONTEXT('2D SPACE',''
  ) );
#377 = PCURVE('',#378,#383);
#378 = PLANE('',#379);
#379 = AXIS2_PLACEMENT_3D('',#380,#381,#382);
#380 = CARTESIAN_POINT('',(57.192317665924,-33.02,16.));
#381 = DIRECTION('',(0.,0.,1.));
#382 = DIRECTION('',(1.,0.,-0.));
#383 = DEFINITIONAL_REPRESENTATION('',(#384),#388);
#384 = CIRCLE('',#385,7.2);
#385 = AXIS2_PLACEMENT_2D('',#386,#387);
#386 = CARTESIAN_POINT('',(0.,0.));
#387 = DIRECTION('',(1.,0.));
#388 = ( GEOMETRIC_REPRESENTATION_CONTEXT(2) 
PARAMETRIC_REPRESENTATION_CONTEXT() REPRESENTATION_CONTEXT('2D SPACE',''
  ) );
#389 = ORIENTED_EDGE('',*,*,#340,.F.);
#390 = ORIENTED_EDGE('',*,*,#21,.T.);
#391 = ORIENTED_EDGE('',*,*,#392,.T.);
#392 = EDGE_CURVE('',#24,#393,#395,.T.);
#393 = VERTEX_POINT('',#394);
#394 = CARTESIAN_POINT('',(61.360650754232,-38.89068984574,11.));
#395 = SURFACE_CURVE('',#396,(#400,#407),.PCURVE_S1.);
#396 = LINE('',#397,#398);
#397 = CARTESIAN_POINT('',(61.360650754232,-38.89068984574,0.));
#398 = VECTOR('',#399,1.);
#399 = DIRECTION('',(0.,0.,1.));
#400 = PCURVE('',#45,#401);
#401 = DEFINITIONAL_REPRESENTATION('',(#402),#406);
#402 = LINE('',#403,#404);
#403 = CARTESIAN_POINT('',(5.329811100277,0.));
#404 = VECTOR('',#405,1.);
#405 = DIRECTION('',(0.,1.));
#406 = ( GEOMETRIC_REPRESENTATION_CONTEXT(2) 
PARAMETRIC_REPRESENTATION_CONTEXT() REPRESENTATION_CONTEXT('2D SPACE',''
  ) );
#407 = PCURVE('',#408,#413);
#408 = PLANE('',#409);
#409 = AXIS2_PLACEMENT_3D('',#410,#411,#412);
#410 = CARTESIAN_POINT('',(57.59757355425,-36.71807621135,6.99));
#411 = DIRECTION('',(0.5,0.866025403784,-0.));
#412 = DIRECTION('',(0.866025403784,-0.5,0.));
#413 = DEFINITIONAL_REPRESENTATION('',(#414),#418);
#414 = LINE('',#415,#416);
#415 = CARTESIAN_POINT('',(4.345227268781,6.99));
#416 = VECTOR('',#417,1.);
#417 = DIRECTION('',(0.,-1.));
#418 = ( GEOMETRIC_REPRESENTATION_CONTEXT(2) 
PARAMETRIC_REPRESENTATION_CONTEXT() REPRESENTATION_CONTEXT('2D SPACE',''
  ) );
#419 = ORIENTED_EDGE('',*,*,#420,.T.);
#420 = EDGE_CURVE('',#393,#312,#421,.T.);
#421 = SURFACE_CURVE('',#422,(#427,#434),.PCURVE_S1.);
#422 = CIRCLE('',#423,7.2);
#423 = AXIS2_PLACEMENT_3D('',#424,#425,#426);
#424 = CARTESIAN_POINT('',(57.192317665924,-33.02,11.));
#425 = DIRECTION('',(0.,0.,1.));
#426 = DIRECTION('',(1.,0.,-0.));
#427 = PCURVE('',#45,#428);
#428 = DEFINITIONAL_REPRESENTATION('',(#429),#433);
#429 = LINE('',#430,#431);
#430 = CARTESIAN_POINT('',(0.,11.));
#431 = VECTOR('',#432,1.);
#432 = DIRECTION('',(1.,0.));
#433 = ( GEOMETRIC_REPRESENTATION_CONTEXT(2) 
PARAMETRIC_REPRESENTATION_CONTEXT() REPRESENTATION_CONTEXT('2D SPACE',''
  ) );
#434 = PCURVE('',#435,#440);
#435 = PLANE('',#436);
#436 = AXIS2_PLACEMENT_3D('',#437,#438,#439);
#437 = CARTESIAN_POINT('',(73.867636815794,-42.6475,11.));
#438 = DIRECTION('',(0.,0.,1.));
#439 = DIRECTION('',(1.,0.,-0.));
#440 = DEFINITIONAL_REPRESENTATION('',(#441),#445);
#441 = CIRCLE('',#442,7.2);
#442 = AXIS2_PLACEMENT_2D('',#443,#444);
#443 = CARTESIAN_POINT('',(-16.67531914986,9.6275));
#444 = DIRECTION('',(1.,0.));
#445 = ( GEOMETRIC_REPRESENTATION_CONTEXT(2) 
PARAMETRIC_REPRESENTATION_CONTEXT() REPRESENTATION_CONTEXT('2D SPACE',''
  ) );
#446 = ADVANCED_FACE('',(#447),#272,.F.);
#447 = FACE_BOUND('',#448,.F.);
#448 = EDGE_LOOP('',(#449,#472,#473,#496));
#449 = ORIENTED_EDGE('',*,*,#450,.F.);
#450 = EDGE_CURVE('',#182,#451,#453,.T.);
#451 = VERTEX_POINT('',#452);
#452 = CARTESIAN_POINT('',(83.539623865984,-54.00512701892,7.));
#453 = SURFACE_CURVE('',#454,(#458,#465),.PCURVE_S1.);
#454 = LINE('',#455,#456);
#455 = CARTESIAN_POINT('',(55.731548150466,-37.95012701892,7.));
#456 = VECTOR('',#457,1.);
#457 = DIRECTION('',(0.866025403784,-0.5,0.));
#458 = PCURVE('',#272,#459);
#459 = DEFINITIONAL_REPRESENTATION('',(#460),#464);
#460 = LINE('',#461,#462);
#461 = CARTESIAN_POINT('',(3.14159265359,0.));
#462 = VECTOR('',#463,1.);
#463 = DIRECTION('',(0.,1.));
#464 = ( GEOMETRIC_REPRESENTATION_CONTEXT(2) 
PARAMETRIC_REPRESENTATION_CONTEXT() REPRESENTATION_CONTEXT('2D SPACE',''
  ) );
#465 = PCURVE('',#198,#466);
#466 = DEFINITIONAL_REPRESENTATION('',(#467),#471);
#467 = LINE('',#468,#469);
#468 = CARTESIAN_POINT('',(55.731548150466,-37.95012701892));
#469 = VECTOR('',#470,1.);
#470 = DIRECTION('',(0.866025403784,-0.5));
#471 = ( GEOMETRIC_REPRESENTATION_CONTEXT(2) 
PARAMETRIC_REPRESENTATION_CONTEXT() REPRESENTATION_CONTEXT('2D SPACE',''
  ) );
#472 = ORIENTED_EDGE('',*,*,#210,.F.);
#473 = ORIENTED_EDGE('',*,*,#474,.T.);
#474 = EDGE_CURVE('',#24,#475,#477,.T.);
#475 = VERTEX_POINT('',#476);
#476 = CARTESIAN_POINT('',(86.989113608767,-53.68728977372,9.));
#477 = SURFACE_CURVE('',#478,(#482,#489),.PCURVE_S1.);
#478 = LINE('',#479,#480);
#479 = CARTESIAN_POINT('',(56.731548150466,-36.21807621135,9.));
#480 = VECTOR('',#481,1.);
#481 = DIRECTION('',(0.866025403784,-0.5,0.));
#482 = PCURVE('',#272,#483);
#483 = DEFINITIONAL_REPRESENTATION('',(#484),#488);
#484 = LINE('',#485,#486);
#485 = CARTESIAN_POINT('',(4.712388980385,0.));
#486 = VECTOR('',#487,1.);
#487 = DIRECTION('',(0.,1.));
#488 = ( GEOMETRIC_REPRESENTATION_CONTEXT(2) 
PARAMETRIC_REPRESENTATION_CONTEXT() REPRESENTATION_CONTEXT('2D SPACE',''
  ) );
#489 = PCURVE('',#408,#490);
#490 = DEFINITIONAL_REPRESENTATION('',(#491),#495);
#491 = LINE('',#492,#493);
#492 = CARTESIAN_POINT('',(-1.,-2.01));
#493 = VECTOR('',#494,1.);
#494 = DIRECTION('',(1.,0.));
#495 = ( GEOMETRIC_REPRESENTATION_CONTEXT(2) 
PARAMETRIC_REPRESENTATION_CONTEXT() REPRESENTATION_CONTEXT('2D SPACE',''
  ) );
#496 = ORIENTED_EDGE('',*,*,#497,.T.);
#497 = EDGE_CURVE('',#475,#451,#498,.T.);
#498 = SURFACE_CURVE('',#499,(#523,#550),.PCURVE_S1.);
#499 = B_SPLINE_CURVE_WITH_KNOTS('',8,(#500,#501,#502,#503,#504,#505,
    #506,#507,#508,#509,#510,#511,#512,#513,#514,#515,#516,#517,#518,
    #519,#520,#521,#522),.UNSPECIFIED.,.F.,.F.,(9,7,7,9),(0.,
    0.182451692031,0.33032823083,1.),.UNSPECIFIED.);
#500 = CARTESIAN_POINT('',(86.989113608767,-53.68728977372,9.));
#501 = CARTESIAN_POINT('',(86.956707286877,-53.66857997506,
    8.894161395904));
#502 = CARTESIAN_POINT('',(86.91757710434,-53.65337938879,8.791218112312
    ));
#503 = CARTESIAN_POINT('',(86.87232804926,-53.64132984078,8.691527590609
    ));
#504 = CARTESIAN_POINT('',(86.8215944553,-53.63210917786,8.595388168588)
  );
#505 = CARTESIAN_POINT('',(86.766036958117,-53.62542076421,
    8.503046437214));
#506 = CARTESIAN_POINT('',(86.706340457751,-53.6209859313,8.414702765825
    ));
#507 = CARTESIAN_POINT('',(86.643213086934,-53.61853938145,
    8.330514995764));
#508 = CARTESIAN_POINT('',(86.524033682786,-53.61725060367,
    8.185829687726));
#509 = CARTESIAN_POINT('',(86.468721843787,-53.61781099333,8.1236401536)
  );
#510 = CARTESIAN_POINT('',(86.411686299481,-53.61938661355,
    8.063968840555));
#511 = CARTESIAN_POINT('',(86.353134593579,-53.62187068622,
    8.006745237638));
#512 = CARTESIAN_POINT('',(86.293246009126,-53.62517029638,
    7.951892516273));
#513 = CARTESIAN_POINT('',(86.23217139526,-53.62920493309,7.899328864088
    ));
#514 = CARTESIAN_POINT('',(86.170032993966,-53.63390503024,
    7.848968818733));
#515 = CARTESIAN_POINT('',(85.821130906419,-53.66323682261,
    7.582246468351));
#516 = CARTESIAN_POINT('',(85.511787004033,-53.69998746188,
    7.404371540344));
#517 = CARTESIAN_POINT('',(85.190460034664,-53.74416183624,
    7.263808219225));
#518 = CARTESIAN_POINT('',(84.864048320223,-53.7927725136,7.156345529716
    ));
#519 = CARTESIAN_POINT('',(84.535987163335,-53.84393141023,
    7.078179294075));
#520 = CARTESIAN_POINT('',(84.206971021633,-53.89666460631,
    7.026483231354));
#521 = CARTESIAN_POINT('',(83.87560771476,-53.95051962775,7.00000010766)
  );
#522 = CARTESIAN_POINT('',(83.539623865984,-54.00512701892,7.));
#523 = PCURVE('',#272,#524);
#524 = DEFINITIONAL_REPRESENTATION('',(#525),#549);
#525 = B_SPLINE_CURVE_WITH_KNOTS('',8,(#526,#527,#528,#529,#530,#531,
    #532,#533,#534,#535,#536,#537,#538,#539,#540,#541,#542,#543,#544,
    #545,#546,#547,#548),.UNSPECIFIED.,.F.,.F.,(9,7,7,9),(0.,
    0.182451692031,0.33032823083,1.),.UNSPECIFIED.);
#526 = CARTESIAN_POINT('',(4.712388980385,34.938427124746));
#527 = CARTESIAN_POINT('',(4.659469678337,34.901007527412));
#528 = CARTESIAN_POINT('',(4.607997978862,34.859519502146));
#529 = CARTESIAN_POINT('',(4.55792705066,34.814307896947));
#530 = CARTESIAN_POINT('',(4.509231630551,34.765760984293));
#531 = CARTESIAN_POINT('',(4.461904947061,34.714302573536));
#532 = CARTESIAN_POINT('',(4.415956843704,34.660386471245));
#533 = CARTESIAN_POINT('',(4.371413101928,34.60449328952));
#534 = CARTESIAN_POINT('',(4.293385864969,34.500636509031));
#535 = CARTESIAN_POINT('',(4.259284112782,34.453015246157));
#536 = CARTESIAN_POINT('',(4.225958847239,34.404408825979));
#537 = CARTESIAN_POINT('',(4.19336182433,34.354943597567));
#538 = CARTESIAN_POINT('',(4.161447038021,34.304728367117));
#539 = CARTESIAN_POINT('',(4.130169342294,34.253853518335));
#540 = CARTESIAN_POINT('',(4.099483073178,34.202390132841));
#541 = CARTESIAN_POINT('',(3.93283817961,33.914897957778));
#542 = CARTESIAN_POINT('',(3.805747614142,33.665373599441));
#543 = CARTESIAN_POINT('',(3.685991249514,33.409183468223));
#544 = CARTESIAN_POINT('',(3.572042031012,33.150807970103));
#545 = CARTESIAN_POINT('',(3.462379794495,32.892278122562));
#546 = CARTESIAN_POINT('',(3.355396324502,32.633708383628));
#547 = CARTESIAN_POINT('',(3.249234091095,32.373666852715));
#548 = CARTESIAN_POINT('',(3.14159265359,32.11));
#549 = ( GEOMETRIC_REPRESENTATION_CONTEXT(2) 
PARAMETRIC_REPRESENTATION_CONTEXT() REPRESENTATION_CONTEXT('2D SPACE',''
  ) );
#550 = PCURVE('',#551,#556);
#551 = CYLINDRICAL_SURFACE('',#552,3.);
#552 = AXIS2_PLACEMENT_3D('',#553,#554,#555);
#553 = CARTESIAN_POINT('',(81.539623865984,-57.46922863406,10.));
#554 = DIRECTION('',(0.5,0.866025403784,0.));
#555 = DIRECTION('',(0.,0.,1.));
#556 = DEFINITIONAL_REPRESENTATION('',(#557),#581);
#557 = B_SPLINE_CURVE_WITH_KNOTS('',8,(#558,#559,#560,#561,#562,#563,
    #564,#565,#566,#567,#568,#569,#570,#571,#572,#573,#574,#575,#576,
    #577,#578,#579,#580),.UNSPECIFIED.,.F.,.F.,(9,7,7,9),(0.,
    0.182451692031,0.33032823083,1.),.UNSPECIFIED.);
#558 = CARTESIAN_POINT('',(1.910633236249,6.));
#559 = CARTESIAN_POINT('',(1.948052833583,6.));
#560 = CARTESIAN_POINT('',(1.985014555149,5.993599002592));
#561 = CARTESIAN_POINT('',(2.02144765107,5.981409689731));
#562 = CARTESIAN_POINT('',(2.057286743167,5.964028221076));
#563 = CARTESIAN_POINT('',(2.092467685376,5.94204180862));
#564 = CARTESIAN_POINT('',(2.126924312467,5.916034236401));
#565 = CARTESIAN_POINT('',(2.160586077081,5.886589325312));
#566 = CARTESIAN_POINT('',(2.219953173482,5.828115737533));
#567 = CARTESIAN_POINT('',(2.246050122956,5.799974506353));
#568 = CARTESIAN_POINT('',(2.271685261132,5.770092207066));
#569 = CARTESIAN_POINT('',(2.296877386738,5.738665084077));
#570 = CARTESIAN_POINT('',(2.321646754781,5.705863245624));
#571 = CARTESIAN_POINT('',(2.346015571737,5.67183184081));
#572 = CARTESIAN_POINT('',(2.370008490733,5.636692236628));
#573 = CARTESIAN_POINT('',(2.500729807075,5.436839115521));
#574 = CARTESIAN_POINT('',(2.602030600537,5.250340177115));
#575 = CARTESIAN_POINT('',(2.69837191028,5.051420562047));
#576 = CARTESIAN_POINT('',(2.790637307863,4.846116623332));
#577 = CARTESIAN_POINT('',(2.879798982554,4.63778114078));
#578 = CARTESIAN_POINT('',(2.96702315183,4.427604782501));
#579 = CARTESIAN_POINT('',(3.053703706979,4.215283312378));
#580 = CARTESIAN_POINT('',(3.14159265359,4.));
#581 = ( GEOMETRIC_REPRESENTATION_CONTEXT(2) 
PARAMETRIC_REPRESENTATION_CONTEXT() REPRESENTATION_CONTEXT('2D SPACE',''
  ) );
#582 = ADVANCED_FACE('',(#583,#1376,#1407,#1438,#1469),#198,.T.);
#583 = FACE_BOUND('',#584,.T.);
#584 = EDGE_LOOP('',(#585,#620,#648,#676,#704,#732,#761,#789,#817,#845,
    #873,#906,#934,#962,#983,#984,#985,#1008,#1036,#1064,#1092,#1125,
    #1153,#1181,#1209,#1237,#1266,#1294,#1322,#1350));
#585 = ORIENTED_EDGE('',*,*,#586,.F.);
#586 = EDGE_CURVE('',#587,#589,#591,.T.);
#587 = VERTEX_POINT('',#588);
#588 = CARTESIAN_POINT('',(-72.86458190239,-28.50000533665,7.));
#589 = VERTEX_POINT('',#590);
#590 = CARTESIAN_POINT('',(-11.75056232165,77.352581631933,7.));
#591 = SURFACE_CURVE('',#592,(#597,#608),.PCURVE_S1.);
#592 = CIRCLE('',#593,78.24);
#593 = AXIS2_PLACEMENT_3D('',#594,#595,#596);
#594 = CARTESIAN_POINT('',(0.,0.,7.));
#595 = DIRECTION('',(0.,0.,-1.));
#596 = DIRECTION('',(0.150186123743,0.988657740694,0.));
#597 = PCURVE('',#198,#598);
#598 = DEFINITIONAL_REPRESENTATION('',(#599),#607);
#599 = ( BOUNDED_CURVE() B_SPLINE_CURVE(2,(#600,#601,#602,#603,#604,#605
,#606),.UNSPECIFIED.,.T.,.F.) B_SPLINE_CURVE_WITH_KNOTS((1,2,2,2,2,1),(
    -2.094395102393,0.,2.094395102393,4.188790204786,6.28318530718,
8.377580409573),.UNSPECIFIED.) CURVE() GEOMETRIC_REPRESENTATION_ITEM() 
RATIONAL_B_SPLINE_CURVE((1.,0.5,1.,0.5,1.,0.5,1.)) REPRESENTATION_ITEM(
  '') );
#600 = CARTESIAN_POINT('',(11.750562321657,77.352581631933));
#601 = CARTESIAN_POINT('',(145.72916380478,57.000010673318));
#602 = CARTESIAN_POINT('',(61.114019580735,-48.85257629527));
#603 = CARTESIAN_POINT('',(-23.50112464331,-154.7051632638));
#604 = CARTESIAN_POINT('',(-72.86458190239,-28.50000533665));
#605 = CARTESIAN_POINT('',(-122.2280391614,97.705152590548));
#606 = CARTESIAN_POINT('',(11.750562321657,77.352581631933));
#607 = ( GEOMETRIC_REPRESENTATION_CONTEXT(2) 
PARAMETRIC_REPRESENTATION_CONTEXT() REPRESENTATION_CONTEXT('2D SPACE',''
  ) );
#608 = PCURVE('',#609,#614);
#609 = CYLINDRICAL_SURFACE('',#610,78.24);
#610 = AXIS2_PLACEMENT_3D('',#611,#612,#613);
#611 = CARTESIAN_POINT('',(0.,0.,0.));
#612 = DIRECTION('',(0.,0.,1.));
#613 = DIRECTION('',(1.,0.,-0.));
#614 = DEFINITIONAL_REPRESENTATION('',(#615),#619);
#615 = LINE('',#616,#617);
#616 = CARTESIAN_POINT('',(7.703225104863,7.));
#617 = VECTOR('',#618,1.);
#618 = DIRECTION('',(-1.,-0.));
#619 = ( GEOMETRIC_REPRESENTATION_CONTEXT(2) 
PARAMETRIC_REPRESENTATION_CONTEXT() REPRESENTATION_CONTEXT('2D SPACE',''
  ) );
#620 = ORIENTED_EDGE('',*,*,#621,.T.);
#621 = EDGE_CURVE('',#587,#622,#624,.T.);
#622 = VERTEX_POINT('',#623);
#623 = CARTESIAN_POINT('',(-102.1639795189,-49.74679676972,7.));
#624 = SURFACE_CURVE('',#625,(#629,#636),.PCURVE_S1.);
#625 = LINE('',#626,#627);
#626 = CARTESIAN_POINT('',(-65.44757355425,-23.12147737193,7.));
#627 = VECTOR('',#628,1.);
#628 = DIRECTION('',(-0.809548356741,-0.587053198695,0.));
#629 = PCURVE('',#198,#630);
#630 = DEFINITIONAL_REPRESENTATION('',(#631),#635);
#631 = LINE('',#632,#633);
#632 = CARTESIAN_POINT('',(-65.44757355425,-23.12147737193));
#633 = VECTOR('',#634,1.);
#634 = DIRECTION('',(-0.809548356741,-0.587053198695));
#635 = ( GEOMETRIC_REPRESENTATION_CONTEXT(2) 
PARAMETRIC_REPRESENTATION_CONTEXT() REPRESENTATION_CONTEXT('2D SPACE',''
  ) );
#636 = PCURVE('',#637,#642);
#637 = PLANE('',#638);
#638 = AXIS2_PLACEMENT_3D('',#639,#640,#641);
#639 = CARTESIAN_POINT('',(-65.44757355425,-23.12147737193,0.));
#640 = DIRECTION('',(0.587053198695,-0.809548356741,0.));
#641 = DIRECTION('',(-0.809548356741,-0.587053198695,0.));
#642 = DEFINITIONAL_REPRESENTATION('',(#643),#647);
#643 = LINE('',#644,#645);
#644 = CARTESIAN_POINT('',(0.,-7.));
#645 = VECTOR('',#646,1.);
#646 = DIRECTION('',(1.,0.));
#647 = ( GEOMETRIC_REPRESENTATION_CONTEXT(2) 
PARAMETRIC_REPRESENTATION_CONTEXT() REPRESENTATION_CONTEXT('2D SPACE',''
  ) );
#648 = ORIENTED_EDGE('',*,*,#649,.T.);
#649 = EDGE_CURVE('',#622,#650,#652,.T.);
#650 = VERTEX_POINT('',#651);
#651 = CARTESIAN_POINT('',(-90.03962386598,-42.74679676972,7.));
#652 = SURFACE_CURVE('',#653,(#657,#664),.PCURVE_S1.);
#653 = LINE('',#654,#655);
#654 = CARTESIAN_POINT('',(-102.1639795189,-49.74679676972,7.));
#655 = VECTOR('',#656,1.);
#656 = DIRECTION('',(0.866025403784,0.5,-1.42108547152E-14));
#657 = PCURVE('',#198,#658);
#658 = DEFINITIONAL_REPRESENTATION('',(#659),#663);
#659 = LINE('',#660,#661);
#660 = CARTESIAN_POINT('',(-102.1639795189,-49.74679676972));
#661 = VECTOR('',#662,1.);
#662 = DIRECTION('',(0.866025403784,0.5));
#663 = ( GEOMETRIC_REPRESENTATION_CONTEXT(2) 
PARAMETRIC_REPRESENTATION_CONTEXT() REPRESENTATION_CONTEXT('2D SPACE',''
  ) );
#664 = PCURVE('',#665,#670);
#665 = PLANE('',#666);
#666 = AXIS2_PLACEMENT_3D('',#667,#668,#669);
#667 = CARTESIAN_POINT('',(-90.03962386598,-42.74679676972,6.99));
#668 = DIRECTION('',(0.5,-0.866025403784,0.));
#669 = DIRECTION('',(0.,0.,1.));
#670 = DEFINITIONAL_REPRESENTATION('',(#671),#675);
#671 = LINE('',#672,#673);
#672 = CARTESIAN_POINT('',(9.999999999998E-03,14.));
#673 = VECTOR('',#674,1.);
#674 = DIRECTION('',(-1.42108547152E-14,-1.));
#675 = ( GEOMETRIC_REPRESENTATION_CONTEXT(2) 
PARAMETRIC_REPRESENTATION_CONTEXT() REPRESENTATION_CONTEXT('2D SPACE',''
  ) );
#676 = ORIENTED_EDGE('',*,*,#677,.T.);
#677 = EDGE_CURVE('',#650,#678,#680,.T.);
#678 = VERTEX_POINT('',#679);
#679 = CARTESIAN_POINT('',(-88.53962386598,-45.34487298107,7.));
#680 = SURFACE_CURVE('',#681,(#685,#692),.PCURVE_S1.);
#681 = LINE('',#682,#683);
#682 = CARTESIAN_POINT('',(-90.53962386598,-41.88077136594,7.));
#683 = VECTOR('',#684,1.);
#684 = DIRECTION('',(0.5,-0.866025403784,0.));
#685 = PCURVE('',#198,#686);
#686 = DEFINITIONAL_REPRESENTATION('',(#687),#691);
#687 = LINE('',#688,#689);
#688 = CARTESIAN_POINT('',(-90.53962386598,-41.88077136594));
#689 = VECTOR('',#690,1.);
#690 = DIRECTION('',(0.5,-0.866025403784));
#691 = ( GEOMETRIC_REPRESENTATION_CONTEXT(2) 
PARAMETRIC_REPRESENTATION_CONTEXT() REPRESENTATION_CONTEXT('2D SPACE',''
  ) );
#692 = PCURVE('',#693,#698);
#693 = CYLINDRICAL_SURFACE('',#694,3.);
#694 = AXIS2_PLACEMENT_3D('',#695,#696,#697);
#695 = CARTESIAN_POINT('',(-90.53962386598,-41.88077136594,10.));
#696 = DIRECTION('',(0.5,-0.866025403784,0.));
#697 = DIRECTION('',(0.,0.,1.));
#698 = DEFINITIONAL_REPRESENTATION('',(#699),#703);
#699 = LINE('',#700,#701);
#700 = CARTESIAN_POINT('',(3.14159265359,0.));
#701 = VECTOR('',#702,1.);
#702 = DIRECTION('',(0.,1.));
#703 = ( GEOMETRIC_REPRESENTATION_CONTEXT(2) 
PARAMETRIC_REPRESENTATION_CONTEXT() REPRESENTATION_CONTEXT('2D SPACE',''
  ) );
#704 = ORIENTED_EDGE('',*,*,#705,.F.);
#705 = EDGE_CURVE('',#706,#678,#708,.T.);
#706 = VERTEX_POINT('',#707);
#707 = CARTESIAN_POINT('',(-66.3803667088,-32.55121989633,7.));
#708 = SURFACE_CURVE('',#709,(#713,#720),.PCURVE_S1.);
#709 = LINE('',#710,#711);
#710 = CARTESIAN_POINT('',(-60.73154815046,-29.28987298107,7.));
#711 = VECTOR('',#712,1.);
#712 = DIRECTION('',(-0.866025403784,-0.5,0.));
#713 = PCURVE('',#198,#714);
#714 = DEFINITIONAL_REPRESENTATION('',(#715),#719);
#715 = LINE('',#716,#717);
#716 = CARTESIAN_POINT('',(-60.73154815046,-29.28987298107));
#717 = VECTOR('',#718,1.);
#718 = DIRECTION('',(-0.866025403784,-0.5));
#719 = ( GEOMETRIC_REPRESENTATION_CONTEXT(2) 
PARAMETRIC_REPRESENTATION_CONTEXT() REPRESENTATION_CONTEXT('2D SPACE',''
  ) );
#720 = PCURVE('',#721,#726);
#721 = CYLINDRICAL_SURFACE('',#722,2.);
#722 = AXIS2_PLACEMENT_3D('',#723,#724,#725);
#723 = CARTESIAN_POINT('',(-60.73154815046,-29.28987298107,9.));
#724 = DIRECTION('',(-0.866025403784,-0.5,0.));
#725 = DIRECTION('',(0.,0.,1.));
#726 = DEFINITIONAL_REPRESENTATION('',(#727),#731);
#727 = LINE('',#728,#729);
#728 = CARTESIAN_POINT('',(3.14159265359,0.));
#729 = VECTOR('',#730,1.);
#730 = DIRECTION('',(0.,1.));
#731 = ( GEOMETRIC_REPRESENTATION_CONTEXT(2) 
PARAMETRIC_REPRESENTATION_CONTEXT() REPRESENTATION_CONTEXT('2D SPACE',''
  ) );
#732 = ORIENTED_EDGE('',*,*,#733,.F.);
#733 = EDGE_CURVE('',#734,#706,#736,.T.);
#734 = VERTEX_POINT('',#735);
#735 = CARTESIAN_POINT('',(-61.3803667088,-41.21147393418,7.));
#736 = SURFACE_CURVE('',#737,(#742,#749),.PCURVE_S1.);
#737 = CIRCLE('',#738,9.2);
#738 = AXIS2_PLACEMENT_3D('',#739,#740,#741);
#739 = CARTESIAN_POINT('',(-57.19231766592,-33.02,7.));
#740 = DIRECTION('',(0.,0.,1.));
#741 = DIRECTION('',(-0.655644785115,-0.755069477433,0.));
#742 = PCURVE('',#198,#743);
#743 = DEFINITIONAL_REPRESENTATION('',(#744),#748);
#744 = CIRCLE('',#745,9.2);
#745 = AXIS2_PLACEMENT_2D('',#746,#747);
#746 = CARTESIAN_POINT('',(-57.19231766592,-33.02));
#747 = DIRECTION('',(-0.655644785115,-0.755069477433));
#748 = ( GEOMETRIC_REPRESENTATION_CONTEXT(2) 
PARAMETRIC_REPRESENTATION_CONTEXT() REPRESENTATION_CONTEXT('2D SPACE',''
  ) );
#749 = PCURVE('',#750,#755);
#750 = TOROIDAL_SURFACE('',#751,9.2,2.);
#751 = AXIS2_PLACEMENT_3D('',#752,#753,#754);
#752 = CARTESIAN_POINT('',(-57.19231766592,-33.02,9.));
#753 = DIRECTION('',(-0.,-0.,-1.));
#754 = DIRECTION('',(1.,0.,-0.));
#755 = DEFINITIONAL_REPRESENTATION('',(#756),#760);
#756 = LINE('',#757,#758);
#757 = CARTESIAN_POINT('',(-3.99735273473,1.570796326795));
#758 = VECTOR('',#759,1.);
#759 = DIRECTION('',(-1.,0.));
#760 = ( GEOMETRIC_REPRESENTATION_CONTEXT(2) 
PARAMETRIC_REPRESENTATION_CONTEXT() REPRESENTATION_CONTEXT('2D SPACE',''
  ) );
#761 = ORIENTED_EDGE('',*,*,#762,.T.);
#762 = EDGE_CURVE('',#734,#763,#765,.T.);
#763 = VERTEX_POINT('',#764);
#764 = CARTESIAN_POINT('',(-83.53962386598,-54.00512701892,7.));
#765 = SURFACE_CURVE('',#766,(#770,#777),.PCURVE_S1.);
#766 = LINE('',#767,#768);
#767 = CARTESIAN_POINT('',(-55.73154815046,-37.95012701892,7.));
#768 = VECTOR('',#769,1.);
#769 = DIRECTION('',(-0.866025403784,-0.5,0.));
#770 = PCURVE('',#198,#771);
#771 = DEFINITIONAL_REPRESENTATION('',(#772),#776);
#772 = LINE('',#773,#774);
#773 = CARTESIAN_POINT('',(-55.73154815046,-37.95012701892));
#774 = VECTOR('',#775,1.);
#775 = DIRECTION('',(-0.866025403784,-0.5));
#776 = ( GEOMETRIC_REPRESENTATION_CONTEXT(2) 
PARAMETRIC_REPRESENTATION_CONTEXT() REPRESENTATION_CONTEXT('2D SPACE',''
  ) );
#777 = PCURVE('',#778,#783);
#778 = CYLINDRICAL_SURFACE('',#779,2.);
#779 = AXIS2_PLACEMENT_3D('',#780,#781,#782);
#780 = CARTESIAN_POINT('',(-55.73154815046,-37.95012701892,9.));
#781 = DIRECTION('',(-0.866025403784,-0.5,0.));
#782 = DIRECTION('',(0.,0.,1.));
#783 = DEFINITIONAL_REPRESENTATION('',(#784),#788);
#784 = LINE('',#785,#786);
#785 = CARTESIAN_POINT('',(3.14159265359,0.));
#786 = VECTOR('',#787,1.);
#787 = DIRECTION('',(0.,1.));
#788 = ( GEOMETRIC_REPRESENTATION_CONTEXT(2) 
PARAMETRIC_REPRESENTATION_CONTEXT() REPRESENTATION_CONTEXT('2D SPACE',''
  ) );
#789 = ORIENTED_EDGE('',*,*,#790,.T.);
#790 = EDGE_CURVE('',#763,#791,#793,.T.);
#791 = VERTEX_POINT('',#792);
#792 = CARTESIAN_POINT('',(-82.03962386598,-56.60320323027,7.));
#793 = SURFACE_CURVE('',#794,(#798,#805),.PCURVE_S1.);
#794 = LINE('',#795,#796);
#795 = CARTESIAN_POINT('',(-90.53962386598,-41.88077136594,7.));
#796 = VECTOR('',#797,1.);
#797 = DIRECTION('',(0.5,-0.866025403784,0.));
#798 = PCURVE('',#198,#799);
#799 = DEFINITIONAL_REPRESENTATION('',(#800),#804);
#800 = LINE('',#801,#802);
#801 = CARTESIAN_POINT('',(-90.53962386598,-41.88077136594));
#802 = VECTOR('',#803,1.);
#803 = DIRECTION('',(0.5,-0.866025403784));
#804 = ( GEOMETRIC_REPRESENTATION_CONTEXT(2) 
PARAMETRIC_REPRESENTATION_CONTEXT() REPRESENTATION_CONTEXT('2D SPACE',''
  ) );
#805 = PCURVE('',#806,#811);
#806 = CYLINDRICAL_SURFACE('',#807,3.);
#807 = AXIS2_PLACEMENT_3D('',#808,#809,#810);
#808 = CARTESIAN_POINT('',(-90.53962386598,-41.88077136594,10.));
#809 = DIRECTION('',(0.5,-0.866025403784,0.));
#810 = DIRECTION('',(0.,0.,1.));
#811 = DEFINITIONAL_REPRESENTATION('',(#812),#816);
#812 = LINE('',#813,#814);
#813 = CARTESIAN_POINT('',(3.14159265359,0.));
#814 = VECTOR('',#815,1.);
#815 = DIRECTION('',(0.,1.));
#816 = ( GEOMETRIC_REPRESENTATION_CONTEXT(2) 
PARAMETRIC_REPRESENTATION_CONTEXT() REPRESENTATION_CONTEXT('2D SPACE',''
  ) );
#817 = ORIENTED_EDGE('',*,*,#818,.T.);
#818 = EDGE_CURVE('',#791,#819,#821,.T.);
#819 = VERTEX_POINT('',#820);
#820 = CARTESIAN_POINT('',(-94.16397951896,-63.60320323027,7.));
#821 = SURFACE_CURVE('',#822,(#826,#833),.PCURVE_S1.);
#822 = LINE('',#823,#824);
#823 = CARTESIAN_POINT('',(-82.03962386598,-56.60320323027,7.));
#824 = VECTOR('',#825,1.);
#825 = DIRECTION('',(-0.866025403784,-0.5,1.42108547152E-14));
#826 = PCURVE('',#198,#827);
#827 = DEFINITIONAL_REPRESENTATION('',(#828),#832);
#828 = LINE('',#829,#830);
#829 = CARTESIAN_POINT('',(-82.03962386598,-56.60320323027));
#830 = VECTOR('',#831,1.);
#831 = DIRECTION('',(-0.866025403784,-0.5));
#832 = ( GEOMETRIC_REPRESENTATION_CONTEXT(2) 
PARAMETRIC_REPRESENTATION_CONTEXT() REPRESENTATION_CONTEXT('2D SPACE',''
  ) );
#833 = PCURVE('',#834,#839);
#834 = PLANE('',#835);
#835 = AXIS2_PLACEMENT_3D('',#836,#837,#838);
#836 = CARTESIAN_POINT('',(-94.16397951896,-63.60320323027,0.));
#837 = DIRECTION('',(-0.5,0.866025403784,0.));
#838 = DIRECTION('',(0.866025403784,0.5,0.));
#839 = DEFINITIONAL_REPRESENTATION('',(#840),#844);
#840 = LINE('',#841,#842);
#841 = CARTESIAN_POINT('',(14.,-7.));
#842 = VECTOR('',#843,1.);
#843 = DIRECTION('',(-1.,-1.42108547152E-14));
#844 = ( GEOMETRIC_REPRESENTATION_CONTEXT(2) 
PARAMETRIC_REPRESENTATION_CONTEXT() REPRESENTATION_CONTEXT('2D SPACE',''
  ) );
#845 = ORIENTED_EDGE('',*,*,#846,.T.);
#846 = EDGE_CURVE('',#819,#847,#849,.T.);
#847 = VERTEX_POINT('',#848);
#848 = CARTESIAN_POINT('',(-61.11401958073,-48.85257629527,7.));
#849 = SURFACE_CURVE('',#850,(#854,#861),.PCURVE_S1.);
#850 = LINE('',#851,#852);
#851 = CARTESIAN_POINT('',(-94.16397951896,-63.60320323027,7.));
#852 = VECTOR('',#853,1.);
#853 = DIRECTION('',(0.913177161813,0.407562843182,0.));
#854 = PCURVE('',#198,#855);
#855 = DEFINITIONAL_REPRESENTATION('',(#856),#860);
#856 = LINE('',#857,#858);
#857 = CARTESIAN_POINT('',(-94.16397951896,-63.60320323027));
#858 = VECTOR('',#859,1.);
#859 = DIRECTION('',(0.913177161813,0.407562843182));
#860 = ( GEOMETRIC_REPRESENTATION_CONTEXT(2) 
PARAMETRIC_REPRESENTATION_CONTEXT() REPRESENTATION_CONTEXT('2D SPACE',''
  ) );
#861 = PCURVE('',#862,#867);
#862 = PLANE('',#863);
#863 = AXIS2_PLACEMENT_3D('',#864,#865,#866);
#864 = CARTESIAN_POINT('',(-94.16397951896,-63.60320323027,0.));
#865 = DIRECTION('',(-0.407562843182,0.913177161813,0.));
#866 = DIRECTION('',(0.913177161813,0.407562843182,0.));
#867 = DEFINITIONAL_REPRESENTATION('',(#868),#872);
#868 = LINE('',#869,#870);
#869 = CARTESIAN_POINT('',(0.,-7.));
#870 = VECTOR('',#871,1.);
#871 = DIRECTION('',(1.,0.));
#872 = ( GEOMETRIC_REPRESENTATION_CONTEXT(2) 
PARAMETRIC_REPRESENTATION_CONTEXT() REPRESENTATION_CONTEXT('2D SPACE',''
  ) );
#873 = ORIENTED_EDGE('',*,*,#874,.F.);
#874 = EDGE_CURVE('',#875,#847,#877,.T.);
#875 = VERTEX_POINT('',#876);
#876 = CARTESIAN_POINT('',(61.114019580738,-48.85257629527,7.));
#877 = SURFACE_CURVE('',#878,(#883,#894),.PCURVE_S1.);
#878 = CIRCLE('',#879,78.24);
#879 = AXIS2_PLACEMENT_3D('',#880,#881,#882);
#880 = CARTESIAN_POINT('',(0.,0.,7.));
#881 = DIRECTION('',(0.,0.,-1.));
#882 = DIRECTION('',(0.150186123743,0.988657740694,0.));
#883 = PCURVE('',#198,#884);
#884 = DEFINITIONAL_REPRESENTATION('',(#885),#893);
#885 = ( BOUNDED_CURVE() B_SPLINE_CURVE(2,(#886,#887,#888,#889,#890,#891
,#892),.UNSPECIFIED.,.T.,.F.) B_SPLINE_CURVE_WITH_KNOTS((1,2,2,2,2,1),(
    -2.094395102393,0.,2.094395102393,4.188790204786,6.28318530718,
8.377580409573),.UNSPECIFIED.) CURVE() GEOMETRIC_REPRESENTATION_ITEM() 
RATIONAL_B_SPLINE_CURVE((1.,0.5,1.,0.5,1.,0.5,1.)) REPRESENTATION_ITEM(
  '') );
#886 = CARTESIAN_POINT('',(11.750562321657,77.352581631933));
#887 = CARTESIAN_POINT('',(145.72916380478,57.000010673318));
#888 = CARTESIAN_POINT('',(61.114019580735,-48.85257629527));
#889 = CARTESIAN_POINT('',(-23.50112464331,-154.7051632638));
#890 = CARTESIAN_POINT('',(-72.86458190239,-28.50000533665));
#891 = CARTESIAN_POINT('',(-122.2280391614,97.705152590548));
#892 = CARTESIAN_POINT('',(11.750562321657,77.352581631933));
#893 = ( GEOMETRIC_REPRESENTATION_CONTEXT(2) 
PARAMETRIC_REPRESENTATION_CONTEXT() REPRESENTATION_CONTEXT('2D SPACE',''
  ) );
#894 = PCURVE('',#895,#900);
#895 = CYLINDRICAL_SURFACE('',#896,78.24);
#896 = AXIS2_PLACEMENT_3D('',#897,#898,#899);
#897 = CARTESIAN_POINT('',(0.,0.,0.));
#898 = DIRECTION('',(0.,0.,1.));
#899 = DIRECTION('',(1.,0.,-0.));
#900 = DEFINITIONAL_REPRESENTATION('',(#901),#905);
#901 = LINE('',#902,#903);
#902 = CARTESIAN_POINT('',(7.703225104863,7.));
#903 = VECTOR('',#904,1.);
#904 = DIRECTION('',(-1.,-0.));
#905 = ( GEOMETRIC_REPRESENTATION_CONTEXT(2) 
PARAMETRIC_REPRESENTATION_CONTEXT() REPRESENTATION_CONTEXT('2D SPACE',''
  ) );
#906 = ORIENTED_EDGE('',*,*,#907,.T.);
#907 = EDGE_CURVE('',#875,#908,#910,.T.);
#908 = VERTEX_POINT('',#909);
#909 = CARTESIAN_POINT('',(94.163979518966,-63.60320323027,7.));
#910 = SURFACE_CURVE('',#911,(#915,#922),.PCURVE_S1.);
#911 = LINE('',#912,#913);
#912 = CARTESIAN_POINT('',(52.74757355425,-45.11852262806,7.));
#913 = VECTOR('',#914,1.);
#914 = DIRECTION('',(0.913177161813,-0.407562843182,-0.));
#915 = PCURVE('',#198,#916);
#916 = DEFINITIONAL_REPRESENTATION('',(#917),#921);
#917 = LINE('',#918,#919);
#918 = CARTESIAN_POINT('',(52.74757355425,-45.11852262806));
#919 = VECTOR('',#920,1.);
#920 = DIRECTION('',(0.913177161813,-0.407562843182));
#921 = ( GEOMETRIC_REPRESENTATION_CONTEXT(2) 
PARAMETRIC_REPRESENTATION_CONTEXT() REPRESENTATION_CONTEXT('2D SPACE',''
  ) );
#922 = PCURVE('',#923,#928);
#923 = PLANE('',#924);
#924 = AXIS2_PLACEMENT_3D('',#925,#926,#927);
#925 = CARTESIAN_POINT('',(52.74757355425,-45.11852262806,0.));
#926 = DIRECTION('',(0.407562843182,0.913177161813,-0.));
#927 = DIRECTION('',(0.913177161813,-0.407562843182,0.));
#928 = DEFINITIONAL_REPRESENTATION('',(#929),#933);
#929 = LINE('',#930,#931);
#930 = CARTESIAN_POINT('',(0.,-7.));
#931 = VECTOR('',#932,1.);
#932 = DIRECTION('',(1.,0.));
#933 = ( GEOMETRIC_REPRESENTATION_CONTEXT(2) 
PARAMETRIC_REPRESENTATION_CONTEXT() REPRESENTATION_CONTEXT('2D SPACE',''
  ) );
#934 = ORIENTED_EDGE('',*,*,#935,.T.);
#935 = EDGE_CURVE('',#908,#936,#938,.T.);
#936 = VERTEX_POINT('',#937);
#937 = CARTESIAN_POINT('',(82.039623865984,-56.60320323027,7.));
#938 = SURFACE_CURVE('',#939,(#943,#950),.PCURVE_S1.);
#939 = LINE('',#940,#941);
#940 = CARTESIAN_POINT('',(94.163979518966,-63.60320323027,7.));
#941 = VECTOR('',#942,1.);
#942 = DIRECTION('',(-0.866025403784,0.5,-1.42108547152E-14));
#943 = PCURVE('',#198,#944);
#944 = DEFINITIONAL_REPRESENTATION('',(#945),#949);
#945 = LINE('',#946,#947);
#946 = CARTESIAN_POINT('',(94.163979518966,-63.60320323027));
#947 = VECTOR('',#948,1.);
#948 = DIRECTION('',(-0.866025403784,0.5));
#949 = ( GEOMETRIC_REPRESENTATION_CONTEXT(2) 
PARAMETRIC_REPRESENTATION_CONTEXT() REPRESENTATION_CONTEXT('2D SPACE',''
  ) );
#950 = PCURVE('',#951,#956);
#951 = PLANE('',#952);
#952 = AXIS2_PLACEMENT_3D('',#953,#954,#955);
#953 = CARTESIAN_POINT('',(82.039623865984,-56.60320323027,6.99));
#954 = DIRECTION('',(0.5,0.866025403784,0.));
#955 = DIRECTION('',(0.,0.,1.));
#956 = DEFINITIONAL_REPRESENTATION('',(#957),#961);
#957 = LINE('',#958,#959);
#958 = CARTESIAN_POINT('',(9.999999999998E-03,14.));
#959 = VECTOR('',#960,1.);
#960 = DIRECTION('',(-1.42108547152E-14,-1.));
#961 = ( GEOMETRIC_REPRESENTATION_CONTEXT(2) 
PARAMETRIC_REPRESENTATION_CONTEXT() REPRESENTATION_CONTEXT('2D SPACE',''
  ) );
#962 = ORIENTED_EDGE('',*,*,#963,.T.);
#963 = EDGE_CURVE('',#936,#451,#964,.T.);
#964 = SURFACE_CURVE('',#965,(#969,#976),.PCURVE_S1.);
#965 = LINE('',#966,#967);
#966 = CARTESIAN_POINT('',(81.539623865984,-57.46922863406,7.));
#967 = VECTOR('',#968,1.);
#968 = DIRECTION('',(0.5,0.866025403784,0.));
#969 = PCURVE('',#198,#970);
#970 = DEFINITIONAL_REPRESENTATION('',(#971),#975);
#971 = LINE('',#972,#973);
#972 = CARTESIAN_POINT('',(81.539623865984,-57.46922863406));
#973 = VECTOR('',#974,1.);
#974 = DIRECTION('',(0.5,0.866025403784));
#975 = ( GEOMETRIC_REPRESENTATION_CONTEXT(2) 
PARAMETRIC_REPRESENTATION_CONTEXT() REPRESENTATION_CONTEXT('2D SPACE',''
  ) );
#976 = PCURVE('',#551,#977);
#977 = DEFINITIONAL_REPRESENTATION('',(#978),#982);
#978 = LINE('',#979,#980);
#979 = CARTESIAN_POINT('',(3.14159265359,0.));
#980 = VECTOR('',#981,1.);
#981 = DIRECTION('',(0.,1.));
#982 = ( GEOMETRIC_REPRESENTATION_CONTEXT(2) 
PARAMETRIC_REPRESENTATION_CONTEXT() REPRESENTATION_CONTEXT('2D SPACE',''
  ) );
#983 = ORIENTED_EDGE('',*,*,#450,.F.);
#984 = ORIENTED_EDGE('',*,*,#181,.F.);
#985 = ORIENTED_EDGE('',*,*,#986,.T.);
#986 = EDGE_CURVE('',#82,#987,#989,.T.);
#987 = VERTEX_POINT('',#988);
#988 = CARTESIAN_POINT('',(88.539623865984,-45.34487298107,7.));
#989 = SURFACE_CURVE('',#990,(#994,#1001),.PCURVE_S1.);
#990 = LINE('',#991,#992);
#991 = CARTESIAN_POINT('',(60.731548150466,-29.28987298107,7.));
#992 = VECTOR('',#993,1.);
#993 = DIRECTION('',(0.866025403784,-0.5,0.));
#994 = PCURVE('',#198,#995);
#995 = DEFINITIONAL_REPRESENTATION('',(#996),#1000);
#996 = LINE('',#997,#998);
#997 = CARTESIAN_POINT('',(60.731548150466,-29.28987298107));
#998 = VECTOR('',#999,1.);
#999 = DIRECTION('',(0.866025403784,-0.5));
#1000 = ( GEOMETRIC_REPRESENTATION_CONTEXT(2) 
PARAMETRIC_REPRESENTATION_CONTEXT() REPRESENTATION_CONTEXT('2D SPACE',''
  ) );
#1001 = PCURVE('',#145,#1002);
#1002 = DEFINITIONAL_REPRESENTATION('',(#1003),#1007);
#1003 = LINE('',#1004,#1005);
#1004 = CARTESIAN_POINT('',(3.14159265359,0.));
#1005 = VECTOR('',#1006,1.);
#1006 = DIRECTION('',(0.,1.));
#1007 = ( GEOMETRIC_REPRESENTATION_CONTEXT(2) 
PARAMETRIC_REPRESENTATION_CONTEXT() REPRESENTATION_CONTEXT('2D SPACE',''
  ) );
#1008 = ORIENTED_EDGE('',*,*,#1009,.T.);
#1009 = EDGE_CURVE('',#987,#1010,#1012,.T.);
#1010 = VERTEX_POINT('',#1011);
#1011 = CARTESIAN_POINT('',(90.039623865984,-42.74679676972,7.));
#1012 = SURFACE_CURVE('',#1013,(#1017,#1024),.PCURVE_S1.);
#1013 = LINE('',#1014,#1015);
#1014 = CARTESIAN_POINT('',(81.539623865984,-57.46922863406,7.));
#1015 = VECTOR('',#1016,1.);
#1016 = DIRECTION('',(0.5,0.866025403784,0.));
#1017 = PCURVE('',#198,#1018);
#1018 = DEFINITIONAL_REPRESENTATION('',(#1019),#1023);
#1019 = LINE('',#1020,#1021);
#1020 = CARTESIAN_POINT('',(81.539623865984,-57.46922863406));
#1021 = VECTOR('',#1022,1.);
#1022 = DIRECTION('',(0.5,0.866025403784));
#1023 = ( GEOMETRIC_REPRESENTATION_CONTEXT(2) 
PARAMETRIC_REPRESENTATION_CONTEXT() REPRESENTATION_CONTEXT('2D SPACE',''
  ) );
#1024 = PCURVE('',#1025,#1030);
#1025 = CYLINDRICAL_SURFACE('',#1026,3.);
#1026 = AXIS2_PLACEMENT_3D('',#1027,#1028,#1029);
#1027 = CARTESIAN_POINT('',(81.539623865984,-57.46922863406,10.));
#1028 = DIRECTION('',(0.5,0.866025403784,0.));
#1029 = DIRECTION('',(0.,0.,1.));
#1030 = DEFINITIONAL_REPRESENTATION('',(#1031),#1035);
#1031 = LINE('',#1032,#1033);
#1032 = CARTESIAN_POINT('',(3.14159265359,0.));
#1033 = VECTOR('',#1034,1.);
#1034 = DIRECTION('',(0.,1.));
#1035 = ( GEOMETRIC_REPRESENTATION_CONTEXT(2) 
PARAMETRIC_REPRESENTATION_CONTEXT() REPRESENTATION_CONTEXT('2D SPACE',''
  ) );
#1036 = ORIENTED_EDGE('',*,*,#1037,.T.);
#1037 = EDGE_CURVE('',#1010,#1038,#1040,.T.);
#1038 = VERTEX_POINT('',#1039);
#1039 = CARTESIAN_POINT('',(102.16397951896,-49.74679676972,7.));
#1040 = SURFACE_CURVE('',#1041,(#1045,#1052),.PCURVE_S1.);
#1041 = LINE('',#1042,#1043);
#1042 = CARTESIAN_POINT('',(90.039623865984,-42.74679676972,7.));
#1043 = VECTOR('',#1044,1.);
#1044 = DIRECTION('',(0.866025403784,-0.5,1.42108547152E-14));
#1045 = PCURVE('',#198,#1046);
#1046 = DEFINITIONAL_REPRESENTATION('',(#1047),#1051);
#1047 = LINE('',#1048,#1049);
#1048 = CARTESIAN_POINT('',(90.039623865984,-42.74679676972));
#1049 = VECTOR('',#1050,1.);
#1050 = DIRECTION('',(0.866025403784,-0.5));
#1051 = ( GEOMETRIC_REPRESENTATION_CONTEXT(2) 
PARAMETRIC_REPRESENTATION_CONTEXT() REPRESENTATION_CONTEXT('2D SPACE',''
  ) );
#1052 = PCURVE('',#1053,#1058);
#1053 = PLANE('',#1054);
#1054 = AXIS2_PLACEMENT_3D('',#1055,#1056,#1057);
#1055 = CARTESIAN_POINT('',(102.16397951896,-49.74679676972,0.));
#1056 = DIRECTION('',(-0.5,-0.866025403784,0.));
#1057 = DIRECTION('',(-0.866025403784,0.5,0.));
#1058 = DEFINITIONAL_REPRESENTATION('',(#1059),#1063);
#1059 = LINE('',#1060,#1061);
#1060 = CARTESIAN_POINT('',(14.,-7.));
#1061 = VECTOR('',#1062,1.);
#1062 = DIRECTION('',(-1.,-1.42108547152E-14));
#1063 = ( GEOMETRIC_REPRESENTATION_CONTEXT(2) 
PARAMETRIC_REPRESENTATION_CONTEXT() REPRESENTATION_CONTEXT('2D SPACE',''
  ) );
#1064 = ORIENTED_EDGE('',*,*,#1065,.T.);
#1065 = EDGE_CURVE('',#1038,#1066,#1068,.T.);
#1066 = VERTEX_POINT('',#1067);
#1067 = CARTESIAN_POINT('',(72.864581902392,-28.50000533665,7.));
#1068 = SURFACE_CURVE('',#1069,(#1073,#1080),.PCURVE_S1.);
#1069 = LINE('',#1070,#1071);
#1070 = CARTESIAN_POINT('',(102.16397951896,-49.74679676972,7.));
#1071 = VECTOR('',#1072,1.);
#1072 = DIRECTION('',(-0.809548356741,0.587053198695,0.));
#1073 = PCURVE('',#198,#1074);
#1074 = DEFINITIONAL_REPRESENTATION('',(#1075),#1079);
#1075 = LINE('',#1076,#1077);
#1076 = CARTESIAN_POINT('',(102.16397951896,-49.74679676972));
#1077 = VECTOR('',#1078,1.);
#1078 = DIRECTION('',(-0.809548356741,0.587053198695));
#1079 = ( GEOMETRIC_REPRESENTATION_CONTEXT(2) 
PARAMETRIC_REPRESENTATION_CONTEXT() REPRESENTATION_CONTEXT('2D SPACE',''
  ) );
#1080 = PCURVE('',#1081,#1086);
#1081 = PLANE('',#1082);
#1082 = AXIS2_PLACEMENT_3D('',#1083,#1084,#1085);
#1083 = CARTESIAN_POINT('',(102.16397951896,-49.74679676972,0.));
#1084 = DIRECTION('',(-0.587053198695,-0.809548356741,0.));
#1085 = DIRECTION('',(-0.809548356741,0.587053198695,0.));
#1086 = DEFINITIONAL_REPRESENTATION('',(#1087),#1091);
#1087 = LINE('',#1088,#1089);
#1088 = CARTESIAN_POINT('',(0.,-7.));
#1089 = VECTOR('',#1090,1.);
#1090 = DIRECTION('',(1.,0.));
#1091 = ( GEOMETRIC_REPRESENTATION_CONTEXT(2) 
PARAMETRIC_REPRESENTATION_CONTEXT() REPRESENTATION_CONTEXT('2D SPACE',''
  ) );
#1092 = ORIENTED_EDGE('',*,*,#1093,.F.);
#1093 = EDGE_CURVE('',#1094,#1066,#1096,.T.);
#1094 = VERTEX_POINT('',#1095);
#1095 = CARTESIAN_POINT('',(11.750562321657,77.352581631933,7.));
#1096 = SURFACE_CURVE('',#1097,(#1102,#1113),.PCURVE_S1.);
#1097 = CIRCLE('',#1098,78.24);
#1098 = AXIS2_PLACEMENT_3D('',#1099,#1100,#1101);
#1099 = CARTESIAN_POINT('',(0.,0.,7.));
#1100 = DIRECTION('',(0.,0.,-1.));
#1101 = DIRECTION('',(0.150186123743,0.988657740694,0.));
#1102 = PCURVE('',#198,#1103);
#1103 = DEFINITIONAL_REPRESENTATION('',(#1104),#1112);
#1104 = ( BOUNDED_CURVE() B_SPLINE_CURVE(2,(#1105,#1106,#1107,#1108,
#1109,#1110,#1111),.UNSPECIFIED.,.T.,.F.) B_SPLINE_CURVE_WITH_KNOTS((1,2
    ,2,2,2,1),(-2.094395102393,0.,2.094395102393,4.188790204786,
6.28318530718,8.377580409573),.UNSPECIFIED.) CURVE() 
GEOMETRIC_REPRESENTATION_ITEM() RATIONAL_B_SPLINE_CURVE((1.,0.5,1.,0.5,
1.,0.5,1.)) REPRESENTATION_ITEM('') );
#1105 = CARTESIAN_POINT('',(11.750562321657,77.352581631933));
#1106 = CARTESIAN_POINT('',(145.72916380478,57.000010673318));
#1107 = CARTESIAN_POINT('',(61.114019580735,-48.85257629527));
#1108 = CARTESIAN_POINT('',(-23.50112464331,-154.7051632638));
#1109 = CARTESIAN_POINT('',(-72.86458190239,-28.50000533665));
#1110 = CARTESIAN_POINT('',(-122.2280391614,97.705152590548));
#1111 = CARTESIAN_POINT('',(11.750562321657,77.352581631933));
#1112 = ( GEOMETRIC_REPRESENTATION_CONTEXT(2) 
PARAMETRIC_REPRESENTATION_CONTEXT() REPRESENTATION_CONTEXT('2D SPACE',''
  ) );
#1113 = PCURVE('',#1114,#1119);
#1114 = CYLINDRICAL_SURFACE('',#1115,78.24);
#1115 = AXIS2_PLACEMENT_3D('',#1116,#1117,#1118);
#1116 = CARTESIAN_POINT('',(0.,0.,0.));
#1117 = DIRECTION('',(0.,0.,1.));
#1118 = DIRECTION('',(1.,0.,-0.));
#1119 = DEFINITIONAL_REPRESENTATION('',(#1120),#1124);
#1120 = LINE('',#1121,#1122);
#1121 = CARTESIAN_POINT('',(7.703225104863,7.));
#1122 = VECTOR('',#1123,1.);
#1123 = DIRECTION('',(-1.,-0.));
#1124 = ( GEOMETRIC_REPRESENTATION_CONTEXT(2) 
PARAMETRIC_REPRESENTATION_CONTEXT() REPRESENTATION_CONTEXT('2D SPACE',''
  ) );
#1125 = ORIENTED_EDGE('',*,*,#1126,.T.);
#1126 = EDGE_CURVE('',#1094,#1127,#1129,.T.);
#1127 = VERTEX_POINT('',#1128);
#1128 = CARTESIAN_POINT('',(8.,113.35,7.));
#1129 = SURFACE_CURVE('',#1130,(#1134,#1141),.PCURVE_S1.);
#1130 = LINE('',#1131,#1132);
#1131 = CARTESIAN_POINT('',(12.7,68.24,7.));
#1132 = VECTOR('',#1133,1.);
#1133 = DIRECTION('',(-0.103628805073,0.994616041877,0.));
#1134 = PCURVE('',#198,#1135);
#1135 = DEFINITIONAL_REPRESENTATION('',(#1136),#1140);
#1136 = LINE('',#1137,#1138);
#1137 = CARTESIAN_POINT('',(12.7,68.24));
#1138 = VECTOR('',#1139,1.);
#1139 = DIRECTION('',(-0.103628805073,0.994616041877));
#1140 = ( GEOMETRIC_REPRESENTATION_CONTEXT(2) 
PARAMETRIC_REPRESENTATION_CONTEXT() REPRESENTATION_CONTEXT('2D SPACE',''
  ) );
#1141 = PCURVE('',#1142,#1147);
#1142 = PLANE('',#1143);
#1143 = AXIS2_PLACEMENT_3D('',#1144,#1145,#1146);
#1144 = CARTESIAN_POINT('',(12.7,68.24,0.));
#1145 = DIRECTION('',(-0.994616041877,-0.103628805073,0.));
#1146 = DIRECTION('',(-0.103628805073,0.994616041877,0.));
#1147 = DEFINITIONAL_REPRESENTATION('',(#1148),#1152);
#1148 = LINE('',#1149,#1150);
#1149 = CARTESIAN_POINT('',(0.,-7.));
#1150 = VECTOR('',#1151,1.);
#1151 = DIRECTION('',(1.,0.));
#1152 = ( GEOMETRIC_REPRESENTATION_CONTEXT(2) 
PARAMETRIC_REPRESENTATION_CONTEXT() REPRESENTATION_CONTEXT('2D SPACE',''
  ) );
#1153 = ORIENTED_EDGE('',*,*,#1154,.T.);
#1154 = EDGE_CURVE('',#1127,#1155,#1157,.T.);
#1155 = VERTEX_POINT('',#1156);
#1156 = CARTESIAN_POINT('',(8.,99.35,7.));
#1157 = SURFACE_CURVE('',#1158,(#1162,#1169),.PCURVE_S1.);
#1158 = LINE('',#1159,#1160);
#1159 = CARTESIAN_POINT('',(8.,113.35,7.));
#1160 = VECTOR('',#1161,1.);
#1161 = DIRECTION('',(2.537652627715E-16,-1.,-1.42108547152E-14));
#1162 = PCURVE('',#198,#1163);
#1163 = DEFINITIONAL_REPRESENTATION('',(#1164),#1168);
#1164 = LINE('',#1165,#1166);
#1165 = CARTESIAN_POINT('',(8.,113.35));
#1166 = VECTOR('',#1167,1.);
#1167 = DIRECTION('',(2.537652627715E-16,-1.));
#1168 = ( GEOMETRIC_REPRESENTATION_CONTEXT(2) 
PARAMETRIC_REPRESENTATION_CONTEXT() REPRESENTATION_CONTEXT('2D SPACE',''
  ) );
#1169 = PCURVE('',#1170,#1175);
#1170 = PLANE('',#1171);
#1171 = AXIS2_PLACEMENT_3D('',#1172,#1173,#1174);
#1172 = CARTESIAN_POINT('',(8.,99.35,6.99));
#1173 = DIRECTION('',(-1.,1.110223024625E-16,0.));
#1174 = DIRECTION('',(0.,0.,1.));
#1175 = DEFINITIONAL_REPRESENTATION('',(#1176),#1180);
#1176 = LINE('',#1177,#1178);
#1177 = CARTESIAN_POINT('',(9.999999999998E-03,14.));
#1178 = VECTOR('',#1179,1.);
#1179 = DIRECTION('',(-1.42108547152E-14,-1.));
#1180 = ( GEOMETRIC_REPRESENTATION_CONTEXT(2) 
PARAMETRIC_REPRESENTATION_CONTEXT() REPRESENTATION_CONTEXT('2D SPACE',''
  ) );
#1181 = ORIENTED_EDGE('',*,*,#1182,.T.);
#1182 = EDGE_CURVE('',#1155,#1183,#1185,.T.);
#1183 = VERTEX_POINT('',#1184);
#1184 = CARTESIAN_POINT('',(5.,99.35,7.));
#1185 = SURFACE_CURVE('',#1186,(#1190,#1197),.PCURVE_S1.);
#1186 = LINE('',#1187,#1188);
#1187 = CARTESIAN_POINT('',(9.,99.35,7.));
#1188 = VECTOR('',#1189,1.);
#1189 = DIRECTION('',(-1.,1.110223024625E-16,0.));
#1190 = PCURVE('',#198,#1191);
#1191 = DEFINITIONAL_REPRESENTATION('',(#1192),#1196);
#1192 = LINE('',#1193,#1194);
#1193 = CARTESIAN_POINT('',(9.,99.35));
#1194 = VECTOR('',#1195,1.);
#1195 = DIRECTION('',(-1.,1.110223024625E-16));
#1196 = ( GEOMETRIC_REPRESENTATION_CONTEXT(2) 
PARAMETRIC_REPRESENTATION_CONTEXT() REPRESENTATION_CONTEXT('2D SPACE',''
  ) );
#1197 = PCURVE('',#1198,#1203);
#1198 = CYLINDRICAL_SURFACE('',#1199,3.);
#1199 = AXIS2_PLACEMENT_3D('',#1200,#1201,#1202);
#1200 = CARTESIAN_POINT('',(9.,99.35,10.));
#1201 = DIRECTION('',(-1.,1.110223024625E-16,0.));
#1202 = DIRECTION('',(0.,0.,1.));
#1203 = DEFINITIONAL_REPRESENTATION('',(#1204),#1208);
#1204 = LINE('',#1205,#1206);
#1205 = CARTESIAN_POINT('',(3.14159265359,0.));
#1206 = VECTOR('',#1207,1.);
#1207 = DIRECTION('',(0.,1.));
#1208 = ( GEOMETRIC_REPRESENTATION_CONTEXT(2) 
PARAMETRIC_REPRESENTATION_CONTEXT() REPRESENTATION_CONTEXT('2D SPACE',''
  ) );
#1209 = ORIENTED_EDGE('',*,*,#1210,.F.);
#1210 = EDGE_CURVE('',#1211,#1183,#1213,.T.);
#1211 = VERTEX_POINT('',#1212);
#1212 = CARTESIAN_POINT('',(5.,73.762693830523,7.));
#1213 = SURFACE_CURVE('',#1214,(#1218,#1225),.PCURVE_S1.);
#1214 = LINE('',#1215,#1216);
#1215 = CARTESIAN_POINT('',(5.,67.24,7.));
#1216 = VECTOR('',#1217,1.);
#1217 = DIRECTION('',(1.110223024625E-16,1.,0.));
#1218 = PCURVE('',#198,#1219);
#1219 = DEFINITIONAL_REPRESENTATION('',(#1220),#1224);
#1220 = LINE('',#1221,#1222);
#1221 = CARTESIAN_POINT('',(5.,67.24));
#1222 = VECTOR('',#1223,1.);
#1223 = DIRECTION('',(1.110223024625E-16,1.));
#1224 = ( GEOMETRIC_REPRESENTATION_CONTEXT(2) 
PARAMETRIC_REPRESENTATION_CONTEXT() REPRESENTATION_CONTEXT('2D SPACE',''
  ) );
#1225 = PCURVE('',#1226,#1231);
#1226 = CYLINDRICAL_SURFACE('',#1227,2.);
#1227 = AXIS2_PLACEMENT_3D('',#1228,#1229,#1230);
#1228 = CARTESIAN_POINT('',(5.,67.24,9.));
#1229 = DIRECTION('',(1.110223024625E-16,1.,0.));
#1230 = DIRECTION('',(0.,0.,1.));
#1231 = DEFINITIONAL_REPRESENTATION('',(#1232),#1236);
#1232 = LINE('',#1233,#1234);
#1233 = CARTESIAN_POINT('',(3.14159265359,0.));
#1234 = VECTOR('',#1235,1.);
#1235 = DIRECTION('',(0.,1.));
#1236 = ( GEOMETRIC_REPRESENTATION_CONTEXT(2) 
PARAMETRIC_REPRESENTATION_CONTEXT() REPRESENTATION_CONTEXT('2D SPACE',''
  ) );
#1237 = ORIENTED_EDGE('',*,*,#1238,.F.);
#1238 = EDGE_CURVE('',#1239,#1211,#1241,.T.);
#1239 = VERTEX_POINT('',#1240);
#1240 = CARTESIAN_POINT('',(-5.,73.762693830523,7.));
#1241 = SURFACE_CURVE('',#1242,(#1247,#1254),.PCURVE_S1.);
#1242 = CIRCLE('',#1243,9.2);
#1243 = AXIS2_PLACEMENT_3D('',#1244,#1245,#1246);
#1244 = CARTESIAN_POINT('',(4.043783730785E-15,66.04,7.));
#1245 = DIRECTION('',(0.,0.,1.));
#1246 = DIRECTION('',(-0.326086956522,0.945339778485,0.));
#1247 = PCURVE('',#198,#1248);
#1248 = DEFINITIONAL_REPRESENTATION('',(#1249),#1253);
#1249 = CIRCLE('',#1250,9.2);
#1250 = AXIS2_PLACEMENT_2D('',#1251,#1252);
#1251 = CARTESIAN_POINT('',(4.043783730785E-15,66.04));
#1252 = DIRECTION('',(-0.326086956522,0.945339778485));
#1253 = ( GEOMETRIC_REPRESENTATION_CONTEXT(2) 
PARAMETRIC_REPRESENTATION_CONTEXT() REPRESENTATION_CONTEXT('2D SPACE',''
  ) );
#1254 = PCURVE('',#1255,#1260);
#1255 = TOROIDAL_SURFACE('',#1256,9.2,2.);
#1256 = AXIS2_PLACEMENT_3D('',#1257,#1258,#1259);
#1257 = CARTESIAN_POINT('',(4.043783730785E-15,66.04,9.));
#1258 = DIRECTION('',(-0.,-0.,-1.));
#1259 = DIRECTION('',(1.,0.,-0.));
#1260 = DEFINITIONAL_REPRESENTATION('',(#1261),#1265);
#1261 = LINE('',#1262,#1263);
#1262 = CARTESIAN_POINT('',(-1.902957632337,1.570796326795));
#1263 = VECTOR('',#1264,1.);
#1264 = DIRECTION('',(-1.,0.));
#1265 = ( GEOMETRIC_REPRESENTATION_CONTEXT(2) 
PARAMETRIC_REPRESENTATION_CONTEXT() REPRESENTATION_CONTEXT('2D SPACE',''
  ) );
#1266 = ORIENTED_EDGE('',*,*,#1267,.T.);
#1267 = EDGE_CURVE('',#1239,#1268,#1270,.T.);
#1268 = VERTEX_POINT('',#1269);
#1269 = CARTESIAN_POINT('',(-5.,99.35,7.));
#1270 = SURFACE_CURVE('',#1271,(#1275,#1282),.PCURVE_S1.);
#1271 = LINE('',#1272,#1273);
#1272 = CARTESIAN_POINT('',(-5.,67.24,7.));
#1273 = VECTOR('',#1274,1.);
#1274 = DIRECTION('',(1.110223024625E-16,1.,0.));
#1275 = PCURVE('',#198,#1276);
#1276 = DEFINITIONAL_REPRESENTATION('',(#1277),#1281);
#1277 = LINE('',#1278,#1279);
#1278 = CARTESIAN_POINT('',(-5.,67.24));
#1279 = VECTOR('',#1280,1.);
#1280 = DIRECTION('',(1.110223024625E-16,1.));
#1281 = ( GEOMETRIC_REPRESENTATION_CONTEXT(2) 
PARAMETRIC_REPRESENTATION_CONTEXT() REPRESENTATION_CONTEXT('2D SPACE',''
  ) );
#1282 = PCURVE('',#1283,#1288);
#1283 = CYLINDRICAL_SURFACE('',#1284,2.);
#1284 = AXIS2_PLACEMENT_3D('',#1285,#1286,#1287);
#1285 = CARTESIAN_POINT('',(-5.,67.24,9.));
#1286 = DIRECTION('',(1.110223024625E-16,1.,0.));
#1287 = DIRECTION('',(0.,0.,1.));
#1288 = DEFINITIONAL_REPRESENTATION('',(#1289),#1293);
#1289 = LINE('',#1290,#1291);
#1290 = CARTESIAN_POINT('',(3.14159265359,0.));
#1291 = VECTOR('',#1292,1.);
#1292 = DIRECTION('',(0.,1.));
#1293 = ( GEOMETRIC_REPRESENTATION_CONTEXT(2) 
PARAMETRIC_REPRESENTATION_CONTEXT() REPRESENTATION_CONTEXT('2D SPACE',''
  ) );
#1294 = ORIENTED_EDGE('',*,*,#1295,.T.);
#1295 = EDGE_CURVE('',#1268,#1296,#1298,.T.);
#1296 = VERTEX_POINT('',#1297);
#1297 = CARTESIAN_POINT('',(-8.,99.35,7.));
#1298 = SURFACE_CURVE('',#1299,(#1303,#1310),.PCURVE_S1.);
#1299 = LINE('',#1300,#1301);
#1300 = CARTESIAN_POINT('',(9.,99.35,7.));
#1301 = VECTOR('',#1302,1.);
#1302 = DIRECTION('',(-1.,1.110223024625E-16,0.));
#1303 = PCURVE('',#198,#1304);
#1304 = DEFINITIONAL_REPRESENTATION('',(#1305),#1309);
#1305 = LINE('',#1306,#1307);
#1306 = CARTESIAN_POINT('',(9.,99.35));
#1307 = VECTOR('',#1308,1.);
#1308 = DIRECTION('',(-1.,1.110223024625E-16));
#1309 = ( GEOMETRIC_REPRESENTATION_CONTEXT(2) 
PARAMETRIC_REPRESENTATION_CONTEXT() REPRESENTATION_CONTEXT('2D SPACE',''
  ) );
#1310 = PCURVE('',#1311,#1316);
#1311 = CYLINDRICAL_SURFACE('',#1312,3.);
#1312 = AXIS2_PLACEMENT_3D('',#1313,#1314,#1315);
#1313 = CARTESIAN_POINT('',(9.,99.35,10.));
#1314 = DIRECTION('',(-1.,1.110223024625E-16,0.));
#1315 = DIRECTION('',(0.,0.,1.));
#1316 = DEFINITIONAL_REPRESENTATION('',(#1317),#1321);
#1317 = LINE('',#1318,#1319);
#1318 = CARTESIAN_POINT('',(3.14159265359,0.));
#1319 = VECTOR('',#1320,1.);
#1320 = DIRECTION('',(0.,1.));
#1321 = ( GEOMETRIC_REPRESENTATION_CONTEXT(2) 
PARAMETRIC_REPRESENTATION_CONTEXT() REPRESENTATION_CONTEXT('2D SPACE',''
  ) );
#1322 = ORIENTED_EDGE('',*,*,#1323,.T.);
#1323 = EDGE_CURVE('',#1296,#1324,#1326,.T.);
#1324 = VERTEX_POINT('',#1325);
#1325 = CARTESIAN_POINT('',(-8.,113.35,7.));
#1326 = SURFACE_CURVE('',#1327,(#1331,#1338),.PCURVE_S1.);
#1327 = LINE('',#1328,#1329);
#1328 = CARTESIAN_POINT('',(-8.,99.35,7.));
#1329 = VECTOR('',#1330,1.);
#1330 = DIRECTION('',(-2.537652627715E-16,1.,1.42108547152E-14));
#1331 = PCURVE('',#198,#1332);
#1332 = DEFINITIONAL_REPRESENTATION('',(#1333),#1337);
#1333 = LINE('',#1334,#1335);
#1334 = CARTESIAN_POINT('',(-8.,99.35));
#1335 = VECTOR('',#1336,1.);
#1336 = DIRECTION('',(-2.537652627715E-16,1.));
#1337 = ( GEOMETRIC_REPRESENTATION_CONTEXT(2) 
PARAMETRIC_REPRESENTATION_CONTEXT() REPRESENTATION_CONTEXT('2D SPACE',''
  ) );
#1338 = PCURVE('',#1339,#1344);
#1339 = PLANE('',#1340);
#1340 = AXIS2_PLACEMENT_3D('',#1341,#1342,#1343);
#1341 = CARTESIAN_POINT('',(-8.,113.35,0.));
#1342 = DIRECTION('',(1.,-8.074349270001E-17,0.));
#1343 = DIRECTION('',(-8.074349270001E-17,-1.,0.));
#1344 = DEFINITIONAL_REPRESENTATION('',(#1345),#1349);
#1345 = LINE('',#1346,#1347);
#1346 = CARTESIAN_POINT('',(14.,-7.));
#1347 = VECTOR('',#1348,1.);
#1348 = DIRECTION('',(-1.,-1.42108547152E-14));
#1349 = ( GEOMETRIC_REPRESENTATION_CONTEXT(2) 
PARAMETRIC_REPRESENTATION_CONTEXT() REPRESENTATION_CONTEXT('2D SPACE',''
  ) );
#1350 = ORIENTED_EDGE('',*,*,#1351,.T.);
#1351 = EDGE_CURVE('',#1324,#589,#1352,.T.);
#1352 = SURFACE_CURVE('',#1353,(#1357,#1364),.PCURVE_S1.);
#1353 = LINE('',#1354,#1355);
#1354 = CARTESIAN_POINT('',(-8.,113.35,7.));
#1355 = VECTOR('',#1356,1.);
#1356 = DIRECTION('',(-0.103628805073,-0.994616041877,0.));
#1357 = PCURVE('',#198,#1358);
#1358 = DEFINITIONAL_REPRESENTATION('',(#1359),#1363);
#1359 = LINE('',#1360,#1361);
#1360 = CARTESIAN_POINT('',(-8.,113.35));
#1361 = VECTOR('',#1362,1.);
#1362 = DIRECTION('',(-0.103628805073,-0.994616041877));
#1363 = ( GEOMETRIC_REPRESENTATION_CONTEXT(2) 
PARAMETRIC_REPRESENTATION_CONTEXT() REPRESENTATION_CONTEXT('2D SPACE',''
  ) );
#1364 = PCURVE('',#1365,#1370);
#1365 = PLANE('',#1366);
#1366 = AXIS2_PLACEMENT_3D('',#1367,#1368,#1369);
#1367 = CARTESIAN_POINT('',(-8.,113.35,0.));
#1368 = DIRECTION('',(0.994616041877,-0.103628805073,0.));
#1369 = DIRECTION('',(-0.103628805073,-0.994616041877,0.));
#1370 = DEFINITIONAL_REPRESENTATION('',(#1371),#1375);
#1371 = LINE('',#1372,#1373);
#1372 = CARTESIAN_POINT('',(0.,-7.));
#1373 = VECTOR('',#1374,1.);
#1374 = DIRECTION('',(1.,0.));
#1375 = ( GEOMETRIC_REPRESENTATION_CONTEXT(2) 
PARAMETRIC_REPRESENTATION_CONTEXT() REPRESENTATION_CONTEXT('2D SPACE',''
  ) );
#1376 = FACE_BOUND('',#1377,.T.);
#1377 = EDGE_LOOP('',(#1378));
#1378 = ORIENTED_EDGE('',*,*,#1379,.F.);
#1379 = EDGE_CURVE('',#1380,#1380,#1382,.T.);
#1380 = VERTEX_POINT('',#1381);
#1381 = CARTESIAN_POINT('',(23.700635978195,-57.60759156162,7.));
#1382 = SURFACE_CURVE('',#1383,(#1388,#1395),.PCURVE_S1.);
#1383 = CIRCLE('',#1384,16.);
#1384 = AXIS2_PLACEMENT_3D('',#1385,#1386,#1387);
#1385 = CARTESIAN_POINT('',(7.700635978195,-57.60759156162,7.));
#1386 = DIRECTION('',(0.,0.,1.));
#1387 = DIRECTION('',(1.,0.,-0.));
#1388 = PCURVE('',#198,#1389);
#1389 = DEFINITIONAL_REPRESENTATION('',(#1390),#1394);
#1390 = CIRCLE('',#1391,16.);
#1391 = AXIS2_PLACEMENT_2D('',#1392,#1393);
#1392 = CARTESIAN_POINT('',(7.700635978195,-57.60759156162));
#1393 = DIRECTION('',(1.,0.));
#1394 = ( GEOMETRIC_REPRESENTATION_CONTEXT(2) 
PARAMETRIC_REPRESENTATION_CONTEXT() REPRESENTATION_CONTEXT('2D SPACE',''
  ) );
#1395 = PCURVE('',#1396,#1401);
#1396 = CYLINDRICAL_SURFACE('',#1397,16.);
#1397 = AXIS2_PLACEMENT_3D('',#1398,#1399,#1400);
#1398 = CARTESIAN_POINT('',(7.700635978195,-57.60759156162,-1.));
#1399 = DIRECTION('',(0.,0.,1.));
#1400 = DIRECTION('',(1.,0.,-0.));
#1401 = DEFINITIONAL_REPRESENTATION('',(#1402),#1406);
#1402 = LINE('',#1403,#1404);
#1403 = CARTESIAN_POINT('',(0.,8.));
#1404 = VECTOR('',#1405,1.);
#1405 = DIRECTION('',(1.,0.));
#1406 = ( GEOMETRIC_REPRESENTATION_CONTEXT(2) 
PARAMETRIC_REPRESENTATION_CONTEXT() REPRESENTATION_CONTEXT('2D SPACE',''
  ) );
#1407 = FACE_BOUND('',#1408,.T.);
#1408 = EDGE_LOOP('',(#1409));
#1409 = ORIENTED_EDGE('',*,*,#1410,.F.);
#1410 = EDGE_CURVE('',#1411,#1411,#1413,.T.);
#1411 = VERTEX_POINT('',#1412);
#1412 = CARTESIAN_POINT('',(-37.7399557323,22.134849398401,7.));
#1413 = SURFACE_CURVE('',#1414,(#1419,#1426),.PCURVE_S1.);
#1414 = CIRCLE('',#1415,16.);
#1415 = AXIS2_PLACEMENT_3D('',#1416,#1417,#1418);
#1416 = CARTESIAN_POINT('',(-53.7399557323,22.134849398401,7.));
#1417 = DIRECTION('',(0.,0.,1.));
#1418 = DIRECTION('',(1.,0.,-0.));
#1419 = PCURVE('',#198,#1420);
#1420 = DEFINITIONAL_REPRESENTATION('',(#1421),#1425);
#1421 = CIRCLE('',#1422,16.);
#1422 = AXIS2_PLACEMENT_2D('',#1423,#1424);
#1423 = CARTESIAN_POINT('',(-53.7399557323,22.134849398401));
#1424 = DIRECTION('',(1.,0.));
#1425 = ( GEOMETRIC_REPRESENTATION_CONTEXT(2) 
PARAMETRIC_REPRESENTATION_CONTEXT() REPRESENTATION_CONTEXT('2D SPACE',''
  ) );
#1426 = PCURVE('',#1427,#1432);
#1427 = CYLINDRICAL_SURFACE('',#1428,16.);
#1428 = AXIS2_PLACEMENT_3D('',#1429,#1430,#1431);
#1429 = CARTESIAN_POINT('',(-53.7399557323,22.134849398401,-1.));
#1430 = DIRECTION('',(0.,0.,1.));
#1431 = DIRECTION('',(1.,0.,-0.));
#1432 = DEFINITIONAL_REPRESENTATION('',(#1433),#1437);
#1433 = LINE('',#1434,#1435);
#1434 = CARTESIAN_POINT('',(0.,8.));
#1435 = VECTOR('',#1436,1.);
#1436 = DIRECTION('',(1.,0.));
#1437 = ( GEOMETRIC_REPRESENTATION_CONTEXT(2) 
PARAMETRIC_REPRESENTATION_CONTEXT() REPRESENTATION_CONTEXT('2D SPACE',''
  ) );
#1438 = FACE_BOUND('',#1439,.T.);
#1439 = EDGE_LOOP('',(#1440));
#1440 = ORIENTED_EDGE('',*,*,#1441,.F.);
#1441 = EDGE_CURVE('',#1442,#1442,#1444,.T.);
#1442 = VERTEX_POINT('',#1443);
#1443 = CARTESIAN_POINT('',(38.,-9.30731567352E-15,7.));
#1444 = SURFACE_CURVE('',#1445,(#1450,#1457),.PCURVE_S1.);
#1445 = CIRCLE('',#1446,38.);
#1446 = AXIS2_PLACEMENT_3D('',#1447,#1448,#1449);
#1447 = CARTESIAN_POINT('',(0.,0.,7.));
#1448 = DIRECTION('',(0.,0.,1.));
#1449 = DIRECTION('',(1.,0.,-0.));
#1450 = PCURVE('',#198,#1451);
#1451 = DEFINITIONAL_REPRESENTATION('',(#1452),#1456);
#1452 = CIRCLE('',#1453,38.);
#1453 = AXIS2_PLACEMENT_2D('',#1454,#1455);
#1454 = CARTESIAN_POINT('',(0.,0.));
#1455 = DIRECTION('',(1.,0.));
#1456 = ( GEOMETRIC_REPRESENTATION_CONTEXT(2) 
PARAMETRIC_REPRESENTATION_CONTEXT() REPRESENTATION_CONTEXT('2D SPACE',''
  ) );
#1457 = PCURVE('',#1458,#1463);
#1458 = CYLINDRICAL_SURFACE('',#1459,38.);
#1459 = AXIS2_PLACEMENT_3D('',#1460,#1461,#1462);
#1460 = CARTESIAN_POINT('',(0.,0.,-1.));
#1461 = DIRECTION('',(0.,0.,1.));
#1462 = DIRECTION('',(1.,0.,-0.));
#1463 = DEFINITIONAL_REPRESENTATION('',(#1464),#1468);
#1464 = LINE('',#1465,#1466);
#1465 = CARTESIAN_POINT('',(0.,8.));
#1466 = VECTOR('',#1467,1.);
#1467 = DIRECTION('',(1.,0.));
#1468 = ( GEOMETRIC_REPRESENTATION_CONTEXT(2) 
PARAMETRIC_REPRESENTATION_CONTEXT() REPRESENTATION_CONTEXT('2D SPACE',''
  ) );
#1469 = FACE_BOUND('',#1470,.T.);
#1470 = EDGE_LOOP('',(#1471));
#1471 = ORIENTED_EDGE('',*,*,#1472,.F.);
#1472 = EDGE_CURVE('',#1473,#1473,#1475,.T.);
#1473 = VERTEX_POINT('',#1474);
#1474 = CARTESIAN_POINT('',(62.03931975411,35.472742163227,7.));
#1475 = SURFACE_CURVE('',#1476,(#1481,#1488),.PCURVE_S1.);
#1476 = CIRCLE('',#1477,16.);
#1477 = AXIS2_PLACEMENT_3D('',#1478,#1479,#1480);
#1478 = CARTESIAN_POINT('',(46.03931975411,35.472742163227,7.));
#1479 = DIRECTION('',(0.,0.,1.));
#1480 = DIRECTION('',(1.,0.,-0.));
#1481 = PCURVE('',#198,#1482);
#1482 = DEFINITIONAL_REPRESENTATION('',(#1483),#1487);
#1483 = CIRCLE('',#1484,16.);
#1484 = AXIS2_PLACEMENT_2D('',#1485,#1486);
#1485 = CARTESIAN_POINT('',(46.03931975411,35.472742163227));
#1486 = DIRECTION('',(1.,0.));
#1487 = ( GEOMETRIC_REPRESENTATION_CONTEXT(2) 
PARAMETRIC_REPRESENTATION_CONTEXT() REPRESENTATION_CONTEXT('2D SPACE',''
  ) );
#1488 = PCURVE('',#1489,#1494);
#1489 = CYLINDRICAL_SURFACE('',#1490,16.);
#1490 = AXIS2_PLACEMENT_3D('',#1491,#1492,#1493);
#1491 = CARTESIAN_POINT('',(46.03931975411,35.472742163227,-1.));
#1492 = DIRECTION('',(0.,0.,1.));
#1493 = DIRECTION('',(1.,0.,-0.));
#1494 = DEFINITIONAL_REPRESENTATION('',(#1495),#1499);
#1495 = LINE('',#1496,#1497);
#1496 = CARTESIAN_POINT('',(0.,8.));
#1497 = VECTOR('',#1498,1.);
#1498 = DIRECTION('',(1.,0.));
#1499 = ( GEOMETRIC_REPRESENTATION_CONTEXT(2) 
PARAMETRIC_REPRESENTATION_CONTEXT() REPRESENTATION_CONTEXT('2D SPACE',''
  ) );
#1500 = ADVANCED_FACE('',(#1501),#145,.F.);
#1501 = FACE_BOUND('',#1502,.F.);
#1502 = EDGE_LOOP('',(#1503,#1526,#1527,#1528));
#1503 = ORIENTED_EDGE('',*,*,#1504,.F.);
#1504 = EDGE_CURVE('',#58,#1505,#1507,.T.);
#1505 = VERTEX_POINT('',#1506);
#1506 = CARTESIAN_POINT('',(89.989113608767,-48.49113735102,9.));
#1507 = SURFACE_CURVE('',#1508,(#1512,#1519),.PCURVE_S1.);
#1508 = LINE('',#1509,#1510);
#1509 = CARTESIAN_POINT('',(59.731548150466,-31.02192378864,9.));
#1510 = VECTOR('',#1511,1.);
#1511 = DIRECTION('',(0.866025403784,-0.5,0.));
#1512 = PCURVE('',#145,#1513);
#1513 = DEFINITIONAL_REPRESENTATION('',(#1514),#1518);
#1514 = LINE('',#1515,#1516);
#1515 = CARTESIAN_POINT('',(1.570796326795,0.));
#1516 = VECTOR('',#1517,1.);
#1517 = DIRECTION('',(0.,1.));
#1518 = ( GEOMETRIC_REPRESENTATION_CONTEXT(2) 
PARAMETRIC_REPRESENTATION_CONTEXT() REPRESENTATION_CONTEXT('2D SPACE',''
  ) );
#1519 = PCURVE('',#327,#1520);
#1520 = DEFINITIONAL_REPRESENTATION('',(#1521),#1525);
#1521 = LINE('',#1522,#1523);
#1522 = CARTESIAN_POINT('',(35.11,-2.01));
#1523 = VECTOR('',#1524,1.);
#1524 = DIRECTION('',(-1.,-0.));
#1525 = ( GEOMETRIC_REPRESENTATION_CONTEXT(2) 
PARAMETRIC_REPRESENTATION_CONTEXT() REPRESENTATION_CONTEXT('2D SPACE',''
  ) );
#1526 = ORIENTED_EDGE('',*,*,#81,.T.);
#1527 = ORIENTED_EDGE('',*,*,#986,.T.);
#1528 = ORIENTED_EDGE('',*,*,#1529,.F.);
#1529 = EDGE_CURVE('',#1505,#987,#1530,.T.);
#1530 = SURFACE_CURVE('',#1531,(#1555,#1582),.PCURVE_S1.);
#1531 = B_SPLINE_CURVE_WITH_KNOTS('',8,(#1532,#1533,#1534,#1535,#1536,
    #1537,#1538,#1539,#1540,#1541,#1542,#1543,#1544,#1545,#1546,#1547,
    #1548,#1549,#1550,#1551,#1552,#1553,#1554),.UNSPECIFIED.,.F.,.F.,(9,
    7,7,9),(0.,0.182451692033,0.330328230833,1.),.UNSPECIFIED.);
#1532 = CARTESIAN_POINT('',(89.989113608767,-48.49113735102,9.));
#1533 = CARTESIAN_POINT('',(89.956707286877,-48.47242755235,
    8.894161395904));
#1534 = CARTESIAN_POINT('',(89.923978101747,-48.44614011335,
    8.791218112312));
#1535 = CARTESIAN_POINT('',(89.890918359529,-48.41297805616,
    8.691527590609));
#1536 = CARTESIAN_POINT('',(89.857566234224,-48.37365180642,
    8.595388168588));
#1537 = CARTESIAN_POINT('',(89.823995149498,-48.32888180932,
    8.503046437214));
#1538 = CARTESIAN_POINT('',(89.79030622135,-48.27940053994,
    8.414702765825));
#1539 = CARTESIAN_POINT('',(89.756623761622,-48.22595390806,
    8.330514995764));
#1540 = CARTESIAN_POINT('',(89.695917945253,-48.12338590535,
    8.185829687726));
#1541 = CARTESIAN_POINT('',(89.668747337434,-48.07520425282,8.1236401536
    ));
#1542 = CARTESIAN_POINT('',(89.641594092416,-48.02502221242,
    8.063968840555));
#1543 = CARTESIAN_POINT('',(89.614469509502,-47.97307291134,
    8.006745237638));
#1544 = CARTESIAN_POINT('',(89.587382763501,-47.91955807072,
    7.951892516273));
#1545 = CARTESIAN_POINT('',(89.56033955445,-47.86464858524,
    7.899328864088));
#1546 = CARTESIAN_POINT('',(89.533340757338,-47.80848510259,
    7.848968818733));
#1547 = CARTESIAN_POINT('',(89.3842917909,-47.49166113516,7.582246468354
    ));
#1548 = CARTESIAN_POINT('',(89.261446826916,-47.20538613754,
    7.404371540339));
#1549 = CARTESIAN_POINT('',(89.139039472618,-46.90502163198,
    7.263808219227));
#1550 = CARTESIAN_POINT('',(89.017931696889,-46.59803545649,
    7.156345529717));
#1551 = CARTESIAN_POINT('',(88.898206022559,-46.28834671233,
    7.078179294076));
#1552 = CARTESIAN_POINT('',(88.779366239129,-45.97704377731,
    7.026483231353));
#1553 = CARTESIAN_POINT('',(88.660324402382,-45.66314722496,
    7.00000010766));
#1554 = CARTESIAN_POINT('',(88.539623865984,-45.34487298107,7.));
#1555 = PCURVE('',#145,#1556);
#1556 = DEFINITIONAL_REPRESENTATION('',(#1557),#1581);
#1557 = B_SPLINE_CURVE_WITH_KNOTS('',8,(#1558,#1559,#1560,#1561,#1562,
    #1563,#1564,#1565,#1566,#1567,#1568,#1569,#1570,#1571,#1572,#1573,
    #1574,#1575,#1576,#1577,#1578,#1579,#1580),.UNSPECIFIED.,.F.,.F.,(9,
    7,7,9),(0.,0.182451692033,0.330328230833,1.),.UNSPECIFIED.);
#1558 = CARTESIAN_POINT('',(1.570796326795,34.938427124746));
#1559 = CARTESIAN_POINT('',(1.623715628843,34.901007527412));
#1560 = CARTESIAN_POINT('',(1.675187328317,34.859519502146));
#1561 = CARTESIAN_POINT('',(1.725258256519,34.814307896947));
#1562 = CARTESIAN_POINT('',(1.773953676629,34.765760984293));
#1563 = CARTESIAN_POINT('',(1.821280360118,34.714302573536));
#1564 = CARTESIAN_POINT('',(1.867228463475,34.660386471246));
#1565 = CARTESIAN_POINT('',(1.911772205252,34.60449328952));
#1566 = CARTESIAN_POINT('',(1.989799442211,34.500636509031));
#1567 = CARTESIAN_POINT('',(2.023901194398,34.453015246158));
#1568 = CARTESIAN_POINT('',(2.057226459941,34.404408825979));
#1569 = CARTESIAN_POINT('',(2.08982348285,34.354943597567));
#1570 = CARTESIAN_POINT('',(2.121738269158,34.304728367117));
#1571 = CARTESIAN_POINT('',(2.153015964886,34.253853518335));
#1572 = CARTESIAN_POINT('',(2.183702234001,34.202390132841));
#1573 = CARTESIAN_POINT('',(2.350347127567,33.914897957782));
#1574 = CARTESIAN_POINT('',(2.477437693041,33.665373599437));
#1575 = CARTESIAN_POINT('',(2.597194057662,33.409183468223));
#1576 = CARTESIAN_POINT('',(2.711143276174,33.150807970101));
#1577 = CARTESIAN_POINT('',(2.820805512678,32.892278122568));
#1578 = CARTESIAN_POINT('',(2.927788982682,32.633708383625));
#1579 = CARTESIAN_POINT('',(3.033951216085,32.373666852715));
#1580 = CARTESIAN_POINT('',(3.14159265359,32.11));
#1581 = ( GEOMETRIC_REPRESENTATION_CONTEXT(2) 
PARAMETRIC_REPRESENTATION_CONTEXT() REPRESENTATION_CONTEXT('2D SPACE',''
  ) );
#1582 = PCURVE('',#1025,#1583);
#1583 = DEFINITIONAL_REPRESENTATION('',(#1584),#1608);
#1584 = B_SPLINE_CURVE_WITH_KNOTS('',8,(#1585,#1586,#1587,#1588,#1589,
    #1590,#1591,#1592,#1593,#1594,#1595,#1596,#1597,#1598,#1599,#1600,
    #1601,#1602,#1603,#1604,#1605,#1606,#1607),.UNSPECIFIED.,.F.,.F.,(9,
    7,7,9),(0.,0.182451692033,0.330328230833,1.),.UNSPECIFIED.);
#1585 = CARTESIAN_POINT('',(1.910633236249,12.));
#1586 = CARTESIAN_POINT('',(1.948052833583,12.));
#1587 = CARTESIAN_POINT('',(1.985014555149,12.006400997408));
#1588 = CARTESIAN_POINT('',(2.02144765107,12.018590310269));
#1589 = CARTESIAN_POINT('',(2.057286743167,12.035971778924));
#1590 = CARTESIAN_POINT('',(2.092467685376,12.05795819138));
#1591 = CARTESIAN_POINT('',(2.126924312467,12.083965763599));
#1592 = CARTESIAN_POINT('',(2.160586077081,12.113410674688));
#1593 = CARTESIAN_POINT('',(2.219953173482,12.171884262467));
#1594 = CARTESIAN_POINT('',(2.246050122956,12.200025493647));
#1595 = CARTESIAN_POINT('',(2.271685261132,12.229907792934));
#1596 = CARTESIAN_POINT('',(2.296877386738,12.261334915923));
#1597 = CARTESIAN_POINT('',(2.321646754781,12.294136754376));
#1598 = CARTESIAN_POINT('',(2.346015571737,12.32816815919));
#1599 = CARTESIAN_POINT('',(2.370008490733,12.363307763372));
#1600 = CARTESIAN_POINT('',(2.500729807073,12.563160884476));
#1601 = CARTESIAN_POINT('',(2.602030600538,12.749659822888));
#1602 = CARTESIAN_POINT('',(2.698371910282,12.948579437955));
#1603 = CARTESIAN_POINT('',(2.790637307859,13.153883376668));
#1604 = CARTESIAN_POINT('',(2.879798982556,13.362218859216));
#1605 = CARTESIAN_POINT('',(2.967023151829,13.572395217501));
#1606 = CARTESIAN_POINT('',(3.05370370698,13.784716687622));
#1607 = CARTESIAN_POINT('',(3.14159265359,14.));
#1608 = ( GEOMETRIC_REPRESENTATION_CONTEXT(2) 
PARAMETRIC_REPRESENTATION_CONTEXT() REPRESENTATION_CONTEXT('2D SPACE',''
  ) );
#1609 = ADVANCED_FACE('',(#1610),#327,.F.);
#1610 = FACE_BOUND('',#1611,.F.);
#1611 = EDGE_LOOP('',(#1612,#1613,#1614,#1642,#1670));
#1612 = ORIENTED_EDGE('',*,*,#311,.F.);
#1613 = ORIENTED_EDGE('',*,*,#1504,.T.);
#1614 = ORIENTED_EDGE('',*,*,#1615,.F.);
#1615 = EDGE_CURVE('',#1616,#1505,#1618,.T.);
#1616 = VERTEX_POINT('',#1617);
#1617 = CARTESIAN_POINT('',(90.137700077337,-48.57692378864,10.));
#1618 = SURFACE_CURVE('',#1619,(#1624,#1635),.PCURVE_S1.);
#1619 = CIRCLE('',#1620,3.);
#1620 = AXIS2_PLACEMENT_3D('',#1621,#1622,#1623);
#1621 = CARTESIAN_POINT('',(87.539623865984,-47.07692378864,10.));
#1622 = DIRECTION('',(0.5,0.866025403784,0.));
#1623 = DIRECTION('',(0.,-0.,1.));
#1624 = PCURVE('',#327,#1625);
#1625 = DEFINITIONAL_REPRESENTATION('',(#1626),#1634);
#1626 = ( BOUNDED_CURVE() B_SPLINE_CURVE(2,(#1627,#1628,#1629,#1630,
#1631,#1632,#1633),.UNSPECIFIED.,.T.,.F.) B_SPLINE_CURVE_WITH_KNOTS((1,2
    ,2,2,2,1),(-2.094395102393,0.,2.094395102393,4.188790204786,
6.28318530718,8.377580409573),.UNSPECIFIED.) CURVE() 
GEOMETRIC_REPRESENTATION_ITEM() RATIONAL_B_SPLINE_CURVE((1.,0.5,1.,0.5,
1.,0.5,1.)) REPRESENTATION_ITEM('') );
#1627 = CARTESIAN_POINT('',(3.,-6.01));
#1628 = CARTESIAN_POINT('',(-2.196152422707,-6.01));
#1629 = CARTESIAN_POINT('',(0.401923788647,-1.51));
#1630 = CARTESIAN_POINT('',(3.,2.99));
#1631 = CARTESIAN_POINT('',(5.598076211353,-1.51));
#1632 = CARTESIAN_POINT('',(8.196152422707,-6.01));
#1633 = CARTESIAN_POINT('',(3.,-6.01));
#1634 = ( GEOMETRIC_REPRESENTATION_CONTEXT(2) 
PARAMETRIC_REPRESENTATION_CONTEXT() REPRESENTATION_CONTEXT('2D SPACE',''
  ) );
#1635 = PCURVE('',#1025,#1636);
#1636 = DEFINITIONAL_REPRESENTATION('',(#1637),#1641);
#1637 = LINE('',#1638,#1639);
#1638 = CARTESIAN_POINT('',(0.,12.));
#1639 = VECTOR('',#1640,1.);
#1640 = DIRECTION('',(1.,0.));
#1641 = ( GEOMETRIC_REPRESENTATION_CONTEXT(2) 
PARAMETRIC_REPRESENTATION_CONTEXT() REPRESENTATION_CONTEXT('2D SPACE',''
  ) );
#1642 = ORIENTED_EDGE('',*,*,#1643,.T.);
#1643 = EDGE_CURVE('',#1616,#1644,#1646,.T.);
#1644 = VERTEX_POINT('',#1645);
#1645 = CARTESIAN_POINT('',(90.137700077337,-48.57692378864,11.));
#1646 = SURFACE_CURVE('',#1647,(#1651,#1658),.PCURVE_S1.);
#1647 = LINE('',#1648,#1649);
#1648 = CARTESIAN_POINT('',(90.137700077337,-48.57692378864,6.99));
#1649 = VECTOR('',#1650,1.);
#1650 = DIRECTION('',(0.,0.,1.));
#1651 = PCURVE('',#327,#1652);
#1652 = DEFINITIONAL_REPRESENTATION('',(#1653),#1657);
#1653 = LINE('',#1654,#1655);
#1654 = CARTESIAN_POINT('',(0.,0.));
#1655 = VECTOR('',#1656,1.);
#1656 = DIRECTION('',(0.,-1.));
#1657 = ( GEOMETRIC_REPRESENTATION_CONTEXT(2) 
PARAMETRIC_REPRESENTATION_CONTEXT() REPRESENTATION_CONTEXT('2D SPACE',''
  ) );
#1658 = PCURVE('',#1659,#1664);
#1659 = PLANE('',#1660);
#1660 = AXIS2_PLACEMENT_3D('',#1661,#1662,#1663);
#1661 = CARTESIAN_POINT('',(92.637700077337,-44.24679676972,0.));
#1662 = DIRECTION('',(0.866025403784,-0.5,0.));
#1663 = DIRECTION('',(-0.5,-0.866025403784,0.));
#1664 = DEFINITIONAL_REPRESENTATION('',(#1665),#1669);
#1665 = LINE('',#1666,#1667);
#1666 = CARTESIAN_POINT('',(5.,-6.99));
#1667 = VECTOR('',#1668,1.);
#1668 = DIRECTION('',(0.,-1.));
#1669 = ( GEOMETRIC_REPRESENTATION_CONTEXT(2) 
PARAMETRIC_REPRESENTATION_CONTEXT() REPRESENTATION_CONTEXT('2D SPACE',''
  ) );
#1670 = ORIENTED_EDGE('',*,*,#1671,.T.);
#1671 = EDGE_CURVE('',#1644,#312,#1672,.T.);
#1672 = SURFACE_CURVE('',#1673,(#1677,#1684),.PCURVE_S1.);
#1673 = LINE('',#1674,#1675);
#1674 = CARTESIAN_POINT('',(90.137700077337,-48.57692378864,11.));
#1675 = VECTOR('',#1676,1.);
#1676 = DIRECTION('',(-0.866025403784,0.5,0.));
#1677 = PCURVE('',#327,#1678);
#1678 = DEFINITIONAL_REPRESENTATION('',(#1679),#1683);
#1679 = LINE('',#1680,#1681);
#1680 = CARTESIAN_POINT('',(0.,-4.01));
#1681 = VECTOR('',#1682,1.);
#1682 = DIRECTION('',(1.,0.));
#1683 = ( GEOMETRIC_REPRESENTATION_CONTEXT(2) 
PARAMETRIC_REPRESENTATION_CONTEXT() REPRESENTATION_CONTEXT('2D SPACE',''
  ) );
#1684 = PCURVE('',#435,#1685);
#1685 = DEFINITIONAL_REPRESENTATION('',(#1686),#1690);
#1686 = LINE('',#1687,#1688);
#1687 = CARTESIAN_POINT('',(16.270063261544,-5.929423788647));
#1688 = VECTOR('',#1689,1.);
#1689 = DIRECTION('',(-0.866025403784,0.5));
#1690 = ( GEOMETRIC_REPRESENTATION_CONTEXT(2) 
PARAMETRIC_REPRESENTATION_CONTEXT() REPRESENTATION_CONTEXT('2D SPACE',''
  ) );
#1691 = ADVANCED_FACE('',(#1692),#435,.T.);
#1692 = FACE_BOUND('',#1693,.T.);
#1693 = EDGE_LOOP('',(#1694,#1695,#1718,#1739));
#1694 = ORIENTED_EDGE('',*,*,#420,.F.);
#1695 = ORIENTED_EDGE('',*,*,#1696,.T.);
#1696 = EDGE_CURVE('',#393,#1697,#1699,.T.);
#1697 = VERTEX_POINT('',#1698);
#1698 = CARTESIAN_POINT('',(87.137700077337,-53.77307621135,11.));
#1699 = SURFACE_CURVE('',#1700,(#1704,#1711),.PCURVE_S1.);
#1700 = LINE('',#1701,#1702);
#1701 = CARTESIAN_POINT('',(57.59757355425,-36.71807621135,11.));
#1702 = VECTOR('',#1703,1.);
#1703 = DIRECTION('',(0.866025403784,-0.5,-0.));
#1704 = PCURVE('',#435,#1705);
#1705 = DEFINITIONAL_REPRESENTATION('',(#1706),#1710);
#1706 = LINE('',#1707,#1708);
#1707 = CARTESIAN_POINT('',(-16.27006326154,5.929423788647));
#1708 = VECTOR('',#1709,1.);
#1709 = DIRECTION('',(0.866025403784,-0.5));
#1710 = ( GEOMETRIC_REPRESENTATION_CONTEXT(2) 
PARAMETRIC_REPRESENTATION_CONTEXT() REPRESENTATION_CONTEXT('2D SPACE',''
  ) );
#1711 = PCURVE('',#408,#1712);
#1712 = DEFINITIONAL_REPRESENTATION('',(#1713),#1717);
#1713 = LINE('',#1714,#1715);
#1714 = CARTESIAN_POINT('',(0.,-4.01));
#1715 = VECTOR('',#1716,1.);
#1716 = DIRECTION('',(1.,0.));
#1717 = ( GEOMETRIC_REPRESENTATION_CONTEXT(2) 
PARAMETRIC_REPRESENTATION_CONTEXT() REPRESENTATION_CONTEXT('2D SPACE',''
  ) );
#1718 = ORIENTED_EDGE('',*,*,#1719,.T.);
#1719 = EDGE_CURVE('',#1697,#1644,#1720,.T.);
#1720 = SURFACE_CURVE('',#1721,(#1725,#1732),.PCURVE_S1.);
#1721 = LINE('',#1722,#1723);
#1722 = CARTESIAN_POINT('',(87.137700077337,-53.77307621135,11.));
#1723 = VECTOR('',#1724,1.);
#1724 = DIRECTION('',(0.5,0.866025403784,0.));
#1725 = PCURVE('',#435,#1726);
#1726 = DEFINITIONAL_REPRESENTATION('',(#1727),#1731);
#1727 = LINE('',#1728,#1729);
#1728 = CARTESIAN_POINT('',(13.270063261544,-11.12557621135));
#1729 = VECTOR('',#1730,1.);
#1730 = DIRECTION('',(0.5,0.866025403784));
#1731 = ( GEOMETRIC_REPRESENTATION_CONTEXT(2) 
PARAMETRIC_REPRESENTATION_CONTEXT() REPRESENTATION_CONTEXT('2D SPACE',''
  ) );
#1732 = PCURVE('',#1659,#1733);
#1733 = DEFINITIONAL_REPRESENTATION('',(#1734),#1738);
#1734 = LINE('',#1735,#1736);
#1735 = CARTESIAN_POINT('',(11.,-11.));
#1736 = VECTOR('',#1737,1.);
#1737 = DIRECTION('',(-1.,0.));
#1738 = ( GEOMETRIC_REPRESENTATION_CONTEXT(2) 
PARAMETRIC_REPRESENTATION_CONTEXT() REPRESENTATION_CONTEXT('2D SPACE',''
  ) );
#1739 = ORIENTED_EDGE('',*,*,#1671,.T.);
#1740 = ADVANCED_FACE('',(#1741),#408,.F.);
#1741 = FACE_BOUND('',#1742,.F.);
#1742 = EDGE_LOOP('',(#1743,#1767,#1768,#1769,#1770));
#1743 = ORIENTED_EDGE('',*,*,#1744,.T.);
#1744 = EDGE_CURVE('',#1745,#475,#1747,.T.);
#1745 = VERTEX_POINT('',#1746);
#1746 = CARTESIAN_POINT('',(87.137700077337,-53.77307621135,10.));
#1747 = SURFACE_CURVE('',#1748,(#1753,#1760),.PCURVE_S1.);
#1748 = CIRCLE('',#1749,3.);
#1749 = AXIS2_PLACEMENT_3D('',#1750,#1751,#1752);
#1750 = CARTESIAN_POINT('',(84.539623865984,-52.27307621135,10.));
#1751 = DIRECTION('',(0.5,0.866025403784,0.));
#1752 = DIRECTION('',(0.,-0.,1.));
#1753 = PCURVE('',#408,#1754);
#1754 = DEFINITIONAL_REPRESENTATION('',(#1755),#1759);
#1755 = CIRCLE('',#1756,3.);
#1756 = AXIS2_PLACEMENT_2D('',#1757,#1758);
#1757 = CARTESIAN_POINT('',(31.11,-3.01));
#1758 = DIRECTION('',(0.,-1.));
#1759 = ( GEOMETRIC_REPRESENTATION_CONTEXT(2) 
PARAMETRIC_REPRESENTATION_CONTEXT() REPRESENTATION_CONTEXT('2D SPACE',''
  ) );
#1760 = PCURVE('',#551,#1761);
#1761 = DEFINITIONAL_REPRESENTATION('',(#1762),#1766);
#1762 = LINE('',#1763,#1764);
#1763 = CARTESIAN_POINT('',(0.,6.));
#1764 = VECTOR('',#1765,1.);
#1765 = DIRECTION('',(1.,0.));
#1766 = ( GEOMETRIC_REPRESENTATION_CONTEXT(2) 
PARAMETRIC_REPRESENTATION_CONTEXT() REPRESENTATION_CONTEXT('2D SPACE',''
  ) );
#1767 = ORIENTED_EDGE('',*,*,#474,.F.);
#1768 = ORIENTED_EDGE('',*,*,#392,.T.);
#1769 = ORIENTED_EDGE('',*,*,#1696,.T.);
#1770 = ORIENTED_EDGE('',*,*,#1771,.F.);
#1771 = EDGE_CURVE('',#1745,#1697,#1772,.T.);
#1772 = SURFACE_CURVE('',#1773,(#1777,#1784),.PCURVE_S1.);
#1773 = LINE('',#1774,#1775);
#1774 = CARTESIAN_POINT('',(87.137700077337,-53.77307621135,6.99));
#1775 = VECTOR('',#1776,1.);
#1776 = DIRECTION('',(0.,0.,1.));
#1777 = PCURVE('',#408,#1778);
#1778 = DEFINITIONAL_REPRESENTATION('',(#1779),#1783);
#1779 = LINE('',#1780,#1781);
#1780 = CARTESIAN_POINT('',(34.11,0.));
#1781 = VECTOR('',#1782,1.);
#1782 = DIRECTION('',(0.,-1.));
#1783 = ( GEOMETRIC_REPRESENTATION_CONTEXT(2) 
PARAMETRIC_REPRESENTATION_CONTEXT() REPRESENTATION_CONTEXT('2D SPACE',''
  ) );
#1784 = PCURVE('',#1659,#1785);
#1785 = DEFINITIONAL_REPRESENTATION('',(#1786),#1790);
#1786 = LINE('',#1787,#1788);
#1787 = CARTESIAN_POINT('',(11.,-6.99));
#1788 = VECTOR('',#1789,1.);
#1789 = DIRECTION('',(0.,-1.));
#1790 = ( GEOMETRIC_REPRESENTATION_CONTEXT(2) 
PARAMETRIC_REPRESENTATION_CONTEXT() REPRESENTATION_CONTEXT('2D SPACE',''
  ) );
#1791 = ADVANCED_FACE('',(#1792),#378,.T.);
#1792 = FACE_BOUND('',#1793,.T.);
#1793 = EDGE_LOOP('',(#1794));
#1794 = ORIENTED_EDGE('',*,*,#363,.T.);
#1795 = ADVANCED_FACE('',(#1796),#551,.F.);
#1796 = FACE_BOUND('',#1797,.F.);
#1797 = EDGE_LOOP('',(#1798,#1821,#1843,#1844,#1845));
#1798 = ORIENTED_EDGE('',*,*,#1799,.F.);
#1799 = EDGE_CURVE('',#1800,#1745,#1802,.T.);
#1800 = VERTEX_POINT('',#1801);
#1801 = CARTESIAN_POINT('',(84.637700077337,-58.10320323027,10.));
#1802 = SURFACE_CURVE('',#1803,(#1807,#1814),.PCURVE_S1.);
#1803 = LINE('',#1804,#1805);
#1804 = CARTESIAN_POINT('',(84.137700077337,-58.96922863406,10.));
#1805 = VECTOR('',#1806,1.);
#1806 = DIRECTION('',(0.5,0.866025403784,0.));
#1807 = PCURVE('',#551,#1808);
#1808 = DEFINITIONAL_REPRESENTATION('',(#1809),#1813);
#1809 = LINE('',#1810,#1811);
#1810 = CARTESIAN_POINT('',(1.570796326795,0.));
#1811 = VECTOR('',#1812,1.);
#1812 = DIRECTION('',(0.,1.));
#1813 = ( GEOMETRIC_REPRESENTATION_CONTEXT(2) 
PARAMETRIC_REPRESENTATION_CONTEXT() REPRESENTATION_CONTEXT('2D SPACE',''
  ) );
#1814 = PCURVE('',#1659,#1815);
#1815 = DEFINITIONAL_REPRESENTATION('',(#1816),#1820);
#1816 = LINE('',#1817,#1818);
#1817 = CARTESIAN_POINT('',(17.,-10.));
#1818 = VECTOR('',#1819,1.);
#1819 = DIRECTION('',(-1.,0.));
#1820 = ( GEOMETRIC_REPRESENTATION_CONTEXT(2) 
PARAMETRIC_REPRESENTATION_CONTEXT() REPRESENTATION_CONTEXT('2D SPACE',''
  ) );
#1821 = ORIENTED_EDGE('',*,*,#1822,.T.);
#1822 = EDGE_CURVE('',#1800,#936,#1823,.T.);
#1823 = SURFACE_CURVE('',#1824,(#1829,#1836),.PCURVE_S1.);
#1824 = CIRCLE('',#1825,3.);
#1825 = AXIS2_PLACEMENT_3D('',#1826,#1827,#1828);
#1826 = CARTESIAN_POINT('',(82.039623865984,-56.60320323027,10.));
#1827 = DIRECTION('',(0.5,0.866025403784,-0.));
#1828 = DIRECTION('',(0.,0.,1.));
#1829 = PCURVE('',#551,#1830);
#1830 = DEFINITIONAL_REPRESENTATION('',(#1831),#1835);
#1831 = LINE('',#1832,#1833);
#1832 = CARTESIAN_POINT('',(0.,1.));
#1833 = VECTOR('',#1834,1.);
#1834 = DIRECTION('',(1.,0.));
#1835 = ( GEOMETRIC_REPRESENTATION_CONTEXT(2) 
PARAMETRIC_REPRESENTATION_CONTEXT() REPRESENTATION_CONTEXT('2D SPACE',''
  ) );
#1836 = PCURVE('',#951,#1837);
#1837 = DEFINITIONAL_REPRESENTATION('',(#1838),#1842);
#1838 = CIRCLE('',#1839,3.);
#1839 = AXIS2_PLACEMENT_2D('',#1840,#1841);
#1840 = CARTESIAN_POINT('',(3.01,0.));
#1841 = DIRECTION('',(1.,0.));
#1842 = ( GEOMETRIC_REPRESENTATION_CONTEXT(2) 
PARAMETRIC_REPRESENTATION_CONTEXT() REPRESENTATION_CONTEXT('2D SPACE',''
  ) );
#1843 = ORIENTED_EDGE('',*,*,#963,.T.);
#1844 = ORIENTED_EDGE('',*,*,#497,.F.);
#1845 = ORIENTED_EDGE('',*,*,#1744,.F.);
#1846 = ADVANCED_FACE('',(#1847),#609,.T.);
#1847 = FACE_BOUND('',#1848,.T.);
#1848 = EDGE_LOOP('',(#1849,#1872,#1901,#1922));
#1849 = ORIENTED_EDGE('',*,*,#1850,.F.);
#1850 = EDGE_CURVE('',#1851,#589,#1853,.T.);
#1851 = VERTEX_POINT('',#1852);
#1852 = CARTESIAN_POINT('',(-11.75056232165,77.352581631933,0.));
#1853 = SURFACE_CURVE('',#1854,(#1858,#1865),.PCURVE_S1.);
#1854 = LINE('',#1855,#1856);
#1855 = CARTESIAN_POINT('',(-11.75056232165,77.352581631933,0.));
#1856 = VECTOR('',#1857,1.);
#1857 = DIRECTION('',(0.,0.,1.));
#1858 = PCURVE('',#609,#1859);
#1859 = DEFINITIONAL_REPRESENTATION('',(#1860),#1864);
#1860 = LINE('',#1861,#1862);
#1861 = CARTESIAN_POINT('',(1.721552855907,0.));
#1862 = VECTOR('',#1863,1.);
#1863 = DIRECTION('',(0.,1.));
#1864 = ( GEOMETRIC_REPRESENTATION_CONTEXT(2) 
PARAMETRIC_REPRESENTATION_CONTEXT() REPRESENTATION_CONTEXT('2D SPACE',''
  ) );
#1865 = PCURVE('',#1365,#1866);
#1866 = DEFINITIONAL_REPRESENTATION('',(#1867),#1871);
#1867 = LINE('',#1868,#1869);
#1868 = CARTESIAN_POINT('',(36.192276066783,0.));
#1869 = VECTOR('',#1870,1.);
#1870 = DIRECTION('',(0.,-1.));
#1871 = ( GEOMETRIC_REPRESENTATION_CONTEXT(2) 
PARAMETRIC_REPRESENTATION_CONTEXT() REPRESENTATION_CONTEXT('2D SPACE',''
  ) );
#1872 = ORIENTED_EDGE('',*,*,#1873,.T.);
#1873 = EDGE_CURVE('',#1851,#1874,#1876,.T.);
#1874 = VERTEX_POINT('',#1875);
#1875 = CARTESIAN_POINT('',(-72.86458190239,-28.50000533665,0.));
#1876 = SURFACE_CURVE('',#1877,(#1882,#1889),.PCURVE_S1.);
#1877 = CIRCLE('',#1878,78.24);
#1878 = AXIS2_PLACEMENT_3D('',#1879,#1880,#1881);
#1879 = CARTESIAN_POINT('',(0.,0.,0.));
#1880 = DIRECTION('',(0.,0.,1.));
#1881 = DIRECTION('',(-0.150186123743,0.988657740694,0.));
#1882 = PCURVE('',#609,#1883);
#1883 = DEFINITIONAL_REPRESENTATION('',(#1884),#1888);
#1884 = LINE('',#1885,#1886);
#1885 = CARTESIAN_POINT('',(1.721552855907,0.));
#1886 = VECTOR('',#1887,1.);
#1887 = DIRECTION('',(1.,0.));
#1888 = ( GEOMETRIC_REPRESENTATION_CONTEXT(2) 
PARAMETRIC_REPRESENTATION_CONTEXT() REPRESENTATION_CONTEXT('2D SPACE',''
  ) );
#1889 = PCURVE('',#1890,#1895);
#1890 = PLANE('',#1891);
#1891 = AXIS2_PLACEMENT_3D('',#1892,#1893,#1894);
#1892 = CARTESIAN_POINT('',(-77.24091677266,-44.59506409115,0.));
#1893 = DIRECTION('',(0.,0.,1.));
#1894 = DIRECTION('',(1.,0.,-0.));
#1895 = DEFINITIONAL_REPRESENTATION('',(#1896),#1900);
#1896 = CIRCLE('',#1897,78.24);
#1897 = AXIS2_PLACEMENT_2D('',#1898,#1899);
#1898 = CARTESIAN_POINT('',(77.240916772668,44.595064091154));
#1899 = DIRECTION('',(-0.150186123743,0.988657740694));
#1900 = ( GEOMETRIC_REPRESENTATION_CONTEXT(2) 
PARAMETRIC_REPRESENTATION_CONTEXT() REPRESENTATION_CONTEXT('2D SPACE',''
  ) );
#1901 = ORIENTED_EDGE('',*,*,#1902,.T.);
#1902 = EDGE_CURVE('',#1874,#587,#1903,.T.);
#1903 = SURFACE_CURVE('',#1904,(#1908,#1915),.PCURVE_S1.);
#1904 = LINE('',#1905,#1906);
#1905 = CARTESIAN_POINT('',(-72.86458190239,-28.50000533666,0.));
#1906 = VECTOR('',#1907,1.);
#1907 = DIRECTION('',(0.,0.,1.));
#1908 = PCURVE('',#609,#1909);
#1909 = DEFINITIONAL_REPRESENTATION('',(#1910),#1914);
#1910 = LINE('',#1911,#1912);
#1911 = CARTESIAN_POINT('',(3.514434900076,0.));
#1912 = VECTOR('',#1913,1.);
#1913 = DIRECTION('',(0.,1.));
#1914 = ( GEOMETRIC_REPRESENTATION_CONTEXT(2) 
PARAMETRIC_REPRESENTATION_CONTEXT() REPRESENTATION_CONTEXT('2D SPACE',''
  ) );
#1915 = PCURVE('',#637,#1916);
#1916 = DEFINITIONAL_REPRESENTATION('',(#1917),#1921);
#1917 = LINE('',#1918,#1919);
#1918 = CARTESIAN_POINT('',(9.161908966133,0.));
#1919 = VECTOR('',#1920,1.);
#1920 = DIRECTION('',(0.,-1.));
#1921 = ( GEOMETRIC_REPRESENTATION_CONTEXT(2) 
PARAMETRIC_REPRESENTATION_CONTEXT() REPRESENTATION_CONTEXT('2D SPACE',''
  ) );
#1922 = ORIENTED_EDGE('',*,*,#586,.T.);
#1923 = ADVANCED_FACE('',(#1924),#637,.F.);
#1924 = FACE_BOUND('',#1925,.F.);
#1925 = EDGE_LOOP('',(#1926,#1949,#1950,#1951));
#1926 = ORIENTED_EDGE('',*,*,#1927,.F.);
#1927 = EDGE_CURVE('',#1874,#1928,#1930,.T.);
#1928 = VERTEX_POINT('',#1929);
#1929 = CARTESIAN_POINT('',(-102.1639795189,-49.74679676972,0.));
#1930 = SURFACE_CURVE('',#1931,(#1935,#1942),.PCURVE_S1.);
#1931 = LINE('',#1932,#1933);
#1932 = CARTESIAN_POINT('',(-65.44757355425,-23.12147737193,0.));
#1933 = VECTOR('',#1934,1.);
#1934 = DIRECTION('',(-0.809548356741,-0.587053198695,0.));
#1935 = PCURVE('',#637,#1936);
#1936 = DEFINITIONAL_REPRESENTATION('',(#1937),#1941);
#1937 = LINE('',#1938,#1939);
#1938 = CARTESIAN_POINT('',(0.,0.));
#1939 = VECTOR('',#1940,1.);
#1940 = DIRECTION('',(1.,0.));
#1941 = ( GEOMETRIC_REPRESENTATION_CONTEXT(2) 
PARAMETRIC_REPRESENTATION_CONTEXT() REPRESENTATION_CONTEXT('2D SPACE',''
  ) );
#1942 = PCURVE('',#1890,#1943);
#1943 = DEFINITIONAL_REPRESENTATION('',(#1944),#1948);
#1944 = LINE('',#1945,#1946);
#1945 = CARTESIAN_POINT('',(11.793343218418,21.473586719216));
#1946 = VECTOR('',#1947,1.);
#1947 = DIRECTION('',(-0.809548356741,-0.587053198695));
#1948 = ( GEOMETRIC_REPRESENTATION_CONTEXT(2) 
PARAMETRIC_REPRESENTATION_CONTEXT() REPRESENTATION_CONTEXT('2D SPACE',''
  ) );
#1949 = ORIENTED_EDGE('',*,*,#1902,.T.);
#1950 = ORIENTED_EDGE('',*,*,#621,.T.);
#1951 = ORIENTED_EDGE('',*,*,#1952,.F.);
#1952 = EDGE_CURVE('',#1928,#622,#1953,.T.);
#1953 = SURFACE_CURVE('',#1954,(#1958,#1965),.PCURVE_S1.);
#1954 = LINE('',#1955,#1956);
#1955 = CARTESIAN_POINT('',(-102.1639795189,-49.74679676972,0.));
#1956 = VECTOR('',#1957,1.);
#1957 = DIRECTION('',(0.,0.,1.));
#1958 = PCURVE('',#637,#1959);
#1959 = DEFINITIONAL_REPRESENTATION('',(#1960),#1964);
#1960 = LINE('',#1961,#1962);
#1961 = CARTESIAN_POINT('',(45.354185032916,0.));
#1962 = VECTOR('',#1963,1.);
#1963 = DIRECTION('',(0.,-1.));
#1964 = ( GEOMETRIC_REPRESENTATION_CONTEXT(2) 
PARAMETRIC_REPRESENTATION_CONTEXT() REPRESENTATION_CONTEXT('2D SPACE',''
  ) );
#1965 = PCURVE('',#1966,#1971);
#1966 = PLANE('',#1967);
#1967 = AXIS2_PLACEMENT_3D('',#1968,#1969,#1970);
#1968 = CARTESIAN_POINT('',(-102.1639795189,-49.74679676972,0.));
#1969 = DIRECTION('',(0.866025403784,0.5,-0.));
#1970 = DIRECTION('',(0.5,-0.866025403784,0.));
#1971 = DEFINITIONAL_REPRESENTATION('',(#1972),#1976);
#1972 = LINE('',#1973,#1974);
#1973 = CARTESIAN_POINT('',(6.153480596427E-15,0.));
#1974 = VECTOR('',#1975,1.);
#1975 = DIRECTION('',(0.,-1.));
#1976 = ( GEOMETRIC_REPRESENTATION_CONTEXT(2) 
PARAMETRIC_REPRESENTATION_CONTEXT() REPRESENTATION_CONTEXT('2D SPACE',''
  ) );
#1977 = ADVANCED_FACE('',(#1978),#1365,.F.);
#1978 = FACE_BOUND('',#1979,.F.);
#1979 = EDGE_LOOP('',(#1980,#2003,#2029,#2030));
#1980 = ORIENTED_EDGE('',*,*,#1981,.F.);
#1981 = EDGE_CURVE('',#1982,#1851,#1984,.T.);
#1982 = VERTEX_POINT('',#1983);
#1983 = CARTESIAN_POINT('',(-8.,113.35,0.));
#1984 = SURFACE_CURVE('',#1985,(#1989,#1996),.PCURVE_S1.);
#1985 = LINE('',#1986,#1987);
#1986 = CARTESIAN_POINT('',(-8.,113.35,0.));
#1987 = VECTOR('',#1988,1.);
#1988 = DIRECTION('',(-0.103628805073,-0.994616041877,0.));
#1989 = PCURVE('',#1365,#1990);
#1990 = DEFINITIONAL_REPRESENTATION('',(#1991),#1995);
#1991 = LINE('',#1992,#1993);
#1992 = CARTESIAN_POINT('',(0.,0.));
#1993 = VECTOR('',#1994,1.);
#1994 = DIRECTION('',(1.,0.));
#1995 = ( GEOMETRIC_REPRESENTATION_CONTEXT(2) 
PARAMETRIC_REPRESENTATION_CONTEXT() REPRESENTATION_CONTEXT('2D SPACE',''
  ) );
#1996 = PCURVE('',#1890,#1997);
#1997 = DEFINITIONAL_REPRESENTATION('',(#1998),#2002);
#1998 = LINE('',#1999,#2000);
#1999 = CARTESIAN_POINT('',(69.240916772668,157.94506409115));
#2000 = VECTOR('',#2001,1.);
#2001 = DIRECTION('',(-0.103628805073,-0.994616041877));
#2002 = ( GEOMETRIC_REPRESENTATION_CONTEXT(2) 
PARAMETRIC_REPRESENTATION_CONTEXT() REPRESENTATION_CONTEXT('2D SPACE',''
  ) );
#2003 = ORIENTED_EDGE('',*,*,#2004,.T.);
#2004 = EDGE_CURVE('',#1982,#1324,#2005,.T.);
#2005 = SURFACE_CURVE('',#2006,(#2010,#2017),.PCURVE_S1.);
#2006 = LINE('',#2007,#2008);
#2007 = CARTESIAN_POINT('',(-8.,113.35,0.));
#2008 = VECTOR('',#2009,1.);
#2009 = DIRECTION('',(0.,0.,1.));
#2010 = PCURVE('',#1365,#2011);
#2011 = DEFINITIONAL_REPRESENTATION('',(#2012),#2016);
#2012 = LINE('',#2013,#2014);
#2013 = CARTESIAN_POINT('',(0.,0.));
#2014 = VECTOR('',#2015,1.);
#2015 = DIRECTION('',(0.,-1.));
#2016 = ( GEOMETRIC_REPRESENTATION_CONTEXT(2) 
PARAMETRIC_REPRESENTATION_CONTEXT() REPRESENTATION_CONTEXT('2D SPACE',''
  ) );
#2017 = PCURVE('',#2018,#2023);
#2018 = PLANE('',#2019);
#2019 = AXIS2_PLACEMENT_3D('',#2020,#2021,#2022);
#2020 = CARTESIAN_POINT('',(8.,113.35,0.));
#2021 = DIRECTION('',(0.,-1.,0.));
#2022 = DIRECTION('',(-1.,0.,0.));
#2023 = DEFINITIONAL_REPRESENTATION('',(#2024),#2028);
#2024 = LINE('',#2025,#2026);
#2025 = CARTESIAN_POINT('',(16.,0.));
#2026 = VECTOR('',#2027,1.);
#2027 = DIRECTION('',(0.,-1.));
#2028 = ( GEOMETRIC_REPRESENTATION_CONTEXT(2) 
PARAMETRIC_REPRESENTATION_CONTEXT() REPRESENTATION_CONTEXT('2D SPACE',''
  ) );
#2029 = ORIENTED_EDGE('',*,*,#1351,.T.);
#2030 = ORIENTED_EDGE('',*,*,#1850,.F.);
#2031 = ADVANCED_FACE('',(#2032),#665,.F.);
#2032 = FACE_BOUND('',#2033,.F.);
#2033 = EDGE_LOOP('',(#2034,#2058,#2086,#2114,#2135));
#2034 = ORIENTED_EDGE('',*,*,#2035,.F.);
#2035 = EDGE_CURVE('',#2036,#650,#2038,.T.);
#2036 = VERTEX_POINT('',#2037);
#2037 = CARTESIAN_POINT('',(-92.63770007733,-44.24679676972,10.));
#2038 = SURFACE_CURVE('',#2039,(#2044,#2051),.PCURVE_S1.);
#2039 = CIRCLE('',#2040,3.);
#2040 = AXIS2_PLACEMENT_3D('',#2041,#2042,#2043);
#2041 = CARTESIAN_POINT('',(-90.03962386598,-42.74679676972,10.));
#2042 = DIRECTION('',(0.5,-0.866025403784,0.));
#2043 = DIRECTION('',(0.,0.,1.));
#2044 = PCURVE('',#665,#2045);
#2045 = DEFINITIONAL_REPRESENTATION('',(#2046),#2050);
#2046 = CIRCLE('',#2047,3.);
#2047 = AXIS2_PLACEMENT_2D('',#2048,#2049);
#2048 = CARTESIAN_POINT('',(3.01,0.));
#2049 = DIRECTION('',(1.,0.));
#2050 = ( GEOMETRIC_REPRESENTATION_CONTEXT(2) 
PARAMETRIC_REPRESENTATION_CONTEXT() REPRESENTATION_CONTEXT('2D SPACE',''
  ) );
#2051 = PCURVE('',#693,#2052);
#2052 = DEFINITIONAL_REPRESENTATION('',(#2053),#2057);
#2053 = LINE('',#2054,#2055);
#2054 = CARTESIAN_POINT('',(0.,1.));
#2055 = VECTOR('',#2056,1.);
#2056 = DIRECTION('',(1.,0.));
#2057 = ( GEOMETRIC_REPRESENTATION_CONTEXT(2) 
PARAMETRIC_REPRESENTATION_CONTEXT() REPRESENTATION_CONTEXT('2D SPACE',''
  ) );
#2058 = ORIENTED_EDGE('',*,*,#2059,.T.);
#2059 = EDGE_CURVE('',#2036,#2060,#2062,.T.);
#2060 = VERTEX_POINT('',#2061);
#2061 = CARTESIAN_POINT('',(-92.63770007733,-44.24679676972,48.8));
#2062 = SURFACE_CURVE('',#2063,(#2067,#2074),.PCURVE_S1.);
#2063 = LINE('',#2064,#2065);
#2064 = CARTESIAN_POINT('',(-92.63770007733,-44.24679676972,0.));
#2065 = VECTOR('',#2066,1.);
#2066 = DIRECTION('',(0.,0.,1.));
#2067 = PCURVE('',#665,#2068);
#2068 = DEFINITIONAL_REPRESENTATION('',(#2069),#2073);
#2069 = LINE('',#2070,#2071);
#2070 = CARTESIAN_POINT('',(-6.99,3.));
#2071 = VECTOR('',#2072,1.);
#2072 = DIRECTION('',(1.,0.));
#2073 = ( GEOMETRIC_REPRESENTATION_CONTEXT(2) 
PARAMETRIC_REPRESENTATION_CONTEXT() REPRESENTATION_CONTEXT('2D SPACE',''
  ) );
#2074 = PCURVE('',#2075,#2080);
#2075 = PLANE('',#2076);
#2076 = AXIS2_PLACEMENT_3D('',#2077,#2078,#2079);
#2077 = CARTESIAN_POINT('',(-84.63770007733,-58.10320323027,0.));
#2078 = DIRECTION('',(-0.866025403784,-0.5,0.));
#2079 = DIRECTION('',(-0.5,0.866025403784,0.));
#2080 = DEFINITIONAL_REPRESENTATION('',(#2081),#2085);
#2081 = LINE('',#2082,#2083);
#2082 = CARTESIAN_POINT('',(16.,0.));
#2083 = VECTOR('',#2084,1.);
#2084 = DIRECTION('',(0.,-1.));
#2085 = ( GEOMETRIC_REPRESENTATION_CONTEXT(2) 
PARAMETRIC_REPRESENTATION_CONTEXT() REPRESENTATION_CONTEXT('2D SPACE',''
  ) );
#2086 = ORIENTED_EDGE('',*,*,#2087,.T.);
#2087 = EDGE_CURVE('',#2060,#2088,#2090,.T.);
#2088 = VERTEX_POINT('',#2089);
#2089 = CARTESIAN_POINT('',(-102.1639795189,-49.74679676972,48.8));
#2090 = SURFACE_CURVE('',#2091,(#2095,#2102),.PCURVE_S1.);
#2091 = LINE('',#2092,#2093);
#2092 = CARTESIAN_POINT('',(-92.63770007733,-44.24679676972,48.8));
#2093 = VECTOR('',#2094,1.);
#2094 = DIRECTION('',(-0.866025403784,-0.5,0.));
#2095 = PCURVE('',#665,#2096);
#2096 = DEFINITIONAL_REPRESENTATION('',(#2097),#2101);
#2097 = LINE('',#2098,#2099);
#2098 = CARTESIAN_POINT('',(41.81,3.));
#2099 = VECTOR('',#2100,1.);
#2100 = DIRECTION('',(0.,1.));
#2101 = ( GEOMETRIC_REPRESENTATION_CONTEXT(2) 
PARAMETRIC_REPRESENTATION_CONTEXT() REPRESENTATION_CONTEXT('2D SPACE',''
  ) );
#2102 = PCURVE('',#2103,#2108);
#2103 = PLANE('',#2104);
#2104 = AXIS2_PLACEMENT_3D('',#2105,#2106,#2107);
#2105 = CARTESIAN_POINT('',(-93.40083979815,-53.925,48.8));
#2106 = DIRECTION('',(0.,0.,1.));
#2107 = DIRECTION('',(1.,0.,-0.));
#2108 = DEFINITIONAL_REPRESENTATION('',(#2109),#2113);
#2109 = LINE('',#2110,#2111);
#2110 = CARTESIAN_POINT('',(0.763139720814,9.678203230276));
#2111 = VECTOR('',#2112,1.);
#2112 = DIRECTION('',(-0.866025403784,-0.5));
#2113 = ( GEOMETRIC_REPRESENTATION_CONTEXT(2) 
PARAMETRIC_REPRESENTATION_CONTEXT() REPRESENTATION_CONTEXT('2D SPACE',''
  ) );
#2114 = ORIENTED_EDGE('',*,*,#2115,.F.);
#2115 = EDGE_CURVE('',#622,#2088,#2116,.T.);
#2116 = SURFACE_CURVE('',#2117,(#2121,#2128),.PCURVE_S1.);
#2117 = LINE('',#2118,#2119);
#2118 = CARTESIAN_POINT('',(-102.1639795189,-49.74679676972,0.));
#2119 = VECTOR('',#2120,1.);
#2120 = DIRECTION('',(0.,0.,1.));
#2121 = PCURVE('',#665,#2122);
#2122 = DEFINITIONAL_REPRESENTATION('',(#2123),#2127);
#2123 = LINE('',#2124,#2125);
#2124 = CARTESIAN_POINT('',(-6.99,14.));
#2125 = VECTOR('',#2126,1.);
#2126 = DIRECTION('',(1.,0.));
#2127 = ( GEOMETRIC_REPRESENTATION_CONTEXT(2) 
PARAMETRIC_REPRESENTATION_CONTEXT() REPRESENTATION_CONTEXT('2D SPACE',''
  ) );
#2128 = PCURVE('',#1966,#2129);
#2129 = DEFINITIONAL_REPRESENTATION('',(#2130),#2134);
#2130 = LINE('',#2131,#2132);
#2131 = CARTESIAN_POINT('',(0.,0.));
#2132 = VECTOR('',#2133,1.);
#2133 = DIRECTION('',(0.,-1.));
#2134 = ( GEOMETRIC_REPRESENTATION_CONTEXT(2) 
PARAMETRIC_REPRESENTATION_CONTEXT() REPRESENTATION_CONTEXT('2D SPACE',''
  ) );
#2135 = ORIENTED_EDGE('',*,*,#649,.T.);
#2136 = ADVANCED_FACE('',(#2137),#1339,.F.);
#2137 = FACE_BOUND('',#2138,.F.);
#2138 = EDGE_LOOP('',(#2139,#2169,#2195,#2196,#2219));
#2139 = ORIENTED_EDGE('',*,*,#2140,.F.);
#2140 = EDGE_CURVE('',#2141,#2143,#2145,.T.);
#2141 = VERTEX_POINT('',#2142);
#2142 = CARTESIAN_POINT('',(-8.,102.35,10.));
#2143 = VERTEX_POINT('',#2144);
#2144 = CARTESIAN_POINT('',(-8.,102.35,48.8));
#2145 = SURFACE_CURVE('',#2146,(#2150,#2157),.PCURVE_S1.);
#2146 = LINE('',#2147,#2148);
#2147 = CARTESIAN_POINT('',(-8.,102.35,0.));
#2148 = VECTOR('',#2149,1.);
#2149 = DIRECTION('',(0.,0.,1.));
#2150 = PCURVE('',#1339,#2151);
#2151 = DEFINITIONAL_REPRESENTATION('',(#2152),#2156);
#2152 = LINE('',#2153,#2154);
#2153 = CARTESIAN_POINT('',(11.,0.));
#2154 = VECTOR('',#2155,1.);
#2155 = DIRECTION('',(0.,-1.));
#2156 = ( GEOMETRIC_REPRESENTATION_CONTEXT(2) 
PARAMETRIC_REPRESENTATION_CONTEXT() REPRESENTATION_CONTEXT('2D SPACE',''
  ) );
#2157 = PCURVE('',#2158,#2163);
#2158 = PLANE('',#2159);
#2159 = AXIS2_PLACEMENT_3D('',#2160,#2161,#2162);
#2160 = CARTESIAN_POINT('',(-8.,102.35,0.));
#2161 = DIRECTION('',(0.,1.,0.));
#2162 = DIRECTION('',(1.,0.,0.));
#2163 = DEFINITIONAL_REPRESENTATION('',(#2164),#2168);
#2164 = LINE('',#2165,#2166);
#2165 = CARTESIAN_POINT('',(0.,0.));
#2166 = VECTOR('',#2167,1.);
#2167 = DIRECTION('',(0.,-1.));
#2168 = ( GEOMETRIC_REPRESENTATION_CONTEXT(2) 
PARAMETRIC_REPRESENTATION_CONTEXT() REPRESENTATION_CONTEXT('2D SPACE',''
  ) );
#2169 = ORIENTED_EDGE('',*,*,#2170,.T.);
#2170 = EDGE_CURVE('',#2141,#1296,#2171,.T.);
#2171 = SURFACE_CURVE('',#2172,(#2177,#2188),.PCURVE_S1.);
#2172 = CIRCLE('',#2173,3.);
#2173 = AXIS2_PLACEMENT_3D('',#2174,#2175,#2176);
#2174 = CARTESIAN_POINT('',(-8.,99.35,10.));
#2175 = DIRECTION('',(-1.,1.110223024625E-16,0.));
#2176 = DIRECTION('',(0.,0.,1.));
#2177 = PCURVE('',#1339,#2178);
#2178 = DEFINITIONAL_REPRESENTATION('',(#2179),#2187);
#2179 = ( BOUNDED_CURVE() B_SPLINE_CURVE(2,(#2180,#2181,#2182,#2183,
#2184,#2185,#2186),.UNSPECIFIED.,.T.,.F.) B_SPLINE_CURVE_WITH_KNOTS((1,2
    ,2,2,2,1),(-2.094395102393,0.,2.094395102393,4.188790204786,
6.28318530718,8.377580409573),.UNSPECIFIED.) CURVE() 
GEOMETRIC_REPRESENTATION_ITEM() RATIONAL_B_SPLINE_CURVE((1.,0.5,1.,0.5,
1.,0.5,1.)) REPRESENTATION_ITEM('') );
#2180 = CARTESIAN_POINT('',(14.,-13.));
#2181 = CARTESIAN_POINT('',(8.803847577293,-13.));
#2182 = CARTESIAN_POINT('',(11.401923788647,-8.5));
#2183 = CARTESIAN_POINT('',(14.,-4.));
#2184 = CARTESIAN_POINT('',(16.598076211353,-8.5));
#2185 = CARTESIAN_POINT('',(19.196152422707,-13.));
#2186 = CARTESIAN_POINT('',(14.,-13.));
#2187 = ( GEOMETRIC_REPRESENTATION_CONTEXT(2) 
PARAMETRIC_REPRESENTATION_CONTEXT() REPRESENTATION_CONTEXT('2D SPACE',''
  ) );
#2188 = PCURVE('',#1311,#2189);
#2189 = DEFINITIONAL_REPRESENTATION('',(#2190),#2194);
#2190 = LINE('',#2191,#2192);
#2191 = CARTESIAN_POINT('',(0.,17.));
#2192 = VECTOR('',#2193,1.);
#2193 = DIRECTION('',(1.,0.));
#2194 = ( GEOMETRIC_REPRESENTATION_CONTEXT(2) 
PARAMETRIC_REPRESENTATION_CONTEXT() REPRESENTATION_CONTEXT('2D SPACE',''
  ) );
#2195 = ORIENTED_EDGE('',*,*,#1323,.T.);
#2196 = ORIENTED_EDGE('',*,*,#2197,.T.);
#2197 = EDGE_CURVE('',#1324,#2198,#2200,.T.);
#2198 = VERTEX_POINT('',#2199);
#2199 = CARTESIAN_POINT('',(-8.,113.35,48.8));
#2200 = SURFACE_CURVE('',#2201,(#2205,#2212),.PCURVE_S1.);
#2201 = LINE('',#2202,#2203);
#2202 = CARTESIAN_POINT('',(-8.,113.35,0.));
#2203 = VECTOR('',#2204,1.);
#2204 = DIRECTION('',(0.,0.,1.));
#2205 = PCURVE('',#1339,#2206);
#2206 = DEFINITIONAL_REPRESENTATION('',(#2207),#2211);
#2207 = LINE('',#2208,#2209);
#2208 = CARTESIAN_POINT('',(0.,0.));
#2209 = VECTOR('',#2210,1.);
#2210 = DIRECTION('',(0.,-1.));
#2211 = ( GEOMETRIC_REPRESENTATION_CONTEXT(2) 
PARAMETRIC_REPRESENTATION_CONTEXT() REPRESENTATION_CONTEXT('2D SPACE',''
  ) );
#2212 = PCURVE('',#2018,#2213);
#2213 = DEFINITIONAL_REPRESENTATION('',(#2214),#2218);
#2214 = LINE('',#2215,#2216);
#2215 = CARTESIAN_POINT('',(16.,0.));
#2216 = VECTOR('',#2217,1.);
#2217 = DIRECTION('',(0.,-1.));
#2218 = ( GEOMETRIC_REPRESENTATION_CONTEXT(2) 
PARAMETRIC_REPRESENTATION_CONTEXT() REPRESENTATION_CONTEXT('2D SPACE',''
  ) );
#2219 = ORIENTED_EDGE('',*,*,#2220,.T.);
#2220 = EDGE_CURVE('',#2198,#2143,#2221,.T.);
#2221 = SURFACE_CURVE('',#2222,(#2226,#2233),.PCURVE_S1.);
#2222 = LINE('',#2223,#2224);
#2223 = CARTESIAN_POINT('',(-8.,113.35,48.8));
#2224 = VECTOR('',#2225,1.);
#2225 = DIRECTION('',(-8.074349270001E-17,-1.,0.));
#2226 = PCURVE('',#1339,#2227);
#2227 = DEFINITIONAL_REPRESENTATION('',(#2228),#2232);
#2228 = LINE('',#2229,#2230);
#2229 = CARTESIAN_POINT('',(0.,-48.8));
#2230 = VECTOR('',#2231,1.);
#2231 = DIRECTION('',(1.,0.));
#2232 = ( GEOMETRIC_REPRESENTATION_CONTEXT(2) 
PARAMETRIC_REPRESENTATION_CONTEXT() REPRESENTATION_CONTEXT('2D SPACE',''
  ) );
#2233 = PCURVE('',#2234,#2239);
#2234 = PLANE('',#2235);
#2235 = AXIS2_PLACEMENT_3D('',#2236,#2237,#2238);
#2236 = CARTESIAN_POINT('',(7.105427357601E-15,107.85,48.8));
#2237 = DIRECTION('',(0.,0.,1.));
#2238 = DIRECTION('',(1.,0.,-0.));
#2239 = DEFINITIONAL_REPRESENTATION('',(#2240),#2244);
#2240 = LINE('',#2241,#2242);
#2241 = CARTESIAN_POINT('',(-8.,5.5));
#2242 = VECTOR('',#2243,1.);
#2243 = DIRECTION('',(-8.074349270001E-17,-1.));
#2244 = ( GEOMETRIC_REPRESENTATION_CONTEXT(2) 
PARAMETRIC_REPRESENTATION_CONTEXT() REPRESENTATION_CONTEXT('2D SPACE',''
  ) );
#2245 = ADVANCED_FACE('',(#2246),#693,.F.);
#2246 = FACE_BOUND('',#2247,.F.);
#2247 = EDGE_LOOP('',(#2248,#2271,#2272,#2273,#2356));
#2248 = ORIENTED_EDGE('',*,*,#2249,.F.);
#2249 = EDGE_CURVE('',#2036,#2250,#2252,.T.);
#2250 = VERTEX_POINT('',#2251);
#2251 = CARTESIAN_POINT('',(-90.13770007733,-48.57692378864,10.));
#2252 = SURFACE_CURVE('',#2253,(#2257,#2264),.PCURVE_S1.);
#2253 = LINE('',#2254,#2255);
#2254 = CARTESIAN_POINT('',(-93.13770007733,-43.38077136594,10.));
#2255 = VECTOR('',#2256,1.);
#2256 = DIRECTION('',(0.5,-0.866025403784,0.));
#2257 = PCURVE('',#693,#2258);
#2258 = DEFINITIONAL_REPRESENTATION('',(#2259),#2263);
#2259 = LINE('',#2260,#2261);
#2260 = CARTESIAN_POINT('',(1.570796326795,0.));
#2261 = VECTOR('',#2262,1.);
#2262 = DIRECTION('',(0.,1.));
#2263 = ( GEOMETRIC_REPRESENTATION_CONTEXT(2) 
PARAMETRIC_REPRESENTATION_CONTEXT() REPRESENTATION_CONTEXT('2D SPACE',''
  ) );
#2264 = PCURVE('',#2075,#2265);
#2265 = DEFINITIONAL_REPRESENTATION('',(#2266),#2270);
#2266 = LINE('',#2267,#2268);
#2267 = CARTESIAN_POINT('',(17.,-10.));
#2268 = VECTOR('',#2269,1.);
#2269 = DIRECTION('',(-1.,-0.));
#2270 = ( GEOMETRIC_REPRESENTATION_CONTEXT(2) 
PARAMETRIC_REPRESENTATION_CONTEXT() REPRESENTATION_CONTEXT('2D SPACE',''
  ) );
#2271 = ORIENTED_EDGE('',*,*,#2035,.T.);
#2272 = ORIENTED_EDGE('',*,*,#677,.T.);
#2273 = ORIENTED_EDGE('',*,*,#2274,.F.);
#2274 = EDGE_CURVE('',#2275,#678,#2277,.T.);
#2275 = VERTEX_POINT('',#2276);
#2276 = CARTESIAN_POINT('',(-89.98911360876,-48.49113735102,9.));
#2277 = SURFACE_CURVE('',#2278,(#2302,#2329),.PCURVE_S1.);
#2278 = B_SPLINE_CURVE_WITH_KNOTS('',8,(#2279,#2280,#2281,#2282,#2283,
    #2284,#2285,#2286,#2287,#2288,#2289,#2290,#2291,#2292,#2293,#2294,
    #2295,#2296,#2297,#2298,#2299,#2300,#2301),.UNSPECIFIED.,.F.,.F.,(9,
    7,7,9),(0.,0.182451691923,0.330328230742,1.),.UNSPECIFIED.);
#2279 = CARTESIAN_POINT('',(-89.98911360876,-48.49113735102,9.));
#2280 = CARTESIAN_POINT('',(-89.95670728685,-48.47242755234,
    8.89416139584));
#2281 = CARTESIAN_POINT('',(-89.92397810173,-48.44614011334,
    8.791218112285));
#2282 = CARTESIAN_POINT('',(-89.89091835953,-48.41297805616,
    8.691527590639));
#2283 = CARTESIAN_POINT('',(-89.85756623424,-48.37365180645,
    8.595388168645));
#2284 = CARTESIAN_POINT('',(-89.82399514951,-48.32888180934,
    8.503046437248));
#2285 = CARTESIAN_POINT('',(-89.79030622134,-48.27940053993,
    8.414702765804));
#2286 = CARTESIAN_POINT('',(-89.75662376159,-48.22595390802,
    8.330514995706));
#2287 = CARTESIAN_POINT('',(-89.69591794525,-48.12338590535,
    8.185829687726));
#2288 = CARTESIAN_POINT('',(-89.66874733743,-48.07520425282,8.1236401536
    ));
#2289 = CARTESIAN_POINT('',(-89.64159409241,-48.02502221242,
    8.063968840555));
#2290 = CARTESIAN_POINT('',(-89.6144695095,-47.97307291134,
    8.006745237638));
#2291 = CARTESIAN_POINT('',(-89.5873827635,-47.91955807072,
    7.951892516273));
#2292 = CARTESIAN_POINT('',(-89.56033955445,-47.86464858524,
    7.899328864088));
#2293 = CARTESIAN_POINT('',(-89.53334075733,-47.80848510259,
    7.848968818733));
#2294 = CARTESIAN_POINT('',(-89.38429179089,-47.49166113516,
    7.582246468352));
#2295 = CARTESIAN_POINT('',(-89.26144682691,-47.20538613754,
    7.404371540342));
#2296 = CARTESIAN_POINT('',(-89.13903947261,-46.90502163198,
    7.263808219227));
#2297 = CARTESIAN_POINT('',(-89.01793169688,-46.59803545648,
    7.156345529715));
#2298 = CARTESIAN_POINT('',(-88.89820602255,-46.28834671233,
    7.078179294077));
#2299 = CARTESIAN_POINT('',(-88.77936623913,-45.97704377731,
    7.026483231353));
#2300 = CARTESIAN_POINT('',(-88.66032440238,-45.66314722496,
    7.00000010766));
#2301 = CARTESIAN_POINT('',(-88.53962386598,-45.34487298107,7.));
#2302 = PCURVE('',#693,#2303);
#2303 = DEFINITIONAL_REPRESENTATION('',(#2304),#2328);
#2304 = B_SPLINE_CURVE_WITH_KNOTS('',8,(#2305,#2306,#2307,#2308,#2309,
    #2310,#2311,#2312,#2313,#2314,#2315,#2316,#2317,#2318,#2319,#2320,
    #2321,#2322,#2323,#2324,#2325,#2326,#2327),.UNSPECIFIED.,.F.,.F.,(9,
    7,7,9),(0.,0.182451691923,0.330328230742,1.),.UNSPECIFIED.);
#2305 = CARTESIAN_POINT('',(1.910633236249,6.));
#2306 = CARTESIAN_POINT('',(1.948052833605,6.));
#2307 = CARTESIAN_POINT('',(1.985014555159,5.993599002585));
#2308 = CARTESIAN_POINT('',(2.021447651059,5.981409689729));
#2309 = CARTESIAN_POINT('',(2.057286743146,5.964028221087));
#2310 = CARTESIAN_POINT('',(2.092467685362,5.942041808634));
#2311 = CARTESIAN_POINT('',(2.126924312474,5.916034236399));
#2312 = CARTESIAN_POINT('',(2.160586077105,5.886589325288));
#2313 = CARTESIAN_POINT('',(2.219953173482,5.828115737533));
#2314 = CARTESIAN_POINT('',(2.246050122956,5.799974506353));
#2315 = CARTESIAN_POINT('',(2.271685261132,5.770092207066));
#2316 = CARTESIAN_POINT('',(2.296877386738,5.738665084077));
#2317 = CARTESIAN_POINT('',(2.321646754781,5.705863245624));
#2318 = CARTESIAN_POINT('',(2.346015571737,5.67183184081));
#2319 = CARTESIAN_POINT('',(2.370008490733,5.636692236628));
#2320 = CARTESIAN_POINT('',(2.500729807075,5.436839115522));
#2321 = CARTESIAN_POINT('',(2.602030600537,5.250340177114));
#2322 = CARTESIAN_POINT('',(2.69837191028,5.051420562048));
#2323 = CARTESIAN_POINT('',(2.790637307864,4.846116623329));
#2324 = CARTESIAN_POINT('',(2.879798982553,4.637781140783));
#2325 = CARTESIAN_POINT('',(2.96702315183,4.4276047825));
#2326 = CARTESIAN_POINT('',(3.053703706979,4.215283312378));
#2327 = CARTESIAN_POINT('',(3.14159265359,4.));
#2328 = ( GEOMETRIC_REPRESENTATION_CONTEXT(2) 
PARAMETRIC_REPRESENTATION_CONTEXT() REPRESENTATION_CONTEXT('2D SPACE',''
  ) );
#2329 = PCURVE('',#721,#2330);
#2330 = DEFINITIONAL_REPRESENTATION('',(#2331),#2355);
#2331 = B_SPLINE_CURVE_WITH_KNOTS('',8,(#2332,#2333,#2334,#2335,#2336,
    #2337,#2338,#2339,#2340,#2341,#2342,#2343,#2344,#2345,#2346,#2347,
    #2348,#2349,#2350,#2351,#2352,#2353,#2354),.UNSPECIFIED.,.F.,.F.,(9,
    7,7,9),(0.,0.182451691923,0.330328230742,1.),.UNSPECIFIED.);
#2332 = CARTESIAN_POINT('',(4.712388980385,34.938427124746));
#2333 = CARTESIAN_POINT('',(4.659469678305,34.90100752739));
#2334 = CARTESIAN_POINT('',(4.607997978849,34.859519502131));
#2335 = CARTESIAN_POINT('',(4.557927050675,34.814307896956));
#2336 = CARTESIAN_POINT('',(4.509231630579,34.765760984323));
#2337 = CARTESIAN_POINT('',(4.46190494708,34.714302573561));
#2338 = CARTESIAN_POINT('',(4.415956843695,34.660386471237));
#2339 = CARTESIAN_POINT('',(4.371413101896,34.604493289478));
#2340 = CARTESIAN_POINT('',(4.293385864969,34.500636509031));
#2341 = CARTESIAN_POINT('',(4.259284112782,34.453015246158));
#2342 = CARTESIAN_POINT('',(4.225958847239,34.404408825979));
#2343 = CARTESIAN_POINT('',(4.19336182433,34.354943597567));
#2344 = CARTESIAN_POINT('',(4.161447038021,34.304728367117));
#2345 = CARTESIAN_POINT('',(4.130169342294,34.253853518335));
#2346 = CARTESIAN_POINT('',(4.099483073178,34.202390132841));
#2347 = CARTESIAN_POINT('',(3.932838179611,33.914897957779));
#2348 = CARTESIAN_POINT('',(3.805747614141,33.66537359944));
#2349 = CARTESIAN_POINT('',(3.685991249516,33.409183468223));
#2350 = CARTESIAN_POINT('',(3.572042031009,33.150807970104));
#2351 = CARTESIAN_POINT('',(3.462379794498,32.892278122561));
#2352 = CARTESIAN_POINT('',(3.3553963245,32.633708383629));
#2353 = CARTESIAN_POINT('',(3.249234091095,32.373666852715));
#2354 = CARTESIAN_POINT('',(3.14159265359,32.11));
#2355 = ( GEOMETRIC_REPRESENTATION_CONTEXT(2) 
PARAMETRIC_REPRESENTATION_CONTEXT() REPRESENTATION_CONTEXT('2D SPACE',''
  ) );
#2356 = ORIENTED_EDGE('',*,*,#2357,.F.);
#2357 = EDGE_CURVE('',#2250,#2275,#2358,.T.);
#2358 = SURFACE_CURVE('',#2359,(#2364,#2371),.PCURVE_S1.);
#2359 = CIRCLE('',#2360,3.);
#2360 = AXIS2_PLACEMENT_3D('',#2361,#2362,#2363);
#2361 = CARTESIAN_POINT('',(-87.53962386598,-47.07692378864,10.));
#2362 = DIRECTION('',(0.5,-0.866025403784,0.));
#2363 = DIRECTION('',(0.,0.,1.));
#2364 = PCURVE('',#693,#2365);
#2365 = DEFINITIONAL_REPRESENTATION('',(#2366),#2370);
#2366 = LINE('',#2367,#2368);
#2367 = CARTESIAN_POINT('',(0.,6.));
#2368 = VECTOR('',#2369,1.);
#2369 = DIRECTION('',(1.,0.));
#2370 = ( GEOMETRIC_REPRESENTATION_CONTEXT(2) 
PARAMETRIC_REPRESENTATION_CONTEXT() REPRESENTATION_CONTEXT('2D SPACE',''
  ) );
#2371 = PCURVE('',#2372,#2377);
#2372 = PLANE('',#2373);
#2373 = AXIS2_PLACEMENT_3D('',#2374,#2375,#2376);
#2374 = CARTESIAN_POINT('',(-60.59757355425,-31.52192378864,6.99));
#2375 = DIRECTION('',(0.5,-0.866025403784,0.));
#2376 = DIRECTION('',(-0.866025403784,-0.5,0.));
#2377 = DEFINITIONAL_REPRESENTATION('',(#2378),#2382);
#2378 = CIRCLE('',#2379,3.);
#2379 = AXIS2_PLACEMENT_2D('',#2380,#2381);
#2380 = CARTESIAN_POINT('',(31.11,-3.01));
#2381 = DIRECTION('',(0.,-1.));
#2382 = ( GEOMETRIC_REPRESENTATION_CONTEXT(2) 
PARAMETRIC_REPRESENTATION_CONTEXT() REPRESENTATION_CONTEXT('2D SPACE',''
  ) );
#2383 = ADVANCED_FACE('',(#2384),#1311,.F.);
#2384 = FACE_BOUND('',#2385,.F.);
#2385 = EDGE_LOOP('',(#2386,#2409,#2442,#2523,#2524));
#2386 = ORIENTED_EDGE('',*,*,#2387,.F.);
#2387 = EDGE_CURVE('',#2388,#2141,#2390,.T.);
#2388 = VERTEX_POINT('',#2389);
#2389 = CARTESIAN_POINT('',(-3.,102.35,10.));
#2390 = SURFACE_CURVE('',#2391,(#2395,#2402),.PCURVE_S1.);
#2391 = LINE('',#2392,#2393);
#2392 = CARTESIAN_POINT('',(9.,102.35,10.));
#2393 = VECTOR('',#2394,1.);
#2394 = DIRECTION('',(-1.,1.110223024625E-16,0.));
#2395 = PCURVE('',#1311,#2396);
#2396 = DEFINITIONAL_REPRESENTATION('',(#2397),#2401);
#2397 = LINE('',#2398,#2399);
#2398 = CARTESIAN_POINT('',(1.570796326795,0.));
#2399 = VECTOR('',#2400,1.);
#2400 = DIRECTION('',(0.,1.));
#2401 = ( GEOMETRIC_REPRESENTATION_CONTEXT(2) 
PARAMETRIC_REPRESENTATION_CONTEXT() REPRESENTATION_CONTEXT('2D SPACE',''
  ) );
#2402 = PCURVE('',#2158,#2403);
#2403 = DEFINITIONAL_REPRESENTATION('',(#2404),#2408);
#2404 = LINE('',#2405,#2406);
#2405 = CARTESIAN_POINT('',(17.,-10.));
#2406 = VECTOR('',#2407,1.);
#2407 = DIRECTION('',(-1.,0.));
#2408 = ( GEOMETRIC_REPRESENTATION_CONTEXT(2) 
PARAMETRIC_REPRESENTATION_CONTEXT() REPRESENTATION_CONTEXT('2D SPACE',''
  ) );
#2409 = ORIENTED_EDGE('',*,*,#2410,.T.);
#2410 = EDGE_CURVE('',#2388,#2411,#2413,.T.);
#2411 = VERTEX_POINT('',#2412);
#2412 = CARTESIAN_POINT('',(-3.,102.17842712474,9.));
#2413 = SURFACE_CURVE('',#2414,(#2419,#2426),.PCURVE_S1.);
#2414 = CIRCLE('',#2415,3.);
#2415 = AXIS2_PLACEMENT_3D('',#2416,#2417,#2418);
#2416 = CARTESIAN_POINT('',(-3.,99.35,10.));
#2417 = DIRECTION('',(-1.,1.110223024625E-16,0.));
#2418 = DIRECTION('',(0.,0.,1.));
#2419 = PCURVE('',#1311,#2420);
#2420 = DEFINITIONAL_REPRESENTATION('',(#2421),#2425);
#2421 = LINE('',#2422,#2423);
#2422 = CARTESIAN_POINT('',(0.,12.));
#2423 = VECTOR('',#2424,1.);
#2424 = DIRECTION('',(1.,0.));
#2425 = ( GEOMETRIC_REPRESENTATION_CONTEXT(2) 
PARAMETRIC_REPRESENTATION_CONTEXT() REPRESENTATION_CONTEXT('2D SPACE',''
  ) );
#2426 = PCURVE('',#2427,#2432);
#2427 = PLANE('',#2428);
#2428 = AXIS2_PLACEMENT_3D('',#2429,#2430,#2431);
#2429 = CARTESIAN_POINT('',(-3.,102.35,6.99));
#2430 = DIRECTION('',(1.,-6.509662999854E-17,0.));
#2431 = DIRECTION('',(-6.509662999854E-17,-1.,0.));
#2432 = DEFINITIONAL_REPRESENTATION('',(#2433),#2441);
#2433 = ( BOUNDED_CURVE() B_SPLINE_CURVE(2,(#2434,#2435,#2436,#2437,
#2438,#2439,#2440),.UNSPECIFIED.,.T.,.F.) B_SPLINE_CURVE_WITH_KNOTS((1,2
    ,2,2,2,1),(-2.094395102393,0.,2.094395102393,4.188790204786,
6.28318530718,8.377580409573),.UNSPECIFIED.) CURVE() 
GEOMETRIC_REPRESENTATION_ITEM() RATIONAL_B_SPLINE_CURVE((1.,0.5,1.,0.5,
1.,0.5,1.)) REPRESENTATION_ITEM('') );
#2434 = CARTESIAN_POINT('',(3.,-6.01));
#2435 = CARTESIAN_POINT('',(-2.196152422707,-6.01));
#2436 = CARTESIAN_POINT('',(0.401923788647,-1.51));
#2437 = CARTESIAN_POINT('',(3.,2.99));
#2438 = CARTESIAN_POINT('',(5.598076211353,-1.51));
#2439 = CARTESIAN_POINT('',(8.196152422707,-6.01));
#2440 = CARTESIAN_POINT('',(3.,-6.01));
#2441 = ( GEOMETRIC_REPRESENTATION_CONTEXT(2) 
PARAMETRIC_REPRESENTATION_CONTEXT() REPRESENTATION_CONTEXT('2D SPACE',''
  ) );
#2442 = ORIENTED_EDGE('',*,*,#2443,.T.);
#2443 = EDGE_CURVE('',#2411,#1268,#2444,.T.);
#2444 = SURFACE_CURVE('',#2445,(#2469,#2496),.PCURVE_S1.);
#2445 = B_SPLINE_CURVE_WITH_KNOTS('',8,(#2446,#2447,#2448,#2449,#2450,
    #2451,#2452,#2453,#2454,#2455,#2456,#2457,#2458,#2459,#2460,#2461,
    #2462,#2463,#2464,#2465,#2466,#2467,#2468),.UNSPECIFIED.,.F.,.F.,(9,
    7,7,9),(0.,0.182451692031,0.330328230831,1.),.UNSPECIFIED.);
#2446 = CARTESIAN_POINT('',(-3.,102.17842712474,9.));
#2447 = CARTESIAN_POINT('',(-3.,102.14100752741,8.894161395904));
#2448 = CARTESIAN_POINT('',(-3.006400997408,102.09951950214,
    8.791218112312));
#2449 = CARTESIAN_POINT('',(-3.018590310269,102.05430789694,
    8.691527590609));
#2450 = CARTESIAN_POINT('',(-3.035971778924,102.00576098429,
    8.595388168588));
#2451 = CARTESIAN_POINT('',(-3.05795819138,101.95430257353,
    8.503046437214));
#2452 = CARTESIAN_POINT('',(-3.083965763599,101.90038647124,
    8.414702765825));
#2453 = CARTESIAN_POINT('',(-3.113410674688,101.84449328952,
    8.330514995764));
#2454 = CARTESIAN_POINT('',(-3.171884262467,101.74063650903,
    8.185829687726));
#2455 = CARTESIAN_POINT('',(-3.200025493647,101.69301524615,8.1236401536
    ));
#2456 = CARTESIAN_POINT('',(-3.229907792934,101.64440882597,
    8.063968840555));
#2457 = CARTESIAN_POINT('',(-3.261334915923,101.59494359756,
    8.006745237638));
#2458 = CARTESIAN_POINT('',(-3.294136754376,101.54472836711,
    7.951892516273));
#2459 = CARTESIAN_POINT('',(-3.32816815919,101.49385351833,
    7.899328864088));
#2460 = CARTESIAN_POINT('',(-3.363307763372,101.44239013284,
    7.848968818733));
#2461 = CARTESIAN_POINT('',(-3.563160884478,101.15489795777,
    7.582246468352));
#2462 = CARTESIAN_POINT('',(-3.749659822885,100.90537359944,
    7.404371540343));
#2463 = CARTESIAN_POINT('',(-3.948579437956,100.64918346822,
    7.263808219224));
#2464 = CARTESIAN_POINT('',(-4.153883376665,100.3908079701,
    7.156345529718));
#2465 = CARTESIAN_POINT('',(-4.362218859221,100.13227812256,
    7.078179294074));
#2466 = CARTESIAN_POINT('',(-4.572395217498,99.873708383628,
    7.026483231354));
#2467 = CARTESIAN_POINT('',(-4.784716687622,99.613666852715,
    7.00000010766));
#2468 = CARTESIAN_POINT('',(-5.,99.35,7.));
#2469 = PCURVE('',#1311,#2470);
#2470 = DEFINITIONAL_REPRESENTATION('',(#2471),#2495);
#2471 = B_SPLINE_CURVE_WITH_KNOTS('',8,(#2472,#2473,#2474,#2475,#2476,
    #2477,#2478,#2479,#2480,#2481,#2482,#2483,#2484,#2485,#2486,#2487,
    #2488,#2489,#2490,#2491,#2492,#2493,#2494),.UNSPECIFIED.,.F.,.F.,(9,
    7,7,9),(0.,0.182451692031,0.330328230831,1.),.UNSPECIFIED.);
#2472 = CARTESIAN_POINT('',(1.910633236249,12.));
#2473 = CARTESIAN_POINT('',(1.948052833583,12.));
#2474 = CARTESIAN_POINT('',(1.985014555149,12.006400997408));
#2475 = CARTESIAN_POINT('',(2.02144765107,12.018590310269));
#2476 = CARTESIAN_POINT('',(2.057286743167,12.035971778924));
#2477 = CARTESIAN_POINT('',(2.092467685376,12.05795819138));
#2478 = CARTESIAN_POINT('',(2.126924312467,12.083965763599));
#2479 = CARTESIAN_POINT('',(2.160586077081,12.113410674688));
#2480 = CARTESIAN_POINT('',(2.219953173482,12.171884262467));
#2481 = CARTESIAN_POINT('',(2.246050122956,12.200025493647));
#2482 = CARTESIAN_POINT('',(2.271685261132,12.229907792934));
#2483 = CARTESIAN_POINT('',(2.296877386738,12.261334915923));
#2484 = CARTESIAN_POINT('',(2.321646754781,12.294136754376));
#2485 = CARTESIAN_POINT('',(2.346015571737,12.32816815919));
#2486 = CARTESIAN_POINT('',(2.370008490733,12.363307763372));
#2487 = CARTESIAN_POINT('',(2.500729807074,12.563160884478));
#2488 = CARTESIAN_POINT('',(2.602030600537,12.749659822885));
#2489 = CARTESIAN_POINT('',(2.698371910281,12.948579437955));
#2490 = CARTESIAN_POINT('',(2.790637307862,13.153883376666));
#2491 = CARTESIAN_POINT('',(2.879798982554,13.36221885922));
#2492 = CARTESIAN_POINT('',(2.96702315183,13.572395217499));
#2493 = CARTESIAN_POINT('',(3.053703706979,13.784716687622));
#2494 = CARTESIAN_POINT('',(3.14159265359,14.));
#2495 = ( GEOMETRIC_REPRESENTATION_CONTEXT(2) 
PARAMETRIC_REPRESENTATION_CONTEXT() REPRESENTATION_CONTEXT('2D SPACE',''
  ) );
#2496 = PCURVE('',#1283,#2497);
#2497 = DEFINITIONAL_REPRESENTATION('',(#2498),#2522);
#2498 = B_SPLINE_CURVE_WITH_KNOTS('',8,(#2499,#2500,#2501,#2502,#2503,
    #2504,#2505,#2506,#2507,#2508,#2509,#2510,#2511,#2512,#2513,#2514,
    #2515,#2516,#2517,#2518,#2519,#2520,#2521),.UNSPECIFIED.,.F.,.F.,(9,
    7,7,9),(0.,0.182451692031,0.330328230831,1.),.UNSPECIFIED.);
#2499 = CARTESIAN_POINT('',(1.570796326795,34.938427124746));
#2500 = CARTESIAN_POINT('',(1.623715628843,34.901007527412));
#2501 = CARTESIAN_POINT('',(1.675187328317,34.859519502146));
#2502 = CARTESIAN_POINT('',(1.725258256519,34.814307896947));
#2503 = CARTESIAN_POINT('',(1.773953676629,34.765760984293));
#2504 = CARTESIAN_POINT('',(1.821280360118,34.714302573536));
#2505 = CARTESIAN_POINT('',(1.867228463475,34.660386471246));
#2506 = CARTESIAN_POINT('',(1.911772205252,34.60449328952));
#2507 = CARTESIAN_POINT('',(1.989799442211,34.500636509031));
#2508 = CARTESIAN_POINT('',(2.023901194398,34.453015246158));
#2509 = CARTESIAN_POINT('',(2.057226459941,34.404408825979));
#2510 = CARTESIAN_POINT('',(2.08982348285,34.354943597567));
#2511 = CARTESIAN_POINT('',(2.121738269158,34.304728367117));
#2512 = CARTESIAN_POINT('',(2.153015964886,34.253853518335));
#2513 = CARTESIAN_POINT('',(2.183702234001,34.202390132841));
#2514 = CARTESIAN_POINT('',(2.350347127569,33.914897957779));
#2515 = CARTESIAN_POINT('',(2.477437693038,33.665373599441));
#2516 = CARTESIAN_POINT('',(2.597194057666,33.40918346822));
#2517 = CARTESIAN_POINT('',(2.711143276167,33.150807970106));
#2518 = CARTESIAN_POINT('',(2.820805512684,32.892278122561));
#2519 = CARTESIAN_POINT('',(2.927788982678,32.633708383628));
#2520 = CARTESIAN_POINT('',(3.033951216085,32.373666852715));
#2521 = CARTESIAN_POINT('',(3.14159265359,32.11));
#2522 = ( GEOMETRIC_REPRESENTATION_CONTEXT(2) 
PARAMETRIC_REPRESENTATION_CONTEXT() REPRESENTATION_CONTEXT('2D SPACE',''
  ) );
#2523 = ORIENTED_EDGE('',*,*,#1295,.T.);
#2524 = ORIENTED_EDGE('',*,*,#2170,.F.);
#2525 = ADVANCED_FACE('',(#2526),#721,.F.);
#2526 = FACE_BOUND('',#2527,.F.);
#2527 = EDGE_LOOP('',(#2528,#2529,#2624,#2645));
#2528 = ORIENTED_EDGE('',*,*,#705,.F.);
#2529 = ORIENTED_EDGE('',*,*,#2530,.F.);
#2530 = EDGE_CURVE('',#2531,#706,#2533,.T.);
#2531 = VERTEX_POINT('',#2532);
#2532 = CARTESIAN_POINT('',(-64.36065075423,-33.69453742303,9.));
#2533 = SURFACE_CURVE('',#2534,(#2562,#2593),.PCURVE_S1.);
#2534 = B_SPLINE_CURVE_WITH_KNOTS('',6,(#2535,#2536,#2537,#2538,#2539,
    #2540,#2541,#2542,#2543,#2544,#2545,#2546,#2547,#2548,#2549,#2550,
    #2551,#2552,#2553,#2554,#2555,#2556,#2557,#2558,#2559,#2560,#2561),
  .UNSPECIFIED.,.F.,.F.,(7,5,5,5,5,7),(0.,0.165424638018,0.33851974629,
    0.490506517936,0.901086515145,1.),.UNSPECIFIED.);
#2535 = CARTESIAN_POINT('',(-64.36065075423,-33.69453742303,9.));
#2536 = CARTESIAN_POINT('',(-64.36065075423,-33.69453742303,
    8.90420751252));
#2537 = CARTESIAN_POINT('',(-64.3664635056,-33.69153556462,
    8.808401787007));
#2538 = CARTESIAN_POINT('',(-64.37809074941,-33.68553150249,
    8.713231337476));
#2539 = CARTESIAN_POINT('',(-64.39538344929,-33.6765874717,8.61928450546
    ));
#2540 = CARTESIAN_POINT('',(-64.41807751107,-33.66481427358,
    8.527085783799));
#2541 = CARTESIAN_POINT('',(-64.47486830798,-33.63522990179,
    8.342925638826));
#2542 = CARTESIAN_POINT('',(-64.50944952899,-33.61716179277,
    8.251158008518));
#2543 = CARTESIAN_POINT('',(-64.54919187286,-33.59631361429,
    8.162280942767));
#2544 = CARTESIAN_POINT('',(-64.59364721261,-33.57287376191,
    8.07665289015));
#2545 = CARTESIAN_POINT('',(-64.64236673396,-33.54703236456,
    7.99453005958));
#2546 = CARTESIAN_POINT('',(-64.74108269148,-33.49432839235,
    7.847212722092));
#2547 = CARTESIAN_POINT('',(-64.79019901746,-33.46797460316,
    7.781175149794));
#2548 = CARTESIAN_POINT('',(-64.84199764173,-33.44002742727,
    7.718088799266));
#2549 = CARTESIAN_POINT('',(-64.89621239248,-33.41060159924,
    7.658029684987));
#2550 = CARTESIAN_POINT('',(-64.95259888561,-33.37980388989,
    7.601046126218));
#2551 = CARTESIAN_POINT('',(-65.16854938177,-33.26108468325,
    7.401620569992));
#2552 = CARTESIAN_POINT('',(-65.34027966186,-33.1652096798,
    7.278874723347));
#2553 = CARTESIAN_POINT('',(-65.52209967826,-33.06187100136,
    7.179190159894));
#2554 = CARTESIAN_POINT('',(-65.71075639826,-32.9526256295,7.10286906835
    ));
#2555 = CARTESIAN_POINT('',(-65.90351378256,-32.83896354024,
    7.050012923465));
#2556 = CARTESIAN_POINT('',(-66.14506329615,-32.69406916233,
    7.014029593251));
#2557 = CARTESIAN_POINT('',(-66.19205986493,-32.66576409949,
    7.008429675503));
#2558 = CARTESIAN_POINT('',(-66.23912351305,-32.63730481497,
    7.004220959394));
#2559 = CARTESIAN_POINT('',(-66.28621926957,-32.60871283417,
    7.00140907219));
#2560 = CARTESIAN_POINT('',(-66.33331206031,-32.58001028074,
    6.999999982446));
#2561 = CARTESIAN_POINT('',(-66.3803667078,-32.5512198766,7.));
#2562 = PCURVE('',#721,#2563);
#2563 = DEFINITIONAL_REPRESENTATION('',(#2564),#2592);
#2564 = B_SPLINE_CURVE_WITH_KNOTS('',6,(#2565,#2566,#2567,#2568,#2569,
    #2570,#2571,#2572,#2573,#2574,#2575,#2576,#2577,#2578,#2579,#2580,
    #2581,#2582,#2583,#2584,#2585,#2586,#2587,#2588,#2589,#2590,#2591),
  .UNSPECIFIED.,.F.,.F.,(7,5,5,5,5,7),(0.,0.165424638018,0.33851974629,
    0.490506517936,0.901086515145,1.),.UNSPECIFIED.);
#2565 = CARTESIAN_POINT('',(4.712388980385,5.345227268781));
#2566 = CARTESIAN_POINT('',(4.664492736645,5.345227268781));
#2567 = CARTESIAN_POINT('',(4.616590051674,5.348760329934));
#2568 = CARTESIAN_POINT('',(4.56880652511,5.355827787381));
#2569 = CARTESIAN_POINT('',(4.521240137639,5.366331689384));
#2570 = CARTESIAN_POINT('',(4.473972487295,5.380098724336));
#2571 = CARTESIAN_POINT('',(4.378013237369,5.414488811267));
#2572 = CARTESIAN_POINT('',(4.329349031959,5.435402972651));
#2573 = CARTESIAN_POINT('',(4.281156974419,5.459396762801));
#2574 = CARTESIAN_POINT('',(4.233468791712,5.486176290172));
#2575 = CARTESIAN_POINT('',(4.186295256293,5.515447934646));
#2576 = CARTESIAN_POINT('',(4.098648836137,5.574586475514));
#2577 = CARTESIAN_POINT('',(4.058060396656,5.603945566959));
#2578 = CARTESIAN_POINT('',(4.017850709571,5.634830903508));
#2579 = CARTESIAN_POINT('',(3.978003020205,5.667069340906));
#2580 = CARTESIAN_POINT('',(3.938494499251,5.700502621709));
#2581 = CARTESIAN_POINT('',(3.793406081498,5.828161634026));
#2582 = CARTESIAN_POINT('',(3.689881812116,5.92894691746));
#2583 = CARTESIAN_POINT('',(3.587972535246,6.034738331361));
#2584 = CARTESIAN_POINT('',(3.487170179693,6.143497157537));
#2585 = CARTESIAN_POINT('',(3.386964789126,6.253598904478));
#2586 = CARTESIAN_POINT('',(3.262528766609,6.390339730564));
#2587 = CARTESIAN_POINT('',(3.238370561625,6.416887421602));
#2588 = CARTESIAN_POINT('',(3.214204932473,6.443416094206));
#2589 = CARTESIAN_POINT('',(3.190024711761,6.469906225365));
#2590 = CARTESIAN_POINT('',(3.165822895938,6.496338501765));
#2591 = CARTESIAN_POINT('',(3.141592645296,6.522693819784));
#2592 = ( GEOMETRIC_REPRESENTATION_CONTEXT(2) 
PARAMETRIC_REPRESENTATION_CONTEXT() REPRESENTATION_CONTEXT('2D SPACE',''
  ) );
#2593 = PCURVE('',#750,#2594);
#2594 = DEFINITIONAL_REPRESENTATION('',(#2595),#2623);
#2595 = B_SPLINE_CURVE_WITH_KNOTS('',6,(#2596,#2597,#2598,#2599,#2600,
    #2601,#2602,#2603,#2604,#2605,#2606,#2607,#2608,#2609,#2610,#2611,
    #2612,#2613,#2614,#2615,#2616,#2617,#2618,#2619,#2620,#2621,#2622),
  .UNSPECIFIED.,.F.,.F.,(7,5,5,5,5,7),(0.,0.165424638018,0.33851974629,
    0.490506517936,0.901086515145,1.),.UNSPECIFIED.);
#2596 = CARTESIAN_POINT('',(-9.518601305063,3.14159265359));
#2597 = CARTESIAN_POINT('',(-9.518601305063,3.09369640985));
#2598 = CARTESIAN_POINT('',(-9.518110627081,3.045793724879));
#2599 = CARTESIAN_POINT('',(-9.517128961304,2.998010198315));
#2600 = CARTESIAN_POINT('',(-9.515672992535,2.950443810844));
#2601 = CARTESIAN_POINT('',(-9.513772075046,2.9031761605));
#2602 = CARTESIAN_POINT('',(-9.509048713832,2.807216910574));
#2603 = CARTESIAN_POINT('',(-9.50618722068,2.758552705164));
#2604 = CARTESIAN_POINT('',(-9.502921463757,2.710360647624));
#2605 = CARTESIAN_POINT('',(-9.499300834209,2.662672464917));
#2606 = CARTESIAN_POINT('',(-9.495374099363,2.615498929498));
#2607 = CARTESIAN_POINT('',(-9.487509080259,2.527852509342));
#2608 = CARTESIAN_POINT('',(-9.483630581257,2.487264069862));
#2609 = CARTESIAN_POINT('',(-9.479580938084,2.447054382776));
#2610 = CARTESIAN_POINT('',(-9.475388138685,2.40720669341));
#2611 = CARTESIAN_POINT('',(-9.471077301599,2.367698172457));
#2612 = CARTESIAN_POINT('',(-9.454764071275,2.222609754703));
#2613 = CARTESIAN_POINT('',(-9.442165777497,2.119085485321));
#2614 = CARTESIAN_POINT('',(-9.429284194309,2.017176208451));
#2615 = CARTESIAN_POINT('',(-9.416404387784,1.916373852898));
#2616 = CARTESIAN_POINT('',(-9.403717906201,1.816168462331));
#2617 = CARTESIAN_POINT('',(-9.388372439336,1.691732439814));
#2618 = CARTESIAN_POINT('',(-9.38541235819,1.667574237598));
#2619 = CARTESIAN_POINT('',(-9.382473385476,1.643408607341));
#2620 = CARTESIAN_POINT('',(-9.379557417629,1.619228381647));
#2621 = CARTESIAN_POINT('',(-9.376666239535,1.595026563607));
#2622 = CARTESIAN_POINT('',(-9.37380152453,1.570796326795));
#2623 = ( GEOMETRIC_REPRESENTATION_CONTEXT(2) 
PARAMETRIC_REPRESENTATION_CONTEXT() REPRESENTATION_CONTEXT('2D SPACE',''
  ) );
#2624 = ORIENTED_EDGE('',*,*,#2625,.T.);
#2625 = EDGE_CURVE('',#2531,#2275,#2626,.T.);
#2626 = SURFACE_CURVE('',#2627,(#2631,#2638),.PCURVE_S1.);
#2627 = LINE('',#2628,#2629);
#2628 = CARTESIAN_POINT('',(-59.73154815046,-31.02192378864,9.));
#2629 = VECTOR('',#2630,1.);
#2630 = DIRECTION('',(-0.866025403784,-0.5,0.));
#2631 = PCURVE('',#721,#2632);
#2632 = DEFINITIONAL_REPRESENTATION('',(#2633),#2637);
#2633 = LINE('',#2634,#2635);
#2634 = CARTESIAN_POINT('',(4.712388980385,0.));
#2635 = VECTOR('',#2636,1.);
#2636 = DIRECTION('',(0.,1.));
#2637 = ( GEOMETRIC_REPRESENTATION_CONTEXT(2) 
PARAMETRIC_REPRESENTATION_CONTEXT() REPRESENTATION_CONTEXT('2D SPACE',''
  ) );
#2638 = PCURVE('',#2372,#2639);
#2639 = DEFINITIONAL_REPRESENTATION('',(#2640),#2644);
#2640 = LINE('',#2641,#2642);
#2641 = CARTESIAN_POINT('',(-1.,-2.01));
#2642 = VECTOR('',#2643,1.);
#2643 = DIRECTION('',(1.,0.));
#2644 = ( GEOMETRIC_REPRESENTATION_CONTEXT(2) 
PARAMETRIC_REPRESENTATION_CONTEXT() REPRESENTATION_CONTEXT('2D SPACE',''
  ) );
#2645 = ORIENTED_EDGE('',*,*,#2274,.T.);
#2646 = ADVANCED_FACE('',(#2647),#1283,.F.);
#2647 = FACE_BOUND('',#2648,.F.);
#2648 = EDGE_LOOP('',(#2649,#2672,#2765,#2766));
#2649 = ORIENTED_EDGE('',*,*,#2650,.F.);
#2650 = EDGE_CURVE('',#2651,#2411,#2653,.T.);
#2651 = VERTEX_POINT('',#2652);
#2652 = CARTESIAN_POINT('',(-3.,72.585227268781,9.));
#2653 = SURFACE_CURVE('',#2654,(#2658,#2665),.PCURVE_S1.);
#2654 = LINE('',#2655,#2656);
#2655 = CARTESIAN_POINT('',(-3.,67.24,9.));
#2656 = VECTOR('',#2657,1.);
#2657 = DIRECTION('',(1.110223024625E-16,1.,0.));
#2658 = PCURVE('',#1283,#2659);
#2659 = DEFINITIONAL_REPRESENTATION('',(#2660),#2664);
#2660 = LINE('',#2661,#2662);
#2661 = CARTESIAN_POINT('',(1.570796326795,0.));
#2662 = VECTOR('',#2663,1.);
#2663 = DIRECTION('',(0.,1.));
#2664 = ( GEOMETRIC_REPRESENTATION_CONTEXT(2) 
PARAMETRIC_REPRESENTATION_CONTEXT() REPRESENTATION_CONTEXT('2D SPACE',''
  ) );
#2665 = PCURVE('',#2427,#2666);
#2666 = DEFINITIONAL_REPRESENTATION('',(#2667),#2671);
#2667 = LINE('',#2668,#2669);
#2668 = CARTESIAN_POINT('',(35.11,-2.01));
#2669 = VECTOR('',#2670,1.);
#2670 = DIRECTION('',(-1.,0.));
#2671 = ( GEOMETRIC_REPRESENTATION_CONTEXT(2) 
PARAMETRIC_REPRESENTATION_CONTEXT() REPRESENTATION_CONTEXT('2D SPACE',''
  ) );
#2672 = ORIENTED_EDGE('',*,*,#2673,.T.);
#2673 = EDGE_CURVE('',#2651,#1239,#2674,.T.);
#2674 = SURFACE_CURVE('',#2675,(#2703,#2734),.PCURVE_S1.);
#2675 = B_SPLINE_CURVE_WITH_KNOTS('',6,(#2676,#2677,#2678,#2679,#2680,
    #2681,#2682,#2683,#2684,#2685,#2686,#2687,#2688,#2689,#2690,#2691,
    #2692,#2693,#2694,#2695,#2696,#2697,#2698,#2699,#2700,#2701,#2702),
  .UNSPECIFIED.,.F.,.F.,(7,5,5,5,5,7),(0.,0.165424638297,0.338519746856,
    0.490506518756,0.901086516649,1.),.UNSPECIFIED.);
#2676 = CARTESIAN_POINT('',(-3.,72.585227268781,9.));
#2677 = CARTESIAN_POINT('',(-3.,72.585227268781,8.904207512518));
#2678 = CARTESIAN_POINT('',(-3.005506061334,72.588760329934,
    8.808401787003));
#2679 = CARTESIAN_POINT('',(-3.016519353564,72.595827787382,
    8.713231337471));
#2680 = CARTESIAN_POINT('',(-3.032911461383,72.606331689385,
    8.619284505454));
#2681 = CARTESIAN_POINT('',(-3.054454380924,72.620098724337,
    8.527085783791));
#2682 = CARTESIAN_POINT('',(-3.108470596907,72.654488811269,
    8.342925638817));
#2683 = CARTESIAN_POINT('',(-3.141408648825,72.675402972653,
    8.251158008509));
#2684 = CARTESIAN_POINT('',(-3.179334872946,72.699396762804,
    8.162280942758));
#2685 = CARTESIAN_POINT('',(-3.221862050443,72.726176290175,
    8.076652890142));
#2686 = CARTESIAN_POINT('',(-3.268601117696,72.755447934649,
    7.994530059571));
#2687 = CARTESIAN_POINT('',(-3.363602075269,72.814586475518,
    7.847212722083));
#2688 = CARTESIAN_POINT('',(-3.410983289183,72.843945566963,
    7.781175149786));
#2689 = CARTESIAN_POINT('',(-3.461085565605,72.874830903512,
    7.718088799259));
#2690 = CARTESIAN_POINT('',(-3.51367645558,72.90706934091,7.658029684979
    ));
#2691 = CARTESIAN_POINT('',(-3.568541300827,72.940502621713,
    7.60104612621));
#2692 = CARTESIAN_POINT('',(-3.779330397767,73.068161634031,
    7.401620569986));
#2693 = CARTESIAN_POINT('',(-3.948225726397,73.168946917465,
    7.278874723342));
#2694 = CARTESIAN_POINT('',(-4.128629655315,73.274738331366,
    7.17919015989));
#2695 = CARTESIAN_POINT('',(-4.31756728259,73.383497157542,
    7.102869068346));
#2696 = CARTESIAN_POINT('',(-4.512380231486,73.493598904483,
    7.050012923462));
#2697 = CARTESIAN_POINT('',(-4.75863719961,73.630339730122,
    7.014029593367));
#2698 = CARTESIAN_POINT('',(-4.806648382772,73.656887425191,
    7.00842967567));
#2699 = CARTESIAN_POINT('',(-4.854826671151,73.683416095678,
    7.004220959574));
#2700 = CARTESIAN_POINT('',(-4.903135937681,73.709906218533,
    7.001409072356));
#2701 = CARTESIAN_POINT('',(-4.951539475909,73.73633849098,6.99999998256
    ));
#2702 = CARTESIAN_POINT('',(-5.,73.762693830523,7.));
#2703 = PCURVE('',#1283,#2704);
#2704 = DEFINITIONAL_REPRESENTATION('',(#2705),#2733);
#2705 = B_SPLINE_CURVE_WITH_KNOTS('',6,(#2706,#2707,#2708,#2709,#2710,
    #2711,#2712,#2713,#2714,#2715,#2716,#2717,#2718,#2719,#2720,#2721,
    #2722,#2723,#2724,#2725,#2726,#2727,#2728,#2729,#2730,#2731,#2732),
  .UNSPECIFIED.,.F.,.F.,(7,5,5,5,5,7),(0.,0.165424638297,0.338519746856,
    0.490506518756,0.901086516649,1.),.UNSPECIFIED.);
#2706 = CARTESIAN_POINT('',(1.570796326795,5.345227268781));
#2707 = CARTESIAN_POINT('',(1.618692570536,5.345227268781));
#2708 = CARTESIAN_POINT('',(1.666595255507,5.348760329934));
#2709 = CARTESIAN_POINT('',(1.714378782072,5.355827787382));
#2710 = CARTESIAN_POINT('',(1.761945169544,5.366331689385));
#2711 = CARTESIAN_POINT('',(1.809212819889,5.380098724337));
#2712 = CARTESIAN_POINT('',(1.905172069816,5.414488811269));
#2713 = CARTESIAN_POINT('',(1.953836275226,5.435402972653));
#2714 = CARTESIAN_POINT('',(2.002028332766,5.459396762804));
#2715 = CARTESIAN_POINT('',(2.049716515473,5.486176290175));
#2716 = CARTESIAN_POINT('',(2.096890050892,5.515447934649));
#2717 = CARTESIAN_POINT('',(2.184536471048,5.574586475518));
#2718 = CARTESIAN_POINT('',(2.225124910528,5.603945566963));
#2719 = CARTESIAN_POINT('',(2.265334597614,5.634830903512));
#2720 = CARTESIAN_POINT('',(2.30518228698,5.66706934091));
#2721 = CARTESIAN_POINT('',(2.344690807933,5.700502621713));
#2722 = CARTESIAN_POINT('',(2.489779225686,5.828161634031));
#2723 = CARTESIAN_POINT('',(2.593303495069,5.928946917465));
#2724 = CARTESIAN_POINT('',(2.695212771939,6.034738331366));
#2725 = CARTESIAN_POINT('',(2.796015127492,6.143497157542));
#2726 = CARTESIAN_POINT('',(2.896220518059,6.253598904483));
#2727 = CARTESIAN_POINT('',(3.020656540169,6.390339730122));
#2728 = CARTESIAN_POINT('',(3.044814742797,6.416887425191));
#2729 = CARTESIAN_POINT('',(3.068980372428,6.443416095678));
#2730 = CARTESIAN_POINT('',(3.093160596418,6.469906218533));
#2731 = CARTESIAN_POINT('',(3.11736241346,6.49633849098));
#2732 = CARTESIAN_POINT('',(3.14159265359,6.522693830523));
#2733 = ( GEOMETRIC_REPRESENTATION_CONTEXT(2) 
PARAMETRIC_REPRESENTATION_CONTEXT() REPRESENTATION_CONTEXT('2D SPACE',''
  ) );
#2734 = PCURVE('',#1255,#2735);
#2735 = DEFINITIONAL_REPRESENTATION('',(#2736),#2764);
#2736 = B_SPLINE_CURVE_WITH_KNOTS('',6,(#2737,#2738,#2739,#2740,#2741,
    #2742,#2743,#2744,#2745,#2746,#2747,#2748,#2749,#2750,#2751,#2752,
    #2753,#2754,#2755,#2756,#2757,#2758,#2759,#2760,#2761,#2762,#2763),
  .UNSPECIFIED.,.F.,.F.,(7,5,5,5,5,7),(0.,0.165424638297,0.338519746856,
    0.490506518756,0.901086516649,1.),.UNSPECIFIED.);
#2737 = CARTESIAN_POINT('',(-2.000571758099,3.14159265359));
#2738 = CARTESIAN_POINT('',(-2.000571758099,3.093696409849));
#2739 = CARTESIAN_POINT('',(-2.001062436082,3.045793724877));
#2740 = CARTESIAN_POINT('',(-2.002044101859,2.998010198312));
#2741 = CARTESIAN_POINT('',(-2.003500070628,2.950443810841));
#2742 = CARTESIAN_POINT('',(-2.005400988117,2.903176160496));
#2743 = CARTESIAN_POINT('',(-2.010124349331,2.807216910569));
#2744 = CARTESIAN_POINT('',(-2.012985842483,2.758552705159));
#2745 = CARTESIAN_POINT('',(-2.016251599406,2.710360647619));
#2746 = CARTESIAN_POINT('',(-2.019872228954,2.662672464912));
#2747 = CARTESIAN_POINT('',(-2.0237989638,2.615498929493));
#2748 = CARTESIAN_POINT('',(-2.031663982904,2.527852509337));
#2749 = CARTESIAN_POINT('',(-2.035542481906,2.487264069856));
#2750 = CARTESIAN_POINT('',(-2.039592125079,2.447054382771));
#2751 = CARTESIAN_POINT('',(-2.043784924478,2.407206693405));
#2752 = CARTESIAN_POINT('',(-2.048095761564,2.367698172451));
#2753 = CARTESIAN_POINT('',(-2.064408991888,2.222609754698));
#2754 = CARTESIAN_POINT('',(-2.077007285667,2.119085485316));
#2755 = CARTESIAN_POINT('',(-2.089888868854,2.017176208446));
#2756 = CARTESIAN_POINT('',(-2.10276867538,1.916373852893));
#2757 = CARTESIAN_POINT('',(-2.115455156962,1.816168462326));
#2758 = CARTESIAN_POINT('',(-2.130800623777,1.691732440216));
#2759 = CARTESIAN_POINT('',(-2.133760704254,1.667574237587));
#2760 = CARTESIAN_POINT('',(-2.13669967718,1.643408607956));
#2761 = CARTESIAN_POINT('',(-2.139615646115,1.619228383967));
#2762 = CARTESIAN_POINT('',(-2.142506824667,1.595026566924));
#2763 = CARTESIAN_POINT('',(-2.145371536485,1.570796326795));
#2764 = ( GEOMETRIC_REPRESENTATION_CONTEXT(2) 
PARAMETRIC_REPRESENTATION_CONTEXT() REPRESENTATION_CONTEXT('2D SPACE',''
  ) );
#2765 = ORIENTED_EDGE('',*,*,#1267,.T.);
#2766 = ORIENTED_EDGE('',*,*,#2443,.F.);
#2767 = ADVANCED_FACE('',(#2768),#750,.F.);
#2768 = FACE_BOUND('',#2769,.T.);
#2769 = EDGE_LOOP('',(#2770,#2771,#2800,#2824,#2917));
#2770 = ORIENTED_EDGE('',*,*,#2530,.F.);
#2771 = ORIENTED_EDGE('',*,*,#2772,.F.);
#2772 = EDGE_CURVE('',#2773,#2531,#2775,.T.);
#2773 = VERTEX_POINT('',#2774);
#2774 = CARTESIAN_POINT('',(-49.99231766592,-33.02,9.));
#2775 = SURFACE_CURVE('',#2776,(#2781,#2788),.PCURVE_S1.);
#2776 = CIRCLE('',#2777,7.2);
#2777 = AXIS2_PLACEMENT_3D('',#2778,#2779,#2780);
#2778 = CARTESIAN_POINT('',(-57.19231766592,-33.02,9.));
#2779 = DIRECTION('',(0.,0.,1.));
#2780 = DIRECTION('',(1.,0.,-0.));
#2781 = PCURVE('',#750,#2782);
#2782 = DEFINITIONAL_REPRESENTATION('',(#2783),#2787);
#2783 = LINE('',#2784,#2785);
#2784 = CARTESIAN_POINT('',(-6.28318530718,3.14159265359));
#2785 = VECTOR('',#2786,1.);
#2786 = DIRECTION('',(-1.,0.));
#2787 = ( GEOMETRIC_REPRESENTATION_CONTEXT(2) 
PARAMETRIC_REPRESENTATION_CONTEXT() REPRESENTATION_CONTEXT('2D SPACE',''
  ) );
#2788 = PCURVE('',#2789,#2794);
#2789 = CYLINDRICAL_SURFACE('',#2790,7.2);
#2790 = AXIS2_PLACEMENT_3D('',#2791,#2792,#2793);
#2791 = CARTESIAN_POINT('',(-57.19231766592,-33.02,0.));
#2792 = DIRECTION('',(0.,0.,1.));
#2793 = DIRECTION('',(1.,0.,-0.));
#2794 = DEFINITIONAL_REPRESENTATION('',(#2795),#2799);
#2795 = LINE('',#2796,#2797);
#2796 = CARTESIAN_POINT('',(0.,9.));
#2797 = VECTOR('',#2798,1.);
#2798 = DIRECTION('',(1.,0.));
#2799 = ( GEOMETRIC_REPRESENTATION_CONTEXT(2) 
PARAMETRIC_REPRESENTATION_CONTEXT() REPRESENTATION_CONTEXT('2D SPACE',''
  ) );
#2800 = ORIENTED_EDGE('',*,*,#2801,.F.);
#2801 = EDGE_CURVE('',#2802,#2773,#2804,.T.);
#2802 = VERTEX_POINT('',#2803);
#2803 = CARTESIAN_POINT('',(-61.36065075423,-38.89068984574,9.));
#2804 = SURFACE_CURVE('',#2805,(#2810,#2817),.PCURVE_S1.);
#2805 = CIRCLE('',#2806,7.2);
#2806 = AXIS2_PLACEMENT_3D('',#2807,#2808,#2809);
#2807 = CARTESIAN_POINT('',(-57.19231766592,-33.02,9.));
#2808 = DIRECTION('',(0.,0.,1.));
#2809 = DIRECTION('',(1.,0.,-0.));
#2810 = PCURVE('',#750,#2811);
#2811 = DEFINITIONAL_REPRESENTATION('',(#2812),#2816);
#2812 = LINE('',#2813,#2814);
#2813 = CARTESIAN_POINT('',(-0.,3.14159265359));
#2814 = VECTOR('',#2815,1.);
#2815 = DIRECTION('',(-1.,0.));
#2816 = ( GEOMETRIC_REPRESENTATION_CONTEXT(2) 
PARAMETRIC_REPRESENTATION_CONTEXT() REPRESENTATION_CONTEXT('2D SPACE',''
  ) );
#2817 = PCURVE('',#2789,#2818);
#2818 = DEFINITIONAL_REPRESENTATION('',(#2819),#2823);
#2819 = LINE('',#2820,#2821);
#2820 = CARTESIAN_POINT('',(0.,9.));
#2821 = VECTOR('',#2822,1.);
#2822 = DIRECTION('',(1.,0.));
#2823 = ( GEOMETRIC_REPRESENTATION_CONTEXT(2) 
PARAMETRIC_REPRESENTATION_CONTEXT() REPRESENTATION_CONTEXT('2D SPACE',''
  ) );
#2824 = ORIENTED_EDGE('',*,*,#2825,.T.);
#2825 = EDGE_CURVE('',#2802,#734,#2826,.T.);
#2826 = SURFACE_CURVE('',#2827,(#2855,#2886),.PCURVE_S1.);
#2827 = B_SPLINE_CURVE_WITH_KNOTS('',6,(#2828,#2829,#2830,#2831,#2832,
    #2833,#2834,#2835,#2836,#2837,#2838,#2839,#2840,#2841,#2842,#2843,
    #2844,#2845,#2846,#2847,#2848,#2849,#2850,#2851,#2852,#2853,#2854),
  .UNSPECIFIED.,.F.,.F.,(7,5,5,5,5,7),(0.,0.165424638312,0.338519746873,
    0.490506518772,0.901086516666,1.),.UNSPECIFIED.);
#2828 = CARTESIAN_POINT('',(-61.36065075423,-38.89068984574,9.));
#2829 = CARTESIAN_POINT('',(-61.36065075423,-38.89068984574,
    8.904207512509));
#2830 = CARTESIAN_POINT('',(-61.36095744427,-38.89722476531,
    8.808401786985));
#2831 = CARTESIAN_POINT('',(-61.36157139585,-38.91029628488,
    8.713231337445));
#2832 = CARTESIAN_POINT('',(-61.36247198791,-38.92974421768,
    8.619284505419));
#2833 = CARTESIAN_POINT('',(-61.36362313014,-38.95528445076,
    8.527085783748));
#2834 = CARTESIAN_POINT('',(-61.36639771107,-39.01925890949,
    8.342925638767));
#2835 = CARTESIAN_POINT('',(-61.36804088017,-39.0582411799,8.25115800846
    ));
#2836 = CARTESIAN_POINT('',(-61.36985699992,-39.10308314853,
    8.16228094271));
#2837 = CARTESIAN_POINT('',(-61.37178516217,-39.15330252828,
    8.076652890095));
#2838 = CARTESIAN_POINT('',(-61.37376561627,-39.20841557011,
    7.994530059526));
#2839 = CARTESIAN_POINT('',(-61.37748061622,-39.32025808319,
    7.847212722041));
#2840 = CARTESIAN_POINT('',(-61.37921572829,-39.37597096383,
    7.781175149745));
#2841 = CARTESIAN_POINT('',(-61.38091207613,-39.43480347628,
    7.718088799218));
#2842 = CARTESIAN_POINT('',(-61.38253593691,-39.4964677417,
    7.658029684941));
#2843 = CARTESIAN_POINT('',(-61.38405758479,-39.56069873186,
    7.601046126173));
#2844 = CARTESIAN_POINT('',(-61.38921898401,-39.80707695082,
    7.401620569954));
#2845 = CARTESIAN_POINT('',(-61.39205393548,-40.00373723771,
    7.278874723315));
#2846 = CARTESIAN_POINT('',(-61.39347002296,-40.21286733005,
    7.179190159867));
#2847 = CARTESIAN_POINT('',(-61.39318911568,-40.43087152809,
    7.102869068329));
#2848 = CARTESIAN_POINT('',(-61.39113355108,-40.6546353643,
    7.050012923449));
#2849 = CARTESIAN_POINT('',(-61.38642609575,-40.93627056736,
    7.014029593362));
#2850 = CARTESIAN_POINT('',(-61.38541148251,-40.99112331917,
    7.008429675667));
#2851 = CARTESIAN_POINT('',(-61.3842968409,-41.04611127605,
    7.004220959573));
#2852 = CARTESIAN_POINT('',(-61.38308332697,-41.10119338952,
    7.001409072355));
#2853 = CARTESIAN_POINT('',(-61.38177257728,-41.15632821947,
    6.99999998256));
#2854 = CARTESIAN_POINT('',(-61.3803667088,-41.21147393418,7.));
#2855 = PCURVE('',#750,#2856);
#2856 = DEFINITIONAL_REPRESENTATION('',(#2857),#2885);
#2857 = B_SPLINE_CURVE_WITH_KNOTS('',6,(#2858,#2859,#2860,#2861,#2862,
    #2863,#2864,#2865,#2866,#2867,#2868,#2869,#2870,#2871,#2872,#2873,
    #2874,#2875,#2876,#2877,#2878,#2879,#2880,#2881,#2882,#2883,#2884),
  .UNSPECIFIED.,.F.,.F.,(7,5,5,5,5,7),(0.,0.165424638312,0.338519746873,
    0.490506518772,0.901086516666,1.),.UNSPECIFIED.);
#2858 = CARTESIAN_POINT('',(-4.094966860493,3.14159265359));
#2859 = CARTESIAN_POINT('',(-4.094966860493,3.093696409844));
#2860 = CARTESIAN_POINT('',(-4.095457538475,3.045793724868));
#2861 = CARTESIAN_POINT('',(-4.096439204253,2.998010198299));
#2862 = CARTESIAN_POINT('',(-4.097895173021,2.950443810823));
#2863 = CARTESIAN_POINT('',(-4.099796090511,2.903176160474));
#2864 = CARTESIAN_POINT('',(-4.104519451726,2.807216910543));
#2865 = CARTESIAN_POINT('',(-4.107380944877,2.758552705133));
#2866 = CARTESIAN_POINT('',(-4.110646701801,2.710360647593));
#2867 = CARTESIAN_POINT('',(-4.114267331349,2.662672464885));
#2868 = CARTESIAN_POINT('',(-4.118194066195,2.615498929466));
#2869 = CARTESIAN_POINT('',(-4.1260590853,2.527852509311));
#2870 = CARTESIAN_POINT('',(-4.129937584302,2.48726406983));
#2871 = CARTESIAN_POINT('',(-4.133987227475,2.447054382745));
#2872 = CARTESIAN_POINT('',(-4.138180026874,2.407206693379));
#2873 = CARTESIAN_POINT('',(-4.142490863961,2.367698172425));
#2874 = CARTESIAN_POINT('',(-4.158804094284,2.222609754672));
#2875 = CARTESIAN_POINT('',(-4.171402388063,2.11908548529));
#2876 = CARTESIAN_POINT('',(-4.184283971251,2.01717620842));
#2877 = CARTESIAN_POINT('',(-4.197163777776,1.916373852867));
#2878 = CARTESIAN_POINT('',(-4.209850259359,1.8161684623));
#2879 = CARTESIAN_POINT('',(-4.225195726173,1.691732440194));
#2880 = CARTESIAN_POINT('',(-4.22815580665,1.66757423757));
#2881 = CARTESIAN_POINT('',(-4.231094779574,1.643408607943));
#2882 = CARTESIAN_POINT('',(-4.234010748509,1.619228383958));
#2883 = CARTESIAN_POINT('',(-4.23690192706,1.59502656692));
#2884 = CARTESIAN_POINT('',(-4.239766638878,1.570796326795));
#2885 = ( GEOMETRIC_REPRESENTATION_CONTEXT(2) 
PARAMETRIC_REPRESENTATION_CONTEXT() REPRESENTATION_CONTEXT('2D SPACE',''
  ) );
#2886 = PCURVE('',#778,#2887);
#2887 = DEFINITIONAL_REPRESENTATION('',(#2888),#2916);
#2888 = B_SPLINE_CURVE_WITH_KNOTS('',6,(#2889,#2890,#2891,#2892,#2893,
    #2894,#2895,#2896,#2897,#2898,#2899,#2900,#2901,#2902,#2903,#2904,
    #2905,#2906,#2907,#2908,#2909,#2910,#2911,#2912,#2913,#2914,#2915),
  .UNSPECIFIED.,.F.,.F.,(7,5,5,5,5,7),(0.,0.165424638312,0.338519746873,
    0.490506518772,0.901086516666,1.),.UNSPECIFIED.);
#2889 = CARTESIAN_POINT('',(1.570796326795,5.345227268781));
#2890 = CARTESIAN_POINT('',(1.61869257054,5.345227268781));
#2891 = CARTESIAN_POINT('',(1.666595255516,5.348760329934));
#2892 = CARTESIAN_POINT('',(1.714378782086,5.355827787384));
#2893 = CARTESIAN_POINT('',(1.761945169562,5.366331689389));
#2894 = CARTESIAN_POINT('',(1.809212819911,5.380098724343));
#2895 = CARTESIAN_POINT('',(1.905172069842,5.41448881128));
#2896 = CARTESIAN_POINT('',(1.953836275252,5.435402972665));
#2897 = CARTESIAN_POINT('',(2.002028332792,5.459396762818));
#2898 = CARTESIAN_POINT('',(2.049716515499,5.48617629019));
#2899 = CARTESIAN_POINT('',(2.096890050918,5.515447934665));
#2900 = CARTESIAN_POINT('',(2.184536471074,5.574586475536));
#2901 = CARTESIAN_POINT('',(2.225124910554,5.603945566983));
#2902 = CARTESIAN_POINT('',(2.26533459764,5.634830903533));
#2903 = CARTESIAN_POINT('',(2.305182287006,5.667069340931));
#2904 = CARTESIAN_POINT('',(2.344690807959,5.700502621735));
#2905 = CARTESIAN_POINT('',(2.489779225712,5.828161634056));
#2906 = CARTESIAN_POINT('',(2.593303495095,5.928946917491));
#2907 = CARTESIAN_POINT('',(2.695212771964,6.034738331394));
#2908 = CARTESIAN_POINT('',(2.796015127517,6.14349715757));
#2909 = CARTESIAN_POINT('',(2.896220518085,6.253598904511));
#2910 = CARTESIAN_POINT('',(3.02065654019,6.390339730146));
#2911 = CARTESIAN_POINT('',(3.044814742815,6.41688742521));
#2912 = CARTESIAN_POINT('',(3.068980372441,6.443416095693));
#2913 = CARTESIAN_POINT('',(3.093160596427,6.469906218543));
#2914 = CARTESIAN_POINT('',(3.117362413465,6.496338490985));
#2915 = CARTESIAN_POINT('',(3.14159265359,6.522693830523));
#2916 = ( GEOMETRIC_REPRESENTATION_CONTEXT(2) 
PARAMETRIC_REPRESENTATION_CONTEXT() REPRESENTATION_CONTEXT('2D SPACE',''
  ) );
#2917 = ORIENTED_EDGE('',*,*,#733,.T.);
#2918 = ADVANCED_FACE('',(#2919),#1255,.F.);
#2919 = FACE_BOUND('',#2920,.T.);
#2920 = EDGE_LOOP('',(#2921,#2952,#2974,#2975,#2976));
#2921 = ORIENTED_EDGE('',*,*,#2922,.F.);
#2922 = EDGE_CURVE('',#2923,#2925,#2927,.T.);
#2923 = VERTEX_POINT('',#2924);
#2924 = CARTESIAN_POINT('',(7.2,66.04,9.));
#2925 = VERTEX_POINT('',#2926);
#2926 = CARTESIAN_POINT('',(3.,72.585227268781,9.));
#2927 = SURFACE_CURVE('',#2928,(#2933,#2940),.PCURVE_S1.);
#2928 = CIRCLE('',#2929,7.2);
#2929 = AXIS2_PLACEMENT_3D('',#2930,#2931,#2932);
#2930 = CARTESIAN_POINT('',(4.043783730785E-15,66.04,9.));
#2931 = DIRECTION('',(0.,0.,1.));
#2932 = DIRECTION('',(1.,0.,-0.));
#2933 = PCURVE('',#1255,#2934);
#2934 = DEFINITIONAL_REPRESENTATION('',(#2935),#2939);
#2935 = LINE('',#2936,#2937);
#2936 = CARTESIAN_POINT('',(-6.28318530718,3.14159265359));
#2937 = VECTOR('',#2938,1.);
#2938 = DIRECTION('',(-1.,0.));
#2939 = ( GEOMETRIC_REPRESENTATION_CONTEXT(2) 
PARAMETRIC_REPRESENTATION_CONTEXT() REPRESENTATION_CONTEXT('2D SPACE',''
  ) );
#2940 = PCURVE('',#2941,#2946);
#2941 = CYLINDRICAL_SURFACE('',#2942,7.2);
#2942 = AXIS2_PLACEMENT_3D('',#2943,#2944,#2945);
#2943 = CARTESIAN_POINT('',(4.043783730785E-15,66.04,0.));
#2944 = DIRECTION('',(0.,0.,1.));
#2945 = DIRECTION('',(1.,0.,-0.));
#2946 = DEFINITIONAL_REPRESENTATION('',(#2947),#2951);
#2947 = LINE('',#2948,#2949);
#2948 = CARTESIAN_POINT('',(0.,9.));
#2949 = VECTOR('',#2950,1.);
#2950 = DIRECTION('',(1.,0.));
#2951 = ( GEOMETRIC_REPRESENTATION_CONTEXT(2) 
PARAMETRIC_REPRESENTATION_CONTEXT() REPRESENTATION_CONTEXT('2D SPACE',''
  ) );
#2952 = ORIENTED_EDGE('',*,*,#2953,.F.);
#2953 = EDGE_CURVE('',#2651,#2923,#2954,.T.);
#2954 = SURFACE_CURVE('',#2955,(#2960,#2967),.PCURVE_S1.);
#2955 = CIRCLE('',#2956,7.2);
#2956 = AXIS2_PLACEMENT_3D('',#2957,#2958,#2959);
#2957 = CARTESIAN_POINT('',(4.043783730785E-15,66.04,9.));
#2958 = DIRECTION('',(0.,0.,1.));
#2959 = DIRECTION('',(1.,0.,-0.));
#2960 = PCURVE('',#1255,#2961);
#2961 = DEFINITIONAL_REPRESENTATION('',(#2962),#2966);
#2962 = LINE('',#2963,#2964);
#2963 = CARTESIAN_POINT('',(-0.,3.14159265359));
#2964 = VECTOR('',#2965,1.);
#2965 = DIRECTION('',(-1.,0.));
#2966 = ( GEOMETRIC_REPRESENTATION_CONTEXT(2) 
PARAMETRIC_REPRESENTATION_CONTEXT() REPRESENTATION_CONTEXT('2D SPACE',''
  ) );
#2967 = PCURVE('',#2941,#2968);
#2968 = DEFINITIONAL_REPRESENTATION('',(#2969),#2973);
#2969 = LINE('',#2970,#2971);
#2970 = CARTESIAN_POINT('',(0.,9.));
#2971 = VECTOR('',#2972,1.);
#2972 = DIRECTION('',(1.,0.));
#2973 = ( GEOMETRIC_REPRESENTATION_CONTEXT(2) 
PARAMETRIC_REPRESENTATION_CONTEXT() REPRESENTATION_CONTEXT('2D SPACE',''
  ) );
#2974 = ORIENTED_EDGE('',*,*,#2673,.T.);
#2975 = ORIENTED_EDGE('',*,*,#1238,.T.);
#2976 = ORIENTED_EDGE('',*,*,#2977,.F.);
#2977 = EDGE_CURVE('',#2925,#1211,#2978,.T.);
#2978 = SURFACE_CURVE('',#2979,(#3007,#3038),.PCURVE_S1.);
#2979 = B_SPLINE_CURVE_WITH_KNOTS('',6,(#2980,#2981,#2982,#2983,#2984,
    #2985,#2986,#2987,#2988,#2989,#2990,#2991,#2992,#2993,#2994,#2995,
    #2996,#2997,#2998,#2999,#3000,#3001,#3002,#3003,#3004,#3005,#3006),
  .UNSPECIFIED.,.F.,.F.,(7,5,5,5,5,7),(0.,0.165424638307,0.338519746868,
    0.490506518767,0.901086516661,1.),.UNSPECIFIED.);
#2980 = CARTESIAN_POINT('',(3.,72.585227268781,9.));
#2981 = CARTESIAN_POINT('',(3.,72.585227268781,8.904207512512));
#2982 = CARTESIAN_POINT('',(3.005506061334,72.588760329934,
    8.808401786991));
#2983 = CARTESIAN_POINT('',(3.016519353566,72.595827787383,
    8.713231337453));
#2984 = CARTESIAN_POINT('',(3.032911461388,72.606331689388,
    8.619284505429));
#2985 = CARTESIAN_POINT('',(3.054454380931,72.620098724341,
    8.527085783761));
#2986 = CARTESIAN_POINT('',(3.108470596919,72.654488811277,
    8.342925638782));
#2987 = CARTESIAN_POINT('',(3.141408648839,72.675402972662,
    8.251158008475));
#2988 = CARTESIAN_POINT('',(3.179334872962,72.699396762814,
    8.162280942724));
#2989 = CARTESIAN_POINT('',(3.22186205046,72.726176290186,8.076652890109
    ));
#2990 = CARTESIAN_POINT('',(3.268601117715,72.75544793466,7.99453005954)
  );
#2991 = CARTESIAN_POINT('',(3.363602075291,72.814586475531,
    7.847212722053));
#2992 = CARTESIAN_POINT('',(3.410983289205,72.843945566977,
    7.781175149757));
#2993 = CARTESIAN_POINT('',(3.461085565628,72.874830903527,7.71808879923
    ));
#2994 = CARTESIAN_POINT('',(3.513676455605,72.907069340925,
    7.658029684952));
#2995 = CARTESIAN_POINT('',(3.568541300852,72.940502621729,
    7.601046126184));
#2996 = CARTESIAN_POINT('',(3.779330397796,73.068161634048,
    7.401620569964));
#2997 = CARTESIAN_POINT('',(3.948225726428,73.168946917483,
    7.278874723323));
#2998 = CARTESIAN_POINT('',(4.128629655348,73.274738331386,
    7.179190159874));
#2999 = CARTESIAN_POINT('',(4.317567282624,73.383497157562,
    7.102869068334));
#3000 = CARTESIAN_POINT('',(4.512380231521,73.493598904503,
    7.050012923453));
#3001 = CARTESIAN_POINT('',(4.75863719964,73.630339730139,7.014029593364
    ));
#3002 = CARTESIAN_POINT('',(4.806648382796,73.656887425204,
    7.008429675668));
#3003 = CARTESIAN_POINT('',(4.854826671169,73.683416095688,
    7.004220959573));
#3004 = CARTESIAN_POINT('',(4.903135937693,73.70990621854,7.001409072355
    ));
#3005 = CARTESIAN_POINT('',(4.951539475916,73.736338490983,6.99999998256
    ));
#3006 = CARTESIAN_POINT('',(5.,73.762693830523,7.));
#3007 = PCURVE('',#1255,#3008);
#3008 = DEFINITIONAL_REPRESENTATION('',(#3009),#3037);
#3009 = B_SPLINE_CURVE_WITH_KNOTS('',6,(#3010,#3011,#3012,#3013,#3014,
    #3015,#3016,#3017,#3018,#3019,#3020,#3021,#3022,#3023,#3024,#3025,
    #3026,#3027,#3028,#3029,#3030,#3031,#3032,#3033,#3034,#3035,#3036),
  .UNSPECIFIED.,.F.,.F.,(7,5,5,5,5,7),(0.,0.165424638307,0.338519746868,
    0.490506518767,0.901086516661,1.),.UNSPECIFIED.);
#3010 = CARTESIAN_POINT('',(-7.42420620267,3.14159265359));
#3011 = CARTESIAN_POINT('',(-7.42420620267,3.093696409846));
#3012 = CARTESIAN_POINT('',(-7.423715524688,3.045793724871));
#3013 = CARTESIAN_POINT('',(-7.42273385891,2.998010198303));
#3014 = CARTESIAN_POINT('',(-7.421277890141,2.950443810828));
#3015 = CARTESIAN_POINT('',(-7.419376972652,2.90317616048));
#3016 = CARTESIAN_POINT('',(-7.414653611437,2.807216910551));
#3017 = CARTESIAN_POINT('',(-7.411792118286,2.758552705141));
#3018 = CARTESIAN_POINT('',(-7.408526361362,2.7103606476));
#3019 = CARTESIAN_POINT('',(-7.404905731814,2.662672464893));
#3020 = CARTESIAN_POINT('',(-7.400978996968,2.615498929474));
#3021 = CARTESIAN_POINT('',(-7.393113977864,2.527852509319));
#3022 = CARTESIAN_POINT('',(-7.389235478861,2.487264069838));
#3023 = CARTESIAN_POINT('',(-7.385185835688,2.447054382752));
#3024 = CARTESIAN_POINT('',(-7.38099303629,2.407206693387));
#3025 = CARTESIAN_POINT('',(-7.376682199203,2.367698172433));
#3026 = CARTESIAN_POINT('',(-7.360368968879,2.22260975468));
#3027 = CARTESIAN_POINT('',(-7.3477706751,2.119085485298));
#3028 = CARTESIAN_POINT('',(-7.334889091913,2.017176208428));
#3029 = CARTESIAN_POINT('',(-7.322009285387,1.916373852875));
#3030 = CARTESIAN_POINT('',(-7.309322803805,1.816168462308));
#3031 = CARTESIAN_POINT('',(-7.29397733699,1.691732440201));
#3032 = CARTESIAN_POINT('',(-7.291017256514,1.667574237575));
#3033 = CARTESIAN_POINT('',(-7.288078283589,1.643408607947));
#3034 = CARTESIAN_POINT('',(-7.285162314654,1.619228383961));
#3035 = CARTESIAN_POINT('',(-7.282271136102,1.595026566921));
#3036 = CARTESIAN_POINT('',(-7.279406424284,1.570796326795));
#3037 = ( GEOMETRIC_REPRESENTATION_CONTEXT(2) 
PARAMETRIC_REPRESENTATION_CONTEXT() REPRESENTATION_CONTEXT('2D SPACE',''
  ) );
#3038 = PCURVE('',#1226,#3039);
#3039 = DEFINITIONAL_REPRESENTATION('',(#3040),#3068);
#3040 = B_SPLINE_CURVE_WITH_KNOTS('',6,(#3041,#3042,#3043,#3044,#3045,
    #3046,#3047,#3048,#3049,#3050,#3051,#3052,#3053,#3054,#3055,#3056,
    #3057,#3058,#3059,#3060,#3061,#3062,#3063,#3064,#3065,#3066,#3067),
  .UNSPECIFIED.,.F.,.F.,(7,5,5,5,5,7),(0.,0.165424638307,0.338519746868,
    0.490506518767,0.901086516661,1.),.UNSPECIFIED.);
#3041 = CARTESIAN_POINT('',(4.712388980385,5.345227268781));
#3042 = CARTESIAN_POINT('',(4.664492736641,5.345227268781));
#3043 = CARTESIAN_POINT('',(4.616590051666,5.348760329934));
#3044 = CARTESIAN_POINT('',(4.568806525098,5.355827787383));
#3045 = CARTESIAN_POINT('',(4.521240137623,5.366331689388));
#3046 = CARTESIAN_POINT('',(4.473972487275,5.380098724341));
#3047 = CARTESIAN_POINT('',(4.378013237345,5.414488811277));
#3048 = CARTESIAN_POINT('',(4.329349031936,5.435402972662));
#3049 = CARTESIAN_POINT('',(4.281156974395,5.459396762814));
#3050 = CARTESIAN_POINT('',(4.233468791688,5.486176290186));
#3051 = CARTESIAN_POINT('',(4.186295256269,5.51544793466));
#3052 = CARTESIAN_POINT('',(4.098648836114,5.574586475531));
#3053 = CARTESIAN_POINT('',(4.058060396633,5.603945566977));
#3054 = CARTESIAN_POINT('',(4.017850709547,5.634830903527));
#3055 = CARTESIAN_POINT('',(3.978003020182,5.667069340925));
#3056 = CARTESIAN_POINT('',(3.938494499228,5.700502621729));
#3057 = CARTESIAN_POINT('',(3.793406081475,5.828161634048));
#3058 = CARTESIAN_POINT('',(3.689881812093,5.928946917483));
#3059 = CARTESIAN_POINT('',(3.587972535223,6.034738331386));
#3060 = CARTESIAN_POINT('',(3.48717017967,6.143497157562));
#3061 = CARTESIAN_POINT('',(3.386964789103,6.253598904503));
#3062 = CARTESIAN_POINT('',(3.262528766996,6.390339730139));
#3063 = CARTESIAN_POINT('',(3.23837056437,6.416887425204));
#3064 = CARTESIAN_POINT('',(3.214204934742,6.443416095688));
#3065 = CARTESIAN_POINT('',(3.190024710756,6.46990621854));
#3066 = CARTESIAN_POINT('',(3.165822893716,6.496338490983));
#3067 = CARTESIAN_POINT('',(3.14159265359,6.522693830523));
#3068 = ( GEOMETRIC_REPRESENTATION_CONTEXT(2) 
PARAMETRIC_REPRESENTATION_CONTEXT() REPRESENTATION_CONTEXT('2D SPACE',''
  ) );
#3069 = ADVANCED_FACE('',(#3070),#778,.F.);
#3070 = FACE_BOUND('',#3071,.F.);
#3071 = EDGE_LOOP('',(#3072,#3100,#3101,#3102));
#3072 = ORIENTED_EDGE('',*,*,#3073,.F.);
#3073 = EDGE_CURVE('',#2802,#3074,#3076,.T.);
#3074 = VERTEX_POINT('',#3075);
#3075 = CARTESIAN_POINT('',(-86.98911360876,-53.68728977372,9.));
#3076 = SURFACE_CURVE('',#3077,(#3081,#3088),.PCURVE_S1.);
#3077 = LINE('',#3078,#3079);
#3078 = CARTESIAN_POINT('',(-56.73154815046,-36.21807621135,9.));
#3079 = VECTOR('',#3080,1.);
#3080 = DIRECTION('',(-0.866025403784,-0.5,0.));
#3081 = PCURVE('',#778,#3082);
#3082 = DEFINITIONAL_REPRESENTATION('',(#3083),#3087);
#3083 = LINE('',#3084,#3085);
#3084 = CARTESIAN_POINT('',(1.570796326795,0.));
#3085 = VECTOR('',#3086,1.);
#3086 = DIRECTION('',(0.,1.));
#3087 = ( GEOMETRIC_REPRESENTATION_CONTEXT(2) 
PARAMETRIC_REPRESENTATION_CONTEXT() REPRESENTATION_CONTEXT('2D SPACE',''
  ) );
#3088 = PCURVE('',#3089,#3094);
#3089 = PLANE('',#3090);
#3090 = AXIS2_PLACEMENT_3D('',#3091,#3092,#3093);
#3091 = CARTESIAN_POINT('',(-87.13770007733,-53.77307621135,6.99));
#3092 = DIRECTION('',(-0.5,0.866025403784,0.));
#3093 = DIRECTION('',(0.866025403784,0.5,0.));
#3094 = DEFINITIONAL_REPRESENTATION('',(#3095),#3099);
#3095 = LINE('',#3096,#3097);
#3096 = CARTESIAN_POINT('',(35.11,-2.01));
#3097 = VECTOR('',#3098,1.);
#3098 = DIRECTION('',(-1.,-0.));
#3099 = ( GEOMETRIC_REPRESENTATION_CONTEXT(2) 
PARAMETRIC_REPRESENTATION_CONTEXT() REPRESENTATION_CONTEXT('2D SPACE',''
  ) );
#3100 = ORIENTED_EDGE('',*,*,#2825,.T.);
#3101 = ORIENTED_EDGE('',*,*,#762,.T.);
#3102 = ORIENTED_EDGE('',*,*,#3103,.F.);
#3103 = EDGE_CURVE('',#3074,#763,#3104,.T.);
#3104 = SURFACE_CURVE('',#3105,(#3129,#3156),.PCURVE_S1.);
#3105 = B_SPLINE_CURVE_WITH_KNOTS('',8,(#3106,#3107,#3108,#3109,#3110,
    #3111,#3112,#3113,#3114,#3115,#3116,#3117,#3118,#3119,#3120,#3121,
    #3122,#3123,#3124,#3125,#3126,#3127,#3128),.UNSPECIFIED.,.F.,.F.,(9,
    7,7,9),(0.,0.182451691982,0.330328230791,1.),.UNSPECIFIED.);
#3106 = CARTESIAN_POINT('',(-86.98911360876,-53.68728977372,9.));
#3107 = CARTESIAN_POINT('',(-86.95670728686,-53.66857997505,
    8.894161395875));
#3108 = CARTESIAN_POINT('',(-86.91757710433,-53.65337938879,
    8.791218112299));
#3109 = CARTESIAN_POINT('',(-86.87232804926,-53.64132984078,
    8.691527590623));
#3110 = CARTESIAN_POINT('',(-86.82159445531,-53.63210917787,
    8.595388168614));
#3111 = CARTESIAN_POINT('',(-86.76603695813,-53.62542076421,
    8.503046437229));
#3112 = CARTESIAN_POINT('',(-86.70634045774,-53.6209859313,
    8.414702765815));
#3113 = CARTESIAN_POINT('',(-86.64321308691,-53.61853938145,
    8.330514995738));
#3114 = CARTESIAN_POINT('',(-86.52403368278,-53.61725060367,
    8.185829687726));
#3115 = CARTESIAN_POINT('',(-86.46872184378,-53.61781099333,8.1236401536
    ));
#3116 = CARTESIAN_POINT('',(-86.41168629948,-53.61938661355,
    8.063968840555));
#3117 = CARTESIAN_POINT('',(-86.35313459357,-53.62187068622,
    8.006745237638));
#3118 = CARTESIAN_POINT('',(-86.29324600912,-53.62517029638,
    7.951892516273));
#3119 = CARTESIAN_POINT('',(-86.23217139526,-53.62920493309,
    7.899328864088));
#3120 = CARTESIAN_POINT('',(-86.17003299396,-53.63390503024,
    7.848968818733));
#3121 = CARTESIAN_POINT('',(-85.82113090642,-53.66323682261,
    7.582246468352));
#3122 = CARTESIAN_POINT('',(-85.51178700402,-53.69998746188,
    7.40437154034));
#3123 = CARTESIAN_POINT('',(-85.19046003467,-53.74416183624,
    7.263808219229));
#3124 = CARTESIAN_POINT('',(-84.8640483202,-53.7927725136,7.156345529713
    ));
#3125 = CARTESIAN_POINT('',(-84.53598716335,-53.84393141023,
    7.078179294078));
#3126 = CARTESIAN_POINT('',(-84.20697102162,-53.89666460631,
    7.026483231353));
#3127 = CARTESIAN_POINT('',(-83.87560771476,-53.95051962775,
    7.00000010766));
#3128 = CARTESIAN_POINT('',(-83.53962386598,-54.00512701892,7.));
#3129 = PCURVE('',#778,#3130);
#3130 = DEFINITIONAL_REPRESENTATION('',(#3131),#3155);
#3131 = B_SPLINE_CURVE_WITH_KNOTS('',8,(#3132,#3133,#3134,#3135,#3136,
    #3137,#3138,#3139,#3140,#3141,#3142,#3143,#3144,#3145,#3146,#3147,
    #3148,#3149,#3150,#3151,#3152,#3153,#3154),.UNSPECIFIED.,.F.,.F.,(9,
    7,7,9),(0.,0.182451691982,0.330328230791,1.),.UNSPECIFIED.);
#3132 = CARTESIAN_POINT('',(1.570796326795,34.938427124746));
#3133 = CARTESIAN_POINT('',(1.623715628857,34.901007527402));
#3134 = CARTESIAN_POINT('',(1.675187328324,34.859519502139));
#3135 = CARTESIAN_POINT('',(1.725258256513,34.814307896951));
#3136 = CARTESIAN_POINT('',(1.773953676616,34.765760984307));
#3137 = CARTESIAN_POINT('',(1.82128036011,34.714302573547));
#3138 = CARTESIAN_POINT('',(1.86722846348,34.660386471242));
#3139 = CARTESIAN_POINT('',(1.911772205266,34.604493289501));
#3140 = CARTESIAN_POINT('',(1.989799442211,34.500636509031));
#3141 = CARTESIAN_POINT('',(2.023901194398,34.453015246158));
#3142 = CARTESIAN_POINT('',(2.057226459941,34.404408825979));
#3143 = CARTESIAN_POINT('',(2.08982348285,34.354943597567));
#3144 = CARTESIAN_POINT('',(2.121738269158,34.304728367117));
#3145 = CARTESIAN_POINT('',(2.153015964886,34.253853518335));
#3146 = CARTESIAN_POINT('',(2.183702234001,34.202390132841));
#3147 = CARTESIAN_POINT('',(2.350347127569,33.91489795778));
#3148 = CARTESIAN_POINT('',(2.47743769304,33.665373599438));
#3149 = CARTESIAN_POINT('',(2.597194057661,33.409183468226));
#3150 = CARTESIAN_POINT('',(2.711143276175,33.150807970099));
#3151 = CARTESIAN_POINT('',(2.820805512678,32.892278122566));
#3152 = CARTESIAN_POINT('',(2.927788982681,32.633708383627));
#3153 = CARTESIAN_POINT('',(3.033951216084,32.373666852716));
#3154 = CARTESIAN_POINT('',(3.14159265359,32.11));
#3155 = ( GEOMETRIC_REPRESENTATION_CONTEXT(2) 
PARAMETRIC_REPRESENTATION_CONTEXT() REPRESENTATION_CONTEXT('2D SPACE',''
  ) );
#3156 = PCURVE('',#806,#3157);
#3157 = DEFINITIONAL_REPRESENTATION('',(#3158),#3182);
#3158 = B_SPLINE_CURVE_WITH_KNOTS('',8,(#3159,#3160,#3161,#3162,#3163,
    #3164,#3165,#3166,#3167,#3168,#3169,#3170,#3171,#3172,#3173,#3174,
    #3175,#3176,#3177,#3178,#3179,#3180,#3181),.UNSPECIFIED.,.F.,.F.,(9,
    7,7,9),(0.,0.182451691982,0.330328230791,1.),.UNSPECIFIED.);
#3159 = CARTESIAN_POINT('',(1.910633236249,12.));
#3160 = CARTESIAN_POINT('',(1.948052833593,12.));
#3161 = CARTESIAN_POINT('',(1.985014555153,12.006400997411));
#3162 = CARTESIAN_POINT('',(2.021447651065,12.01859031027));
#3163 = CARTESIAN_POINT('',(2.057286743158,12.035971778919));
#3164 = CARTESIAN_POINT('',(2.09246768537,12.057958191374));
#3165 = CARTESIAN_POINT('',(2.12692431247,12.0839657636));
#3166 = CARTESIAN_POINT('',(2.160586077092,12.113410674699));
#3167 = CARTESIAN_POINT('',(2.219953173482,12.171884262467));
#3168 = CARTESIAN_POINT('',(2.246050122956,12.200025493647));
#3169 = CARTESIAN_POINT('',(2.271685261132,12.229907792934));
#3170 = CARTESIAN_POINT('',(2.296877386738,12.261334915923));
#3171 = CARTESIAN_POINT('',(2.321646754781,12.294136754376));
#3172 = CARTESIAN_POINT('',(2.346015571737,12.32816815919));
#3173 = CARTESIAN_POINT('',(2.370008490733,12.363307763372));
#3174 = CARTESIAN_POINT('',(2.500729807074,12.563160884478));
#3175 = CARTESIAN_POINT('',(2.602030600538,12.749659822888));
#3176 = CARTESIAN_POINT('',(2.698371910277,12.94857943795));
#3177 = CARTESIAN_POINT('',(2.790637307868,13.153883376674));
#3178 = CARTESIAN_POINT('',(2.879798982549,13.362218859215));
#3179 = CARTESIAN_POINT('',(2.967023151832,13.572395217501));
#3180 = CARTESIAN_POINT('',(3.053703706979,13.784716687622));
#3181 = CARTESIAN_POINT('',(3.14159265359,14.));
#3182 = ( GEOMETRIC_REPRESENTATION_CONTEXT(2) 
PARAMETRIC_REPRESENTATION_CONTEXT() REPRESENTATION_CONTEXT('2D SPACE',''
  ) );
#3183 = ADVANCED_FACE('',(#3184),#1226,.F.);
#3184 = FACE_BOUND('',#3185,.F.);
#3185 = EDGE_LOOP('',(#3186,#3187,#3188,#3216));
#3186 = ORIENTED_EDGE('',*,*,#1210,.F.);
#3187 = ORIENTED_EDGE('',*,*,#2977,.F.);
#3188 = ORIENTED_EDGE('',*,*,#3189,.T.);
#3189 = EDGE_CURVE('',#2925,#3190,#3192,.T.);
#3190 = VERTEX_POINT('',#3191);
#3191 = CARTESIAN_POINT('',(3.,102.17842712474,9.));
#3192 = SURFACE_CURVE('',#3193,(#3197,#3204),.PCURVE_S1.);
#3193 = LINE('',#3194,#3195);
#3194 = CARTESIAN_POINT('',(3.,67.24,9.));
#3195 = VECTOR('',#3196,1.);
#3196 = DIRECTION('',(1.110223024625E-16,1.,0.));
#3197 = PCURVE('',#1226,#3198);
#3198 = DEFINITIONAL_REPRESENTATION('',(#3199),#3203);
#3199 = LINE('',#3200,#3201);
#3200 = CARTESIAN_POINT('',(4.712388980385,0.));
#3201 = VECTOR('',#3202,1.);
#3202 = DIRECTION('',(0.,1.));
#3203 = ( GEOMETRIC_REPRESENTATION_CONTEXT(2) 
PARAMETRIC_REPRESENTATION_CONTEXT() REPRESENTATION_CONTEXT('2D SPACE',''
  ) );
#3204 = PCURVE('',#3205,#3210);
#3205 = PLANE('',#3206);
#3206 = AXIS2_PLACEMENT_3D('',#3207,#3208,#3209);
#3207 = CARTESIAN_POINT('',(3.,68.24,6.99));
#3208 = DIRECTION('',(-1.,6.509662999854E-17,0.));
#3209 = DIRECTION('',(6.509662999854E-17,1.,0.));
#3210 = DEFINITIONAL_REPRESENTATION('',(#3211),#3215);
#3211 = LINE('',#3212,#3213);
#3212 = CARTESIAN_POINT('',(-1.,-2.01));
#3213 = VECTOR('',#3214,1.);
#3214 = DIRECTION('',(1.,0.));
#3215 = ( GEOMETRIC_REPRESENTATION_CONTEXT(2) 
PARAMETRIC_REPRESENTATION_CONTEXT() REPRESENTATION_CONTEXT('2D SPACE',''
  ) );
#3216 = ORIENTED_EDGE('',*,*,#3217,.T.);
#3217 = EDGE_CURVE('',#3190,#1183,#3218,.T.);
#3218 = SURFACE_CURVE('',#3219,(#3243,#3270),.PCURVE_S1.);
#3219 = B_SPLINE_CURVE_WITH_KNOTS('',8,(#3220,#3221,#3222,#3223,#3224,
    #3225,#3226,#3227,#3228,#3229,#3230,#3231,#3232,#3233,#3234,#3235,
    #3236,#3237,#3238,#3239,#3240,#3241,#3242),.UNSPECIFIED.,.F.,.F.,(9,
    7,7,9),(0.,0.182451692032,0.330328230831,1.),.UNSPECIFIED.);
#3220 = CARTESIAN_POINT('',(3.,102.17842712474,9.));
#3221 = CARTESIAN_POINT('',(3.,102.14100752741,8.894161395904));
#3222 = CARTESIAN_POINT('',(3.006400997408,102.09951950214,
    8.791218112312));
#3223 = CARTESIAN_POINT('',(3.018590310269,102.05430789694,
    8.691527590609));
#3224 = CARTESIAN_POINT('',(3.035971778924,102.00576098429,
    8.595388168588));
#3225 = CARTESIAN_POINT('',(3.05795819138,101.95430257353,8.503046437214
    ));
#3226 = CARTESIAN_POINT('',(3.083965763599,101.90038647124,
    8.414702765825));
#3227 = CARTESIAN_POINT('',(3.113410674688,101.84449328952,
    8.330514995764));
#3228 = CARTESIAN_POINT('',(3.171884262467,101.74063650903,
    8.185829687726));
#3229 = CARTESIAN_POINT('',(3.200025493647,101.69301524615,8.1236401536)
  );
#3230 = CARTESIAN_POINT('',(3.229907792934,101.64440882597,
    8.063968840555));
#3231 = CARTESIAN_POINT('',(3.261334915923,101.59494359756,
    8.006745237638));
#3232 = CARTESIAN_POINT('',(3.294136754376,101.54472836711,
    7.951892516273));
#3233 = CARTESIAN_POINT('',(3.32816815919,101.49385351833,7.899328864088
    ));
#3234 = CARTESIAN_POINT('',(3.363307763372,101.44239013284,
    7.848968818733));
#3235 = CARTESIAN_POINT('',(3.563160884478,101.15489795778,
    7.582246468353));
#3236 = CARTESIAN_POINT('',(3.749659822886,100.90537359944,
    7.404371540341));
#3237 = CARTESIAN_POINT('',(3.948579437955,100.64918346822,
    7.263808219225));
#3238 = CARTESIAN_POINT('',(4.153883376667,100.3908079701,7.156345529718
    ));
#3239 = CARTESIAN_POINT('',(4.362218859219,100.13227812256,
    7.078179294074));
#3240 = CARTESIAN_POINT('',(4.5723952175,99.873708383627,7.026483231354)
  );
#3241 = CARTESIAN_POINT('',(4.784716687622,99.613666852716,7.00000010766
    ));
#3242 = CARTESIAN_POINT('',(5.,99.35,7.));
#3243 = PCURVE('',#1226,#3244);
#3244 = DEFINITIONAL_REPRESENTATION('',(#3245),#3269);
#3245 = B_SPLINE_CURVE_WITH_KNOTS('',8,(#3246,#3247,#3248,#3249,#3250,
    #3251,#3252,#3253,#3254,#3255,#3256,#3257,#3258,#3259,#3260,#3261,
    #3262,#3263,#3264,#3265,#3266,#3267,#3268),.UNSPECIFIED.,.F.,.F.,(9,
    7,7,9),(0.,0.182451692032,0.330328230831,1.),.UNSPECIFIED.);
#3246 = CARTESIAN_POINT('',(4.712388980385,34.938427124746));
#3247 = CARTESIAN_POINT('',(4.659469678337,34.901007527412));
#3248 = CARTESIAN_POINT('',(4.607997978862,34.859519502146));
#3249 = CARTESIAN_POINT('',(4.55792705066,34.814307896947));
#3250 = CARTESIAN_POINT('',(4.509231630551,34.765760984293));
#3251 = CARTESIAN_POINT('',(4.461904947061,34.714302573536));
#3252 = CARTESIAN_POINT('',(4.415956843704,34.660386471245));
#3253 = CARTESIAN_POINT('',(4.371413101928,34.60449328952));
#3254 = CARTESIAN_POINT('',(4.293385864969,34.500636509031));
#3255 = CARTESIAN_POINT('',(4.259284112782,34.453015246158));
#3256 = CARTESIAN_POINT('',(4.225958847239,34.404408825979));
#3257 = CARTESIAN_POINT('',(4.19336182433,34.354943597567));
#3258 = CARTESIAN_POINT('',(4.161447038021,34.304728367117));
#3259 = CARTESIAN_POINT('',(4.130169342294,34.253853518335));
#3260 = CARTESIAN_POINT('',(4.099483073178,34.202390132841));
#3261 = CARTESIAN_POINT('',(3.932838179611,33.91489795778));
#3262 = CARTESIAN_POINT('',(3.80574761414,33.66537359944));
#3263 = CARTESIAN_POINT('',(3.685991249514,33.40918346822));
#3264 = CARTESIAN_POINT('',(3.572042031011,33.150807970107));
#3265 = CARTESIAN_POINT('',(3.462379794497,32.892278122562));
#3266 = CARTESIAN_POINT('',(3.3553963245,32.633708383627));
#3267 = CARTESIAN_POINT('',(3.249234091095,32.373666852716));
#3268 = CARTESIAN_POINT('',(3.14159265359,32.11));
#3269 = ( GEOMETRIC_REPRESENTATION_CONTEXT(2) 
PARAMETRIC_REPRESENTATION_CONTEXT() REPRESENTATION_CONTEXT('2D SPACE',''
  ) );
#3270 = PCURVE('',#1198,#3271);
#3271 = DEFINITIONAL_REPRESENTATION('',(#3272),#3296);
#3272 = B_SPLINE_CURVE_WITH_KNOTS('',8,(#3273,#3274,#3275,#3276,#3277,
    #3278,#3279,#3280,#3281,#3282,#3283,#3284,#3285,#3286,#3287,#3288,
    #3289,#3290,#3291,#3292,#3293,#3294,#3295),.UNSPECIFIED.,.F.,.F.,(9,
    7,7,9),(0.,0.182451692032,0.330328230831,1.),.UNSPECIFIED.);
#3273 = CARTESIAN_POINT('',(1.910633236249,6.));
#3274 = CARTESIAN_POINT('',(1.948052833583,6.));
#3275 = CARTESIAN_POINT('',(1.985014555149,5.993599002592));
#3276 = CARTESIAN_POINT('',(2.02144765107,5.981409689731));
#3277 = CARTESIAN_POINT('',(2.057286743167,5.964028221076));
#3278 = CARTESIAN_POINT('',(2.092467685376,5.94204180862));
#3279 = CARTESIAN_POINT('',(2.126924312467,5.916034236401));
#3280 = CARTESIAN_POINT('',(2.160586077081,5.886589325312));
#3281 = CARTESIAN_POINT('',(2.219953173482,5.828115737533));
#3282 = CARTESIAN_POINT('',(2.246050122956,5.799974506353));
#3283 = CARTESIAN_POINT('',(2.271685261132,5.770092207066));
#3284 = CARTESIAN_POINT('',(2.296877386738,5.738665084077));
#3285 = CARTESIAN_POINT('',(2.321646754781,5.705863245624));
#3286 = CARTESIAN_POINT('',(2.346015571737,5.67183184081));
#3287 = CARTESIAN_POINT('',(2.370008490733,5.636692236628));
#3288 = CARTESIAN_POINT('',(2.500729807074,5.436839115522));
#3289 = CARTESIAN_POINT('',(2.602030600537,5.250340177114));
#3290 = CARTESIAN_POINT('',(2.698371910281,5.051420562045));
#3291 = CARTESIAN_POINT('',(2.790637307862,4.846116623333));
#3292 = CARTESIAN_POINT('',(2.879798982554,4.637781140782));
#3293 = CARTESIAN_POINT('',(2.967023151831,4.427604782499));
#3294 = CARTESIAN_POINT('',(3.053703706979,4.215283312378));
#3295 = CARTESIAN_POINT('',(3.14159265359,4.));
#3296 = ( GEOMETRIC_REPRESENTATION_CONTEXT(2) 
PARAMETRIC_REPRESENTATION_CONTEXT() REPRESENTATION_CONTEXT('2D SPACE',''
  ) );
#3297 = ADVANCED_FACE('',(#3298),#806,.F.);
#3298 = FACE_BOUND('',#3299,.F.);
#3299 = EDGE_LOOP('',(#3300,#3325,#3351,#3352,#3353));
#3300 = ORIENTED_EDGE('',*,*,#3301,.F.);
#3301 = EDGE_CURVE('',#3302,#3304,#3306,.T.);
#3302 = VERTEX_POINT('',#3303);
#3303 = CARTESIAN_POINT('',(-87.13770007733,-53.77307621135,10.));
#3304 = VERTEX_POINT('',#3305);
#3305 = CARTESIAN_POINT('',(-84.63770007733,-58.10320323027,10.));
#3306 = SURFACE_CURVE('',#3307,(#3311,#3318),.PCURVE_S1.);
#3307 = LINE('',#3308,#3309);
#3308 = CARTESIAN_POINT('',(-93.13770007733,-43.38077136594,10.));
#3309 = VECTOR('',#3310,1.);
#3310 = DIRECTION('',(0.5,-0.866025403784,0.));
#3311 = PCURVE('',#806,#3312);
#3312 = DEFINITIONAL_REPRESENTATION('',(#3313),#3317);
#3313 = LINE('',#3314,#3315);
#3314 = CARTESIAN_POINT('',(1.570796326795,0.));
#3315 = VECTOR('',#3316,1.);
#3316 = DIRECTION('',(0.,1.));
#3317 = ( GEOMETRIC_REPRESENTATION_CONTEXT(2) 
PARAMETRIC_REPRESENTATION_CONTEXT() REPRESENTATION_CONTEXT('2D SPACE',''
  ) );
#3318 = PCURVE('',#2075,#3319);
#3319 = DEFINITIONAL_REPRESENTATION('',(#3320),#3324);
#3320 = LINE('',#3321,#3322);
#3321 = CARTESIAN_POINT('',(17.,-10.));
#3322 = VECTOR('',#3323,1.);
#3323 = DIRECTION('',(-1.,-0.));
#3324 = ( GEOMETRIC_REPRESENTATION_CONTEXT(2) 
PARAMETRIC_REPRESENTATION_CONTEXT() REPRESENTATION_CONTEXT('2D SPACE',''
  ) );
#3325 = ORIENTED_EDGE('',*,*,#3326,.T.);
#3326 = EDGE_CURVE('',#3302,#3074,#3327,.T.);
#3327 = SURFACE_CURVE('',#3328,(#3333,#3340),.PCURVE_S1.);
#3328 = CIRCLE('',#3329,3.);
#3329 = AXIS2_PLACEMENT_3D('',#3330,#3331,#3332);
#3330 = CARTESIAN_POINT('',(-84.53962386598,-52.27307621135,10.));
#3331 = DIRECTION('',(0.5,-0.866025403784,0.));
#3332 = DIRECTION('',(0.,0.,1.));
#3333 = PCURVE('',#806,#3334);
#3334 = DEFINITIONAL_REPRESENTATION('',(#3335),#3339);
#3335 = LINE('',#3336,#3337);
#3336 = CARTESIAN_POINT('',(0.,12.));
#3337 = VECTOR('',#3338,1.);
#3338 = DIRECTION('',(1.,0.));
#3339 = ( GEOMETRIC_REPRESENTATION_CONTEXT(2) 
PARAMETRIC_REPRESENTATION_CONTEXT() REPRESENTATION_CONTEXT('2D SPACE',''
  ) );
#3340 = PCURVE('',#3089,#3341);
#3341 = DEFINITIONAL_REPRESENTATION('',(#3342),#3350);
#3342 = ( BOUNDED_CURVE() B_SPLINE_CURVE(2,(#3343,#3344,#3345,#3346,
#3347,#3348,#3349),.UNSPECIFIED.,.T.,.F.) B_SPLINE_CURVE_WITH_KNOTS((1,2
    ,2,2,2,1),(-2.094395102393,0.,2.094395102393,4.188790204786,
6.28318530718,8.377580409573),.UNSPECIFIED.) CURVE() 
GEOMETRIC_REPRESENTATION_ITEM() RATIONAL_B_SPLINE_CURVE((1.,0.5,1.,0.5,
1.,0.5,1.)) REPRESENTATION_ITEM('') );
#3343 = CARTESIAN_POINT('',(3.,-6.01));
#3344 = CARTESIAN_POINT('',(-2.196152422707,-6.01));
#3345 = CARTESIAN_POINT('',(0.401923788647,-1.51));
#3346 = CARTESIAN_POINT('',(3.,2.99));
#3347 = CARTESIAN_POINT('',(5.598076211353,-1.51));
#3348 = CARTESIAN_POINT('',(8.196152422707,-6.01));
#3349 = CARTESIAN_POINT('',(3.,-6.01));
#3350 = ( GEOMETRIC_REPRESENTATION_CONTEXT(2) 
PARAMETRIC_REPRESENTATION_CONTEXT() REPRESENTATION_CONTEXT('2D SPACE',''
  ) );
#3351 = ORIENTED_EDGE('',*,*,#3103,.T.);
#3352 = ORIENTED_EDGE('',*,*,#790,.T.);
#3353 = ORIENTED_EDGE('',*,*,#3354,.F.);
#3354 = EDGE_CURVE('',#3304,#791,#3355,.T.);
#3355 = SURFACE_CURVE('',#3356,(#3361,#3368),.PCURVE_S1.);
#3356 = CIRCLE('',#3357,3.);
#3357 = AXIS2_PLACEMENT_3D('',#3358,#3359,#3360);
#3358 = CARTESIAN_POINT('',(-82.03962386598,-56.60320323027,10.));
#3359 = DIRECTION('',(0.5,-0.866025403784,0.));
#3360 = DIRECTION('',(0.,0.,1.));
#3361 = PCURVE('',#806,#3362);
#3362 = DEFINITIONAL_REPRESENTATION('',(#3363),#3367);
#3363 = LINE('',#3364,#3365);
#3364 = CARTESIAN_POINT('',(0.,17.));
#3365 = VECTOR('',#3366,1.);
#3366 = DIRECTION('',(1.,0.));
#3367 = ( GEOMETRIC_REPRESENTATION_CONTEXT(2) 
PARAMETRIC_REPRESENTATION_CONTEXT() REPRESENTATION_CONTEXT('2D SPACE',''
  ) );
#3368 = PCURVE('',#834,#3369);
#3369 = DEFINITIONAL_REPRESENTATION('',(#3370),#3378);
#3370 = ( BOUNDED_CURVE() B_SPLINE_CURVE(2,(#3371,#3372,#3373,#3374,
#3375,#3376,#3377),.UNSPECIFIED.,.T.,.F.) B_SPLINE_CURVE_WITH_KNOTS((1,2
    ,2,2,2,1),(-2.094395102393,0.,2.094395102393,4.188790204786,
6.28318530718,8.377580409573),.UNSPECIFIED.) CURVE() 
GEOMETRIC_REPRESENTATION_ITEM() RATIONAL_B_SPLINE_CURVE((1.,0.5,1.,0.5,
1.,0.5,1.)) REPRESENTATION_ITEM('') );
#3371 = CARTESIAN_POINT('',(14.,-13.));
#3372 = CARTESIAN_POINT('',(8.803847577293,-13.));
#3373 = CARTESIAN_POINT('',(11.401923788647,-8.5));
#3374 = CARTESIAN_POINT('',(14.,-4.));
#3375 = CARTESIAN_POINT('',(16.598076211353,-8.5));
#3376 = CARTESIAN_POINT('',(19.196152422707,-13.));
#3377 = CARTESIAN_POINT('',(14.,-13.));
#3378 = ( GEOMETRIC_REPRESENTATION_CONTEXT(2) 
PARAMETRIC_REPRESENTATION_CONTEXT() REPRESENTATION_CONTEXT('2D SPACE',''
  ) );
#3379 = ADVANCED_FACE('',(#3380),#1198,.F.);
#3380 = FACE_BOUND('',#3381,.F.);
#3381 = EDGE_LOOP('',(#3382,#3407,#3429,#3430,#3431));
#3382 = ORIENTED_EDGE('',*,*,#3383,.F.);
#3383 = EDGE_CURVE('',#3384,#3386,#3388,.T.);
#3384 = VERTEX_POINT('',#3385);
#3385 = CARTESIAN_POINT('',(8.,102.35,10.));
#3386 = VERTEX_POINT('',#3387);
#3387 = CARTESIAN_POINT('',(3.,102.35,10.));
#3388 = SURFACE_CURVE('',#3389,(#3393,#3400),.PCURVE_S1.);
#3389 = LINE('',#3390,#3391);
#3390 = CARTESIAN_POINT('',(9.,102.35,10.));
#3391 = VECTOR('',#3392,1.);
#3392 = DIRECTION('',(-1.,1.110223024625E-16,0.));
#3393 = PCURVE('',#1198,#3394);
#3394 = DEFINITIONAL_REPRESENTATION('',(#3395),#3399);
#3395 = LINE('',#3396,#3397);
#3396 = CARTESIAN_POINT('',(1.570796326795,0.));
#3397 = VECTOR('',#3398,1.);
#3398 = DIRECTION('',(0.,1.));
#3399 = ( GEOMETRIC_REPRESENTATION_CONTEXT(2) 
PARAMETRIC_REPRESENTATION_CONTEXT() REPRESENTATION_CONTEXT('2D SPACE',''
  ) );
#3400 = PCURVE('',#2158,#3401);
#3401 = DEFINITIONAL_REPRESENTATION('',(#3402),#3406);
#3402 = LINE('',#3403,#3404);
#3403 = CARTESIAN_POINT('',(17.,-10.));
#3404 = VECTOR('',#3405,1.);
#3405 = DIRECTION('',(-1.,0.));
#3406 = ( GEOMETRIC_REPRESENTATION_CONTEXT(2) 
PARAMETRIC_REPRESENTATION_CONTEXT() REPRESENTATION_CONTEXT('2D SPACE',''
  ) );
#3407 = ORIENTED_EDGE('',*,*,#3408,.T.);
#3408 = EDGE_CURVE('',#3384,#1155,#3409,.T.);
#3409 = SURFACE_CURVE('',#3410,(#3415,#3422),.PCURVE_S1.);
#3410 = CIRCLE('',#3411,3.);
#3411 = AXIS2_PLACEMENT_3D('',#3412,#3413,#3414);
#3412 = CARTESIAN_POINT('',(8.,99.35,10.));
#3413 = DIRECTION('',(-1.,1.110223024625E-16,0.));
#3414 = DIRECTION('',(0.,0.,1.));
#3415 = PCURVE('',#1198,#3416);
#3416 = DEFINITIONAL_REPRESENTATION('',(#3417),#3421);
#3417 = LINE('',#3418,#3419);
#3418 = CARTESIAN_POINT('',(0.,1.));
#3419 = VECTOR('',#3420,1.);
#3420 = DIRECTION('',(1.,0.));
#3421 = ( GEOMETRIC_REPRESENTATION_CONTEXT(2) 
PARAMETRIC_REPRESENTATION_CONTEXT() REPRESENTATION_CONTEXT('2D SPACE',''
  ) );
#3422 = PCURVE('',#1170,#3423);
#3423 = DEFINITIONAL_REPRESENTATION('',(#3424),#3428);
#3424 = CIRCLE('',#3425,3.);
#3425 = AXIS2_PLACEMENT_2D('',#3426,#3427);
#3426 = CARTESIAN_POINT('',(3.01,0.));
#3427 = DIRECTION('',(1.,0.));
#3428 = ( GEOMETRIC_REPRESENTATION_CONTEXT(2) 
PARAMETRIC_REPRESENTATION_CONTEXT() REPRESENTATION_CONTEXT('2D SPACE',''
  ) );
#3429 = ORIENTED_EDGE('',*,*,#1182,.T.);
#3430 = ORIENTED_EDGE('',*,*,#3217,.F.);
#3431 = ORIENTED_EDGE('',*,*,#3432,.F.);
#3432 = EDGE_CURVE('',#3386,#3190,#3433,.T.);
#3433 = SURFACE_CURVE('',#3434,(#3439,#3446),.PCURVE_S1.);
#3434 = CIRCLE('',#3435,3.);
#3435 = AXIS2_PLACEMENT_3D('',#3436,#3437,#3438);
#3436 = CARTESIAN_POINT('',(3.,99.35,10.));
#3437 = DIRECTION('',(-1.,1.110223024625E-16,0.));
#3438 = DIRECTION('',(0.,0.,1.));
#3439 = PCURVE('',#1198,#3440);
#3440 = DEFINITIONAL_REPRESENTATION('',(#3441),#3445);
#3441 = LINE('',#3442,#3443);
#3442 = CARTESIAN_POINT('',(0.,6.));
#3443 = VECTOR('',#3444,1.);
#3444 = DIRECTION('',(1.,0.));
#3445 = ( GEOMETRIC_REPRESENTATION_CONTEXT(2) 
PARAMETRIC_REPRESENTATION_CONTEXT() REPRESENTATION_CONTEXT('2D SPACE',''
  ) );
#3446 = PCURVE('',#3205,#3447);
#3447 = DEFINITIONAL_REPRESENTATION('',(#3448),#3452);
#3448 = CIRCLE('',#3449,3.);
#3449 = AXIS2_PLACEMENT_2D('',#3450,#3451);
#3450 = CARTESIAN_POINT('',(31.11,-3.01));
#3451 = DIRECTION('',(0.,-1.));
#3452 = ( GEOMETRIC_REPRESENTATION_CONTEXT(2) 
PARAMETRIC_REPRESENTATION_CONTEXT() REPRESENTATION_CONTEXT('2D SPACE',''
  ) );
#3453 = ADVANCED_FACE('',(#3454),#834,.F.);
#3454 = FACE_BOUND('',#3455,.F.);
#3455 = EDGE_LOOP('',(#3456,#3479,#3480,#3481,#3504));
#3456 = ORIENTED_EDGE('',*,*,#3457,.F.);
#3457 = EDGE_CURVE('',#3304,#3458,#3460,.T.);
#3458 = VERTEX_POINT('',#3459);
#3459 = CARTESIAN_POINT('',(-84.63770007733,-58.10320323027,48.8));
#3460 = SURFACE_CURVE('',#3461,(#3465,#3472),.PCURVE_S1.);
#3461 = LINE('',#3462,#3463);
#3462 = CARTESIAN_POINT('',(-84.63770007733,-58.10320323027,0.));
#3463 = VECTOR('',#3464,1.);
#3464 = DIRECTION('',(0.,0.,1.));
#3465 = PCURVE('',#834,#3466);
#3466 = DEFINITIONAL_REPRESENTATION('',(#3467),#3471);
#3467 = LINE('',#3468,#3469);
#3468 = CARTESIAN_POINT('',(11.,0.));
#3469 = VECTOR('',#3470,1.);
#3470 = DIRECTION('',(0.,-1.));
#3471 = ( GEOMETRIC_REPRESENTATION_CONTEXT(2) 
PARAMETRIC_REPRESENTATION_CONTEXT() REPRESENTATION_CONTEXT('2D SPACE',''
  ) );
#3472 = PCURVE('',#2075,#3473);
#3473 = DEFINITIONAL_REPRESENTATION('',(#3474),#3478);
#3474 = LINE('',#3475,#3476);
#3475 = CARTESIAN_POINT('',(0.,0.));
#3476 = VECTOR('',#3477,1.);
#3477 = DIRECTION('',(0.,-1.));
#3478 = ( GEOMETRIC_REPRESENTATION_CONTEXT(2) 
PARAMETRIC_REPRESENTATION_CONTEXT() REPRESENTATION_CONTEXT('2D SPACE',''
  ) );
#3479 = ORIENTED_EDGE('',*,*,#3354,.T.);
#3480 = ORIENTED_EDGE('',*,*,#818,.T.);
#3481 = ORIENTED_EDGE('',*,*,#3482,.T.);
#3482 = EDGE_CURVE('',#819,#3483,#3485,.T.);
#3483 = VERTEX_POINT('',#3484);
#3484 = CARTESIAN_POINT('',(-94.16397951896,-63.60320323027,48.8));
#3485 = SURFACE_CURVE('',#3486,(#3490,#3497),.PCURVE_S1.);
#3486 = LINE('',#3487,#3488);
#3487 = CARTESIAN_POINT('',(-94.16397951896,-63.60320323027,0.));
#3488 = VECTOR('',#3489,1.);
#3489 = DIRECTION('',(0.,0.,1.));
#3490 = PCURVE('',#834,#3491);
#3491 = DEFINITIONAL_REPRESENTATION('',(#3492),#3496);
#3492 = LINE('',#3493,#3494);
#3493 = CARTESIAN_POINT('',(0.,0.));
#3494 = VECTOR('',#3495,1.);
#3495 = DIRECTION('',(0.,-1.));
#3496 = ( GEOMETRIC_REPRESENTATION_CONTEXT(2) 
PARAMETRIC_REPRESENTATION_CONTEXT() REPRESENTATION_CONTEXT('2D SPACE',''
  ) );
#3497 = PCURVE('',#1966,#3498);
#3498 = DEFINITIONAL_REPRESENTATION('',(#3499),#3503);
#3499 = LINE('',#3500,#3501);
#3500 = CARTESIAN_POINT('',(16.,0.));
#3501 = VECTOR('',#3502,1.);
#3502 = DIRECTION('',(0.,-1.));
#3503 = ( GEOMETRIC_REPRESENTATION_CONTEXT(2) 
PARAMETRIC_REPRESENTATION_CONTEXT() REPRESENTATION_CONTEXT('2D SPACE',''
  ) );
#3504 = ORIENTED_EDGE('',*,*,#3505,.T.);
#3505 = EDGE_CURVE('',#3483,#3458,#3506,.T.);
#3506 = SURFACE_CURVE('',#3507,(#3511,#3518),.PCURVE_S1.);
#3507 = LINE('',#3508,#3509);
#3508 = CARTESIAN_POINT('',(-94.16397951896,-63.60320323027,48.8));
#3509 = VECTOR('',#3510,1.);
#3510 = DIRECTION('',(0.866025403784,0.5,0.));
#3511 = PCURVE('',#834,#3512);
#3512 = DEFINITIONAL_REPRESENTATION('',(#3513),#3517);
#3513 = LINE('',#3514,#3515);
#3514 = CARTESIAN_POINT('',(0.,-48.8));
#3515 = VECTOR('',#3516,1.);
#3516 = DIRECTION('',(1.,0.));
#3517 = ( GEOMETRIC_REPRESENTATION_CONTEXT(2) 
PARAMETRIC_REPRESENTATION_CONTEXT() REPRESENTATION_CONTEXT('2D SPACE',''
  ) );
#3518 = PCURVE('',#2103,#3519);
#3519 = DEFINITIONAL_REPRESENTATION('',(#3520),#3524);
#3520 = LINE('',#3521,#3522);
#3521 = CARTESIAN_POINT('',(-0.763139720814,-9.678203230276));
#3522 = VECTOR('',#3523,1.);
#3523 = DIRECTION('',(0.866025403784,0.5));
#3524 = ( GEOMETRIC_REPRESENTATION_CONTEXT(2) 
PARAMETRIC_REPRESENTATION_CONTEXT() REPRESENTATION_CONTEXT('2D SPACE',''
  ) );
#3525 = ADVANCED_FACE('',(#3526),#1170,.F.);
#3526 = FACE_BOUND('',#3527,.F.);
#3527 = EDGE_LOOP('',(#3528,#3529,#3552,#3575,#3596));
#3528 = ORIENTED_EDGE('',*,*,#3408,.F.);
#3529 = ORIENTED_EDGE('',*,*,#3530,.T.);
#3530 = EDGE_CURVE('',#3384,#3531,#3533,.T.);
#3531 = VERTEX_POINT('',#3532);
#3532 = CARTESIAN_POINT('',(8.,102.35,48.8));
#3533 = SURFACE_CURVE('',#3534,(#3538,#3545),.PCURVE_S1.);
#3534 = LINE('',#3535,#3536);
#3535 = CARTESIAN_POINT('',(8.,102.35,0.));
#3536 = VECTOR('',#3537,1.);
#3537 = DIRECTION('',(0.,0.,1.));
#3538 = PCURVE('',#1170,#3539);
#3539 = DEFINITIONAL_REPRESENTATION('',(#3540),#3544);
#3540 = LINE('',#3541,#3542);
#3541 = CARTESIAN_POINT('',(-6.99,3.));
#3542 = VECTOR('',#3543,1.);
#3543 = DIRECTION('',(1.,0.));
#3544 = ( GEOMETRIC_REPRESENTATION_CONTEXT(2) 
PARAMETRIC_REPRESENTATION_CONTEXT() REPRESENTATION_CONTEXT('2D SPACE',''
  ) );
#3545 = PCURVE('',#2158,#3546);
#3546 = DEFINITIONAL_REPRESENTATION('',(#3547),#3551);
#3547 = LINE('',#3548,#3549);
#3548 = CARTESIAN_POINT('',(16.,0.));
#3549 = VECTOR('',#3550,1.);
#3550 = DIRECTION('',(0.,-1.));
#3551 = ( GEOMETRIC_REPRESENTATION_CONTEXT(2) 
PARAMETRIC_REPRESENTATION_CONTEXT() REPRESENTATION_CONTEXT('2D SPACE',''
  ) );
#3552 = ORIENTED_EDGE('',*,*,#3553,.T.);
#3553 = EDGE_CURVE('',#3531,#3554,#3556,.T.);
#3554 = VERTEX_POINT('',#3555);
#3555 = CARTESIAN_POINT('',(8.,113.35,48.8));
#3556 = SURFACE_CURVE('',#3557,(#3561,#3568),.PCURVE_S1.);
#3557 = LINE('',#3558,#3559);
#3558 = CARTESIAN_POINT('',(8.,102.35,48.8));
#3559 = VECTOR('',#3560,1.);
#3560 = DIRECTION('',(0.,1.,0.));
#3561 = PCURVE('',#1170,#3562);
#3562 = DEFINITIONAL_REPRESENTATION('',(#3563),#3567);
#3563 = LINE('',#3564,#3565);
#3564 = CARTESIAN_POINT('',(41.81,3.));
#3565 = VECTOR('',#3566,1.);
#3566 = DIRECTION('',(0.,1.));
#3567 = ( GEOMETRIC_REPRESENTATION_CONTEXT(2) 
PARAMETRIC_REPRESENTATION_CONTEXT() REPRESENTATION_CONTEXT('2D SPACE',''
  ) );
#3568 = PCURVE('',#2234,#3569);
#3569 = DEFINITIONAL_REPRESENTATION('',(#3570),#3574);
#3570 = LINE('',#3571,#3572);
#3571 = CARTESIAN_POINT('',(8.,-5.5));
#3572 = VECTOR('',#3573,1.);
#3573 = DIRECTION('',(0.,1.));
#3574 = ( GEOMETRIC_REPRESENTATION_CONTEXT(2) 
PARAMETRIC_REPRESENTATION_CONTEXT() REPRESENTATION_CONTEXT('2D SPACE',''
  ) );
#3575 = ORIENTED_EDGE('',*,*,#3576,.F.);
#3576 = EDGE_CURVE('',#1127,#3554,#3577,.T.);
#3577 = SURFACE_CURVE('',#3578,(#3582,#3589),.PCURVE_S1.);
#3578 = LINE('',#3579,#3580);
#3579 = CARTESIAN_POINT('',(8.,113.35,0.));
#3580 = VECTOR('',#3581,1.);
#3581 = DIRECTION('',(0.,0.,1.));
#3582 = PCURVE('',#1170,#3583);
#3583 = DEFINITIONAL_REPRESENTATION('',(#3584),#3588);
#3584 = LINE('',#3585,#3586);
#3585 = CARTESIAN_POINT('',(-6.99,14.));
#3586 = VECTOR('',#3587,1.);
#3587 = DIRECTION('',(1.,0.));
#3588 = ( GEOMETRIC_REPRESENTATION_CONTEXT(2) 
PARAMETRIC_REPRESENTATION_CONTEXT() REPRESENTATION_CONTEXT('2D SPACE',''
  ) );
#3589 = PCURVE('',#2018,#3590);
#3590 = DEFINITIONAL_REPRESENTATION('',(#3591),#3595);
#3591 = LINE('',#3592,#3593);
#3592 = CARTESIAN_POINT('',(0.,-0.));
#3593 = VECTOR('',#3594,1.);
#3594 = DIRECTION('',(0.,-1.));
#3595 = ( GEOMETRIC_REPRESENTATION_CONTEXT(2) 
PARAMETRIC_REPRESENTATION_CONTEXT() REPRESENTATION_CONTEXT('2D SPACE',''
  ) );
#3596 = ORIENTED_EDGE('',*,*,#1154,.T.);
#3597 = ADVANCED_FACE('',(#3598),#862,.F.);
#3598 = FACE_BOUND('',#3599,.F.);
#3599 = EDGE_LOOP('',(#3600,#3625,#3646,#3647));
#3600 = ORIENTED_EDGE('',*,*,#3601,.F.);
#3601 = EDGE_CURVE('',#3602,#3604,#3606,.T.);
#3602 = VERTEX_POINT('',#3603);
#3603 = CARTESIAN_POINT('',(-94.16397951896,-63.60320323027,0.));
#3604 = VERTEX_POINT('',#3605);
#3605 = CARTESIAN_POINT('',(-61.11401958073,-48.85257629527,0.));
#3606 = SURFACE_CURVE('',#3607,(#3611,#3618),.PCURVE_S1.);
#3607 = LINE('',#3608,#3609);
#3608 = CARTESIAN_POINT('',(-94.16397951896,-63.60320323027,0.));
#3609 = VECTOR('',#3610,1.);
#3610 = DIRECTION('',(0.913177161813,0.407562843182,0.));
#3611 = PCURVE('',#862,#3612);
#3612 = DEFINITIONAL_REPRESENTATION('',(#3613),#3617);
#3613 = LINE('',#3614,#3615);
#3614 = CARTESIAN_POINT('',(0.,0.));
#3615 = VECTOR('',#3616,1.);
#3616 = DIRECTION('',(1.,0.));
#3617 = ( GEOMETRIC_REPRESENTATION_CONTEXT(2) 
PARAMETRIC_REPRESENTATION_CONTEXT() REPRESENTATION_CONTEXT('2D SPACE',''
  ) );
#3618 = PCURVE('',#1890,#3619);
#3619 = DEFINITIONAL_REPRESENTATION('',(#3620),#3624);
#3620 = LINE('',#3621,#3622);
#3621 = CARTESIAN_POINT('',(-16.92306274629,-19.00813913912));
#3622 = VECTOR('',#3623,1.);
#3623 = DIRECTION('',(0.913177161813,0.407562843182));
#3624 = ( GEOMETRIC_REPRESENTATION_CONTEXT(2) 
PARAMETRIC_REPRESENTATION_CONTEXT() REPRESENTATION_CONTEXT('2D SPACE',''
  ) );
#3625 = ORIENTED_EDGE('',*,*,#3626,.T.);
#3626 = EDGE_CURVE('',#3602,#819,#3627,.T.);
#3627 = SURFACE_CURVE('',#3628,(#3632,#3639),.PCURVE_S1.);
#3628 = LINE('',#3629,#3630);
#3629 = CARTESIAN_POINT('',(-94.16397951896,-63.60320323027,0.));
#3630 = VECTOR('',#3631,1.);
#3631 = DIRECTION('',(0.,0.,1.));
#3632 = PCURVE('',#862,#3633);
#3633 = DEFINITIONAL_REPRESENTATION('',(#3634),#3638);
#3634 = LINE('',#3635,#3636);
#3635 = CARTESIAN_POINT('',(0.,0.));
#3636 = VECTOR('',#3637,1.);
#3637 = DIRECTION('',(0.,-1.));
#3638 = ( GEOMETRIC_REPRESENTATION_CONTEXT(2) 
PARAMETRIC_REPRESENTATION_CONTEXT() REPRESENTATION_CONTEXT('2D SPACE',''
  ) );
#3639 = PCURVE('',#1966,#3640);
#3640 = DEFINITIONAL_REPRESENTATION('',(#3641),#3645);
#3641 = LINE('',#3642,#3643);
#3642 = CARTESIAN_POINT('',(16.,0.));
#3643 = VECTOR('',#3644,1.);
#3644 = DIRECTION('',(0.,-1.));
#3645 = ( GEOMETRIC_REPRESENTATION_CONTEXT(2) 
PARAMETRIC_REPRESENTATION_CONTEXT() REPRESENTATION_CONTEXT('2D SPACE',''
  ) );
#3646 = ORIENTED_EDGE('',*,*,#846,.T.);
#3647 = ORIENTED_EDGE('',*,*,#3648,.F.);
#3648 = EDGE_CURVE('',#3604,#847,#3649,.T.);
#3649 = SURFACE_CURVE('',#3650,(#3654,#3661),.PCURVE_S1.);
#3650 = LINE('',#3651,#3652);
#3651 = CARTESIAN_POINT('',(-61.11401958073,-48.85257629527,0.));
#3652 = VECTOR('',#3653,1.);
#3653 = DIRECTION('',(0.,0.,1.));
#3654 = PCURVE('',#862,#3655);
#3655 = DEFINITIONAL_REPRESENTATION('',(#3656),#3660);
#3656 = LINE('',#3657,#3658);
#3657 = CARTESIAN_POINT('',(36.192276066783,0.));
#3658 = VECTOR('',#3659,1.);
#3659 = DIRECTION('',(0.,-1.));
#3660 = ( GEOMETRIC_REPRESENTATION_CONTEXT(2) 
PARAMETRIC_REPRESENTATION_CONTEXT() REPRESENTATION_CONTEXT('2D SPACE',''
  ) );
#3661 = PCURVE('',#895,#3662);
#3662 = DEFINITIONAL_REPRESENTATION('',(#3663),#3667);
#3663 = LINE('',#3664,#3665);
#3664 = CARTESIAN_POINT('',(3.8159479583,0.));
#3665 = VECTOR('',#3666,1.);
#3666 = DIRECTION('',(0.,1.));
#3667 = ( GEOMETRIC_REPRESENTATION_CONTEXT(2) 
PARAMETRIC_REPRESENTATION_CONTEXT() REPRESENTATION_CONTEXT('2D SPACE',''
  ) );
#3668 = ADVANCED_FACE('',(#3669),#1142,.F.);
#3669 = FACE_BOUND('',#3670,.F.);
#3670 = EDGE_LOOP('',(#3671,#3696,#3717,#3718));
#3671 = ORIENTED_EDGE('',*,*,#3672,.F.);
#3672 = EDGE_CURVE('',#3673,#3675,#3677,.T.);
#3673 = VERTEX_POINT('',#3674);
#3674 = CARTESIAN_POINT('',(11.750562321657,77.352581631933,0.));
#3675 = VERTEX_POINT('',#3676);
#3676 = CARTESIAN_POINT('',(8.,113.35,0.));
#3677 = SURFACE_CURVE('',#3678,(#3682,#3689),.PCURVE_S1.);
#3678 = LINE('',#3679,#3680);
#3679 = CARTESIAN_POINT('',(12.7,68.24,0.));
#3680 = VECTOR('',#3681,1.);
#3681 = DIRECTION('',(-0.103628805073,0.994616041877,0.));
#3682 = PCURVE('',#1142,#3683);
#3683 = DEFINITIONAL_REPRESENTATION('',(#3684),#3688);
#3684 = LINE('',#3685,#3686);
#3685 = CARTESIAN_POINT('',(0.,0.));
#3686 = VECTOR('',#3687,1.);
#3687 = DIRECTION('',(1.,0.));
#3688 = ( GEOMETRIC_REPRESENTATION_CONTEXT(2) 
PARAMETRIC_REPRESENTATION_CONTEXT() REPRESENTATION_CONTEXT('2D SPACE',''
  ) );
#3689 = PCURVE('',#1890,#3690);
#3690 = DEFINITIONAL_REPRESENTATION('',(#3691),#3695);
#3691 = LINE('',#3692,#3693);
#3692 = CARTESIAN_POINT('',(89.940916772668,112.83506409115));
#3693 = VECTOR('',#3694,1.);
#3694 = DIRECTION('',(-0.103628805073,0.994616041877));
#3695 = ( GEOMETRIC_REPRESENTATION_CONTEXT(2) 
PARAMETRIC_REPRESENTATION_CONTEXT() REPRESENTATION_CONTEXT('2D SPACE',''
  ) );
#3696 = ORIENTED_EDGE('',*,*,#3697,.T.);
#3697 = EDGE_CURVE('',#3673,#1094,#3698,.T.);
#3698 = SURFACE_CURVE('',#3699,(#3703,#3710),.PCURVE_S1.);
#3699 = LINE('',#3700,#3701);
#3700 = CARTESIAN_POINT('',(11.750562321656,77.352581631933,0.));
#3701 = VECTOR('',#3702,1.);
#3702 = DIRECTION('',(0.,0.,1.));
#3703 = PCURVE('',#1142,#3704);
#3704 = DEFINITIONAL_REPRESENTATION('',(#3705),#3709);
#3705 = LINE('',#3706,#3707);
#3706 = CARTESIAN_POINT('',(9.161908966133,0.));
#3707 = VECTOR('',#3708,1.);
#3708 = DIRECTION('',(0.,-1.));
#3709 = ( GEOMETRIC_REPRESENTATION_CONTEXT(2) 
PARAMETRIC_REPRESENTATION_CONTEXT() REPRESENTATION_CONTEXT('2D SPACE',''
  ) );
#3710 = PCURVE('',#1114,#3711);
#3711 = DEFINITIONAL_REPRESENTATION('',(#3712),#3716);
#3712 = LINE('',#3713,#3714);
#3713 = CARTESIAN_POINT('',(7.703225104863,0.));
#3714 = VECTOR('',#3715,1.);
#3715 = DIRECTION('',(0.,1.));
#3716 = ( GEOMETRIC_REPRESENTATION_CONTEXT(2) 
PARAMETRIC_REPRESENTATION_CONTEXT() REPRESENTATION_CONTEXT('2D SPACE',''
  ) );
#3717 = ORIENTED_EDGE('',*,*,#1126,.T.);
#3718 = ORIENTED_EDGE('',*,*,#3719,.F.);
#3719 = EDGE_CURVE('',#3675,#1127,#3720,.T.);
#3720 = SURFACE_CURVE('',#3721,(#3725,#3732),.PCURVE_S1.);
#3721 = LINE('',#3722,#3723);
#3722 = CARTESIAN_POINT('',(8.,113.35,0.));
#3723 = VECTOR('',#3724,1.);
#3724 = DIRECTION('',(0.,0.,1.));
#3725 = PCURVE('',#1142,#3726);
#3726 = DEFINITIONAL_REPRESENTATION('',(#3727),#3731);
#3727 = LINE('',#3728,#3729);
#3728 = CARTESIAN_POINT('',(45.354185032916,0.));
#3729 = VECTOR('',#3730,1.);
#3730 = DIRECTION('',(0.,-1.));
#3731 = ( GEOMETRIC_REPRESENTATION_CONTEXT(2) 
PARAMETRIC_REPRESENTATION_CONTEXT() REPRESENTATION_CONTEXT('2D SPACE',''
  ) );
#3732 = PCURVE('',#2018,#3733);
#3733 = DEFINITIONAL_REPRESENTATION('',(#3734),#3738);
#3734 = LINE('',#3735,#3736);
#3735 = CARTESIAN_POINT('',(0.,-0.));
#3736 = VECTOR('',#3737,1.);
#3737 = DIRECTION('',(0.,-1.));
#3738 = ( GEOMETRIC_REPRESENTATION_CONTEXT(2) 
PARAMETRIC_REPRESENTATION_CONTEXT() REPRESENTATION_CONTEXT('2D SPACE',''
  ) );
#3739 = ADVANCED_FACE('',(#3740),#895,.T.);
#3740 = FACE_BOUND('',#3741,.T.);
#3741 = EDGE_LOOP('',(#3742,#3743,#3767,#3788));
#3742 = ORIENTED_EDGE('',*,*,#3648,.F.);
#3743 = ORIENTED_EDGE('',*,*,#3744,.T.);
#3744 = EDGE_CURVE('',#3604,#3745,#3747,.T.);
#3745 = VERTEX_POINT('',#3746);
#3746 = CARTESIAN_POINT('',(61.114019580738,-48.85257629527,0.));
#3747 = SURFACE_CURVE('',#3748,(#3753,#3760),.PCURVE_S1.);
#3748 = CIRCLE('',#3749,78.24);
#3749 = AXIS2_PLACEMENT_3D('',#3750,#3751,#3752);
#3750 = CARTESIAN_POINT('',(0.,0.,0.));
#3751 = DIRECTION('',(0.,0.,1.));
#3752 = DIRECTION('',(-0.150186123743,0.988657740694,0.));
#3753 = PCURVE('',#895,#3754);
#3754 = DEFINITIONAL_REPRESENTATION('',(#3755),#3759);
#3755 = LINE('',#3756,#3757);
#3756 = CARTESIAN_POINT('',(1.721552855907,0.));
#3757 = VECTOR('',#3758,1.);
#3758 = DIRECTION('',(1.,0.));
#3759 = ( GEOMETRIC_REPRESENTATION_CONTEXT(2) 
PARAMETRIC_REPRESENTATION_CONTEXT() REPRESENTATION_CONTEXT('2D SPACE',''
  ) );
#3760 = PCURVE('',#1890,#3761);
#3761 = DEFINITIONAL_REPRESENTATION('',(#3762),#3766);
#3762 = CIRCLE('',#3763,78.24);
#3763 = AXIS2_PLACEMENT_2D('',#3764,#3765);
#3764 = CARTESIAN_POINT('',(77.240916772668,44.595064091154));
#3765 = DIRECTION('',(-0.150186123743,0.988657740694));
#3766 = ( GEOMETRIC_REPRESENTATION_CONTEXT(2) 
PARAMETRIC_REPRESENTATION_CONTEXT() REPRESENTATION_CONTEXT('2D SPACE',''
  ) );
#3767 = ORIENTED_EDGE('',*,*,#3768,.T.);
#3768 = EDGE_CURVE('',#3745,#875,#3769,.T.);
#3769 = SURFACE_CURVE('',#3770,(#3774,#3781),.PCURVE_S1.);
#3770 = LINE('',#3771,#3772);
#3771 = CARTESIAN_POINT('',(61.114019580735,-48.85257629527,0.));
#3772 = VECTOR('',#3773,1.);
#3773 = DIRECTION('',(0.,0.,1.));
#3774 = PCURVE('',#895,#3775);
#3775 = DEFINITIONAL_REPRESENTATION('',(#3776),#3780);
#3776 = LINE('',#3777,#3778);
#3777 = CARTESIAN_POINT('',(5.60883000247,0.));
#3778 = VECTOR('',#3779,1.);
#3779 = DIRECTION('',(0.,1.));
#3780 = ( GEOMETRIC_REPRESENTATION_CONTEXT(2) 
PARAMETRIC_REPRESENTATION_CONTEXT() REPRESENTATION_CONTEXT('2D SPACE',''
  ) );
#3781 = PCURVE('',#923,#3782);
#3782 = DEFINITIONAL_REPRESENTATION('',(#3783),#3787);
#3783 = LINE('',#3784,#3785);
#3784 = CARTESIAN_POINT('',(9.161908966133,0.));
#3785 = VECTOR('',#3786,1.);
#3786 = DIRECTION('',(0.,-1.));
#3787 = ( GEOMETRIC_REPRESENTATION_CONTEXT(2) 
PARAMETRIC_REPRESENTATION_CONTEXT() REPRESENTATION_CONTEXT('2D SPACE',''
  ) );
#3788 = ORIENTED_EDGE('',*,*,#874,.T.);
#3789 = ADVANCED_FACE('',(#3790),#1114,.T.);
#3790 = FACE_BOUND('',#3791,.T.);
#3791 = EDGE_LOOP('',(#3792,#3815,#3837,#3838));
#3792 = ORIENTED_EDGE('',*,*,#3793,.F.);
#3793 = EDGE_CURVE('',#3794,#1066,#3796,.T.);
#3794 = VERTEX_POINT('',#3795);
#3795 = CARTESIAN_POINT('',(72.864581902392,-28.50000533665,0.));
#3796 = SURFACE_CURVE('',#3797,(#3801,#3808),.PCURVE_S1.);
#3797 = LINE('',#3798,#3799);
#3798 = CARTESIAN_POINT('',(72.864581902392,-28.50000533666,0.));
#3799 = VECTOR('',#3800,1.);
#3800 = DIRECTION('',(0.,0.,1.));
#3801 = PCURVE('',#1114,#3802);
#3802 = DEFINITIONAL_REPRESENTATION('',(#3803),#3807);
#3803 = LINE('',#3804,#3805);
#3804 = CARTESIAN_POINT('',(5.910343060693,0.));
#3805 = VECTOR('',#3806,1.);
#3806 = DIRECTION('',(0.,1.));
#3807 = ( GEOMETRIC_REPRESENTATION_CONTEXT(2) 
PARAMETRIC_REPRESENTATION_CONTEXT() REPRESENTATION_CONTEXT('2D SPACE',''
  ) );
#3808 = PCURVE('',#1081,#3809);
#3809 = DEFINITIONAL_REPRESENTATION('',(#3810),#3814);
#3810 = LINE('',#3811,#3812);
#3811 = CARTESIAN_POINT('',(36.192276066783,0.));
#3812 = VECTOR('',#3813,1.);
#3813 = DIRECTION('',(0.,-1.));
#3814 = ( GEOMETRIC_REPRESENTATION_CONTEXT(2) 
PARAMETRIC_REPRESENTATION_CONTEXT() REPRESENTATION_CONTEXT('2D SPACE',''
  ) );
#3815 = ORIENTED_EDGE('',*,*,#3816,.T.);
#3816 = EDGE_CURVE('',#3794,#3673,#3817,.T.);
#3817 = SURFACE_CURVE('',#3818,(#3823,#3830),.PCURVE_S1.);
#3818 = CIRCLE('',#3819,78.24);
#3819 = AXIS2_PLACEMENT_3D('',#3820,#3821,#3822);
#3820 = CARTESIAN_POINT('',(0.,0.,0.));
#3821 = DIRECTION('',(0.,0.,1.));
#3822 = DIRECTION('',(-0.150186123743,0.988657740694,0.));
#3823 = PCURVE('',#1114,#3824);
#3824 = DEFINITIONAL_REPRESENTATION('',(#3825),#3829);
#3825 = LINE('',#3826,#3827);
#3826 = CARTESIAN_POINT('',(1.721552855907,0.));
#3827 = VECTOR('',#3828,1.);
#3828 = DIRECTION('',(1.,0.));
#3829 = ( GEOMETRIC_REPRESENTATION_CONTEXT(2) 
PARAMETRIC_REPRESENTATION_CONTEXT() REPRESENTATION_CONTEXT('2D SPACE',''
  ) );
#3830 = PCURVE('',#1890,#3831);
#3831 = DEFINITIONAL_REPRESENTATION('',(#3832),#3836);
#3832 = CIRCLE('',#3833,78.24);
#3833 = AXIS2_PLACEMENT_2D('',#3834,#3835);
#3834 = CARTESIAN_POINT('',(77.240916772668,44.595064091154));
#3835 = DIRECTION('',(-0.150186123743,0.988657740694));
#3836 = ( GEOMETRIC_REPRESENTATION_CONTEXT(2) 
PARAMETRIC_REPRESENTATION_CONTEXT() REPRESENTATION_CONTEXT('2D SPACE',''
  ) );
#3837 = ORIENTED_EDGE('',*,*,#3697,.T.);
#3838 = ORIENTED_EDGE('',*,*,#1093,.T.);
#3839 = ADVANCED_FACE('',(#3840),#923,.F.);
#3840 = FACE_BOUND('',#3841,.F.);
#3841 = EDGE_LOOP('',(#3842,#3865,#3866,#3867));
#3842 = ORIENTED_EDGE('',*,*,#3843,.F.);
#3843 = EDGE_CURVE('',#3745,#3844,#3846,.T.);
#3844 = VERTEX_POINT('',#3845);
#3845 = CARTESIAN_POINT('',(94.163979518966,-63.60320323027,0.));
#3846 = SURFACE_CURVE('',#3847,(#3851,#3858),.PCURVE_S1.);
#3847 = LINE('',#3848,#3849);
#3848 = CARTESIAN_POINT('',(52.74757355425,-45.11852262806,0.));
#3849 = VECTOR('',#3850,1.);
#3850 = DIRECTION('',(0.913177161813,-0.407562843182,-0.));
#3851 = PCURVE('',#923,#3852);
#3852 = DEFINITIONAL_REPRESENTATION('',(#3853),#3857);
#3853 = LINE('',#3854,#3855);
#3854 = CARTESIAN_POINT('',(0.,0.));
#3855 = VECTOR('',#3856,1.);
#3856 = DIRECTION('',(1.,0.));
#3857 = ( GEOMETRIC_REPRESENTATION_CONTEXT(2) 
PARAMETRIC_REPRESENTATION_CONTEXT() REPRESENTATION_CONTEXT('2D SPACE',''
  ) );
#3858 = PCURVE('',#1890,#3859);
#3859 = DEFINITIONAL_REPRESENTATION('',(#3860),#3864);
#3860 = LINE('',#3861,#3862);
#3861 = CARTESIAN_POINT('',(129.98849032691,-0.523458536909));
#3862 = VECTOR('',#3863,1.);
#3863 = DIRECTION('',(0.913177161813,-0.407562843182));
#3864 = ( GEOMETRIC_REPRESENTATION_CONTEXT(2) 
PARAMETRIC_REPRESENTATION_CONTEXT() REPRESENTATION_CONTEXT('2D SPACE',''
  ) );
#3865 = ORIENTED_EDGE('',*,*,#3768,.T.);
#3866 = ORIENTED_EDGE('',*,*,#907,.T.);
#3867 = ORIENTED_EDGE('',*,*,#3868,.F.);
#3868 = EDGE_CURVE('',#3844,#908,#3869,.T.);
#3869 = SURFACE_CURVE('',#3870,(#3874,#3881),.PCURVE_S1.);
#3870 = LINE('',#3871,#3872);
#3871 = CARTESIAN_POINT('',(94.163979518966,-63.60320323027,0.));
#3872 = VECTOR('',#3873,1.);
#3873 = DIRECTION('',(0.,0.,1.));
#3874 = PCURVE('',#923,#3875);
#3875 = DEFINITIONAL_REPRESENTATION('',(#3876),#3880);
#3876 = LINE('',#3877,#3878);
#3877 = CARTESIAN_POINT('',(45.354185032916,0.));
#3878 = VECTOR('',#3879,1.);
#3879 = DIRECTION('',(0.,-1.));
#3880 = ( GEOMETRIC_REPRESENTATION_CONTEXT(2) 
PARAMETRIC_REPRESENTATION_CONTEXT() REPRESENTATION_CONTEXT('2D SPACE',''
  ) );
#3881 = PCURVE('',#3882,#3887);
#3882 = PLANE('',#3883);
#3883 = AXIS2_PLACEMENT_3D('',#3884,#3885,#3886);
#3884 = CARTESIAN_POINT('',(94.163979518966,-63.60320323027,0.));
#3885 = DIRECTION('',(-0.866025403784,0.5,0.));
#3886 = DIRECTION('',(0.5,0.866025403784,0.));
#3887 = DEFINITIONAL_REPRESENTATION('',(#3888),#3892);
#3888 = LINE('',#3889,#3890);
#3889 = CARTESIAN_POINT('',(0.,0.));
#3890 = VECTOR('',#3891,1.);
#3891 = DIRECTION('',(0.,-1.));
#3892 = ( GEOMETRIC_REPRESENTATION_CONTEXT(2) 
PARAMETRIC_REPRESENTATION_CONTEXT() REPRESENTATION_CONTEXT('2D SPACE',''
  ) );
#3893 = ADVANCED_FACE('',(#3894),#1081,.F.);
#3894 = FACE_BOUND('',#3895,.F.);
#3895 = EDGE_LOOP('',(#3896,#3919,#3940,#3941));
#3896 = ORIENTED_EDGE('',*,*,#3897,.F.);
#3897 = EDGE_CURVE('',#3898,#3794,#3900,.T.);
#3898 = VERTEX_POINT('',#3899);
#3899 = CARTESIAN_POINT('',(102.16397951896,-49.74679676972,0.));
#3900 = SURFACE_CURVE('',#3901,(#3905,#3912),.PCURVE_S1.);
#3901 = LINE('',#3902,#3903);
#3902 = CARTESIAN_POINT('',(102.16397951896,-49.74679676972,0.));
#3903 = VECTOR('',#3904,1.);
#3904 = DIRECTION('',(-0.809548356741,0.587053198695,0.));
#3905 = PCURVE('',#1081,#3906);
#3906 = DEFINITIONAL_REPRESENTATION('',(#3907),#3911);
#3907 = LINE('',#3908,#3909);
#3908 = CARTESIAN_POINT('',(0.,0.));
#3909 = VECTOR('',#3910,1.);
#3910 = DIRECTION('',(1.,0.));
#3911 = ( GEOMETRIC_REPRESENTATION_CONTEXT(2) 
PARAMETRIC_REPRESENTATION_CONTEXT() REPRESENTATION_CONTEXT('2D SPACE',''
  ) );
#3912 = PCURVE('',#1890,#3913);
#3913 = DEFINITIONAL_REPRESENTATION('',(#3914),#3918);
#3914 = LINE('',#3915,#3916);
#3915 = CARTESIAN_POINT('',(179.40489629163,-5.151732678571));
#3916 = VECTOR('',#3917,1.);
#3917 = DIRECTION('',(-0.809548356741,0.587053198695));
#3918 = ( GEOMETRIC_REPRESENTATION_CONTEXT(2) 
PARAMETRIC_REPRESENTATION_CONTEXT() REPRESENTATION_CONTEXT('2D SPACE',''
  ) );
#3919 = ORIENTED_EDGE('',*,*,#3920,.T.);
#3920 = EDGE_CURVE('',#3898,#1038,#3921,.T.);
#3921 = SURFACE_CURVE('',#3922,(#3926,#3933),.PCURVE_S1.);
#3922 = LINE('',#3923,#3924);
#3923 = CARTESIAN_POINT('',(102.16397951896,-49.74679676972,0.));
#3924 = VECTOR('',#3925,1.);
#3925 = DIRECTION('',(0.,0.,1.));
#3926 = PCURVE('',#1081,#3927);
#3927 = DEFINITIONAL_REPRESENTATION('',(#3928),#3932);
#3928 = LINE('',#3929,#3930);
#3929 = CARTESIAN_POINT('',(0.,0.));
#3930 = VECTOR('',#3931,1.);
#3931 = DIRECTION('',(0.,-1.));
#3932 = ( GEOMETRIC_REPRESENTATION_CONTEXT(2) 
PARAMETRIC_REPRESENTATION_CONTEXT() REPRESENTATION_CONTEXT('2D SPACE',''
  ) );
#3933 = PCURVE('',#3882,#3934);
#3934 = DEFINITIONAL_REPRESENTATION('',(#3935),#3939);
#3935 = LINE('',#3936,#3937);
#3936 = CARTESIAN_POINT('',(16.,0.));
#3937 = VECTOR('',#3938,1.);
#3938 = DIRECTION('',(0.,-1.));
#3939 = ( GEOMETRIC_REPRESENTATION_CONTEXT(2) 
PARAMETRIC_REPRESENTATION_CONTEXT() REPRESENTATION_CONTEXT('2D SPACE',''
  ) );
#3940 = ORIENTED_EDGE('',*,*,#1065,.T.);
#3941 = ORIENTED_EDGE('',*,*,#3793,.F.);
#3942 = ADVANCED_FACE('',(#3943),#951,.F.);
#3943 = FACE_BOUND('',#3944,.F.);
#3944 = EDGE_LOOP('',(#3945,#3946,#3969,#3997,#4018));
#3945 = ORIENTED_EDGE('',*,*,#1822,.F.);
#3946 = ORIENTED_EDGE('',*,*,#3947,.T.);
#3947 = EDGE_CURVE('',#1800,#3948,#3950,.T.);
#3948 = VERTEX_POINT('',#3949);
#3949 = CARTESIAN_POINT('',(84.637700077337,-58.10320323027,48.8));
#3950 = SURFACE_CURVE('',#3951,(#3955,#3962),.PCURVE_S1.);
#3951 = LINE('',#3952,#3953);
#3952 = CARTESIAN_POINT('',(84.637700077337,-58.10320323027,0.));
#3953 = VECTOR('',#3954,1.);
#3954 = DIRECTION('',(0.,0.,1.));
#3955 = PCURVE('',#951,#3956);
#3956 = DEFINITIONAL_REPRESENTATION('',(#3957),#3961);
#3957 = LINE('',#3958,#3959);
#3958 = CARTESIAN_POINT('',(-6.99,3.));
#3959 = VECTOR('',#3960,1.);
#3960 = DIRECTION('',(1.,0.));
#3961 = ( GEOMETRIC_REPRESENTATION_CONTEXT(2) 
PARAMETRIC_REPRESENTATION_CONTEXT() REPRESENTATION_CONTEXT('2D SPACE',''
  ) );
#3962 = PCURVE('',#1659,#3963);
#3963 = DEFINITIONAL_REPRESENTATION('',(#3964),#3968);
#3964 = LINE('',#3965,#3966);
#3965 = CARTESIAN_POINT('',(16.,0.));
#3966 = VECTOR('',#3967,1.);
#3967 = DIRECTION('',(0.,-1.));
#3968 = ( GEOMETRIC_REPRESENTATION_CONTEXT(2) 
PARAMETRIC_REPRESENTATION_CONTEXT() REPRESENTATION_CONTEXT('2D SPACE',''
  ) );
#3969 = ORIENTED_EDGE('',*,*,#3970,.T.);
#3970 = EDGE_CURVE('',#3948,#3971,#3973,.T.);
#3971 = VERTEX_POINT('',#3972);
#3972 = CARTESIAN_POINT('',(94.163979518966,-63.60320323027,48.8));
#3973 = SURFACE_CURVE('',#3974,(#3978,#3985),.PCURVE_S1.);
#3974 = LINE('',#3975,#3976);
#3975 = CARTESIAN_POINT('',(84.637700077337,-58.10320323027,48.8));
#3976 = VECTOR('',#3977,1.);
#3977 = DIRECTION('',(0.866025403784,-0.5,-0.));
#3978 = PCURVE('',#951,#3979);
#3979 = DEFINITIONAL_REPRESENTATION('',(#3980),#3984);
#3980 = LINE('',#3981,#3982);
#3981 = CARTESIAN_POINT('',(41.81,3.));
#3982 = VECTOR('',#3983,1.);
#3983 = DIRECTION('',(0.,1.));
#3984 = ( GEOMETRIC_REPRESENTATION_CONTEXT(2) 
PARAMETRIC_REPRESENTATION_CONTEXT() REPRESENTATION_CONTEXT('2D SPACE',''
  ) );
#3985 = PCURVE('',#3986,#3991);
#3986 = PLANE('',#3987);
#3987 = AXIS2_PLACEMENT_3D('',#3988,#3989,#3990);
#3988 = CARTESIAN_POINT('',(93.400839798152,-53.925,48.8));
#3989 = DIRECTION('',(0.,0.,1.));
#3990 = DIRECTION('',(1.,0.,-0.));
#3991 = DEFINITIONAL_REPRESENTATION('',(#3992),#3996);
#3992 = LINE('',#3993,#3994);
#3993 = CARTESIAN_POINT('',(-8.763139720814,-4.178203230276));
#3994 = VECTOR('',#3995,1.);
#3995 = DIRECTION('',(0.866025403784,-0.5));
#3996 = ( GEOMETRIC_REPRESENTATION_CONTEXT(2) 
PARAMETRIC_REPRESENTATION_CONTEXT() REPRESENTATION_CONTEXT('2D SPACE',''
  ) );
#3997 = ORIENTED_EDGE('',*,*,#3998,.F.);
#3998 = EDGE_CURVE('',#908,#3971,#3999,.T.);
#3999 = SURFACE_CURVE('',#4000,(#4004,#4011),.PCURVE_S1.);
#4000 = LINE('',#4001,#4002);
#4001 = CARTESIAN_POINT('',(94.163979518966,-63.60320323027,0.));
#4002 = VECTOR('',#4003,1.);
#4003 = DIRECTION('',(0.,0.,1.));
#4004 = PCURVE('',#951,#4005);
#4005 = DEFINITIONAL_REPRESENTATION('',(#4006),#4010);
#4006 = LINE('',#4007,#4008);
#4007 = CARTESIAN_POINT('',(-6.99,14.));
#4008 = VECTOR('',#4009,1.);
#4009 = DIRECTION('',(1.,0.));
#4010 = ( GEOMETRIC_REPRESENTATION_CONTEXT(2) 
PARAMETRIC_REPRESENTATION_CONTEXT() REPRESENTATION_CONTEXT('2D SPACE',''
  ) );
#4011 = PCURVE('',#3882,#4012);
#4012 = DEFINITIONAL_REPRESENTATION('',(#4013),#4017);
#4013 = LINE('',#4014,#4015);
#4014 = CARTESIAN_POINT('',(0.,0.));
#4015 = VECTOR('',#4016,1.);
#4016 = DIRECTION('',(0.,-1.));
#4017 = ( GEOMETRIC_REPRESENTATION_CONTEXT(2) 
PARAMETRIC_REPRESENTATION_CONTEXT() REPRESENTATION_CONTEXT('2D SPACE',''
  ) );
#4018 = ORIENTED_EDGE('',*,*,#935,.T.);
#4019 = ADVANCED_FACE('',(#4020),#1053,.F.);
#4020 = FACE_BOUND('',#4021,.F.);
#4021 = EDGE_LOOP('',(#4022,#4047,#4073,#4074,#4097));
#4022 = ORIENTED_EDGE('',*,*,#4023,.F.);
#4023 = EDGE_CURVE('',#4024,#4026,#4028,.T.);
#4024 = VERTEX_POINT('',#4025);
#4025 = CARTESIAN_POINT('',(92.637700077337,-44.24679676972,10.));
#4026 = VERTEX_POINT('',#4027);
#4027 = CARTESIAN_POINT('',(92.637700077337,-44.24679676972,48.8));
#4028 = SURFACE_CURVE('',#4029,(#4033,#4040),.PCURVE_S1.);
#4029 = LINE('',#4030,#4031);
#4030 = CARTESIAN_POINT('',(92.637700077337,-44.24679676972,0.));
#4031 = VECTOR('',#4032,1.);
#4032 = DIRECTION('',(0.,0.,1.));
#4033 = PCURVE('',#1053,#4034);
#4034 = DEFINITIONAL_REPRESENTATION('',(#4035),#4039);
#4035 = LINE('',#4036,#4037);
#4036 = CARTESIAN_POINT('',(11.,0.));
#4037 = VECTOR('',#4038,1.);
#4038 = DIRECTION('',(0.,-1.));
#4039 = ( GEOMETRIC_REPRESENTATION_CONTEXT(2) 
PARAMETRIC_REPRESENTATION_CONTEXT() REPRESENTATION_CONTEXT('2D SPACE',''
  ) );
#4040 = PCURVE('',#1659,#4041);
#4041 = DEFINITIONAL_REPRESENTATION('',(#4042),#4046);
#4042 = LINE('',#4043,#4044);
#4043 = CARTESIAN_POINT('',(0.,0.));
#4044 = VECTOR('',#4045,1.);
#4045 = DIRECTION('',(0.,-1.));
#4046 = ( GEOMETRIC_REPRESENTATION_CONTEXT(2) 
PARAMETRIC_REPRESENTATION_CONTEXT() REPRESENTATION_CONTEXT('2D SPACE',''
  ) );
#4047 = ORIENTED_EDGE('',*,*,#4048,.T.);
#4048 = EDGE_CURVE('',#4024,#1010,#4049,.T.);
#4049 = SURFACE_CURVE('',#4050,(#4055,#4066),.PCURVE_S1.);
#4050 = CIRCLE('',#4051,3.);
#4051 = AXIS2_PLACEMENT_3D('',#4052,#4053,#4054);
#4052 = CARTESIAN_POINT('',(90.039623865984,-42.74679676972,10.));
#4053 = DIRECTION('',(0.5,0.866025403784,-0.));
#4054 = DIRECTION('',(0.,0.,1.));
#4055 = PCURVE('',#1053,#4056);
#4056 = DEFINITIONAL_REPRESENTATION('',(#4057),#4065);
#4057 = ( BOUNDED_CURVE() B_SPLINE_CURVE(2,(#4058,#4059,#4060,#4061,
#4062,#4063,#4064),.UNSPECIFIED.,.T.,.F.) B_SPLINE_CURVE_WITH_KNOTS((1,2
    ,2,2,2,1),(-2.094395102393,0.,2.094395102393,4.188790204786,
6.28318530718,8.377580409573),.UNSPECIFIED.) CURVE() 
GEOMETRIC_REPRESENTATION_ITEM() RATIONAL_B_SPLINE_CURVE((1.,0.5,1.,0.5,
1.,0.5,1.)) REPRESENTATION_ITEM('') );
#4058 = CARTESIAN_POINT('',(14.,-13.));
#4059 = CARTESIAN_POINT('',(8.803847577293,-13.));
#4060 = CARTESIAN_POINT('',(11.401923788647,-8.5));
#4061 = CARTESIAN_POINT('',(14.,-4.));
#4062 = CARTESIAN_POINT('',(16.598076211353,-8.5));
#4063 = CARTESIAN_POINT('',(19.196152422707,-13.));
#4064 = CARTESIAN_POINT('',(14.,-13.));
#4065 = ( GEOMETRIC_REPRESENTATION_CONTEXT(2) 
PARAMETRIC_REPRESENTATION_CONTEXT() REPRESENTATION_CONTEXT('2D SPACE',''
  ) );
#4066 = PCURVE('',#1025,#4067);
#4067 = DEFINITIONAL_REPRESENTATION('',(#4068),#4072);
#4068 = LINE('',#4069,#4070);
#4069 = CARTESIAN_POINT('',(0.,17.));
#4070 = VECTOR('',#4071,1.);
#4071 = DIRECTION('',(1.,0.));
#4072 = ( GEOMETRIC_REPRESENTATION_CONTEXT(2) 
PARAMETRIC_REPRESENTATION_CONTEXT() REPRESENTATION_CONTEXT('2D SPACE',''
  ) );
#4073 = ORIENTED_EDGE('',*,*,#1037,.T.);
#4074 = ORIENTED_EDGE('',*,*,#4075,.T.);
#4075 = EDGE_CURVE('',#1038,#4076,#4078,.T.);
#4076 = VERTEX_POINT('',#4077);
#4077 = CARTESIAN_POINT('',(102.16397951896,-49.74679676972,48.8));
#4078 = SURFACE_CURVE('',#4079,(#4083,#4090),.PCURVE_S1.);
#4079 = LINE('',#4080,#4081);
#4080 = CARTESIAN_POINT('',(102.16397951896,-49.74679676972,0.));
#4081 = VECTOR('',#4082,1.);
#4082 = DIRECTION('',(0.,0.,1.));
#4083 = PCURVE('',#1053,#4084);
#4084 = DEFINITIONAL_REPRESENTATION('',(#4085),#4089);
#4085 = LINE('',#4086,#4087);
#4086 = CARTESIAN_POINT('',(0.,0.));
#4087 = VECTOR('',#4088,1.);
#4088 = DIRECTION('',(0.,-1.));
#4089 = ( GEOMETRIC_REPRESENTATION_CONTEXT(2) 
PARAMETRIC_REPRESENTATION_CONTEXT() REPRESENTATION_CONTEXT('2D SPACE',''
  ) );
#4090 = PCURVE('',#3882,#4091);
#4091 = DEFINITIONAL_REPRESENTATION('',(#4092),#4096);
#4092 = LINE('',#4093,#4094);
#4093 = CARTESIAN_POINT('',(16.,0.));
#4094 = VECTOR('',#4095,1.);
#4095 = DIRECTION('',(0.,-1.));
#4096 = ( GEOMETRIC_REPRESENTATION_CONTEXT(2) 
PARAMETRIC_REPRESENTATION_CONTEXT() REPRESENTATION_CONTEXT('2D SPACE',''
  ) );
#4097 = ORIENTED_EDGE('',*,*,#4098,.T.);
#4098 = EDGE_CURVE('',#4076,#4026,#4099,.T.);
#4099 = SURFACE_CURVE('',#4100,(#4104,#4111),.PCURVE_S1.);
#4100 = LINE('',#4101,#4102);
#4101 = CARTESIAN_POINT('',(102.16397951896,-49.74679676972,48.8));
#4102 = VECTOR('',#4103,1.);
#4103 = DIRECTION('',(-0.866025403784,0.5,0.));
#4104 = PCURVE('',#1053,#4105);
#4105 = DEFINITIONAL_REPRESENTATION('',(#4106),#4110);
#4106 = LINE('',#4107,#4108);
#4107 = CARTESIAN_POINT('',(0.,-48.8));
#4108 = VECTOR('',#4109,1.);
#4109 = DIRECTION('',(1.,0.));
#4110 = ( GEOMETRIC_REPRESENTATION_CONTEXT(2) 
PARAMETRIC_REPRESENTATION_CONTEXT() REPRESENTATION_CONTEXT('2D SPACE',''
  ) );
#4111 = PCURVE('',#3986,#4112);
#4112 = DEFINITIONAL_REPRESENTATION('',(#4113),#4117);
#4113 = LINE('',#4114,#4115);
#4114 = CARTESIAN_POINT('',(8.763139720814,4.178203230275));
#4115 = VECTOR('',#4116,1.);
#4116 = DIRECTION('',(-0.866025403784,0.5));
#4117 = ( GEOMETRIC_REPRESENTATION_CONTEXT(2) 
PARAMETRIC_REPRESENTATION_CONTEXT() REPRESENTATION_CONTEXT('2D SPACE',''
  ) );
#4118 = ADVANCED_FACE('',(#4119),#1025,.F.);
#4119 = FACE_BOUND('',#4120,.F.);
#4120 = EDGE_LOOP('',(#4121,#4142,#4143,#4144,#4145));
#4121 = ORIENTED_EDGE('',*,*,#4122,.F.);
#4122 = EDGE_CURVE('',#1616,#4024,#4123,.T.);
#4123 = SURFACE_CURVE('',#4124,(#4128,#4135),.PCURVE_S1.);
#4124 = LINE('',#4125,#4126);
#4125 = CARTESIAN_POINT('',(84.137700077337,-58.96922863406,10.));
#4126 = VECTOR('',#4127,1.);
#4127 = DIRECTION('',(0.5,0.866025403784,0.));
#4128 = PCURVE('',#1025,#4129);
#4129 = DEFINITIONAL_REPRESENTATION('',(#4130),#4134);
#4130 = LINE('',#4131,#4132);
#4131 = CARTESIAN_POINT('',(1.570796326795,0.));
#4132 = VECTOR('',#4133,1.);
#4133 = DIRECTION('',(0.,1.));
#4134 = ( GEOMETRIC_REPRESENTATION_CONTEXT(2) 
PARAMETRIC_REPRESENTATION_CONTEXT() REPRESENTATION_CONTEXT('2D SPACE',''
  ) );
#4135 = PCURVE('',#1659,#4136);
#4136 = DEFINITIONAL_REPRESENTATION('',(#4137),#4141);
#4137 = LINE('',#4138,#4139);
#4138 = CARTESIAN_POINT('',(17.,-10.));
#4139 = VECTOR('',#4140,1.);
#4140 = DIRECTION('',(-1.,0.));
#4141 = ( GEOMETRIC_REPRESENTATION_CONTEXT(2) 
PARAMETRIC_REPRESENTATION_CONTEXT() REPRESENTATION_CONTEXT('2D SPACE',''
  ) );
#4142 = ORIENTED_EDGE('',*,*,#1615,.T.);
#4143 = ORIENTED_EDGE('',*,*,#1529,.T.);
#4144 = ORIENTED_EDGE('',*,*,#1009,.T.);
#4145 = ORIENTED_EDGE('',*,*,#4048,.F.);
#4146 = ADVANCED_FACE('',(#4147),#1396,.F.);
#4147 = FACE_BOUND('',#4148,.F.);
#4148 = EDGE_LOOP('',(#4149,#4150,#4173,#4195));
#4149 = ORIENTED_EDGE('',*,*,#1379,.F.);
#4150 = ORIENTED_EDGE('',*,*,#4151,.F.);
#4151 = EDGE_CURVE('',#4152,#1380,#4154,.T.);
#4152 = VERTEX_POINT('',#4153);
#4153 = CARTESIAN_POINT('',(23.700635978195,-57.60759156162,0.));
#4154 = SEAM_CURVE('',#4155,(#4159,#4166),.PCURVE_S1.);
#4155 = LINE('',#4156,#4157);
#4156 = CARTESIAN_POINT('',(23.700635978195,-57.60759156162,-1.));
#4157 = VECTOR('',#4158,1.);
#4158 = DIRECTION('',(0.,0.,1.));
#4159 = PCURVE('',#1396,#4160);
#4160 = DEFINITIONAL_REPRESENTATION('',(#4161),#4165);
#4161 = LINE('',#4162,#4163);
#4162 = CARTESIAN_POINT('',(6.28318530718,-0.));
#4163 = VECTOR('',#4164,1.);
#4164 = DIRECTION('',(0.,1.));
#4165 = ( GEOMETRIC_REPRESENTATION_CONTEXT(2) 
PARAMETRIC_REPRESENTATION_CONTEXT() REPRESENTATION_CONTEXT('2D SPACE',''
  ) );
#4166 = PCURVE('',#1396,#4167);
#4167 = DEFINITIONAL_REPRESENTATION('',(#4168),#4172);
#4168 = LINE('',#4169,#4170);
#4169 = CARTESIAN_POINT('',(0.,-0.));
#4170 = VECTOR('',#4171,1.);
#4171 = DIRECTION('',(0.,1.));
#4172 = ( GEOMETRIC_REPRESENTATION_CONTEXT(2) 
PARAMETRIC_REPRESENTATION_CONTEXT() REPRESENTATION_CONTEXT('2D SPACE',''
  ) );
#4173 = ORIENTED_EDGE('',*,*,#4174,.T.);
#4174 = EDGE_CURVE('',#4152,#4152,#4175,.T.);
#4175 = SURFACE_CURVE('',#4176,(#4181,#4188),.PCURVE_S1.);
#4176 = CIRCLE('',#4177,16.);
#4177 = AXIS2_PLACEMENT_3D('',#4178,#4179,#4180);
#4178 = CARTESIAN_POINT('',(7.700635978195,-57.60759156162,0.));
#4179 = DIRECTION('',(0.,0.,1.));
#4180 = DIRECTION('',(1.,0.,-0.));
#4181 = PCURVE('',#1396,#4182);
#4182 = DEFINITIONAL_REPRESENTATION('',(#4183),#4187);
#4183 = LINE('',#4184,#4185);
#4184 = CARTESIAN_POINT('',(0.,1.));
#4185 = VECTOR('',#4186,1.);
#4186 = DIRECTION('',(1.,0.));
#4187 = ( GEOMETRIC_REPRESENTATION_CONTEXT(2) 
PARAMETRIC_REPRESENTATION_CONTEXT() REPRESENTATION_CONTEXT('2D SPACE',''
  ) );
#4188 = PCURVE('',#1890,#4189);
#4189 = DEFINITIONAL_REPRESENTATION('',(#4190),#4194);
#4190 = CIRCLE('',#4191,16.);
#4191 = AXIS2_PLACEMENT_2D('',#4192,#4193);
#4192 = CARTESIAN_POINT('',(84.941552750863,-13.01252747047));
#4193 = DIRECTION('',(1.,0.));
#4194 = ( GEOMETRIC_REPRESENTATION_CONTEXT(2) 
PARAMETRIC_REPRESENTATION_CONTEXT() REPRESENTATION_CONTEXT('2D SPACE',''
  ) );
#4195 = ORIENTED_EDGE('',*,*,#4151,.T.);
#4196 = ADVANCED_FACE('',(#4197),#1427,.F.);
#4197 = FACE_BOUND('',#4198,.F.);
#4198 = EDGE_LOOP('',(#4199,#4200,#4223,#4245));
#4199 = ORIENTED_EDGE('',*,*,#1410,.F.);
#4200 = ORIENTED_EDGE('',*,*,#4201,.F.);
#4201 = EDGE_CURVE('',#4202,#1411,#4204,.T.);
#4202 = VERTEX_POINT('',#4203);
#4203 = CARTESIAN_POINT('',(-37.7399557323,22.134849398401,0.));
#4204 = SEAM_CURVE('',#4205,(#4209,#4216),.PCURVE_S1.);
#4205 = LINE('',#4206,#4207);
#4206 = CARTESIAN_POINT('',(-37.7399557323,22.134849398401,-1.));
#4207 = VECTOR('',#4208,1.);
#4208 = DIRECTION('',(0.,0.,1.));
#4209 = PCURVE('',#1427,#4210);
#4210 = DEFINITIONAL_REPRESENTATION('',(#4211),#4215);
#4211 = LINE('',#4212,#4213);
#4212 = CARTESIAN_POINT('',(6.28318530718,-0.));
#4213 = VECTOR('',#4214,1.);
#4214 = DIRECTION('',(0.,1.));
#4215 = ( GEOMETRIC_REPRESENTATION_CONTEXT(2) 
PARAMETRIC_REPRESENTATION_CONTEXT() REPRESENTATION_CONTEXT('2D SPACE',''
  ) );
#4216 = PCURVE('',#1427,#4217);
#4217 = DEFINITIONAL_REPRESENTATION('',(#4218),#4222);
#4218 = LINE('',#4219,#4220);
#4219 = CARTESIAN_POINT('',(0.,-0.));
#4220 = VECTOR('',#4221,1.);
#4221 = DIRECTION('',(0.,1.));
#4222 = ( GEOMETRIC_REPRESENTATION_CONTEXT(2) 
PARAMETRIC_REPRESENTATION_CONTEXT() REPRESENTATION_CONTEXT('2D SPACE',''
  ) );
#4223 = ORIENTED_EDGE('',*,*,#4224,.T.);
#4224 = EDGE_CURVE('',#4202,#4202,#4225,.T.);
#4225 = SURFACE_CURVE('',#4226,(#4231,#4238),.PCURVE_S1.);
#4226 = CIRCLE('',#4227,16.);
#4227 = AXIS2_PLACEMENT_3D('',#4228,#4229,#4230);
#4228 = CARTESIAN_POINT('',(-53.7399557323,22.134849398401,0.));
#4229 = DIRECTION('',(0.,0.,1.));
#4230 = DIRECTION('',(1.,0.,-0.));
#4231 = PCURVE('',#1427,#4232);
#4232 = DEFINITIONAL_REPRESENTATION('',(#4233),#4237);
#4233 = LINE('',#4234,#4235);
#4234 = CARTESIAN_POINT('',(0.,1.));
#4235 = VECTOR('',#4236,1.);
#4236 = DIRECTION('',(1.,0.));
#4237 = ( GEOMETRIC_REPRESENTATION_CONTEXT(2) 
PARAMETRIC_REPRESENTATION_CONTEXT() REPRESENTATION_CONTEXT('2D SPACE',''
  ) );
#4238 = PCURVE('',#1890,#4239);
#4239 = DEFINITIONAL_REPRESENTATION('',(#4240),#4244);
#4240 = CIRCLE('',#4241,16.);
#4241 = AXIS2_PLACEMENT_2D('',#4242,#4243);
#4242 = CARTESIAN_POINT('',(23.500961040363,66.729913489554));
#4243 = DIRECTION('',(1.,0.));
#4244 = ( GEOMETRIC_REPRESENTATION_CONTEXT(2) 
PARAMETRIC_REPRESENTATION_CONTEXT() REPRESENTATION_CONTEXT('2D SPACE',''
  ) );
#4245 = ORIENTED_EDGE('',*,*,#4201,.T.);
#4246 = ADVANCED_FACE('',(#4247),#1458,.F.);
#4247 = FACE_BOUND('',#4248,.F.);
#4248 = EDGE_LOOP('',(#4249,#4250,#4273,#4295));
#4249 = ORIENTED_EDGE('',*,*,#1441,.F.);
#4250 = ORIENTED_EDGE('',*,*,#4251,.F.);
#4251 = EDGE_CURVE('',#4252,#1442,#4254,.T.);
#4252 = VERTEX_POINT('',#4253);
#4253 = CARTESIAN_POINT('',(38.,-9.30731567352E-15,0.));
#4254 = SEAM_CURVE('',#4255,(#4259,#4266),.PCURVE_S1.);
#4255 = LINE('',#4256,#4257);
#4256 = CARTESIAN_POINT('',(38.,-9.30731567352E-15,-1.));
#4257 = VECTOR('',#4258,1.);
#4258 = DIRECTION('',(0.,0.,1.));
#4259 = PCURVE('',#1458,#4260);
#4260 = DEFINITIONAL_REPRESENTATION('',(#4261),#4265);
#4261 = LINE('',#4262,#4263);
#4262 = CARTESIAN_POINT('',(6.28318530718,-0.));
#4263 = VECTOR('',#4264,1.);
#4264 = DIRECTION('',(0.,1.));
#4265 = ( GEOMETRIC_REPRESENTATION_CONTEXT(2) 
PARAMETRIC_REPRESENTATION_CONTEXT() REPRESENTATION_CONTEXT('2D SPACE',''
  ) );
#4266 = PCURVE('',#1458,#4267);
#4267 = DEFINITIONAL_REPRESENTATION('',(#4268),#4272);
#4268 = LINE('',#4269,#4270);
#4269 = CARTESIAN_POINT('',(0.,-0.));
#4270 = VECTOR('',#4271,1.);
#4271 = DIRECTION('',(0.,1.));
#4272 = ( GEOMETRIC_REPRESENTATION_CONTEXT(2) 
PARAMETRIC_REPRESENTATION_CONTEXT() REPRESENTATION_CONTEXT('2D SPACE',''
  ) );
#4273 = ORIENTED_EDGE('',*,*,#4274,.T.);
#4274 = EDGE_CURVE('',#4252,#4252,#4275,.T.);
#4275 = SURFACE_CURVE('',#4276,(#4281,#4288),.PCURVE_S1.);
#4276 = CIRCLE('',#4277,38.);
#4277 = AXIS2_PLACEMENT_3D('',#4278,#4279,#4280);
#4278 = CARTESIAN_POINT('',(0.,0.,0.));
#4279 = DIRECTION('',(0.,0.,1.));
#4280 = DIRECTION('',(1.,0.,-0.));
#4281 = PCURVE('',#1458,#4282);
#4282 = DEFINITIONAL_REPRESENTATION('',(#4283),#4287);
#4283 = LINE('',#4284,#4285);
#4284 = CARTESIAN_POINT('',(0.,1.));
#4285 = VECTOR('',#4286,1.);
#4286 = DIRECTION('',(1.,0.));
#4287 = ( GEOMETRIC_REPRESENTATION_CONTEXT(2) 
PARAMETRIC_REPRESENTATION_CONTEXT() REPRESENTATION_CONTEXT('2D SPACE',''
  ) );
#4288 = PCURVE('',#1890,#4289);
#4289 = DEFINITIONAL_REPRESENTATION('',(#4290),#4294);
#4290 = CIRCLE('',#4291,38.);
#4291 = AXIS2_PLACEMENT_2D('',#4292,#4293);
#4292 = CARTESIAN_POINT('',(77.240916772668,44.595064091154));
#4293 = DIRECTION('',(1.,0.));
#4294 = ( GEOMETRIC_REPRESENTATION_CONTEXT(2) 
PARAMETRIC_REPRESENTATION_CONTEXT() REPRESENTATION_CONTEXT('2D SPACE',''
  ) );
#4295 = ORIENTED_EDGE('',*,*,#4251,.T.);
#4296 = ADVANCED_FACE('',(#4297),#1489,.F.);
#4297 = FACE_BOUND('',#4298,.F.);
#4298 = EDGE_LOOP('',(#4299,#4300,#4323,#4345));
#4299 = ORIENTED_EDGE('',*,*,#1472,.F.);
#4300 = ORIENTED_EDGE('',*,*,#4301,.F.);
#4301 = EDGE_CURVE('',#4302,#1473,#4304,.T.);
#4302 = VERTEX_POINT('',#4303);
#4303 = CARTESIAN_POINT('',(62.03931975411,35.472742163227,0.));
#4304 = SEAM_CURVE('',#4305,(#4309,#4316),.PCURVE_S1.);
#4305 = LINE('',#4306,#4307);
#4306 = CARTESIAN_POINT('',(62.03931975411,35.472742163227,-1.));
#4307 = VECTOR('',#4308,1.);
#4308 = DIRECTION('',(0.,0.,1.));
#4309 = PCURVE('',#1489,#4310);
#4310 = DEFINITIONAL_REPRESENTATION('',(#4311),#4315);
#4311 = LINE('',#4312,#4313);
#4312 = CARTESIAN_POINT('',(6.28318530718,-0.));
#4313 = VECTOR('',#4314,1.);
#4314 = DIRECTION('',(0.,1.));
#4315 = ( GEOMETRIC_REPRESENTATION_CONTEXT(2) 
PARAMETRIC_REPRESENTATION_CONTEXT() REPRESENTATION_CONTEXT('2D SPACE',''
  ) );
#4316 = PCURVE('',#1489,#4317);
#4317 = DEFINITIONAL_REPRESENTATION('',(#4318),#4322);
#4318 = LINE('',#4319,#4320);
#4319 = CARTESIAN_POINT('',(0.,-0.));
#4320 = VECTOR('',#4321,1.);
#4321 = DIRECTION('',(0.,1.));
#4322 = ( GEOMETRIC_REPRESENTATION_CONTEXT(2) 
PARAMETRIC_REPRESENTATION_CONTEXT() REPRESENTATION_CONTEXT('2D SPACE',''
  ) );
#4323 = ORIENTED_EDGE('',*,*,#4324,.T.);
#4324 = EDGE_CURVE('',#4302,#4302,#4325,.T.);
#4325 = SURFACE_CURVE('',#4326,(#4331,#4338),.PCURVE_S1.);
#4326 = CIRCLE('',#4327,16.);
#4327 = AXIS2_PLACEMENT_3D('',#4328,#4329,#4330);
#4328 = CARTESIAN_POINT('',(46.03931975411,35.472742163227,0.));
#4329 = DIRECTION('',(0.,0.,1.));
#4330 = DIRECTION('',(1.,0.,-0.));
#4331 = PCURVE('',#1489,#4332);
#4332 = DEFINITIONAL_REPRESENTATION('',(#4333),#4337);
#4333 = LINE('',#4334,#4335);
#4334 = CARTESIAN_POINT('',(0.,1.));
#4335 = VECTOR('',#4336,1.);
#4336 = DIRECTION('',(1.,0.));
#4337 = ( GEOMETRIC_REPRESENTATION_CONTEXT(2) 
PARAMETRIC_REPRESENTATION_CONTEXT() REPRESENTATION_CONTEXT('2D SPACE',''
  ) );
#4338 = PCURVE('',#1890,#4339);
#4339 = DEFINITIONAL_REPRESENTATION('',(#4340),#4344);
#4340 = CIRCLE('',#4341,16.);
#4341 = AXIS2_PLACEMENT_2D('',#4342,#4343);
#4342 = CARTESIAN_POINT('',(123.28023652677,80.067806254381));
#4343 = DIRECTION('',(1.,0.));
#4344 = ( GEOMETRIC_REPRESENTATION_CONTEXT(2) 
PARAMETRIC_REPRESENTATION_CONTEXT() REPRESENTATION_CONTEXT('2D SPACE',''
  ) );
#4345 = ORIENTED_EDGE('',*,*,#4301,.T.);
#4346 = ADVANCED_FACE('',(#4347),#1659,.F.);
#4347 = FACE_BOUND('',#4348,.F.);
#4348 = EDGE_LOOP('',(#4349,#4350,#4351,#4352,#4353,#4354,#4355,#4356));
#4349 = ORIENTED_EDGE('',*,*,#3947,.F.);
#4350 = ORIENTED_EDGE('',*,*,#1799,.T.);
#4351 = ORIENTED_EDGE('',*,*,#1771,.T.);
#4352 = ORIENTED_EDGE('',*,*,#1719,.T.);
#4353 = ORIENTED_EDGE('',*,*,#1643,.F.);
#4354 = ORIENTED_EDGE('',*,*,#4122,.T.);
#4355 = ORIENTED_EDGE('',*,*,#4023,.T.);
#4356 = ORIENTED_EDGE('',*,*,#4357,.T.);
#4357 = EDGE_CURVE('',#4026,#3948,#4358,.T.);
#4358 = SURFACE_CURVE('',#4359,(#4363,#4370),.PCURVE_S1.);
#4359 = LINE('',#4360,#4361);
#4360 = CARTESIAN_POINT('',(92.637700077337,-44.24679676972,48.8));
#4361 = VECTOR('',#4362,1.);
#4362 = DIRECTION('',(-0.5,-0.866025403784,0.));
#4363 = PCURVE('',#1659,#4364);
#4364 = DEFINITIONAL_REPRESENTATION('',(#4365),#4369);
#4365 = LINE('',#4366,#4367);
#4366 = CARTESIAN_POINT('',(0.,-48.8));
#4367 = VECTOR('',#4368,1.);
#4368 = DIRECTION('',(1.,0.));
#4369 = ( GEOMETRIC_REPRESENTATION_CONTEXT(2) 
PARAMETRIC_REPRESENTATION_CONTEXT() REPRESENTATION_CONTEXT('2D SPACE',''
  ) );
#4370 = PCURVE('',#3986,#4371);
#4371 = DEFINITIONAL_REPRESENTATION('',(#4372),#4376);
#4372 = LINE('',#4373,#4374);
#4373 = CARTESIAN_POINT('',(-0.763139720814,9.678203230276));
#4374 = VECTOR('',#4375,1.);
#4375 = DIRECTION('',(-0.5,-0.866025403784));
#4376 = ( GEOMETRIC_REPRESENTATION_CONTEXT(2) 
PARAMETRIC_REPRESENTATION_CONTEXT() REPRESENTATION_CONTEXT('2D SPACE',''
  ) );
#4377 = ADVANCED_FACE('',(#4378,#4452,#4483,#4486,#4517,#4520,#4523,
    #4554),#1890,.F.);
#4378 = FACE_BOUND('',#4379,.F.);
#4379 = EDGE_LOOP('',(#4380,#4401,#4402,#4403,#4404,#4425,#4426,#4427,
    #4428,#4449,#4450,#4451));
#4380 = ORIENTED_EDGE('',*,*,#4381,.T.);
#4381 = EDGE_CURVE('',#3844,#3898,#4382,.T.);
#4382 = SURFACE_CURVE('',#4383,(#4387,#4394),.PCURVE_S1.);
#4383 = LINE('',#4384,#4385);
#4384 = CARTESIAN_POINT('',(94.163979518966,-63.60320323027,0.));
#4385 = VECTOR('',#4386,1.);
#4386 = DIRECTION('',(0.5,0.866025403784,0.));
#4387 = PCURVE('',#1890,#4388);
#4388 = DEFINITIONAL_REPRESENTATION('',(#4389),#4393);
#4389 = LINE('',#4390,#4391);
#4390 = CARTESIAN_POINT('',(171.40489629163,-19.00813913912));
#4391 = VECTOR('',#4392,1.);
#4392 = DIRECTION('',(0.5,0.866025403784));
#4393 = ( GEOMETRIC_REPRESENTATION_CONTEXT(2) 
PARAMETRIC_REPRESENTATION_CONTEXT() REPRESENTATION_CONTEXT('2D SPACE',''
  ) );
#4394 = PCURVE('',#3882,#4395);
#4395 = DEFINITIONAL_REPRESENTATION('',(#4396),#4400);
#4396 = LINE('',#4397,#4398);
#4397 = CARTESIAN_POINT('',(0.,0.));
#4398 = VECTOR('',#4399,1.);
#4399 = DIRECTION('',(1.,0.));
#4400 = ( GEOMETRIC_REPRESENTATION_CONTEXT(2) 
PARAMETRIC_REPRESENTATION_CONTEXT() REPRESENTATION_CONTEXT('2D SPACE',''
  ) );
#4401 = ORIENTED_EDGE('',*,*,#3897,.T.);
#4402 = ORIENTED_EDGE('',*,*,#3816,.T.);
#4403 = ORIENTED_EDGE('',*,*,#3672,.T.);
#4404 = ORIENTED_EDGE('',*,*,#4405,.T.);
#4405 = EDGE_CURVE('',#3675,#1982,#4406,.T.);
#4406 = SURFACE_CURVE('',#4407,(#4411,#4418),.PCURVE_S1.);
#4407 = LINE('',#4408,#4409);
#4408 = CARTESIAN_POINT('',(8.,113.35,0.));
#4409 = VECTOR('',#4410,1.);
#4410 = DIRECTION('',(-1.,0.,0.));
#4411 = PCURVE('',#1890,#4412);
#4412 = DEFINITIONAL_REPRESENTATION('',(#4413),#4417);
#4413 = LINE('',#4414,#4415);
#4414 = CARTESIAN_POINT('',(85.240916772668,157.94506409115));
#4415 = VECTOR('',#4416,1.);
#4416 = DIRECTION('',(-1.,0.));
#4417 = ( GEOMETRIC_REPRESENTATION_CONTEXT(2) 
PARAMETRIC_REPRESENTATION_CONTEXT() REPRESENTATION_CONTEXT('2D SPACE',''
  ) );
#4418 = PCURVE('',#2018,#4419);
#4419 = DEFINITIONAL_REPRESENTATION('',(#4420),#4424);
#4420 = LINE('',#4421,#4422);
#4421 = CARTESIAN_POINT('',(0.,-0.));
#4422 = VECTOR('',#4423,1.);
#4423 = DIRECTION('',(1.,0.));
#4424 = ( GEOMETRIC_REPRESENTATION_CONTEXT(2) 
PARAMETRIC_REPRESENTATION_CONTEXT() REPRESENTATION_CONTEXT('2D SPACE',''
  ) );
#4425 = ORIENTED_EDGE('',*,*,#1981,.T.);
#4426 = ORIENTED_EDGE('',*,*,#1873,.T.);
#4427 = ORIENTED_EDGE('',*,*,#1927,.T.);
#4428 = ORIENTED_EDGE('',*,*,#4429,.T.);
#4429 = EDGE_CURVE('',#1928,#3602,#4430,.T.);
#4430 = SURFACE_CURVE('',#4431,(#4435,#4442),.PCURVE_S1.);
#4431 = LINE('',#4432,#4433);
#4432 = CARTESIAN_POINT('',(-102.1639795189,-49.74679676972,0.));
#4433 = VECTOR('',#4434,1.);
#4434 = DIRECTION('',(0.5,-0.866025403784,-0.));
#4435 = PCURVE('',#1890,#4436);
#4436 = DEFINITIONAL_REPRESENTATION('',(#4437),#4441);
#4437 = LINE('',#4438,#4439);
#4438 = CARTESIAN_POINT('',(-24.92306274629,-5.151732678571));
#4439 = VECTOR('',#4440,1.);
#4440 = DIRECTION('',(0.5,-0.866025403784));
#4441 = ( GEOMETRIC_REPRESENTATION_CONTEXT(2) 
PARAMETRIC_REPRESENTATION_CONTEXT() REPRESENTATION_CONTEXT('2D SPACE',''
  ) );
#4442 = PCURVE('',#1966,#4443);
#4443 = DEFINITIONAL_REPRESENTATION('',(#4444),#4448);
#4444 = LINE('',#4445,#4446);
#4445 = CARTESIAN_POINT('',(0.,0.));
#4446 = VECTOR('',#4447,1.);
#4447 = DIRECTION('',(1.,0.));
#4448 = ( GEOMETRIC_REPRESENTATION_CONTEXT(2) 
PARAMETRIC_REPRESENTATION_CONTEXT() REPRESENTATION_CONTEXT('2D SPACE',''
  ) );
#4449 = ORIENTED_EDGE('',*,*,#3601,.T.);
#4450 = ORIENTED_EDGE('',*,*,#3744,.T.);
#4451 = ORIENTED_EDGE('',*,*,#3843,.T.);
#4452 = FACE_BOUND('',#4453,.F.);
#4453 = EDGE_LOOP('',(#4454));
#4454 = ORIENTED_EDGE('',*,*,#4455,.F.);
#4455 = EDGE_CURVE('',#4456,#4456,#4458,.T.);
#4456 = VERTEX_POINT('',#4457);
#4457 = CARTESIAN_POINT('',(-53.39231766592,-33.02,0.));
#4458 = SURFACE_CURVE('',#4459,(#4464,#4471),.PCURVE_S1.);
#4459 = CIRCLE('',#4460,3.8);
#4460 = AXIS2_PLACEMENT_3D('',#4461,#4462,#4463);
#4461 = CARTESIAN_POINT('',(-57.19231766592,-33.02,0.));
#4462 = DIRECTION('',(0.,0.,1.));
#4463 = DIRECTION('',(1.,0.,-0.));
#4464 = PCURVE('',#1890,#4465);
#4465 = DEFINITIONAL_REPRESENTATION('',(#4466),#4470);
#4466 = CIRCLE('',#4467,3.8);
#4467 = AXIS2_PLACEMENT_2D('',#4468,#4469);
#4468 = CARTESIAN_POINT('',(20.048599106744,11.575064091154));
#4469 = DIRECTION('',(1.,0.));
#4470 = ( GEOMETRIC_REPRESENTATION_CONTEXT(2) 
PARAMETRIC_REPRESENTATION_CONTEXT() REPRESENTATION_CONTEXT('2D SPACE',''
  ) );
#4471 = PCURVE('',#4472,#4477);
#4472 = CYLINDRICAL_SURFACE('',#4473,3.8);
#4473 = AXIS2_PLACEMENT_3D('',#4474,#4475,#4476);
#4474 = CARTESIAN_POINT('',(-57.19231766592,-33.02,-1.));
#4475 = DIRECTION('',(0.,0.,1.));
#4476 = DIRECTION('',(1.,0.,-0.));
#4477 = DEFINITIONAL_REPRESENTATION('',(#4478),#4482);
#4478 = LINE('',#4479,#4480);
#4479 = CARTESIAN_POINT('',(0.,1.));
#4480 = VECTOR('',#4481,1.);
#4481 = DIRECTION('',(1.,0.));
#4482 = ( GEOMETRIC_REPRESENTATION_CONTEXT(2) 
PARAMETRIC_REPRESENTATION_CONTEXT() REPRESENTATION_CONTEXT('2D SPACE',''
  ) );
#4483 = FACE_BOUND('',#4484,.F.);
#4484 = EDGE_LOOP('',(#4485));
#4485 = ORIENTED_EDGE('',*,*,#4174,.F.);
#4486 = FACE_BOUND('',#4487,.F.);
#4487 = EDGE_LOOP('',(#4488));
#4488 = ORIENTED_EDGE('',*,*,#4489,.F.);
#4489 = EDGE_CURVE('',#4490,#4490,#4492,.T.);
#4490 = VERTEX_POINT('',#4491);
#4491 = CARTESIAN_POINT('',(60.992317665924,-33.02,0.));
#4492 = SURFACE_CURVE('',#4493,(#4498,#4505),.PCURVE_S1.);
#4493 = CIRCLE('',#4494,3.8);
#4494 = AXIS2_PLACEMENT_3D('',#4495,#4496,#4497);
#4495 = CARTESIAN_POINT('',(57.192317665924,-33.02,0.));
#4496 = DIRECTION('',(0.,0.,1.));
#4497 = DIRECTION('',(1.,0.,-0.));
#4498 = PCURVE('',#1890,#4499);
#4499 = DEFINITIONAL_REPRESENTATION('',(#4500),#4504);
#4500 = CIRCLE('',#4501,3.8);
#4501 = AXIS2_PLACEMENT_2D('',#4502,#4503);
#4502 = CARTESIAN_POINT('',(134.43323443859,11.575064091154));
#4503 = DIRECTION('',(1.,0.));
#4504 = ( GEOMETRIC_REPRESENTATION_CONTEXT(2) 
PARAMETRIC_REPRESENTATION_CONTEXT() REPRESENTATION_CONTEXT('2D SPACE',''
  ) );
#4505 = PCURVE('',#4506,#4511);
#4506 = CYLINDRICAL_SURFACE('',#4507,3.8);
#4507 = AXIS2_PLACEMENT_3D('',#4508,#4509,#4510);
#4508 = CARTESIAN_POINT('',(57.192317665924,-33.02,-1.));
#4509 = DIRECTION('',(0.,0.,1.));
#4510 = DIRECTION('',(1.,0.,-0.));
#4511 = DEFINITIONAL_REPRESENTATION('',(#4512),#4516);
#4512 = LINE('',#4513,#4514);
#4513 = CARTESIAN_POINT('',(0.,1.));
#4514 = VECTOR('',#4515,1.);
#4515 = DIRECTION('',(1.,0.));
#4516 = ( GEOMETRIC_REPRESENTATION_CONTEXT(2) 
PARAMETRIC_REPRESENTATION_CONTEXT() REPRESENTATION_CONTEXT('2D SPACE',''
  ) );
#4517 = FACE_BOUND('',#4518,.F.);
#4518 = EDGE_LOOP('',(#4519));
#4519 = ORIENTED_EDGE('',*,*,#4224,.F.);
#4520 = FACE_BOUND('',#4521,.F.);
#4521 = EDGE_LOOP('',(#4522));
#4522 = ORIENTED_EDGE('',*,*,#4274,.F.);
#4523 = FACE_BOUND('',#4524,.F.);
#4524 = EDGE_LOOP('',(#4525));
#4525 = ORIENTED_EDGE('',*,*,#4526,.F.);
#4526 = EDGE_CURVE('',#4527,#4527,#4529,.T.);
#4527 = VERTEX_POINT('',#4528);
#4528 = CARTESIAN_POINT('',(3.8,66.04,0.));
#4529 = SURFACE_CURVE('',#4530,(#4535,#4542),.PCURVE_S1.);
#4530 = CIRCLE('',#4531,3.8);
#4531 = AXIS2_PLACEMENT_3D('',#4532,#4533,#4534);
#4532 = CARTESIAN_POINT('',(4.043783730785E-15,66.04,0.));
#4533 = DIRECTION('',(0.,0.,1.));
#4534 = DIRECTION('',(1.,0.,-0.));
#4535 = PCURVE('',#1890,#4536);
#4536 = DEFINITIONAL_REPRESENTATION('',(#4537),#4541);
#4537 = CIRCLE('',#4538,3.8);
#4538 = AXIS2_PLACEMENT_2D('',#4539,#4540);
#4539 = CARTESIAN_POINT('',(77.240916772668,110.63506409115));
#4540 = DIRECTION('',(1.,0.));
#4541 = ( GEOMETRIC_REPRESENTATION_CONTEXT(2) 
PARAMETRIC_REPRESENTATION_CONTEXT() REPRESENTATION_CONTEXT('2D SPACE',''
  ) );
#4542 = PCURVE('',#4543,#4548);
#4543 = CYLINDRICAL_SURFACE('',#4544,3.8);
#4544 = AXIS2_PLACEMENT_3D('',#4545,#4546,#4547);
#4545 = CARTESIAN_POINT('',(4.043783730785E-15,66.04,-1.));
#4546 = DIRECTION('',(0.,0.,1.));
#4547 = DIRECTION('',(1.,0.,-0.));
#4548 = DEFINITIONAL_REPRESENTATION('',(#4549),#4553);
#4549 = LINE('',#4550,#4551);
#4550 = CARTESIAN_POINT('',(0.,1.));
#4551 = VECTOR('',#4552,1.);
#4552 = DIRECTION('',(1.,0.));
#4553 = ( GEOMETRIC_REPRESENTATION_CONTEXT(2) 
PARAMETRIC_REPRESENTATION_CONTEXT() REPRESENTATION_CONTEXT('2D SPACE',''
  ) );
#4554 = FACE_BOUND('',#4555,.F.);
#4555 = EDGE_LOOP('',(#4556));
#4556 = ORIENTED_EDGE('',*,*,#4324,.F.);
#4557 = ADVANCED_FACE('',(#4558),#1966,.F.);
#4558 = FACE_BOUND('',#4559,.F.);
#4559 = EDGE_LOOP('',(#4560,#4561,#4562,#4583,#4584,#4585));
#4560 = ORIENTED_EDGE('',*,*,#1952,.T.);
#4561 = ORIENTED_EDGE('',*,*,#2115,.T.);
#4562 = ORIENTED_EDGE('',*,*,#4563,.T.);
#4563 = EDGE_CURVE('',#2088,#3483,#4564,.T.);
#4564 = SURFACE_CURVE('',#4565,(#4569,#4576),.PCURVE_S1.);
#4565 = LINE('',#4566,#4567);
#4566 = CARTESIAN_POINT('',(-102.1639795189,-49.74679676972,48.8));
#4567 = VECTOR('',#4568,1.);
#4568 = DIRECTION('',(0.5,-0.866025403784,-0.));
#4569 = PCURVE('',#1966,#4570);
#4570 = DEFINITIONAL_REPRESENTATION('',(#4571),#4575);
#4571 = LINE('',#4572,#4573);
#4572 = CARTESIAN_POINT('',(0.,-48.8));
#4573 = VECTOR('',#4574,1.);
#4574 = DIRECTION('',(1.,0.));
#4575 = ( GEOMETRIC_REPRESENTATION_CONTEXT(2) 
PARAMETRIC_REPRESENTATION_CONTEXT() REPRESENTATION_CONTEXT('2D SPACE',''
  ) );
#4576 = PCURVE('',#2103,#4577);
#4577 = DEFINITIONAL_REPRESENTATION('',(#4578),#4582);
#4578 = LINE('',#4579,#4580);
#4579 = CARTESIAN_POINT('',(-8.763139720814,4.178203230276));
#4580 = VECTOR('',#4581,1.);
#4581 = DIRECTION('',(0.5,-0.866025403784));
#4582 = ( GEOMETRIC_REPRESENTATION_CONTEXT(2) 
PARAMETRIC_REPRESENTATION_CONTEXT() REPRESENTATION_CONTEXT('2D SPACE',''
  ) );
#4583 = ORIENTED_EDGE('',*,*,#3482,.F.);
#4584 = ORIENTED_EDGE('',*,*,#3626,.F.);
#4585 = ORIENTED_EDGE('',*,*,#4429,.F.);
#4586 = ADVANCED_FACE('',(#4587),#2018,.F.);
#4587 = FACE_BOUND('',#4588,.F.);
#4588 = EDGE_LOOP('',(#4589,#4590,#4591,#4612,#4613,#4614));
#4589 = ORIENTED_EDGE('',*,*,#3719,.T.);
#4590 = ORIENTED_EDGE('',*,*,#3576,.T.);
#4591 = ORIENTED_EDGE('',*,*,#4592,.T.);
#4592 = EDGE_CURVE('',#3554,#2198,#4593,.T.);
#4593 = SURFACE_CURVE('',#4594,(#4598,#4605),.PCURVE_S1.);
#4594 = LINE('',#4595,#4596);
#4595 = CARTESIAN_POINT('',(8.,113.35,48.8));
#4596 = VECTOR('',#4597,1.);
#4597 = DIRECTION('',(-1.,0.,0.));
#4598 = PCURVE('',#2018,#4599);
#4599 = DEFINITIONAL_REPRESENTATION('',(#4600),#4604);
#4600 = LINE('',#4601,#4602);
#4601 = CARTESIAN_POINT('',(0.,-48.8));
#4602 = VECTOR('',#4603,1.);
#4603 = DIRECTION('',(1.,0.));
#4604 = ( GEOMETRIC_REPRESENTATION_CONTEXT(2) 
PARAMETRIC_REPRESENTATION_CONTEXT() REPRESENTATION_CONTEXT('2D SPACE',''
  ) );
#4605 = PCURVE('',#2234,#4606);
#4606 = DEFINITIONAL_REPRESENTATION('',(#4607),#4611);
#4607 = LINE('',#4608,#4609);
#4608 = CARTESIAN_POINT('',(8.,5.5));
#4609 = VECTOR('',#4610,1.);
#4610 = DIRECTION('',(-1.,0.));
#4611 = ( GEOMETRIC_REPRESENTATION_CONTEXT(2) 
PARAMETRIC_REPRESENTATION_CONTEXT() REPRESENTATION_CONTEXT('2D SPACE',''
  ) );
#4612 = ORIENTED_EDGE('',*,*,#2197,.F.);
#4613 = ORIENTED_EDGE('',*,*,#2004,.F.);
#4614 = ORIENTED_EDGE('',*,*,#4405,.F.);
#4615 = ADVANCED_FACE('',(#4616),#2075,.F.);
#4616 = FACE_BOUND('',#4617,.F.);
#4617 = EDGE_LOOP('',(#4618,#4619,#4620,#4643,#4671,#4692,#4693,#4694));
#4618 = ORIENTED_EDGE('',*,*,#2059,.F.);
#4619 = ORIENTED_EDGE('',*,*,#2249,.T.);
#4620 = ORIENTED_EDGE('',*,*,#4621,.T.);
#4621 = EDGE_CURVE('',#2250,#4622,#4624,.T.);
#4622 = VERTEX_POINT('',#4623);
#4623 = CARTESIAN_POINT('',(-90.13770007733,-48.57692378864,11.));
#4624 = SURFACE_CURVE('',#4625,(#4629,#4636),.PCURVE_S1.);
#4625 = LINE('',#4626,#4627);
#4626 = CARTESIAN_POINT('',(-90.13770007733,-48.57692378864,6.99));
#4627 = VECTOR('',#4628,1.);
#4628 = DIRECTION('',(0.,0.,1.));
#4629 = PCURVE('',#2075,#4630);
#4630 = DEFINITIONAL_REPRESENTATION('',(#4631),#4635);
#4631 = LINE('',#4632,#4633);
#4632 = CARTESIAN_POINT('',(11.,-6.99));
#4633 = VECTOR('',#4634,1.);
#4634 = DIRECTION('',(0.,-1.));
#4635 = ( GEOMETRIC_REPRESENTATION_CONTEXT(2) 
PARAMETRIC_REPRESENTATION_CONTEXT() REPRESENTATION_CONTEXT('2D SPACE',''
  ) );
#4636 = PCURVE('',#2372,#4637);
#4637 = DEFINITIONAL_REPRESENTATION('',(#4638),#4642);
#4638 = LINE('',#4639,#4640);
#4639 = CARTESIAN_POINT('',(34.11,0.));
#4640 = VECTOR('',#4641,1.);
#4641 = DIRECTION('',(0.,-1.));
#4642 = ( GEOMETRIC_REPRESENTATION_CONTEXT(2) 
PARAMETRIC_REPRESENTATION_CONTEXT() REPRESENTATION_CONTEXT('2D SPACE',''
  ) );
#4643 = ORIENTED_EDGE('',*,*,#4644,.T.);
#4644 = EDGE_CURVE('',#4622,#4645,#4647,.T.);
#4645 = VERTEX_POINT('',#4646);
#4646 = CARTESIAN_POINT('',(-87.13770007733,-53.77307621135,11.));
#4647 = SURFACE_CURVE('',#4648,(#4652,#4659),.PCURVE_S1.);
#4648 = LINE('',#4649,#4650);
#4649 = CARTESIAN_POINT('',(-90.13770007733,-48.57692378864,11.));
#4650 = VECTOR('',#4651,1.);
#4651 = DIRECTION('',(0.5,-0.866025403784,-0.));
#4652 = PCURVE('',#2075,#4653);
#4653 = DEFINITIONAL_REPRESENTATION('',(#4654),#4658);
#4654 = LINE('',#4655,#4656);
#4655 = CARTESIAN_POINT('',(11.,-11.));
#4656 = VECTOR('',#4657,1.);
#4657 = DIRECTION('',(-1.,0.));
#4658 = ( GEOMETRIC_REPRESENTATION_CONTEXT(2) 
PARAMETRIC_REPRESENTATION_CONTEXT() REPRESENTATION_CONTEXT('2D SPACE',''
  ) );
#4659 = PCURVE('',#4660,#4665);
#4660 = PLANE('',#4661);
#4661 = AXIS2_PLACEMENT_3D('',#4662,#4663,#4664);
#4662 = CARTESIAN_POINT('',(-73.86763681579,-42.6475,11.));
#4663 = DIRECTION('',(0.,0.,1.));
#4664 = DIRECTION('',(1.,0.,-0.));
#4665 = DEFINITIONAL_REPRESENTATION('',(#4666),#4670);
#4666 = LINE('',#4667,#4668);
#4667 = CARTESIAN_POINT('',(-16.27006326154,-5.929423788647));
#4668 = VECTOR('',#4669,1.);
#4669 = DIRECTION('',(0.5,-0.866025403784));
#4670 = ( GEOMETRIC_REPRESENTATION_CONTEXT(2) 
PARAMETRIC_REPRESENTATION_CONTEXT() REPRESENTATION_CONTEXT('2D SPACE',''
  ) );
#4671 = ORIENTED_EDGE('',*,*,#4672,.F.);
#4672 = EDGE_CURVE('',#3302,#4645,#4673,.T.);
#4673 = SURFACE_CURVE('',#4674,(#4678,#4685),.PCURVE_S1.);
#4674 = LINE('',#4675,#4676);
#4675 = CARTESIAN_POINT('',(-87.13770007733,-53.77307621135,6.99));
#4676 = VECTOR('',#4677,1.);
#4677 = DIRECTION('',(0.,0.,1.));
#4678 = PCURVE('',#2075,#4679);
#4679 = DEFINITIONAL_REPRESENTATION('',(#4680),#4684);
#4680 = LINE('',#4681,#4682);
#4681 = CARTESIAN_POINT('',(5.,-6.99));
#4682 = VECTOR('',#4683,1.);
#4683 = DIRECTION('',(0.,-1.));
#4684 = ( GEOMETRIC_REPRESENTATION_CONTEXT(2) 
PARAMETRIC_REPRESENTATION_CONTEXT() REPRESENTATION_CONTEXT('2D SPACE',''
  ) );
#4685 = PCURVE('',#3089,#4686);
#4686 = DEFINITIONAL_REPRESENTATION('',(#4687),#4691);
#4687 = LINE('',#4688,#4689);
#4688 = CARTESIAN_POINT('',(0.,0.));
#4689 = VECTOR('',#4690,1.);
#4690 = DIRECTION('',(0.,-1.));
#4691 = ( GEOMETRIC_REPRESENTATION_CONTEXT(2) 
PARAMETRIC_REPRESENTATION_CONTEXT() REPRESENTATION_CONTEXT('2D SPACE',''
  ) );
#4692 = ORIENTED_EDGE('',*,*,#3301,.T.);
#4693 = ORIENTED_EDGE('',*,*,#3457,.T.);
#4694 = ORIENTED_EDGE('',*,*,#4695,.T.);
#4695 = EDGE_CURVE('',#3458,#2060,#4696,.T.);
#4696 = SURFACE_CURVE('',#4697,(#4701,#4708),.PCURVE_S1.);
#4697 = LINE('',#4698,#4699);
#4698 = CARTESIAN_POINT('',(-84.63770007733,-58.10320323027,48.8));
#4699 = VECTOR('',#4700,1.);
#4700 = DIRECTION('',(-0.5,0.866025403784,0.));
#4701 = PCURVE('',#2075,#4702);
#4702 = DEFINITIONAL_REPRESENTATION('',(#4703),#4707);
#4703 = LINE('',#4704,#4705);
#4704 = CARTESIAN_POINT('',(0.,-48.8));
#4705 = VECTOR('',#4706,1.);
#4706 = DIRECTION('',(1.,0.));
#4707 = ( GEOMETRIC_REPRESENTATION_CONTEXT(2) 
PARAMETRIC_REPRESENTATION_CONTEXT() REPRESENTATION_CONTEXT('2D SPACE',''
  ) );
#4708 = PCURVE('',#2103,#4709);
#4709 = DEFINITIONAL_REPRESENTATION('',(#4710),#4714);
#4710 = LINE('',#4711,#4712);
#4711 = CARTESIAN_POINT('',(8.763139720814,-4.178203230276));
#4712 = VECTOR('',#4713,1.);
#4713 = DIRECTION('',(-0.5,0.866025403784));
#4714 = ( GEOMETRIC_REPRESENTATION_CONTEXT(2) 
PARAMETRIC_REPRESENTATION_CONTEXT() REPRESENTATION_CONTEXT('2D SPACE',''
  ) );
#4715 = ADVANCED_FACE('',(#4716,#4722),#2103,.T.);
#4716 = FACE_BOUND('',#4717,.T.);
#4717 = EDGE_LOOP('',(#4718,#4719,#4720,#4721));
#4718 = ORIENTED_EDGE('',*,*,#2087,.T.);
#4719 = ORIENTED_EDGE('',*,*,#4563,.T.);
#4720 = ORIENTED_EDGE('',*,*,#3505,.T.);
#4721 = ORIENTED_EDGE('',*,*,#4695,.T.);
#4722 = FACE_BOUND('',#4723,.T.);
#4723 = EDGE_LOOP('',(#4724));
#4724 = ORIENTED_EDGE('',*,*,#4725,.F.);
#4725 = EDGE_CURVE('',#4726,#4726,#4728,.T.);
#4726 = VERTEX_POINT('',#4727);
#4727 = CARTESIAN_POINT('',(-91.40083979815,-53.925,48.8));
#4728 = SURFACE_CURVE('',#4729,(#4734,#4741),.PCURVE_S1.);
#4729 = CIRCLE('',#4730,2.);
#4730 = AXIS2_PLACEMENT_3D('',#4731,#4732,#4733);
#4731 = CARTESIAN_POINT('',(-93.40083979815,-53.925,48.8));
#4732 = DIRECTION('',(0.,0.,1.));
#4733 = DIRECTION('',(1.,0.,-0.));
#4734 = PCURVE('',#2103,#4735);
#4735 = DEFINITIONAL_REPRESENTATION('',(#4736),#4740);
#4736 = CIRCLE('',#4737,2.);
#4737 = AXIS2_PLACEMENT_2D('',#4738,#4739);
#4738 = CARTESIAN_POINT('',(1.42108547152E-14,0.));
#4739 = DIRECTION('',(1.,0.));
#4740 = ( GEOMETRIC_REPRESENTATION_CONTEXT(2) 
PARAMETRIC_REPRESENTATION_CONTEXT() REPRESENTATION_CONTEXT('2D SPACE',''
  ) );
#4741 = PCURVE('',#4742,#4747);
#4742 = CYLINDRICAL_SURFACE('',#4743,2.);
#4743 = AXIS2_PLACEMENT_3D('',#4744,#4745,#4746);
#4744 = CARTESIAN_POINT('',(-93.40083979815,-53.925,41.5));
#4745 = DIRECTION('',(0.,0.,1.));
#4746 = DIRECTION('',(1.,0.,-0.));
#4747 = DEFINITIONAL_REPRESENTATION('',(#4748),#4752);
#4748 = LINE('',#4749,#4750);
#4749 = CARTESIAN_POINT('',(0.,7.3));
#4750 = VECTOR('',#4751,1.);
#4751 = DIRECTION('',(1.,0.));
#4752 = ( GEOMETRIC_REPRESENTATION_CONTEXT(2) 
PARAMETRIC_REPRESENTATION_CONTEXT() REPRESENTATION_CONTEXT('2D SPACE',''
  ) );
#4753 = ADVANCED_FACE('',(#4754),#2158,.F.);
#4754 = FACE_BOUND('',#4755,.F.);
#4755 = EDGE_LOOP('',(#4756,#4757,#4758,#4781,#4809,#4830,#4831,#4832));
#4756 = ORIENTED_EDGE('',*,*,#3530,.F.);
#4757 = ORIENTED_EDGE('',*,*,#3383,.T.);
#4758 = ORIENTED_EDGE('',*,*,#4759,.T.);
#4759 = EDGE_CURVE('',#3386,#4760,#4762,.T.);
#4760 = VERTEX_POINT('',#4761);
#4761 = CARTESIAN_POINT('',(3.,102.35,11.));
#4762 = SURFACE_CURVE('',#4763,(#4767,#4774),.PCURVE_S1.);
#4763 = LINE('',#4764,#4765);
#4764 = CARTESIAN_POINT('',(3.,102.35,6.99));
#4765 = VECTOR('',#4766,1.);
#4766 = DIRECTION('',(0.,0.,1.));
#4767 = PCURVE('',#2158,#4768);
#4768 = DEFINITIONAL_REPRESENTATION('',(#4769),#4773);
#4769 = LINE('',#4770,#4771);
#4770 = CARTESIAN_POINT('',(11.,-6.99));
#4771 = VECTOR('',#4772,1.);
#4772 = DIRECTION('',(0.,-1.));
#4773 = ( GEOMETRIC_REPRESENTATION_CONTEXT(2) 
PARAMETRIC_REPRESENTATION_CONTEXT() REPRESENTATION_CONTEXT('2D SPACE',''
  ) );
#4774 = PCURVE('',#3205,#4775);
#4775 = DEFINITIONAL_REPRESENTATION('',(#4776),#4780);
#4776 = LINE('',#4777,#4778);
#4777 = CARTESIAN_POINT('',(34.11,0.));
#4778 = VECTOR('',#4779,1.);
#4779 = DIRECTION('',(0.,-1.));
#4780 = ( GEOMETRIC_REPRESENTATION_CONTEXT(2) 
PARAMETRIC_REPRESENTATION_CONTEXT() REPRESENTATION_CONTEXT('2D SPACE',''
  ) );
#4781 = ORIENTED_EDGE('',*,*,#4782,.T.);
#4782 = EDGE_CURVE('',#4760,#4783,#4785,.T.);
#4783 = VERTEX_POINT('',#4784);
#4784 = CARTESIAN_POINT('',(-3.,102.35,11.));
#4785 = SURFACE_CURVE('',#4786,(#4790,#4797),.PCURVE_S1.);
#4786 = LINE('',#4787,#4788);
#4787 = CARTESIAN_POINT('',(3.,102.35,11.));
#4788 = VECTOR('',#4789,1.);
#4789 = DIRECTION('',(-1.,0.,0.));
#4790 = PCURVE('',#2158,#4791);
#4791 = DEFINITIONAL_REPRESENTATION('',(#4792),#4796);
#4792 = LINE('',#4793,#4794);
#4793 = CARTESIAN_POINT('',(11.,-11.));
#4794 = VECTOR('',#4795,1.);
#4795 = DIRECTION('',(-1.,0.));
#4796 = ( GEOMETRIC_REPRESENTATION_CONTEXT(2) 
PARAMETRIC_REPRESENTATION_CONTEXT() REPRESENTATION_CONTEXT('2D SPACE',''
  ) );
#4797 = PCURVE('',#4798,#4803);
#4798 = PLANE('',#4799);
#4799 = AXIS2_PLACEMENT_3D('',#4800,#4801,#4802);
#4800 = CARTESIAN_POINT('',(5.181594370726E-15,85.295,11.));
#4801 = DIRECTION('',(0.,0.,1.));
#4802 = DIRECTION('',(1.,0.,-0.));
#4803 = DEFINITIONAL_REPRESENTATION('',(#4804),#4808);
#4804 = LINE('',#4805,#4806);
#4805 = CARTESIAN_POINT('',(3.,17.055));
#4806 = VECTOR('',#4807,1.);
#4807 = DIRECTION('',(-1.,0.));
#4808 = ( GEOMETRIC_REPRESENTATION_CONTEXT(2) 
PARAMETRIC_REPRESENTATION_CONTEXT() REPRESENTATION_CONTEXT('2D SPACE',''
  ) );
#4809 = ORIENTED_EDGE('',*,*,#4810,.F.);
#4810 = EDGE_CURVE('',#2388,#4783,#4811,.T.);
#4811 = SURFACE_CURVE('',#4812,(#4816,#4823),.PCURVE_S1.);
#4812 = LINE('',#4813,#4814);
#4813 = CARTESIAN_POINT('',(-3.,102.35,6.99));
#4814 = VECTOR('',#4815,1.);
#4815 = DIRECTION('',(0.,0.,1.));
#4816 = PCURVE('',#2158,#4817);
#4817 = DEFINITIONAL_REPRESENTATION('',(#4818),#4822);
#4818 = LINE('',#4819,#4820);
#4819 = CARTESIAN_POINT('',(5.,-6.99));
#4820 = VECTOR('',#4821,1.);
#4821 = DIRECTION('',(0.,-1.));
#4822 = ( GEOMETRIC_REPRESENTATION_CONTEXT(2) 
PARAMETRIC_REPRESENTATION_CONTEXT() REPRESENTATION_CONTEXT('2D SPACE',''
  ) );
#4823 = PCURVE('',#2427,#4824);
#4824 = DEFINITIONAL_REPRESENTATION('',(#4825),#4829);
#4825 = LINE('',#4826,#4827);
#4826 = CARTESIAN_POINT('',(0.,0.));
#4827 = VECTOR('',#4828,1.);
#4828 = DIRECTION('',(0.,-1.));
#4829 = ( GEOMETRIC_REPRESENTATION_CONTEXT(2) 
PARAMETRIC_REPRESENTATION_CONTEXT() REPRESENTATION_CONTEXT('2D SPACE',''
  ) );
#4830 = ORIENTED_EDGE('',*,*,#2387,.T.);
#4831 = ORIENTED_EDGE('',*,*,#2140,.T.);
#4832 = ORIENTED_EDGE('',*,*,#4833,.T.);
#4833 = EDGE_CURVE('',#2143,#3531,#4834,.T.);
#4834 = SURFACE_CURVE('',#4835,(#4839,#4846),.PCURVE_S1.);
#4835 = LINE('',#4836,#4837);
#4836 = CARTESIAN_POINT('',(-8.,102.35,48.8));
#4837 = VECTOR('',#4838,1.);
#4838 = DIRECTION('',(1.,0.,0.));
#4839 = PCURVE('',#2158,#4840);
#4840 = DEFINITIONAL_REPRESENTATION('',(#4841),#4845);
#4841 = LINE('',#4842,#4843);
#4842 = CARTESIAN_POINT('',(0.,-48.8));
#4843 = VECTOR('',#4844,1.);
#4844 = DIRECTION('',(1.,0.));
#4845 = ( GEOMETRIC_REPRESENTATION_CONTEXT(2) 
PARAMETRIC_REPRESENTATION_CONTEXT() REPRESENTATION_CONTEXT('2D SPACE',''
  ) );
#4846 = PCURVE('',#2234,#4847);
#4847 = DEFINITIONAL_REPRESENTATION('',(#4848),#4852);
#4848 = LINE('',#4849,#4850);
#4849 = CARTESIAN_POINT('',(-8.,-5.5));
#4850 = VECTOR('',#4851,1.);
#4851 = DIRECTION('',(1.,0.));
#4852 = ( GEOMETRIC_REPRESENTATION_CONTEXT(2) 
PARAMETRIC_REPRESENTATION_CONTEXT() REPRESENTATION_CONTEXT('2D SPACE',''
  ) );
#4853 = ADVANCED_FACE('',(#4854,#4860),#2234,.T.);
#4854 = FACE_BOUND('',#4855,.T.);
#4855 = EDGE_LOOP('',(#4856,#4857,#4858,#4859));
#4856 = ORIENTED_EDGE('',*,*,#3553,.T.);
#4857 = ORIENTED_EDGE('',*,*,#4592,.T.);
#4858 = ORIENTED_EDGE('',*,*,#2220,.T.);
#4859 = ORIENTED_EDGE('',*,*,#4833,.T.);
#4860 = FACE_BOUND('',#4861,.T.);
#4861 = EDGE_LOOP('',(#4862));
#4862 = ORIENTED_EDGE('',*,*,#4863,.F.);
#4863 = EDGE_CURVE('',#4864,#4864,#4866,.T.);
#4864 = VERTEX_POINT('',#4865);
#4865 = CARTESIAN_POINT('',(2.,107.85,48.8));
#4866 = SURFACE_CURVE('',#4867,(#4872,#4879),.PCURVE_S1.);
#4867 = CIRCLE('',#4868,2.);
#4868 = AXIS2_PLACEMENT_3D('',#4869,#4870,#4871);
#4869 = CARTESIAN_POINT('',(6.603907864402E-15,107.85,48.8));
#4870 = DIRECTION('',(0.,0.,1.));
#4871 = DIRECTION('',(1.,0.,-0.));
#4872 = PCURVE('',#2234,#4873);
#4873 = DEFINITIONAL_REPRESENTATION('',(#4874),#4878);
#4874 = CIRCLE('',#4875,2.);
#4875 = AXIS2_PLACEMENT_2D('',#4876,#4877);
#4876 = CARTESIAN_POINT('',(-5.015194931989E-16,-1.42108547152E-14));
#4877 = DIRECTION('',(1.,0.));
#4878 = ( GEOMETRIC_REPRESENTATION_CONTEXT(2) 
PARAMETRIC_REPRESENTATION_CONTEXT() REPRESENTATION_CONTEXT('2D SPACE',''
  ) );
#4879 = PCURVE('',#4880,#4885);
#4880 = CYLINDRICAL_SURFACE('',#4881,2.);
#4881 = AXIS2_PLACEMENT_3D('',#4882,#4883,#4884);
#4882 = CARTESIAN_POINT('',(6.603907864402E-15,107.85,41.5));
#4883 = DIRECTION('',(0.,0.,1.));
#4884 = DIRECTION('',(1.,0.,-0.));
#4885 = DEFINITIONAL_REPRESENTATION('',(#4886),#4890);
#4886 = LINE('',#4887,#4888);
#4887 = CARTESIAN_POINT('',(0.,7.3));
#4888 = VECTOR('',#4889,1.);
#4889 = DIRECTION('',(1.,0.));
#4890 = ( GEOMETRIC_REPRESENTATION_CONTEXT(2) 
PARAMETRIC_REPRESENTATION_CONTEXT() REPRESENTATION_CONTEXT('2D SPACE',''
  ) );
#4891 = ADVANCED_FACE('',(#4892),#2372,.F.);
#4892 = FACE_BOUND('',#4893,.F.);
#4893 = EDGE_LOOP('',(#4894,#4895,#4896,#4919,#4940));
#4894 = ORIENTED_EDGE('',*,*,#2357,.T.);
#4895 = ORIENTED_EDGE('',*,*,#2625,.F.);
#4896 = ORIENTED_EDGE('',*,*,#4897,.T.);
#4897 = EDGE_CURVE('',#2531,#4898,#4900,.T.);
#4898 = VERTEX_POINT('',#4899);
#4899 = CARTESIAN_POINT('',(-64.36065075423,-33.69453742303,11.));
#4900 = SURFACE_CURVE('',#4901,(#4905,#4912),.PCURVE_S1.);
#4901 = LINE('',#4902,#4903);
#4902 = CARTESIAN_POINT('',(-64.36065075423,-33.69453742303,0.));
#4903 = VECTOR('',#4904,1.);
#4904 = DIRECTION('',(0.,0.,1.));
#4905 = PCURVE('',#2372,#4906);
#4906 = DEFINITIONAL_REPRESENTATION('',(#4907),#4911);
#4907 = LINE('',#4908,#4909);
#4908 = CARTESIAN_POINT('',(4.345227268781,6.99));
#4909 = VECTOR('',#4910,1.);
#4910 = DIRECTION('',(0.,-1.));
#4911 = ( GEOMETRIC_REPRESENTATION_CONTEXT(2) 
PARAMETRIC_REPRESENTATION_CONTEXT() REPRESENTATION_CONTEXT('2D SPACE',''
  ) );
#4912 = PCURVE('',#2789,#4913);
#4913 = DEFINITIONAL_REPRESENTATION('',(#4914),#4918);
#4914 = LINE('',#4915,#4916);
#4915 = CARTESIAN_POINT('',(3.235415997884,0.));
#4916 = VECTOR('',#4917,1.);
#4917 = DIRECTION('',(0.,1.));
#4918 = ( GEOMETRIC_REPRESENTATION_CONTEXT(2) 
PARAMETRIC_REPRESENTATION_CONTEXT() REPRESENTATION_CONTEXT('2D SPACE',''
  ) );
#4919 = ORIENTED_EDGE('',*,*,#4920,.T.);
#4920 = EDGE_CURVE('',#4898,#4622,#4921,.T.);
#4921 = SURFACE_CURVE('',#4922,(#4926,#4933),.PCURVE_S1.);
#4922 = LINE('',#4923,#4924);
#4923 = CARTESIAN_POINT('',(-60.59757355425,-31.52192378864,11.));
#4924 = VECTOR('',#4925,1.);
#4925 = DIRECTION('',(-0.866025403784,-0.5,0.));
#4926 = PCURVE('',#2372,#4927);
#4927 = DEFINITIONAL_REPRESENTATION('',(#4928),#4932);
#4928 = LINE('',#4929,#4930);
#4929 = CARTESIAN_POINT('',(0.,-4.01));
#4930 = VECTOR('',#4931,1.);
#4931 = DIRECTION('',(1.,0.));
#4932 = ( GEOMETRIC_REPRESENTATION_CONTEXT(2) 
PARAMETRIC_REPRESENTATION_CONTEXT() REPRESENTATION_CONTEXT('2D SPACE',''
  ) );
#4933 = PCURVE('',#4660,#4934);
#4934 = DEFINITIONAL_REPRESENTATION('',(#4935),#4939);
#4935 = LINE('',#4936,#4937);
#4936 = CARTESIAN_POINT('',(13.270063261544,11.125576211353));
#4937 = VECTOR('',#4938,1.);
#4938 = DIRECTION('',(-0.866025403784,-0.5));
#4939 = ( GEOMETRIC_REPRESENTATION_CONTEXT(2) 
PARAMETRIC_REPRESENTATION_CONTEXT() REPRESENTATION_CONTEXT('2D SPACE',''
  ) );
#4940 = ORIENTED_EDGE('',*,*,#4621,.F.);
#4941 = ADVANCED_FACE('',(#4942),#2427,.F.);
#4942 = FACE_BOUND('',#4943,.F.);
#4943 = EDGE_LOOP('',(#4944,#4967,#4968,#4969,#4970));
#4944 = ORIENTED_EDGE('',*,*,#4945,.F.);
#4945 = EDGE_CURVE('',#2651,#4946,#4948,.T.);
#4946 = VERTEX_POINT('',#4947);
#4947 = CARTESIAN_POINT('',(-3.,72.585227268781,11.));
#4948 = SURFACE_CURVE('',#4949,(#4953,#4960),.PCURVE_S1.);
#4949 = LINE('',#4950,#4951);
#4950 = CARTESIAN_POINT('',(-3.,72.585227268781,0.));
#4951 = VECTOR('',#4952,1.);
#4952 = DIRECTION('',(0.,0.,1.));
#4953 = PCURVE('',#2427,#4954);
#4954 = DEFINITIONAL_REPRESENTATION('',(#4955),#4959);
#4955 = LINE('',#4956,#4957);
#4956 = CARTESIAN_POINT('',(29.764772731219,6.99));
#4957 = VECTOR('',#4958,1.);
#4958 = DIRECTION('',(0.,-1.));
#4959 = ( GEOMETRIC_REPRESENTATION_CONTEXT(2) 
PARAMETRIC_REPRESENTATION_CONTEXT() REPRESENTATION_CONTEXT('2D SPACE',''
  ) );
#4960 = PCURVE('',#2941,#4961);
#4961 = DEFINITIONAL_REPRESENTATION('',(#4962),#4966);
#4962 = LINE('',#4963,#4964);
#4963 = CARTESIAN_POINT('',(2.000571758099,0.));
#4964 = VECTOR('',#4965,1.);
#4965 = DIRECTION('',(0.,1.));
#4966 = ( GEOMETRIC_REPRESENTATION_CONTEXT(2) 
PARAMETRIC_REPRESENTATION_CONTEXT() REPRESENTATION_CONTEXT('2D SPACE',''
  ) );
#4967 = ORIENTED_EDGE('',*,*,#2650,.T.);
#4968 = ORIENTED_EDGE('',*,*,#2410,.F.);
#4969 = ORIENTED_EDGE('',*,*,#4810,.T.);
#4970 = ORIENTED_EDGE('',*,*,#4971,.T.);
#4971 = EDGE_CURVE('',#4783,#4946,#4972,.T.);
#4972 = SURFACE_CURVE('',#4973,(#4977,#4984),.PCURVE_S1.);
#4973 = LINE('',#4974,#4975);
#4974 = CARTESIAN_POINT('',(-3.,102.35,11.));
#4975 = VECTOR('',#4976,1.);
#4976 = DIRECTION('',(-6.509662999854E-17,-1.,0.));
#4977 = PCURVE('',#2427,#4978);
#4978 = DEFINITIONAL_REPRESENTATION('',(#4979),#4983);
#4979 = LINE('',#4980,#4981);
#4980 = CARTESIAN_POINT('',(0.,-4.01));
#4981 = VECTOR('',#4982,1.);
#4982 = DIRECTION('',(1.,0.));
#4983 = ( GEOMETRIC_REPRESENTATION_CONTEXT(2) 
PARAMETRIC_REPRESENTATION_CONTEXT() REPRESENTATION_CONTEXT('2D SPACE',''
  ) );
#4984 = PCURVE('',#4798,#4985);
#4985 = DEFINITIONAL_REPRESENTATION('',(#4986),#4990);
#4986 = LINE('',#4987,#4988);
#4987 = CARTESIAN_POINT('',(-3.,17.055));
#4988 = VECTOR('',#4989,1.);
#4989 = DIRECTION('',(-6.509662999854E-17,-1.));
#4990 = ( GEOMETRIC_REPRESENTATION_CONTEXT(2) 
PARAMETRIC_REPRESENTATION_CONTEXT() REPRESENTATION_CONTEXT('2D SPACE',''
  ) );
#4991 = ADVANCED_FACE('',(#4992),#2789,.T.);
#4992 = FACE_BOUND('',#4993,.T.);
#4993 = EDGE_LOOP('',(#4994,#5017,#5018,#5041,#5068,#5069,#5070,#5071));
#4994 = ORIENTED_EDGE('',*,*,#4995,.F.);
#4995 = EDGE_CURVE('',#2802,#4996,#4998,.T.);
#4996 = VERTEX_POINT('',#4997);
#4997 = CARTESIAN_POINT('',(-61.36065075423,-38.89068984574,11.));
#4998 = SURFACE_CURVE('',#4999,(#5003,#5010),.PCURVE_S1.);
#4999 = LINE('',#5000,#5001);
#5000 = CARTESIAN_POINT('',(-61.36065075423,-38.89068984574,0.));
#5001 = VECTOR('',#5002,1.);
#5002 = DIRECTION('',(0.,0.,1.));
#5003 = PCURVE('',#2789,#5004);
#5004 = DEFINITIONAL_REPRESENTATION('',(#5005),#5009);
#5005 = LINE('',#5006,#5007);
#5006 = CARTESIAN_POINT('',(4.094966860493,0.));
#5007 = VECTOR('',#5008,1.);
#5008 = DIRECTION('',(0.,1.));
#5009 = ( GEOMETRIC_REPRESENTATION_CONTEXT(2) 
PARAMETRIC_REPRESENTATION_CONTEXT() REPRESENTATION_CONTEXT('2D SPACE',''
  ) );
#5010 = PCURVE('',#3089,#5011);
#5011 = DEFINITIONAL_REPRESENTATION('',(#5012),#5016);
#5012 = LINE('',#5013,#5014);
#5013 = CARTESIAN_POINT('',(29.764772731219,6.99));
#5014 = VECTOR('',#5015,1.);
#5015 = DIRECTION('',(0.,-1.));
#5016 = ( GEOMETRIC_REPRESENTATION_CONTEXT(2) 
PARAMETRIC_REPRESENTATION_CONTEXT() REPRESENTATION_CONTEXT('2D SPACE',''
  ) );
#5017 = ORIENTED_EDGE('',*,*,#2801,.T.);
#5018 = ORIENTED_EDGE('',*,*,#5019,.T.);
#5019 = EDGE_CURVE('',#2773,#5020,#5022,.T.);
#5020 = VERTEX_POINT('',#5021);
#5021 = CARTESIAN_POINT('',(-49.99231766592,-33.02,16.));
#5022 = SEAM_CURVE('',#5023,(#5027,#5034),.PCURVE_S1.);
#5023 = LINE('',#5024,#5025);
#5024 = CARTESIAN_POINT('',(-49.99231766592,-33.02,0.));
#5025 = VECTOR('',#5026,1.);
#5026 = DIRECTION('',(0.,0.,1.));
#5027 = PCURVE('',#2789,#5028);
#5028 = DEFINITIONAL_REPRESENTATION('',(#5029),#5033);
#5029 = LINE('',#5030,#5031);
#5030 = CARTESIAN_POINT('',(0.,-0.));
#5031 = VECTOR('',#5032,1.);
#5032 = DIRECTION('',(0.,1.));
#5033 = ( GEOMETRIC_REPRESENTATION_CONTEXT(2) 
PARAMETRIC_REPRESENTATION_CONTEXT() REPRESENTATION_CONTEXT('2D SPACE',''
  ) );
#5034 = PCURVE('',#2789,#5035);
#5035 = DEFINITIONAL_REPRESENTATION('',(#5036),#5040);
#5036 = LINE('',#5037,#5038);
#5037 = CARTESIAN_POINT('',(6.28318530718,-0.));
#5038 = VECTOR('',#5039,1.);
#5039 = DIRECTION('',(0.,1.));
#5040 = ( GEOMETRIC_REPRESENTATION_CONTEXT(2) 
PARAMETRIC_REPRESENTATION_CONTEXT() REPRESENTATION_CONTEXT('2D SPACE',''
  ) );
#5041 = ORIENTED_EDGE('',*,*,#5042,.F.);
#5042 = EDGE_CURVE('',#5020,#5020,#5043,.T.);
#5043 = SURFACE_CURVE('',#5044,(#5049,#5056),.PCURVE_S1.);
#5044 = CIRCLE('',#5045,7.2);
#5045 = AXIS2_PLACEMENT_3D('',#5046,#5047,#5048);
#5046 = CARTESIAN_POINT('',(-57.19231766592,-33.02,16.));
#5047 = DIRECTION('',(0.,0.,1.));
#5048 = DIRECTION('',(1.,0.,-0.));
#5049 = PCURVE('',#2789,#5050);
#5050 = DEFINITIONAL_REPRESENTATION('',(#5051),#5055);
#5051 = LINE('',#5052,#5053);
#5052 = CARTESIAN_POINT('',(0.,16.));
#5053 = VECTOR('',#5054,1.);
#5054 = DIRECTION('',(1.,0.));
#5055 = ( GEOMETRIC_REPRESENTATION_CONTEXT(2) 
PARAMETRIC_REPRESENTATION_CONTEXT() REPRESENTATION_CONTEXT('2D SPACE',''
  ) );
#5056 = PCURVE('',#5057,#5062);
#5057 = PLANE('',#5058);
#5058 = AXIS2_PLACEMENT_3D('',#5059,#5060,#5061);
#5059 = CARTESIAN_POINT('',(-57.19231766592,-33.02,16.));
#5060 = DIRECTION('',(0.,0.,1.));
#5061 = DIRECTION('',(1.,0.,-0.));
#5062 = DEFINITIONAL_REPRESENTATION('',(#5063),#5067);
#5063 = CIRCLE('',#5064,7.2);
#5064 = AXIS2_PLACEMENT_2D('',#5065,#5066);
#5065 = CARTESIAN_POINT('',(0.,0.));
#5066 = DIRECTION('',(1.,0.));
#5067 = ( GEOMETRIC_REPRESENTATION_CONTEXT(2) 
PARAMETRIC_REPRESENTATION_CONTEXT() REPRESENTATION_CONTEXT('2D SPACE',''
  ) );
#5068 = ORIENTED_EDGE('',*,*,#5019,.F.);
#5069 = ORIENTED_EDGE('',*,*,#2772,.T.);
#5070 = ORIENTED_EDGE('',*,*,#4897,.T.);
#5071 = ORIENTED_EDGE('',*,*,#5072,.T.);
#5072 = EDGE_CURVE('',#4898,#4996,#5073,.T.);
#5073 = SURFACE_CURVE('',#5074,(#5079,#5086),.PCURVE_S1.);
#5074 = CIRCLE('',#5075,7.2);
#5075 = AXIS2_PLACEMENT_3D('',#5076,#5077,#5078);
#5076 = CARTESIAN_POINT('',(-57.19231766592,-33.02,11.));
#5077 = DIRECTION('',(0.,0.,1.));
#5078 = DIRECTION('',(1.,0.,-0.));
#5079 = PCURVE('',#2789,#5080);
#5080 = DEFINITIONAL_REPRESENTATION('',(#5081),#5085);
#5081 = LINE('',#5082,#5083);
#5082 = CARTESIAN_POINT('',(0.,11.));
#5083 = VECTOR('',#5084,1.);
#5084 = DIRECTION('',(1.,0.));
#5085 = ( GEOMETRIC_REPRESENTATION_CONTEXT(2) 
PARAMETRIC_REPRESENTATION_CONTEXT() REPRESENTATION_CONTEXT('2D SPACE',''
  ) );
#5086 = PCURVE('',#4660,#5087);
#5087 = DEFINITIONAL_REPRESENTATION('',(#5088),#5092);
#5088 = CIRCLE('',#5089,7.2);
#5089 = AXIS2_PLACEMENT_2D('',#5090,#5091);
#5090 = CARTESIAN_POINT('',(16.675319149869,9.6275));
#5091 = DIRECTION('',(1.,0.));
#5092 = ( GEOMETRIC_REPRESENTATION_CONTEXT(2) 
PARAMETRIC_REPRESENTATION_CONTEXT() REPRESENTATION_CONTEXT('2D SPACE',''
  ) );
#5093 = ADVANCED_FACE('',(#5094),#2941,.T.);
#5094 = FACE_BOUND('',#5095,.T.);
#5095 = EDGE_LOOP('',(#5096,#5097,#5098,#5121,#5148,#5149,#5150,#5173));
#5096 = ORIENTED_EDGE('',*,*,#4945,.F.);
#5097 = ORIENTED_EDGE('',*,*,#2953,.T.);
#5098 = ORIENTED_EDGE('',*,*,#5099,.T.);
#5099 = EDGE_CURVE('',#2923,#5100,#5102,.T.);
#5100 = VERTEX_POINT('',#5101);
#5101 = CARTESIAN_POINT('',(7.2,66.04,16.));
#5102 = SEAM_CURVE('',#5103,(#5107,#5114),.PCURVE_S1.);
#5103 = LINE('',#5104,#5105);
#5104 = CARTESIAN_POINT('',(7.2,66.04,0.));
#5105 = VECTOR('',#5106,1.);
#5106 = DIRECTION('',(0.,0.,1.));
#5107 = PCURVE('',#2941,#5108);
#5108 = DEFINITIONAL_REPRESENTATION('',(#5109),#5113);
#5109 = LINE('',#5110,#5111);
#5110 = CARTESIAN_POINT('',(0.,-0.));
#5111 = VECTOR('',#5112,1.);
#5112 = DIRECTION('',(0.,1.));
#5113 = ( GEOMETRIC_REPRESENTATION_CONTEXT(2) 
PARAMETRIC_REPRESENTATION_CONTEXT() REPRESENTATION_CONTEXT('2D SPACE',''
  ) );
#5114 = PCURVE('',#2941,#5115);
#5115 = DEFINITIONAL_REPRESENTATION('',(#5116),#5120);
#5116 = LINE('',#5117,#5118);
#5117 = CARTESIAN_POINT('',(6.28318530718,-0.));
#5118 = VECTOR('',#5119,1.);
#5119 = DIRECTION('',(0.,1.));
#5120 = ( GEOMETRIC_REPRESENTATION_CONTEXT(2) 
PARAMETRIC_REPRESENTATION_CONTEXT() REPRESENTATION_CONTEXT('2D SPACE',''
  ) );
#5121 = ORIENTED_EDGE('',*,*,#5122,.F.);
#5122 = EDGE_CURVE('',#5100,#5100,#5123,.T.);
#5123 = SURFACE_CURVE('',#5124,(#5129,#5136),.PCURVE_S1.);
#5124 = CIRCLE('',#5125,7.2);
#5125 = AXIS2_PLACEMENT_3D('',#5126,#5127,#5128);
#5126 = CARTESIAN_POINT('',(4.043783730785E-15,66.04,16.));
#5127 = DIRECTION('',(0.,0.,1.));
#5128 = DIRECTION('',(1.,0.,-0.));
#5129 = PCURVE('',#2941,#5130);
#5130 = DEFINITIONAL_REPRESENTATION('',(#5131),#5135);
#5131 = LINE('',#5132,#5133);
#5132 = CARTESIAN_POINT('',(0.,16.));
#5133 = VECTOR('',#5134,1.);
#5134 = DIRECTION('',(1.,0.));
#5135 = ( GEOMETRIC_REPRESENTATION_CONTEXT(2) 
PARAMETRIC_REPRESENTATION_CONTEXT() REPRESENTATION_CONTEXT('2D SPACE',''
  ) );
#5136 = PCURVE('',#5137,#5142);
#5137 = PLANE('',#5138);
#5138 = AXIS2_PLACEMENT_3D('',#5139,#5140,#5141);
#5139 = CARTESIAN_POINT('',(4.043783730785E-15,66.04,16.));
#5140 = DIRECTION('',(0.,0.,1.));
#5141 = DIRECTION('',(1.,0.,-0.));
#5142 = DEFINITIONAL_REPRESENTATION('',(#5143),#5147);
#5143 = CIRCLE('',#5144,7.2);
#5144 = AXIS2_PLACEMENT_2D('',#5145,#5146);
#5145 = CARTESIAN_POINT('',(0.,0.));
#5146 = DIRECTION('',(1.,0.));
#5147 = ( GEOMETRIC_REPRESENTATION_CONTEXT(2) 
PARAMETRIC_REPRESENTATION_CONTEXT() REPRESENTATION_CONTEXT('2D SPACE',''
  ) );
#5148 = ORIENTED_EDGE('',*,*,#5099,.F.);
#5149 = ORIENTED_EDGE('',*,*,#2922,.T.);
#5150 = ORIENTED_EDGE('',*,*,#5151,.T.);
#5151 = EDGE_CURVE('',#2925,#5152,#5154,.T.);
#5152 = VERTEX_POINT('',#5153);
#5153 = CARTESIAN_POINT('',(3.,72.585227268781,11.));
#5154 = SURFACE_CURVE('',#5155,(#5159,#5166),.PCURVE_S1.);
#5155 = LINE('',#5156,#5157);
#5156 = CARTESIAN_POINT('',(3.,72.585227268781,0.));
#5157 = VECTOR('',#5158,1.);
#5158 = DIRECTION('',(0.,0.,1.));
#5159 = PCURVE('',#2941,#5160);
#5160 = DEFINITIONAL_REPRESENTATION('',(#5161),#5165);
#5161 = LINE('',#5162,#5163);
#5162 = CARTESIAN_POINT('',(1.14102089549,0.));
#5163 = VECTOR('',#5164,1.);
#5164 = DIRECTION('',(0.,1.));
#5165 = ( GEOMETRIC_REPRESENTATION_CONTEXT(2) 
PARAMETRIC_REPRESENTATION_CONTEXT() REPRESENTATION_CONTEXT('2D SPACE',''
  ) );
#5166 = PCURVE('',#3205,#5167);
#5167 = DEFINITIONAL_REPRESENTATION('',(#5168),#5172);
#5168 = LINE('',#5169,#5170);
#5169 = CARTESIAN_POINT('',(4.345227268781,6.99));
#5170 = VECTOR('',#5171,1.);
#5171 = DIRECTION('',(0.,-1.));
#5172 = ( GEOMETRIC_REPRESENTATION_CONTEXT(2) 
PARAMETRIC_REPRESENTATION_CONTEXT() REPRESENTATION_CONTEXT('2D SPACE',''
  ) );
#5173 = ORIENTED_EDGE('',*,*,#5174,.T.);
#5174 = EDGE_CURVE('',#5152,#4946,#5175,.T.);
#5175 = SURFACE_CURVE('',#5176,(#5181,#5188),.PCURVE_S1.);
#5176 = CIRCLE('',#5177,7.2);
#5177 = AXIS2_PLACEMENT_3D('',#5178,#5179,#5180);
#5178 = CARTESIAN_POINT('',(4.043783730785E-15,66.04,11.));
#5179 = DIRECTION('',(0.,0.,1.));
#5180 = DIRECTION('',(1.,0.,-0.));
#5181 = PCURVE('',#2941,#5182);
#5182 = DEFINITIONAL_REPRESENTATION('',(#5183),#5187);
#5183 = LINE('',#5184,#5185);
#5184 = CARTESIAN_POINT('',(0.,11.));
#5185 = VECTOR('',#5186,1.);
#5186 = DIRECTION('',(1.,0.));
#5187 = ( GEOMETRIC_REPRESENTATION_CONTEXT(2) 
PARAMETRIC_REPRESENTATION_CONTEXT() REPRESENTATION_CONTEXT('2D SPACE',''
  ) );
#5188 = PCURVE('',#4798,#5189);
#5189 = DEFINITIONAL_REPRESENTATION('',(#5190),#5194);
#5190 = CIRCLE('',#5191,7.2);
#5191 = AXIS2_PLACEMENT_2D('',#5192,#5193);
#5192 = CARTESIAN_POINT('',(-1.137810639942E-15,-19.255));
#5193 = DIRECTION('',(1.,0.));
#5194 = ( GEOMETRIC_REPRESENTATION_CONTEXT(2) 
PARAMETRIC_REPRESENTATION_CONTEXT() REPRESENTATION_CONTEXT('2D SPACE',''
  ) );
#5195 = ADVANCED_FACE('',(#5196),#3089,.F.);
#5196 = FACE_BOUND('',#5197,.F.);
#5197 = EDGE_LOOP('',(#5198,#5199,#5200,#5201,#5202));
#5198 = ORIENTED_EDGE('',*,*,#4995,.F.);
#5199 = ORIENTED_EDGE('',*,*,#3073,.T.);
#5200 = ORIENTED_EDGE('',*,*,#3326,.F.);
#5201 = ORIENTED_EDGE('',*,*,#4672,.T.);
#5202 = ORIENTED_EDGE('',*,*,#5203,.T.);
#5203 = EDGE_CURVE('',#4645,#4996,#5204,.T.);
#5204 = SURFACE_CURVE('',#5205,(#5209,#5216),.PCURVE_S1.);
#5205 = LINE('',#5206,#5207);
#5206 = CARTESIAN_POINT('',(-87.13770007733,-53.77307621135,11.));
#5207 = VECTOR('',#5208,1.);
#5208 = DIRECTION('',(0.866025403784,0.5,0.));
#5209 = PCURVE('',#3089,#5210);
#5210 = DEFINITIONAL_REPRESENTATION('',(#5211),#5215);
#5211 = LINE('',#5212,#5213);
#5212 = CARTESIAN_POINT('',(0.,-4.01));
#5213 = VECTOR('',#5214,1.);
#5214 = DIRECTION('',(1.,0.));
#5215 = ( GEOMETRIC_REPRESENTATION_CONTEXT(2) 
PARAMETRIC_REPRESENTATION_CONTEXT() REPRESENTATION_CONTEXT('2D SPACE',''
  ) );
#5216 = PCURVE('',#4660,#5217);
#5217 = DEFINITIONAL_REPRESENTATION('',(#5218),#5222);
#5218 = LINE('',#5219,#5220);
#5219 = CARTESIAN_POINT('',(-13.27006326154,-11.12557621135));
#5220 = VECTOR('',#5221,1.);
#5221 = DIRECTION('',(0.866025403784,0.5));
#5222 = ( GEOMETRIC_REPRESENTATION_CONTEXT(2) 
PARAMETRIC_REPRESENTATION_CONTEXT() REPRESENTATION_CONTEXT('2D SPACE',''
  ) );
#5223 = ADVANCED_FACE('',(#5224),#3205,.F.);
#5224 = FACE_BOUND('',#5225,.F.);
#5225 = EDGE_LOOP('',(#5226,#5227,#5228,#5229,#5250));
#5226 = ORIENTED_EDGE('',*,*,#3432,.T.);
#5227 = ORIENTED_EDGE('',*,*,#3189,.F.);
#5228 = ORIENTED_EDGE('',*,*,#5151,.T.);
#5229 = ORIENTED_EDGE('',*,*,#5230,.T.);
#5230 = EDGE_CURVE('',#5152,#4760,#5231,.T.);
#5231 = SURFACE_CURVE('',#5232,(#5236,#5243),.PCURVE_S1.);
#5232 = LINE('',#5233,#5234);
#5233 = CARTESIAN_POINT('',(3.,68.24,11.));
#5234 = VECTOR('',#5235,1.);
#5235 = DIRECTION('',(6.509662999854E-17,1.,0.));
#5236 = PCURVE('',#3205,#5237);
#5237 = DEFINITIONAL_REPRESENTATION('',(#5238),#5242);
#5238 = LINE('',#5239,#5240);
#5239 = CARTESIAN_POINT('',(0.,-4.01));
#5240 = VECTOR('',#5241,1.);
#5241 = DIRECTION('',(1.,0.));
#5242 = ( GEOMETRIC_REPRESENTATION_CONTEXT(2) 
PARAMETRIC_REPRESENTATION_CONTEXT() REPRESENTATION_CONTEXT('2D SPACE',''
  ) );
#5243 = PCURVE('',#4798,#5244);
#5244 = DEFINITIONAL_REPRESENTATION('',(#5245),#5249);
#5245 = LINE('',#5246,#5247);
#5246 = CARTESIAN_POINT('',(3.,-17.055));
#5247 = VECTOR('',#5248,1.);
#5248 = DIRECTION('',(6.509662999854E-17,1.));
#5249 = ( GEOMETRIC_REPRESENTATION_CONTEXT(2) 
PARAMETRIC_REPRESENTATION_CONTEXT() REPRESENTATION_CONTEXT('2D SPACE',''
  ) );
#5250 = ORIENTED_EDGE('',*,*,#4759,.F.);
#5251 = ADVANCED_FACE('',(#5252),#3882,.F.);
#5252 = FACE_BOUND('',#5253,.F.);
#5253 = EDGE_LOOP('',(#5254,#5255,#5256,#5277,#5278,#5279));
#5254 = ORIENTED_EDGE('',*,*,#3868,.T.);
#5255 = ORIENTED_EDGE('',*,*,#3998,.T.);
#5256 = ORIENTED_EDGE('',*,*,#5257,.T.);
#5257 = EDGE_CURVE('',#3971,#4076,#5258,.T.);
#5258 = SURFACE_CURVE('',#5259,(#5263,#5270),.PCURVE_S1.);
#5259 = LINE('',#5260,#5261);
#5260 = CARTESIAN_POINT('',(94.163979518966,-63.60320323027,48.8));
#5261 = VECTOR('',#5262,1.);
#5262 = DIRECTION('',(0.5,0.866025403784,0.));
#5263 = PCURVE('',#3882,#5264);
#5264 = DEFINITIONAL_REPRESENTATION('',(#5265),#5269);
#5265 = LINE('',#5266,#5267);
#5266 = CARTESIAN_POINT('',(0.,-48.8));
#5267 = VECTOR('',#5268,1.);
#5268 = DIRECTION('',(1.,0.));
#5269 = ( GEOMETRIC_REPRESENTATION_CONTEXT(2) 
PARAMETRIC_REPRESENTATION_CONTEXT() REPRESENTATION_CONTEXT('2D SPACE',''
  ) );
#5270 = PCURVE('',#3986,#5271);
#5271 = DEFINITIONAL_REPRESENTATION('',(#5272),#5276);
#5272 = LINE('',#5273,#5274);
#5273 = CARTESIAN_POINT('',(0.763139720814,-9.678203230276));
#5274 = VECTOR('',#5275,1.);
#5275 = DIRECTION('',(0.5,0.866025403784));
#5276 = ( GEOMETRIC_REPRESENTATION_CONTEXT(2) 
PARAMETRIC_REPRESENTATION_CONTEXT() REPRESENTATION_CONTEXT('2D SPACE',''
  ) );
#5277 = ORIENTED_EDGE('',*,*,#4075,.F.);
#5278 = ORIENTED_EDGE('',*,*,#3920,.F.);
#5279 = ORIENTED_EDGE('',*,*,#4381,.F.);
#5280 = ADVANCED_FACE('',(#5281,#5287),#3986,.T.);
#5281 = FACE_BOUND('',#5282,.T.);
#5282 = EDGE_LOOP('',(#5283,#5284,#5285,#5286));
#5283 = ORIENTED_EDGE('',*,*,#3970,.T.);
#5284 = ORIENTED_EDGE('',*,*,#5257,.T.);
#5285 = ORIENTED_EDGE('',*,*,#4098,.T.);
#5286 = ORIENTED_EDGE('',*,*,#4357,.T.);
#5287 = FACE_BOUND('',#5288,.T.);
#5288 = EDGE_LOOP('',(#5289));
#5289 = ORIENTED_EDGE('',*,*,#5290,.F.);
#5290 = EDGE_CURVE('',#5291,#5291,#5293,.T.);
#5291 = VERTEX_POINT('',#5292);
#5292 = CARTESIAN_POINT('',(95.400839798152,-53.925,48.8));
#5293 = SURFACE_CURVE('',#5294,(#5299,#5306),.PCURVE_S1.);
#5294 = CIRCLE('',#5295,2.);
#5295 = AXIS2_PLACEMENT_3D('',#5296,#5297,#5298);
#5296 = CARTESIAN_POINT('',(93.400839798152,-53.925,48.8));
#5297 = DIRECTION('',(0.,0.,1.));
#5298 = DIRECTION('',(1.,0.,-0.));
#5299 = PCURVE('',#3986,#5300);
#5300 = DEFINITIONAL_REPRESENTATION('',(#5301),#5305);
#5301 = CIRCLE('',#5302,2.);
#5302 = AXIS2_PLACEMENT_2D('',#5303,#5304);
#5303 = CARTESIAN_POINT('',(1.42108547152E-14,-7.105427357601E-15));
#5304 = DIRECTION('',(1.,0.));
#5305 = ( GEOMETRIC_REPRESENTATION_CONTEXT(2) 
PARAMETRIC_REPRESENTATION_CONTEXT() REPRESENTATION_CONTEXT('2D SPACE',''
  ) );
#5306 = PCURVE('',#5307,#5312);
#5307 = CYLINDRICAL_SURFACE('',#5308,2.);
#5308 = AXIS2_PLACEMENT_3D('',#5309,#5310,#5311);
#5309 = CARTESIAN_POINT('',(93.400839798152,-53.925,41.5));
#5310 = DIRECTION('',(0.,0.,1.));
#5311 = DIRECTION('',(1.,0.,-0.));
#5312 = DEFINITIONAL_REPRESENTATION('',(#5313),#5317);
#5313 = LINE('',#5314,#5315);
#5314 = CARTESIAN_POINT('',(0.,7.3));
#5315 = VECTOR('',#5316,1.);
#5316 = DIRECTION('',(1.,0.));
#5317 = ( GEOMETRIC_REPRESENTATION_CONTEXT(2) 
PARAMETRIC_REPRESENTATION_CONTEXT() REPRESENTATION_CONTEXT('2D SPACE',''
  ) );
#5318 = ADVANCED_FACE('',(#5319),#4472,.F.);
#5319 = FACE_BOUND('',#5320,.F.);
#5320 = EDGE_LOOP('',(#5321,#5344,#5371,#5372));
#5321 = ORIENTED_EDGE('',*,*,#5322,.T.);
#5322 = EDGE_CURVE('',#4456,#5323,#5325,.T.);
#5323 = VERTEX_POINT('',#5324);
#5324 = CARTESIAN_POINT('',(-53.39231766592,-33.02,13.5));
#5325 = SEAM_CURVE('',#5326,(#5330,#5337),.PCURVE_S1.);
#5326 = LINE('',#5327,#5328);
#5327 = CARTESIAN_POINT('',(-53.39231766592,-33.02,-1.));
#5328 = VECTOR('',#5329,1.);
#5329 = DIRECTION('',(0.,0.,1.));
#5330 = PCURVE('',#4472,#5331);
#5331 = DEFINITIONAL_REPRESENTATION('',(#5332),#5336);
#5332 = LINE('',#5333,#5334);
#5333 = CARTESIAN_POINT('',(6.28318530718,-0.));
#5334 = VECTOR('',#5335,1.);
#5335 = DIRECTION('',(0.,1.));
#5336 = ( GEOMETRIC_REPRESENTATION_CONTEXT(2) 
PARAMETRIC_REPRESENTATION_CONTEXT() REPRESENTATION_CONTEXT('2D SPACE',''
  ) );
#5337 = PCURVE('',#4472,#5338);
#5338 = DEFINITIONAL_REPRESENTATION('',(#5339),#5343);
#5339 = LINE('',#5340,#5341);
#5340 = CARTESIAN_POINT('',(0.,-0.));
#5341 = VECTOR('',#5342,1.);
#5342 = DIRECTION('',(0.,1.));
#5343 = ( GEOMETRIC_REPRESENTATION_CONTEXT(2) 
PARAMETRIC_REPRESENTATION_CONTEXT() REPRESENTATION_CONTEXT('2D SPACE',''
  ) );
#5344 = ORIENTED_EDGE('',*,*,#5345,.F.);
#5345 = EDGE_CURVE('',#5323,#5323,#5346,.T.);
#5346 = SURFACE_CURVE('',#5347,(#5352,#5359),.PCURVE_S1.);
#5347 = CIRCLE('',#5348,3.8);
#5348 = AXIS2_PLACEMENT_3D('',#5349,#5350,#5351);
#5349 = CARTESIAN_POINT('',(-57.19231766592,-33.02,13.5));
#5350 = DIRECTION('',(0.,0.,1.));
#5351 = DIRECTION('',(1.,0.,-0.));
#5352 = PCURVE('',#4472,#5353);
#5353 = DEFINITIONAL_REPRESENTATION('',(#5354),#5358);
#5354 = LINE('',#5355,#5356);
#5355 = CARTESIAN_POINT('',(0.,14.5));
#5356 = VECTOR('',#5357,1.);
#5357 = DIRECTION('',(1.,0.));
#5358 = ( GEOMETRIC_REPRESENTATION_CONTEXT(2) 
PARAMETRIC_REPRESENTATION_CONTEXT() REPRESENTATION_CONTEXT('2D SPACE',''
  ) );
#5359 = PCURVE('',#5360,#5365);
#5360 = PLANE('',#5361);
#5361 = AXIS2_PLACEMENT_3D('',#5362,#5363,#5364);
#5362 = CARTESIAN_POINT('',(-57.19231766592,-33.02,13.5));
#5363 = DIRECTION('',(0.,0.,1.));
#5364 = DIRECTION('',(1.,0.,-0.));
#5365 = DEFINITIONAL_REPRESENTATION('',(#5366),#5370);
#5366 = CIRCLE('',#5367,3.8);
#5367 = AXIS2_PLACEMENT_2D('',#5368,#5369);
#5368 = CARTESIAN_POINT('',(0.,0.));
#5369 = DIRECTION('',(1.,0.));
#5370 = ( GEOMETRIC_REPRESENTATION_CONTEXT(2) 
PARAMETRIC_REPRESENTATION_CONTEXT() REPRESENTATION_CONTEXT('2D SPACE',''
  ) );
#5371 = ORIENTED_EDGE('',*,*,#5322,.F.);
#5372 = ORIENTED_EDGE('',*,*,#4455,.T.);
#5373 = ADVANCED_FACE('',(#5374),#4506,.F.);
#5374 = FACE_BOUND('',#5375,.F.);
#5375 = EDGE_LOOP('',(#5376,#5399,#5426,#5427));
#5376 = ORIENTED_EDGE('',*,*,#5377,.T.);
#5377 = EDGE_CURVE('',#4490,#5378,#5380,.T.);
#5378 = VERTEX_POINT('',#5379);
#5379 = CARTESIAN_POINT('',(60.992317665924,-33.02,13.5));
#5380 = SEAM_CURVE('',#5381,(#5385,#5392),.PCURVE_S1.);
#5381 = LINE('',#5382,#5383);
#5382 = CARTESIAN_POINT('',(60.992317665924,-33.02,-1.));
#5383 = VECTOR('',#5384,1.);
#5384 = DIRECTION('',(0.,0.,1.));
#5385 = PCURVE('',#4506,#5386);
#5386 = DEFINITIONAL_REPRESENTATION('',(#5387),#5391);
#5387 = LINE('',#5388,#5389);
#5388 = CARTESIAN_POINT('',(6.28318530718,-0.));
#5389 = VECTOR('',#5390,1.);
#5390 = DIRECTION('',(0.,1.));
#5391 = ( GEOMETRIC_REPRESENTATION_CONTEXT(2) 
PARAMETRIC_REPRESENTATION_CONTEXT() REPRESENTATION_CONTEXT('2D SPACE',''
  ) );
#5392 = PCURVE('',#4506,#5393);
#5393 = DEFINITIONAL_REPRESENTATION('',(#5394),#5398);
#5394 = LINE('',#5395,#5396);
#5395 = CARTESIAN_POINT('',(0.,-0.));
#5396 = VECTOR('',#5397,1.);
#5397 = DIRECTION('',(0.,1.));
#5398 = ( GEOMETRIC_REPRESENTATION_CONTEXT(2) 
PARAMETRIC_REPRESENTATION_CONTEXT() REPRESENTATION_CONTEXT('2D SPACE',''
  ) );
#5399 = ORIENTED_EDGE('',*,*,#5400,.F.);
#5400 = EDGE_CURVE('',#5378,#5378,#5401,.T.);
#5401 = SURFACE_CURVE('',#5402,(#5407,#5414),.PCURVE_S1.);
#5402 = CIRCLE('',#5403,3.8);
#5403 = AXIS2_PLACEMENT_3D('',#5404,#5405,#5406);
#5404 = CARTESIAN_POINT('',(57.192317665924,-33.02,13.5));
#5405 = DIRECTION('',(0.,0.,1.));
#5406 = DIRECTION('',(1.,0.,-0.));
#5407 = PCURVE('',#4506,#5408);
#5408 = DEFINITIONAL_REPRESENTATION('',(#5409),#5413);
#5409 = LINE('',#5410,#5411);
#5410 = CARTESIAN_POINT('',(0.,14.5));
#5411 = VECTOR('',#5412,1.);
#5412 = DIRECTION('',(1.,0.));
#5413 = ( GEOMETRIC_REPRESENTATION_CONTEXT(2) 
PARAMETRIC_REPRESENTATION_CONTEXT() REPRESENTATION_CONTEXT('2D SPACE',''
  ) );
#5414 = PCURVE('',#5415,#5420);
#5415 = PLANE('',#5416);
#5416 = AXIS2_PLACEMENT_3D('',#5417,#5418,#5419);
#5417 = CARTESIAN_POINT('',(57.192317665924,-33.02,13.5));
#5418 = DIRECTION('',(0.,0.,1.));
#5419 = DIRECTION('',(1.,0.,-0.));
#5420 = DEFINITIONAL_REPRESENTATION('',(#5421),#5425);
#5421 = CIRCLE('',#5422,3.8);
#5422 = AXIS2_PLACEMENT_2D('',#5423,#5424);
#5423 = CARTESIAN_POINT('',(0.,0.));
#5424 = DIRECTION('',(1.,0.));
#5425 = ( GEOMETRIC_REPRESENTATION_CONTEXT(2) 
PARAMETRIC_REPRESENTATION_CONTEXT() REPRESENTATION_CONTEXT('2D SPACE',''
  ) );
#5426 = ORIENTED_EDGE('',*,*,#5377,.F.);
#5427 = ORIENTED_EDGE('',*,*,#4489,.T.);
#5428 = ADVANCED_FACE('',(#5429),#4543,.F.);
#5429 = FACE_BOUND('',#5430,.F.);
#5430 = EDGE_LOOP('',(#5431,#5454,#5481,#5482));
#5431 = ORIENTED_EDGE('',*,*,#5432,.T.);
#5432 = EDGE_CURVE('',#4527,#5433,#5435,.T.);
#5433 = VERTEX_POINT('',#5434);
#5434 = CARTESIAN_POINT('',(3.8,66.04,13.5));
#5435 = SEAM_CURVE('',#5436,(#5440,#5447),.PCURVE_S1.);
#5436 = LINE('',#5437,#5438);
#5437 = CARTESIAN_POINT('',(3.8,66.04,-1.));
#5438 = VECTOR('',#5439,1.);
#5439 = DIRECTION('',(0.,0.,1.));
#5440 = PCURVE('',#4543,#5441);
#5441 = DEFINITIONAL_REPRESENTATION('',(#5442),#5446);
#5442 = LINE('',#5443,#5444);
#5443 = CARTESIAN_POINT('',(6.28318530718,-0.));
#5444 = VECTOR('',#5445,1.);
#5445 = DIRECTION('',(0.,1.));
#5446 = ( GEOMETRIC_REPRESENTATION_CONTEXT(2) 
PARAMETRIC_REPRESENTATION_CONTEXT() REPRESENTATION_CONTEXT('2D SPACE',''
  ) );
#5447 = PCURVE('',#4543,#5448);
#5448 = DEFINITIONAL_REPRESENTATION('',(#5449),#5453);
#5449 = LINE('',#5450,#5451);
#5450 = CARTESIAN_POINT('',(0.,-0.));
#5451 = VECTOR('',#5452,1.);
#5452 = DIRECTION('',(0.,1.));
#5453 = ( GEOMETRIC_REPRESENTATION_CONTEXT(2) 
PARAMETRIC_REPRESENTATION_CONTEXT() REPRESENTATION_CONTEXT('2D SPACE',''
  ) );
#5454 = ORIENTED_EDGE('',*,*,#5455,.F.);
#5455 = EDGE_CURVE('',#5433,#5433,#5456,.T.);
#5456 = SURFACE_CURVE('',#5457,(#5462,#5469),.PCURVE_S1.);
#5457 = CIRCLE('',#5458,3.8);
#5458 = AXIS2_PLACEMENT_3D('',#5459,#5460,#5461);
#5459 = CARTESIAN_POINT('',(4.043783730785E-15,66.04,13.5));
#5460 = DIRECTION('',(0.,0.,1.));
#5461 = DIRECTION('',(1.,0.,-0.));
#5462 = PCURVE('',#4543,#5463);
#5463 = DEFINITIONAL_REPRESENTATION('',(#5464),#5468);
#5464 = LINE('',#5465,#5466);
#5465 = CARTESIAN_POINT('',(0.,14.5));
#5466 = VECTOR('',#5467,1.);
#5467 = DIRECTION('',(1.,0.));
#5468 = ( GEOMETRIC_REPRESENTATION_CONTEXT(2) 
PARAMETRIC_REPRESENTATION_CONTEXT() REPRESENTATION_CONTEXT('2D SPACE',''
  ) );
#5469 = PCURVE('',#5470,#5475);
#5470 = PLANE('',#5471);
#5471 = AXIS2_PLACEMENT_3D('',#5472,#5473,#5474);
#5472 = CARTESIAN_POINT('',(4.043783730785E-15,66.04,13.5));
#5473 = DIRECTION('',(0.,0.,1.));
#5474 = DIRECTION('',(1.,0.,-0.));
#5475 = DEFINITIONAL_REPRESENTATION('',(#5476),#5480);
#5476 = CIRCLE('',#5477,3.8);
#5477 = AXIS2_PLACEMENT_2D('',#5478,#5479);
#5478 = CARTESIAN_POINT('',(0.,0.));
#5479 = DIRECTION('',(1.,0.));
#5480 = ( GEOMETRIC_REPRESENTATION_CONTEXT(2) 
PARAMETRIC_REPRESENTATION_CONTEXT() REPRESENTATION_CONTEXT('2D SPACE',''
  ) );
#5481 = ORIENTED_EDGE('',*,*,#5432,.F.);
#5482 = ORIENTED_EDGE('',*,*,#4526,.T.);
#5483 = ADVANCED_FACE('',(#5484),#4660,.T.);
#5484 = FACE_BOUND('',#5485,.T.);
#5485 = EDGE_LOOP('',(#5486,#5487,#5488,#5489));
#5486 = ORIENTED_EDGE('',*,*,#5072,.F.);
#5487 = ORIENTED_EDGE('',*,*,#4920,.T.);
#5488 = ORIENTED_EDGE('',*,*,#4644,.T.);
#5489 = ORIENTED_EDGE('',*,*,#5203,.T.);
#5490 = ADVANCED_FACE('',(#5491),#4742,.F.);
#5491 = FACE_BOUND('',#5492,.F.);
#5492 = EDGE_LOOP('',(#5493,#5494,#5517,#5544));
#5493 = ORIENTED_EDGE('',*,*,#4725,.F.);
#5494 = ORIENTED_EDGE('',*,*,#5495,.F.);
#5495 = EDGE_CURVE('',#5496,#4726,#5498,.T.);
#5496 = VERTEX_POINT('',#5497);
#5497 = CARTESIAN_POINT('',(-91.40083979815,-53.925,41.5));
#5498 = SEAM_CURVE('',#5499,(#5503,#5510),.PCURVE_S1.);
#5499 = LINE('',#5500,#5501);
#5500 = CARTESIAN_POINT('',(-91.40083979815,-53.925,41.5));
#5501 = VECTOR('',#5502,1.);
#5502 = DIRECTION('',(0.,0.,1.));
#5503 = PCURVE('',#4742,#5504);
#5504 = DEFINITIONAL_REPRESENTATION('',(#5505),#5509);
#5505 = LINE('',#5506,#5507);
#5506 = CARTESIAN_POINT('',(6.28318530718,-0.));
#5507 = VECTOR('',#5508,1.);
#5508 = DIRECTION('',(0.,1.));
#5509 = ( GEOMETRIC_REPRESENTATION_CONTEXT(2) 
PARAMETRIC_REPRESENTATION_CONTEXT() REPRESENTATION_CONTEXT('2D SPACE',''
  ) );
#5510 = PCURVE('',#4742,#5511);
#5511 = DEFINITIONAL_REPRESENTATION('',(#5512),#5516);
#5512 = LINE('',#5513,#5514);
#5513 = CARTESIAN_POINT('',(0.,-0.));
#5514 = VECTOR('',#5515,1.);
#5515 = DIRECTION('',(0.,1.));
#5516 = ( GEOMETRIC_REPRESENTATION_CONTEXT(2) 
PARAMETRIC_REPRESENTATION_CONTEXT() REPRESENTATION_CONTEXT('2D SPACE',''
  ) );
#5517 = ORIENTED_EDGE('',*,*,#5518,.T.);
#5518 = EDGE_CURVE('',#5496,#5496,#5519,.T.);
#5519 = SURFACE_CURVE('',#5520,(#5525,#5532),.PCURVE_S1.);
#5520 = CIRCLE('',#5521,2.);
#5521 = AXIS2_PLACEMENT_3D('',#5522,#5523,#5524);
#5522 = CARTESIAN_POINT('',(-93.40083979815,-53.925,41.5));
#5523 = DIRECTION('',(0.,0.,1.));
#5524 = DIRECTION('',(1.,0.,-0.));
#5525 = PCURVE('',#4742,#5526);
#5526 = DEFINITIONAL_REPRESENTATION('',(#5527),#5531);
#5527 = LINE('',#5528,#5529);
#5528 = CARTESIAN_POINT('',(0.,0.));
#5529 = VECTOR('',#5530,1.);
#5530 = DIRECTION('',(1.,0.));
#5531 = ( GEOMETRIC_REPRESENTATION_CONTEXT(2) 
PARAMETRIC_REPRESENTATION_CONTEXT() REPRESENTATION_CONTEXT('2D SPACE',''
  ) );
#5532 = PCURVE('',#5533,#5538);
#5533 = PLANE('',#5534);
#5534 = AXIS2_PLACEMENT_3D('',#5535,#5536,#5537);
#5535 = CARTESIAN_POINT('',(-93.40083979815,-53.925,41.5));
#5536 = DIRECTION('',(0.,0.,1.));
#5537 = DIRECTION('',(1.,0.,-0.));
#5538 = DEFINITIONAL_REPRESENTATION('',(#5539),#5543);
#5539 = CIRCLE('',#5540,2.);
#5540 = AXIS2_PLACEMENT_2D('',#5541,#5542);
#5541 = CARTESIAN_POINT('',(0.,0.));
#5542 = DIRECTION('',(1.,0.));
#5543 = ( GEOMETRIC_REPRESENTATION_CONTEXT(2) 
PARAMETRIC_REPRESENTATION_CONTEXT() REPRESENTATION_CONTEXT('2D SPACE',''
  ) );
#5544 = ORIENTED_EDGE('',*,*,#5495,.T.);
#5545 = ADVANCED_FACE('',(#5546),#4798,.T.);
#5546 = FACE_BOUND('',#5547,.T.);
#5547 = EDGE_LOOP('',(#5548,#5549,#5550,#5551));
#5548 = ORIENTED_EDGE('',*,*,#5174,.F.);
#5549 = ORIENTED_EDGE('',*,*,#5230,.T.);
#5550 = ORIENTED_EDGE('',*,*,#4782,.T.);
#5551 = ORIENTED_EDGE('',*,*,#4971,.T.);
#5552 = ADVANCED_FACE('',(#5553),#4880,.F.);
#5553 = FACE_BOUND('',#5554,.F.);
#5554 = EDGE_LOOP('',(#5555,#5556,#5579,#5606));
#5555 = ORIENTED_EDGE('',*,*,#4863,.F.);
#5556 = ORIENTED_EDGE('',*,*,#5557,.F.);
#5557 = EDGE_CURVE('',#5558,#4864,#5560,.T.);
#5558 = VERTEX_POINT('',#5559);
#5559 = CARTESIAN_POINT('',(2.,107.85,41.5));
#5560 = SEAM_CURVE('',#5561,(#5565,#5572),.PCURVE_S1.);
#5561 = LINE('',#5562,#5563);
#5562 = CARTESIAN_POINT('',(2.,107.85,41.5));
#5563 = VECTOR('',#5564,1.);
#5564 = DIRECTION('',(0.,0.,1.));
#5565 = PCURVE('',#4880,#5566);
#5566 = DEFINITIONAL_REPRESENTATION('',(#5567),#5571);
#5567 = LINE('',#5568,#5569);
#5568 = CARTESIAN_POINT('',(6.28318530718,-0.));
#5569 = VECTOR('',#5570,1.);
#5570 = DIRECTION('',(0.,1.));
#5571 = ( GEOMETRIC_REPRESENTATION_CONTEXT(2) 
PARAMETRIC_REPRESENTATION_CONTEXT() REPRESENTATION_CONTEXT('2D SPACE',''
  ) );
#5572 = PCURVE('',#4880,#5573);
#5573 = DEFINITIONAL_REPRESENTATION('',(#5574),#5578);
#5574 = LINE('',#5575,#5576);
#5575 = CARTESIAN_POINT('',(0.,-0.));
#5576 = VECTOR('',#5577,1.);
#5577 = DIRECTION('',(0.,1.));
#5578 = ( GEOMETRIC_REPRESENTATION_CONTEXT(2) 
PARAMETRIC_REPRESENTATION_CONTEXT() REPRESENTATION_CONTEXT('2D SPACE',''
  ) );
#5579 = ORIENTED_EDGE('',*,*,#5580,.T.);
#5580 = EDGE_CURVE('',#5558,#5558,#5581,.T.);
#5581 = SURFACE_CURVE('',#5582,(#5587,#5594),.PCURVE_S1.);
#5582 = CIRCLE('',#5583,2.);
#5583 = AXIS2_PLACEMENT_3D('',#5584,#5585,#5586);
#5584 = CARTESIAN_POINT('',(6.603907864402E-15,107.85,41.5));
#5585 = DIRECTION('',(0.,0.,1.));
#5586 = DIRECTION('',(1.,0.,-0.));
#5587 = PCURVE('',#4880,#5588);
#5588 = DEFINITIONAL_REPRESENTATION('',(#5589),#5593);
#5589 = LINE('',#5590,#5591);
#5590 = CARTESIAN_POINT('',(0.,0.));
#5591 = VECTOR('',#5592,1.);
#5592 = DIRECTION('',(1.,0.));
#5593 = ( GEOMETRIC_REPRESENTATION_CONTEXT(2) 
PARAMETRIC_REPRESENTATION_CONTEXT() REPRESENTATION_CONTEXT('2D SPACE',''
  ) );
#5594 = PCURVE('',#5595,#5600);
#5595 = PLANE('',#5596);
#5596 = AXIS2_PLACEMENT_3D('',#5597,#5598,#5599);
#5597 = CARTESIAN_POINT('',(6.603907864402E-15,107.85,41.5));
#5598 = DIRECTION('',(0.,0.,1.));
#5599 = DIRECTION('',(1.,0.,-0.));
#5600 = DEFINITIONAL_REPRESENTATION('',(#5601),#5605);
#5601 = CIRCLE('',#5602,2.);
#5602 = AXIS2_PLACEMENT_2D('',#5603,#5604);
#5603 = CARTESIAN_POINT('',(0.,0.));
#5604 = DIRECTION('',(1.,0.));
#5605 = ( GEOMETRIC_REPRESENTATION_CONTEXT(2) 
PARAMETRIC_REPRESENTATION_CONTEXT() REPRESENTATION_CONTEXT('2D SPACE',''
  ) );
#5606 = ORIENTED_EDGE('',*,*,#5557,.T.);
#5607 = ADVANCED_FACE('',(#5608),#5057,.T.);
#5608 = FACE_BOUND('',#5609,.T.);
#5609 = EDGE_LOOP('',(#5610));
#5610 = ORIENTED_EDGE('',*,*,#5042,.T.);
#5611 = ADVANCED_FACE('',(#5612),#5137,.T.);
#5612 = FACE_BOUND('',#5613,.T.);
#5613 = EDGE_LOOP('',(#5614));
#5614 = ORIENTED_EDGE('',*,*,#5122,.T.);
#5615 = ADVANCED_FACE('',(#5616),#5307,.F.);
#5616 = FACE_BOUND('',#5617,.F.);
#5617 = EDGE_LOOP('',(#5618,#5619,#5642,#5669));
#5618 = ORIENTED_EDGE('',*,*,#5290,.F.);
#5619 = ORIENTED_EDGE('',*,*,#5620,.F.);
#5620 = EDGE_CURVE('',#5621,#5291,#5623,.T.);
#5621 = VERTEX_POINT('',#5622);
#5622 = CARTESIAN_POINT('',(95.400839798152,-53.925,41.5));
#5623 = SEAM_CURVE('',#5624,(#5628,#5635),.PCURVE_S1.);
#5624 = LINE('',#5625,#5626);
#5625 = CARTESIAN_POINT('',(95.400839798152,-53.925,41.5));
#5626 = VECTOR('',#5627,1.);
#5627 = DIRECTION('',(0.,0.,1.));
#5628 = PCURVE('',#5307,#5629);
#5629 = DEFINITIONAL_REPRESENTATION('',(#5630),#5634);
#5630 = LINE('',#5631,#5632);
#5631 = CARTESIAN_POINT('',(6.28318530718,-0.));
#5632 = VECTOR('',#5633,1.);
#5633 = DIRECTION('',(0.,1.));
#5634 = ( GEOMETRIC_REPRESENTATION_CONTEXT(2) 
PARAMETRIC_REPRESENTATION_CONTEXT() REPRESENTATION_CONTEXT('2D SPACE',''
  ) );
#5635 = PCURVE('',#5307,#5636);
#5636 = DEFINITIONAL_REPRESENTATION('',(#5637),#5641);
#5637 = LINE('',#5638,#5639);
#5638 = CARTESIAN_POINT('',(0.,-0.));
#5639 = VECTOR('',#5640,1.);
#5640 = DIRECTION('',(0.,1.));
#5641 = ( GEOMETRIC_REPRESENTATION_CONTEXT(2) 
PARAMETRIC_REPRESENTATION_CONTEXT() REPRESENTATION_CONTEXT('2D SPACE',''
  ) );
#5642 = ORIENTED_EDGE('',*,*,#5643,.T.);
#5643 = EDGE_CURVE('',#5621,#5621,#5644,.T.);
#5644 = SURFACE_CURVE('',#5645,(#5650,#5657),.PCURVE_S1.);
#5645 = CIRCLE('',#5646,2.);
#5646 = AXIS2_PLACEMENT_3D('',#5647,#5648,#5649);
#5647 = CARTESIAN_POINT('',(93.400839798152,-53.925,41.5));
#5648 = DIRECTION('',(0.,0.,1.));
#5649 = DIRECTION('',(1.,0.,-0.));
#5650 = PCURVE('',#5307,#5651);
#5651 = DEFINITIONAL_REPRESENTATION('',(#5652),#5656);
#5652 = LINE('',#5653,#5654);
#5653 = CARTESIAN_POINT('',(0.,0.));
#5654 = VECTOR('',#5655,1.);
#5655 = DIRECTION('',(1.,0.));
#5656 = ( GEOMETRIC_REPRESENTATION_CONTEXT(2) 
PARAMETRIC_REPRESENTATION_CONTEXT() REPRESENTATION_CONTEXT('2D SPACE',''
  ) );
#5657 = PCURVE('',#5658,#5663);
#5658 = PLANE('',#5659);
#5659 = AXIS2_PLACEMENT_3D('',#5660,#5661,#5662);
#5660 = CARTESIAN_POINT('',(93.400839798152,-53.925,41.5));
#5661 = DIRECTION('',(0.,0.,1.));
#5662 = DIRECTION('',(1.,0.,-0.));
#5663 = DEFINITIONAL_REPRESENTATION('',(#5664),#5668);
#5664 = CIRCLE('',#5665,2.);
#5665 = AXIS2_PLACEMENT_2D('',#5666,#5667);
#5666 = CARTESIAN_POINT('',(0.,0.));
#5667 = DIRECTION('',(1.,0.));
#5668 = ( GEOMETRIC_REPRESENTATION_CONTEXT(2) 
PARAMETRIC_REPRESENTATION_CONTEXT() REPRESENTATION_CONTEXT('2D SPACE',''
  ) );
#5669 = ORIENTED_EDGE('',*,*,#5620,.T.);
#5670 = ADVANCED_FACE('',(#5671),#5360,.F.);
#5671 = FACE_BOUND('',#5672,.F.);
#5672 = EDGE_LOOP('',(#5673));
#5673 = ORIENTED_EDGE('',*,*,#5345,.T.);
#5674 = ADVANCED_FACE('',(#5675),#5415,.F.);
#5675 = FACE_BOUND('',#5676,.F.);
#5676 = EDGE_LOOP('',(#5677));
#5677 = ORIENTED_EDGE('',*,*,#5400,.T.);
#5678 = ADVANCED_FACE('',(#5679),#5470,.F.);
#5679 = FACE_BOUND('',#5680,.F.);
#5680 = EDGE_LOOP('',(#5681));
#5681 = ORIENTED_EDGE('',*,*,#5455,.T.);
#5682 = ADVANCED_FACE('',(#5683),#5533,.T.);
#5683 = FACE_BOUND('',#5684,.F.);
#5684 = EDGE_LOOP('',(#5685));
#5685 = ORIENTED_EDGE('',*,*,#5518,.F.);
#5686 = ADVANCED_FACE('',(#5687),#5595,.T.);
#5687 = FACE_BOUND('',#5688,.F.);
#5688 = EDGE_LOOP('',(#5689));
#5689 = ORIENTED_EDGE('',*,*,#5580,.F.);
#5690 = ADVANCED_FACE('',(#5691),#5658,.T.);
#5691 = FACE_BOUND('',#5692,.F.);
#5692 = EDGE_LOOP('',(#5693));
#5693 = ORIENTED_EDGE('',*,*,#5643,.F.);
#5694 = ( GEOMETRIC_REPRESENTATION_CONTEXT(3) 
GLOBAL_UNCERTAINTY_ASSIGNED_CONTEXT((#5698)) 
GLOBAL_UNIT_ASSIGNED_CONTEXT((#5695,#5696,#5697)) REPRESENTATION_CONTEXT
('Context #1','3D Context with UNIT and UNCERTAINTY') );
#5695 = ( LENGTH_UNIT() NAMED_UNIT(*) SI_UNIT(.MILLI.,.METRE.) );
#5696 = ( NAMED_UNIT(*) PLANE_ANGLE_UNIT() SI_UNIT($,.RADIAN.) );
#5697 = ( NAMED_UNIT(*) SI_UNIT($,.STERADIAN.) SOLID_ANGLE_UNIT() );
#5698 = UNCERTAINTY_MEASURE_WITH_UNIT(LENGTH_MEASURE(2.E-07),#5695,
  'distance_accuracy_value','confusion accuracy');
#5699 = PRODUCT_RELATED_PRODUCT_CATEGORY('part',$,(#7));
#5700 = MECHANICAL_DESIGN_GEOMETRIC_PRESENTATION_REPRESENTATION('',(
    #5701),#5694);
#5701 = STYLED_ITEM('color',(#5702),#15);
#5702 = PRESENTATION_STYLE_ASSIGNMENT((#5703));
#5703 = SURFACE_STYLE_USAGE(.BOTH.,#5704);
#5704 = SURFACE_SIDE_STYLE('',(#5705));
#5705 = SURFACE_STYLE_FILL_AREA(#5706);
#5706 = FILL_AREA_STYLE('',(#5707));
#5707 = FILL_AREA_STYLE_COLOUR('',#5708);
#5708 = COLOUR_RGB('',0.900415782862,0.736646961459,0.514231663239);
ENDSEC;
END-ISO-10303-21;
